지점,일시,평균 풍속(m/s),평균기압(hPa),평균 상대습도(%),평균 기온(°C),평균 수온(°C),평균 최대 파고(m),평균 유의 파고(m),최고 유의 파고(m),최고 최대 파고(m),평균 파주기(sec),최고 파주기(sec)
21229,2011-12-27,,,,,,,,2.2,3.7,,6.4
21229,2011-12-28,4.7,1026.7,45,8.6,13.8,2.3,1.4,2.2,3.6,5.5,9.1
21229,2011-12-29,10.3,1025.1,59,5.7,14.1,3.5,2.1,2.9,5,4.3,8
21229,2011-12-30,6.6,1028.9,54,5.2,14.4,3.3,2,2.4,4.2,5.4,9.1
21229,2011-12-31,4.2,1023.7,49,8.3,15,2.6,1.5,1.8,3,5,8
21229,2012-01-01,8.3,1017.9,67,6.6,14.5,3.2,2,4.7,7.8,4.5,7.1
21229,2012-01-02,8.6,1022.2,64,3.9,12.6,4.9,2.9,4.3,7.7,5.7,9.1
21229,2012-01-03,7,1016.2,66,5.2,13.8,2.9,1.8,2.2,3.7,4.6,8
21229,2012-01-04,11.5,1017,74,3.7,13.3,4.9,3,3.9,6.2,4.3,5.3
21229,2012-01-05,7.3,1022.9,54,5.4,13.8,3.4,2.1,2.6,4.5,5,9.1
21229,2012-01-06,8.1,1026.8,60,5.1,13.5,3.4,2.1,2.9,4.5,5,9.1
21229,2012-01-07,6.2,1032.9,54,4.6,13.4,3.1,1.9,2.4,4,5.3,9.1
21229,2012-01-08,5.2,1028.5,54,7.6,13.8,2.2,1.3,1.6,2.7,4.8,9.1
21229,2012-01-09,7,1025.5,48,7.1,13.6,2.3,1.4,1.7,2.9,3.4,7.1
21229,2012-01-10,5,1022.5,51,7.3,13.5,1.8,1.1,1.4,2.2,3.6,6.4
21229,2012-01-11,9.4,1024.7,75,2.6,13.3,5.1,3.2,4.9,7.1,4.6,7.1
21229,2012-01-12,4.5,1023.5,47,5,13.3,2.8,1.6,2.6,4.3,4.7,9.1
21229,2012-01-13,9,1020.1,60,5.7,13.6,2.8,1.7,2.1,3.7,3.6,8
21229,2012-01-14,7.5,1019.8,49,5.7,13.3,2.7,1.6,2.2,3.7,4,8
21229,2012-01-15,7.3,1019.8,61,5.7,13.2,2.6,1.7,2.1,3.4,3.9,7.1
21229,2012-01-16,6.7,1019.7,57,7.2,13,2.4,1.5,1.7,2.8,3.2,5.8
21229,2012-01-17,4,1020.5,59,8.3,12.9,1.5,.9,1.4,2.3,3,6.4
21229,2012-01-18,4.7,1021.9,64,9.1,13,1.7,1,1.5,3.1,3.2,5.8
21229,2012-01-19,10.2,1022.7,61,10.1,12.5,3.2,2,2.5,4.2,3.7,6.4
21229,2012-01-20,8.4,1022.5,55,9.3,12.5,3.3,2,2.4,4.4,3.8,7.1
21229,2012-01-21,5.5,1019.7,68,8,12.3,2.8,1.7,2.2,3.5,4,8
21229,2012-01-22,8,1016.3,69,6.3,12.4,4.9,3,4.8,8,5.1,9.1
21229,2012-01-23,8.4,1018.1,86,1.1,11.9,5.4,3.3,3.8,6.8,5.2,9.1
21229,2012-01-24,8.5,1018.8,62,.8,12.3,3.9,2.3,3,5.4,4.3,8
21229,2012-01-25,9.8,1017.5,71,.4,11.7,3.7,2.3,2.7,4.5,4.1,7.1
21229,2012-01-26,8.5,1021.6,52,3.3,11.9,3.1,1.9,2.6,4.1,3.6,7.1
21229,2012-01-27,7.5,1022,44,6,12.1,2.4,1.4,1.9,3.5,3.2,7.1
21229,2012-01-28,5.3,1024.5,62,4.6,11.9,2.8,1.7,2.5,4.2,3.6,7.1
21229,2012-01-29,6.3,1025.6,79,2.5,11.4,3.6,2.2,3.3,4.7,4,8
21229,2012-01-30,7.2,,56,2.4,11,3.3,2,2.3,4.1,4.8,9.1
21229,2012-01-31,9.6,1018.4,55,3.8,10.5,3.3,2.1,3.9,6,4.1,8
21229,2012-02-01,11.4,1016,74,-.1,9.6,5.4,3.3,4,6.9,5.4,10.7
21229,2012-02-02,10.6,1021.4,73,-1.7,9.9,5.6,3.2,3.6,7.3,5.5,9.1
21229,2012-02-03,6.4,1020.4,45,1.7,9.7,3,1.9,2.8,4,4.9,9.1
21229,2012-02-04,7.7,1022.2,45,4,9.2,3.6,2.1,3.2,5.7,4.4,8
21229,2012-02-05,2.9,1022.6,40,7,9.6,1.7,1,1.6,3,3.5,7.1
21229,2012-02-06,3.1,1014.8,49,9,10.5,.8,.5,.6,1.1,3.2,6.4
21229,2012-02-07,10.3,1009.1,61,4,10.8,3.7,2.2,3.4,6.2,3.7,8
21229,2012-02-08,10.3,1015.6,61,-.8,10.5,4.7,2.9,3.5,6,4.7,8
21229,2012-02-09,7.6,1022,49,1.5,10.1,3.5,2.1,2.7,5,4,8
21229,2012-02-10,7.7,1023,47,3.4,9.7,2.7,1.6,2,3.3,3.7,7.1
21229,2012-02-11,7.5,1024.6,50,3.6,9.7,2.7,1.7,2.1,3.4,4.2,7.1
21229,2012-02-12,5.4,1028.7,51,4.1,10,2.8,1.7,2.6,4.3,4.2,8
21229,2012-02-13,3.7,1023.2,48,8.5,10,1.3,.7,1.2,1.8,3.2,7.1
21229,2012-02-14,3.2,1018.2,58,9.2,9.7,.8,.5,.8,1.2,3,9.1
21229,2012-02-15,7.5,1020.1,63,4.5,9.5,3.5,2.1,4,6.1,4.1,9.1
21229,2012-02-16,9.3,1017.5,57,3.6,9.3,3,1.8,2,3.9,3.4,4
21229,2012-02-17,10.9,1017,59,1.4,9.1,3.9,2.4,2.8,4.4,4.1,6.4
21229,2012-02-18,6.7,1021.5,66,.8,8.8,3.3,1.9,2.2,4.3,4.3,8
21229,2012-02-19,4.5,1023.8,53,2.1,8.9,2.1,1.3,1.6,3,4.7,8
21229,2012-02-20,4.2,1024.2,42,5.9,8.9,1.4,.8,.9,1.6,3.5,5.3
21229,2012-02-21,4.9,1023.8,55,6.9,8.6,2,1.2,1.8,2.9,3.3,7.1
21229,2012-02-22,4.6,1018.2,59,8.9,8.9,1.5,1,1.3,1.9,3.3,7.1
21229,2012-02-23,8.3,1011.3,69,8.1,9.5,3,1.7,3.4,6.9,4.2,9.1
21229,2012-02-24,6.1,1020.4,54,5.2,9.2,4.2,2.6,3.8,5.6,5.4,10.7
21229,2012-02-25,6.2,1015.2,65,5.2,9.3,3.4,2.1,3,5.5,4.6,7.1
21229,2012-02-26,7.5,1021.1,63,2.7,8.6,3,1.9,2.1,3.6,4,7.1
21229,2012-02-27,4.6,1025.8,56,2.3,8.7,2.2,1.4,1.8,3,4.2,8
21229,2012-02-28,2.8,,46,5.9,9.1,1.8,1.1,1.3,2.4,4.5,9.1
21229,2012-02-29,3.6,1023.3,54,8.7,9.1,1.4,.8,1.1,1.8,3.1,4.6
21229,2012-03-01,4.1,1019.8,63,9.9,9.4,.8,.5,.6,1.1,2.6,3.4
21229,2012-03-02,7.1,1018.5,68,8.5,9.1,2.4,1.5,2.3,4,3.1,4.9
21229,2012-03-03,7.3,1026.9,69,6.5,9,3,1.8,2.3,4.5,3.9,8
21229,2012-03-04,7.7,1026.3,60,7,9.1,2.1,1.3,1.5,2.7,2.9,4.9
21229,2012-03-05,10,1014.6,74,8,9.3,3.6,2.2,3,4.8,3.9,8
21229,2012-03-06,6.3,1008.3,66,9.1,10.8,3,1.8,2.4,3.8,3.8,8
21229,2012-03-07,4.3,1016.2,58,8.7,10.9,2.4,1.4,1.7,2.9,4.7,9.1
21229,2012-03-08,4.2,1019.2,58,7.7,11.2,2.4,1.5,1.8,2.9,5.5,10.7
21229,2012-03-09,8.7,1020.3,62,7.2,12.1,3.5,2.2,2.6,4.6,4.3,9.1
21229,2012-03-10,4.6,1019.5,52,6.2,11.9,2.2,1.3,2.2,3.6,3.5,6.4
21229,2012-03-11,13,1013.7,50,5.2,10.9,4.8,2.9,4.4,8,4.4,6.4
21229,2012-03-12,8.8,1022.7,72,2,9.4,5.9,3.6,4.6,8.8,6.3,10.7
21229,2012-03-13,3.5,1024.8,43,4.4,9,2.5,1.6,2.6,4.2,4.8,9.1
21229,2012-03-14,7.5,1021.8,47,9.1,8.1,2.3,1.4,1.8,2.9,3.3,5.8
21229,2012-03-15,4.6,1028,52,6.8,9.4,2.3,1.4,2,3.3,3.9,9.1
21229,2012-03-16,6.9,1020.2,63,9.6,9.2,1.8,1.1,1.4,2.4,3.4,7.1
21229,2012-03-17,5.4,1010,84,10.7,10.2,2.1,1.2,1.4,2.6,3,4.3
21229,2012-03-18,7.3,1013.8,78,6.9,10.3,3,1.8,3.4,6.1,4.3,10.7
21229,2012-03-19,4.8,1019.1,50,5.4,10.3,3,1.7,3,5.4,4.4,8
21229,2012-03-20,4.7,1017,48,6.6,10.1,2,1.3,1.8,2.7,4,8
21229,2012-03-21,5.6,1019.8,43,8.6,10.2,1.7,1,1.6,2.8,3.3,7.1
21229,2012-03-22,6.3,1018.5,51,11.2,10.5,2.5,1.5,1.9,3.5,3.2,3.8
21229,2012-03-23,9.5,1009.6,69,8.9,10.8,3.3,2.1,3.2,5.2,4,8
21229,2012-03-24,7.3,1004.7,66,6.9,10.6,3.6,2.2,3.9,6.2,4.1,7.1
21229,2012-03-25,10.2,1012.2,51,6.7,10.6,5,3.1,4.3,7.1,4.5,8
21229,2012-03-26,7.2,1019.5,52,6.8,11.5,2.5,1.5,2.2,3.4,3.5,7.1
21229,2012-03-27,7.6,1018.5,51,11.9,10.9,2.1,1.3,1.9,3.4,2.7,4.6
21229,2012-03-28,6.4,1023.5,62,10.7,11.4,1.9,1.2,1.8,3.2,3.6,6.4
21229,2012-03-29,9.7,1020.7,69,12.7,11.8,2.6,1.5,2.4,4.2,2.9,3.8
21229,2012-03-30,9.1,1011.4,78,13.9,11.3,3.8,2.3,2.9,5.1,4.2,8
21229,2012-03-31,5.8,1011.5,55,8.2,11.2,2.6,1.6,1.9,3.3,3.8,7.1
21229,2012-04-01,7.6,1019.7,41,7,11.6,3.1,1.9,2.6,4.2,4.2,8
21229,2012-04-02,8.5,1017.4,63,11.4,11.5,2.3,1.5,2.3,3.6,3.3,5.3
21229,2012-04-03,11.6,995.9,76,9.6,11,6.8,4,7.7,13.7,4.8,9.1
21229,2012-04-04,10.2,1007.1,51,10.7,11.3,8.2,5,6.1,12.8,7.1,12.8
21229,2012-04-05,6.9,1008.2,46,10.2,11.3,4.7,2.8,3.6,6.1,6.2,10.7
21229,2012-04-06,6.8,1013.2,57,6.8,11.2,3,1.8,2.4,3.6,5.6,10.7
21229,2012-04-07,3.4,1020.7,47,6.3,11,1.7,1.1,1.4,2.2,4.3,10.7
21229,2012-04-08,7.2,1015.5,67,12.9,11,2.7,1.6,2.3,4.2,3.3,6.4
21229,2012-04-09,5.3,1018.2,72,13.9,11.4,2.7,1.7,2.6,4.3,3.9,7.1
21229,2012-04-10,4.6,1015.5,85,12.9,11.9,1.5,.9,1.1,2.1,3.3,6.4
21229,2012-04-11,6.9,1003.6,77,12,12.1,2.8,1.7,2.6,4.7,3.6,6.4
21229,2012-04-12,5.3,1007,65,12.8,12.2,2.1,1.3,1.8,2.9,3.6,7.1
21229,2012-04-13,5.9,1012.8,52,12.8,12.4,1.8,1.1,1.4,2.3,3,5.3
21229,2012-04-14,3.9,1013,72,12.7,12.8,.9,.5,.8,1.4,2.6,4.6
21229,2012-04-15,6.9,1012.2,75,13.9,13.1,1.4,.8,1,1.8,2.3,4
21229,2012-04-16,6.5,1011.4,71,13,13.5,1.5,.9,1.3,2.3,2.4,3
21229,2012-04-17,5.7,1017.1,57,12.1,12.6,1.5,.9,1.1,1.8,2.6,5.3
21229,2012-04-18,5.2,1020.3,64,12.6,12,1.5,.9,1.1,2.2,2.7,4.9
21229,2012-04-19,5.4,1022.6,73,12.9,12.2,2.2,1.3,1.6,2.8,3,5.8
21229,2012-04-20,4.9,1024.9,72,12.5,12.4,1.7,1,1.4,2.4,2.9,3.2
21229,2012-04-21,7.3,1017.4,81,13.3,12.4,2.1,1.2,1.9,3.5,2.9,5.3
21229,2012-04-22,9.8,1004.5,82,15,12.5,4.3,2.5,3.6,6.5,3.8,4.6
21229,2012-04-23,6.9,1009.8,77,15.2,12.9,2.8,1.7,2.8,4.1,4.3,8
21229,2012-04-24,2.8,1012.5,76,16.8,13.6,1.4,.9,1.1,1.8,3.4,5.8
21229,2012-04-25,5.1,1005.9,86,15.4,14,1.3,.7,1.1,1.9,2.4,2.7
21229,2012-04-26,6.3,1001.3,70,15.6,13.8,2.7,1.7,2.1,3.6,3.6,7.1
21229,2012-04-27,5.8,1012.1,71,15.6,13.8,1.7,1,1.4,2.6,3.1,5.3
21229,2012-04-28,4.7,1013.5,76,16,13.8,1.8,1.1,1.5,2.5,2.9,5.3
21229,2012-04-29,1.7,1015.3,83,15.8,13.7,1.3,.8,1.3,2.4,3.1,5.8
21229,2012-04-30,2.4,1014.7,81,16.8,14.1,.6,.3,.6,1.1,2.8,6.4
21229,2012-05-01,2.6,1011.5,83,17,14.6,.7,.4,.6,1,2.2,3.6
21229,2012-05-02,5.9,1007.2,85,16.1,14.4,1.7,1,1.6,2.8,2.7,5.3
21229,2012-05-03,9.3,1002.3,87,13.4,13.7,2.7,1.7,2.8,4.8,3.1,5.8
21229,2012-05-04,7.4,1004.7,86,13.5,13.2,3.7,2.3,3.2,4.9,4.5,8
21229,2012-05-05,5.5,1002.3,80,15.6,13.8,2.2,1.3,1.7,2.6,4.2,4.6
21229,2012-05-06,5.2,1004.7,65,16.3,14.2,1.6,1,1.4,2.4,4.4,8
21229,2012-05-07,2.8,1005.8,68,17.1,14.6,1.1,.7,.8,1.4,3.4,5.3
21229,2012-05-08,3.2,1008.1,86,15.9,14.6,1,.6,.7,1.2,2.9,5.3
21229,2012-05-09,3.6,1013.1,86,15,15.1,.7,.4,.6,1,2.5,3.2
21229,2012-05-10,6.4,1018,72,13.6,14.6,1.6,.9,1.2,2.1,2.6,3
21229,2012-05-11,6.1,1019.2,66,12,14.5,2.4,1.5,2.3,3.2,4,7.1
21229,2012-05-12,3.2,1017,65,12.9,15.3,3,1.9,2.2,3.9,5.3,9.1
21229,2012-05-13,6.2,1013.4,73,16,15.4,2.2,1.3,1.6,3,4.4,5.3
21229,2012-05-14,4.8,1011,83,16.8,15.7,1.4,.8,1.1,2,3,4.3
21229,2012-05-15,3.4,1004.2,81,17,16.2,1.1,.7,.9,1.4,2.8,5.3
21229,2012-05-16,5,1003.3,69,18.3,16.5,.9,.5,.7,1.2,2.3,4
21229,2012-05-17,6.7,1002.5,73,16.6,16.2,1.6,1,1.3,2.6,2.9,6.4
21229,2012-05-18,5.7,1012.6,69,17.4,16.4,1.1,.6,.9,1.5,2.7,3.4
21229,2012-05-19,5.2,1015.6,76,18.4,16.7,.9,.5,.7,1.3,2.2,4
21229,2012-05-20,4.2,1016.3,81,18.1,17.1,.8,.5,.7,1.1,2.2,2.5
21229,2012-05-21,3.9,1018.8,77,18.3,17.5,.7,.4,.5,1,2.4,4.6
21229,2012-05-22,4,1015.9,66,18.8,17.8,.7,.3,.4,.8,2.3,4
21229,2012-05-23,3,1011.2,77,18.9,18,.6,.3,.4,.7,2.6,5.3
21229,2012-05-24,3.1,1009.8,81,19.1,17.9,.8,.4,.6,1,2.2,3.6
21229,2012-05-25,2.7,1008.7,82,19.7,18.4,.7,.4,.7,1,3,5.8
21229,2012-05-26,2.4,1009.3,77,20.4,18.4,1,.6,1,1.6,2.8,5.3
21229,2012-05-27,2.9,1010.7,75,20,18.4,.7,.4,.6,1.1,2.2,4
21229,2012-05-28,5.6,1018.2,69,17.3,18,1.9,1.1,1.5,2.4,3.4,8
21229,2012-05-29,4.8,1020.2,72,17.7,18,1.9,1.2,1.4,2.5,4.3,8
21229,2012-05-30,4,1021.1,68,18.2,17.9,1.3,.8,.9,1.6,3.4,6.4
21229,2012-05-31,3,1019.3,67,18.2,18.2,1,.6,.8,1.2,2.7,4.9
21229,2012-06-01,3,1017.3,68,18.7,18.6,.7,.4,.5,.9,2.6,4.9
21229,2012-06-02,3.9,1016.2,70,18.9,18.3,.9,.5,.7,1.4,2.3,4.6
21229,2012-06-03,2.7,1014,71,19.1,19,1,.6,.7,1.2,3.3,5.3
21229,2012-06-04,5.3,1011.9,81,20,18.8,1,.6,.8,1.3,2.7,4.9
21229,2012-06-05,4.2,1005.8,82,21.2,19.3,1.1,.7,.9,1.7,2.3,4.6
21229,2012-06-06,4.1,1003.4,75,21.1,19.4,1,.6,.8,1.4,2.6,5.3
21229,2012-06-07,3.9,1005.9,81,21.3,19.5,.6,.4,.6,1.1,2.4,4.3
21229,2012-06-08,4.3,1002.9,83,21.3,19.9,1.3,.8,1.2,1.8,3.1,5.3
21229,2012-06-09,5.5,1001.9,82,20.9,19.6,1.4,.9,1.2,2,3.2,7.1
21229,2012-06-10,3.3,1003.7,77,20.6,20,1.2,.7,.9,1.5,3.4,5.8
21229,2012-06-11,5,1002.8,74,21.1,20.3,1.3,.7,.9,1.8,2.8,3.4
21229,2012-06-12,5.3,1002.5,79,21,20.4,1.8,1.1,1.7,2.9,3.2,4
21229,2012-06-13,7.3,1008.7,80,20.1,20.3,3.1,1.9,2.1,3.9,4.3,8
21229,2012-06-14,5.5,1014.7,81,20.6,20.3,2.2,1.4,2,3.2,4.1,8
21229,2012-06-15,4.8,1012.6,81,21.7,20.5,1.7,1,1.1,2.1,3,3.8
21229,2012-06-16,5.8,1006.5,81,21.2,20.3,1.9,1.1,1.4,2.5,3,3.8
21229,2012-06-17,3.1,1009.9,82,22,20.8,1.5,.9,1.3,2.1,3.7,6.4
21229,2012-06-18,4.6,1008.3,84,22.5,20.7,1.3,.8,1.5,3,2.7,4.9
21229,2012-06-19,7.6,1001.2,84,21.2,20.6,2.3,1.4,2,3.7,3.5,5.8
21229,2012-06-20,6.8,1005.1,77,21,20.5,3.4,2.1,2.6,4.1,4.6,8
21229,2012-06-21,4.6,1008.9,75,21.1,20.5,2.2,1.4,1.7,2.7,4.9,8
21229,2012-06-22,3.1,1010.9,71,21.2,20.7,1.9,1.1,1.3,2.4,4.8,8
21229,2012-06-23,5.2,1010,77,21.8,20.9,1.5,.9,1,1.7,3.7,7.1
21229,2012-06-24,5.8,1008.8,75,21.9,20.9,1.6,.9,1.5,2.7,2.7,4.9
21229,2012-06-25,7.3,1011.7,70,21.3,21,2.5,1.5,1.7,3.1,3.5,6.4
21229,2012-06-26,6.3,1014.8,70,20.5,20.7,2,1.3,1.5,2.5,3.1,6.4
21229,2012-06-27,5.6,1015.3,76,20.6,20.9,1.5,.9,1.1,2,3,6.4
21229,2012-06-28,5.5,1013.9,82,21.5,21,1.2,.7,.8,1.5,2.4,5.3
21229,2012-06-29,3.4,1011.6,79,22.3,21.3,.8,.5,.7,1.1,2.3,4
21229,2012-06-30,9.6,1003.2,87,23.4,21.1,2.6,1.5,2.4,4.2,2.8,4
21229,2012-07-01,3.7,1003,82,22.5,21.2,2,1.2,1.8,3.2,3.6,7.1
21229,2012-07-02,3,1001.9,85,23.5,21.8,1.2,.7,1,1.7,3.5,7.1
21229,2012-07-03,2,999.8,85,23.5,21.9,1,.6,.7,1.3,3.5,6.4
21229,2012-07-04,4.5,1002.3,87,24,22,1.5,.9,1.2,2.1,3.3,5.8
21229,2012-07-05,3.6,1005.3,82,24.6,22.5,1.5,.9,1.2,2.3,3.1,6.4
21229,2012-07-06,7.2,999.3,86,23.4,22.3,2,1.2,2,3.5,3.6,7.1
21229,2012-07-07,6.4,1003.4,75,22.3,21.8,2.2,1.3,1.5,2.7,3.8,7.1
21229,2012-07-08,2.4,1006.6,67,22.7,22.2,1.6,1,1.3,2.2,4.2,7.1
21229,2012-07-09,4.7,1007.4,76,23.2,22.2,1,.6,.8,1.3,3,5.8
21229,2012-07-10,4.8,1007.2,82,23.6,22.4,.9,.5,.8,1.4,2.2,3.8
21229,2012-07-11,7.7,998,84,24.5,22.2,2.3,1.4,2.4,4.1,2.8,3.8
21229,2012-07-12,3,999.5,85,23.9,22.7,2.4,1.4,2.2,4.9,3.7,7.1
21229,2012-07-13,4.4,1002,88,23.6,22.5,2.9,1.7,2.2,3.7,5.4,10.7
21229,2012-07-14,2,1003,91,23.6,22.5,3,1.9,2.1,3.5,5.8,10.7
21229,2012-07-15,5.3,1002.9,89,23.9,22.4,2.5,1.5,1.8,3.3,4.4,9.1
21229,2012-07-16,5,1009.7,85,22.7,22.6,1.7,1.1,1.6,2.8,3.3,5.8
21229,2012-07-17,2.1,1014.5,86,22.9,22.7,.8,.5,.7,1.1,3.2,4.9
21229,2012-07-18,4.2,1012.7,91,23.4,22.3,.8,.5,.7,1.2,2.5,4.9
21229,2012-07-19,6.8,1007.5,87,25.1,22.7,2.1,1.3,2.1,3.4,3.6,7.1
21229,2012-07-20,3,1008,84,25.4,23.3,1.9,1.2,1.8,2.8,3.4,6.4
21229,2012-07-21,3.6,1011.6,81,24.3,24,1.9,1.2,1.4,2.3,4.2,7.1
21229,2012-07-22,2.7,1011.4,80,24.7,24,1.6,1,1.2,2.2,3.8,7.1
21229,2012-07-23,4.5,1009.9,88,25.9,24,1.1,.6,.8,1.4,2.9,6.4
21229,2012-07-24,3.2,1012.3,87,26.5,24.2,1,.6,.8,1.5,2.3,4.6
21229,2012-07-25,2.5,1012.5,85,27.4,25.4,.5,.3,.3,.6,2.3,3.6
21229,2012-07-26,3.4,1009,86,27.6,26,.6,.3,.5,.8,2.3,4
21229,2012-07-27,3.8,1007.7,82,28.1,25.9,1,.6,1,1.7,2.3,2.8
21229,2012-07-28,2.2,1008.8,73,28.7,26.2,.8,.5,.8,1.2,2.5,4.6
21229,2012-07-29,4.3,1006.4,84,28.2,26.3,.6,.4,.6,1.1,2.4,4.3
21229,2012-07-30,5.4,1005.5,85,28.2,26.4,1.4,.8,1.1,1.9,2.6,4.9
21229,2012-07-31,3.9,1007.6,84,28.3,26.7,1.1,.6,1,1.8,2.6,5.3
21229,2012-08-01,4.2,1009.5,84,28.3,27.1,.7,.4,.9,1.5,2.7,3.8
21229,2012-08-02,3.6,1011.6,84,28.8,27.4,1.3,.8,.9,1.6,3.1,5.8
21229,2012-08-03,4,1013.2,83,28.8,27.7,1.2,.7,.8,1.4,3,5.3
21229,2012-08-04,3.2,1011.9,80,28.9,28.1,1.3,.8,.9,1.6,3.1,5.8
21229,2012-08-05,3.2,1008.5,79,29,28.2,.9,.5,.6,1.1,3,5.3
21229,2012-08-06,5,1007.4,76,28.8,28.2,1,.6,.7,1.3,2.6,3.2
21229,2012-08-07,5.6,1009.6,67,28.1,27.9,1.3,.8,1,1.7,2.5,4.6
21229,2012-08-08,3.8,1008.9,66,27.2,27.6,1.6,.9,1,1.9,3.5,6.4
21229,2012-08-09,3.3,1007.1,65,27.3,27.5,1.5,.9,1.2,2.2,5.3,10.7
21229,2012-08-10,3.6,1007.2,68,27.6,27.3,1,.6,.9,1.6,4.1,4.9
21229,2012-08-11,3.9,1007.6,73,27.9,27.3,.7,.4,.6,1,3.2,5.8
21229,2012-08-12,3.9,1004.7,79,28.4,27.4,.8,.5,.6,1.1,2.3,3.6
21229,2012-08-13,6.1,1003.5,76,26.4,27.2,1.5,.9,1.6,2.8,3,6.4
21229,2012-08-14,5.6,1010.4,68,27.2,27.2,1.6,.9,1.3,2,3.2,6.4
21229,2012-08-15,11,1005.6,82,28.6,26.5,3.7,2.2,3.2,5.6,3.3,4
21229,2012-08-16,4.7,1011.3,82,26.5,25.7,2.5,1.5,2.8,4.6,3.8,8
21229,2012-08-17,3.4,1013.5,80,26.7,26.2,1,.6,.9,1.6,3.5,7.1
21229,2012-08-18,5.2,1011.2,86,28,26.1,.9,.5,.7,1.2,2.7,4
21229,2012-08-19,7.8,1008.7,84,28.5,26.5,1.8,1.1,1.3,2.2,2.7,5.3
21229,2012-08-20,8.3,1008.8,81,28.5,26.5,2.4,1.4,1.7,2.9,3.3,5.8
21229,2012-08-21,6.6,1010.5,83,28.5,26.7,1.7,1,1.2,2.2,2.9,5.8
21229,2012-08-22,8,1010.3,80,27.8,26.5,2.7,1.7,2.3,3.8,3.5,7.1
21229,2012-08-23,5.4,1016.2,82,25.7,26.4,2.4,1.5,1.8,3,4.3,7.1
21229,2012-08-24,6.3,1016.6,84,25.7,26.1,1.8,1.1,1.5,2.6,2.7,5.3
21229,2012-08-25,3.7,1015.8,87,27.1,26.4,.9,.5,.7,1.3,2.8,5.3
21229,2012-08-26,2.6,1013.8,86,27.7,26.2,.7,.4,.5,.9,3.1,5.8
21229,2012-08-27,4.8,1012.4,84,28.6,27.1,1,.6,1.1,1.8,2.7,5.3
21229,2012-08-28,11.2,1005.4,75,29,26.3,4.1,2.5,4.8,8,4.1,9.1
21229,2012-08-29,10.1,1007,79,26.6,23.5,5.4,3.1,4.7,9.5,4.6,9.1
21229,2012-08-30,4.5,1008,84,26.1,23.7,1.8,1.1,2.4,3.8,4.8,10.7
21229,2012-08-31,10.2,1006.7,84,22.9,24.3,4.1,2.5,3.2,5.5,4.2,5.8
21229,2012-09-01,5.3,1012.7,84,22.8,23.1,2.4,1.4,1.9,3.2,3.6,4.6
21229,2012-09-02,1.7,1014,79,24.2,23.4,2,1.3,1.6,2.5,4.3,8
21229,2012-09-03,3.1,1013.2,79,25.3,25.5,1.3,.8,1.1,1.9,3.5,7.1
21229,2012-09-04,6.4,1014,82,26.4,25.3,1.3,.8,1.2,2.1,3,5.8
21229,2012-09-05,6.8,1015.2,80,26.3,25.2,2.1,1.3,1.6,2.8,3.9,5.3
21229,2012-09-06,4.1,1018,58,24.7,25.2,1.4,.8,1.1,1.9,3.6,8
21229,2012-09-07,2.1,1019.6,68,24.2,25.3,.8,.5,.6,1,3,4
21229,2012-09-08,6.3,1013.2,77,24.9,24.8,1.6,1,2.1,3.8,3,5.3
21229,2012-09-09,3.4,1013.4,69,23.4,24.5,1.9,1.2,1.5,2.7,3.3,6.4
21229,2012-09-10,5.5,1014,69,23,24.2,1.3,.7,1,1.8,2.8,4.9
21229,2012-09-11,4.8,1014.3,65,23.3,23.2,1.5,.9,1.1,1.9,2.5,3.4
21229,2012-09-12,1.1,1011.7,66,23.2,23.1,.7,.4,.6,1.3,2.8,3.8
21229,2012-09-13,3.1,1010.3,71,24.4,23.3,.7,.4,.5,.9,3,5.8
21229,2012-09-14,7.5,1012.3,82,23.1,23.2,1.4,.9,1.3,2.2,2.7,5.3
21229,2012-09-15,7.9,1017.5,75,22.2,23,2.4,1.4,1.8,2.9,3.1,5.8
21229,2012-09-16,10.2,1015.7,86,23.2,23,3.6,2.2,3.8,7,3.5,7.1
21229,2012-09-17,11.2,998,80,26,23,5.4,3.4,6.5,10.4,4.7,10.7
21229,2012-09-18,7.9,1002.4,74,23.3,22.5,4.5,2.8,5.1,8.1,4.8,10.7
21229,2012-09-19,4.9,1007.4,70,23.7,22.5,2.3,1.4,1.8,2.9,4.8,9.1
21229,2012-09-20,3.3,1014.4,67,23.3,22.7,1.5,.9,1.1,2.1,4.3,8
21229,2012-09-21,1.6,1015.5,70,22.9,22.6,.7,.4,.7,1,3.8,6.4
21229,2012-09-22,3.9,1012.9,69,22.5,22.4,.7,.4,.7,1.2,2.9,7.1
21229,2012-09-23,5.2,1010.7,68,22.8,22.5,1.2,.7,1.1,2,2.7,5.3
21229,2012-09-24,6.8,1014.8,67,22,22,2,1.2,1.7,2.8,3.3,7.1
21229,2012-09-25,6.6,1021.3,58,21.8,21.6,2.6,1.5,1.9,3.2,4,7.1
21229,2012-09-26,4.9,1022.5,59,21.7,21.5,1.9,1.1,1.4,2.3,4.2,7.1
21229,2012-09-27,5.2,1019.4,71,22.5,21.5,1.8,1.1,1.4,2.5,4.3,8
21229,2012-09-28,4.1,1012.1,74,23,21.9,1.6,1,1.2,1.9,3.9,7.1
21229,2012-09-29,5.4,1008.6,52,21.7,21.8,1.8,1.1,1.4,2.4,3,5.8
21229,2012-09-30,5.4,1008.9,54,20.8,21.7,1.5,.9,1.2,2.1,3.2,6.4
21229,2012-10-01,6.7,1013.7,61,21,21.6,2.2,1.4,1.6,2.6,3.5,7.1
21229,2012-10-02,6.3,1016.5,62,20.8,21.9,2,1.2,1.4,3,3.3,7.1
21229,2012-10-03,6.4,1014.3,66,21,22.7,1.8,1.1,1.4,2.7,3.2,6.4
21229,2012-10-04,5.3,1011.5,60,21,22.9,1.8,1.1,1.3,2.4,3.2,6.4
21229,2012-10-05,2.1,1016.3,61,22.6,23.1,1.3,.8,1,2,4,8
21229,2012-10-06,3.7,1019.3,60,22.7,23,1.1,.7,1.2,2.2,3.4,7.1
21229,2012-10-07,8.2,1023,48,20.2,22.6,2.4,1.5,1.9,3.3,2.9,3.2
21229,2012-10-08,4.1,1022.4,51,19.2,21.8,1.3,.8,1,1.7,2.9,5.3
21229,2012-10-09,4.2,1018.1,58,20.5,22.4,1,.6,.8,1.4,2.7,5.3
21229,2012-10-10,4.6,1012,57,21.7,22.1,1.2,.7,.8,1.5,3.1,5.8
21229,2012-10-11,7.3,1014.1,60,18.6,20.8,3.1,1.9,3.2,5.8,3.5,4.9
21229,2012-10-12,2.7,1017.4,50,19.3,21.4,2.5,1.5,3,4.9,4.3,7.1
21229,2012-10-13,4.4,1017.3,52,21.5,21.4,1.3,.8,1.2,1.7,3,6.4
21229,2012-10-14,6.4,1015.6,57,22.3,21.8,1.8,1.1,1.4,2.5,4.3,5.8
21229,2012-10-15,6.5,1021.4,54,20,21.7,2.5,1.5,2.3,3.7,3.9,7.1
21229,2012-10-16,5.4,1020.8,54,19.9,21.6,1.7,1,1.3,2.1,2.7,3.4
21229,2012-10-17,7.4,1010.5,60,20.4,21.4,2,1.2,1.6,2.5,2.7,3.2
21229,2012-10-18,6.6,1015.4,51,16.9,20.3,3.6,2.2,3,4.9,4.1,7.1
21229,2012-10-19,5.7,1019.6,42,18.7,20,2.1,1.3,1.7,2.8,3.5,6.4
21229,2012-10-20,6.1,1019.6,45,20.7,20,1.7,1.1,1.7,2.7,3.1,7.1
21229,2012-10-21,4.3,1022.3,59,21.4,20.2,1.9,1.2,2,3.2,3.8,9.1
21229,2012-10-22,10.8,1009.8,71,21.7,20.4,4,2.3,4,6.6,3.9,8
21229,2012-10-23,8.7,1011.9,49,16.5,20.5,5.2,3.1,3.6,6.5,5,10.7
21229,2012-10-24,5.8,1017.5,46,18.2,20.5,3.1,1.9,2.9,4.2,5.7,9.1
21229,2012-10-25,3.3,1020.2,46,19.8,20.8,1.8,1.1,1.5,2.5,5.1,10.7
21229,2012-10-26,2.8,1023.9,59,19.9,19.8,.9,.6,.7,1.4,4.9,9.1
21229,2012-10-27,8.9,1017.3,69,20.4,20.8,2.3,1.5,3.5,5.6,3.5,5.8
21229,2012-10-28,10.1,1013.1,62,20.1,19.8,4.3,2.7,4.5,7.3,4.6,9.1
21229,2012-10-29,4.9,1017.9,64,16.5,19.5,3.6,2.3,3.1,4.7,5,9.1
21229,2012-10-30,9.6,1013.6,61,14.5,19.1,4.4,2.7,4,7.1,4.7,8
21229,2012-10-31,6.4,1013.4,59,12.8,19,3.1,1.9,2.5,4.1,4.1,6.4
21229,2012-11-01,10.5,1013.3,65,11.8,18.6,6,3.6,6.1,9.6,5,9.1
21229,2012-11-02,6.9,1022.9,51,12.1,18.5,5,3.1,3.7,6.5,5.3,9.1
21229,2012-11-03,3.2,,39,13.1,18.5,3.8,2.3,2.9,5,5,8
21229,2012-11-04,5.3,1021.9,54,15.5,18.3,2.4,1.4,2.1,3,4.7,8
21229,2012-11-05,9.3,1012.8,60,18,18.7,3.8,2.2,2.6,5.2,4.2,10.7
21229,2012-11-06,6.1,1010.6,60,14.3,18.8,2.6,1.6,2,3.6,4,5.8
21229,2012-11-07,7.8,1010.6,53,15.4,19,3.4,2,2.8,4.8,4,9.1
21229,2012-11-08,5.1,,,,,3.7,2.3,2.7,5,5.5,10.7
21229,2012-11-09,7.1,1023.1,51,15.1,19,3.3,2,2.5,4,6.2,10.7
21229,2012-11-10,7.5,1025.6,54,14.8,18.5,4,2.5,2.8,4.7,6.1,10.7
21229,2012-11-11,11.5,1007.6,64,16.8,18.2,4.7,2.9,3.9,6.5,4.6,7.1
21229,2012-11-12,10.3,1007.3,50,14.4,18.1,5.7,3.4,4.3,8.2,4.3,8
21229,2012-11-13,8.4,1004.9,49,13,17.8,4.2,2.6,2.9,4.9,4,4.6
21229,2012-11-14,9.5,1010.4,53,10.2,17.7,4.3,2.5,3.2,5.4,4.2,7.1
21229,2012-11-15,8.4,1022.6,57,11.7,18.4,4.5,2.7,3.4,5.8,4.5,8
21229,2012-11-16,6.9,1021.2,52,14.9,18.3,3.6,2.2,3,4.7,4.3,5.8
21229,2012-11-17,9.1,1009.9,58,13.9,18,2.7,1.6,2.2,4,3.3,6.4
21229,2012-11-18,7.2,1018.4,59,10.6,18,3.7,2.3,2.9,5,4.2,7.1
21229,2012-11-19,9.3,1012.5,50,13.4,18.2,3,1.8,2.4,3.7,3.8,8
21229,2012-11-20,7.2,1018.4,50,11.2,17.9,3.6,2.1,2.7,4.8,4.3,9.1
21229,2012-11-21,4.7,1019.5,48,12.5,17.4,2,1.2,1.9,3.2,3.4,7.1
21229,2012-11-22,5.2,1016.3,48,13.5,17.3,1.7,1,1.3,2.2,2.8,5.8
21229,2012-11-23,9.2,1015.1,62,10.8,17.1,3.5,2.1,3.2,6,4.1,8
21229,2012-11-24,5.4,1019.6,59,10.3,17.1,2.6,1.6,2.5,4.1,3.7,7.1
21229,2012-11-25,4.3,1017.6,52,12.8,17.1,1.5,.9,1.2,2,2.8,3.8
21229,2012-11-26,9.7,1008.7,50,10.5,17,3.4,2,4.1,7.1,3.3,9.1
21229,2012-11-27,6.7,1019.6,43,7.9,16.8,4.2,2.6,4,7,4.5,8
21229,2012-11-28,11.8,1013.5,50,13.1,16.6,4.4,2.6,3.8,6.7,3.9,7.1
21229,2012-11-29,5.1,1020.1,43,9.9,16.4,3,1.8,3,5.3,4.3,7.1
21229,2012-11-30,5.2,1021.7,44,8.8,16.4,2.1,1.2,1.7,2.8,3.7,6.4
21229,2012-12-01,8.9,1026.3,62,5.5,16.2,4,2.5,4,6.7,4.2,7.1
21229,2012-12-02,5.3,1022.6,53,9,16,2,1.2,1.8,3.3,3.4,4.3
21229,2012-12-03,7.3,1011.7,51,12.5,16.1,2.2,1.4,3.2,5.2,3,7.1
21229,2012-12-04,11.6,1012.6,47,6.9,15.9,6.5,4,5,8.5,4.6,5.8
21229,2012-12-05,9.1,1012.2,49,7.2,15.6,4.1,2.5,4,6.3,4.7,8
21229,2012-12-06,11.8,1017.2,53,3.5,15.4,6.8,4.1,5.6,8.6,5.6,10.7
21229,2012-12-07,6.7,1017.2,58,5.6,15.5,3.3,1.9,2.8,4.8,4,5.3
21229,2012-12-08,12.5,1011.3,50,4.3,15.4,5.5,3.4,4.4,6.9,4,4.9
21229,2012-12-09,10.7,1011.7,67,1.8,15,4.8,,3.6,6,,4.9
21229,2012-12-10,9.5,1017.7,66,3.8,14.9,5.4,,,6.5,,
21229,2012-12-11,8.8,1021.4,65,5.7,14.9,5.5,,,6.9,,
21229,2012-12-12,4.8,1026.2,51,6.7,14.8,3.6,,,4.8,,
21229,2012-12-13,5.6,1028.1,39,10.8,14.7,2.4,,,3.1,,
21229,2012-12-14,6.9,1020.5,61,13,14.7,2.3,,,4.2,,
21229,2012-12-15,9.8,1013.1,75,11.1,14.6,4.3,,,5.6,,
21229,2012-12-16,6.1,1021.5,58,9.8,14.6,2.3,,,2.6,,
21229,2012-12-17,6.3,1016,61,10.2,14.4,2.3,,,4.4,,
21229,2012-12-18,9.2,1018.8,69,3.6,13.9,5,,,6.6,,
21229,2012-12-19,4.5,1023.8,65,3.8,13.9,3.2,,,4.2,,
21229,2012-12-20,5.5,,47,6.9,13.9,2.2,,,2.7,,
21229,2012-12-21,4.2,1021.8,61,9.3,13.8,2,,,2.6,,
21229,2012-12-22,7.8,1017.1,68,7.1,13.9,3.3,,,5.2,,
21229,2012-12-23,8.7,1018.7,73,2.6,13.7,4.8,,,6.7,,
21229,2012-12-24,5,1022.6,71,1.4,13.6,3.5,,,5.3,,
21229,2012-12-25,10.3,1021.8,59,3,13.5,4.5,,,6.8,,
21229,2012-12-26,5.3,1030,62,.9,13.3,3.6,,,5.2,,
21229,2012-12-27,3.5,1027.2,50,6.4,13.3,1.7,,,2.2,,
21229,2012-12-28,7.5,1022.2,71,8.4,13.3,2.4,,,5.4,,
21229,2012-12-29,8.3,1018.7,71,10.7,13.2,3.9,,,6.2,,
21229,2012-12-30,10.3,1008.8,59,6.6,13,3.5,,,5.5,,
21229,2012-12-31,9.3,1014.4,50,1.7,12.9,5.2,,,6.5,,
21229,2013-01-01,8.9,1016.8,48,5,12.8,3.7,,,4.8,,
21229,2013-01-02,11.5,1021.9,53,2.2,12.6,5.2,,,6.9,,
21229,2013-01-03,9.5,1027.9,68,.1,12.6,4.3,,,5.1,,
21229,2013-01-04,3.9,1027.4,57,2.1,12.6,2.9,,,4.5,,
21229,2013-01-05,6.4,1020.3,48,5.8,12.6,2.1,,,3,,
21229,2013-01-06,5.3,1021.1,49,5.8,12.6,2.6,,,4,,
21229,2013-01-07,5.5,1020.3,54,6.5,12.5,1.9,,,2.6,,
21229,2013-01-08,6.1,1020.1,58,5.6,12.5,2.7,,,3.1,,
21229,2013-01-09,9.1,1018.8,66,3.4,12.5,4,,,5.3,,
21229,2013-01-10,8.1,1024.2,62,2.3,12.4,3.3,,,4.5,,
21229,2013-01-11,3.5,,47,4.8,12.4,2,,.9,3.1,,4
21229,2013-01-12,8.1,,45,9.3,12.3,2.2,1.4,1.6,2.9,3.2,5.8
21229,2013-01-13,5.1,,56,8.1,12.2,2.1,1.3,1.7,3.1,3.1,5.3
21229,2013-01-14,10.6,,63,7.1,12.1,3.9,2.4,4.8,8.4,3.6,9.1
21229,2013-01-15,6.2,,61,3.4,12,4.7,2.9,4.9,8.3,5.2,9.1
21229,2013-01-16,9.7,,67,5.7,11.8,3.6,2.1,2.7,5,4,8
21229,2013-01-17,11.1,,61,2,11.7,4.2,2.6,3.2,4.9,4.5,8
21229,2013-01-18,5.3,,48,4.7,11.6,2.7,1.7,2.4,3.7,4.7,8
21229,2013-01-19,6.7,,58,5.6,11.6,2.7,1.7,2.8,4.1,4,8
21229,2013-01-20,4,,55,6,11.5,1.9,1.2,1.4,2.4,4.1,7.1
21229,2013-01-21,6.3,,66,7.3,11.6,2.2,1.3,1.5,2.6,4.2,7.1
21229,2013-01-22,9.4,,66,6.5,11.6,3.5,2.1,2.6,4.4,3.3,3.8
21229,2013-01-23,3.6,,57,5.5,11.5,2.3,1.4,1.9,3.3,3.9,6.4
21229,2013-01-24,8.8,,51,7.9,11.5,2.7,1.7,3.3,4.7,3.5,6.4
21229,2013-01-25,13.9,,53,-.1,11.4,7.1,4.3,5.3,9,5.3,9.1
21229,2013-01-26,10.4,,66,.1,11.4,5.4,3.3,4,6.5,5.6,9.1
21229,2013-01-27,7.2,,66,1.9,11.3,5,3.1,3.7,6.1,7.2,12.8
21229,2013-01-28,5.3,,47,4.9,11.2,3.8,2.3,3.3,6,6.2,10.7
21229,2013-01-29,3,,49,8.1,11.2,1.9,1.2,1.7,2.9,4.6,8
21229,2013-01-30,3.9,,58,9.2,11.2,1.2,.7,.8,1.4,3.8,4.3
21229,2013-01-31,7.7,,65,11,11.2,1.8,1.1,1.4,2.3,3.1,5.3
21229,2013-02-01,9.9,,77,12.4,11.2,3.6,2.2,4,7.4,3.9,5.8
21229,2013-02-02,5.3,,66,8,10.8,3.9,2.4,3.6,6.3,4.5,7.1
21229,2013-02-03,4.3,,57,5.8,10.9,2.5,1.5,3,4.5,4.1,9.1
21229,2013-02-04,7.3,,64,8.1,11,1.9,1.2,2.2,4,3.1,6.4
21229,2013-02-05,7.1,,57,5.9,11.2,3,1.8,2.4,4.2,4,9.1
21229,2013-02-06,6.7,,68,7.3,11.1,2.4,1.4,2,3.5,3.2,6.4
21229,2013-02-07,12,,63,.8,11.1,5.9,3.7,5.4,8.5,4.5,7.1
21229,2013-02-08,8.4,,63,-.6,10.8,7.4,4.6,5.1,9.4,6.1,10.7
21229,2013-02-09,3.5,,48,3.7,10.9,4.7,2.9,4.3,7.3,6.3,10.7
21229,2013-02-10,7,,47,4.6,10.7,3.1,1.8,2.2,3.7,4.1,5.8
21229,2013-02-11,7.1,,65,1.3,11.2,3.6,2.2,2.7,4.7,4.2,8
21229,2013-02-12,8.2,,67,4.7,10.7,2.8,1.7,2.6,4.4,4.2,8
21229,2013-02-13,7.7,,53,4.7,10.6,4.5,2.7,4.1,7,4.8,8
21229,2013-02-14,3,,39,8.5,10.7,1.6,1,1.5,2.5,3.5,7.1
21229,2013-02-15,6.8,,62,4.5,10.6,2.9,1.7,2.9,5.1,3.5,8
21229,2013-02-16,5.1,,62,1.5,10.5,2.7,1.6,2,3.6,4.1,8
21229,2013-02-17,7.4,,63,7,10.5,2.1,1.2,1.7,2.8,3.3,7.1
21229,2013-02-18,8.5,,60,5.5,10.6,3.1,1.8,2.8,4.9,3.5,5.8
21229,2013-02-19,4.1,,60,2.4,10.6,2.6,1.6,2,3.7,4.5,8
21229,2013-02-20,8.2,,53,3.1,10.5,3.7,2.2,2.8,5.6,4,7.1
21229,2013-02-21,7.3,,52,3.3,10.4,3.3,2,2.8,5.2,4,8
21229,2013-02-22,9.2,,43,6.2,10.4,3.4,2.1,3.1,4.9,4,7.1
21229,2013-02-23,8,,41,5.3,10.4,3.2,1.9,3,4.8,3.9,6.4
21229,2013-02-24,5.9,,63,1.8,10.2,4,2.4,3.5,6,4.8,9.1
21229,2013-02-25,6.4,,75,2.8,10.2,2.2,1.3,1.6,2.8,3.6,4.3
21229,2013-02-26,7.2,,65,9.3,10.3,2.2,1.4,1.7,2.7,3.8,7.1
21229,2013-02-27,6,,55,9.4,10.3,1.8,1,1.5,2.6,2.6,4.3
21229,2013-02-28,5.2,,57,11.4,10.4,1.4,.9,1.3,2.3,2.7,7.1
21229,2013-03-01,10.6,,64,9.1,10.3,3.8,2.3,3.6,6.2,3.7,9.1
21229,2013-03-02,7.1,,43,4.6,10.2,5.6,3.5,4.2,7.1,5.2,7.1
21229,2013-03-03,3.7,,46,6.1,10.2,4.7,2.9,4,6.4,6.8,12.8
21229,2013-03-04,5.2,,47,7.4,10.2,2.7,1.7,2.1,3.6,5.7,6.4
21229,2013-03-05,7,,52,10.1,10.3,1.9,1.2,1.6,2.8,3.8,9.1
21229,2013-03-06,5.7,,58,11.7,10.3,2.2,1.3,1.7,2.9,3.5,7.1
21229,2013-03-07,7.6,,73,12.7,10.1,3.1,1.8,2.6,4.3,4,8
21229,2013-03-08,6.7,,59,13.1,10.2,2.5,1.5,2.1,3.7,3.5,7.1
21229,2013-03-09,9,,75,12.2,10.3,3.1,2,3.9,6.2,4,8
21229,2013-03-10,6.1,,61,5.4,10.4,4.4,2.7,3.4,5.5,5.1,9.1
21229,2013-03-11,6,,54,7.3,10.5,2.2,1.3,1.7,2.8,4.7,9.1
21229,2013-03-12,8.6,,72,11.8,10.6,2.8,1.7,2,3.4,3.3,5.8
21229,2013-03-13,9.9,,68,6.8,10.5,3.7,2.3,3.5,5.7,3.7,9.1
21229,2013-03-14,4.9,,44,5.1,10.3,3.1,1.9,2.9,5.7,4.9,9.1
21229,2013-03-15,8.2,,64,10.4,10.2,2.3,1.4,1.7,2.8,3.2,5.8
21229,2013-03-16,6.5,,53,10.2,10.4,2.3,1.4,1.7,3.1,3,5.3
21229,2013-03-17,8.2,,75,12,10.3,2.3,1.4,1.7,3,3.2,5.8
21229,2013-03-18,5.3,,81,11.6,10.7,2.2,1.3,1.8,3.1,3.9,7.1
21229,2013-03-19,5.7,,72,10.5,11.9,2.7,1.6,2.2,4.3,3.6,6.4
21229,2013-03-20,7.7,,77,7.6,12.1,4.1,2.5,4.3,7.6,4.4,9.1
21229,2013-03-21,6.4,,61,6.5,11.5,3.1,1.8,2.7,4.6,4.3,9.1
21229,2013-03-22,6.8,,55,10.7,10.8,2.6,1.6,2.3,4,3.4,6.4
21229,2013-03-23,5.9,,57,7.4,10.7,2.3,1.4,2.1,3.1,3.8,7.1
21229,2013-03-24,8.3,,66,8.8,10.5,2.3,1.4,1.7,2.7,3,5.3
21229,2013-03-25,5.8,,56,5.8,10.3,2.6,1.6,2.2,4.5,3.6,5.8
21229,2013-03-26,5.1,,53,8.3,10.5,1.6,1,1.3,2.4,3.1,6.4
21229,2013-03-27,7.8,,71,12.1,11.3,1.8,1.1,1.5,2.2,2.6,4.6
21229,2013-03-28,4.9,,64,12.6,12.7,1.6,1,1.7,2.7,2.7,4.6
21229,2013-03-29,4.6,,64,8.8,12.7,1.9,1.1,1.7,2.6,3,5.8
21229,2013-03-30,4.9,,55,9.5,13.1,1.2,.8,1,1.7,2.7,4.9
21229,2013-03-31,6.2,,65,7.7,12.5,1.6,1,1.3,2.3,2.7,4.9
21229,2013-04-01,5.9,,61,11.6,11.5,1.3,.8,1.1,1.6,2.9,3.6
21229,2013-04-02,4.6,1010.4,75,12.2,12.7,1.9,1.2,1.9,3,3.3,6.4
21229,2013-04-03,6.8,1011.1,71,11.6,12.5,2,1.3,1.9,3.4,2.9,4.6
21229,2013-04-04,6.2,1017.4,66,11.8,12.5,2.1,1.3,2,3.1,3,3.6
21229,2013-04-05,4.8,1015.9,80,12.7,12.7,1.4,.9,1.4,2.3,2.6,3
21229,2013-04-06,7.2,997.7,86,11.5,12.2,1.9,1.3,3.3,4.6,3,5.3
21229,2013-04-07,,999.4,,,,8.2,5.1,6.2,13.7,5.5,6.4
21229,2013-04-08,,,,,,,,3.9,6.3,,12.8
21229,2013-04-19,,,,,,,,1.1,2.1,,3.2
21229,2013-04-20,,1018.1,,,,1,.6,.9,1.5,2.8,5.3
21229,2013-04-21,,1017.6,,,,.9,.5,.8,1.4,2.8,4.9
21229,2013-04-22,,1020.7,,,,1.2,.7,1.2,1.9,2.4,3.2
21229,2013-04-23,,1017,,,,1.9,1.2,1.5,2.4,2.9,5.8
21229,2013-04-24,,1005.9,,,,2.9,1.8,2.2,3.8,4.2,8
21229,2013-04-25,,1005.8,,,,1.4,.7,1.4,2.3,2.9,5.3
21229,2013-04-26,,1006.9,,,,2.3,1.4,1.9,3.3,3.3,6.4
21229,2013-04-27,,1015.5,,,,1.5,.9,1.1,2.4,4.2,5.3
21229,2013-04-28,,1019.2,,,,1.1,.7,.9,1.5,3.8,9.1
21229,2013-04-29,,1008.9,,,,3.2,2,3,4.5,3.6,7.1
21229,2013-04-30,,1008.6,,,,3.1,1.6,2.2,3.6,3.8,5.8
21229,2013-05-01,,1011.7,,,,4.3,2.4,2.9,5.3,5.5,10.7
21229,2013-05-02,,1014.3,,,,2.9,1.6,2.1,3.9,5.1,9.1
21229,2013-05-03,,1015.5,,,,2.6,1.1,1.5,3.6,4.8,9.1
21229,2013-05-04,,1016.7,,,,1.8,.3,.7,2.2,4.8,9.1
21229,2013-05-05,,1016,,,,2.2,.7,1,2.6,4.8,5.8
21229,2013-05-06,,1015.3,,,,2.4,.6,.9,2.8,3.1,5.3
21229,2013-05-07,,1023.5,,,,3,1,1.6,3.5,4.4,8
21229,2013-05-08,,1018.8,,,,2.8,.9,1.2,3.2,3.9,4.9
21229,2013-05-09,,,,,,2,.8,1.1,2.8,4.3,5.3
21229,2013-05-10,7.8,1002.1,90,15.2,14.5,2.3,1.4,2.5,4,6,7.1
21229,2013-05-11,3.6,1002.8,75,16.1,14.1,1.7,1,1.3,2.3,6.3,7.1
21229,2013-05-12,6.9,1003.8,81,16.3,13.9,1.9,1.2,1.8,3.2,5.1,7.1
21229,2013-05-13,3.8,1011.3,89,14.4,13.9,2.2,1.3,1.9,3.4,6.3,7.1
21229,2013-05-14,4.1,1012.6,96,13.9,14.4,1.3,.8,1,1.7,6.9,8
21229,2013-05-15,4.7,1013.4,89,14.5,15.4,1.3,.8,1.1,2,5.7,7.1
21229,2013-05-16,5.8,1021.1,86,12.4,15,1.9,1.2,1.4,2.2,5.6,6.4
21229,2013-05-17,3.8,1019.6,82,13,14.3,1.4,.9,1,1.9,6.3,7.1
21229,2013-05-18,3.3,1010.1,93,15.1,14.7,1.2,.7,.9,1.5,4.8,5.8
21229,2013-05-19,3.3,999.9,97,14.9,14.7,1.1,.7,1.1,1.6,4.3,5.8
21229,2013-05-20,4.3,1001.2,93,15,14.5,1.5,.9,1,2.1,5.6,7.1
21229,2013-05-21,3.8,1006.5,80,16.3,15.4,1.1,.7,.7,1.3,5,6.4
21229,2013-05-22,3.2,1010.6,80,16.6,15.7,1,.6,.9,1.5,4.3,4.9
21229,2013-05-23,2.1,1014.5,92,16.3,16.1,.5,.3,.4,.8,4.2,5.8
21229,2013-05-24,3.7,1013.3,93,16.8,16,.6,.4,.5,.9,3.8,6.4
21229,2013-05-25,2.2,1016.1,93,16.3,16.5,1,.6,.8,1.3,5.1,7.1
21229,2013-05-26,3.1,1017.9,92,16.9,17.1,.8,.4,.6,1,5.4,7.1
21229,2013-05-27,4.1,1015.7,88,18.5,17.3,.8,.5,.8,1.3,4.5,6.4
21229,2013-05-28,9.1,1008.9,94,17.7,16.7,2.9,1.7,2.8,4.4,5.6,7.1
21229,2013-05-29,5.1,1005.1,91,18,16.7,2.6,1.7,2,3.3,6.5,7.1
21229,2013-05-30,5.4,1009.4,76,18.4,16.9,1.9,1.2,1.7,2.5,5.7,6.4
21229,2013-05-31,3.2,1009.8,90,18.5,17.8,.9,.6,.9,1.4,4.7,5.3
21229,2013-06-01,2.4,1007.5,90,18.3,18.2,.5,.3,.4,.8,3.4,4.9
21229,2013-06-02,2.4,1008.9,90,17.5,18.4,.6,.4,.5,.9,3.9,4.9
21229,2013-06-03,1.2,1013.8,82,17.3,18.4,.4,.3,.4,.5,4.9,7.1
21229,2013-06-04,2.6,1016.9,91,19.1,19.2,.6,.3,.4,.8,5.7,6.4
21229,2013-06-05,1.8,1017.9,91,19.6,19.6,.8,.5,.6,1,5.3,6.4
21229,2013-06-06,3.2,1016.4,89,18.9,19.5,.8,.5,.6,1,4.9,6.4
21229,2013-06-07,3.2,1014.6,84,18,19.2,.6,.4,.5,.9,3.4,4
21229,2013-06-08,2.1,1012.5,81,18.8,19.6,.6,.3,.5,.9,4,4.6
21229,2013-06-09,3.6,1010.9,82,18.9,19.6,.9,.6,.7,1.2,4.3,4.9
21229,2013-06-10,4.6,1010.3,85,19.1,19.7,1.2,.7,.9,1.5,4.7,5.3
21229,2013-06-11,4.5,1009.5,92,19.9,19.7,1.3,.8,.9,1.8,4.8,5.3
21229,2013-06-12,1.5,1009.2,92,21.3,20.8,.9,.5,.7,1.2,4.8,5.3
21229,2013-06-13,1.9,1013.2,92,20.7,21.2,.8,.5,.6,1.1,6.1,7.1
21229,2013-06-14,1.3,1014.4,88,20.3,21.2,.7,.4,.5,.9,6.4,7.1
21229,2013-06-15,.9,1011.7,90,21,21.5,.5,.3,.4,.6,5.5,6.4
21229,2013-06-16,3.3,1006.7,94,21.4,21.5,.8,.5,.7,1.4,3.7,4.6
21229,2013-06-17,4.1,1000.7,89,21.7,21.3,1.3,.8,1.2,1.8,4.9,5.8
21229,2013-06-18,2.9,997.6,94,21.2,21,1.2,.8,1,1.6,5.2,5.8
21229,2013-06-19,1.2,1000.6,92,21.2,21.1,1.9,1.2,1.5,2.3,6.4,8
21229,2013-06-20,1.1,1006.3,94,21.5,21.3,1.1,.7,1.1,1.8,5.4,7.1
21229,2013-06-21,1.4,1007.3,93,21.4,21.3,.8,.5,.6,1,4.5,10.7
21229,2013-06-22,2.6,1007.9,86,21.3,21.3,1.3,.8,.9,1.5,5.7,7.1
21229,2013-06-23,1.6,1006.7,91,21.4,21.4,.8,.5,.8,1.3,6.5,7.1
21229,2013-06-24,1,1006.5,88,22.2,22.3,.4,.3,.4,.6,4.3,5.8
21229,2013-06-25,3.6,1008.2,85,22.4,22.8,.5,.3,.4,.7,3.1,3.8
21229,2013-06-26,5.6,1003,86,22.3,22.7,1.1,.7,.9,1.4,3.8,4.9
21229,2013-06-27,3.5,1006.2,80,21.8,22.8,1.4,.9,1.2,2.1,5.6,8
21229,2013-06-28,3.4,1008,77,22,22.9,2.1,1.3,1.5,2.5,8,9.1
21229,2013-06-29,3.1,1012.5,81,22.3,23,1.5,.9,1.2,2.1,7.5,8
21229,2013-06-30,4.1,1012.8,88,23,23.3,1.1,.6,.7,1.3,6.2,7.1
21229,2013-07-01,5.9,1009.8,89,23.8,23.5,1.2,.7,1.4,2.3,4.9,6.4
21229,2013-07-02,11.6,1002.9,92,23.8,22.7,4,2.4,4.1,7.1,6.6,8
21229,2013-07-03,8.3,997.5,94,22.4,20.7,4.4,2.7,4.1,6.6,7.9,9.1
21229,2013-07-04,5.3,997.7,94,22.3,21.3,2.3,1.4,1.8,2.8,6.5,7.1
21229,2013-07-05,5.9,996.8,96,21.9,21.6,2.8,1.7,2.3,3.6,6.8,8
21229,2013-07-06,4,1004.6,94,22.2,22.2,2.4,1.5,2,3.4,7,9.1
21229,2013-07-07,5,1008.5,94,22.6,22.4,1.8,1.1,1.9,3.2,5.5,8
21229,2013-07-08,10,1008.3,95,23,21.8,2.8,1.8,2.3,3.5,5.9,6.4
21229,2013-07-09,8.2,1005.9,92,22.8,21.6,3.1,1.9,2.5,4.4,6.4,7.1
21229,2013-07-10,4.4,1005.8,91,22.7,21.9,1.8,1.2,1.4,2.4,5.9,7.1
21229,2013-07-11,3.7,1006.9,91,22.6,22.3,1.5,.9,1.2,1.9,5.7,6.4
21229,2013-07-12,5.3,1006.9,89,23.4,22.7,1.9,1.2,1.5,2.9,5.6,6.4
21229,2013-07-13,2.5,1011,94,23.2,22.8,1.2,.7,1.1,2,5.3,6.4
21229,2013-07-14,4.4,1010.7,92,23,22.8,1.2,.7,1.2,2,5.2,5.8
21229,2013-07-15,4.2,1012.3,88,23.2,22.7,1.2,.8,1,1.6,7.7,10.7
21229,2013-07-16,8.3,1009.3,93,23.5,22.9,1.8,1.1,2.1,3.3,5,9.1
21229,2013-07-17,7.5,1007.2,90,23.2,22,2.4,1.5,2.2,3.8,5.8,7.1
21229,2013-07-18,3.6,1009.8,91,21.9,21.7,1.4,.9,1.1,1.8,5.6,6.4
21229,2013-07-19,3.6,1011.8,92,22.5,21.8,1.3,.8,1.1,1.9,6.5,8
21229,2013-07-20,5.4,1009,94,23.3,22.2,1.3,.8,1.1,1.8,5.9,8
21229,2013-07-21,6.3,1005.8,92,23.4,21.7,1.7,1.1,1.3,2.1,5.1,5.8
21229,2013-07-22,4.4,1008.1,92,23.2,21.6,1.5,.9,1.3,2.3,5.4,6.4
21229,2013-07-23,4.5,1004.9,92,23.5,22.1,1.4,.9,1.8,2.6,5.2,6.4
21229,2013-07-24,8.1,997.8,90,23.7,21.9,2.8,1.8,2.5,4.1,6.6,8
21229,2013-07-25,4.6,998.9,87,23.5,22.2,2,1.2,1.6,2.7,6.2,7.1
21229,2013-07-26,3.2,1001.4,84,24.6,23,1.2,.8,1,1.5,5,5.8
21229,2013-07-27,2.1,1004.9,85,24.6,24.1,.8,.5,.6,.9,5.1,7.1
21229,2013-07-28,4.5,1004,94,23.8,24,1,.6,.7,1.2,6.1,7.1
21229,2013-07-29,4.9,1000,91,24.7,23.7,1.7,1.1,1.6,2.6,5.7,6.4
21229,2013-07-30,3.5,1002.5,91,23.4,23.7,1.3,.9,1,1.9,6,6.4
21229,2013-07-31,4.3,1001.1,93,24.5,23.8,1.3,.8,1.1,2.1,4.9,6.4
21229,2013-08-01,3,1006.7,93,24,23.9,1.2,.8,1,1.6,5.5,6.4
21229,2013-08-02,2,1012.2,83,24,24.6,1.1,.7,.8,1.4,6,7.1
21229,2013-08-03,4.4,1009.7,90,24.8,24.7,1.1,.7,.8,1.3,6.3,7.1
21229,2013-08-04,3.1,1003.6,92,25.5,25.3,.9,.6,.7,1.2,5.3,7.1
21229,2013-08-05,3.2,1002.6,91,26.2,25.7,.9,.6,.7,1.3,5.3,6.4
21229,2013-08-06,3.4,1004.9,90,26.3,25.4,.9,.6,.7,1.3,4.8,5.8
21229,2013-08-07,4,1006,89,26.4,25.4,.9,.6,.8,1.2,4.8,5.8
21229,2013-08-08,4.6,1003.2,88,27.1,25.5,1,.6,.9,1.5,4.9,7.1
21229,2013-08-09,5.9,1002.9,86,27.4,26.2,1.5,1,1.2,2.2,5.2,5.8
21229,2013-08-10,4.1,1006,87,27.6,26.8,1.2,.8,.9,1.5,4.9,5.8
21229,2013-08-11,2.9,1009.2,84,27.2,26.7,.8,.5,.7,1.1,4.4,5.8
21229,2013-08-12,2.8,1010.2,90,27.1,27.1,.5,.3,.4,.6,4.2,7.1
21229,2013-08-13,3,1009.2,85,27.9,27.4,.4,.3,.4,.6,3.6,8
21229,2013-08-14,3.7,1009.2,86,27.6,27.6,.7,.4,.5,.8,3.9,5.8
21229,2013-08-15,4.3,1008.4,84,27.6,27.4,.8,.5,.6,1,4.2,4.9
21229,2013-08-16,6.1,1005.1,85,27.5,27.2,1.1,.7,1.2,2.1,3.9,4.6
21229,2013-08-17,8.6,1003.4,86,26.4,26.4,1.8,1.2,1.4,2.2,4.8,5.3
21229,2013-08-18,6.7,1003.6,87,26.1,25.9,1.4,.9,1.2,2.1,4.8,5.3
21229,2013-08-19,2.5,1005.9,85,26.8,26.2,.8,.5,.8,1.2,4.2,4.6
21229,2013-08-20,3.6,1007.1,86,26.7,26.7,.7,.5,.8,1.2,4.5,5.3
21229,2013-08-21,4.4,1010.3,80,26.3,26.6,1,.6,.8,1.4,4.5,5.8
21229,2013-08-22,4,1010.1,91,26.8,26.6,.7,.4,.6,.9,3.6,7.1
21229,2013-08-23,5.7,1006.1,90,25.6,26.4,1.1,.7,1,1.4,4.1,5.8
21229,2013-08-24,4.1,1005.7,76,26.7,27,1.1,.7,.9,1.4,5,6.4
21229,2013-08-25,4.2,1005.6,69,26,27.1,.8,.5,.6,1.1,3.7,5.8
21229,2013-08-26,1.6,1004.6,70,25.2,26.9,.8,.6,.7,1.2,6.4,8
21229,2013-08-27,2.8,1007,76,25.7,26.6,1,.6,.8,1.3,7.6,8
21229,2013-08-28,5.6,1009.2,74,25.4,26,1.3,.8,.9,1.5,5.5,7.1
21229,2013-08-29,7.3,999.9,89,25.9,25.3,2.3,1.5,2.1,3.6,5.6,8
21229,2013-08-30,3.6,1002.1,90,25.2,25.4,2.2,1.4,2.2,3.4,7.1,8
21229,2013-08-31,8,1004.5,81,23.6,25.9,3.5,2.3,2.8,4.3,7.6,9.1
21229,2013-09-01,4.3,1012.9,70,23,25.7,2.6,1.6,1.9,3.2,7.9,9.1
21229,2013-09-02,4.3,1013.5,77,23.1,25.7,2.3,1.5,2.1,3.1,8.4,9.1
21229,2013-09-03,3.6,1012.6,77,23.2,25.4,1.6,1.1,1.5,2.3,7.2,8
21229,2013-09-04,8.3,1010.6,73,22.4,23.7,2.4,1.5,1.9,3.4,5.7,7.1
21229,2013-09-05,5.6,1017.2,68,21.8,23.5,2.2,1.4,1.8,2.8,6.6,7.1
21229,2013-09-06,3.1,1019.6,65,21.4,22.9,1.9,1.2,1.5,2.4,8.3,10.7
21229,2013-09-07,2.1,1017.4,75,21.8,22.6,1.6,1,1.3,2.1,9.2,10.7
21229,2013-09-08,1.3,1017.2,78,22.3,23.1,.9,.5,.8,1.4,7.3,9.1
21229,2013-09-09,1.5,1016.4,77,22.1,23.3,.5,.3,.4,.8,5.4,7.1
21229,2013-09-10,2.3,1014.7,80,22.8,23.5,.4,.2,.3,.5,3.9,4.6
21229,2013-09-11,2.9,1014.4,78,23.5,23.7,.4,.2,.4,.6,3.7,5.3
21229,2013-09-12,2.7,1015.9,91,23.6,23.8,.5,.3,.5,.8,4.1,4.6
21229,2013-09-13,5.5,1012.6,92,24.4,24.2,1.1,.7,1.1,2.1,3.8,4.6
21229,2013-09-14,3.6,1009.4,88,24.4,23.9,1.2,.8,1,1.7,5.1,6.4
21229,2013-09-15,6.8,1006.7,77,24,23.7,1.3,.9,2,3.2,4.2,6.4
21229,2013-09-16,7.5,1010.1,56,21.8,23.1,4,2.6,3.9,6.1,7.5,8
21229,2013-09-17,4.4,1017.9,71,22.7,23.1,1.6,1,1.5,2.4,7.4,9.1
21229,2013-09-18,2.6,1021.1,74,23.1,23.8,.7,.4,.6,.9,6.3,8
21229,2013-09-19,3.5,1020.5,78,22.9,23.9,.9,.6,.9,1.4,5.4,6.4
21229,2013-09-20,5.7,1014.9,84,23.7,24,1.1,.7,1,1.6,4.2,4.6
21229,2013-09-21,3.4,1015,84,24.1,24.3,.8,.5,.9,1.5,4.8,5.8
21229,2013-09-22,8.2,1018.8,67,22.8,23.9,2.6,1.6,2,3.4,6.1,6.4
21229,2013-09-23,4.1,1017.8,70,22.6,23.8,1.5,1,1.3,2,5.9,6.4
21229,2013-09-24,4.4,1011.6,85,23.5,23.9,1.2,.8,1.9,3.3,5.7,9.1
21229,2013-09-25,8.9,1009,71,20.6,23.9,3.5,2.2,2.8,4.7,7.3,8
21229,2013-09-26,5.7,1015.5,49,19.7,23.5,2.9,1.8,2.3,3.8,7.1,8
21229,2013-09-27,4.5,1018.9,54,20.1,23.4,1.6,1,1.4,2.3,6.6,7.1
21229,2013-09-28,2.5,1017,67,21.7,23.3,.9,.6,.8,1.3,4.2,6.4
21229,2013-09-29,5.7,1016.4,88,21.2,23.1,1.7,1.1,1.6,2.5,5.2,7.1
21229,2013-09-30,6.7,1015.5,87,22.1,23,1.9,1.2,1.6,2.6,5.6,6.4
21229,2013-10-01,5.6,1016.2,77,21.7,23,2.1,1.3,1.6,2.8,6.5,9.1
21229,2013-10-02,5.3,1009.7,77,21.4,22.9,2,1.3,2,3,7.5,9.1
21229,2013-10-03,4,1015.7,54,19.2,22.6,3.1,2,3,4.3,7.6,9.1
21229,2013-10-04,3,1020.1,62,20.9,22.4,1.2,.8,1,1.6,6.1,7.1
21229,2013-10-05,5.2,1023.4,69,21.7,22.1,1.2,.8,1.1,1.9,4.8,6.4
21229,2013-10-06,8.2,1024.8,82,22,22.2,2,1.3,1.5,2.3,5.1,5.8
21229,2013-10-07,4.3,1021.1,88,22.4,22.6,1.5,.9,1.3,2.3,5.8,6.4
21229,2013-10-08,7.7,1014.9,93,21,22.2,2,1.3,3.1,4.7,5.4,10.7
21229,2013-10-09,7.6,1012.3,83,20.5,21.8,5.1,3.1,3.9,7.4,8.3,9.1
21229,2013-10-10,3.6,1014.9,87,21.7,22,2.1,1.3,1.9,3.3,7.8,9.1
21229,2013-10-11,8,1006.8,69,22,22,2.4,1.5,2.3,3.8,6.3,7.1
21229,2013-10-12,10,1015.1,49,19.3,21.4,4,2.6,3.5,6,7.8,9.1
21229,2013-10-13,6,1021.2,59,19.9,21.1,2,1.3,1.7,2.9,6.3,8
21229,2013-10-14,5.3,1018.9,77,21,21.2,1.5,.9,1.2,2.5,4.7,6.4
21229,2013-10-15,12.3,1014.4,79,16.4,21.8,5.5,3.5,6,9.8,7.6,10.7
21229,2013-10-16,11.7,1017.1,59,13.6,21.7,6.8,4.6,5.8,8.5,9.5,10.7
21229,2013-10-17,2.9,1028.6,51,15.1,21.8,4.5,2.9,4,6.9,9.8,10.7
21229,2013-10-18,5,1029.7,50,17,21.8,2.3,1.5,2.3,3.2,8.8,10.7
21229,2013-10-19,6.1,1026.6,69,18.4,21.4,1.8,1.2,1.8,3.3,6.4,9.1
21229,2013-10-20,9,1018.1,81,19.1,20.9,2.8,1.8,2.3,3.4,5.9,6.4
21229,2013-10-21,10.2,1017.6,72,17.6,20.5,3.2,2,2.6,4.1,6.2,7.1
21229,2013-10-22,8.7,1023.1,64,17.7,20.7,3.7,2.3,2.9,4.9,7.8,9.1
21229,2013-10-23,7.2,1021.3,74,18.2,21.1,3.2,2,2.3,4,8.1,9.1
21229,2013-10-24,5.3,1014.9,77,18.5,21,2.2,1.4,1.8,2.9,7,8
21229,2013-10-25,,1012.3,64,15.8,20.5,3.1,1.9,2.7,5.2,6.9,8
21229,2013-10-26,,1014,56,14.8,19.9,3.2,2.1,2.7,4.4,7.6,9.1
21229,2013-10-27,,1020.6,48,16.9,19.8,2.4,1.5,2.2,3.4,7.8,9.1
21229,2013-10-28,,1022.9,50,18.1,19.8,2.1,1.4,1.7,3,9,10.7
21229,2013-10-29,,1020.8,57,18.5,19.7,1.7,1.1,1.5,2.2,9.1,10.7
21229,2013-10-30,7,1021.6,64,16.3,19.7,2.3,1.4,1.9,3.2,6.5,9.1
21229,2013-10-31,2.6,1026,59,16,19.7,1.6,1,1.9,3.3,7.1,8
21229,2013-11-01,3.7,1026.8,56,17.1,19.5,.8,.5,.7,1,4.8,6.4
21229,2013-11-02,5.8,1022.1,66,18.3,19.5,1,.6,.7,1.4,3.8,5.3
21229,2013-11-03,5.6,1017.7,65,17.5,19.5,1.5,.9,1.3,2.2,5.5,7.1
21229,2013-11-04,6.2,1020.2,64,15.4,20,1.8,1.2,1.7,2.7,5.5,7.1
21229,2013-11-05,4.8,1026.3,48,16.1,19.5,1.7,1.1,1.6,3,5.6,6.4
21229,2013-11-06,8.6,1018.6,63,17.9,19.3,2.3,1.4,1.7,2.9,5.7,6.4
21229,2013-11-07,7.5,1013.5,47,17.5,19.3,2.9,1.8,2.6,4.7,6.3,8
21229,2013-11-08,8.1,1024.4,61,14.1,19.4,3.4,2.2,2.7,4.4,8.1,9.1
21229,2013-11-09,8.3,1023,72,16.8,18.9,2.9,1.8,2.1,3.6,6.6,10.7
21229,2013-11-10,8.4,1011.3,69,13.8,19.6,4.3,2.6,3.6,6.2,8.1,10.7
21229,2013-11-11,9.5,1015.9,69,8.4,19.9,4.5,2.8,4,5.9,8,9.1
21229,2013-11-12,6.8,1016.8,67,8.6,19.4,3.1,1.9,2.5,4.1,7.3,8
21229,2013-11-13,5.6,1021.5,61,9.6,17.9,3,1.9,2.7,4.1,7.9,8
21229,2013-11-14,7.5,1019.5,57,14.3,18.5,2.1,1.4,1.7,2.7,5.9,8
21229,2013-11-15,4.2,1018.3,58,14.2,18.3,1.8,1.1,1.6,2.7,5.6,6.4
21229,2013-11-16,3,1016.7,55,14.4,18.2,.9,.6,.8,1.2,5.1,6.4
21229,2013-11-17,9.5,1006.7,53,12.8,17.5,3,1.9,3.3,4.9,6.1,8
21229,2013-11-18,11.6,1008,53,7.7,17.1,5.2,3.3,3.9,6.4,8.2,9.1
21229,2013-11-19,8.5,1009.8,58,6.9,17.3,4.2,2.5,3.2,6.1,7.6,9.1
21229,2013-11-20,7,1014,52,8.3,17.2,3.1,2,2.4,4,6.8,8
21229,2013-11-21,4.2,1019.7,51,9.7,16.8,2.3,1.5,1.9,2.9,7.4,8
21229,2013-11-22,4.9,1021.3,53,11,16.1,1.9,1.2,1.6,2.6,7.3,9.1
21229,2013-11-23,4.1,1021.5,50,12.6,16.7,1.6,1.1,1.3,2.1,6.7,8
21229,2013-11-24,5.6,1018,55,14.1,17.5,1.7,1.1,1.9,3.5,5.7,7.1
21229,2013-11-25,16.3,999.4,65,12.9,17.2,7,4.2,5.3,9.2,8.5,10.7
21229,2013-11-26,10.3,1013.2,48,7.8,16.6,5.6,3.6,4.8,8.5,9,10.7
21229,2013-11-27,9.4,1011,63,7.8,16.7,3.4,2.2,3.5,5.5,6.4,8
21229,2013-11-28,8.8,1014.4,65,2.7,15.9,4.5,2.9,3.9,6.4,8.1,9.1
21229,2013-11-29,7.7,1015,59,4.8,15.7,3.6,2.3,3.4,5.4,7.3,8
21229,2013-11-30,4.7,1018.5,50,10.3,15.8,2.2,1.4,1.8,3.5,6.8,7.1
21229,2013-12-01,4.6,1017.7,50,11.6,15.9,1.9,1.2,1.6,2.5,6.7,8
21229,2013-12-02,4.6,1017.7,51,10.6,16.7,1.6,1,1.4,2.5,5.9,7.1
21229,2013-12-03,3.2,1017.2,56,10.9,16,.9,.6,.8,1.4,5.1,6.4
21229,2013-12-04,5.7,1017.6,58,11.3,15.6,1.3,.8,1.4,2.4,4.9,6.4
21229,2013-12-05,5.6,1015.3,52,12.5,15.6,1.6,1,1.4,2.5,5.5,7.1
21229,2013-12-06,7.9,1014.9,64,8.3,15.8,2.9,1.8,2.4,4.3,6.7,8
21229,2013-12-07,6.5,1020,55,8.5,16,2.2,1.4,2,3.3,6.2,7.1
21229,2013-12-08,3.7,1023.1,67,9.4,16.3,1.7,1,1.3,2.1,6.8,8
21229,2013-12-09,9.7,1009.2,67,13.1,16.1,2.9,1.8,3,5.3,5.7,8
21229,2013-12-10,9,1007.6,65,7,15.5,6,3.8,5.6,9.6,9.3,10.7
21229,2013-12-11,9.1,1005.7,65,5.9,15.3,5,3.2,5.1,7.1,8.9,10.7
21229,2013-12-12,10.5,1013.5,58,5.1,15,5.5,3.5,4.1,7.7,7.8,9.1
21229,2013-12-13,11.9,1015,54,2.3,14.9,5.9,3.8,4.5,8.4,8.5,9.1
21229,2013-12-14,9.9,1020.8,53,4,14.8,4.3,2.7,3.2,5.7,7.7,9.1
21229,2013-12-15,9.9,1025.8,62,4.1,14.8,3.7,2.3,2.9,4.7,7.5,9.1
21229,2013-12-16,4.4,1028.4,54,5.8,14.9,3.3,2.1,2.9,4.4,9.4,10.7
21229,2013-12-17,7.1,1026.8,65,6.3,14.8,4.6,2.9,3.5,6,12,12.8
21229,2013-12-18,9.6,1021,74,7.6,14.8,3.7,2.4,2.7,4.5,8.2,10.7
21229,2013-12-19,10.2,1013.3,76,5.3,14.7,3.7,2.3,2.7,4.6,6.9,8
21229,2013-12-20,13.4,1012.1,78,4.4,14.4,7.4,4.8,7.8,12.8,9.7,12.8
21229,2013-12-21,11.2,1020.6,66,5,14.3,7.3,4.6,6.4,10.1,10.6,12.8
21229,2013-12-22,8.1,1027,68,4,14.5,4.3,2.8,3.7,5.6,9.3,10.7
21229,2013-12-23,6.1,1024.1,77,5.1,14.4,2.8,1.8,2.4,3.5,8.7,9.1
21229,2013-12-24,8.1,1027.7,63,4.7,14.9,3.1,2,2.8,3.9,7,9.1
21229,2013-12-25,5.9,1027.2,59,7.6,14.7,2.7,1.7,2.4,4,7.4,10.7
21229,2013-12-26,7.7,1015.4,68,7.4,13.9,2.5,1.5,1.7,3.3,6.1,9.1
21229,2013-12-27,11,1012.7,75,2.4,14.4,4.7,2.9,3.8,6.3,7.5,9.1
21229,2013-12-28,6.6,1015.2,79,1.1,14.3,5.4,3.5,4.5,8.5,10.5,12.8
21229,2013-12-29,6.9,1016,48,3.8,14.3,3.7,2.3,3.3,5.7,8.7,10.7
21229,2013-12-30,9.3,1013.8,50,7.5,14.7,3.2,2.1,2.3,3.8,6.7,8
21229,2013-12-31,8.7,1009.6,48,8.6,14,2.8,1.9,2.3,3.7,5.8,6.4
21229,2014-01-01,10.9,1009,44,8.8,14.5,4.5,2.8,3.5,5.9,7.6,9.1
21229,2014-01-02,5.6,1017.8,61,6.4,14.4,3.7,2.4,3.7,6.1,7.8,9.1
21229,2014-01-03,6.5,1014.8,45,10,13.9,1.9,1.2,1.7,2.8,5.6,8
21229,2014-01-04,9.5,1017.9,68,3.1,13.5,3.7,2.3,3,5.7,7.2,9.1
21229,2014-01-05,7.4,1021.6,71,3.4,13.2,2.6,1.6,2.2,3.8,7.1,8
21229,2014-01-06,6.2,1026.8,68,5.1,13.3,2.1,1.3,1.8,2.8,5.9,9.1
21229,2014-01-07,5.4,1023,60,8.5,13.3,1.6,1,1.2,2,6.5,9.1
21229,2014-01-08,4.4,1016.5,68,7.7,13.3,1.9,1.2,2.3,3.6,6,6.4
21229,2014-01-09,9.7,1020.3,81,-.3,13.2,4.5,2.9,4,6.1,8,9.1
21229,2014-01-10,7.7,1027.2,50,2,13.2,3,1.9,2.6,4.3,6.7,8
21229,2014-01-11,6.3,1028,50,4.3,13.1,2.5,1.6,2.2,4.1,6.3,7.1
21229,2014-01-12,8.7,1023.4,62,4.1,13,3.2,2,2.8,4.3,6.6,8
21229,2014-01-13,5.3,1027.6,87,0,13,3.3,2.1,2.6,4.7,7.9,9.1
21229,2014-01-14,4.8,1029.9,53,2.8,13,2.3,1.4,1.6,2.8,6.9,8
21229,2014-01-15,4.7,1028.1,59,4.4,13.1,2.7,1.6,2.1,3.2,6.4,9.1
21229,2014-01-16,6.4,1026.2,57,5.1,13,2,1.2,1.5,2.8,6.5,9.1
21229,2014-01-17,6.5,1023.9,77,3.4,12.9,2.7,1.6,2.1,3.5,6,7.1
21229,2014-01-18,9.7,1021.3,70,3.5,12.8,3.2,2,3.3,5.3,6.5,8
21229,2014-01-19,6.3,1027.2,62,2.7,12.7,3.3,2.1,2.6,4.1,8.2,9.1
21229,2014-01-20,7.3,1016.6,64,5.6,12.7,2.5,1.6,1.9,3.5,6.2,8
21229,2014-01-21,9.1,1018.3,72,2.5,12.6,3.6,2.3,3.5,5.5,7.2,9.1
21229,2014-01-22,4.6,1024.3,54,3.2,12.6,2.2,1.3,2.1,4.1,6.5,8
21229,2014-01-23,5.5,1024.8,54,6.8,12.3,1.7,1,1.5,2.6,5.3,7.1
21229,2014-01-24,9.6,1018.3,59,9.8,12.3,3.3,2,2.4,3.9,5.9,6.4
21229,2014-01-25,6.8,1014,73,10.5,12.4,2.5,1.6,2,3.2,5.9,7.1
21229,2014-01-26,8.3,1023.3,70,1.8,12.3,4.7,3,4.1,6.3,8.2,9.1
21229,2014-01-27,9.2,1022.8,53,7.2,12.2,3.5,2.3,2.7,4.8,7,9.1
21229,2014-01-28,7.4,1019.8,61,7.1,12.2,3.4,2.1,2.8,4.5,6.4,8
21229,2014-01-29,7.9,1021.2,62,9.6,12.2,3,1.9,2.6,4.1,6.8,9.1
21229,2014-01-30,10.6,1010,65,11.4,12.1,3.3,2.1,3,5,6.2,7.1
21229,2014-01-31,6.6,1022.4,52,6.2,12.1,3.9,2.4,3.4,5.9,7.8,9.1
21229,2014-02-01,5.6,1017.8,71,10.4,,1.8,1.1,1.3,2.2,4.8,7.1
21229,2014-02-02,4.6,1007.6,86,10.4,12.1,1.7,1.1,1.4,2.3,5.7,6.4
21229,2014-02-03,8.5,1009,74,5.6,12.2,3.5,2.2,4.1,6.9,6.8,9.1
21229,2014-02-04,9,1017.6,78,-1.1,12.3,5.1,3.2,4.4,8.2,8.3,9.1
21229,2014-02-05,7.2,1026.1,76,-1.1,12,4,2.6,3.2,5.2,8.1,9.1
21229,2014-02-06,7.2,1026.6,80,1.6,12.1,2.8,1.7,2.3,3.7,6.4,8
21229,2014-02-07,10.6,1023.5,73,3,11.8,3.1,2,2.3,3.9,5.8,7.1
21229,2014-02-08,8.3,1018.2,65,3.5,11.7,2.9,1.8,2.3,4.1,6.4,7.1
21229,2014-02-09,10,1019.3,76,2,11.7,3.3,2,2.8,4.8,6.7,8
21229,2014-02-10,10.5,1025.7,71,-.2,11.5,5.1,3.1,3.6,6.7,8.3,10.7
21229,2014-02-11,8.3,1028.4,68,-.3,11.3,4.8,3.1,3.5,6.7,8.9,10.7
21229,2014-02-12,7,1029.5,61,2,11.3,3.1,1.9,2.6,4.4,8,9.1
21229,2014-02-13,8.4,1031.4,61,2.4,11.3,2.5,1.6,1.9,3.5,5.7,7.1
21229,2014-02-14,8.5,1030,60,2.4,11.3,2.7,1.7,2,3.2,6.4,7.1
21229,2014-02-15,9.1,1025.2,65,4.1,11.2,3.6,2.3,2.8,5,7.3,9.1
21229,2014-02-16,4.4,1027.2,56,7,11.2,3,1.9,2.6,3.6,9,9.1
21229,2014-02-17,8.8,1027.7,64,4.2,11.3,3.2,1.9,2.6,5,7.3,9.1
21229,2014-02-18,9,1028.6,65,1.1,11.2,4.7,2.8,3.2,6.3,7.9,9.1
21229,2014-02-19,5.5,1027.6,61,1.9,11.1,3.9,2.4,3.1,5,8.4,10.7
21229,2014-02-20,5.2,1025.4,74,3.6,11.1,2.9,1.9,2.2,3.7,8.6,10.7
21229,2014-02-21,4.9,1029.2,73,2.6,11.1,2.3,1.5,1.8,2.9,7.3,9.1
21229,2014-02-22,5.2,1031.4,68,3.6,10.9,2.1,1.3,1.5,2.8,6.9,8
21229,2014-02-23,5.4,1031.2,68,4.6,10.9,1.9,1.1,1.4,2.4,6.9,9.1
21229,2014-02-24,4.3,1027.7,67,7.4,11,1.3,.8,1.2,2.1,6.6,9.1
21229,2014-02-25,3.1,1027.9,57,9.3,11.2,.6,.4,.5,.8,4.8,7.1
21229,2014-02-26,5.8,1027.1,71,9.6,11.9,1.1,.7,1.1,1.7,3.7,5.3
21229,2014-02-27,3.9,1018.7,84,10.5,12.2,1.2,.7,1,1.7,4.6,5.3
21229,2014-02-28,7.1,1022.5,67,7,12.4,2.9,1.8,2.5,4.2,6.2,8
21229,2014-03-01,6.4,1019.5,66,7.8,11.3,2.1,1.3,1.7,2.9,5.8,7.1
21229,2014-03-02,7.2,1018.6,74,5.8,10.9,3.2,2,3.4,5,6.2,8
21229,2014-03-03,4.6,1027.4,52,5.5,11.3,1.8,1.2,1.8,2.6,6.4,7.1
21229,2014-03-04,7.7,1023.3,58,8.7,11.5,1.7,1.1,1.3,2.3,4.5,4.9
21229,2014-03-05,9.1,1017.5,63,5.1,11.3,3.2,2,2.9,4.8,6.3,9.1
21229,2014-03-06,7.3,1023.7,46,2.6,11.4,3.5,2.2,2.7,5.2,7.4,8
21229,2014-03-07,9,1025.5,56,2.8,11.4,3,1.8,2.5,4.3,6.7,7.1
21229,2014-03-08,6.5,1023.3,48,4.2,11.8,2.6,1.6,2.3,3.7,7.1,8
21229,2014-03-09,9,1016.9,52,4.6,11.6,2.9,1.8,2.4,4.4,6.5,8
21229,2014-03-10,6.7,1023,50,3.7,11.6,3.3,2.1,2.6,4.1,7.4,9.1
21229,2014-03-11,7.5,1024,59,8.4,9.8,2.4,1.6,2.3,3.3,6.2,9.1
21229,2014-03-12,5.5,1017.9,74,9,9,2.7,1.7,2.3,3.8,6.5,7.1
21229,2014-03-13,11.3,1012.5,74,4.5,8.6,4.4,2.9,3.9,6.4,7.2,8
21229,2014-03-14,5.9,1017.3,53,4.2,10.3,3.6,2.2,2.7,5.2,7.9,9.1
21229,2014-03-15,7.2,1017.7,58,8.6,9.9,2.5,1.6,2.2,3.8,7.4,9.1
21229,2014-03-16,7.2,1019.7,66,9.7,9.4,2.8,1.7,2.3,3.8,7,8
21229,2014-03-17,6.7,1018.7,84,10.9,9.8,2.3,1.4,2.9,5.2,5.9,7.1
21229,2014-03-18,9.5,1012.3,76,9.9,9.7,3.7,2.3,2.9,5.6,7.1,8
21229,2014-03-19,5,1020.2,55,7.6,9.6,2.1,1.3,2.2,3.6,6.7,8
21229,2014-03-20,6.1,1011.4,76,6.1,9.7,2.3,1.4,2.5,4.4,7.2,9.1
21229,2014-03-21,9,1016.7,54,5.7,9.4,3.8,2.4,2.9,4.6,7.1,8
21229,2014-03-22,5.2,1022.2,59,8.9,9.9,2.2,1.4,2,3.6,8.3,9.1
21229,2014-03-23,2.9,1024.8,78,10.6,9.9,1.3,.8,1,2.1,6.9,8
21229,2014-03-24,4.5,1020.5,81,11,10,1.4,.8,1.6,2.6,4.7,5.8
21229,2014-03-25,6.6,1014.1,82,11.9,10.4,2.5,1.6,2.3,3.5,6,7.1
21229,2014-03-26,3.5,1009.8,95,11.5,11.5,1.5,.9,1.4,2.3,5.2,6.4
21229,2014-03-27,,,,,,,,.9,1.4,,7.1
21229,2014-03-28,6.6,1016.3,86,12.5,12,1.8,1.1,1.6,2.3,4.9,5.8
21229,2014-03-29,4.4,1010.7,89,12.8,12.3,1.4,.9,1.4,2,5.1,5.8
21229,2014-03-30,9.2,1006.2,87,9.7,12.3,2.7,1.6,2.7,4.3,5.6,7.1
21229,2014-03-31,3.8,1016.7,72,10.9,11.6,2.1,1.4,1.7,2.8,7.2,9.1
21229,2014-04-01,5.7,1017.2,83,11.6,11.9,1.4,.9,1.2,1.7,5.6,9.1
21229,2014-04-02,3.5,1016.3,86,11.9,11.5,.9,.6,.8,1.2,4.5,5.3
21229,2014-04-03,6.7,1011.8,88,9.7,11.2,1.4,.9,2.9,4.3,4.2,6.4
21229,2014-04-04,10.4,1009.2,63,6.2,10.9,4.9,3.2,4.2,6.8,8.1,9.1
21229,2014-04-05,3.4,1013.8,58,6.5,11.3,3.7,2.3,2.9,4.8,9.1,10.7
21229,2014-04-06,7.2,1016.1,56,7.2,11.4,3.3,2.1,2.5,4,10.6,10.7
21229,2014-04-07,5.8,1013.3,74,11.9,11.4,2.5,1.6,2,3,11.7,12.8
21229,2014-04-08,3,1015.2,81,12.5,12.2,2.1,1.3,1.9,3.2,9.9,10.7
21229,2014-04-09,4.5,1014.6,86,12.4,13,1.1,.7,.8,1.4,9.1,9.1
21229,2014-04-10,6.4,1018.8,56,10.6,13,2.4,1.5,2.5,3.8,6.3,8
21229,2014-04-11,3,1021.4,57,11.1,13.1,.9,.6,1,1.7,5.9,7.1
21229,2014-04-12,4.2,1019.5,70,12.3,12.8,.9,.5,.7,1.2,5,8
21229,2014-04-13,3.3,1018.9,77,12.3,13.2,.8,.5,.8,1.2,6.6,10.7
21229,2014-04-14,4.4,1019.7,78,11.8,13,1.2,.7,.9,1.6,9,10.7
21229,2014-04-15,5.5,1015.6,73,14.6,12.9,1.3,.8,1.3,2.2,5,6.4
21229,2014-04-16,4.5,1014.6,84,13.1,13.3,1.2,.8,1.1,1.8,4.8,5.8
21229,2014-04-17,2.8,1014,86,12.3,14.2,.9,.6,.8,1.3,5,5.8
21229,2014-04-18,5.8,1016.9,73,12,14.5,1.4,.9,1.1,1.8,4.8,5.3
21229,2014-04-19,6.4,1023,60,11,14.2,2,1.3,1.4,2.3,5.8,6.4
21229,2014-04-20,5.7,1020.1,70,10.9,14.4,1.9,1.2,1.5,2.5,6.7,9.1
21229,2014-04-21,4.8,1013.8,75,13.5,14.3,1,.7,1,1.6,4.1,7.1
21229,2014-04-22,3.5,1014,75,14,14.3,.6,.4,.5,.9,3.8,5.8
21229,2014-04-23,4,1018.4,75,14.6,14.6,.5,.3,.5,.9,3.3,4.9
21229,2014-04-24,5.7,1021.7,80,15,14.7,.8,.5,.7,1.2,3.6,4.3
21229,2014-04-25,4.7,1023,79,15.4,14.9,.8,.5,.8,1.3,3.9,4.3
21229,2014-04-26,5.7,1022.9,86,15.5,15.1,.9,.6,1,1.6,3.5,4.3
21229,2014-04-27,4.5,1020.7,85,15.7,15.3,1.4,.9,1.2,1.9,4.6,6.4
21229,2014-04-28,6.8,1017.9,86,14.7,15,1.3,.8,1.2,2,3.9,4.6
21229,2014-04-29,8.4,1010.3,93,14.4,14.9,3.2,2,2.7,4.1,6.4,8
21229,2014-04-30,3.7,1009,91,14.5,14.7,2.4,1.5,2.4,3.7,6.7,7.1
21229,2014-05-01,4.3,1010.9,89,14.3,14.8,1,.7,1,1.6,5.1,8
21229,2014-05-02,5,1009.9,83,15.8,15,1.5,.9,1.8,2.9,5.2,5.8
21229,2014-05-03,8.8,1012.9,59,15,14.7,3.7,2.3,3.9,5.8,7.6,9.1
21229,2014-05-04,8.3,1014,78,14.6,13.8,2.1,1.3,2.3,3.2,5.2,5.8
21229,2014-05-05,7.7,1013,51,13.3,14,3.4,2.1,2.9,4.5,7.4,9.1
21229,2014-05-06,7.8,1016.1,54,13.7,14.4,2.4,1.5,2.2,3.6,5.8,7.1
21229,2014-05-07,7.5,1013.5,76,14.6,14.4,2.1,1.3,2.1,3.6,5.6,7.1
21229,2014-05-08,9.2,1008.4,80,14.3,14.7,2.8,1.8,2.4,4.1,6.7,8
21229,2014-05-09,4.8,1017.4,63,14.3,15.2,1.5,1,1.3,2.5,5.3,7.1
21229,2014-05-10,2.2,1023.2,69,15.2,15.6,1.4,.9,1.5,2.1,7.4,9.1
21229,2014-05-11,5.8,1018.2,80,15.5,15.4,1.4,.9,1.1,1.8,6.3,21.3
21229,2014-05-12,8.4,1003.9,86,15.9,14,3.5,2.2,3.1,5.1,6.7,9.1
21229,2014-05-13,8.2,1004.2,75,16.3,14.1,2.5,1.5,2.2,4,5.9,7.1
21229,2014-05-14,5.1,1001.2,82,16.4,15.1,1.6,1,1.6,2.4,5.3,6.4
21229,2014-05-15,4,997.1,80,16.1,15.3,1,.6,1,1.7,4.7,5.8
21229,2014-05-16,5,1005.8,68,16.3,15.5,1.9,1.2,2,3.1,6.2,9.1
21229,2014-05-17,3.1,1012.9,80,15.1,15.4,3.1,2,2.4,3.9,10.5,10.7
21229,2014-05-18,3,1014.3,87,16,15.8,1.9,1.2,1.7,2.4,10,12.8
21229,2014-05-19,3.2,1012.7,89,16.8,16.4,1.6,1,1.3,2.4,9.7,10.7
21229,2014-05-20,2.8,1007.7,89,17,16.2,1,.6,.8,1.3,8.6,9.1
21229,2014-05-21,4.2,1005.1,89,15.6,16.3,.9,.6,1,1.5,4.7,8
21229,2014-05-22,4.7,1013.2,86,14,15.7,1.4,.9,1.1,1.8,6.2,7.1
21229,2014-05-23,3.7,1019.9,79,15.2,15.8,1.7,1.1,1.4,2,7.9,9.1
21229,2014-05-24,5.1,1015.1,90,17,16.2,1.7,1,1.3,2.5,6.5,9.1
21229,2014-05-25,5.4,1010.4,85,18.2,16.5,1.8,1.1,2.2,3.8,5.9,6.4
21229,2014-05-26,6.6,1000.1,86,17.7,16.3,2.5,1.6,2,3.6,6.8,8
21229,2014-05-27,6.3,999.3,73,18.5,16.8,2.1,1.4,1.7,3,5.8,8
21229,2014-05-28,5.2,1000.5,88,18.1,17.4,2.7,1.7,2.1,3.4,6.7,8
21229,2014-05-29,4.8,1005.4,93,17.6,17.5,1.5,1,1.4,2.3,5.5,6.4
21229,2014-05-30,2.7,1009.3,89,19.2,18.3,1,.6,.8,1.4,4.6,5.3
21229,2014-05-31,2,1012.2,92,19.1,18.8,.6,.4,.6,1,4.7,8
21229,2014-06-01,3.3,1010.9,89,19.7,18.7,.6,.4,.4,.7,4.1,8
21229,2014-06-02,3.1,1010.1,83,20,18.7,.7,.4,.8,1.2,3.7,4.6
21229,2014-06-03,2.9,1009.4,90,19.2,18.6,.6,.4,.7,1,5.5,9.1
21229,2014-06-04,2.9,1007.5,89,19.4,18.7,.9,.6,.7,1.2,5.1,7.1
21229,2014-06-05,5.8,1005.5,87,18.7,18.5,1.7,1.1,1.6,2.8,5.7,7.1
21229,2014-06-06,4.3,1005.6,88,18.1,18.4,1.4,.9,1.2,1.9,5.6,7.1
21229,2014-06-07,4.8,1006.5,84,17.7,18.7,1,.7,.8,1.3,5.9,6.4
21229,2014-06-08,5,1007.1,87,17.8,18.5,1.1,.7,.8,1.5,6.6,7.1
21229,2014-06-09,3,1011.3,86,18.3,18.8,1.1,.7,.9,1.3,6.9,7.1
21229,2014-06-10,3.5,1011.9,90,18.7,18.9,1.4,.9,1.2,2,7.1,8
21229,2014-06-11,6.5,1007,90,18.1,18.9,1.7,1.1,1.3,2.1,6.2,8
21229,2014-06-12,4.7,1002.7,87,18.1,18.8,1.5,.9,1.1,1.9,5.1,6.4
21229,2014-06-13,3.8,1003.5,85,17.8,18.8,2.1,1.3,2.4,3.9,7.2,10.7
21229,2014-06-14,3.5,1005.8,91,19.4,19.1,2.4,1.5,1.9,3.5,9.5,10.7
21229,2014-06-15,2.9,1004.3,88,20.6,20,1.6,1.1,1.3,2.1,9.4,10.7
21229,2014-06-16,2.2,1004.7,86,21.3,20.8,1.1,.7,.9,1.4,5.7,8
21229,2014-06-17,3.1,1007,88,19.8,20.3,1.2,.8,.9,1.5,5.2,7.1
21229,2014-06-18,2.7,1005.6,81,20,20.5,1.1,.7,.8,1.4,5.4,7.1
21229,2014-06-19,3.2,1005.4,87,20.4,20.2,1,.7,.8,1.3,4.5,6.4
21229,2014-06-20,4.3,1009.8,83,19,20,1.3,.9,1,1.6,5,6.4
21229,2014-06-21,3.7,1010.4,83,19.2,20.1,1.3,.8,.9,1.7,5.3,5.8
21229,2014-06-22,2.9,1008.2,76,19.1,20.6,1.2,.7,.8,1.6,4.9,5.3
21229,2014-06-23,1.5,1007.6,76,19.6,21.4,.7,.5,.6,1,4.9,5.3
21229,2014-06-24,2.1,1007.2,80,20.5,21.2,.5,.3,.4,.7,5.3,6.4
21229,2014-06-25,3.4,1009.1,86,21.2,21.3,.5,.3,.4,.7,4.5,6.4
21229,2014-06-26,3.6,1008.6,90,21.6,21.6,.9,.5,.6,1,3.7,4.3
21229,2014-06-27,2.9,1005.5,91,22,21.8,.8,.5,.7,1.1,4,4.6
21229,2014-06-28,1.9,1001.7,92,22.2,22.3,.4,.3,.4,.7,3.7,5.8
21229,2014-06-29,3.3,1004.4,85,22.2,22.5,.7,.5,.6,.9,3.9,5.3
21229,2014-06-30,1.8,1009.4,79,22.8,23.1,.6,.3,.5,.8,4.9,6.4
21229,2014-07-01,3.2,1011.1,84,23.3,23.6,.5,.3,.4,.7,3.8,4.9
21229,2014-07-02,4,1010,84,23.3,23.7,.8,.5,.7,1.2,3.7,4.6
21229,2014-07-03,5.6,1002.8,87,22.5,22.9,1.7,1.1,1.8,3.1,5.1,5.8
21229,2014-07-04,5.3,1005,85,21.9,22.1,2.7,1.7,2.3,3.6,6.6,7.1
21229,2014-07-05,4.5,1010.8,82,21.8,22.4,2.3,1.4,1.8,2.9,6.2,7.1
21229,2014-07-06,2.5,1008.9,85,21.9,22.5,1.3,.9,1.2,1.8,6.3,7.1
21229,2014-07-07,1.4,1007.7,82,22.9,23.3,.7,.4,.6,1.1,5.3,6.4
21229,2014-07-08,3.5,1007.7,91,23.3,23.2,.7,.5,.9,1.4,3.4,5.8
21229,2014-07-09,3.3,1004.4,90,24.2,23.3,1,.7,1.1,1.8,6.4,12.8
21229,2014-07-10,2.4,994.7,89,24.4,23.8,1.5,1,1.5,2.4,7.4,12.8
21229,2014-07-11,2.8,997.8,79,25,24.1,.9,.6,.7,1.2,7.1,9.1
21229,2014-07-12,3.8,1001.8,,24.9,23.8,1.4,.9,1.1,1.7,4.8,5.3
21229,2014-07-13,3.9,1001.5,86,23.6,23.8,1.4,.9,1.1,1.8,4.7,5.8
21229,2014-07-14,3.3,1006.3,81,24.7,24.1,1.1,.7,1,1.8,5.2,7.1
21229,2014-07-15,4.4,1009.9,90,24.1,24.2,1.1,.7,.9,1.6,4.8,6.4
21229,2014-07-16,3,1009.3,88,24.3,24.5,1,.6,.8,1.3,4.6,5.8
21229,2014-07-17,3.7,1010.3,88,24.2,24,1.3,.8,1.1,1.9,4.9,5.8
21229,2014-07-18,3.6,1010.4,88,24.3,24,1.3,.8,1.1,1.7,4.9,5.8
21229,2014-07-19,1.8,1011.2,86,24.5,24.7,.8,.5,.7,1.1,4.8,5.8
21229,2014-07-20,1.8,1011.4,86,24.7,24.8,.4,.2,.3,.5,4.5,10.7
21229,2014-07-21,3.7,1008.5,89,24.7,24.3,.8,.5,1,1.5,4.1,5.8
21229,2014-07-22,3.6,1005.4,90,24.8,24.2,1.9,1.2,1.3,2.2,5.6,6.4
21229,2014-07-23,2.5,1003.7,90,24.5,24,1.7,1.1,1.4,2.1,5.7,7.1
21229,2014-07-24,2.2,1005.6,84,25.1,24.3,1.1,.7,.8,1.3,4.9,5.8
21229,2014-07-25,3.4,1008,93,25.4,24.9,1.3,.8,1.8,3.1,5.9,10.7
21229,2014-07-26,6.7,1004.2,87,24.7,22.9,4.2,2.6,4,6.9,7.1,8
21229,2014-07-27,3.8,1010.3,81,22,22.5,2.3,1.4,1.8,3.1,7.2,8
21229,2014-07-28,2,1010.9,78,22.9,23.4,1.1,.7,1,1.8,7.2,9.1
21229,2014-07-29,2.7,1010.7,89,24,23.6,.9,.6,.7,1.4,6.8,9.1
21229,2014-07-30,2.6,1011.8,93,24.4,23.9,.7,.4,.5,.9,3.6,7.1
21229,2014-07-31,2.4,1011.1,92,25.1,24.4,.6,.4,.4,.7,3.1,5.3
21229,2014-08-01,2.1,1009.4,92,25.1,23.7,.5,.3,.5,.8,4.3,4.9
21229,2014-08-02,2.4,1006.5,91,24.7,23.3,.7,.4,.9,1.4,5,12.8
21229,2014-08-03,4,1003.6,92,24.4,23.8,2.3,1.5,2.4,3.6,5.9,10.7
21229,2014-08-04,5.6,999.8,91,25.1,23.4,2.9,1.9,2.4,4.1,6.2,7.1
21229,2014-08-05,1.9,1001.8,93,24.7,24.4,2,1.3,2.2,3.6,6.5,8
21229,2014-08-06,1.8,1003.7,90,24.9,24.2,1.1,.7,.8,1.3,5.3,6.4
21229,2014-08-07,3.7,1006.7,88,22.4,23.3,1.2,.8,1.2,1.9,5,5.8
21229,2014-08-08,3.8,1010.3,86,23.3,24,1.4,.9,1.1,1.8,4.9,5.8
21229,2014-08-09,5.4,1007.4,89,23.4,23.4,2.3,1.5,2.4,3.6,5.7,7.1
21229,2014-08-10,6,997.7,89,22.9,23.1,4.5,2.8,3.3,6.4,8.2,9.1
21229,2014-08-11,4.2,999.7,81,23,23.1,4.8,3.2,4.6,6.6,9.4,10.7
21229,2014-08-12,1.7,1002.9,87,24,23.6,3,1.9,2.5,4.2,10.4,12.8
21229,2014-08-13,2.6,1008.8,88,23.8,23.7,1.1,.7,1.4,2.5,9.8,10.7
21229,2014-08-14,4.4,1010.5,81,22.7,23.7,.8,.5,1.1,1.5,5.9,8
21229,2014-08-15,4.7,1009.3,85,22.7,23.9,2.1,1.3,1.6,2.5,6.5,7.1
21229,2014-08-16,3.7,1011.3,78,23.1,24.2,1.4,.9,1.1,2,6.8,7.1
21229,2014-08-17,4.1,1013.9,80,23.1,24.2,1,.6,.8,1.3,5.3,6.4
21229,2014-08-18,6.1,1010.6,91,22.7,23.8,1.8,1.1,1.6,2.8,5,5.8
21229,2014-08-19,3.3,1010.5,91,23.4,23.9,1.5,1,1.2,1.9,5.8,7.1
21229,2014-08-20,2.9,1011.7,91,23.4,24.1,1.2,.8,1,1.8,5.4,6.4
21229,2014-08-21,7.7,1007.6,90,24.1,23.9,2.3,1.5,2.9,5,5.6,8
21229,2014-08-22,6.4,1008.7,81,24.1,23.8,2.3,1.5,2.5,3.7,6.2,8
21229,2014-08-23,4,1008.9,87,24,23.9,1.1,.7,1,1.5,5.4,8
21229,2014-08-24,3.8,1008.9,90,24.2,24.1,.8,.5,.6,1,4.4,6.4
21229,2014-08-25,6.9,1008.6,90,23.3,23.9,1.5,.9,1.9,3.1,4.3,6.4
21229,2014-08-26,9.2,1010.9,79,22.9,23.5,3.6,2.3,3,4.6,7.5,8
21229,2014-08-27,6.4,1016.2,72,22,23.4,3,1.9,2.4,4,7.9,9.1
21229,2014-08-28,4.8,1017.8,70,21.5,23.4,1.8,1.2,1.5,2.6,7.1,8
21229,2014-08-29,3.7,1017.3,70,21.6,23.3,1,.7,1,1.5,5.8,6.4
21229,2014-08-30,4.2,1016.2,68,21.6,23.4,.8,.5,.6,.9,4.8,5.8
21229,2014-08-31,3,1014.7,70,21.9,23.4,.7,.4,.5,1,4.5,5.3
21229,2014-09-01,3.9,1015.1,74,22.4,23.4,.7,.5,.7,1.1,4.6,5.3
21229,2014-09-02,3.3,1014.4,77,22.6,23.4,.8,.5,.6,1.1,4.7,5.8
21229,2014-09-03,8.9,1004.4,89,23.6,23.3,2.3,1.5,2.2,3.6,5.3,7.1
21229,2014-09-04,5,1006.6,82,23.7,23.7,1.8,1.1,1.9,2.7,5.8,6.4
21229,2014-09-05,2.3,1011.3,77,24.3,23.8,1,.7,.8,1.3,4.9,6.4
21229,2014-09-06,3,1012.2,86,23.7,23.9,.6,.4,.5,.9,4.6,5.8
21229,2014-09-07,3.5,1009.6,79,23.1,24.3,.6,.4,.5,.7,4,4.9
21229,2014-09-08,3.3,1007,77,23.4,24.6,.3,.2,.4,.6,3.2,5.8
21229,2014-09-09,4.2,1007.4,79,23.7,24.9,.8,.5,.9,1.7,4.2,6.4
21229,2014-09-10,3.5,1010.9,61,22.8,24.9,.8,.5,.8,1.2,5.7,7.1
21229,2014-09-11,2.3,1014.1,59,22.6,24.8,.9,.5,.6,1.1,7.8,9.1
21229,2014-09-12,2.4,1015,57,22.4,24.6,.9,.6,.7,1.2,7.4,8
21229,2014-09-13,4.8,1016.1,63,21.8,24.2,1.7,1.1,1.4,2.7,8.7,10.7
21229,2014-09-14,,,,,,,,1.2,1.8,,8
21229,2014-09-15,2.8,1012.9,69,22.9,24.2,.9,.6,1,1.5,6.6,7.1
21229,2014-09-16,4.5,1015.4,65,21.9,24.1,1.2,.8,1.1,1.8,5.5,8
21229,2014-09-17,3.7,1017,57,21.6,23.8,.8,.6,.8,1.2,4.7,6.4
21229,2014-09-18,4.1,1017.6,52,21.8,23.7,.8,.6,.8,1.2,4,4.9
21229,2014-09-19,3.2,1015.3,54,22.2,23.7,.8,.5,.7,1.1,5.5,7.1
21229,2014-09-20,3,1015.3,57,22.3,23.8,.7,.4,.6,.9,5.5,10.7
21229,2014-09-21,4.6,1018.1,57,22.2,23.8,1.2,.8,.9,1.9,8.7,10.7
21229,2014-09-22,2.5,1020.1,53,22.3,24.4,.9,.6,.8,1.3,5.5,9.1
21229,2014-09-23,4.3,1019.4,65,22.4,24.4,.9,.6,1,1.5,4.5,5.3
21229,2014-09-24,9.2,1009.4,85,20.6,24,2.4,1.5,2.8,4.4,5.6,10.7
21229,2014-09-25,8.7,1012.8,67,20.9,22.9,3.6,2.3,2.8,4.4,7.1,8
21229,2014-09-26,4.7,1018.1,61,20.6,23,1.9,1.2,1.8,2.8,6.7,8
21229,2014-09-27,4.1,1016.4,68,22,23,1.3,.9,1.1,1.8,6.5,8
21229,2014-09-28,4.9,1015.4,73,22.4,23.4,1.2,.8,1.1,1.8,5.4,7.1
21229,2014-09-29,3.2,1013.3,69,21.6,23.6,.8,.5,.9,1.4,5.3,6.4
21229,2014-09-30,9.2,1017.1,73,17.7,23,3.4,2.4,3.9,5.1,7.6,10.7
21229,2014-10-01,4.6,1020.1,61,17.4,22.6,1.9,1.4,2.1,3,8.3,10.7
21229,2014-10-02,3.7,1009.7,69,19.8,22.5,1.2,.8,1.1,1.5,7,9.1
21229,2014-10-03,8.9,1009.2,66,20.3,22.3,2.2,1.5,2.1,3.4,5.8,9.1
21229,2014-10-04,9.4,1020.7,55,17.3,21.9,3.5,2.4,2.9,5.6,7.7,9.1
21229,2014-10-05,8.9,,63,18.3,22,2.5,1.8,2.3,3.3,6.2,8
21229,2014-10-06,10.6,1015.4,58,18.1,21.3,3.9,2.8,3.4,4.7,7.8,9.1
21229,2014-10-07,3.9,1021.9,48,17.8,20.9,2.7,1.9,2.7,3.7,8.2,9.1
21229,2014-10-08,2.3,1022.8,55,19.1,21,1.1,.8,1.4,2,7.1,8
21229,2014-10-09,2.8,1021.2,63,19.3,21.3,.6,.4,.5,.8,4.6,7.1
21229,2014-10-10,6.5,1023.5,74,18.9,21.1,1.7,1.2,2.3,3,5.7,9.1
21229,2014-10-11,6.4,1025.9,69,18.7,21.4,1.8,1.3,1.7,2.2,5.9,9.1
21229,2014-10-12,6.1,1020.5,77,19.9,21.3,2.1,1.4,1.6,2.5,6.3,9.1
21229,2014-10-13,13.8,1011.2,80,17.9,21.3,5.3,3.8,5.8,8.2,7.6,9.1
21229,2014-10-14,8.1,1016.2,56,14.7,21,4.7,3.5,5.2,6.6,8.9,9.1
21229,2014-10-15,3.3,1018.3,57,15.9,20.5,2.2,1.6,2.2,3.3,8.3,9.1
21229,2014-10-16,7.7,1015.4,53,18.2,20.4,2.1,1.5,2.1,3.4,5.4,8
21229,2014-10-17,5.5,1021,47,17.8,20.5,1.9,1.3,2.3,2.8,6.8,8
21229,2014-10-18,3.1,1022.6,53,19.5,20.9,1.1,.7,1,1.7,5,8
21229,2014-10-19,6.6,,67,19.5,20.9,1.1,.8,1.5,2.1,4,4.6
21229,2014-10-20,8.2,1017.3,81,20,20.7,2.1,1.5,2.2,3.4,5.4,6.4
21229,2014-10-21,10.2,1017.5,80,16.8,20.5,3,2.2,3.4,4.7,6.8,9.1
21229,2014-10-22,9.5,1020.1,63,14.2,20.3,3.2,2.1,2.5,5.2,6.9,8
21229,2014-10-23,3.4,1020.9,58,14.7,20,1.5,1.1,1.7,2.3,6.5,7.1
21229,2014-10-24,7.3,1018.6,73,18.5,19.8,1.4,1,1.2,2,4.7,6.4
21229,2014-10-25,7.8,1018.2,76,20,19.6,1.5,1.1,1.4,2,4.8,5.3
21229,2014-10-26,5.9,1014.9,75,19.9,18.8,1.5,1.1,1.3,2,5.1,5.3
21229,2014-10-27,7,1020.4,58,14.4,18.6,3.2,2.3,3.3,4.4,7.3,9.1
21229,2014-10-28,3.9,1025.9,62,14,18.4,2.4,1.8,2.4,3.9,8,9.1
21229,2014-10-29,5.4,1026.6,70,16.6,18.5,1.4,1,1.5,2.6,6,9.1
21229,2014-10-30,4.2,1025.1,66,16.9,18.7,1,.7,.8,1.2,7.2,10.7
21229,2014-10-31,3.3,1020.1,76,17.5,18.5,.8,.6,.8,1.2,7.4,9.1
21229,2014-11-01,5.4,1012.2,85,17.6,18.4,1.4,1,1.4,2,4.7,5.8
21229,2014-11-02,9.3,,67,16.9,18.3,2.7,1.8,4,6.3,5.8,9.1
21229,2014-11-03,9.4,1014.2,49,12.8,18,4.4,3,3.9,5.8,8.2,9.1
21229,2014-11-04,3.6,1020.7,47,15.3,18,1.7,1.2,1.7,3,6.4,7.1
21229,2014-11-05,6.1,1019.5,65,16.6,18.3,1.2,.8,.9,1.6,4.6,8
21229,2014-11-06,7.3,,62,16.9,18.7,1.4,1,1.9,2.8,4.8,6.4
21229,2014-11-07,7.8,1025.7,66,12.6,18.5,3.4,2.4,3.2,4.7,8.1,9.1
21229,2014-11-08,7.1,1025,67,16.6,18.4,2,1.4,1.6,2.6,5.9,8
21229,2014-11-09,5.5,1020,66,15.8,18.2,1.4,1,1.4,2.1,5.1,5.8
21229,2014-11-10,2.2,1021.8,49,14.8,18.1,1.1,.7,1,1.6,5.1,5.8
21229,2014-11-11,4.9,1015.4,58,15.4,17.7,.8,.6,1.1,1.4,4.1,5.8
21229,2014-11-12,10.7,1006.5,54,13.8,17.3,3.5,2.4,4,6.4,6.6,9.1
21229,2014-11-13,10.6,1016,53,6.8,17.3,5.4,3.8,5.4,10.7,8.9,10.7
21229,2014-11-14,8.3,1020.2,49,9.5,17.6,3.5,2.4,3.1,4.4,7.6,8
21229,2014-11-15,6.6,1025.9,51,10.5,16.9,2.6,1.8,2.8,4.1,7.1,8
21229,2014-11-16,3.5,1024.2,51,12.4,16.5,1.3,.9,1.2,1.7,6.4,8
21229,2014-11-17,6,1020.5,68,10.8,16.5,1.7,1.2,2.1,2.8,5.2,6.4
21229,2014-11-18,2.6,1025.6,69,10.3,16.9,1.9,1.3,1.6,2.5,6.5,7.1
21229,2014-11-19,3.6,1025.7,57,12.4,16.7,1.4,1,1.3,2,6.3,7.1
21229,2014-11-20,4.4,1023.6,47,14.4,17.3,.8,.6,.9,1.1,4.2,6.4
21229,2014-11-21,6.5,1021.9,50,15.7,17.3,1.4,.9,1.3,2.1,4.5,5.3
21229,2014-11-22,4.2,1022.8,60,16.4,17.2,1.1,.8,1.5,1.7,4.7,5.3
21229,2014-11-23,7.1,1025.2,67,13.8,16.2,1.5,1.1,1.5,2.2,5.7,6.4
21229,2014-11-24,5.5,,65,14.6,16.4,1.2,.8,1.4,2,4.3,5.3
21229,2014-11-25,9.7,1018.4,60,11.8,16.8,3,2.1,2.8,4,6.4,7.1
21229,2014-11-26,6.4,1018.1,67,12.2,16.9,2.1,1.5,1.8,2.6,6.5,7.1
21229,2014-11-27,3.9,1023.4,62,13.7,16.3,1.3,.9,1.1,1.8,6.8,7.1
21229,2014-11-28,5.6,1016.9,74,14.7,16.7,1,.7,.8,1.5,5.4,7.1
21229,2014-11-29,9.1,1018.3,78,13.7,16.4,2.7,1.9,2.6,4,6.4,8
21229,2014-11-30,6.1,1012.8,77,14.1,16.7,1.9,1.3,1.6,2.6,6.6,7.1
21229,2014-12-01,11.4,1003.3,69,8.8,17,4.4,3,5.6,8.1,7.8,10.7
21229,2014-12-02,12.5,1012.1,67,2.7,16.8,6.9,5,7.9,10.3,10.2,10.7
21229,2014-12-03,11.4,1014.5,56,6.1,16.5,5,3.4,4,7.1,8.4,9.1
21229,2014-12-04,9.1,1014.6,55,5.1,16.4,4,2.7,3.3,5.6,7.7,9.1
21229,2014-12-05,10.2,1013.2,68,2.8,16.5,3.5,2.5,3,5.7,7.2,8
21229,2014-12-06,10.8,1016.2,74,4,16.2,3.9,2.6,3.4,5.8,7.3,8
21229,2014-12-07,5.1,1023.8,68,4.6,15.8,2.6,1.8,2.5,3.9,7.7,8
21229,2014-12-08,5.8,1025,61,7.1,15.7,1.6,1.1,1.8,2.4,6.3,8
21229,2014-12-09,5.6,1031.7,69,7,15.1,2.6,1.8,2.1,3.7,6.9,8
21229,2014-12-10,8.3,1023.5,68,10.5,14.8,2.1,1.5,1.9,2.6,6.1,8
21229,2014-12-11,9.1,,61,7.9,15.2,3.4,2.4,3.5,5.5,7,9.1
21229,2014-12-12,8.7,1017,61,5,15.1,3.2,2.4,3.3,4.6,7.9,9.1
21229,2014-12-13,11.1,1019,60,2.3,15.1,4.6,3.1,3.5,5.8,8,9.1
21229,2014-12-14,9.5,1023.8,71,3.4,15,3.5,2.6,3.2,4.7,7.4,8
21229,2014-12-15,5.8,1025.3,61,6.9,15.1,2.8,2,2.8,4.8,7.4,8
21229,2014-12-16,11.8,1009.2,69,5.1,15,4.5,3.2,5.9,7.3,7.4,9.1
21229,2014-12-17,13.1,1013.1,83,-1.6,14.7,7.3,5.3,6.8,10.8,10,10.7
21229,2014-12-18,8.7,1026.4,79,.9,14.2,5.8,4.4,5.2,7.3,10.2,10.7
21229,2014-12-19,7.1,1028.1,56,7.4,14.2,3.9,2.6,3.8,7.4,9.8,12.8
21229,2014-12-20,11.3,,61,8.8,14.3,3.5,2.5,4.5,5.8,6.8,10.7
21229,2014-12-21,10,1017.5,57,2.9,14.1,4.3,3.1,3.5,5.4,8.4,9.1
21229,2014-12-22,10.2,1017.8,60,3.7,14,4.5,3.1,3.9,6.6,7.9,9.1
21229,2014-12-23,6.1,1023,54,7.6,14,2.9,2,2.9,4.6,7.1,9.1
21229,2014-12-24,6.8,1017.4,66,8.1,14,2.3,1.7,2.4,3.3,5.7,6.4
21229,2014-12-25,8.8,1021.5,68,4.6,13.9,3.3,2.3,2.7,4.5,7.3,8
21229,2014-12-26,6.3,1027.6,55,5,13.9,2.7,1.9,2.2,3.7,7.4,8
21229,2014-12-27,3.6,1029.3,54,7.1,13.7,1.7,1.2,1.7,2.9,7.2,9.1
21229,2014-12-28,5.3,1019.2,53,9.2,13.6,1.6,1.1,1.6,2.4,5.3,6.4
21229,2014-12-29,4.7,1011.9,51,8.6,13.7,1.6,1.1,1.4,2.2,5.5,6.4
21229,2014-12-30,9,1012.2,45,9.2,13.6,2.9,2,2.6,4,6.6,8
21229,2014-12-31,8.5,1011.7,60,5.3,13.5,3.3,2.2,2.8,4.7,7.1,8
21229,2015-01-01,11.8,1014.9,93,.1,13.4,5,3.7,4.6,7.2,8.2,9.1
21229,2015-01-02,9.6,1017.4,71,1.9,13.3,3.9,2.8,3.7,5.8,7.7,9.1
21229,2015-01-03,5.2,1019.1,49,5.4,13.3,2.5,1.8,3.1,3.8,7.5,9.1
21229,2015-01-04,5.4,1015.2,60,8.4,13.3,2.3,1.6,2.3,3.6,6.4,8
21229,2015-01-05,7.2,1017.2,67,10.1,13.2,1.6,1.1,2.1,2.9,4.7,6.4
21229,2015-01-06,9.3,1007.7,72,6.4,13.2,3.6,2.5,4.1,6.7,6.9,10.7
21229,2015-01-07,8.4,1016.2,63,3.1,13.2,3.9,2.7,3.2,4.7,8.2,10.7
21229,2015-01-08,5.6,1020.1,53,4.9,13.1,3.5,2.7,3.7,4.9,9.6,12.8
21229,2015-01-09,4.7,1019.8,63,4.7,13.1,3.9,2.6,2.9,5.3,9.6,12.8
21229,2015-01-10,7.9,1018.9,51,6.5,13,2.8,2,2.3,3.2,8,10.7
21229,2015-01-11,9.3,1018.9,62,4.9,12.8,3.4,2.4,3.3,4.8,7.3,8
21229,2015-01-12,9.4,1031.2,61,4.1,12.8,4.4,3.1,3.6,7.4,9,10.7
21229,2015-01-13,4.3,1033.2,56,6.6,12.8,2.7,2,2.4,3.7,8.8,10.7
21229,2015-01-14,4.2,1026.7,68,9.2,12.7,1.4,1,1.4,1.9,8,9.1
21229,2015-01-15,8.2,1020.2,76,6.7,12.7,2.4,1.7,2.6,3.9,6.9,8
21229,2015-01-16,7.3,1016.2,65,6.7,12.7,2.8,1.8,2.8,4.7,6.8,8
21229,2015-01-17,10.4,1020.4,66,3.7,12.6,4.1,2.9,4.1,5.2,7.6,8
21229,2015-01-18,5.4,1018.9,43,7.1,12.5,2.4,1.6,2.1,3.1,6.8,9.1
21229,2015-01-19,8.9,1016.9,56,6.9,12.5,3.2,2.3,3.1,5.3,6.7,7.1
21229,2015-01-20,5.5,1026,68,7.1,12.4,2.1,1.4,1.9,2.7,6.7,8
21229,2015-01-21,3.4,1022.3,75,8.3,12.4,1.8,1.3,1.5,2.6,5.5,6.4
21229,2015-01-22,11.1,1016.2,72,6,12.3,3.8,2.6,4.2,6.7,6.7,8
21229,2015-01-23,5.6,1020.4,60,4.6,12.2,3.3,2.3,3.2,5.7,7.6,8
21229,2015-01-24,6.6,1023.7,58,7.1,12.1,2.7,1.9,2.4,3.7,8,9.1
21229,2015-01-25,5.5,1026.5,63,8.1,12.1,2,1.4,1.7,3,8.2,9.1
21229,2015-01-26,5.8,1016.8,85,10,12.1,1.6,1.1,1.5,2.2,5.2,6.4
21229,2015-01-27,8.8,1019.3,75,4.1,12,3.4,2.4,3.9,6.1,7.3,10.7
21229,2015-01-28,7.7,1026.8,70,1,12,3.1,2.2,2.8,3.8,8,9.1
21229,2015-01-29,5.3,1027.6,61,3.9,11.9,1.7,1.2,1.5,2.4,7.6,9.1
21229,2015-01-30,8.7,1019.6,70,4.7,11.9,2.3,1.5,3.4,5.7,6.5,8
21229,2015-01-31,9.9,1027.3,62,1.8,11.8,4.2,2.8,3.6,5.4,8.3,9.1
21229,2015-02-01,3.1,1030.8,61,3.4,11.8,2.9,2,2.6,4.4,8.3,9.1
21229,2015-02-02,4,1030.7,64,4.4,11.8,2.3,1.6,2,3,8.3,9.1
21229,2015-02-03,4.2,1028.7,55,5,11.8,1.9,1.3,1.5,2.7,8,9.1
21229,2015-02-04,3.5,1021.6,72,5.1,11.8,2.2,1.5,1.9,2.9,9.4,10.7
21229,2015-02-05,11,1018.6,68,3.8,11.8,3.2,2.2,2.8,4.4,6.2,9.1
21229,2015-02-06,4.3,1022.3,53,5.8,11.7,1.5,1.1,1.7,2.6,6.5,7.1
21229,2015-02-07,4.6,1018,55,8,11.6,1.3,.9,1.3,2.1,6.2,7.1
21229,2015-02-08,10.7,1015.4,76,1,11.6,4.8,3.4,5.8,8.1,8.5,10.7
21229,2015-02-09,12.2,1019.6,66,-.1,11.4,5,3.6,4.4,6.3,8.6,10.7
21229,2015-02-10,9,1014.4,48,5.7,11.4,3.7,2.6,3.9,5.6,8,9.1
21229,2015-02-11,6.1,1010,52,7.6,11.4,2.5,1.7,2.2,3.2,6,7.1
21229,2015-02-12,9.7,1008.1,58,4.1,11.4,3,2.2,4.8,6.8,6.5,9.1
21229,2015-02-13,10.6,1014.4,59,1.6,11.2,3.9,2.9,4.2,5.4,7.7,9.1
21229,2015-02-14,8,1017.6,50,6.7,11.2,2.3,1.6,1.8,3.3,6.4,8
21229,2015-02-15,6.6,1022.2,57,7.3,11.1,1.9,1.3,2,3.3,5.6,7.1
21229,2015-02-16,5.2,1018.1,62,5.7,11,1.3,.9,1.1,2,7.3,12.8
21229,2015-02-17,6.9,1011.4,80,6.4,11,2.3,1.6,3.1,4.7,9.4,10.7
21229,2015-02-18,10.5,1016.3,75,4.9,10.7,3.2,2.3,2.9,3.8,6.7,8
21229,2015-02-19,10.8,1024.7,59,4.3,10.5,4,2.9,3.6,5.8,8,9.1
21229,2015-02-20,4.1,1028,53,5,10.8,2.1,1.5,2.8,3.9,7.3,9.1
21229,2015-02-21,7.6,1022.3,75,8,10.9,1.7,1.2,1.5,2.6,4.8,6.4
21229,2015-02-22,8.9,1012.2,81,10.5,10.9,2.6,1.9,2.4,3.6,6.5,8
21229,2015-02-23,5.5,1015.5,55,7.4,10.8,2.8,2.1,2.5,3.9,7,8
21229,2015-02-24,5.1,1016.3,52,6.4,10.8,2.1,1.4,1.9,3.6,6.8,8
21229,2015-02-25,4.7,1019.9,59,7.7,10.9,1.5,1,1.4,2.3,5.2,7.1
21229,2015-02-26,9.4,1012.7,58,8.7,10.8,2.5,1.8,2.7,3.9,5.6,8
21229,2015-02-27,10.6,1022.1,62,2.9,10.7,4.5,3.4,4,5.6,8.9,10.7
21229,2015-02-28,4.6,1026.8,57,4.9,10.6,3.5,2.5,3.7,5,9.3,10.7
21229,2015-03-01,6.4,1015,67,5.9,10.6,2.5,1.8,2.5,4,8.8,10.7
21229,2015-03-02,6.9,1018,51,6.5,10.7,2.9,2,3.4,4.7,7,9.1
21229,2015-03-03,7.3,1012.1,67,7.8,10.7,1.7,1.2,1.7,2.4,5,7.1
21229,2015-03-04,10.8,1011.2,55,4.5,10.6,4.1,2.9,4,6.5,7.6,9.1
21229,2015-03-05,6.3,1025.2,61,3.2,10.6,4.3,3.1,3.9,5.6,9.6,10.7
21229,2015-03-06,3.1,1026,52,4,10.7,2.5,1.7,2.6,3.8,9.3,10.7
21229,2015-03-07,2.7,1023.7,61,6,10.7,1.1,.8,1.5,1.8,7.6,8
21229,2015-03-08,3.3,1024.6,63,7.7,10.7,.6,.5,.6,.8,5.2,8
21229,2015-03-09,5.6,1012.6,73,7.9,10.7,1.5,1,2.4,5,4.7,6.4
21229,2015-03-10,14.2,1015.1,67,1.3,10.5,6.9,4.8,5.9,10.1,9,10.7
21229,2015-03-11,11.4,1015.5,51,4.2,10.4,5.5,3.9,5,7.7,8.5,9.1
21229,2015-03-12,9.1,1015.5,41,5.1,10.4,4.7,3.2,4.1,6.4,7.7,8
21229,2015-03-13,5.4,1017.5,49,6.6,10.4,2.6,1.9,2.5,3.6,6.2,7.1
21229,2015-03-14,4,1023.4,49,6.3,10.6,1.3,.9,1.3,2.1,5.2,6.4
21229,2015-03-15,6.8,1020.9,71,9.7,10.4,1.5,1,1.2,2.4,4.4,4.9
21229,2015-03-16,3.5,1020.4,87,10.4,10.5,1,.6,.9,1.5,4.3,5.3
21229,2015-03-17,3.7,1017,92,10.9,10.6,.8,.6,.8,1.2,4.1,4.9
21229,2015-03-18,7.9,1015.2,86,9.7,10.5,2,1.4,1.9,2.8,5.1,6.4
21229,2015-03-19,5.9,1013.3,88,9.1,10.5,2.2,1.5,1.9,2.9,6.1,6.4
21229,2015-03-20,3.6,1017.5,87,9.7,11,1.2,.8,1.2,1.8,6.5,7.1
21229,2015-03-21,3.7,1014.3,91,10.7,10.9,.8,.5,.7,1,4.2,5.8
21229,2015-03-22,6.3,1014.5,67,10.6,10.8,1.1,.7,1.2,1.5,3.8,4.6
21229,2015-03-23,7.8,1022.4,40,5.7,10.5,2.6,1.9,2.5,3.5,7,9.1
21229,2015-03-24,6.1,1029.5,49,6,10.4,2.5,1.8,2.1,3.2,7.2,9.1
21229,2015-03-25,3.3,1034.1,49,7.8,10.7,2.5,1.7,2,3.4,10.1,10.7
21229,2015-03-26,5.1,1030.4,70,10.5,10.7,1.8,1.3,2,2.8,9.4,10.7
21229,2015-03-27,5,1023.8,80,11.3,10.8,1.2,.8,1.2,1.9,5.5,9.1
21229,2015-03-28,3.8,1015.4,78,11.8,10.9,1.6,1.1,1.4,2.4,5.7,6.4
21229,2015-03-29,3.6,1015.2,74,11.4,11,1.2,.8,1.1,1.7,5.2,6.4
21229,2015-03-30,5.6,1019.1,82,11.4,11.1,1,.7,1.1,1.7,4.4,5.3
21229,2015-03-31,4,1014.8,90,12.2,11.2,1.3,.9,1.3,2.1,5,5.8
21229,2015-04-01,7.4,1016.6,85,9.7,10.9,2.3,1.5,2.8,4.5,5.6,7.1
21229,2015-04-02,7.1,1013.8,81,10.2,10.8,1.8,1.3,2,2.8,5,5.8
21229,2015-04-03,9.9,1004.1,83,11.3,10.8,4.3,2.9,4.5,6.7,7.4,9.1
21229,2015-04-04,4.4,1018.4,77,8.6,10.7,2.1,1.5,2,2.9,7.3,9.1
21229,2015-04-05,3.9,1014.9,77,9.3,10.7,1.6,1.1,1.4,2.2,7.7,8
21229,2015-04-06,5,1018.3,73,9.1,10.7,1.5,1.1,2.1,2.8,6.4,7.1
21229,2015-04-07,8.4,1025.8,62,5.9,10.6,3.1,2.1,2.4,3.9,7.1,8
21229,2015-04-08,6.3,1028,55,6.4,10.7,1.9,1.3,1.7,2.5,5.6,7.1
21229,2015-04-09,4.2,1026,59,8.1,10.7,1,.7,1,1.5,4.8,5.8
21229,2015-04-10,3.3,1023.7,70,9.3,10.9,.8,.6,.6,1,4.1,4.9
21229,2015-04-11,4,1026.7,70,9.9,11.1,.9,.6,.8,1.5,4.4,4.9
21229,2015-04-12,5.8,1028.4,82,10.7,11.1,1.3,.9,1.6,2.1,4.7,5.8
21229,2015-04-13,8.9,1020,84,10.4,11.1,3.2,2.1,2.5,3.8,6.7,7.1
21229,2015-04-14,7.6,1006,90,9.8,11.2,2.3,1.6,2.2,3.6,6.2,7.1
21229,2015-04-15,5.7,1004.8,79,10.3,10.8,1.4,.9,1.2,2,4.6,5.8
21229,2015-04-16,7.4,1005,78,12.7,11.3,2.8,2.1,3.6,5.1,7.4,8
21229,2015-04-17,8.7,1012.8,59,12.1,11,3.1,2.2,2.9,4.3,6.4,8
21229,2015-04-18,5.3,1015.1,79,12.3,11,1.5,1.1,2,2.7,5.8,8
21229,2015-04-19,3.5,1010.3,95,12.4,11.3,1.1,.8,1.4,1.9,4.9,7.1
21229,2015-04-20,9.5,1004,88,9.9,11,3.3,2.2,3.4,5.6,6.7,9.1
21229,2015-04-21,5.1,1014.7,83,10.4,11.2,2.2,1.5,2.3,4,7.4,9.1
21229,2015-04-22,1.8,,83,12.7,11.6,1,.7,1.1,1.8,4.5,7.1
21229,2015-04-23,5,,84,12.8,11.6,.9,.6,1.5,2.2,3.7,5.3
21229,2015-04-24,3.2,1017.9,70,13.7,11.9,1.3,.9,1.4,2.3,5.3,6.4
21229,2015-04-25,2.9,1018.8,84,13.1,12.6,.7,.4,.7,1.2,4.4,5.3
21229,2015-04-26,5.5,1015.5,80,14.1,12.2,1.4,1,1.3,2,4.7,5.3
21229,2015-04-27,4.9,1013.6,81,14.7,12.7,1.5,1,1.3,2.2,5.4,6.4
21229,2015-04-28,3.8,1014.7,86,14.1,12.4,1.2,.8,1.3,1.9,4.8,6.4
21229,2015-04-29,2.3,1014.8,88,14.6,13.7,.6,.4,.6,.9,5.5,7.1
21229,2015-04-30,2.2,1014.4,98,13.7,14,.6,.4,.6,.8,4.9,7.1
21229,2015-05-01,2.8,1014.1,95,15.3,14.2,.3,,.3,.4,4.1,6.4
21229,2015-05-02,4.3,1012.1,91,15.6,14,.7,.5,.8,1.1,3.5,4.6
21229,2015-05-03,3.4,1008.8,92,15.6,14.1,.8,.5,1,1.9,3.7,4.3
21229,2015-05-04,5.1,1004.4,90,14.2,14,1.3,.9,1.4,2.3,4.6,7.1
21229,2015-05-05,6.1,1008.9,80,14.5,14,1.2,.9,1.4,2.6,5,6.4
21229,2015-05-06,3.3,1009.5,90,14.7,14.1,1.1,.8,1.4,1.9,4.9,5.8
21229,2015-05-07,2.3,1011.1,90,14.8,14.2,.7,.5,.6,1,4.2,4.9
21229,2015-05-08,2.4,1012.6,82,15.3,14.1,.5,.3,.5,.7,3.6,4.3
21229,2015-05-09,5.6,1012.4,83,14.5,14.4,.9,.6,1.2,2.3,3.5,5.8
21229,2015-05-10,4.2,1020,67,13.3,14.7,1.3,.9,1.4,2.3,5.6,6.4
21229,2015-05-11,7.5,1016.1,80,14.8,14.4,1.5,1,1.6,2.6,4.5,5.3
21229,2015-05-12,10.1,,86,15.2,13.7,3.8,2.7,3.1,6,7.1,9.1
21229,2015-05-13,11.7,1000.2,77,15.9,13.5,4.5,3.2,4,6.2,7.5,9.1
21229,2015-05-14,6.9,1006.2,87,16,14.3,3.2,2.1,3.2,5.4,7.1,8
21229,2015-05-15,4.6,1007.3,91,,,1.5,1,1.7,2.5,5.8,9.1
21229,2015-05-16,3.9,,89,,,.8,.5,.9,1.4,4.8,7.1
21229,2015-05-17,3.2,1009.6,78,16.3,15.1,.8,.6,.9,1.4,4.3,6.4
21229,2015-05-18,6.1,1004.2,83,15.8,15.1,1.2,.9,1.3,2.1,4.4,5.3
21229,2015-05-19,3.8,1004,89,15.7,15.1,1,.7,1,1.3,5.6,9.1
21229,2015-05-20,4.5,1006.5,75,15,14.7,1.4,1,1.4,2.2,7.4,9.1
21229,2015-05-21,5.7,1010.3,79,16.2,15,1.2,.9,1.2,2,6.7,9.1
21229,2015-05-22,5.5,1009.8,78,17.3,15.5,1.4,1,1.2,1.9,5,5.8
21229,2015-05-23,3.6,1008.9,85,17,15.7,1.1,.8,1.1,2,5.2,5.8
21229,2015-05-24,2.9,,90,17.3,16.5,.9,.6,.9,1.4,4.4,5.3
21229,2015-05-25,2.9,1008.8,91,17.4,16.9,.4,.3,.4,.5,3.2,3.8
21229,2015-05-26,3.1,1008.8,91,18.3,17.6,.4,.3,.3,.5,3.1,7.1
21229,2015-05-27,4.6,1009.8,86,17.2,17.2,.8,.6,.8,1.3,3.7,5.3
21229,2015-05-28,3.3,1011.2,91,17,17.2,.7,.5,.7,.9,4.4,5.8
21229,2015-05-29,3,1007.5,92,18.5,17.9,.4,,.4,.5,4.2,5.3
21229,2015-05-30,3.5,1003.4,85,18.6,17.6,.5,,.5,.6,3.4,4.6
21229,2015-05-31,3.2,1008.3,88,17.6,17.9,.5,.4,.5,.8,3.5,4.3
21229,2015-06-01,5.4,1008.7,92,18.2,17.8,.8,.6,.9,1.2,3.4,4.3
21229,2015-06-02,4.3,,91,19,18.4,1,.6,.7,1.2,4.2,4.9
21229,2015-06-03,7,1004.1,74,19,18.3,1.7,1.2,1.7,3,5.5,6.4
21229,2015-06-04,3.7,1010.3,84,18.7,18.6,1,.7,1.2,1.9,6.5,10.7
21229,2015-06-05,5.9,1007,79,17.6,18,1.6,1.1,1.3,2,7.4,9.1
21229,2015-06-06,2.9,1013.8,75,17.6,18.3,1.2,.8,.9,1.8,8.9,10.7
21229,2015-06-07,5.9,1015,87,18.2,17.9,1.3,.9,1.1,1.8,7.6,10.7
21229,2015-06-08,5.4,1008.2,91,18.7,17.9,1.2,.8,1,1.7,4.2,7.1
21229,2015-06-09,2.6,1006,94,18.5,18.5,.9,.7,.8,1.2,5.1,5.8
21229,2015-06-10,2.6,1008.7,92,20.2,19.5,.5,.3,.4,.6,4,5.3
21229,2015-06-11,4.6,1005.7,95,19.2,19.5,.8,.5,.8,1.4,4,6.4
21229,2015-06-12,5.3,1002.6,92,19.3,19.4,1.5,1,1.4,2.1,5.3,6.4
21229,2015-06-13,2.8,1008.5,90,19.1,19.5,1.2,.8,1.1,1.6,5.6,6.4
21229,2015-06-14,3.4,1007.9,92,20.2,20,1.1,.8,1.1,1.6,5.2,6.4
21229,2015-06-15,,,,,,,,.5,.7,,5.3
21229,2015-06-16,,,,,,,,.5,.7,,5.3
21229,2015-06-17,4,1006.5,92,20.4,21.2,.5,.4,.5,.9,2.9,3.4
21229,2015-06-18,6.8,1007.8,90,20.2,21.1,1.3,.9,1.2,1.9,4.2,5.3
21229,2015-06-19,7.5,1009,87,19.2,20.7,1.5,1,1.2,1.8,4.4,7.1
21229,2015-06-20,3.5,1009.6,86,18.9,20.5,.9,.7,1,1.3,5.9,6.4
21229,2015-06-21,2.6,1010.5,85,20.1,20.8,.6,.4,.5,.8,4.9,5.8
21229,2015-06-22,5,1010.8,87,20.5,20.7,.7,.5,.7,1.1,3.4,4.3
21229,2015-06-23,3,1012,89,21,21.2,.6,.4,.7,1.1,3.9,4.3
21229,2015-06-24,3,1011.3,86,21.3,21.6,.5,.3,.5,.8,5.6,7.1
21229,2015-06-25,4.5,1007.3,85,21.4,21.8,.9,.6,.8,1.3,4.2,5.3
21229,2015-06-26,9.1,993.2,97,20.7,21.2,2.7,1.8,3.5,5.4,5.7,8
21229,2015-06-27,8.6,1004.7,88,18.5,18.7,4.4,3.1,3.8,5.6,8.7,10.7
21229,2015-06-28,4.3,1011.3,85,17.7,18.6,3.8,2.5,2.9,4.7,9.8,10.7
21229,2015-06-29,6.1,1007.8,89,19,18.9,2.3,1.6,2.2,3.3,8.6,10.7
21229,2015-06-30,3.6,999.9,96,19.8,19.3,1.2,.8,1.1,1.6,4.9,8
21229,2015-07-01,4.7,994,91,20,19.7,1.2,.8,1.4,2,4.4,5.3
21229,2015-07-02,5.6,1000.2,83,20.8,19.7,1.5,1,1.3,2.2,5.4,6.4
21229,2015-07-03,4.5,1004.7,91,20.4,20,1.2,.8,1,1.8,6.5,9.1
21229,2015-07-04,5.5,1009.5,81,19.7,20.5,1.5,1,1.3,2.3,7,9.1
21229,2015-07-05,2.3,1012.4,77,19.7,20.9,.8,.6,.8,1.3,6,7.1
21229,2015-07-06,2.4,1013,82,20.4,21.3,.5,.4,.5,.9,4.6,6.4
21229,2015-07-07,3.2,1012.4,87,20.9,21.3,.4,.3,.4,.6,3,4.6
21229,2015-07-08,7.2,1013.6,93,20.2,21,1.5,1,1.6,2.4,4.8,9.1
21229,2015-07-09,4.7,1016.4,91,21.1,21,1.5,1,1.3,2.2,7.5,9.1
21229,2015-07-10,3.1,1015.9,88,21.1,21.2,.8,.5,.8,1.1,5.1,7.1
21229,2015-07-11,3.5,,96,21.3,21.3,.6,.4,.5,.8,3.8,4.3
21229,2015-07-12,6.3,1003.5,92,23,21.2,1.4,1,2.4,3.5,7.1,10.7
21229,2015-07-13,13.8,993.8,90,22.4,20.4,5.1,3.6,4.6,7.3,7.7,9.1
21229,2015-07-14,6.3,1001.6,92,21.4,20.4,2.8,1.9,3.4,5,6.6,8
21229,2015-07-15,4.6,1006.8,96,20.6,20.4,1.2,.8,1.4,2.2,4.4,5.3
21229,2015-07-16,10.3,1008.4,87,19.4,20.2,3.6,2.5,3.6,5.8,6.9,10.7
21229,2015-07-17,11.2,1004.7,87,19.2,19.8,5.1,3.4,3.8,6.5,8.1,9.1
21229,2015-07-18,4.4,1009.3,86,20.2,20.1,2.4,1.7,2.8,3.9,7,8
21229,2015-07-19,2.6,1013,89,20.7,20.6,.9,.7,.9,1.4,5.9,7.1
21229,2015-07-20,2.7,1012.1,96,21.5,21.1,.6,.4,.5,.8,4.2,5.8
21229,2015-07-21,2.8,1008.6,96,21.5,21.2,.5,.3,.4,.6,4,4.6
21229,2015-07-22,1.7,1007.6,98,21.7,21.4,.6,.4,.4,.7,5.8,9.1
21229,2015-07-23,3.9,1007.3,99,22.3,21.5,1.3,.9,1.4,2.2,6.6,8
21229,2015-07-24,9.8,1005.3,97,22.8,20.8,2.9,2,2.8,4.4,6.4,7.1
21229,2015-07-25,7.9,1006.7,95,22.8,21.2,2.5,1.8,2.3,3.4,6,7.1
21229,2015-07-26,4.6,1007.8,94,23.3,21.9,1.3,.9,1.6,2.5,4.7,5.8
21229,2015-07-27,2.5,1006.3,97,23.3,22.4,.5,.4,.5,.7,5.1,10.7
21229,2015-07-28,1.9,1006.6,94,24.8,23.2,.8,.5,.7,1.1,4.1,5.8
21229,2015-07-29,3.3,1005.9,95,24.9,24.1,.7,.5,.7,1.1,5,5.8
21229,2015-07-30,3.6,1007.3,94,25.6,24.3,1,.7,.9,1.4,5.6,5.8
21229,2015-07-31,3.7,1008.1,95,25.8,24.9,.9,.6,.8,1.2,5.2,5.8
21229,2015-08-01,2.5,1010.4,98,25.6,25.5,.8,.6,.7,1,4.2,5.3
21229,2015-08-02,5.5,1009.8,97,25,24.9,1.1,.8,1,1.5,4.5,5.3
21229,2015-08-03,5.7,1008.3,95,25.4,24.7,1.1,.8,1,1.6,5,5.8
21229,2015-08-04,6.8,1006.1,94,25.5,25.4,1.7,1.1,1.3,2.7,5.1,5.8
21229,2015-08-05,5,1007.5,93,25.8,25.5,1.2,.9,1.2,1.7,5,5.8
21229,2015-08-06,3.5,1012.1,98,25,25.8,.7,.5,.6,1,3.7,4.9
21229,2015-08-07,2.6,1016.1,98,25.4,25.7,.3,,.2,.4,3.6,7.1
21229,2015-08-08,2.4,,94,26.1,26.6,.4,.3,.4,.5,3.1,6.4
21229,2015-08-09,2.9,1010.1,91,26.2,26.4,.5,.4,.4,.6,6.9,12.8
21229,2015-08-10,2.2,,92,,26.8,.7,.5,.8,1,9.5,12.8
21229,2015-08-11,2.2,1006.6,91,26.8,27,.5,.4,.5,.8,8.9,10.7
21229,2015-08-12,4.1,1005.4,78,25.9,26.6,.7,.5,.9,1.2,4.3,9.1
21229,2015-08-13,3.6,1004.3,85,25.3,25.9,.9,.6,.8,1.3,7.9,9.1
21229,2015-08-14,2.1,1006,84,25.1,26.3,.8,.5,.6,1,6.4,8
21229,2015-08-15,2.8,1008.4,82,25.4,26.3,.7,.5,.6,.9,5.4,6.4
21229,2015-08-16,2.4,1008.4,81,25.9,26.5,.6,.4,.5,.8,5.6,6.4
21229,2015-08-17,4.8,1007.2,84,25.9,26.3,.9,,1.2,1.9,4.9,6.4
21229,2015-08-18,5.4,1012.6,84,25.5,26.2,1.9,1.4,1.8,3,6.9,8
21229,2015-08-19,3,1014.2,81,25.6,26,2.1,1.4,1.8,2.9,8.4,9.1
21229,2015-08-20,3.8,1009.6,87,25.7,26,1.1,.8,1.1,1.7,7.1,8
21229,2015-08-21,5.1,1004.2,89,23.8,25.8,1,.7,1,1.8,4.1,7.1
21229,2015-08-22,1.8,1005.5,83,25.1,25.9,1,.7,.9,1.4,5.8,7.1
21229,2015-08-23,2.9,1008.7,84,25.5,25.9,1.5,1,1.5,1.9,6.9,7.1
21229,2015-08-24,8.2,1009.5,86,24.8,25.2,2.7,1.8,2.9,4.1,7.4,8
21229,2015-08-25,16.2,995.7,94,22.5,23.8,6.9,4.7,8.3,11.6,8.5,10.7
21229,2015-08-26,12.3,999.5,85,20.3,22.1,6.4,4.7,6.5,9.7,10.1,10.7
21229,2015-08-27,6.3,1006.3,91,22.4,21.8,2.8,2,2.9,4.3,8.7,9.1
21229,2015-08-28,2.4,1008.2,94,22.7,22.1,1,.7,.9,1.4,6.1,8
21229,2015-08-29,3,1008.9,97,22.7,22.9,.7,.5,.6,.9,5.7,9.1
21229,2015-08-30,1.1,1011.3,94,22.9,23.2,.9,.6,1,1.6,6.1,8
21229,2015-08-31,2.3,1013.3,93,23.3,23.2,1,.7,.8,1.3,6.1,7.1
21229,2015-09-01,8.5,1010.1,91,23,23.3,1.9,1.3,2.2,3.2,5.3,7.1
21229,2015-09-02,4.6,1013.4,88,22.7,23.2,2,1.4,1.8,3,6.9,8
21229,2015-09-03,3.3,1010,92,23,23.3,1.1,.8,1.1,1.7,6.2,7.1
21229,2015-09-04,4.8,1012.1,79,22.7,22.9,1.1,.7,.9,1.9,4.6,6.4
21229,2015-09-05,6.7,1011.8,73,22.3,22.6,1.3,.9,1.5,2.5,5,6.4
21229,2015-09-06,9.4,1008.3,80,20.5,22.2,2.9,1.9,2.2,4.1,6.2,6.4
21229,2015-09-07,8,1013.7,71,20.9,22.1,2.3,1.6,2,3.4,6.5,7.1
21229,2015-09-08,8.5,1016.3,74,21.1,22.1,2.5,1.6,2.2,3.1,6.7,7.1
21229,2015-09-09,11.5,1013,88,20.9,21.9,4,2.8,3.5,5.9,7.6,9.1
21229,2015-09-10,8.1,1011.3,81,21.1,21.5,6.3,4.3,5.6,9,10,10.7
21229,2015-09-11,3.2,1009.4,81,21.5,21.8,3.8,2.6,3.7,5,8.8,10.7
21229,2015-09-12,4.9,1008.1,88,19.4,21.7,2,1.4,1.8,3.4,7.4,9.1
21229,2015-09-13,3.2,1015.4,68,20.3,21.8,1,.7,.9,1.5,5.3,6.4
21229,2015-09-14,2.7,1022.5,64,20.8,22.6,.6,.4,.5,.8,4.5,6.4
21229,2015-09-15,5.6,1022.8,65,20.6,21.9,1,.7,.9,1.5,4.1,5.3
21229,2015-09-16,5.5,1019,71,20.7,21.9,1.3,.9,1.1,1.7,5.1,5.8
21229,2015-09-17,7.8,1016.9,82,20.7,21.8,1.9,1.3,1.7,2.3,5.4,5.8
21229,2015-09-18,6.9,1017,79,20.4,21.5,2.1,1.5,1.7,2.6,6.3,7.1
21229,2015-09-19,3.7,1013.8,77,20.3,21.5,2,1.4,1.6,2.4,7.2,8
21229,2015-09-20,2.2,1013.4,78,20.7,21.9,1.5,1,1.4,2.2,7,8
21229,2015-09-21,2.4,1015.6,80,21.3,22.1,.8,.6,.8,1.2,6.3,7.1
21229,2015-09-22,,1017.2,84,21.5,22.4,,,.6,.8,,6.4
21229,2015-09-23,4.3,1013.5,88,22,22.3,1.1,.8,1,1.6,4.8,5.3
21229,2015-09-24,4.3,1008.9,85,21.3,22.1,1.1,.7,1.5,2.5,4.7,7.1
21229,2015-09-25,4.8,1007.8,87,21.1,21.9,1.4,1.1,1.5,1.9,5.8,6.4
21229,2015-09-26,1.3,1010.8,85,21.1,21.9,.8,.5,.7,1.2,4.3,5.8
21229,2015-09-27,2.5,1014.8,82,21.4,22.1,.6,.4,.5,.7,5.1,6.4
21229,2015-09-28,5.5,1018.7,79,21.5,22.3,1,.6,1,1.7,3.7,6.4
21229,2015-09-29,4.7,1023.7,68,20.3,22.1,1.4,1,1.4,1.9,5.7,7.1
21229,2015-09-30,5.6,1024.1,59,20.2,21.8,1.3,.9,1.2,1.7,5.2,7.1
21229,2015-10-01,10.3,999.8,87,21.5,21.9,3,2.1,3.7,5.1,6.2,9.1
21229,2015-10-02,10.8,1008.1,53,19,21.8,4.4,3,4.5,6.6,7.8,9.1
21229,2015-10-03,9.4,1014.7,70,20.6,21.1,2.4,1.7,2,3.6,5.8,7.1
21229,2015-10-04,4.6,1024.3,46,19,21.1,1.7,1.2,2.1,2.7,6.2,8
21229,2015-10-05,1.6,1024.2,53,18.9,20.9,.8,.5,.8,1.2,5,5.8
21229,2015-10-06,3.4,1021,61,19.1,20.6,.6,,.4,.8,5.3,9.1
21229,2015-10-07,2.8,1019.3,70,19.1,20.4,.7,.5,.6,.8,5.2,8
21229,2015-10-08,2,1011.6,71,19.4,20.9,.9,.6,.8,1.3,5.2,6.4
21229,2015-10-09,6.5,1007.5,62,20.3,21,2.2,1.5,2.9,4.2,7.4,12.8
21229,2015-10-10,6.3,,54,18.9,21.2,2.7,2,2.7,3.9,9.5,10.7
21229,2015-10-11,9.5,1009,57,16.7,20.5,2.8,1.9,2.4,3.7,6.5,9.1
21229,2015-10-12,7.4,1013.4,57,16.5,20.6,2.4,1.7,2.4,3.6,5.8,7.1
21229,2015-10-13,6.5,1017.1,52,18.2,20.3,1.8,1.2,1.7,2.8,5.4,7.1
21229,2015-10-14,3.9,1019.3,66,18.9,20.1,1.7,1.2,1.8,3.1,6.5,8
21229,2015-10-15,2.6,1020.9,68,18.9,20.1,.8,.6,1,1.6,5.3,8
21229,2015-10-16,3.1,1020.2,72,19.4,20.5,.7,.5,.7,1,4.5,8
21229,2015-10-17,2.3,1020.8,73,19,20.6,.6,.4,.5,.8,4.9,8
21229,2015-10-18,5.8,1018.8,79,19.4,21,.9,.6,1.7,2.1,3.7,5.8
21229,2015-10-19,5.7,,71,18.4,20.9,2.2,1.6,2.3,3.4,6.6,8
21229,2015-10-20,7.7,1016.2,72,19.1,21.3,1.9,1.4,2.2,3.1,4.8,7.1
21229,2015-10-21,6.9,1018.4,76,18.8,21.3,1.9,1.3,2,2.9,5.3,7.1
21229,2015-10-22,5.5,1023,68,15.9,21.3,2.5,1.7,2,3,7.2,8
21229,2015-10-23,5,1019.2,71,18.6,21.4,1.3,.9,1.2,1.6,5.6,7.1
21229,2015-10-24,8,1015.6,69,19.4,20.9,1.7,1.1,2.3,3.8,4.7,6.4
21229,2015-10-25,5.7,1025.5,55,14.3,20.7,2.8,2,3,4.8,8,9.1
21229,2015-10-26,5,1023.2,60,15.3,20.5,2,1.4,1.8,2.8,10,12.8
21229,2015-10-27,9,1007.7,75,18.1,20,2.9,2,2.7,4.1,6.9,9.1
21229,2015-10-28,10.1,1014.6,46,15.3,20,3.9,2.7,3.7,6,7.5,9.1
21229,2015-10-29,7.4,1019.2,48,13.6,19.5,3,2,3.2,4.6,7,8
21229,2015-10-30,8.2,1022.5,49,11.9,19.8,3,2,3.4,5,6.6,8
21229,2015-10-31,4.2,1027,48,11.9,19.2,1.4,1,1.3,1.9,6.2,8
21229,2015-11-01,2.2,1026,56,13.5,18.9,.7,.5,.7,1.3,5.7,7.1
21229,2015-11-02,4.2,1019.4,60,15.1,18.9,.7,.5,.7,1,3.8,5.8
21229,2015-11-03,3.7,1027.4,59,16.3,19,.9,.7,.9,1.4,4.8,5.8
21229,2015-11-04,6.8,1027.9,69,17.4,19,1.1,.7,1.1,1.7,4.1,5.3
21229,2015-11-05,6.7,1024.3,67,17.7,18.7,1.4,1,1.3,2.3,4.9,5.8
21229,2015-11-06,8.6,1028.2,76,15,19,2.6,1.8,2.7,4.7,6.7,9.1
21229,2015-11-07,11.1,1025.9,,,19.1,4,2.8,3.5,5.9,7.3,8
21229,2015-11-08,8.2,1015,,,18.4,4.6,3.3,4.3,6.1,8.3,9.1
21229,2015-11-09,6.4,1015.4,,,18.5,3.4,2.4,2.8,4.6,8.7,9.1
21229,2015-11-10,7,1022,,,18.4,3,2.1,2.6,3.9,9,10.7
21229,2015-11-11,8.6,1029.5,,,18.1,2.8,2.1,2.5,3.9,8.3,9.1
21229,2015-11-12,6.1,1032.3,,,18.1,1.8,1.2,1.6,2.7,7.9,8
21229,2015-11-13,9,1024.5,,,18.1,2.8,1.8,3.4,7.6,6.2,8
21229,2015-11-14,6.4,1011.3,,,17.8,3.1,2.2,3.2,4.9,7.2,8
21229,2015-11-15,5,1018.1,,,17.8,1.8,1.3,1.8,2.7,6.4,7.1
21229,2015-11-16,5.4,1018.2,,,17.7,1.1,.8,1.1,1.7,5.7,8
21229,2015-11-17,6.8,1017.9,,,17.6,1.8,1.2,1.7,2.5,6.3,8
21229,2015-11-18,11.6,1022.9,,,17.5,3.9,2.7,3.3,5.6,7,8
21229,2015-11-19,5.5,,,,17.5,2.7,1.8,2.7,4.1,7,8
21229,2015-11-20,5.8,,,,17.3,1.5,1,1.2,2,6,8
21229,2015-11-21,3.2,1026.1,,,17.2,1.9,1.3,2.1,3.3,6.8,8
21229,2015-11-22,9.1,,,,17.1,3.4,2.4,3.2,4.8,7.1,8
21229,2015-11-23,8,1021.9,,,17.2,4.1,2.9,3.7,5.6,7.9,9.1
21229,2015-11-24,11,1024.3,,,17.3,4.7,3.3,4.6,6.9,8.4,10.7
21229,2015-11-25,8.2,1019.2,,,17.2,3.4,2.3,3,4.6,7.9,9.1
21229,2015-11-26,11.3,1006.8,,,16.2,5,3.4,5.1,7.6,8.2,10.7
21229,2015-11-27,10.5,1014.6,,,15.8,7.1,5,6.1,11.1,11.7,12.8
21229,2015-11-28,8.5,1025.6,,,15.7,4.3,2.9,3.6,6.6,10.6,12.8
21229,2015-11-29,4.1,1027.1,,,15.8,2.6,1.8,2.6,4,10,10.7
21229,2015-11-30,7.8,1021.2,,,15.4,2.1,1.5,1.7,2.9,5.5,8
21229,2015-12-01,4.8,1025.4,,,15.6,1.8,1.2,1.7,2.5,6.5,8
21229,2015-12-02,9.8,1014.7,,,15.5,2.7,1.9,2.5,4,5.4,7.1
21229,2015-12-03,12.1,1006.6,,,15.5,4.2,2.9,3.9,6.8,7.1,8
21229,2015-12-04,11.9,,,,15,5.1,3.6,4.8,6.3,8.1,9.1
21229,2015-12-05,7.9,1019.7,,,14.9,3.5,2.5,3.3,4.9,8.2,9.1
21229,2015-12-06,1.9,1026.8,,,15,2.1,1.3,1.7,3,6.7,8
21229,2015-12-07,6.3,,,,15.1,2.1,1.4,1.9,3.3,6.2,8
21229,2015-12-08,6.2,1031.1,,,14.9,2,1.3,1.6,2.6,6.6,9.1
21229,2015-12-09,6.9,1030.4,,,14.8,1.5,1,1.2,1.8,5.4,8
21229,2015-12-10,5,1020.3,,,14.9,1.1,.7,1,1.5,4.1,4.6
21229,2015-12-11,12.4,1015.1,76,8.6,14.7,5.5,3.9,5.2,7.7,8.6,10.7
21229,2015-12-12,3.9,1025.3,58,7.9,14.5,3.8,2.6,3.6,5.5,9.3,10.7
21229,2015-12-13,4.8,1023.8,61,8.5,14.4,2,1.4,2.4,3.8,7.9,9.1
21229,2015-12-14,3,1021.7,59,8.8,14.3,1.2,.8,1,1.5,5.9,7.1
21229,2015-12-15,6.1,1014.6,70,10.8,14.5,1.4,.9,1.5,2.4,4.8,5.8
21229,2015-12-16,8.8,1013.6,58,6.4,14.4,2.8,2.1,2.7,3.9,6.7,8
21229,2015-12-17,9.1,1021.2,74,2.9,14.2,3.8,2.5,3.1,5.2,7.6,9.1
21229,2015-12-18,6.5,1027.3,53,6.8,13.8,2.3,1.5,2,3.6,6.9,9.1
21229,2015-12-19,4.1,1033.6,54,7.5,13.8,1.8,1.3,1.6,2.7,7.2,9.1
21229,2015-12-20,6.9,1027.3,61,10.3,13.7,1.6,1,1.2,2.3,5.5,8
21229,2015-12-21,3.9,1024.1,53,10.2,13.8,1.1,.7,1.1,1.7,4.7,5.3
21229,2015-12-22,3.6,1028.1,62,10.6,13.8,.7,.5,.8,1.1,4.7,6.4
21229,2015-12-23,5.6,1020.5,73,12,13.7,1.4,1,1.3,2.3,4.9,5.8
21229,2015-12-24,5.5,1016.3,63,9.6,,1.1,.8,1.3,1.7,6.1,7.1
21229,2015-12-25,8.3,,66,6.4,13.7,2.8,2,2.6,4.4,7.1,9.1
21229,2015-12-26,9.6,1016.8,57,7.7,,2.9,2,3,4.6,6.6,8
21229,2015-12-27,7.4,1026.3,71,1.3,13.4,3.7,2.4,3.3,6.3,8,10.7
21229,2015-12-28,6.3,1026.2,56,3.8,13.6,2.1,1.3,2.1,3.3,6.3,8
21229,2015-12-29,3.9,1029.1,43,5.2,13.2,1.7,1.1,1.4,2.5,6.2,8
21229,2015-12-30,2.9,1027.7,48,7.2,13.4,1.4,.9,1.1,2.1,6.1,7.1
21229,2015-12-31,6,1026.2,65,6.9,13.2,1.5,1,1.3,2.4,4.7,7.1
21229,2016-01-01,4.5,,49,8.9,13.1,1.4,.9,1.3,1.9,5.3,6.4
21229,2016-01-02,5.7,,56,10.9,13,2.3,1.5,2.3,3.3,5.7,7.1
21229,2016-01-03,3.6,1017.8,67,11.1,,1.6,1,1.4,2.4,5.3,6.4
21229,2016-01-04,6.9,1017.8,62,9.5,13,2.1,1.4,1.9,2.9,5.8,7.1
21229,2016-01-05,6.6,1022,54,6,12.9,2.2,1.5,1.8,2.9,6.7,8
21229,2016-01-06,5,1020.2,50,6.7,12.8,1.8,1.2,1.4,2.4,5.9,7.1
21229,2016-01-07,7.3,1018.6,53,5.4,,2.2,1.4,1.8,3.4,6.2,8
21229,2016-01-08,6.7,1017.8,52,4.8,12.7,2.1,1.5,2.1,3.1,6.7,8
21229,2016-01-09,5.9,1020.5,45,5.7,12.6,2,1.4,1.7,2.6,6.3,8
21229,2016-01-10,6.5,1022.5,52,5.7,12.5,2.2,1.5,1.9,3.3,5.9,8
21229,2016-01-11,6.1,1022.4,64,4,12.5,2.7,1.8,2.8,4.4,7.4,9.1
21229,2016-01-12,3.9,1020.2,59,3.7,12.6,2,1.3,1.9,2.9,6.7,8
21229,2016-01-13,6.7,1015.1,51,4.4,12.6,2.5,1.7,2.2,3.6,6.7,8
21229,2016-01-14,8.5,1017.7,69,2.4,12.5,2.8,2,2.5,3.8,6.5,7.1
21229,2016-01-15,6.9,1020,63,3.8,12.4,2.2,1.5,1.9,3,5.8,6.4
21229,2016-01-16,4,1023,63,4.3,,1.5,1,1.3,1.9,6.4,8
21229,2016-01-17,4.8,1017.7,69,7.3,13.6,2,1.3,1.8,2.7,6.3,7.1
21229,2016-01-18,9.9,1002.8,62,5.6,13.5,3.3,2.4,3.9,5.2,7.4,8
21229,2016-01-19,13.3,1008,77,-1.7,13.1,6.8,4.6,5.9,10.3,9.8,12.8
21229,2016-01-20,9.5,1023.1,70,2.5,,7.2,5,7.1,9.9,11.7,12.8
21229,2016-01-21,7.4,1023.6,74,2.2,,4.3,3.2,4.6,6.9,10.3,12.8
21229,2016-01-22,7.2,1026.1,78,1,12.8,3.3,2.3,2.7,3.8,8.1,9.1
21229,2016-01-23,8.4,,83,-.6,13.2,3.5,2.3,2.7,5,7.9,9.1
21229,2016-01-24,10.3,1015.4,70,-2.6,11.8,4.8,3.2,4.7,6.9,8,9.1
21229,2016-01-25,5.4,1022.2,78,.6,11.8,3.8,2.5,3.2,4.9,8.6,9.1
21229,2016-01-26,4.8,1022,53,4.6,12.6,2,1.3,2,3.4,7.4,8
21229,2016-01-27,6,1026,47,6.7,12.9,2.3,1.5,2.1,3.7,6.6,8
21229,2016-01-28,4.1,1027.8,54,6.4,12.5,1.5,1,1.2,2,5.5,7.1
21229,2016-01-29,7.4,1024.6,68,6,12.4,2.9,1.9,3.7,5.7,6.5,8
21229,2016-01-30,7.4,1025.5,75,3.2,11.9,3.7,2.5,4.2,6.9,7.6,8
21229,2016-01-31,6.7,1023.6,71,4.7,11.8,2.4,1.7,2.5,3.4,6,7.1
21229,2016-02-01,8.1,1023.9,84,2.9,11.9,2.9,2,2.3,4.2,6.2,7.1
21229,2016-02-02,6.4,1024.7,72,2.2,11.8,2.3,1.6,2.1,3.1,6.1,7.1
21229,2016-02-03,5,1023.7,63,4.1,11.7,1.4,.9,1.3,1.9,6,7.1
21229,2016-02-04,5.5,1021.1,45,6,11.8,1.6,1,1.9,2.6,5.7,8
21229,2016-02-05,6.3,1019,45,5.2,11.9,2.1,1.4,2.2,3,6.7,8
21229,2016-02-06,8,1019.1,62,2.7,12,2.6,1.7,2.8,4.2,6.2,7.1
21229,2016-02-07,4.7,1021,53,2.8,11.9,1.9,1.2,2.1,3.2,6,6.4
21229,2016-02-08,7.4,1014.6,42,6.3,11.9,1.5,.9,2,2.9,4.6,5.8
21229,2016-02-09,11.5,1014.8,55,5.3,11.7,3.4,2.3,3.3,5.6,6.7,8
21229,2016-02-10,4.2,1026.4,49,5.8,11.6,2.1,1.4,2,3.7,7.2,8
21229,2016-02-11,6.5,1028.4,63,9.1,11.5,1.7,1.1,1.6,2.8,7,8
21229,2016-02-12,8.4,1022.2,83,,11.5,2.3,1.5,1.9,3.1,6.3,9.1
21229,2016-02-13,4.8,1009.9,96,,11.5,1.7,1.1,1.7,2.9,5.8,6.4
21229,2016-02-14,7.9,1005.2,84,4.7,11.6,4.8,3.3,5.1,7.2,8.5,10.7
21229,2016-02-15,7.8,1013.7,72,.5,11.4,4.6,3.3,4.7,5.7,9.9,10.7
21229,2016-02-16,7.6,,53,2.2,11.2,3.1,2.1,2.5,4.6,7.7,10.7
21229,2016-02-17,8.5,1020.6,53,3.7,,2.7,1.8,3.5,4.7,7,8
21229,2016-02-18,7.1,1020.9,49,7.7,11.1,1.8,1.1,1.6,2.7,5.4,6.4
21229,2016-02-19,6.2,1024.1,44,9.2,11.1,2.2,1.5,1.9,3.2,5.7,6.4
21229,2016-02-20,8,1020,61,6.4,,1.8,1.2,1.6,2.4,4.8,5.8
21229,2016-02-21,7.7,1025.6,46,3.7,10.9,2.5,1.6,2.1,3.6,6.2,8
21229,2016-02-22,3.6,1029.3,51,6.2,11,1.7,1.1,1.4,2.3,6.3,8
21229,2016-02-23,7.8,1025.4,59,5.9,10.9,1.9,1.1,2.3,3.6,5.3,8
21229,2016-02-24,6.5,1031.1,59,.6,10.6,3.1,2,2.6,4.2,8.1,9.1
21229,2016-02-25,6.5,,55,2.3,10.7,2.1,1.3,2,2.7,6.2,7.1
21229,2016-02-26,7.8,1027.1,48,4.8,10.6,2.6,1.7,2.2,4.1,5.9,7.1
21229,2016-02-27,5,1024.5,65,5.5,10.7,1.6,.9,1.3,2.1,5.9,7.1
21229,2016-02-28,6.7,1019.7,73,7,10.6,1.9,1.1,2.6,4.3,5.7,7.1
21229,2016-02-29,10.4,1018.2,67,1.3,10.6,4.5,2.8,3.8,5.7,7.8,9.1
21229,2016-03-01,6.5,1023.9,52,2.1,10.6,4.4,2.9,3.4,5.3,10.1,12.8
21229,2016-03-02,8,1022.8,52,7.1,10.7,3.6,2.3,3,4.8,9.4,12.8
21229,2016-03-03,5.9,1023.5,63,9.5,10.8,2.5,1.5,2.4,4.1,6,7.1
21229,2016-03-04,2.5,1026.8,89,10.4,11,1.3,.7,.9,1.9,5.6,6.4
21229,2016-03-05,4.3,1023,92,11.2,10.9,1.3,.7,1.2,2,5.8,6.4
21229,2016-03-06,7.4,1016.8,76,10.3,10.8,2.4,1.6,2.7,4.2,5.9,7.1
21229,2016-03-07,3.8,1019.8,71,8.6,10.8,1.2,.6,.8,1.5,5.5,7.1
21229,2016-03-08,6.8,1018.2,57,7.7,10.7,1.8,1,1.9,2.9,5.6,8
21229,2016-03-09,8.6,1021.4,68,4.3,10.6,2.8,1.7,2.3,4,6.5,8
21229,2016-03-10,4.1,1023.4,50,2.8,10.7,1.6,.9,1.4,2.5,5.5,6.4
21229,2016-03-11,4.6,1023.4,50,2.5,10.8,1.4,.7,1,1.9,5.8,6.4
21229,2016-03-12,2.6,1023.8,56,4.4,10.1,.9,.5,.7,1.3,5.2,6.4
21229,2016-03-13,3.1,1022.5,52,8,9.8,.7,.4,.6,1.1,3.3,4
21229,2016-03-14,6,1020.7,63,5.7,9.6,1.7,1,1.9,2.9,4.8,7.1
21229,2016-03-15,4.8,1022.4,55,7.1,9.7,1.5,.8,1.5,2.5,5.2,6.4
21229,2016-03-16,5.4,1018.8,77,10.1,9.2,1.8,1,1.6,2.7,5,5.3
21229,2016-03-17,2.6,1019.4,86,10.4,9.5,1.1,.6,.9,1.5,5,5.8
21229,2016-03-18,4.4,1012,92,10.4,8.7,1.4,.8,1.4,2.5,4.6,5.3
21229,2016-03-19,7.3,1013.6,74,7.8,8.1,2.1,1.2,1.8,3.2,5.2,6.4
21229,2016-03-20,5.9,1022.6,63,6.3,7.9,2.3,1.3,1.9,3.3,6.2,7.1
21229,2016-03-21,4.1,,,,,1.4,.7,1.1,1.9,5.8,9.1
21229,2016-03-22,6,1016.4,76,9.2,10.4,1.8,1,1.5,2.4,5.3,5.8
21229,2016-03-23,7.1,1019.8,63,6.8,10.5,1.6,.9,1.1,2.2,5.2,6.4
21229,2016-03-24,6.9,1024.5,55,5.8,11.2,1.6,1,1.2,1.9,5,6.4
21229,2016-03-25,2.9,1025.2,53,6,12,1.5,.9,1.1,1.7,6.3,8
21229,2016-03-26,4.2,1021.9,63,8.3,11.2,1.4,.8,.9,1.7,6.2,8
21229,2016-03-27,4.9,,,,,.9,.4,.6,1.2,4.3,7.1
21229,2016-03-28,3.9,1019.6,76,11.4,11.4,.8,.4,.6,1.2,4.5,5.8
21229,2016-03-29,8.8,1016.9,71,12.7,11.8,2.5,1.5,3.3,5.4,5.7,8
21229,2016-03-30,5.6,1017.6,74,13,12.7,2.5,1.6,3,4.4,7,9.1
21229,2016-03-31,2.8,1016,73,13,12.9,.8,.4,.5,1.1,4.9,5.8
21229,2016-04-01,,1016.3,90,11.2,12.9,,,.6,1.1,,5.3
21229,2016-04-02,4.5,1018.1,86,13.2,13.5,1.7,.9,1.4,2.5,5.8,7.1
21229,2016-04-03,6.3,1018.1,87,10.7,13.6,2.1,1.2,1.5,2.9,5.7,7.1
21229,2016-04-04,4.8,1014.5,79,9.9,13.1,2,1.2,1.4,2.6,6.3,8
21229,2016-04-05,6.9,1013.8,76,13.3,14,1.8,1,1.3,2.6,5.8,8
21229,2016-04-06,5.3,1016.8,68,14.6,14.3,1.1,.6,1,1.9,4.4,5.3
21229,2016-04-07,6.2,1007.7,86,12,13,2,1.1,1.7,3.1,5.4,8
21229,2016-04-08,6.4,1011.9,75,13.7,12.1,2.1,1.2,1.6,2.8,6.7,8
21229,2016-04-09,6.6,1011,70,15.1,13.8,1.7,.9,1.2,2.2,5,6.4
21229,2016-04-10,9.2,1014,67,9.9,13,2.7,1.5,2.5,4.8,5.6,7.1
21229,2016-04-11,4.4,1022.7,45,7.8,13,2.1,1.1,2.2,3.4,5.9,7.1
21229,2016-04-12,7.4,1019.6,61,10.8,13.2,1.7,.9,1.3,2.5,5.1,6.4
21229,2016-04-13,7.4,1007.9,91,13.5,13.6,2.4,1.3,1.8,3,5.9,6.4
21229,2016-04-14,4.5,1009.2,86,13.4,13.9,1.3,.7,1.1,2.1,5.2,7.1
21229,2016-04-15,6.3,1021,56,12.2,14,1.6,.9,1.4,2.5,4.8,5.8
21229,2016-04-16,7.4,1012.8,79,14.3,14.2,2,1.1,1.3,2.6,5.2,8
21229,2016-04-17,12.3,997,71,14.7,13.8,6.2,3.8,6,9.5,8.6,10.7
21229,2016-04-18,7.8,1011.6,51,13.7,13.7,3.6,2.1,3.6,5.6,7.4,10.7
21229,2016-04-19,6.2,1021,69,11.4,14.1,2.8,1.6,2.1,4,9,10.7
21229,2016-04-20,8.3,1020,78,13.3,13.7,2,1.1,1.4,2.6,5.3,9.1
21229,2016-04-21,3.9,1007.4,90,13.8,13.5,1.4,.8,1.1,2,4.8,6.4
21229,2016-04-22,5.9,1006.8,86,14.6,14.1,1.9,1,1.4,2.5,5.9,7.1
21229,2016-04-23,6,1011.3,59,14.8,14.2,1.8,1,1.6,3,5.4,6.4
21229,2016-04-24,1.8,1015.8,70,14.5,14.7,.7,.3,.4,.9,5,7.1
21229,2016-04-25,4.3,1017.8,82,14.2,14.4,.7,.4,.5,.8,3.9,7.1
21229,2016-04-26,3.6,1017.4,89,14.3,14.8,.9,.5,.9,1.8,4,5.8
21229,2016-04-27,7.2,1012.6,83,12.7,14.7,2.1,1.2,1.6,2.9,5.9,6.4
21229,2016-04-28,9.4,1007.1,74,11.9,14.3,3.1,1.8,2.2,3.7,6.8,8
21229,2016-04-29,6.1,1011.6,66,12.9,14.4,2.3,1.3,1.8,3.5,7.1,8
21229,2016-04-30,5.3,1010.1,79,15,14.5,2.7,1.5,2.1,3.7,6.3,8
21229,2016-05-01,4.6,1012.5,79,15.7,14.7,2.9,1.8,2.4,4.3,6.9,8
21229,2016-05-02,5.8,1013.4,86,15.6,14.8,2.4,1.4,1.7,3.4,5.9,7.1
21229,2016-05-03,12.7,997.9,78,16.1,14.2,5,3.2,5.8,9,7.1,9.1
21229,2016-05-04,10.7,996.9,61,15.6,13.6,6.4,3.9,5.7,9.7,8.6,9.1
21229,2016-05-05,6.1,1012.7,66,15.9,14.1,3.1,1.9,2.9,4.8,7.3,9.1
21229,2016-05-06,9.9,1006.8,84,15.8,14.5,2.6,1.5,2.4,3.7,5.4,7.1
21229,2016-05-07,5.6,1010.2,62,16.6,14.8,2.1,1.2,2.1,3.5,6,7.1
21229,2016-05-08,3.1,1017.8,82,15.6,15.2,.9,.4,.7,1.2,5.9,8
21229,2016-05-09,2.7,1011.3,89,15.7,15.4,1,.5,.7,1.2,4.4,5.3
21229,2016-05-10,6.1,1006,93,14.4,15.6,1.3,.7,2,3,4.3,6.4
21229,2016-05-11,8,1007.5,78,12.7,15.4,2.9,1.7,2.2,3.8,6.4,7.1
21229,2016-05-12,8.5,1012.1,83,15.9,15.6,2.3,1.4,1.7,2.9,7,9.1
21229,2016-05-13,6.7,1018.6,73,15,15.6,2.1,1.1,2,3.1,5.4,6.4
21229,2016-05-14,4.8,1025,73,14.1,15.7,1.3,.6,.8,1.6,4.8,6.4
21229,2016-05-15,8,1012.4,88,16.3,15.6,1.9,1,2,3.6,5,6.4
21229,2016-05-16,8.8,1005.9,84,14.9,15.7,3.1,1.9,3.1,5.8,6.4,8
21229,2016-05-17,3.9,1014,76,17,16.3,1.4,.7,1.3,2.4,4.9,5.8
21229,2016-05-18,3.5,1018,81,16.9,16.4,.7,.3,.5,1.1,3.3,4.3
21229,2016-05-19,2.2,1019.5,83,17.4,17.2,.6,.3,.5,.8,3.8,4.9
21229,2016-05-20,2.8,1019.7,83,17.4,17.5,.5,.3,.4,.7,3.3,4.6
21229,2016-05-21,3,1020,78,17.7,17.6,.5,.3,.4,.7,3.7,4.9
21229,2016-05-22,3,1019,71,18.1,17.9,.5,.3,.4,.7,4.1,4.9
21229,2016-05-23,3.9,1014.7,84,18,18,.8,.4,.6,1.1,4.9,7.1
21229,2016-05-24,7.7,1006.4,87,18.2,17,2,1.2,2.1,3.7,4.8,5.8
21229,2016-05-25,3.1,1008.5,86,18,17.3,1.3,.7,1,1.9,5.1,5.8
21229,2016-05-26,2,1008.4,88,18.9,17.9,.7,.4,.6,1.2,4,4.6
21229,2016-05-27,3.5,1011.3,76,18.5,17.6,.8,.4,.6,1.4,3.8,6.4
21229,2016-05-28,3.4,1007.4,93,18.4,17.8,.5,.3,.3,.8,3.7,4.6
21229,2016-05-29,2.8,1003.7,92,18.4,17.9,.8,.4,.6,1.2,4,5.3
21229,2016-05-30,3.3,1006,89,18.5,18.7,.8,.4,.7,1.3,4.4,5.8
21229,2016-05-31,5,1006.2,75,18.9,18.4,1.2,.6,.8,1.6,6.2,8
21229,2016-06-01,4.5,1009.6,67,17.8,18.3,1.3,.7,1,1.9,5.1,6.4
21229,2016-06-02,2.5,1011.2,67,18.7,18.7,1.9,1.1,1.5,2.9,8.2,10.7
21229,2016-06-03,5.6,1010.1,83,19.2,18.4,2.1,1.1,1.5,2.6,8.1,9.1
21229,2016-06-04,4,1008.9,84,19.6,18.4,1.6,.9,1,2,4.9,5.3
21229,2016-06-05,2.5,1013.3,84,19,18.9,1.3,.7,1.1,2,5,5.8
21229,2016-06-06,4.3,1014.8,82,18.7,19.1,1.6,.8,1,1.9,5.2,7.1
21229,2016-06-07,2,1011.5,85,19.2,19.4,1.1,.5,.9,1.7,4.9,5.3
21229,2016-06-08,1.3,1010,91,19.9,19.9,.6,.2,.4,.9,4.5,6.4
21229,2016-06-09,2.8,1011.9,90,19.5,19.7,.4,.2,.4,.6,3.7,4.6
21229,2016-06-10,3.5,1013.7,85,19.9,19.9,.5,.3,.5,.9,3.4,4
21229,2016-06-11,3.8,1010.7,91,20.9,20.4,1.2,.6,.9,1.5,4.4,4.9
21229,2016-06-12,3.6,1006.2,91,21.5,20.8,1.2,.6,1.2,2.1,4.6,5.3
21229,2016-06-13,3.8,1002.6,92,20.2,21.1,1.1,.6,1,1.7,5.3,6.4
21229,2016-06-14,3.5,1004.8,86,19.6,20.7,1.1,.6,.7,1.4,6.3,7.1
21229,2016-06-15,5.3,1002.9,92,20.9,20.2,1.2,.6,1.2,1.8,5.6,7.1
21229,2016-06-16,4.1,998.4,92,21.3,20.5,1.5,.8,1.3,2.3,5.1,5.8
21229,2016-06-17,4.5,1005.9,82,21.8,21.3,1.4,.7,1,1.8,5.9,8
21229,2016-06-18,5.1,1011.5,90,21.7,21.5,1.4,.7,1,1.8,5.4,7.1
21229,2016-06-19,5,1006.8,91,21.4,21.5,1.9,1,1.6,2.9,5.6,6.4
21229,2016-06-20,3.2,1007.4,86,21.1,21.8,1.2,.6,.9,1.7,5.6,7.1
21229,2016-06-21,3.9,1009,83,20.9,22,.9,.5,.7,1.4,5,6.4
21229,2016-06-22,3.6,1007.9,87,22.3,22,.7,.4,.6,1.1,4.2,5.8
21229,2016-06-23,3.4,1006.8,85,22.6,22.2,1.1,.6,.7,1.4,4.5,5.3
21229,2016-06-24,6.8,998.8,91,22.3,21.9,1.7,1,1.8,3,5.1,5.8
21229,2016-06-25,5,1000.6,78,22.8,21.9,2.4,1.4,1.7,2.9,6,8
21229,2016-06-26,2.5,1007.8,83,22.9,22.4,2.9,1.8,2.4,4.3,7.9,10.7
21229,2016-06-27,5.1,1010.1,93,23.1,22.1,2.2,1.4,1.9,2.8,9.3,10.7
21229,2016-06-28,2.9,1011.8,88,23.3,22.4,1.3,.8,1.3,1.9,5.9,9.1
21229,2016-06-29,4,1012.1,89,23.4,22.8,.9,.6,.7,1.1,3.4,6.4
21229,2016-06-30,5,1009.8,94,23.9,22.6,1,.6,.9,1.9,4.4,4.9
21229,2016-07-01,8,1007.2,95,24.2,22.1,2.2,1.4,2.1,3.8,5.7,6.4
21229,2016-07-02,6.7,1003.6,97,23.2,21.6,4,2.4,3.6,5.9,7.4,9.1
21229,2016-07-03,3.1,1008.8,92,23.6,21.2,1.7,1,1.4,2.2,6.2,7.1
21229,2016-07-04,4.4,1012.5,99,21.2,20.8,1,.6,.8,1.6,5.7,7.1
21229,2016-07-05,6.4,1012.5,,23,21.2,1.9,1.1,1.6,2.9,5.6,9.1
21229,2016-07-06,5.2,1014.5,92,21.7,21.2,2,1.2,1.6,2.6,6.1,8
21229,2016-07-07,2.8,1015.3,93,21.5,21.5,1,.6,.8,1.4,6,7.1
21229,2016-07-08,2.8,1010.8,,23.1,22.2,.7,.4,.5,1,6.3,7.1
21229,2016-07-09,2.8,1006.3,95,23.7,22.9,.5,,.3,.6,4.6,6.4
21229,2016-07-10,4.2,1004.4,95,24.5,23.5,.6,.3,.4,.7,3.5,4.6
21229,2016-07-11,3.4,1005.5,91,25,24.1,.3,.2,.5,.9,2.9,8
21229,2016-07-12,4.9,1001.8,95,25,23.8,.9,.6,.9,1.4,4.1,6.4
21229,2016-07-13,4,999.1,94,24.1,23.2,1.3,.8,1.1,1.7,5.4,7.1
21229,2016-07-14,6.4,1000.6,87,23.4,22.8,1.9,1.1,2,3.5,6.3,9.1
21229,2016-07-15,7.6,1004.4,85,22.4,22.5,3.1,2,2.4,3.9,8,9.1
21229,2016-07-16,4.6,1004.2,91,21.5,22.7,1.7,1,1.4,2.4,7,8
21229,2016-07-17,2.6,1006.5,89,23.3,23.3,1.3,.8,1,1.6,6.2,7.1
21229,2016-07-18,3.5,1009.5,90,24.1,23.4,1,.6,.9,1.3,5.9,6.4
21229,2016-07-19,3,1013.1,80,23,23.6,.8,.5,.7,1.3,5.8,6.4
21229,2016-07-20,3.9,1014.5,81,23.3,23.9,.7,.4,.5,.9,4.6,5.8
21229,2016-07-21,3.4,1014,82,23.4,23.8,.7,.4,.5,.8,4.2,5.3
21229,2016-07-22,3.6,1012.8,84,23.8,23.8,.8,.5,.6,.9,4.4,5.3
21229,2016-07-23,3.9,1011.4,87,24.1,23.9,.9,.5,.6,1.1,4.6,5.3
21229,2016-07-24,3.5,1010.8,99,25.1,23.9,.7,.4,.5,.8,5.2,6.4
21229,2016-07-25,3,1009.8,,25.5,24.3,.8,.5,.7,1.2,4.6,6.4
21229,2016-07-26,2.6,1006.9,,25.9,25,.7,.4,.6,.9,4.7,6.4
21229,2016-07-27,4.5,1004.2,93,27,25.5,1.4,.8,1.1,2,5.3,5.8
21229,2016-07-28,6.1,1005.6,92,27,25.3,2.2,1.3,1.5,2.7,5.8,6.4
21229,2016-07-29,4.5,1008.2,92,26.9,25.4,1.5,.9,1.4,2.3,5.4,6.4
21229,2016-07-30,3.6,1010.4,93,27.3,26,1.1,.7,.9,1.5,4.8,5.3
21229,2016-07-31,2.2,1011.1,95,27.3,26.7,.5,.3,.4,.7,4.3,5.3
21229,2016-08-01,2.6,1009.9,92,27.2,26.9,.4,.2,.4,.7,3.4,5.3
21229,2016-08-02,2.1,1009.3,84,26.9,27,.2,.1,.2,.4,4.7,8
21229,2016-08-03,2.1,1009.8,80,26.7,26.8,.4,.2,.3,.5,7.5,10.7
21229,2016-08-04,1.8,1010.9,79,26.8,27.3,.3,.2,.3,.5,9.1,10.7
21229,2016-08-05,1.9,1011.1,78,26.9,28.2,.3,.2,.3,.5,4.4,9.1
21229,2016-08-06,3.5,1009.3,80,27.2,27.7,.5,.3,.5,.9,3.4,4.3
21229,2016-08-07,4.5,1007.2,87,27.9,27.5,.8,.5,.6,1.1,3.4,4
21229,2016-08-08,3.7,1007.3,87,28,28.1,.8,.5,1.4,2.6,3.6,5.8
21229,2016-08-09,5,1009.3,70,26.1,27.1,1.8,1.1,1.5,2.4,6,6.4
21229,2016-08-10,4.1,1010,74,26.7,28.1,1,.6,.7,1.3,5.8,7.1
21229,2016-08-11,5.5,1009.6,79,27.5,28,1.2,.7,.8,1.4,6.8,7.1
21229,2016-08-12,5.5,1007.7,80,27.5,28.1,1,.6,.7,1.2,3.8,7.1
21229,2016-08-13,4.6,1005.1,86,28.2,28.2,.8,.5,.7,1.1,3.7,4.6
21229,2016-08-14,2.3,1002.9,88,29,29,.7,.4,.7,1.2,4.6,5.3
21229,2016-08-15,4.4,1001.6,79,27.9,28.9,1,.6,.9,1.4,4.2,5.3
21229,2016-08-16,3.7,1002.3,74,27.4,28.6,1.1,.6,.8,1.3,4.9,5.8
21229,2016-08-17,3.9,1004,73,27.5,28.8,.8,.5,.6,1,4.2,6.4
21229,2016-08-18,2.4,1007.1,70,27.9,29.7,.7,.5,.6,1,5.9,7.1
21229,2016-08-19,4.3,1008.3,72,28,29.4,1.1,.7,.8,1.5,4.3,5.3
21229,2016-08-20,5.2,1007.8,69,28,29.3,1.3,.8,1.3,2,4.8,5.3
21229,2016-08-21,5.2,1006.5,77,27.8,29.2,2,1.2,1.4,2.3,6.2,7.1
21229,2016-08-22,5.4,1006.8,73,27.2,28.9,1.5,1,1.2,2.1,5.6,7.1
21229,2016-08-23,4.5,1008.1,68,26.7,28.5,1.5,.9,1,1.8,6.1,7.1
21229,2016-08-24,4.2,1008.3,67,26.9,28.2,1.2,.7,1,1.6,5.7,6.4
21229,2016-08-25,4.5,1005.1,77,27.4,28.5,.9,.5,.6,1.2,4,5.8
21229,2016-08-26,11,1009,71,22.7,27,4.2,2.5,4,7.5,7.4,9.1
21229,2016-08-27,6.7,1010.2,58,23.7,26.1,2,1.3,1.8,2.6,5.9,7.1
21229,2016-08-28,9.1,1002.9,72,22.6,25.7,3,1.8,3.1,4.5,6.2,8
21229,2016-08-29,15.5,994.3,87,21,25.1,7,4.3,5.4,10.4,8.9,10.7
21229,2016-08-30,13.9,987,82,20.4,23.8,6.2,3.7,5.4,8.8,9.8,10.7
21229,2016-08-31,14.4,987.4,68,23.2,23,6.4,3.9,5,8.3,8.7,10.7
21229,2016-09-01,10,1002.3,82,24.1,23.1,4.4,2.6,3.6,7.1,7.5,12.8
21229,2016-09-02,6.2,1010,79,23.1,23.1,1.8,1.1,1.7,2.8,5.4,6.4
21229,2016-09-03,5.9,1011,90,22.9,23.2,1.7,1,1.4,2.4,4.9,6.4
21229,2016-09-04,3,1011.5,91,23.9,23.6,1.4,.9,1.1,1.8,5.7,7.1
21229,2016-09-05,2.5,1010,92,23.3,23.5,1.3,.8,.9,1.8,6,7.1
21229,2016-09-06,3.3,1008.5,88,23.5,24,.9,.5,.6,1.1,5.4,6.4
21229,2016-09-07,2.5,1006,87,24.2,24,.6,.4,.5,.8,6,8
21229,2016-09-08,4,1006.2,81,22.5,23.7,1.4,.9,1.5,2.6,7,10.7
21229,2016-09-09,3.4,1010.6,76,22.3,23.7,3.6,2.3,2.8,4.9,10.2,10.7
21229,2016-09-10,4.2,1014.1,75,22.4,23.6,3.8,2.3,3.1,5.7,9.6,10.7
21229,2016-09-11,5.3,1016.2,79,23.3,23.7,2.6,1.6,2.5,3.9,8.8,9.1
21229,2016-09-12,5.8,1017.4,79,22.5,23.8,2.2,1.4,1.6,2.8,6.6,9.1
21229,2016-09-13,4.7,1018.4,78,22.6,23.7,1.9,1.1,1.3,2.5,6,6.4
21229,2016-09-14,1.8,1018.4,76,22.5,23.8,1.3,.8,1,1.7,5.9,6.4
21229,2016-09-15,2.1,1017,75,22.8,24.3,.8,.5,.7,1.1,5.7,6.4
21229,2016-09-16,4.6,1014.8,82,23.6,24.4,.8,.5,.6,1,6.1,12.8
21229,2016-09-17,6,1013,83,22,24.2,1.1,.7,1.1,1.9,3.7,4.6
21229,2016-09-18,9.2,1011.6,76,22.2,23.9,3.2,1.9,2.6,4.3,6,7.1
21229,2016-09-19,9.9,1013.5,66,21.2,23.6,3.7,2.2,2.5,4.4,6.9,8
21229,2016-09-20,9.9,1015.7,57,20.9,23.3,3.9,2.4,2.9,4.8,6.7,8
21229,2016-09-21,5.8,1020.7,59,21.6,23.2,3.4,2.1,2.8,5.4,7.9,9.1
21229,2016-09-22,4.2,1018.5,70,21.5,23,1.9,1.2,1.5,2.4,6.6,7.1
21229,2016-09-23,2.5,1017.8,71,21.4,23,1.1,.7,1,1.7,5.6,6.4
21229,2016-09-24,3.1,1017.2,70,21.7,23,.8,.5,.6,1,5.1,5.8
21229,2016-09-25,3.4,1016.9,82,22.2,22.8,.6,.4,.5,1,4,5.3
21229,2016-09-26,3,1017.4,90,22.8,23,.5,.3,.4,.9,3.2,4
21229,2016-09-27,1.7,1015.4,91,22.8,23.1,.5,.3,.4,.7,3.6,4.3
21229,2016-09-28,6,1014.6,82,21.2,22.9,1.9,,2.7,4.9,5.4,10.7
21229,2016-09-29,6.6,1018.2,59,18.9,22.6,3,1.9,2.5,4.2,7.6,9.1
21229,2016-09-30,2.6,1016.5,61,19.7,22.7,1.4,.9,1.4,2.4,6.6,7.1
21229,2016-10-01,2.5,1018.4,69,20.9,22.6,.7,.4,.5,.9,5.6,7.1
21229,2016-10-02,3.4,1016.5,80,22,22.7,.6,.4,.5,.9,3.8,4.6
21229,2016-10-03,5.4,1009.1,87,22.2,22.6,1.5,.9,1.4,2.4,4.6,7.1
21229,2016-10-04,7.1,1017.5,75,20.6,22.5,2.3,1.5,2.2,3.9,6,9.1
21229,2016-10-05,9.5,1010.2,80,20,22.4,3.8,2.3,3.2,5.4,7.3,12.8
21229,2016-10-06,5.1,1020.7,69,19.5,22.4,3.3,2.1,2.7,4.9,7.7,9.1
21229,2016-10-07,7.3,1022.5,63,19.7,22.1,2.7,1.7,2,3.3,6.5,8
21229,2016-10-08,6.4,1009.3,79,20.7,22,2,1.2,1.6,3.4,5.4,6.4
21229,2016-10-09,8.4,1015.9,59,16.5,22,4.1,2.5,3.3,5.9,8,10.7
21229,2016-10-10,2.8,1020.9,50,16.6,21.8,2.2,1.3,2.1,4,7.3,9.1
21229,2016-10-11,4.3,1018.7,58,18.9,21.9,1.2,.7,1.1,1.8,7.1,9.1
21229,2016-10-12,7.1,1021,62,17.3,21.9,2.6,1.6,2.6,4.1,6.5,7.1
21229,2016-10-13,5.5,1022.7,62,17.9,21.9,1.4,.9,1.2,2.1,5.4,7.1
21229,2016-10-14,4.3,1024.2,60,20,22.1,.9,.6,.9,1.6,3.8,4.9
21229,2016-10-15,3,1026.2,64,20.1,22.6,.5,.3,.4,.7,3.7,5.8
21229,2016-10-16,6.7,1020.5,77,20,22.2,1.4,.9,1,1.9,4.4,4.9
21229,2016-10-17,3.8,1015.5,71,20.8,21.6,1.2,.8,1.3,2.2,5.1,5.8
21229,2016-10-18,4,1020.1,70,19.4,21.5,1.7,1.1,1.7,3.1,6.1,9.1
21229,2016-10-19,2.8,1017,69,19.8,21.6,1.2,.7,1.3,2.4,5.8,8
21229,2016-10-20,8.6,1020.2,71,17.8,21.5,3.4,2,3.9,6.5,6.3,10.7
21229,2016-10-21,6.4,1023,61,15.5,21.3,3,1.8,2.9,4.6,7.6,9.1
21229,2016-10-22,4.2,1015.8,64,17.3,21.3,1.5,1,1.7,2.7,6.7,9.1
21229,2016-10-23,9.8,1018.2,63,14,21.1,5.2,3.1,3.9,7.2,8.6,9.1
21229,2016-10-24,4.5,1019.7,52,15.4,20.9,2.2,1.4,2.3,3.7,7.4,8
21229,2016-10-25,10.5,1011.2,71,18.6,20.8,3.2,1.9,2.5,3.7,6,7.1
21229,2016-10-26,4,1017.8,62,18.2,20.8,1.7,1.1,1.8,3.1,5.4,7.1
21229,2016-10-27,5.5,1025,60,15.9,20.7,2.9,1.8,2.4,4.2,7.3,9.1
21229,2016-10-28,7.5,1015.4,74,16.7,20.5,2.8,1.7,2.5,3.7,6.1,8
21229,2016-10-29,7,1023.7,61,13.1,20.5,4.3,2.7,3.8,5.7,8.1,9.1
21229,2016-10-30,5.1,1025.9,62,14.4,20.4,2.5,1.6,1.8,3.2,6.8,9.1
21229,2016-10-31,6.1,1022.8,61,15.2,20.2,2.1,1.3,2,3.7,5.2,9.1
21229,2016-11-01,8.9,1024.7,70,10.6,20,4.5,2.8,3.8,6.1,8.3,9.1
21229,2016-11-02,6.7,1022.7,69,11.2,19.8,2.8,1.7,2.4,3.8,5.8,8
21229,2016-11-03,7.9,1019.3,46,13.3,19.7,2.8,1.7,2.1,3.6,6.4,7.1
21229,2016-11-04,7.6,1015.2,51,16.3,19.5,2.2,1.3,1.8,3,5.5,6.4
21229,2016-11-05,9.5,1011.7,64,16.4,19.4,2.9,1.8,3,4.5,6,7.1
21229,2016-11-06,9.7,1027.6,66,10.6,19.2,5.1,3.2,3.9,6.3,8.6,9.1
21229,2016-11-07,6.9,1023.8,65,14,19,2.6,1.5,2,3.3,7.4,9.1
21229,2016-11-08,10.4,1019.3,75,11,18.5,4.8,3,4.1,6.8,8.2,10.7
21229,2016-11-09,6.9,1027.3,61,7.9,18.5,4.5,2.8,3.9,6.4,9,9.1
21229,2016-11-10,6.8,1022.1,60,11.6,18.7,2.7,1.6,2.1,3.7,7.7,10.7
21229,2016-11-11,7.2,1015.9,54,14.6,18.5,2.7,1.7,2.1,3.6,8.2,12.8
21229,2016-11-12,6.4,1022,54,16.4,18.3,2.1,1.3,1.8,3,5.8,10.7
21229,2016-11-13,5.3,1022.3,62,17.5,18.1,1.6,1,1.6,2.8,5.5,7.1
21229,2016-11-14,6.6,1015.1,81,18.1,18.1,1.4,.9,1.2,1.9,4.4,6.4
21229,2016-11-15,8.4,1017.4,69,12.2,18,3.9,2.4,3.4,5.8,7.5,10.7
21229,2016-11-16,5.9,1020.8,56,13.2,17.8,2.7,1.7,2.5,3.8,7.4,9.1
21229,2016-11-17,3.6,1024,64,13.8,17.9,2,1.3,1.7,2.9,6.1,7.1
21229,2016-11-18,6.4,1019.1,67,16.5,17.9,1.7,1,1.3,2.1,4.8,6.4
21229,2016-11-19,3.9,1011.9,82,16.1,18,1.4,.9,1.2,1.9,5.3,7.1
21229,2016-11-20,6.4,1019.5,72,14.3,18.1,2.5,1.5,2.5,4.6,6.7,9.1
21229,2016-11-21,4,1018.8,66,15,18.4,2,1.2,1.9,3.1,6.6,9.1
21229,2016-11-22,10.1,1017.5,82,9.5,18.4,4.8,3,4.1,7.1,8,9.1
21229,2016-11-23,8.7,1022.6,75,6.9,18.1,4.4,2.7,3.8,6,8.3,9.1
21229,2016-11-24,8.2,1020.7,70,7.4,17.7,4.3,2.6,3.5,6.9,7.6,8
21229,2016-11-25,7.5,1023.7,54,8.6,17.9,3.2,2,2.4,4.3,6.8,8
21229,2016-11-26,5.4,1022.4,56,10.5,18.4,2.3,1.4,1.8,3,5.8,7.1
21229,2016-11-27,6.5,1018.1,53,11.3,17.6,1.6,1,1.6,2.5,4.8,6.4
21229,2016-11-28,6.8,1022.7,59,9.4,17,3.2,1.9,2.4,4.4,7.2,8
21229,2016-11-29,8.2,1031.1,57,8.6,17.1,3,1.9,2.6,4.3,6.8,9.1
21229,2016-11-30,8.4,1026.4,63,10.9,17.1,2.7,1.7,2.2,3.5,6.3,9.1
21229,2016-12-01,10.5,1020.1,50,11.8,16.6,4.3,2.6,4.5,7.6,6.9,9.1
21229,2016-12-02,5.2,1025.5,45,11.3,16.3,3.2,1.9,2.5,4.8,7.4,9.1
21229,2016-12-03,4.4,1023.8,56,14.1,16.3,2,1.2,1.7,3.3,6.3,8
21229,2016-12-04,7.4,1014.6,51,15.5,16.3,2.3,1.4,1.7,2.9,5.4,5.8
21229,2016-12-05,7.3,1013.1,55,14.1,16.4,2.3,1.4,2,3.4,5.5,6.4
21229,2016-12-06,7.7,1020.8,69,6.6,16.2,4.8,2.8,3.9,6.4,8.6,9.1
21229,2016-12-07,7.2,1018.4,53,9.6,16.3,2.5,1.5,1.9,3.2,6.8,9.1
21229,2016-12-08,7.1,1016.7,57,10,16.2,2.3,1.4,1.8,3,5.9,7.1
21229,2016-12-09,11.1,1013.7,60,9.5,16.1,3.5,2.1,3.1,5.9,6.3,8
21229,2016-12-10,6.3,1022.8,69,5.5,16.2,3.5,2.2,3.1,5.2,8.2,9.1
21229,2016-12-11,5.2,1026.5,63,6.8,15.7,2.4,1.5,1.8,3,6.8,8
21229,2016-12-12,6.3,1022.4,52,11.6,15.5,1.9,1.1,1.5,2.5,5.4,8
21229,2016-12-13,8.2,1016.8,65,10.5,15.6,2.9,1.8,3.9,6.2,6.7,9.1
21229,2016-12-14,11.2,1018,71,3.5,15.5,5.7,3.5,4,6.8,8.7,10.7
21229,2016-12-15,8.5,1017.6,74,3.2,15.4,4.4,2.7,3.9,8.2,8.6,9.1
21229,2016-12-16,7.5,1020.6,59,5.1,15.7,3.9,2.4,3.1,5.4,7.9,9.1
21229,2016-12-17,5.7,1025,53,9.8,15.4,3.4,2,2.9,4.6,7.3,8
21229,2016-12-18,4,1026.9,55,12.2,15.8,2,1.2,1.3,2.2,6.1,7.1
21229,2016-12-19,3.8,1024.4,63,13.2,,1.4,.8,1.3,2.3,5.1,6.4
21229,2016-12-20,5,1026.4,67,13,15.3,1.4,.8,1.2,2,4.5,5.3
21229,2016-12-21,5.2,1025.2,73,13.3,15.1,1.1,.7,1.1,1.7,4.1,4.9
21229,2016-12-22,11.6,1004.6,79,13.8,15.3,5.1,3.2,5.2,8.2,7.9,9.1
21229,2016-12-23,7.6,1012.8,77,6.6,15.2,6.9,4.3,5.5,9.1,11.4,12.8
21229,2016-12-24,7.3,1027,63,6.2,15.1,6.8,4.1,5.2,8.1,11.9,12.8
21229,2016-12-25,6.6,1029.4,62,9.8,15.2,3.4,2.1,3.1,5,8.6,10.7
21229,2016-12-26,7.5,1018.5,66,11.4,15.6,2.3,1.4,2.2,3.5,5.3,8
21229,2016-12-27,12.5,1016.3,77,4.3,15.6,5.9,3.6,4.5,8,8.2,9.1
21229,2016-12-28,7,1026.2,58,4.7,15.4,4.1,2.5,4,7.3,8.5,9.1
21229,2016-12-29,10.2,1023.2,60,5.3,15.3,4,2.4,3.1,5.5,7,9.1
21229,2016-12-30,6.6,1027.4,48,6.6,15.4,2.6,1.6,2.6,4.3,7.1,8
21229,2016-12-31,5.7,1026.5,50,8.4,15.1,2.1,1.3,1.7,3,6.3,8
22105,2007-01-01,4.3,1026,48,10.1,14.8,1.1,.5,.8,1.7,3.7,4
22105,2007-01-02,6.5,1024.8,74,8.6,14.7,1.8,.9,2,4.1,4.1,5.3
22105,2007-01-03,5.4,1029,60,6.8,14.6,2.6,1.2,1.6,3.5,4.8,5.3
22105,2007-01-04,,,,,,,,.7,1.4,,5.4
22105,2007-02-05,4.6,1017,48,11.9,12.6,1.7,.8,1.2,2.6,5.1,6.1
22105,2007-02-06,5.6,1021.3,62,11.5,12.5,1.5,.7,.9,1.8,5.3,6.3
22105,2007-02-07,7,1025.8,80,9.9,12.5,2.1,1,1.4,2.9,5.3,6.2
22105,2007-02-08,4.5,1020,82,9.1,12.5,1.5,.7,1,2,5.3,6.4
22105,2007-02-09,6.9,1012.9,79,8,12.5,2,.9,1.2,2.4,5.6,6
22105,2007-02-10,7.8,1010.6,60,7.5,12.5,2.3,1.1,1.9,4.3,5.5,7.5
22105,2007-02-11,5.7,1015.6,48,6.9,12.4,2.5,1.2,1.9,4.1,6.7,8.1
22105,2007-02-12,3.9,1020.1,50,7.2,12.3,1.8,.9,1.2,2.5,6.8,7.8
22105,2007-02-13,5.9,1017.8,64,9.7,12.3,1.4,.7,1.1,2.2,5.3,7.7
22105,2007-02-14,9.9,1005.8,63,7.1,12.2,3.7,1.8,3.4,6.4,7.5,10.2
22105,2007-02-15,10.9,1015.6,45,5,12.1,5.8,2.8,3.6,7.6,9.2,10
22105,2007-02-16,5.1,1022.8,59,6.4,12.1,3.2,1.6,1.8,4.2,10.2,13
22105,2007-02-17,5,1017.4,66,8.1,12.2,2.3,1.1,1.5,3.2,11.2,12.6
22105,2007-02-18,4.3,1014.1,69,8,12.3,1.9,.9,1.5,3,8.3,10.3
22105,2007-02-19,5.2,1016.6,76,8.8,13.1,2,.9,1.3,2.8,6.4,8.1
22105,2007-02-20,3.6,1018.6,56,10.8,12.8,1,.5,.7,1.6,4.9,6.1
22105,2007-02-21,4.9,1019.7,61,11.6,12.8,1,.4,.9,2.1,5.2,7.9
22105,2007-02-22,8.6,1012.5,54,13.2,13.3,1.7,.8,1.2,2.4,4.5,5.4
22105,2007-02-23,7.6,1016.5,62,7.9,13.4,3,1.4,1.8,4.1,7.2,10.3
22105,2007-02-24,4.6,1023.7,70,6.1,12.9,2.4,1.1,1.4,3,7.9,9.4
22105,2007-02-25,6.4,1025,60,8,12.5,1.7,.8,.9,2.1,5.4,6.8
22105,2007-02-26,4.8,1025.6,59,9.4,12.8,2.1,1,1.2,2.7,7.1,8.2
22105,2007-02-27,8,1025,66,9.3,12.8,2.5,1.2,2.9,6.3,7.3,9.8
22105,2007-02-28,5.1,1030.9,54,6.9,12.3,3.2,1.6,2.9,5.5,8.8,10.6
22105,2007-03-01,8.1,1026.8,67,9.4,13.1,1.7,.8,1,2.4,5.6,7.3
22105,2007-03-02,8.1,1021.6,78,11.3,13.5,1.7,.8,1,2.2,5.1,6.2
22105,2007-03-03,5.3,1021.1,85,11.2,13.6,1.3,.6,.8,1.8,5.1,7.5
22105,2007-03-04,7.1,1011.5,91,12.1,13.2,1.8,.9,1.9,4.6,5.4,6.7
22105,2007-03-05,12.7,1001,59,7.2,13,5,2.3,2.9,6.5,7.7,9.1
22105,2007-03-06,11,1015.5,56,.5,12.4,5.6,2.7,3.4,8.2,9.7,10.9
22105,2007-03-07,9.4,1015.1,46,1.7,12.2,3.6,1.7,2.1,4.5,8,9.4
22105,2007-03-08,7.4,1018.2,45,4.3,12.3,2.8,1.3,1.7,3.6,7.2,8.2
22105,2007-03-09,4.5,1021.8,46,7.2,12.6,1.5,.7,1,2.1,6,7
22105,2007-04-20,9.5,1008.9,75,15.1,13.8,3.6,1.7,2.4,5,7.4,9.1
22105,2007-04-21,4.6,1010,91,14.2,13.7,2.3,1.1,2.2,4.6,7.1,9
22105,2007-04-22,5.8,1010.7,83,12.3,13.6,1.7,.8,1,2.3,5.5,6.7
22105,2007-04-23,5,1015.3,63,12.6,14.1,1.3,.6,.8,2,5.3,6.2
22105,2007-04-24,6.5,1010.2,77,12.8,13.6,1.3,.6,.8,1.7,4.1,4.7
22105,2007-04-25,4.3,1007.1,66,14.6,14,1.2,.6,.7,1.6,5.1,6.4
22105,2007-04-26,5.4,1017.2,68,12.6,13.6,1.1,.5,.7,1.5,5.2,8.3
22105,2007-04-27,6.9,1017.7,81,13.3,13.2,1.7,.8,1.1,2.7,5.5,7.7
22105,2007-04-28,5.3,1017.4,62,15,14.5,1.1,.5,.6,1.4,4.6,6
22105,2007-04-29,4.7,1014.7,68,16.3,14.8,1,.5,.6,1.4,4.4,5.3
22105,2007-04-30,4.6,1012.3,68,16.5,14.9,1.1,.5,1.2,2.6,4.7,9.1
22105,2007-05-01,6,1004.7,88,13,14.8,1.9,.9,1.2,2.7,6.8,8.1
22105,2007-05-02,4.5,1006.5,82,14.8,14.8,1.5,.7,.9,2.3,6.1,7.1
22105,2007-05-03,5.5,1007,68,16.9,15.4,1.2,.6,.8,1.7,4.8,6.1
22105,2007-05-04,6.9,1003.8,75,16.9,15.2,1.7,.8,1.3,2.7,5.3,8.1
22105,2007-05-05,4.6,1008.9,76,15.1,14.8,1.6,.7,1.2,2.6,6,8
22105,2007-05-06,3.3,1004.4,74,14.1,14.8,.9,.4,.5,1.2,5.6,7.9
22105,2007-05-07,5.1,1002.2,81,16.2,15.2,.9,.4,.5,1.1,5.3,8.5
22105,2007-05-08,3.7,1007.2,78,16.8,15.6,.9,.4,.6,1.4,5.3,9.6
22105,2007-05-09,6.1,1011.9,74,14.6,15.5,2,.9,1.5,3.2,6.6,8.5
22105,2007-05-10,4.1,1013.4,70,15.1,15.5,1.4,.6,1,2.2,5.5,7.5
22105,2007-05-11,6,1015.9,79,15.1,15.2,1.4,.6,1.2,2.9,6.2,8.5
22105,2007-05-12,8.5,1005.6,78,15.6,15.6,2.6,1.2,1.7,3.7,5.6,6.2
22105,2007-05-13,8,1008.1,61,16.8,15.8,2.4,1.1,1.6,3.4,6,7.9
22105,2007-05-14,6.9,1007.6,66,17.4,15.9,1.9,.9,1.2,3.1,5.2,5.9
22105,2007-05-15,5.4,1012,72,16.3,16.2,1.1,.5,.9,2.2,4.8,6.6
22105,2007-05-16,10.3,1001.1,90,15.8,15.5,2.6,1.2,1.5,3.3,5.5,6
22105,2007-05-17,7.1,992.7,88,14.9,15.5,3.2,1.4,1.8,4.3,7,9.7
22105,2007-05-18,5.7,999,85,14.3,16,2.7,1.2,1.5,3.5,8.1,9.5
22105,2007-05-19,4.4,1007.9,79,13.9,16.1,2.1,1,1.2,2.7,9.7,11.4
22105,2007-05-20,7.4,1012.2,78,14.5,16.1,2.8,1.4,1.7,3.5,10.5,12.3
22105,2007-05-21,5.6,1010.3,82,16.6,16.1,1.7,.8,1.4,3.1,7.9,10
22105,2007-05-22,3.7,1010.2,72,18,16.9,.7,.3,.5,1.1,6.5,8.3
22105,2007-05-23,3.1,1008.6,81,17.6,17.2,.6,.3,.5,1,4.2,5.4
22105,2007-05-24,6.9,1002.6,88,17.1,16.7,1.6,.7,1.3,3.1,4.7,5.6
22105,2007-05-25,4.5,996.3,85,16.5,16.7,1.5,.7,.9,2.1,6.7,8.7
22105,2007-05-26,5.4,999.9,70,18.4,16.5,1.9,.9,1.1,2.2,9.2,11.6
22105,2007-05-27,5.7,1011.7,73,15.4,16.7,2,1,1.4,2.9,10.2,13.1
22105,2007-05-28,5.5,1015.3,76,14.6,16.6,2.5,1.3,1.4,3,10.7,12.2
22105,2007-05-29,5.9,1008.8,89,16.3,16.5,2,.9,1.2,2.6,8.7,10.7
22105,2007-05-30,5.7,1009.3,86,15.8,16.7,1.3,.6,.8,1.7,5.3,7.8
22105,2007-05-31,4.7,1013.6,79,15.8,17,1.1,.5,.6,1.5,4.9,5.6
22105,2007-06-01,3.7,1013.1,79,16.1,17.2,.8,.4,.6,1.2,5.3,6.4
22105,2007-06-02,2.5,1012.9,78,17.2,18.2,.9,.4,.5,1.1,5.3,6.7
22105,2007-06-03,3.2,1014.1,83,17.4,18.3,.8,.3,.4,1,4.7,5.5
22105,2007-06-04,5.3,1009.6,91,17.6,18.5,1,.5,.8,1.7,4.3,5.1
22105,2007-06-05,4,1004.7,72,21.5,19.1,.9,.4,.6,1.3,4.1,5.1
22105,2007-06-06,4.5,1006.5,78,19.8,19.2,.9,.4,.6,1.3,4.6,5.4
22105,2007-06-07,3,1006.6,82,20.4,19.5,.6,.3,.4,1,3.8,5.1
22105,2007-06-08,7.4,1009.3,79,17.6,18.8,1.7,.8,1.2,2.5,5.4,6.4
22105,2007-06-09,8.1,1010.7,85,16.8,18.3,2.6,1.2,1.4,3,7,7.6
22105,2007-06-10,5.2,1011.7,85,17.7,18.3,1.3,.6,.9,2,5.6,7
22105,2007-06-11,7,1010.9,88,18.2,18.5,1.1,.5,.8,1.6,3.7,5.5
22105,2007-06-12,8.1,1008.9,87,19.7,18.9,1.8,.8,1.1,2.6,4.8,5.6
22105,2007-06-13,5.4,1006.9,87,20,19.3,1.3,.6,1,2.3,4.7,5.9
22105,2007-06-14,4.8,1007.4,91,19,19.4,.8,.4,.7,1.7,4.1,6.2
22105,2007-06-15,6.7,1011.9,84,18.7,19.2,1.8,.9,1,2.2,6,7
22105,2007-06-16,3.4,1014.3,77,19.9,19.6,.9,.4,.5,1.2,5,6.3
22105,2007-06-17,3.7,1013.9,82,19.3,19.8,.8,.4,.5,1.1,5.4,5.8
22105,2007-06-18,1.7,1013.7,79,19.8,20.9,.8,.4,.5,1.1,5.5,6.2
22105,2007-06-19,2.2,1014.7,86,20.4,21,.6,.3,.3,.7,4.8,5.7
22105,2007-06-20,4.7,1010.6,88,21,21.3,.9,.4,.7,1.5,4.7,6.5
22105,2007-06-21,3.5,1007.3,90,20.9,21,.9,.4,.8,1.9,4.7,5.5
22105,2007-06-22,3.6,1004.6,87,20.9,21.4,.9,.4,.6,1.2,4.7,5.8
22105,2007-06-23,6.8,1006.7,89,20.7,20.9,1.1,.5,.6,1.4,4.5,6
22105,2007-06-24,7,1001.3,91,19.6,20.6,1.9,.9,1.2,2.7,5.3,6.5
22105,2007-06-25,4,1002.5,91,20.2,20.7,1.2,.6,.8,1.9,6.3,6.7
22105,2007-06-26,2.8,1005.4,86,21.3,21.8,.8,.4,.4,1,5.4,6.1
22105,2007-06-27,5.7,1006.6,93,21.7,21.7,.7,.3,.4,.9,4.6,5.7
22105,2007-06-28,6,1003.5,91,22.2,21.4,.8,.4,.6,1.3,3.9,5.3
22105,2007-06-29,3.2,1003,92,21.3,21.2,.9,.4,.6,1.3,4.6,6.9
22105,2007-06-30,5,1009.6,88,20.7,20.9,3.1,1.5,2,4.2,8.7,9.7
22105,2007-07-01,5.6,1008.5,87,20,19.9,2.1,1,1.4,2.9,8.4,9.5
22105,2007-07-02,4.6,1004.4,92,20.1,19.9,1.7,.8,1,2.1,6.9,9.1
22105,2007-07-03,3.9,1004.2,90,21.1,21.5,.9,.4,.6,1.3,6.5,7.8
22105,2007-07-04,4.4,1001,90,21.5,21.8,.7,.3,.4,.9,4.2,6
22105,2007-07-05,3,1002.8,86,22.6,22.6,.5,.3,.3,.7,4.8,5.2
22105,2007-07-06,3.2,1004.3,85,22.3,23,.9,.4,.6,1.3,11,33
22105,2007-07-07,3.3,1005.1,78,21.9,22.6,.9,.4,.6,1.2,6.5,8.5
22105,2007-07-08,3.6,1005.7,80,22.2,22.7,.4,.2,.3,.6,5,5.9
22105,2007-07-09,4.4,1005.4,77,22,22.2,.7,.3,.4,.9,5,6
22105,2007-07-10,10.2,999.6,92,20.9,21.8,3.5,1.6,2.3,5.5,6.8,9.1
22105,2007-07-11,6.3,1004.5,83,20,22.1,4.6,2.3,2.6,5.4,10,11.4
22105,2007-07-12,6,1008.4,88,20.9,21.7,4.1,2,2.5,5.2,11,12.3
22105,2007-07-13,7.1,1011.2,82,20.2,22,3.1,1.4,1.7,3.6,9.9,11.1
22105,2007-07-14,9.2,1005.4,83,20.1,21.7,3.2,1.5,2,4.5,7.6,9.5
22105,2007-07-15,9,1003,83,19.8,21.2,3.4,1.6,1.9,4.5,7.4,8.2
22105,2007-07-16,2.2,1001.2,90,19.8,21.3,2.1,1,1.2,2.7,7.5,8.6
22105,2007-07-17,3.8,1001.6,88,20.3,20.9,1.6,.8,.9,1.9,8.5,9.3
22105,2007-07-18,4.3,1003.4,88,20.8,21.4,1.1,.5,.6,1.3,5.7,8.1
22105,2007-07-19,7.8,998.2,93,21.8,21.1,1.6,.8,1,2.1,4.7,5.6
22105,2007-07-20,4.4,1002.9,87,21.1,21,1.6,.7,.9,2.2,5.4,6.5
22105,2007-07-21,3.4,1004.6,88,20.9,21.1,1,.5,.8,1.7,5.8,6.4
22105,2007-07-22,2.8,1006.6,82,21.9,22,.4,.2,.3,.6,6.1,6.8
22105,2007-07-23,3.7,1009.5,89,22.1,22.2,.3,.1,.2,.4,4.8,7.9
22105,2007-07-24,5.7,1009.8,92,22.1,22,.7,.3,.5,1,3.2,3.7
22105,2007-07-25,2.4,1008.2,95,22.5,22.6,.3,.2,.3,.6,3.4,3.7
22105,2007-07-26,2.2,1009,83,25.3,24,.2,.1,.2,.3,4.4,8.6
22105,2007-07-27,3.5,1007,85,25.7,24.6,.2,.1,.2,.3,3,5.9
22105,2007-07-28,3,1006.5,78,26.1,24.8,.7,.3,.4,.9,4.3,5.7
22105,2007-07-29,5.2,1009.4,89,23.4,24.1,1,.5,.9,1.8,4.6,5.7
22105,2007-07-30,4,1010.9,79,23.2,23.9,1.3,.7,.8,1.7,8.6,9.8
22105,2007-07-31,6.7,1005.4,87,23.9,23.9,1.1,.5,.8,1.7,4.4,7.3
22105,2007-08-01,7.4,1002.7,88,24.4,23.2,1.3,.6,.9,1.9,4.8,6.4
22105,2007-08-02,5.1,1004.7,90,24.4,23.5,1.1,.5,.9,1.8,5,6.7
22105,2007-08-03,7.1,1003.7,93,23.3,23.4,2.4,1.1,1.6,3.5,5.7,7.1
22105,2007-08-04,4,1005.3,90,23.6,23.3,2.2,1,1.3,3,7.2,7.9
22105,2007-08-05,4.1,1008.7,87,24.5,23.7,1.2,.6,.8,1.8,6.4,7.2
22105,2007-08-06,4.9,1012.1,89,23.4,22.6,.9,.4,.5,1.1,5.1,7.5
22105,2007-08-07,6.8,1011.6,90,23.7,22.8,.8,.4,.6,1.3,3.6,6
22105,2007-08-08,9.3,1009.2,92,23.4,22.2,1.6,.8,1.2,2.6,4.8,6.3
22105,2007-08-09,7,1009.8,90,23.4,21.7,1.5,.7,.9,1.8,5.2,6.3
22105,2007-08-10,7.7,1008.7,89,23.9,22.7,1.3,.6,.9,1.9,4.7,5.7
22105,2007-08-11,7.5,1007.6,89,24.4,23,1.2,.6,.9,1.9,4.2,6.2
22105,2007-08-12,8.8,1004.5,83,25.6,24.6,1.7,.8,1.1,2.3,4.8,6.8
22105,2007-08-13,8.3,1003.5,88,25.4,24.7,1.7,.8,1,2.1,5.1,6.7
22105,2007-08-14,10.6,1004.1,86,25.8,24.2,2.5,1.2,1.6,3.8,5.4,6.6
22105,2007-08-15,7.3,1010.2,87,24.9,23.6,1.7,.8,1.3,3.1,5,6.9
22105,2007-08-16,3.3,1012,87,25.6,25,.6,.3,.5,1,3.9,8.2
22105,2007-08-17,2.2,1011.3,86,26,25.9,.3,.2,.2,.4,5.2,9.1
22105,2007-08-18,3.5,1009.4,89,26.2,26.1,.9,.4,.6,1.3,8,8.8
22105,2007-08-19,2.2,1009.6,89,26.3,26.5,.9,.4,.6,1.2,7,8.2
22105,2007-08-20,3.2,1008.5,81,27.1,26.9,.5,.3,.3,.8,5.1,10.8
22105,2007-08-21,4.7,1004.9,78,27.9,26.8,.7,.4,.5,1.1,3.9,4.6
22105,2007-08-22,2.7,1007.3,76,26.8,26.6,.9,.4,.6,1.3,4.6,6
22105,2007-08-23,4.8,1013,77,26,26.7,1,.5,.6,1.2,5.3,6.8
22105,2007-08-24,6.8,1014.9,83,26.2,26.5,1.1,.5,.7,1.4,3.8,4.7
22105,2007-08-25,4,1014.3,83,27.2,26.6,.8,.4,.6,1.3,3.8,4.5
22105,2007-08-26,2.9,1014.3,81,26.9,26.7,.6,.3,.4,.9,3.9,4.9
22105,2007-08-27,3.8,1011.1,86,25.3,26.7,.9,.4,.6,1.4,4.7,5.3
22105,2007-08-28,4.8,1011.2,79,24.1,25.9,1.2,.6,.6,1.4,5.3,6.1
22105,2007-08-29,4,1010.2,75,23,25.8,.8,.4,.7,1.4,4.5,6.2
22105,2007-08-30,6.5,1009.2,66,23.9,25.4,1.6,.7,.9,2.2,5,6.2
22105,2007-08-31,4.2,1010.4,77,23.6,25.1,1.8,.8,1,2.3,6.4,8.6
22105,2007-09-01,4.5,1009.7,76,22.3,24.8,1.2,.6,.8,2,6.8,8.4
22105,2007-09-02,8.4,1006.4,84,22,23.8,3.5,1.6,2.1,5.1,7.1,8.5
22105,2007-09-03,4.3,1010.5,75,23.4,23.8,2.7,1.2,1.4,3.2,8.2,8.9
22105,2007-09-04,4,1012.7,76,23.2,24.1,1.7,.8,1.1,2.2,8.2,8.9
22105,2007-09-05,10.3,1012,84,21.3,24.4,3.1,1.4,2.1,5.3,7.2,8.7
22105,2007-09-06,10.6,1008,84,20.7,23.8,4.2,1.9,2.1,5.1,8.1,9.4
22105,2007-09-07,9.2,1004.2,84,21.4,23.7,4.2,2,2.3,5,9.3,9.8
22105,2007-09-08,4.9,1006,79,22.5,24.1,3.5,1.8,2.2,4.4,10.8,12.5
22105,2007-09-09,5.2,1007.7,63,23.7,23.4,2.3,1.2,1.4,3.4,11.2,12.3
22105,2007-09-10,4.2,1010.5,75,23.4,22.4,1.3,.6,1,2.1,8.8,10.8
22105,2007-09-11,4.2,1011.7,76,23.6,23.1,1,.5,.6,1.2,6.4,7.4
22105,2007-09-12,3.7,1013.3,76,22.6,23.7,1,.5,.6,1.3,5.3,8.5
22105,2007-09-13,2.4,1015.3,81,23,23.7,.6,.3,.4,.9,6.6,8.9
22105,2007-09-14,3.5,1014,83,21.7,23.5,1,.5,.8,1.7,4.4,5.5
22105,2007-09-15,5.8,1007.6,87,22.2,23.2,1.9,.9,1.1,2.6,6.3,7.6
22105,2007-09-16,8.1,1010.6,86,22,22.9,2.4,1.1,2,4.8,7.1,25
22105,2007-09-17,10.1,1012.8,85,21.7,22.6,5.1,2.4,3.1,7,9,10.2
22105,2007-09-18,6.1,1017.6,82,22.4,22.7,3.3,1.5,1.9,3.9,9.5,11.4
22105,2007-09-19,6.9,1012.5,90,23.2,22.9,2.7,1.3,1.5,3.2,9.5,10.8
22105,2007-09-20,6.5,1012.3,88,23.8,23.1,2.1,1,1.7,3.4,6.1,8.1
22105,2007-09-21,6.8,1013.2,88,24.1,23,2.1,.9,1.4,3.5,5.8,6.4
22105,2007-09-22,7.3,1021.9,73,21.9,23,2.4,1.1,1.3,3,6.2,6.8
22105,2007-09-23,4.9,1021.9,67,22,22.9,2.2,1,1.2,2.5,6.8,7.4
22105,2007-09-24,1.9,1017.4,72,21.6,22.9,1.5,.7,1,2,6.4,7
22105,2007-09-25,4.2,1017.4,74,21.1,22.8,1.4,.6,1.3,3,6.1,9.7
22105,2007-09-26,5.4,1017,71,20.8,22.5,2.3,1.1,1.6,3.5,7.8,9.5
22105,2007-09-27,6.9,1010.4,83,22.6,22.6,1.7,.8,.9,2.2,4.8,5.3
22105,2007-09-28,4.4,1016.1,70,20.7,22.4,1.6,.8,1,2.5,6.4,8.1
22105,2007-09-29,5.8,1022.9,58,20.6,22.2,1.7,.8,.9,2.2,6,7.5
22105,2007-09-30,3.7,1019.5,62,20.7,22.1,1.1,.5,.8,1.9,6.1,7.4
22105,2007-10-01,3.1,1016.9,65,20.6,21.9,.6,.3,.4,.8,5.4,8.5
22105,2007-10-02,2.9,1018.4,62,21.2,21.9,.5,.3,.3,.7,4.3,6.6
22105,2007-10-03,1.7,1019,69,21.7,22.7,.7,.3,.5,1.1,4.8,5.7
22105,2007-10-04,5,1018,84,20.5,22.7,1.1,.5,.6,1.5,4.6,6
22105,2007-10-05,4,1019.3,70,20.5,23.1,1.2,.6,.7,1.6,5.5,6.2
22105,2007-10-06,3.1,1018,65,21.2,21.8,.8,.4,.5,.9,5.4,6.6
22105,2007-10-07,6,1010.8,73,22.3,21.9,1.3,.6,.9,1.9,4.5,5.8
22105,2007-10-08,5.2,1012.5,69,18.9,21.5,3.1,1.5,2.5,5.2,7.9,10.8
22105,2007-10-09,5.5,1015.8,64,18.8,21.7,2.1,1,1.4,3,6.3,8.1
22105,2007-10-10,4.3,1017.7,55,19.4,21.8,1.6,.7,1.3,2.5,6.2,8
22105,2007-10-11,5.4,1017,64,19.7,21.4,1.3,.6,.7,1.6,5,10.7
22105,2007-10-12,5.3,1021.1,62,19.6,20.9,1.2,.6,1.2,2.9,4.9,7.3
22105,2007-10-13,6.8,1023.5,65,18,21.8,2.6,1.2,1.5,3.6,6.7,7.9
22105,2007-10-14,3.4,1021.1,69,18.1,21.4,1.5,.7,.9,2,6,7
22105,2007-10-15,6.5,1023.6,56,17.1,21.2,2,.9,1.1,2.7,5.8,6.4
22105,2007-10-17,9.6,1021.9,69,16.3,22.6,3.6,1.4,1.9,5.1,5.5,6.4
22105,2007-10-18,5.2,1021.2,62,17.8,22.4,1.9,.9,1.4,2.4,5.5,6.4
22105,2007-10-19,6.4,1011.8,57,16.1,22.9,1.8,.9,1.6,3.2,5.3,6.4
22105,2007-10-20,9.4,1014.5,46,11.2,22.1,3.2,1.6,2.2,4.1,6.9,8
22105,2007-10-21,4.7,1016.4,42,15.9,22,1.7,.8,1.2,2.5,5.4,6.4
22105,2007-10-22,5.3,1017.7,54,18.4,21.8,1.1,.6,.8,1.5,4.4,6.4
22105,2007-10-23,6,1024.6,66,18.1,21,1.6,.8,1.2,3,5.1,7.1
22105,2007-10-24,7.4,1026.1,69,18.9,21.2,1.6,.7,.8,1.8,4.2,5.8
22105,2007-10-25,5.4,1021.8,74,19.2,21.5,1,.5,.7,1.4,3.7,4.9
22105,2007-10-26,7.7,1018.4,78,16.7,21.2,1.8,.8,1.3,2.6,4.4,6.4
22105,2007-10-27,5.4,1017.5,62,16.6,21.7,2.3,1.1,1.4,3.2,6.1,7.1
22105,2007-10-28,6.8,1013.5,61,18.4,21.6,1.7,.8,1.1,2.4,6,7.1
22105,2007-10-29,6.9,1018.2,59,14.9,21.2,3,1.5,2,4.1,6.4,8
22105,2007-10-30,1.6,1023.4,57,15.8,20.9,2.7,1.2,2.1,4.2,7.4,8
22105,2007-10-31,5.7,1020.5,52,17.6,21.2,1.6,.8,1.1,2.2,5.8,8
22105,2007-11-01,8.9,1017.5,48,14.3,21.2,2.2,1,1.6,3.4,5.3,6.4
22105,2007-11-02,5.2,1019.7,46,11.9,21.2,1.6,.8,1.7,3.1,5.2,6.4
22105,2007-11-03,5.6,1023.8,50,14.2,20.2,1.2,.6,.7,1.4,4.5,5.8
22105,2007-11-04,2.8,1028.7,51,14.9,19.8,.9,.4,.6,1.4,4.5,5.8
22105,2007-11-05,2.4,1026.2,62,16,19.2,.6,.3,.4,.8,4,5.8
22105,2007-11-06,4,1024.1,61,15.4,19.7,.7,.3,.4,.9,3.6,4.6
22105,2007-11-07,5.8,1020.1,68,16.9,19.5,1,.5,.8,1.5,3.8,4.9
22105,2007-11-08,5.9,1020.9,65,16.5,18.8,.9,.5,.7,1.3,3.9,5.3
22105,2007-11-09,6.3,1020.6,68,16.1,17.4,1.2,.6,.7,1.4,3.9,5.3
22105,2007-11-10,7.2,1016.8,55,14.1,17,1.7,.8,1.4,2.7,4.7,6.4
22105,2007-11-11,11.1,1017,65,12.2,17.4,4.4,2.2,3.1,6.5,7.4,9.1
22105,2007-11-12,7.2,1018.4,55,12.7,17.3,4.3,2.1,2.6,5.4,8.2,9.1
22105,2007-11-13,1.3,1018.8,53,13.7,17.1,3,1.4,2.4,4.5,8.7,9.1
22105,2007-11-14,2.6,1020.3,58,14.9,17.1,1.6,.8,1.1,2,7.2,9.1
22105,2007-11-15,8.6,1023.8,76,10.9,17,3.1,1.4,2.5,5.2,6.6,8
22105,2007-11-16,3.6,1021.5,74,10.3,17.6,2.3,1.1,1.7,3.7,6,8
22105,2007-11-17,7.2,1013.1,49,11.1,16.6,1.9,.9,1.3,3.6,4.9,6.4
22105,2007-11-18,10.9,1020.6,50,6,17,4.3,2,2.8,6.1,6.7,9.1
22105,2007-11-19,6.2,1022.8,46,6.7,17,2.5,1.2,1.7,4,6,8
22105,2007-11-20,11,1020.1,48,7.2,16,3.1,1.5,1.9,3.7,5.8,7.1
22105,2007-11-21,8.2,1025.3,47,7.4,15.4,2.5,1.2,1.5,3.4,6,8
22105,2007-11-22,6.7,1029.1,50,7.1,15.3,2.7,1.4,2,3.6,6.4,8
22105,2007-11-23,5.3,1024.4,60,11.6,14.8,1.8,.9,1.2,2.7,6.2,8
22105,2007-11-24,5.7,1024,62,11.7,15.9,1.6,.8,1,2,5.9,9.1
22105,2007-11-25,4.5,1023.3,59,12.9,15.5,1.1,.5,.7,1.4,4.6,9.1
22105,2007-11-26,5.3,1018,63,13.3,15.8,1.2,.6,1,2.2,4.5,6.4
22105,2007-11-27,5.6,1015.8,55,9.8,15.7,2,1,1.6,3.2,6.3,8
22105,2007-11-28,10.1,1018.4,71,10.8,15.6,2.9,1.4,2.1,4.3,6.1,8
22105,2007-11-29,6.2,1019.8,77,11.2,14.9,2.7,1.3,1.8,3.4,5.9,7.1
22105,2007-11-30,7.8,1021.1,70,9.8,15.3,3.3,1.6,2.4,5,6.7,8
22105,2007-12-01,7.7,1020.9,51,9.3,15.5,2.2,1,1.6,3.2,5.4,8
22105,2007-12-02,5.8,1017.9,51,9.8,16.7,1.8,.9,1.1,2.6,5.4,7.1
22105,2007-12-03,9.9,1019.5,55,7.5,15.8,2.9,1.4,1.9,4.1,6.3,8
22105,2007-12-04,7.3,1027,53,4.3,15.1,2.7,1.3,1.7,3.4,6.2,7.1
22105,2007-12-05,5.4,1027.3,52,4.5,13.8,1.9,1,1.3,2.4,6,7.1
22105,2007-12-06,4.1,1020.9,51,7.1,14.2,1.5,.7,1.2,2,5.5,6.4
22105,2007-12-07,8.6,1017.3,62,7.6,13.7,1.9,.9,1.2,2.8,4.6,5.8
22105,2007-12-08,8.4,1021.1,53,6.5,13.8,2,1,1.6,2.8,5,6.4
22105,2007-12-09,2.4,1024.1,45,6.7,14.3,1.5,.7,1,2,5.7,7.1
22105,2007-12-10,2.9,1023.1,53,8.4,14.2,1.2,.5,.7,1.6,5.4,6.4
22105,2007-12-11,4.3,1017,74,9.1,14,1,.5,.6,1.4,4.9,6.4
22105,2007-12-12,3.5,1013.8,61,9.5,14.2,1.3,.6,.9,1.6,4.9,5.8
22105,2007-12-13,9.2,1007.9,53,7.4,13.9,2.2,1,1.5,3.3,5.1,6.4
22105,2007-12-14,7.5,1012.9,50,5.4,14.4,2.5,1.2,1.5,3.2,6.2,7.1
22105,2007-12-15,8.8,1016.2,58,6.7,16.1,2.4,1.2,1.6,3.7,5.8,6.4
22105,2007-12-16,6.5,1022.8,50,6.1,16.1,2.5,1.3,1.7,3.3,6.3,7.1
22105,2007-12-17,6.8,1019.5,50,7.3,16.6,2,.9,1.3,3.4,5.1,6.4
22105,2007-12-18,8.1,1019.2,51,6.5,16.3,2.4,1.2,1.6,3.2,5.2,6.4
22105,2007-12-19,4.4,1019.1,49,6.7,16.4,1.7,.8,1.2,2.5,5.9,7.1
22105,2007-12-20,5.9,1021.8,48,9.3,16.1,1.2,.6,.9,2,4.2,5.3
22105,2007-12-21,3.4,1027.7,54,8.7,16.6,1.5,.8,.9,1.8,5.3,6.4
22105,2007-12-22,5.8,1023.4,69,9.7,16.8,2.1,1,1.3,2.9,5.8,6.4
22105,2007-12-23,9.3,1018.7,63,10,16.5,2.4,1.2,1.9,3.7,5.2,6.4
22105,2007-12-24,5,1027.2,54,8.9,16.1,2.5,1.2,2,3.3,6.4,8
22105,2007-12-25,3.4,1028.7,59,10.1,15.8,1.2,.6,.9,1.9,5.8,7.1
22105,2007-12-26,5.1,1029.2,59,11.7,15.9,1.3,.6,.9,2,5,5.8
22105,2007-12-27,5,1023.1,70,12.3,15.7,1,.5,.7,1.4,5,5.8
22105,2007-12-28,4.8,1012.8,78,10.6,16.4,1.1,.5,1,2.4,4.5,5.8
22105,2007-12-29,10.5,1006.3,59,6.7,16.2,3.2,1.4,2.2,4.7,6.5,8
22105,2008-01-21,8.5,1027.8,69,2.8,13.6,3.5,1.8,3.2,5.2,7,8
22105,2008-01-22,6.9,1024.9,71,4.4,13.4,1.9,1,1.4,2.7,5.8,6.4
22105,2008-01-23,8.2,1017.4,69,5.3,13.5,2,1.1,2.1,4.3,5.1,7.1
22105,2008-01-24,10.3,1024.3,67,.4,13.2,4.4,2.2,3.1,5.6,7.6,9.1
22105,2008-01-25,5.9,1029.4,68,1.3,13.3,3.2,1.6,2.1,4.2,7.7,9.1
22105,2008-01-26,5,1028.8,70,2.7,13.2,2.5,1.3,2,3.6,7.7,9.1
22105,2008-01-27,4.5,1027,58,3.8,13.1,2,1,1.5,3.1,6.7,8
22105,2008-01-28,3.8,1017.9,49,6.2,13.1,1,.6,.9,1.6,6,7.1
22105,2008-01-29,6,1014.1,71,4.4,13.1,1.8,1,1.6,3.2,5.1,7.1
22105,2008-01-30,9,1017.1,55,3.6,12.9,2.5,1.3,2.2,4,5.7,7.1
22105,2008-01-31,8.2,1022.6,59,2,12.9,2.4,1.2,1.6,3.1,6.1,7.1
22105,2008-02-01,2.7,1024.8,48,3.2,12.9,1.4,.7,1.3,2,5.7,7.1
22105,2008-02-02,2.7,1021.1,55,5.1,12.9,.9,.5,.7,1.3,5.3,6.4
22105,2008-02-03,7.1,1016.5,61,4.5,12.6,1.5,.8,1.8,3.2,4.6,7.1
22105,2008-02-04,6.6,1019.2,70,3.2,12.8,2.2,1.1,1.7,3.2,5.6,7.1
22105,2008-02-05,5,1022.5,71,3,12.6,2,1,1.4,2.7,5.7,7.1
22105,2008-02-06,8.3,1019.3,56,3.5,12.6,2.1,1.1,1.4,2.9,5.3,6.4
22105,2008-02-07,6.3,1020.2,54,3.1,12.3,1.6,.8,1.1,2.2,5.2,6.4
22105,2008-02-08,5.6,1023.4,75,2.8,12.4,1.9,.9,1.2,2.5,5.5,7.1
22105,2008-02-09,10.4,1019.8,84,2.7,11.7,2.8,1.5,2.5,4.3,5.4,6.4
22105,2008-02-10,4.6,1023.8,55,5.8,12.2,2,1,1.5,2.7,5.6,6.4
22105,2008-02-11,5.8,1020.1,44,5.5,12.1,1.3,.7,.9,1.8,5.2,6.4
22105,2008-02-12,11,1019.3,64,.5,12.1,3.4,1.8,2.2,4.1,6.4,9.1
22105,2008-02-13,7.3,1022.1,58,0,12.2,2.7,1.5,2.4,4,6.8,8
22105,2008-02-14,6.7,1021.3,44,2.5,12.2,2.1,1.1,1.5,3.2,5.9,7.1
22105,2008-02-15,8.5,1022.4,57,1.8,12.1,2.6,1.3,1.7,3.2,5.8,7.1
22105,2008-02-16,8.5,1025.8,48,.8,12,2.7,1.3,1.6,3.2,6.3,9.1
22105,2008-02-17,8.2,1031.6,59,1.2,11.9,2.4,1.2,1.8,3.7,6,8
22105,2008-02-18,2.3,1033.2,38,4,11.8,1.6,.8,1.1,2,6.6,8
22105,2008-02-19,5.1,1025.8,41,5.2,11.8,1.2,.6,.8,1.5,6.1,8
22105,2008-02-20,7.4,1023,48,6.8,11.7,2.1,1.1,1.6,3.2,5.4,6.4
22105,2008-02-21,2.9,1022.7,42,8.2,11.8,1.4,.7,1.1,2.2,5.5,6.4
22105,2008-02-22,5.7,1014.9,53,9.3,11.7,1,.5,.8,1.3,3.8,5.8
22105,2008-02-23,13.4,1017.7,72,1.8,11.7,4.6,2.5,3.4,6.7,7.2,9.1
22105,2008-02-24,7.9,1030,56,1.4,11.6,5.3,2.7,3.9,6.8,9.3,10.7
22105,2008-02-25,6.7,1025.7,63,4.7,11.6,3.4,1.7,2.6,5.5,8.9,10.7
22105,2008-02-26,9.2,1015.1,64,4.4,11.5,2.3,1.2,2,3.5,5.1,6.4
22105,2008-02-27,10.5,1017.7,51,5.1,11.4,3.1,1.6,2,4,6,7.1
22105,2008-02-28,5.9,1016.2,48,7.3,11.4,1.8,1,1.8,3,5.6,6.4
22105,2008-02-29,7.8,1005.1,53,8.9,11.3,1.4,.7,1,1.9,3.9,4.6
22105,2008-03-01,7,1014,53,6.2,11.3,2.1,1.1,1.5,3,5.6,7.1
22105,2008-03-02,3.1,1014.5,54,7.8,11.4,1,.5,.7,1.3,5.1,7.1
22105,2008-03-03,6.5,1014.1,62,5.4,11.4,1.3,.7,1,1.9,4.9,6.4
22105,2008-03-04,7,1018.9,51,4.4,11.3,1.7,.9,1,2,5.2,5.8
22105,2008-03-05,3,1023.8,72,3.9,11.4,1.1,.6,.7,1.4,5.3,7.1
22105,2008-03-06,5.3,1021.5,55,6.8,11.2,1.1,.6,.8,1.7,5.3,7.1
22105,2008-03-07,4.3,1024.9,72,5,11.1,1.2,.6,.9,1.6,4.8,5.8
22105,2008-03-08,3.5,1024.6,52,8.2,11.2,.6,.3,.4,.8,4.4,5.8
22105,2008-03-09,3,1017.5,61,10.2,11.3,.8,.4,.7,1.2,4.1,4.6
22105,2008-03-10,4.8,1014,65,10.8,11.2,1,.6,.7,1.3,4.5,5.3
22105,2008-03-11,4.1,1020.6,76,10.5,11.3,1,.5,.8,1.5,4.6,5.8
22105,2008-03-12,6.9,1024.3,80,10.2,12,1.1,.6,.8,1.7,3.9,4.9
22105,2008-03-13,6.7,1017.1,83,11.4,12.2,1.4,.7,1,1.8,4.5,6.4
22105,2008-03-14,8.7,1020,69,6.9,11.2,2.6,1.3,1.9,4.4,6.2,8
22105,2008-03-15,6.4,1017.7,73,9.1,11.2,1.7,.9,1.3,2.4,5.6,7.1
22105,2008-03-16,4.5,1016.3,52,9.4,11.2,1.7,.9,1.2,2.2,5.6,6.4
22105,2008-03-17,4.8,1018.6,69,9.7,11.3,.8,.4,.5,1.1,5.1,6.4
22105,2008-03-18,7.6,1017.5,79,10.5,11.5,1.1,.6,.9,1.5,3.4,4.3
22105,2008-03-19,8.5,1019.3,77,8.3,11.3,2.5,1.3,2.7,4.5,5.9,8
22105,2008-03-20,8.2,1024.9,65,6.7,11.1,2.5,1.3,1.9,3.7,5.9,8
22105,2008-03-21,4.1,1024.8,67,7.8,11.3,1.7,.9,1.3,2.1,6.7,7.1
22105,2008-03-22,5.7,1019.4,77,9.3,11.2,1.2,.6,.8,1.4,5.9,7.1
22105,2008-03-23,6.9,1008.9,88,9.3,11.2,1.3,.6,1,2,4.4,5.8
22105,2008-03-24,6.2,1007.3,75,10,11.4,2.7,1.3,1.8,3.9,6.4,9.1
22105,2008-03-25,6.4,1007.1,46,8.7,11.2,2.4,1.1,1.6,3.2,6.9,8
22105,2008-03-26,6,1009.4,51,8.8,11.2,1.7,.9,1.2,2.4,5.6,8
22105,2008-03-27,6.5,1010.8,63,8.7,11.1,1.2,.6,.9,1.7,4,4.9
22105,2008-03-28,6.2,1019.5,69,7.1,11.1,1.6,.8,1.1,1.9,5.1,6.4
22105,2008-03-29,2.8,1024.3,65,7.5,11.1,1.2,.6,.8,1.5,6.1,7.1
22105,2008-03-30,5.2,1015.5,80,7.6,11.1,1.1,.6,.7,1.4,6.2,7.1
22105,2008-03-31,4.6,1013.2,76,7.9,11.1,1.1,.6,.9,1.7,4.9,6.4
22105,2008-04-01,5.1,1015.3,63,10.3,11.3,1.3,.6,.9,2,4.6,5.8
22105,2008-04-02,5.4,1010.4,64,11,11.2,1,.5,.8,1.8,4,5.3
22105,2008-04-03,6.6,1010.3,58,10.7,11.2,2,1,1.6,2.9,5.5,7.1
22105,2008-04-04,4.6,1015,64,11.3,11.3,1.2,.6,.9,1.8,4.7,5.8
22105,2008-04-05,3.1,1019.1,76,12.4,11.7,.8,.4,.5,1.1,4.5,6.4
22105,2008-04-06,2.7,1015.7,84,12.2,12,.5,.2,.4,.9,3.3,4.3
22105,2008-04-07,5,1011.1,85,10.8,11.7,.7,.3,.5,1.2,3.3,4.9
22105,2008-04-08,3.6,1016.6,83,10.9,11.9,.7,.4,.5,.9,4.6,7.1
22105,2008-04-09,4.3,1012.8,90,10.6,11.8,.8,.4,.6,1.5,4.2,5.8
22105,2008-04-10,10,1009.3,83,10.6,12.3,2.2,1.1,1.4,3,5,6.4
22105,2008-04-11,4.4,1016,81,10.4,13.4,1.7,.9,1.1,2.8,5.7,6.4
22105,2008-04-12,5.5,1021.1,79,9.9,13.4,1.7,.9,1.1,2.1,6.2,9.1
22105,2008-04-13,4.9,1016.3,83,11.3,13.4,1.3,.6,.9,1.8,6.4,8
22105,2008-04-14,4.6,1016.5,84,11.8,13.7,.8,.4,.8,1.5,4.4,5.8
22105,2008-04-15,6.4,1016.3,87,12.8,13.5,1.1,.6,.8,1.4,3.7,4.6
22105,2008-04-16,6,1016.1,85,13.8,13.8,.9,.5,.7,1.2,3.5,4.3
22105,2008-04-17,5.6,1016.7,93,12.3,14.4,1,.5,1,1.8,3.8,5.8
22105,2008-04-18,9.4,1018.9,87,9.9,13.3,2.3,1.2,1.6,2.9,5.4,7.1
22105,2008-04-19,5.6,1022.4,87,11.5,14,1.7,.9,1.1,1.9,6.4,8
22105,2008-04-20,2.2,1023.8,80,13.2,14.3,1.3,.7,.8,1.5,6.2,7.1
22105,2008-04-21,2.1,1022.8,81,13.3,14.3,.8,.4,.6,1,5.3,7.1
22105,2008-04-22,4,1017.3,84,13.5,14.3,.6,.3,.6,1.1,3.7,5.3
22105,2008-04-23,5.2,1008.6,83,13.6,13.8,1,.5,1.1,2,3.4,4.9
22105,2008-04-24,7.2,1012.4,55,10.5,13.5,2.6,1.2,1.7,3.8,6.1,8
22105,2008-04-25,7.8,1012.4,70,12.8,13.5,1.6,.8,1.4,3.2,4.3,6.4
22105,2008-04-26,8.2,1006.1,69,13.1,13.6,2,1,1.6,3.3,4.8,6.4
22105,2008-04-27,6.5,1012.9,60,12.6,13,1.9,1,1.4,2.6,5.7,7.1
22105,2008-04-28,6.4,1015.5,74,12.7,12.8,1.5,.8,1.2,2.7,5.1,7.1
22105,2008-04-29,4.4,1013.3,83,14,13.2,1.2,.6,1.1,1.9,4.3,5.3
22105,2008-04-30,3.9,1011,83,14.4,13.3,.9,.5,.8,1.6,4.1,5.3
22105,2008-05-01,4.2,1011.1,86,14.3,13.4,.9,.4,.6,1.3,4,5.3
22105,2008-05-02,4.8,1010.1,89,14.2,13.6,.5,.3,.5,1,2.9,4
22105,2008-05-03,3.7,1010.3,88,15,14.4,.4,.2,.3,.6,2.7,3.8
22105,2008-05-04,6.4,1003.5,85,15.4,14.4,.9,.5,.8,1.7,3.3,4.6
22105,2008-05-05,6.6,1004.4,85,13.1,14,2.1,1.1,1.6,3.1,5.9,7.1
22105,2008-05-06,5.6,1007.3,68,15.6,14.1,1.2,.6,1,2,4.8,7.1
22105,2008-05-07,3.5,1008.4,72,15.6,14.8,.9,.4,.8,1.4,4.4,5.8
22105,2008-05-08,2.8,1010.4,88,14.3,14.8,.7,.3,.5,.9,4,4.9
22105,2008-05-09,4.9,1018.2,78,13.6,14.5,.8,.4,.6,1.1,3.4,4.9
22105,2008-05-10,6.7,1020.5,71,12,14.5,1.5,.8,1,1.8,4.9,5.8
22105,2008-05-11,4,1020.3,69,11.7,14.7,1.3,.7,1,1.8,6,7.1
22105,2008-05-12,6.4,1019.7,72,12.6,15,1.4,.7,1.2,2.1,4.7,5.8
22105,2008-05-13,9.3,1013.7,79,11.6,14.9,2.9,1.4,1.7,3.4,6.6,8
22105,2008-05-14,6.2,1014.3,72,12.6,14.8,2,1.1,1.5,3.1,6.3,7.1
22105,2008-05-15,3.5,1015.3,79,14.7,15.2,.9,.5,.7,1.3,5.1,8
22105,2008-05-16,2.2,1012.6,83,15.2,15.7,.6,.3,.5,.9,4.1,5.3
22105,2008-05-17,3.3,1011,95,14.7,15.3,.3,.2,.3,.6,2.8,4.6
22105,2008-05-18,7.6,1007.1,90,15,14.4,1.2,.6,1.4,2.7,3.6,5.3
22105,2008-05-19,3.9,1003.1,82,14.6,14.9,1.7,.8,1.2,2.8,5.3,6.4
22105,2008-05-20,5.4,1006,71,14.7,15.6,1,.5,.7,1.3,4.3,5.3
22105,2008-05-21,4.7,1007.7,82,16.2,15.8,1,.5,.8,1.6,4,5.3
22105,2008-05-22,5.3,1010.8,76,17,15.9,1.2,.6,.8,1.5,4.7,5.3
22105,2008-05-23,1.9,1012,89,17,16.5,.6,.3,.5,1.1,4.2,7.1
22105,2008-05-24,4.3,1006.5,92,16.2,16.5,.6,.3,.5,1,3.4,5.8
22105,2008-05-25,2.8,1004.1,96,15.1,16.6,.6,.3,.5,1,4,6.4
22105,2008-05-26,4.3,1008.4,86,16.7,16.8,.6,.3,.4,.8,3.4,4.6
22105,2008-05-27,7.6,1006.9,89,16.6,16.6,1.2,.6,1,1.9,3.9,4.6
22105,2008-05-28,7.6,1001.8,89,16.5,16.5,1.8,.9,1.1,2.3,4.6,5.8
22105,2008-05-29,3.1,1006.6,96,15.8,16.8,1.8,.9,1.1,2.3,6.1,7.1
22105,2008-05-30,4.2,1006.6,91,15.9,17.1,1.7,.9,1.3,2.1,7.3,8
22105,2008-05-31,4.9,1006.9,78,16.6,17.3,1.8,.9,1.5,2.6,7,9.1
22105,2008-06-01,3.8,1012.9,88,16.9,17.6,1.8,.9,1.2,2.8,7,9.1
22105,2008-06-02,4.7,1016.8,88,16.3,17.5,1.6,.9,1,2,5,5.8
22105,2008-06-03,6.2,1016.3,89,15.7,17.6,1.7,.9,1.1,2,5.2,5.8
22105,2008-06-04,4.1,1014.5,77,14.6,17.6,1.1,.6,.7,1.5,4.9,5.8
22105,2008-06-05,4.4,1006.9,89,14.5,17.4,1,.5,.6,1.3,4.1,5.8
22105,2008-06-06,3.4,1008.3,84,17.1,17.8,.7,.3,.5,.9,4.5,4.9
22105,2008-06-07,2.2,1009.2,84,18.5,18.5,.5,.2,.4,.7,4,5.3
22105,2008-06-08,1.4,1010,89,18.6,18.7,.3,.2,.2,.5,3.8,5.3
22105,2008-06-09,3.3,1010.5,84,19.3,19.7,.3,.1,.4,.7,4,7.1
22105,2008-06-10,3,1008.5,91,19.3,20,.5,.3,.5,1.1,3.2,3.8
22105,2008-06-11,4.3,1010.4,89,18.2,19.8,.5,.2,.3,.7,3.2,3.8
22105,2008-06-12,4.3,1007.8,77,19.1,19.8,.5,.3,.7,1.2,3.1,4
22105,2008-06-13,3.7,1009.8,83,19.8,20.3,.7,.3,.6,1.2,3.6,7.1
22105,2008-06-14,5.9,1018.3,78,17.7,19.9,1.6,.9,1.3,2.2,5.9,8
22105,2008-06-15,4.1,1018.3,72,17.3,19.9,1.5,.8,1,1.8,6.3,8
22105,2008-06-16,2.9,1017.2,72,17.5,20.1,.9,.5,.8,1.3,4.8,5.8
22105,2008-06-17,2.5,1017.5,79,18.4,20.2,.8,.4,.5,1,4.2,5.3
22105,2008-06-18,9.2,1009.6,91,19.4,19.8,1.7,.9,1.7,3.2,4.6,5.3
22105,2008-06-19,3.5,1006.2,81,20.6,19.9,1.3,.6,1.2,2.5,5.1,6.4
22105,2008-06-20,1.4,1004.8,92,19.7,20.5,.6,.3,.4,.9,4,4.9
22105,2008-06-21,3.7,1003.8,96,18.6,20.6,.6,.3,.4,.9,3.5,4.9
22105,2008-06-22,8.2,1004.4,90,17.6,20.1,2.2,1.1,1.8,3,5.6,6.4
22105,2008-06-23,7.8,1007.1,84,17.1,19.5,2.5,1.3,1.6,3,6.8,8
22105,2008-06-24,4.4,1008.2,89,17.1,19.5,1.7,.9,1.2,2.2,6.8,8
22105,2008-06-25,5.2,1009.3,83,17.5,19.4,1.1,.6,.7,1.4,5.5,6.4
22105,2008-06-26,4.8,1010,77,17.2,19.4,1.1,.6,.6,1.4,5.7,7.1
22105,2008-06-27,2.9,1011.2,79,18.3,19.9,.9,.5,.6,1.2,6.1,7.1
22105,2008-06-28,5.6,1009.5,89,18.7,20.1,.8,.4,.5,1,4,6.4
22105,2008-06-29,7.6,1007.6,93,18.1,19.5,1.5,.8,1,2.1,4.8,6.4
22105,2008-06-30,3.4,1013.1,81,18.2,19.7,1.6,.8,1,1.9,5.8,7.1
22105,2008-07-01,6.2,1011.3,88,18.9,20.1,1.3,.6,.8,1.6,4.9,6.4
22105,2008-07-02,8.4,1004.3,93,19.8,20.2,1.4,.7,1,1.9,4,4.9
22105,2008-07-03,6.5,1001.1,86,21.3,20.5,1.4,.7,1,2,4.7,5.8
22105,2008-07-04,4.3,1004.1,85,21.8,21,.9,.4,.6,1.2,4.9,5.8
22105,2008-07-05,4.4,1003.9,88,22.5,21.8,.9,.4,.7,1.3,4.2,4.9
22105,2008-07-06,6.8,1004,88,23,22.2,1.4,.7,.8,1.5,4.5,5.3
22105,2008-07-07,2.6,1008.9,86,23.8,22.9,.7,.4,.6,1.1,4.1,5.8
22105,2008-07-08,1.6,1012.3,85,24.3,24.3,.3,.1,.2,.5,4,4.9
22105,2008-07-09,3.1,1010.9,84,23.8,24.6,.3,.2,.3,.7,4.1,6.4
22105,2008-07-10,5,1006,85,23.4,24.1,.7,.4,.5,1.1,3.3,4
22105,2008-07-11,1.6,1004.6,88,23.6,24.5,.4,.2,.3,.6,3.5,5.3
22105,2008-07-12,3.7,1005.6,89,23.6,24.7,.4,.2,.3,.6,3.2,4.3
22105,2008-07-13,3.5,1005.3,88,23.2,22.9,.7,.3,.5,1,3.2,4.3
22105,2008-07-14,1.6,1010.1,91,23,23.4,.3,.2,.2,.5,3.6,4.6
22105,2008-07-15,4.4,1009.1,88,23.2,23.1,.5,.3,.5,.9,3,3.8
22105,2008-07-16,6.8,1002.5,89,22.7,21.5,1.2,.6,.8,2,3.9,4.9
22105,2008-07-17,3,1002.5,89,22.8,22.4,.7,.4,.5,1,3.7,4.9
22105,2008-07-18,1.4,1005.9,84,23.9,23.7,.3,.2,.2,.5,3.5,4.3
22105,2008-07-19,2.6,1008.1,91,23.2,24,1.1,.6,1.1,1.9,6.9,8
22105,2008-07-20,4,1006.8,93,22.6,22.4,1.4,.8,1,1.7,6.4,7.1
22105,2008-07-21,7,1000.9,88,22.1,20.7,1.7,.8,1.3,2.4,5.1,6.4
22105,2008-07-22,4.2,1003.3,87,21.7,21,1.2,.6,.9,1.6,5.9,8
22105,2008-07-23,1.9,1006.4,84,22.5,20.8,.7,.3,.5,.8,5.7,7.1
22105,2008-07-24,4.7,1005.7,94,20.6,20.4,1,.5,.8,1.5,4.7,5.8
22105,2008-07-25,4.2,1005.8,93,21.4,22.4,1.3,.7,.9,1.7,4.8,5.8
22105,2008-07-26,3.7,1008,93,22.2,23.3,1.2,.6,.9,1.6,4.8,5.8
22105,2008-07-27,3.4,1011.2,90,21.9,23.2,1.1,.6,.7,1.4,4.5,5.8
22105,2008-07-28,3.3,1010.9,93,23.2,23.9,.5,.3,.4,.8,4.6,5.3
22105,2008-07-29,2.5,1009.7,83,25.6,25.4,.4,.2,.3,.6,4.5,6.4
22105,2008-07-30,1.4,1010.7,86,25.6,25.3,.4,.2,.2,.5,4.7,5.8
22105,2008-07-31,1.8,1013.6,87,25,25.7,.4,.2,.3,.5,5.2,8
22105,2008-08-01,7,1007.9,84,25.4,25.3,.8,.4,.6,1.3,3.9,7.1
22105,2008-08-02,7.1,1001.7,84,24.6,24.1,1.4,.7,1,2,4.5,5.8
22105,2008-08-03,3.9,1003.8,90,22.8,23.5,1.4,.6,.9,2.2,4.9,5.8
22105,2008-08-04,2.8,1010.2,86,23.3,24,.6,.3,.5,1.1,4.5,5.8
22105,2008-08-05,3.9,1011.2,90,24.1,24.9,.4,.2,.3,.5,3.2,4.6
22105,2008-08-06,2.7,1011.6,80,24.1,25.6,.4,.2,.2,.4,3.3,4.6
22105,2008-08-07,1.7,1011.5,81,23.7,25.6,.5,.2,.4,.7,3.9,4.9
22105,2008-08-08,2.1,1010.3,84,24.9,26.3,.6,.3,.3,.9,4.2,7.1
22105,2008-08-09,2.8,1009.2,92,25.1,25.9,.4,.2,.3,.6,3.7,4.3
22105,2008-08-10,2.6,1010.7,88,25.3,26.1,.5,.3,.4,1,3.6,4.3
22105,2008-08-11,4,1011,88,25.5,26.4,.8,.4,.5,1.1,4.6,8
22105,2008-08-12,3.7,1009.2,91,26.3,27.3,.6,.3,.5,.9,4.6,6.4
22105,2008-08-13,3.2,1005.5,86,26.3,27.8,.7,.3,.5,1,4.2,6.4
22105,2008-08-14,2.5,1003.5,85,26.7,28.2,.6,.3,.5,.9,4.2,5.3
22105,2008-08-15,6.2,1001.7,80,25.4,28.3,1.1,.6,1,1.8,4,5.3
22105,2008-08-16,5.3,1005,71,24,27.7,1.6,.8,1.2,2.8,4.9,5.8
22105,2008-08-17,,1010,70,24.5,26.2,,,,,,
22105,2008-08-18,7.4,1003.7,85,24.1,24.1,1.4,.7,1.1,2.5,4.5,6.4
22105,2008-08-19,5.4,1001.1,72,24.4,23.3,1.4,.7,.9,1.9,5,5.8
22105,2008-08-20,8.6,1007,77,21.2,22.8,3.7,1.9,2.8,4.6,7.7,10.7
22105,2008-08-21,5.8,1011.7,65,21.2,24.2,2.9,1.4,2.2,4.1,8.2,9.1
22105,2008-08-22,8.2,1004.3,77,21.7,24.2,2.5,1.3,1.9,3.9,6.8,8
22105,2008-08-23,9.3,1001.2,83,21.6,24,2.9,1.5,2.1,3.7,6.3,8
22105,2008-08-24,4.9,1012.5,75,20.7,23.3,3.2,1.6,2.2,4.7,8,9.1
22105,2008-08-25,2.5,1015.1,72,21.1,24,2.1,1.1,1.3,2.8,7.4,8
22105,2008-08-26,5.2,1013.5,76,21.2,24,1.8,.9,1.4,2.4,7.1,8
22105,2008-08-27,6.1,1010.7,84,21.1,23.7,1.7,.9,1.1,2,6.1,7.1
22105,2008-08-28,4.3,1011.5,84,21.7,23.6,1.5,.7,1,1.9,5.6,6.4
22105,2008-08-29,4.3,1013.3,78,21.5,23.6,1,.5,.7,1.5,5.6,6.4
22105,2008-08-30,4,1014,75,21,23.5,1,.5,.6,1.1,5.5,6.4
22105,2008-08-31,4.1,1011.2,78,21.2,23.7,.9,.4,.6,1.3,4.3,5.3
22105,2008-09-01,8.2,1006.8,87,21.6,23.8,1.6,.9,1.6,2.6,4.4,5.3
22105,2008-09-02,10.1,1005.5,88,20.2,23.3,2.6,1.4,1.7,3.1,5.8,7.1
22105,2008-09-03,3.5,1010.4,78,21.3,23.3,1.3,.7,1.4,2.6,5.3,6.4
22105,2008-09-04,2.6,1013.5,79,21.5,23.5,.5,.3,.4,.7,4.4,5.8
22105,2008-09-05,2.9,1015.3,81,21.8,23.7,.5,.3,.4,.6,3.8,5.3
22105,2008-09-06,2.5,1017.6,78,21.7,23.8,.5,.2,.3,.6,3.8,4.6
22105,2008-09-07,2.3,1018,74,21.7,24,.4,.2,.2,.6,4,5.3
22105,2008-09-08,3.1,1017.7,75,21.9,24.5,.6,.3,.6,1.3,3.9,5.3
22105,2008-09-09,3.7,1018.3,67,21.8,24.5,.8,.4,.6,1.1,4.3,5.8
22105,2008-09-10,5.6,1014.9,74,22.2,23.8,.7,.3,.5,1,2.6,3.4
22105,2008-09-11,2.7,1011.3,78,23.4,24.8,.5,.3,.5,1,3.4,5.8
22105,2008-09-12,2.2,1009.9,81,23.1,24.5,.4,.2,.3,.6,3.1,4.3
22105,2008-09-13,2.5,1014.6,80,22.7,24.5,.3,.2,.2,.5,3.3,4.9
22105,2008-09-14,3.7,1017.3,77,22.5,24.4,.5,.3,.4,.7,3.4,4.3
22105,2008-09-15,3.2,1012.7,81,23.5,24.4,.6,.3,.4,.9,3.7,4.6
22105,2008-09-16,3,1010.3,78,24.2,25.5,.6,.3,.5,.8,3.9,4.9
22105,2008-09-17,3.7,1012.3,78,24,25.8,.5,.2,.3,.8,2.7,4.3
22105,2008-09-18,2.1,1011.6,78,24.2,26.2,.5,.2,.3,.7,3.7,4.9
22105,2008-09-19,4,1013.2,79,23.3,26.3,.6,.3,.6,1.2,3.6,4.6
22105,2008-09-20,1.8,1011.7,76,22.7,26.1,1.2,.6,.8,1.7,4.7,5.8
22105,2008-09-21,3,1011,75,22.5,26,.7,.4,.5,.8,5.1,6.4
22105,2008-09-22,4.2,1010,74,23.4,26,.8,.4,.8,1.4,4.5,6.4
22105,2008-09-23,6.2,1012.3,70,22.2,25.9,1.7,.9,1.8,3.2,5,8
22105,2008-09-24,7.7,1016.2,65,21,25.4,1.9,1,1.3,2.6,5.5,7.1
22105,2008-09-25,8,1007.2,68,21.9,25.3,1.6,.8,1,1.9,4.5,5.3
22105,2008-09-26,11,1012.5,50,18.7,24.8,3.3,1.7,2.6,4.5,6.4,8
22105,2008-09-27,5.4,1019.8,44,17.5,24.3,1.9,1,1.5,2.6,5.7,7.1
22105,2008-09-28,3.6,1020.5,51,18.7,24.3,.7,.4,.5,.9,4.9,8
22105,2008-09-29,3.5,1018.1,64,19.4,24.3,1,.5,.8,1.6,4.9,9.1
22105,2008-09-30,3.5,1014.5,72,20.6,23.9,.7,.3,.4,.9,4.1,8
22105,2008-10-01,5.5,1015.6,64,19.8,24,1.3,.7,1.1,2.5,4.3,6.4
22105,2008-10-02,5.1,1017.1,58,19.6,23.8,1.1,.6,.9,1.5,4.5,5.8
22105,2008-10-03,4.2,1014,69,21.7,23.6,1,.5,.9,1.8,4.2,6.4
22105,2008-10-04,6.1,1015,72,20.6,22.7,1.3,.6,.9,2.1,4.5,6.4
22105,2008-10-05,8.7,1013.5,74,20.1,23.1,2.2,1.1,1.4,2.9,5.2,5.8
22105,2008-10-06,4.8,1011.8,72,20.2,23.5,1.3,.6,.8,1.7,4.8,5.8
22105,2008-10-07,6.4,1015.9,72,19.4,23.5,2.6,1.3,1.8,3.9,6.1,7.1
22105,2008-10-08,6.3,1020.1,73,19.4,23.3,2.1,1.1,1.4,2.7,6.2,7.1
22105,2008-10-09,4.4,1021.3,66,20.7,23.4,1.1,.6,.9,1.4,5.2,6.4
22105,2008-10-10,7.2,1015.6,65,21.9,23.2,1.1,.6,.8,1.5,3.8,4.6
22105,2008-10-11,6,1018.8,51,17.5,22.1,2.1,1.1,1.6,2.7,5.9,7.1
22105,2008-10-12,4.3,1017.9,54,18.6,21.8,.9,.5,.8,1.4,5,6.4
22105,2008-10-13,2.8,1016.9,57,19.4,22,.7,.4,.5,.9,4.9,10.7
22105,2008-10-14,3,1018,48,20,21.8,.6,.3,.5,1,3.6,4.6
22105,2008-10-15,3.8,1022.2,56,20.6,22.2,.6,.3,.5,.9,3.6,4.9
22105,2008-10-16,4.3,1023.2,65,21,23,.6,.3,.7,1.5,3,4
22105,2008-10-17,4.2,1023.8,74,20.7,23,.7,.3,.8,1.6,3.6,4.6
22105,2008-10-18,5.2,1023.8,75,20.8,23.2,.6,.3,.4,.9,2.8,4
22105,2008-10-19,4.7,1020.8,75,20.4,23.2,.7,.4,.5,.9,3.5,4.3
22105,2008-10-20,1.5,1020.3,76,20.3,23.2,.4,.2,.3,.5,3.6,4.3
22105,2008-10-21,4.1,1020.9,75,20.2,22.5,.6,.3,.5,1,3.8,5.3
22105,2008-10-22,6.2,1018.5,76,19.4,21.9,1.1,.6,1.1,2,4,5.3
22105,2008-10-23,8.2,1010.6,85,20.7,22.2,2.4,1.2,1.7,3.3,5.3,6.4
22105,2008-10-24,10.4,1014.7,52,17.4,21.7,2.7,1.3,1.7,3.5,5.3,7.1
22105,2008-10-25,7.1,1018,48,15.3,21.7,1.7,.9,1.7,2.7,5.1,7.1
22105,2008-10-26,9,1012.6,42,16.9,21.6,2,1,1.2,2.4,4.7,5.3
22105,2008-10-27,7.1,1015.5,52,13.4,20.6,2,1,1.8,2.6,5.4,6.4
22105,2008-10-28,5.8,1013.7,46,15.3,20.7,1.3,.7,.9,1.7,5.1,6.4
22105,2008-10-29,7.6,1016.1,68,13.8,21.4,2.2,1.1,1.5,3.6,6.1,7.1
22105,2008-10-30,5.1,1019.2,53,14.6,21.1,1.3,.7,.9,1.8,4.6,6.4
22105,2008-10-31,6,1016.2,55,14.6,19.6,1,.5,1.1,1.9,4.5,5.8
22105,2008-11-01,5.8,1015.5,52,15.3,19.3,1.3,.7,1.2,2.5,4.5,5.8
22105,2008-11-02,6.2,1011.6,49,17.3,19.1,1.4,.7,.9,1.7,4,4.9
22105,2008-11-03,7.7,1013.5,48,15.8,18.2,1.7,.9,1.6,3.1,4.7,6.4
22105,2008-11-04,4.6,1020.3,41,13.6,17.8,1.5,.8,1.3,2.4,5.5,7.1
22105,2008-11-05,2.9,1018.4,53,17,17.7,.9,.5,.6,1.3,4.3,8
22105,2008-11-06,7.6,1014.8,63,18.6,18.9,1.2,.6,.9,1.7,3.7,4.9
22105,2008-11-07,7.5,1017.2,60,16.3,19.5,1.4,.8,1.5,2.5,4.5,6.4
22105,2008-11-08,9.1,1022.5,65,11.2,19.9,2.4,1.3,1.7,2.8,5.4,7.1
22105,2008-11-09,6.1,1023.5,66,10.5,21,2,1,1.3,2.7,6.1,10.7
22105,2008-11-10,7.5,1027.7,59,11.1,21,2.4,1.3,1.5,2.9,6.9,10.7
22105,2008-11-11,3.4,1027.9,57,11.1,20,1.4,.7,1,1.8,7.3,9.1
22105,2008-11-12,1.7,1024.5,55,13.9,18.1,.9,.5,.6,1.2,5.9,8
22105,2008-11-13,5,1023.3,60,15.9,18.3,.8,.4,.7,1.4,4.2,6.4
22105,2008-11-14,4.2,1021.9,59,15.3,18,.9,.5,.6,1.3,3.7,4.9
22105,2008-11-15,3.8,1016.8,70,15.1,18.2,.6,.3,.5,1,3.7,4.9
22105,2008-11-16,6.6,1014.5,57,13.5,18,1.6,.9,1.2,2.2,5.1,8
22105,2008-11-17,9.3,1014.9,47,10.9,17.8,2.3,1.2,1.4,3,5.8,7.1
22105,2008-11-18,11.5,1018.6,52,4.4,17.6,3.7,2,2.7,4.8,6.4,8
22105,2008-11-19,10.4,1021.4,52,2.7,17.1,3.2,1.6,1.9,3.9,6.4,8
22105,2008-11-20,8.4,1020.9,51,6.5,16.8,2.1,1.1,1.6,2.7,5.4,6.4
22105,2008-11-21,9.9,1020.9,47,9.3,16.5,2.7,1.4,1.9,3.7,5.4,7.1
22105,2008-11-22,5.8,1024.5,46,9.8,16.4,1.9,1,1.6,2.8,5.8,7.1
22105,2008-11-23,4.6,1024.2,51,11.5,16.3,1.5,.8,1.2,2.6,5.3,6.4
22105,2008-11-24,6.8,1020.9,66,11,16.1,1.2,.6,1.8,3.2,5,6.4
22105,2008-11-25,6,1022.8,72,9.5,16,2.3,1.2,1.7,3.5,6.1,8
22105,2009-01-22,5.4,1013.4,53,9.1,13.1,1.1,.5,.9,1.9,5.2,7.1
22105,2009-01-23,11.7,1014.4,57,.7,13.4,3.4,1.9,2.6,4.8,6.5,9.1
22105,2009-01-24,10.4,1017.1,57,-2,13.3,3.2,1.6,2.4,4.2,6.3,8
22105,2009-01-25,9.1,1018.3,54,.4,13.3,2.5,1.2,1.9,3.7,5.6,7.1
22105,2009-01-26,8.1,1021.4,51,1.9,13.3,2,1,1.4,2.6,5.2,6.4
22105,2009-01-27,4.6,1028.7,51,2.1,13.4,1.5,.7,1.1,2.3,5,6.4
22105,2009-01-28,6.3,1027,51,7.3,13.3,1,.5,.7,1.3,3.6,4.9
22105,2009-01-29,2.9,1023.5,58,9.7,13.3,.6,.3,.5,.9,3.4,4.9
22105,2009-01-30,10.2,1020.4,80,8.9,14.1,2.1,1.2,2.5,4.1,4.6,7.1
22105,2009-01-31,10.4,1025.4,68,5.4,13.8,4.3,2.3,3,5.3,7.9,9.1
22105,2009-02-01,4.8,1030,64,5,13.7,3.2,1.6,2.2,4.4,8.5,9.1
22105,2009-02-02,5.5,1023,55,10.1,13.6,1.6,.9,1.3,2.7,6.9,8
22105,2009-02-03,8.6,1023.2,70,6.5,13.5,2.3,1.2,1.6,3.2,6,8
22105,2009-02-04,6.7,1021,70,8.9,13.2,1.7,.9,1.4,2.7,5.4,7.1
22105,2009-02-05,6.8,1019.4,61,8.9,13.2,1.3,.7,.9,2,4.5,5.8
22105,2009-02-06,6.6,1023.4,66,7.8,13,1.7,.9,1,2,5.7,7.1
22105,2009-02-07,7.2,1018.4,48,9.8,12.9,1.7,.9,1.2,2.5,5.1,7.1
22105,2009-02-08,6.6,1022.2,59,8.3,13.2,1.8,.9,1.6,2.5,5.7,8
22105,2009-02-09,4.7,1014,42,9.7,13,1.1,.6,1,1.7,4,4.9
22105,2009-02-10,5.1,1012.4,54,8.5,13.4,1.4,.7,1.1,2.2,4.7,6.4
22105,2009-02-11,6.7,1009.3,54,9.5,13.5,1.4,.7,1,2,4.4,5.8
22105,2009-02-12,8.3,1012.1,66,11.1,13.2,1.6,.8,1.3,2.7,4.3,5.8
22105,2009-02-13,11.6,996.3,87,13,13.3,3.7,1.8,2.7,6.5,6.1,8
22105,2009-02-14,5,1008.9,64,10.6,13.6,2,1,1.3,2.4,6.9,9.1
22105,2009-02-15,7.1,1016.6,62,4.6,13.3,2.6,1.3,2.1,4.7,6.6,9.1
22105,2009-02-17,6.4,1027.5,67,.6,13,2.6,1.3,1.8,3.6,7.1,10.7
22105,2009-02-18,4.9,1025,50,3,13.9,2.2,1.1,1.4,2.6,7.7,10.7
22105,2009-02-19,3.8,1020.6,66,5.5,13.8,1.4,.8,1,1.9,6.4,8
22105,2009-02-20,10.5,1010.1,60,5.1,13.8,2.9,1.4,2.3,4.5,5.7,7.1
22105,2009-02-21,6.8,1017.7,43,4.4,13.6,2.4,1.2,1.7,3.1,7.1,9.1
22105,2009-02-22,5.6,1014.1,50,8,13.6,1.8,.9,1.4,2.7,7,9.1
22105,2009-02-23,8.3,1018.9,72,7.1,13.4,2.4,1.3,1.9,4.2,5.9,8
22105,2009-02-24,6.1,1016.1,68,9.6,13.5,1.4,.7,1.1,2,5.2,5.8
22105,2009-02-25,8.8,1017.1,79,6.9,13.4,2.2,1.2,2.1,3.4,5.7,9.1
22105,2009-02-26,4.6,1022.5,67,6.3,13.1,1.5,.7,1.1,2.4,5.5,8
22105,2009-02-27,4.3,1020.1,59,8,13,1,.6,.7,1.3,4.1,4.9
22105,2009-02-28,3.6,1023.7,59,7.7,12.9,1.1,.6,1.1,2.1,4.6,6.4
22105,2009-03-01,6.1,1025.2,59,6.4,13.2,1.4,.7,1,2.2,4.9,5.8
22105,2009-03-02,6.6,1029.2,58,3.7,13.8,2.5,1.3,2.2,4.3,6.6,8
22105,2009-03-03,5,1020.5,71,6.6,13.8,1.3,.7,.8,1.6,5,5.8
22105,2009-03-04,2.4,1020.4,67,8,14,.9,.4,.7,1.4,4.6,6.4
22105,2009-03-05,8.1,1017.3,69,10,14.2,1.4,.7,1.4,2.7,4,5.8
22105,2009-03-06,10.4,1011.7,55,8.2,13.3,2.8,1.4,2.2,4.3,6,8
22105,2009-03-07,7.1,1020.7,41,7,12.9,2.4,1.2,2.1,4.2,6.1,8
22105,2009-03-08,5.8,1019.1,53,10.2,12.8,1.2,.6,1.4,2.6,4.5,5.3
22105,2009-03-09,4.2,1015.9,45,11.1,13,1,.5,.8,1.5,4.3,5.3
22105,2009-03-10,7.2,1019.3,46,6.8,12.8,2.2,1.2,1.6,3.2,5.5,6.4
22105,2009-03-11,5,1024.5,46,7.1,12.8,1.4,.7,1.3,2.9,5.2,6.4
22105,2009-03-12,6.5,1026.1,54,10,12.7,1.4,.8,1.5,2.8,4.9,7.1
22105,2009-03-13,8.8,1008.9,76,9.1,12.3,2.5,1.3,2,3.9,5.3,9.1
22105,2009-03-14,10.3,1012.7,48,3.5,12,3.8,2,2.9,5.4,7.1,9.1
22105,2009-03-15,5.9,1014.1,42,8.4,13.3,1.5,.8,1.1,2.2,5.2,7.1
22105,2009-03-16,4.1,1009.9,64,11.6,13.2,1.5,.8,1.2,2,5.3,9.1
22105,2009-03-17,7.4,1010.9,65,13.1,12.5,1.7,.8,1.6,3.2,5.1,7.1
22105,2009-03-18,7.9,1009.4,77,14.3,13,2.3,1.1,1.4,3,5.5,6.4
22105,2009-03-19,6.8,1011.3,85,12,13.4,2,1,2.2,4.1,5,6.4
22105,2009-03-20,6.9,1021.2,62,7.2,13,2.7,1.4,2.5,5,6.9,8
22105,2009-03-21,10.4,1012.2,75,10.8,12.7,2.3,1.2,1.8,3,5.1,6.4
22105,2009-03-22,9.5,1001.3,83,10.2,12.7,2.6,1.4,2.1,3.3,6,8
22105,2009-03-23,6.1,1016.4,66,6.1,12.6,3.4,1.7,2.6,5.1,7.7,9.1
22105,2009-03-24,7.2,1016.5,44,6.3,12.8,2,1,1.4,2.8,5.3,6.4
22105,2009-03-25,8.3,1014.4,46,4.9,13.1,2.2,1.1,1.5,3,5.4,7.1
22105,2009-03-26,6.1,1015.9,71,5.5,12.9,1.3,.7,1.1,2.1,4.7,6.4
22105,2009-03-27,8,1021.6,60,4.9,13.1,2.4,1.3,1.7,2.9,5.8,8
22105,2009-03-28,5.4,1021.8,59,5.3,14.1,1.9,1,1.2,2.3,6.5,8
22105,2009-03-29,5,1026.6,54,5.1,14.2,1.3,.7,.9,1.7,5.2,6.4
22105,2009-03-30,4.1,1026.6,59,6.9,14.2,1.6,.8,1.1,2,6.6,8
22105,2009-03-31,8.1,1021.2,78,7.1,13.8,1.8,.9,1.2,2.9,5.8,8
22105,2009-04-01,8.8,1020.2,66,6.7,13.1,2.6,1.4,2.1,4.4,6,8
22105,2009-04-02,5.6,1022.7,54,9.7,13.7,1.4,.7,1,2.1,5.1,7.1
22105,2009-04-03,3.4,1019.2,61,12,13.4,1,.5,.8,1.6,4.2,5.3
22105,2009-04-04,6.1,1015.7,51,11.7,13.5,1.4,.7,1,1.7,4.9,5.3
22105,2009-04-05,5.3,1015.6,59,11.8,13.5,.8,.4,.6,1.1,4.1,5.3
22105,2009-04-06,4.6,1011.5,67,12.9,13.6,.6,.3,.5,1.1,3.2,4
22105,2009-04-07,3.3,1016,75,12.5,13.2,.7,.4,.6,1.1,4,5.8
22105,2009-04-08,3.1,1020.6,84,11.7,13.2,.6,.3,.5,.9,4.3,6.4
22105,2009-04-09,5.5,1021,85,12.8,12.9,.6,.3,.6,1,3.3,7.1
22105,2009-04-10,3.5,1018.6,82,13.6,13.3,.6,.3,.6,1.1,3.6,4.9
22105,2009-04-11,5.8,1019.6,83,12,13.5,1.2,.7,1.1,2,4.5,6.4
22105,2009-04-12,2.4,1013.7,84,12,13.7,1,.5,.8,1.8,5.3,6.4
22105,2009-04-13,2.3,1006.2,83,13.8,13.9,.6,.3,.5,.8,5.7,8
22105,2009-04-14,8.5,1008.3,73,9.1,12.6,3.1,1.5,2.7,5,6.6,8
22105,2009-04-15,6.4,1006,83,10.4,12.9,1.7,.8,2.1,3.9,5,6.4
22105,2009-04-16,6.7,1013.6,65,9,12.9,2.1,1.1,2.2,3.8,5.8,7.1
22105,2009-04-17,6.4,1014.2,78,12.1,13.1,1.1,.6,1,2,3.9,6.4
22105,2009-04-18,3.5,1014.2,81,13.9,13.8,1,.5,1.2,2.2,4.2,5.3
22105,2009-04-19,2.1,1016.9,87,12.7,13.9,.6,.3,.4,.8,3.7,4.6
22105,2009-04-20,6.4,1006.2,90,12.8,14,1.2,.6,1.9,3.7,4.3,5.8
22105,2009-04-21,9,996.4,69,13.8,13.4,3.3,1.6,2.2,4.9,6.2,8
22105,2009-04-22,9.1,1007.6,59,11.9,13.1,2.9,1.6,2,3.4,7,9.1
22105,2009-04-23,5.9,1020.2,66,10.5,13.1,2.5,1.3,1.5,3.4,8.2,10.7
22105,2009-04-24,6.7,1018.4,75,11.2,12.9,2.4,1.3,2.1,3.7,8.8,9.1
22105,2009-04-25,8.7,1003,89,11,13.2,2.4,1.2,2,4.2,6,8
22105,2009-04-26,10.9,1008.4,64,9.7,12.8,5.2,2.6,3.7,7,8.4,9.1
22105,2009-04-27,5,1011,63,12,12.7,2.8,1.4,1.8,3.7,8.8,10.7
22105,2009-04-28,3.1,1017.4,75,12.5,12.8,1.6,.8,1.2,2.2,7.8,9.1
22105,2009-04-29,2.9,1021.9,83,13.2,13.4,.7,.4,.6,1,5.5,7.1
22105,2009-04-30,3.9,1021.1,77,14.4,13.7,.8,.4,.6,1.3,3.9,8
22105,2009-05-01,2.8,1021.2,77,15.1,14.6,.7,.4,.6,1.2,4.2,4.9
22105,2009-05-02,3.3,1017,81,15.2,14.7,1.1,.6,.8,1.5,4.6,5.3
22105,2009-05-03,5.2,1016.3,85,15.1,14.5,1.1,.6,.8,1.6,4.1,5.3
22105,2009-05-04,3.7,1014.6,81,15.9,15.9,.7,.4,.7,1.4,3.8,5.3
22105,2009-05-05,3.5,1014.9,91,15.3,16.4,.7,.4,.6,1.2,4,4.6
22105,2009-05-06,3.5,1015.1,89,12.4,16,.6,.3,.4,.8,3.9,5.3
22105,2009-05-07,2.5,1009.4,85,14,16.8,.4,.2,.3,.6,3.8,7.1
22105,2009-05-08,2.5,1009,89,15.3,17.1,.5,.3,.3,.7,4.5,5.8
22105,2009-05-09,4,1007.5,79,17.2,17,1,.5,.6,1.3,3.8,4.9
22105,2009-05-10,3.6,1013.7,80,15.3,16.9,1.1,.6,.7,1.6,5,6.4
22105,2009-05-11,3.9,1012.4,88,14.7,16.6,.7,.4,.6,1.1,4.1,6.4
22105,2009-05-12,4.4,1005.9,92,15.3,16.5,1.1,.6,.9,1.7,4.2,5.8
22105,2009-05-13,6.6,1010.3,74,15.4,16.3,1.1,.6,.8,1.9,4.2,4.9
22105,2009-05-14,5.7,1014.3,59,16.2,16.6,.9,.5,.8,1.4,4,4.9
22105,2009-05-15,8.8,1019.2,69,15.3,16.5,1.7,.9,1.4,2.5,5.3,9.1
22105,2009-05-16,7.2,1013,85,14.4,16.2,1.6,.8,1.1,2.3,6.5,9.1
22105,2009-05-17,7.1,1000.9,84,14.7,16.3,1.8,.9,1.4,2.5,5.2,6.4
22105,2009-05-18,6.4,1006,66,17.1,16.4,1.4,.7,1.4,2.4,4.6,5.8
22105,2009-05-19,3.4,1007.2,74,17.5,17,.8,.4,.6,1.4,4,4.9
22105,2009-05-20,3.5,1011.6,71,18.8,18,.6,.3,.6,1.1,3.8,4.9
22105,2009-05-21,9,1007.5,82,16.6,17.6,1.8,.9,1.7,3.4,4.4,6.4
22105,2009-05-22,6.1,1008.2,86,15.4,17.5,1.6,.8,1.3,2.4,5.4,7.1
22105,2009-05-23,2.6,1008.5,86,16.4,17.4,.6,.3,.4,.9,3.9,4.9
22105,2009-05-24,3.9,1011.6,88,15.7,17.3,.4,.2,.3,.7,3.2,5.3
22105,2009-05-25,2.6,1014.7,85,16.8,17.7,.3,.1,.2,.4,4.6,7.1
22105,2009-05-26,3.5,1013.9,81,17.8,18.3,.4,.2,.4,.7,5,6.4
22105,2009-05-27,5.3,1015.7,84,16.5,18.3,.8,.4,.7,1.3,3.9,5.3
22105,2009-05-28,7.4,1016.8,83,15.3,18.3,1.2,.6,.9,1.8,3.9,5.8
22105,2009-05-29,8.5,1014.6,78,14.1,18,2.3,1.2,1.6,2.9,6.2,7.1
22105,2009-05-30,3.8,1007.6,72,14,17.9,2,1,1.2,2.6,6.3,8
22105,2009-05-31,3.1,1003.6,79,15.9,18,1.2,.6,.8,1.7,5.9,7.1
22105,2009-06-01,5.1,1002.2,78,17.8,18,1.1,.5,1,1.9,5.2,7.1
22105,2009-06-02,6.4,1001.4,75,18.6,17.9,1.6,.8,1.2,2.1,4.6,5.8
22105,2009-06-03,5.8,1001.6,85,16.5,17.8,1.5,.7,1.1,2.2,4.8,6.4
22105,2009-06-04,3.4,1003.1,92,16.2,18,.6,.3,.4,.9,4,6.4
22105,2009-06-05,4.6,1005,85,16.7,18.2,.6,.3,.5,1,2.9,4
22105,2009-06-06,6.3,1008,83,15.7,18,1.3,.7,.8,1.5,4.6,5.3
22105,2009-06-07,3.4,1011.9,72,16.1,18.1,1.4,.7,.9,1.6,5.9,7.1
22105,2009-06-08,2.3,1015.1,77,16.5,18.5,1.1,.5,.8,1.5,6.2,7.1
22105,2009-06-09,7.5,1010.7,89,17.1,18.2,1.2,.6,.8,1.8,4.1,5.8
22105,2009-06-10,6.5,997.4,88,18,18.2,1.9,1,1.3,2.6,5.2,6.4
22105,2009-06-25,,1004.2,67,22.1,21.5,,,,,,
22105,2009-06-26,3.4,1007.2,78,21.9,21.7,1,.5,.7,1.5,4.3,5.3
22105,2009-06-27,4.3,1006.3,85,21.1,21.7,1.1,.5,.7,1.5,4.3,5.3
22105,2009-06-28,5,1004,90,20.1,20.7,1,.5,.7,1.5,3.9,4.6
22105,2009-06-29,3.3,1001.7,93,19.3,20.3,.9,.4,.8,1.9,3.9,4.9
22105,2009-06-30,4.8,1003.2,86,20.1,20.7,1,.5,.9,1.6,4.6,5.8
22105,2009-07-01,3.8,1003.4,90,19.4,20.6,1.1,.5,.7,1.5,5.8,7.1
22105,2009-07-02,5,1003.3,89,19.9,20.9,1.3,.6,.7,1.5,4.7,6.4
22105,2009-07-03,2.8,1003.9,88,19.7,20.9,.9,.5,.7,1.3,4.8,6.4
22105,2009-07-04,2.3,1008.7,84,20.8,22.3,.6,.3,.4,.8,4.7,6.4
22105,2009-07-05,3,1013.3,83,21.4,23.2,.5,.2,.3,.6,3.9,4.9
22105,2009-07-06,4.3,1012.5,87,22.1,23.5,.5,.2,.3,.6,3,4.9
22105,2009-07-07,5.4,1007.2,88,21.2,23.3,1.1,.6,.9,1.8,4,6.4
22105,2009-07-08,4.2,1005.3,87,21.6,23.2,1,.5,.8,1.7,4.5,6.4
22105,2009-07-09,5.9,998.2,90,20.7,23.3,1.5,.7,1.5,3.3,5,7.1
22105,2009-07-10,5.3,1003.4,85,20.8,22.5,1.3,.7,.9,1.8,5.4,7.1
22105,2009-07-11,2.6,1008.5,78,22,22,.8,.4,.5,.9,6.3,8
22105,2009-07-12,6.2,1005.5,92,19.5,20.6,1.6,.7,1.3,2.9,5.5,7.1
22105,2009-07-13,3.1,1009.2,91,20,20.5,1.3,.7,1.1,2.1,5.3,7.1
22105,2009-07-14,8.1,1004,89,20.7,19.8,1.8,.9,1.6,3.7,4.6,6.4
22105,2009-07-15,7.9,1001.8,85,19.2,19.3,2.2,1.1,1.6,3.3,5.7,7.1
22105,2009-07-16,4.7,1005.4,87,19,19.1,1,.5,.7,1.4,4.8,6.4
22105,2009-07-17,3.9,1004.8,90,19.3,18.7,.8,.4,.5,1,5,8
22105,2009-07-18,8.3,1000.2,86,20.4,18.2,1.6,.8,1.5,3.1,4.6,8
22105,2009-07-19,2.9,1004.6,92,18.4,19.1,1.7,.9,1.6,3,6,7.1
22105,2009-07-20,5.2,1005.4,92,19.9,21,1.4,.7,.9,1.7,6.9,9.1
22105,2009-07-21,3.6,997.7,92,20.2,21.9,1.2,.5,.7,1.5,7,8
22105,2009-07-22,3.9,1001.6,87,20.1,21.9,.9,.4,.6,1.4,5.4,7.1
22105,2009-07-23,5.2,1005.1,85,20.2,21,1.4,.7,.9,1.9,6.6,7.1
22105,2009-07-24,5.6,1005.2,86,20.5,21.4,1.3,.7,1.1,2,5.5,7.1
22105,2009-07-25,8,1005.8,87,19.7,22,2,1,1.3,2.4,5.5,6.4
22105,2009-07-26,3.8,1008.4,87,19.6,21.9,1.3,.6,1,2.2,5.3,6.4
22105,2009-07-27,4,1007.7,86,20.3,22.5,.7,.4,.5,.9,5,6.4
22105,2009-07-28,2.8,1007.9,87,20.4,22.6,.6,.3,.4,.7,4.3,5.3
22105,2009-07-29,5,1007.4,85,20.8,22.5,1.1,.6,.8,1.5,4.4,5.8
22105,2009-07-30,2.8,1011.5,76,21,23.7,1.1,.5,.8,1.5,5.4,6.4
22105,2009-07-31,2.2,1011.2,75,21.3,24.3,.7,.3,.5,.9,4.8,5.8
22105,2009-08-01,2.3,1008.9,72,21.3,23.9,.5,.3,.3,.7,4.2,5.3
22105,2009-08-02,2.3,1008.6,70,21.6,24.5,.4,.2,.2,.5,4,5.3
22105,2009-08-03,2.4,1010.1,74,21.6,23.6,.5,.3,.3,.8,4.6,5.8
22105,2009-08-04,3.4,1010.3,81,21.9,23.4,.6,.3,.4,.7,4.5,5.8
22105,2009-08-05,3.3,1011.3,79,21.8,23.6,.6,.3,.4,.7,4.1,4.9
22105,2009-08-06,3.4,1012.6,84,21.4,23.5,.7,.3,.4,.8,4.3,5.3
22105,2009-08-07,2.8,1011.9,88,21.8,23.5,.6,.3,.4,.8,4.2,5.3
22105,2009-08-08,2.5,1011,86,22.3,23.6,.5,.3,.3,.6,4.1,4.6
22105,2009-08-09,3.8,1009.6,83,22.4,23.9,.6,.3,.5,.9,3.9,4.9
22105,2009-08-10,5.4,1009.3,91,22.4,23.8,1,.5,.7,1.4,4.2,5.3
22105,2009-08-11,3.7,1008.8,90,22.7,24.1,.8,.4,.5,1,4.9,9.1
22105,2009-08-12,7.8,1000.1,92,22.9,24,1.5,.7,1,2.4,4.3,5.8
22105,2009-08-13,4.3,1004.2,85,22.3,24.3,1,.5,.7,1.3,4.9,6.4
22105,2009-08-14,4.7,1008.1,91,23.4,24.5,.7,.4,.5,1,4.5,6.4
22105,2009-08-15,4.5,1011.1,90,23.8,24.9,.6,.3,.4,.8,3.3,5.8
22105,2009-08-16,3.3,1015.7,81,23.6,25.3,.7,.3,.5,.9,4.2,5.8
22105,2009-08-17,3.2,1016.7,82,23.8,25.5,.8,.4,.5,1.1,4.3,5.3
22105,2009-08-18,4.6,1014.1,86,24.1,25.7,.8,.4,.5,1,4.2,5.3
22105,2009-08-19,5.9,1011.4,89,24.9,26,.8,.4,.8,1.7,3.5,4.6
22105,2009-08-20,9,1003,83,25.7,25.8,1.7,.9,1,2,4.5,5.3
22105,2009-08-21,4.2,1004,67,25.6,25.7,.9,.5,.7,1.3,4.4,5.8
22105,2009-08-22,4.7,1005.5,65,25,25.9,.7,.4,.6,1.1,3.7,4.9
22105,2009-08-23,4.2,1008.2,65,24.7,25.9,.6,.3,.5,1,3.4,4.6
22105,2009-08-24,3.3,1013.6,64,23.2,26.1,.9,.5,.6,1.2,5.2,7.1
22105,2009-08-25,3.6,1013.3,62,22.5,26.2,.8,.4,.6,1,5.4,9.1
22105,2009-08-26,8.1,1008.4,76,23.9,25.9,1.4,.7,1,2,3.6,4.6
22105,2009-08-27,7.5,1003.6,81,23.3,25.7,1.3,.6,.9,2,3.8,5.3
22105,2009-08-28,3.7,1005.3,78,24.2,26.5,.7,.3,.5,1,4.9,6.4
22105,2009-08-29,8.8,1014.4,63,21.7,25.7,2.4,1.2,2.2,3.5,5.9,8
22105,2009-08-30,5.6,1017.4,58,21.6,25.6,1.4,.8,1,2,5,5.8
22105,2009-08-31,5.5,1018.2,60,21.5,25.4,1.2,.7,.8,1.5,4.9,5.8
22105,2009-09-01,4.6,1019.9,59,21.3,25.7,1.6,.8,1,2,6.1,7.1
22105,2009-09-02,3.4,1019.1,62,21.5,25.5,1.2,.6,.8,1.6,6.2,7.1
22105,2009-09-03,2.5,1017,65,22,25.3,.8,.4,.5,1,5.2,6.4
22105,2009-09-04,2.3,1013.8,67,21.7,25.6,.6,.3,.4,.7,4.9,6.4
22105,2009-09-05,2.6,1010.5,67,21.6,25.6,.5,.3,.4,.7,4.9,6.4
22105,2009-09-06,4.7,1008.1,72,22.6,25.6,.5,.2,.3,.6,4,4.9
22105,2009-09-07,3.9,1007,78,22.6,25.3,.7,.3,.8,2,4.2,5.8
22105,2009-09-08,7.3,1007.8,68,21.3,25.1,2.2,1.1,1.9,3.7,5.8,6.4
22105,2009-09-09,2.9,1008.8,59,21.6,25,.9,.5,.8,1.4,5,7.1
22105,2009-09-10,3.6,1010,59,22.7,25.1,.7,.4,.6,1,3.8,4.6
22105,2009-09-11,,1008.8,66,22.7,24.7,.6,.3,.7,1.3,4.1,5.8
22105,2009-09-12,5.8,1005.2,65,20.8,24.4,1,.5,.9,1.7,4.8,9.1
22105,2009-09-13,3.4,1013.8,66,21.8,24.5,1,.5,.6,1.2,4.6,5.8
22105,2009-09-14,6.2,1013.4,70,21.8,24.3,1.1,.5,.8,1.5,4.8,7.1
22105,2009-09-15,4.4,1010.2,58,22.4,24.3,.7,.3,.5,.9,4.1,6.4
22105,2009-09-16,4.8,1013.5,69,22.2,24.1,1,.5,.7,1.5,4.3,5.3
22105,2009-09-17,5.8,1014.5,69,22.1,24.4,.8,.4,.6,1.2,3.4,4.3
22105,2009-09-18,6.8,1014.3,69,21.6,24.3,1.2,.6,1.6,3.1,4,6.4
22105,2009-09-19,7.5,1016.6,63,19.7,24.1,2.2,1.1,1.4,2.7,5.9,7.1
22105,2009-09-20,3.7,1016.3,63,19.7,24,1,.6,.8,1.5,5,5.8
22105,2009-09-21,5.2,1013.6,67,21.4,23.6,.9,.5,.7,1.3,4.8,5.8
22105,2009-09-22,3.8,1017.6,57,20.9,23.5,1,.5,.6,1.2,4.8,6.4
22105,2009-09-23,2.2,1018.4,72,21.2,23.5,.7,.4,.5,.9,4.9,5.3
22105,2009-09-24,1.6,1018.6,78,22,23.8,.3,.2,.2,.5,4.1,8
22105,2009-09-25,2.3,1017.1,80,21.8,23.4,.3,.2,.2,.5,4.5,5.8
22105,2009-09-26,4.1,1018.7,75,22,23.6,.8,.4,.7,1.3,3.8,5.3
22105,2009-09-27,6.5,1018.7,73,21,23.6,1.7,.9,1.2,2.2,5.3,6.4
22105,2009-09-28,5.3,1015.4,81,20.1,23.6,1.5,.8,1,2,5,5.8
22105,2009-09-29,4.2,1020.8,72,21,23.6,1.1,.6,.8,1.5,5.4,6.4
22105,2009-09-30,5,1021.5,69,21.5,23.6,1.1,.6,.9,1.5,5.2,6.4
22105,2009-10-01,5.9,1016.6,69,21.2,23.6,1,.5,.6,1.2,4.2,6.4
22105,2009-10-02,4,1007,72,21.6,23.5,.9,.5,.8,1.5,4.1,5.8
22105,2009-10-03,7.6,1011.4,48,20.2,23.3,1.7,.9,1.2,2.7,5.8,6.4
22105,2009-10-04,6,1015,48,19.8,23.2,1.3,.7,1,1.8,4.5,5.8
22105,2009-10-05,4,1017.8,46,19.8,23,1,.5,.7,1.5,4.1,5.8
22105,2009-10-06,3.2,1019.4,60,20,22.8,.6,.3,.6,1,3.7,4.9
22105,2009-10-07,9.9,1018.2,63,18.8,22.8,2.6,1.4,2,4.2,5.9,7.1
22105,2009-10-08,11.1,1012.9,57,17.7,22.3,4.6,2.4,3.1,5.7,7.8,10.7
22105,2009-10-09,4.4,1015,55,17.2,22.1,3.5,1.8,2.8,4.5,8.6,9.1
22105,2009-10-10,1.9,1018.3,53,18.1,22,1.9,1,1.4,2.4,7.6,9.1
22105,2009-10-11,2,1021.7,52,18.9,22.1,1,.6,.8,1.4,6.3,7.1
22105,2009-10-12,4.2,1016.4,58,19.3,22.3,1.2,.6,.8,1.5,7.2,9.1
22105,2009-10-13,6.3,1013.7,47,19,21.7,1.3,.6,.9,1.9,4.7,9.1
22105,2009-10-14,3.8,1015.3,63,16.6,20.8,.8,.4,.7,1.3,3.5,4.6
22105,2009-10-15,3.3,1017.1,51,18.4,20.8,.5,.3,.3,.7,3.6,7.1
22105,2009-10-16,5.6,1011.8,53,19.3,20.7,.8,.4,.7,1.3,3.4,4.3
22105,2009-10-17,10,1002.1,53,17.7,21,2.1,1.1,1.5,2.6,4.8,5.8
22105,2009-10-18,6.8,1005.5,46,16.5,21,2,1.1,1.6,2.8,5.8,7.1
22105,2009-10-19,9.4,1003.4,48,17.1,21.1,2.1,1,1.9,3.6,5.3,6.4
22105,2009-10-20,8,1013.9,40,14.6,21.4,2.3,1.2,1.8,3.7,6.2,7.1
22105,2009-10-21,5.1,1018.8,43,16.9,20.9,1.2,.6,.9,1.6,4.9,6.4
22105,2009-10-22,3,1020.4,51,17.2,21.1,.9,.4,.6,1.2,4.6,5.8
22105,2009-10-23,3.1,1019.2,64,17.8,20.9,.8,.4,.7,1.4,3.8,5.3
22105,2009-10-24,4.8,1022.1,62,16.7,20.6,.8,.4,.6,1.1,3.9,5.3
22105,2009-10-25,2.9,1021.5,54,16.6,20.3,.8,.4,.5,1.1,4.2,5.3
22105,2009-10-26,2.6,1015.7,65,16.8,20.2,.9,.4,.6,1.1,4.9,6.4
22105,2009-10-27,5.5,1016.8,70,16.8,20,1.5,.8,1.6,2.9,5.1,8
22105,2009-10-28,4.6,1021.9,62,18.4,20.1,1.3,.7,1.3,2.1,5.8,7.1
22105,2009-10-29,4.6,1020.4,67,20.1,20.4,1,.5,.9,1.6,4.8,7.1
22105,2009-10-30,6.8,1024,69,18.5,21.3,1.3,.7,1.8,3.1,4.3,6.4
22105,2009-10-31,9.6,1016.6,78,19.1,22.2,2.5,1.3,1.9,3.2,6.2,8
22105,2009-11-01,10.3,1016.4,81,11.9,21.2,4,2.2,2.9,5.2,8,9.1
22105,2009-11-02,9.8,1022.8,76,6.2,19.2,5.3,2.9,4.3,7.1,8.5,9.1
22105,2009-11-03,6,1028.1,48,8.6,18.9,2.3,1.2,2.2,4.5,6.4,8
22105,2009-11-04,6.8,1024.3,51,14.7,19,1.5,.8,1,2,5,6.4
22105,2009-11-05,4.7,1021.4,65,16.9,18.8,1.3,.7,1,1.6,4.6,5.8
22105,2009-11-06,4.1,1017.3,67,17.7,18.3,.9,.5,.7,1.4,3.8,4.9
22105,2009-11-07,5.7,1016,64,18.9,19.2,1,.6,.8,1.3,3.8,4.6
22105,2009-11-08,5.1,1015,80,18.6,19.8,.9,.5,.7,1.4,4.1,4.9
22105,2009-11-09,8.2,1016.2,82,15.9,20,2.2,1.2,2.3,5,5.6,9.1
22105,2009-11-10,12.3,1017.7,86,12.2,19.9,4.6,2.4,3.3,6.6,8,9.1
22105,2009-11-11,12.6,1024.9,71,8.8,20.1,5.6,3,3.7,6.8,8.3,9.1
22105,2009-11-12,8.9,1030.6,65,9.7,20.5,3.4,1.8,2.5,5.9,7.8,9.1
22105,2009-11-13,7.4,1017.3,79,12.9,18.8,2.7,1.5,2.2,3.6,6.5,8
22105,2009-11-14,11,1009.8,63,11.4,17.6,3.6,1.8,2.6,5.1,6.6,8
22105,2009-11-15,11.6,1017.1,51,6.1,17.4,4.2,2.2,2.5,5.3,7.3,10.7
22105,2009-11-16,7.4,1025.2,48,5.5,17.2,3.7,2,2.5,4.6,9.4,12.8
22105,2009-11-17,7.4,1023.1,50,6.2,16.9,2.4,1.3,1.6,3,7,9.1
22105,2009-11-18,5.5,1025.9,47,5.7,16.9,2.5,1.4,1.9,3.2,6.6,8
22105,2009-11-19,6,1028.5,49,7.6,16.6,1.6,.9,1.1,2.3,5.6,7.1
22105,2009-11-20,5,1026.1,41,7.8,16.5,1.3,.7,1.3,2.2,5.2,6.4
22105,2009-11-21,6,1026.2,46,6.5,16.4,2.3,1.2,1.7,3.3,6,7.1
22105,2009-11-22,3.2,1023.4,47,8.8,16.3,1,.6,1,2,5.2,7.1
22105,2009-11-23,4.6,1024.6,50,11.5,16.7,.8,.5,.7,1.2,4.3,6.4
22105,2009-11-24,2.7,1021.4,57,12.4,16.4,.5,.3,.3,.6,2.9,4.3
22105,2009-11-25,3.5,1019,60,12.6,17.3,.4,.2,.4,.7,3.6,7.1
22105,2009-11-26,5.6,1022.7,70,12.9,16.4,1.6,.9,1.3,2.6,6.3,8
22105,2009-11-27,5.8,1021.8,63,12.3,16.4,1.2,.7,1,2,5.3,7.1
22105,2009-11-28,8.9,1026,71,8.4,16.3,3.6,1.9,2.5,4.8,7.5,9.1
22105,2009-11-29,4.5,1023.5,68,9.5,16.3,1.6,.9,1.2,2.2,5.9,8
22105,2009-11-30,4.3,1021.4,72,10.2,16.1,1.1,.6,.7,1.4,4.6,8
22105,2009-12-01,4.4,1023.9,51,9.9,16,1,.5,.6,1.3,4.5,5.8
22105,2009-12-02,1.5,1022.9,55,10.5,16.1,.8,.4,.6,1.1,4.9,5.8
22105,2009-12-03,7.7,1017.7,69,9.3,16.5,2.5,1.4,3.2,5.6,6,9.1
22105,2009-12-04,5.2,1019.6,56,10.4,16.1,2.5,1.4,2.2,4.7,7.4,9.1
22105,2009-12-05,12.8,1008.2,59,8,15.7,3.2,1.7,2.3,4.2,5.5,7.1
22105,2009-12-06,8.4,1019.2,44,4,15.5,3.4,1.8,2.5,4.7,7.5,9.1
22105,2009-12-07,3.3,1027.1,49,6.5,15.5,1.8,1,1.4,2.8,6.3,8
22105,2009-12-08,5.1,1025.3,51,9.7,15.3,1.1,.6,.8,1.5,5.1,7.1
22105,2009-12-09,3.4,1024,67,9.9,15.4,1,.6,1.1,1.9,6,9.1
22105,2009-12-10,3.7,1020.3,81,10.8,15.3,2,1.1,1.6,2.9,5.4,6.4
22105,2009-12-11,8.5,1015.9,84,11.3,15.3,3.1,1.7,2.4,4.3,6.8,8
22105,2009-12-12,7.1,1019.2,64,10,15.3,2.6,1.4,2.3,4,6.4,9.1
22105,2009-12-13,5.9,1019.1,67,8.9,15.2,2.2,1.2,1.9,3.1,6.8,9.1
22105,2009-12-14,9.3,1022.4,56,6.5,15.1,3.2,1.8,2.1,4.6,6.4,7.1
22105,2009-12-15,8.6,1023.9,44,3.1,15,2.8,1.4,1.9,3.9,6.4,7.1
22105,2009-12-16,8.7,1022.2,52,.4,14.8,2.4,1.4,1.7,3.1,6.4,7.1
22105,2009-12-17,10.7,1018.7,51,.2,14.4,3,1.7,2.4,4.4,6.1,7.1
22105,2009-12-18,10.9,1018.5,63,-.5,14.5,3.5,1.9,2.3,4.9,7,9.1
22105,2009-12-19,9,1017.8,59,-.2,13.8,2.7,1.5,1.9,3.2,6.7,8
22105,2009-12-20,11.1,1015.1,56,2,13.7,3,1.7,2.1,3.7,6.4,7.1
22105,2009-12-21,7.5,1021.7,54,2.3,13.9,2.5,1.4,2.4,3.8,7.2,8
22105,2009-12-22,6.5,1020.1,48,7.3,13.5,1.5,.8,1.2,2.2,4.8,6.4
22105,2009-12-23,5.8,1018.8,59,9.2,13.8,1.1,.6,.7,1.6,4.1,4.9
22105,2009-12-24,2.1,1020.3,56,9.1,13.8,.9,.5,.6,1.2,4.6,6.4
22105,2009-12-25,5.4,1012.1,59,9.5,13.6,1.2,.6,1.3,2.6,5,5.8
22105,2009-12-26,7.6,1016.9,50,2.9,13.4,2.8,1.5,1.9,3.5,6.8,9.1
22105,2009-12-27,5.7,1017.2,56,4.2,13.4,2.7,1.5,2.2,4.2,7.7,9.1
22105,2009-12-28,8.5,1017.5,51,.9,13.4,3.3,1.8,2.3,4.2,7.5,9.1
22105,2009-12-29,4.1,1016.3,54,4.4,13.1,1.6,.9,1.5,2.6,6.9,8
22105,2009-12-30,10.6,1009.2,50,4.4,13.2,2.4,1.3,2,3.3,5.5,8
22105,2009-12-31,13.1,1014.2,58,-1.7,12.9,4.8,2.7,3.6,5.9,8.7,10.7
22105,2010-01-01,10.3,1016.9,57,.3,12.7,3.7,2,2.3,4.5,7.1,9.1
22105,2010-01-02,7.2,1014.1,67,4.2,12.6,2.2,1.2,1.7,3.3,8.4,12.8
22105,2010-01-03,7.9,1017.3,54,1.5,12.4,3.2,1.8,2.2,4.3,7.1,10.7
22105,2010-01-04,4.9,1010.1,76,1.7,12.2,2.5,1.3,2.3,5.4,8.5,10.7
22105,2010-01-05,10.4,1015,70,.2,12.4,3.8,2.2,2.8,5.7,8,9.1
22105,2010-01-06,8.7,1018.9,65,-.4,12.3,2.5,1.3,1.7,2.8,7.4,9.1
22105,2010-01-07,9.7,1020.3,78,2.2,12.3,3.4,1.9,2.4,4.3,8.5,10.7
22105,2010-01-08,6.8,1020,66,2.9,12.1,2.7,1.5,2.3,4,9.3,10.7
22105,2010-01-09,5.5,1022,55,2.8,12,1.6,.9,1.1,2,6.8,9.1
22105,2010-01-10,4.2,1024,59,4.5,11.9,1.4,.8,1,1.9,5.6,7.1
22105,2010-01-11,6.4,1018.5,60,4.3,11.8,1.3,.7,1,2,5.5,7.1
22105,2010-01-12,11.5,1014.3,56,0,11.7,3.4,1.8,2.6,4.8,6.5,8
22105,2010-01-13,11.4,1016,61,-3.4,11.7,3.8,2.1,2.9,4.9,7.4,9.1
22105,2010-01-14,8,1024.5,52,-1.7,11.4,2.9,1.6,2.1,4.2,7.5,9.1
22105,2010-01-15,7.1,1027.6,53,1.6,11.2,2.1,1.1,1.5,2.8,5.7,7.1
22105,2010-01-16,2.9,1030.1,49,2.5,11.3,1.5,.8,1.3,2.1,6.9,8
22105,2010-01-17,4,1030.5,53,3.8,11.2,1.1,.6,.8,1.4,6.5,8
22105,2010-01-18,4.6,1028.2,53,5.9,11.3,1.2,.6,.9,1.7,5.4,9.1
22105,2010-01-19,8,1026.2,66,9.3,11.2,1.7,.9,1.2,2.4,5.1,8
22105,2010-01-20,6.2,1016.2,85,10.1,11.3,1.5,.7,1.3,2.9,4.8,7.1
22105,2010-01-21,8.7,1018,82,2.6,11.3,3.3,1.7,2.3,4.5,7.6,9.1
22105,2010-01-22,8.3,1020.8,50,1.7,10.9,2.3,1.3,2.1,4.1,6,8
22105,2010-01-23,6.8,1020.4,46,1.8,10.8,2,1.1,1.3,2.6,6,7.1
22105,2010-01-24,7.2,1018.8,45,4.3,10.6,1.8,1,1.2,2.1,5.1,6.4
22105,2010-01-25,7.6,1018.2,50,4.5,10.6,2.1,1.1,2,4.6,5.6,7.1
22105,2010-01-26,5.4,1026.6,44,2.8,10.4,1.8,1,1.5,2.4,6.4,8
22105,2010-01-27,6.7,1016.5,54,7.3,10.5,1.4,.8,1.2,2.2,5,7.1
22105,2010-01-28,7.8,1013.3,57,7.1,10.5,2,1.1,1.6,3.3,5.8,7.1
22105,2010-01-29,8.9,1018.2,41,3.4,10.2,2.4,1.3,1.9,3.6,6,9.1
22105,2010-01-30,5.4,1020.2,52,5.1,10.2,1.4,.8,1.2,2.2,5.1,6.4
22105,2010-01-31,4.4,1019.5,52,6.8,10.2,1,.6,.8,1.4,4.5,6.4
22105,2010-02-01,9,1015.2,78,4.9,10.1,2.2,1.3,2.2,3.8,5.6,7.1
22105,2010-02-02,9.8,1018,53,1.6,10.4,2.8,1.6,2,4.3,6.6,7.1
22105,2010-02-03,7.8,1021.7,51,-1.7,10.3,2.5,1.4,1.7,3.5,7,9.1
22105,2010-02-04,9.6,1021.5,46,-.4,10.2,2.4,1.3,1.8,3.1,5.9,7.1
22105,2010-02-05,8.2,1021.8,45,.4,10,2.2,1.3,1.6,3.1,6.3,8
22105,2010-02-06,7,1027,45,1.7,10,2.5,1.3,2,3.6,6.4,8
22105,2010-02-07,6.8,1026.1,47,5.7,10.1,1.6,.8,1,2.3,6.1,8
22105,2010-02-08,6.2,1017.8,67,8.1,10,1.3,.7,.9,1.8,6.5,10.7
22105,2010-02-09,4.6,1017.2,74,7.1,10,1.4,.7,1.1,2.1,6.4,9.1
22105,2010-02-10,9.6,1019.6,83,4.4,9.9,2.4,1.3,1.9,3.4,6.2,7.1
22105,2010-02-11,11,1023,84,.5,9.7,2.9,1.7,2,3.6,6.4,7.1
22105,2010-02-12,8.4,1026.4,68,-.2,9.3,2.6,1.4,1.7,3.2,7.1,8
22105,2010-02-13,5.6,1024.8,79,.8,9.2,1.7,.9,1.2,2.4,6.2,8
22105,2010-02-14,4.8,1026.5,52,2.1,9.2,1.2,.7,.9,1.7,4.6,5.8
22105,2010-02-15,8.2,1023.7,63,2.5,9.2,1.7,.9,1.9,4,5.2,8
22105,2010-02-16,6.8,1026.5,72,-.1,9.1,2.3,1.2,1.9,3.1,6.3,7.1
22105,2010-02-17,3.3,1023.3,65,1.5,9.2,1.1,.6,.9,1.6,6,7.1
22105,2010-02-18,7.3,1018.3,50,2.2,9.5,1.5,.8,1.1,2.1,4.8,5.8
22105,2010-02-19,6.7,1018.3,50,1.8,9.5,1.8,1,1.5,2.7,5.4,7.1
22105,2010-02-20,5.1,1021.4,49,4.2,9.4,1.4,.8,1.1,1.9,5.4,8
22105,2010-02-21,7.1,1020.7,64,7.6,9.7,1.4,.8,1.1,1.9,5.3,8
22105,2010-02-22,5.3,1016.6,72,8.6,9.5,1.2,.6,.9,1.6,4.3,4.9
22105,2010-02-23,5.2,1016.9,69,8.5,9.5,.9,.5,.6,1.1,4.3,5.8
22105,2010-02-24,8.4,1014.2,84,10.2,9.6,1.4,.8,1,1.9,4,4.9
22105,2010-02-25,9.6,1009.4,89,11,9.8,2.2,1.2,1.7,3,5.2,6.4
22105,2010-02-26,7.8,1015.9,75,5.9,9.8,2.6,1.4,1.9,3.2,6.6,8
22105,2010-02-27,7.2,1019.1,71,4.8,9.6,2,1.1,1.4,2.5,6.4,8
22105,2010-02-28,4.5,1018,76,8,9.7,1.3,.7,1.1,2,5.7,7.1
22105,2010-03-01,11.9,1018.6,84,3.3,9.7,3.5,1.9,2.8,5,6.6,8
22105,2010-03-02,4.4,1016.3,75,4.9,9.7,1.7,1,1.9,3,6.3,7.1
22105,2010-03-03,7.8,1024.6,63,4.6,9.6,1.9,1,1.2,2.6,5.5,7.1
22105,2010-03-04,6.9,1018.1,75,6.1,9.6,1.7,.9,1.1,2,5.8,7.1
22105,2010-03-05,2,1017.7,82,7.2,9.7,1.4,.7,1,1.9,6.1,7.1
22105,2010-03-06,8.9,1024.1,74,4.2,9.5,2.4,1.3,2.6,4.1,6.7,9.1
22105,2010-03-07,8.7,1030,60,2.5,9.4,2.1,1.2,1.5,2.7,6.7,9.1
22105,2010-03-08,8.2,1033.5,63,2.1,9.5,1.8,1,1.1,2.2,6.1,7.1
22105,2010-03-09,9.2,1024.6,70,1.9,9.4,1.9,1.1,1.3,2.4,5.3,6.4
22105,2010-03-10,10.1,1015.7,69,2.2,9.3,2.8,1.6,2.4,3.7,6.4,8
22105,2010-03-11,5.6,1020.3,51,5.3,9.3,2,1.1,1.5,2.7,8.1,9.1
22105,2010-03-12,9.8,1013.5,63,8.9,9.3,2.9,1.6,2.2,3.7,6,8
22105,2010-03-13,5.6,1025.2,55,4.1,9.4,2.5,1.4,2.3,4,6.6,8
22105,2010-03-14,7.1,1027.3,68,7.1,9.3,1.2,.7,.9,1.8,4.5,6.4
22105,2010-03-15,6.1,1008.7,86,8.1,9.3,1.7,.9,1.3,2.3,5,6.4
22105,2010-03-16,10.8,1015.2,42,5.5,9.3,2.8,1.6,2.1,3.7,6.1,7.1
22105,2010-03-17,6,1023.7,43,3.5,9.2,2.2,1.2,1.7,3.1,6.2,7.1
22105,2010-03-18,5.5,1018.8,62,2.6,9.2,1.2,.7,.8,1.6,4.9,6.4
22105,2010-03-19,6.3,1009.9,60,6.9,9.3,1.3,.7,1.3,2.5,5.1,7.1
22105,2010-03-20,6.5,997.1,79,9.1,9.4,2.4,1.2,2,3.8,6.2,8
22105,2010-03-21,10.6,1010.2,49,5.7,9.2,3.5,1.9,2.4,5,6.8,8
22105,2010-03-22,4.5,1017.5,56,6.2,9.2,1.7,.9,1.3,2.6,8.3,10.7
22105,2010-03-23,6.5,1017.6,67,7,9.3,1.5,.8,1,1.9,7.6,10.7
22105,2010-03-24,5.3,1020.3,61,6.7,9.3,1.3,.7,.8,1.5,5.1,6.4
22105,2010-03-25,5.9,1016.3,66,4,9.2,2,1.1,1.9,3.5,6.2,8
22105,2010-03-26,8.8,1021.2,50,3.2,9.1,2.4,1.3,2.5,4,6,7.1
22105,2010-03-27,4.1,1024.8,74,3.8,9.1,1.4,.8,.9,1.7,4.8,6.4
22105,2010-03-28,6.7,1023.7,73,4.9,9.1,1.6,.9,1.3,2.6,5.1,6.4
22105,2010-03-29,4.8,1029.5,62,3.7,9.1,.9,.5,.6,1.1,4.9,5.8
22105,2010-03-30,7.1,1028.1,66,7,9.1,1.5,.8,1.3,2.4,5,6.4
22105,2010-03-31,7,1018.5,87,8.4,9.1,1.6,.9,1.2,2.3,4.9,5.8
22105,2010-04-01,2.8,1009,89,8.7,9.2,1.5,.7,1.2,2,5.7,7.1
22105,2010-04-02,7.2,1014.6,43,8.2,9.2,1.6,.8,1.5,2.9,4.9,6.4
22105,2010-04-03,6.5,1022.6,46,6.5,9.2,1.5,.8,1.4,2.6,4.9,6.4
22105,2010-04-04,5.9,1019.3,74,8.7,9.1,1.3,.7,.9,1.8,4.6,4.9
22105,2010-04-05,2.1,1015.4,73,8.9,9.7,.7,.4,.6,1,4.4,6.4
22105,2010-04-06,5.6,1016,79,6.8,9.3,.9,.5,1,1.8,3.8,4.9
22105,2010-04-07,5.4,1025,53,5.4,9.1,1.4,.8,1.1,1.8,5.6,7.1
22105,2010-04-08,7.3,1022.9,70,7.7,9.2,1.3,.7,1.2,2.3,4.7,6.4
22105,2010-04-09,7.8,1016.9,80,9.7,9.3,1.7,.9,1.4,2.5,4.7,5.3
22105,2010-04-10,3.9,1013.1,84,9.8,9.5,1,.6,1,1.7,4.6,5.3
22105,2010-04-11,4,1019.2,76,8.6,9.8,1.1,.6,.8,1.4,4.5,5.3
22105,2010-04-12,4.6,1013.8,79,8.6,9.5,2.1,1.2,1.8,3.1,6.7,9.1
22105,2010-04-13,9.7,1011.1,58,7.8,9.6,2.7,1.4,2.3,3.9,6.7,8
22105,2010-04-14,7.8,1023,41,5.2,9.2,2.7,1.5,2.2,3.9,6.5,8
22105,2010-04-15,4.9,1024.8,47,6.2,8.9,1.1,.6,1,1.8,4.9,8
22105,2010-04-16,3.7,1023.2,59,7.8,8.5,.7,.4,.5,1,8.4,10.7
22105,2010-04-17,2.3,1024.2,71,8.8,9.1,1,.6,.7,1.3,7.1,10.7
22105,2010-04-18,4.4,1024.8,82,9.9,9.4,1,.5,.8,1.3,5,7.1
22105,2010-04-19,6.4,1018.7,84,10.5,9.4,1.1,.6,.9,1.7,4,4.9
22105,2010-04-20,4.6,1015.6,89,8.2,9.7,.9,.5,.6,1.1,4.1,5.8
22105,2010-04-21,5,1020.9,84,8.1,11.3,1.1,.6,.9,1.4,4.7,4.9
22105,2010-04-22,7,1016,73,8.7,12.1,1.9,1,1.3,2.7,5.3,6.4
22105,2010-04-23,3.5,1016.1,74,8,12.3,1.3,.7,.9,1.6,5.4,6.4
22105,2010-04-24,4.6,1020.8,72,9.8,12.9,.8,.4,.7,1.2,4.8,5.8
22105,2010-04-25,4.5,1023.6,74,11.9,13,.7,.4,.7,1.3,3.9,4.9
22105,2010-04-26,8.1,1020,84,11.8,12.5,1.1,.6,.9,1.7,3.8,4.6
22105,2010-04-27,9.1,1005.6,76,11.3,11.4,2.7,1.5,2.2,3.7,5.9,8
22105,2010-04-28,8.3,1007.7,55,8.9,11.7,2,1.1,1.4,2.8,5.3,8
22105,2010-04-29,8.7,1007.8,58,10.1,11.5,2.4,1.3,1.7,3.3,5.7,6.4
22105,2010-04-30,4.3,1012,58,10.9,12,1.4,.8,1.2,2.1,4.9,6.4
22105,2010-05-01,5.4,1014,66,11.7,12,1,.5,.7,1.3,4.3,6.4
22105,2010-05-02,6.5,1012.8,72,13,12.1,1.4,.7,1.2,2.1,4.6,5.8
22105,2010-05-03,6.3,1011.4,80,13.5,12.3,1.6,.8,1.1,1.9,5,6.4
22105,2010-05-04,2.9,1012.2,81,14.5,13.3,1,.5,.8,1.7,4.5,5.8
22105,2010-05-05,4.7,1009,81,14.4,13.6,.9,.5,1.2,2.8,3.9,5.3
22105,2010-05-06,9.9,1000.1,79,14.7,12.9,2.7,1.4,2.4,3.7,5.8,6.4
22105,2010-05-07,5.6,1003.4,58,14.7,12.6,1.6,.9,1.2,2.4,5.1,6.4
22105,2010-05-08,3.7,1008.3,70,13.2,12.4,1,.5,.6,1.2,6.8,9.1
22105,2010-05-09,4.1,1010.4,87,12.9,12.8,1,.5,.6,1.2,7,9.1
22105,2010-05-10,2.8,1008.2,90,12.2,13.3,1.1,.6,.8,1.3,6,8
22105,2010-05-11,7.2,1012.9,86,9.4,12.8,1.8,.9,1.4,2.7,5.5,8
22105,2010-05-12,2.4,1015.4,73,10,13.6,2.1,1,1.5,3.2,6.9,8
22105,2010-05-13,1.5,1018,77,12.2,13.9,1.5,.8,1.1,1.9,7.2,8
22105,2010-05-14,2.7,1019.8,81,12.8,13.8,1.3,.7,.9,1.5,7.2,8
22105,2010-05-15,6.4,1017.7,81,13.4,12.6,1.4,.8,.9,1.7,5.5,8
22105,2010-05-16,3,1016.9,84,14,13.4,.9,.5,.9,1.9,4.3,4.9
22105,2010-05-17,6.5,1014.8,82,15.1,14.1,1.3,.7,1.2,2.3,4.3,5.8
22105,2010-05-18,8.1,1008.7,90,14.8,13.9,1.5,.8,1.2,1.9,4.3,5.8
22105,2010-05-19,3,1004.4,89,14,14,1.3,.7,1.1,2.4,4.8,5.8
22105,2010-05-20,5,1008.2,70,16,14.5,.7,.3,.4,.8,3.8,5.3
22105,2010-05-21,2.9,1011.2,72,17.3,15.9,.7,.3,.4,.9,4.5,6.4
22105,2010-05-22,4,1008.4,81,15.3,14.4,.6,.3,.5,.8,5,7.1
22105,2010-05-23,7.4,998.8,91,14.1,15.5,3.2,1.7,2.6,5,6.5,9.1
22105,2010-05-24,6.2,992.8,87,11.8,14.4,2.8,1.5,2.6,4.7,6.6,9.1
22105,2010-05-25,8.3,1000.7,83,11.9,14.5,2.7,1.4,1.8,3.2,7.8,10.7
22105,2010-05-26,11.4,1012.2,85,10.5,14.1,3.7,2.1,2.9,4.3,7.6,9.1
22105,2010-05-27,6.3,1018.3,73,11.5,15.2,3.3,1.8,2.3,4.1,8.5,10.7
22105,2010-05-28,6.3,1016.7,77,13.6,15.5,2.7,1.5,1.9,3.4,8.5,9.1
22105,2010-05-29,3.8,1014.7,73,13.8,16.2,1.7,.9,1.2,2.2,7.4,8
22105,2010-05-30,3.8,1015,76,13,16.7,1.2,.6,.8,1.7,6.3,7.1
22105,2010-05-31,4.2,1016.7,77,13.2,15.4,.8,.4,.6,1,4.8,6.4
22105,2010-06-01,2.1,1017.1,78,13.7,15.3,.6,.3,.4,.7,4.2,4.9
22105,2010-06-02,3.2,1018.2,83,15,15.7,.5,.3,.3,.6,4.1,4.9
22105,2010-06-03,2.3,1017.8,89,15.9,16.8,.5,.3,.3,.7,3.2,3.8
22105,2010-06-04,1.9,1015.2,89,16.7,18.1,.3,.2,.3,.5,4.3,6.4
22105,2010-06-05,2.6,1013.2,87,18.3,19.1,.3,.1,.2,.4,4.6,5.8
22105,2010-06-06,3.8,1013.8,89,18,18.9,.4,.2,.3,.5,3,5.3
22105,2010-06-07,1.9,1016.9,79,18.5,19.4,.4,.2,.3,.6,3.5,4.3
22105,2010-06-08,1.9,1016.9,77,18.4,20.1,.3,.1,.3,.5,3.4,6.4
22105,2010-06-09,1.6,1015.8,77,19.5,20.7,.2,.1,.1,.3,3.5,7.1
22105,2010-06-10,2.6,1015.3,77,19.5,21.2,.2,.1,.1,.3,4.6,8
22105,2010-06-11,1.6,1014.8,78,20,21.7,.3,.1,.2,.4,4.4,10.7
22105,2010-06-12,3.8,1011.9,83,19.9,21.2,.5,.3,.4,.7,3.8,5.3
22105,2010-06-13,1.4,1010,81,20.7,21.8,.5,.2,.3,.6,3.6,5.8
22105,2010-06-14,1.9,1009,81,20.6,22.4,.5,.3,.5,.9,4.7,6.4
22105,2010-06-15,3.2,1006.1,82,20.2,21.8,.4,.3,.3,.6,4.4,5.8
22105,2010-06-16,3.8,1004.4,84,21.1,22.6,.4,.2,.4,.6,2.8,3.8
22105,2010-06-17,1.6,1006.2,77,22.5,22.7,.6,.3,.4,.8,4.1,4.6
22105,2010-06-18,2.5,1005,84,21.7,23.1,.3,.2,.2,.5,4.9,6.4
22105,2010-06-19,3.9,1004.2,81,21.6,23.3,.6,.3,.4,.8,4.9,7.1
22105,2010-06-20,2.3,1002.2,82,22.4,23.8,.6,.3,.4,.8,4.2,7.1
22105,2010-06-21,2.9,1003.5,85,22.3,24.2,.6,.3,.4,.8,4.9,6.4
22105,2010-06-22,3.4,1005.6,75,21.9,24.2,.7,.4,.8,1.4,4.4,7.1
22105,2010-06-23,,,,,,,,.9,1.5,,6.4
22105,2010-10-11,5.8,1014.4,73,21.9,23.4,1.4,.8,1.1,1.9,3.1,6.4
22105,2010-10-12,4.3,1014.5,66,21.5,23.2,1,.6,1.6,2.4,3,6.4
22105,2010-10-13,7.6,1015.1,73,19.3,23.1,2.8,1.7,2.2,3.7,4.5,8
22105,2010-10-14,5.6,1011.9,69,19.6,22.9,1.8,1.1,1.5,2.4,3.1,5.8
22105,2010-10-15,7.8,1013,53,17.8,21.9,2.4,1.4,2,3.2,3.2,4
22105,2010-10-16,7.7,1017.4,51,19.6,21.1,2.1,1.3,1.6,2.8,3,5.8
22105,2010-10-17,3.9,1022.3,57,19.3,21.3,1.8,1.1,1.6,2.9,3.6,8
22105,2010-10-18,4.2,1025.2,55,18.8,21.5,2,1.2,1.5,2.5,3.7,8
22105,2010-10-19,2.8,1024.2,70,18.8,21.2,2.3,1.3,1.5,2.8,3.6,6.4
22105,2010-10-20,4.9,1021.6,71,18.1,20.5,2,1.2,1.5,2.5,3.3,3.8
22105,2010-10-21,8,1021.3,67,17.7,20.4,2.3,1.4,1.8,3.4,3,5.8
22105,2010-10-22,4.5,1023.7,63,17.4,21,1.6,.9,1.1,2.1,3.3,5.8
22105,2010-10-23,4.7,1020.6,68,18.7,20.4,1.1,.7,.8,1.3,3.4,5.8
22105,2010-10-24,4.9,1012.2,77,20.1,20.3,1.2,.7,.9,1.5,2.4,3.4
22105,2010-10-25,8.1,1011.2,81,16.2,19.8,3.4,2.1,4,8.3,4,9.1
22105,2010-10-26,12,1025,59,9.4,19.5,5.7,3.4,4.2,7.7,4.7,9.1
22105,2010-10-27,3.5,1028.8,50,11.3,20.1,2.8,1.7,2.5,4.2,4.6,8
22105,2010-10-28,4.7,1023.4,50,13.3,21,1.9,1.2,1.6,2.7,4.9,9.1
22105,2010-10-29,6.4,1026.7,55,14.5,20.5,1.8,1.1,1.4,2.5,2.8,5.8
22105,2010-10-30,5.8,1027.2,55,15.4,19.7,2.2,1.4,1.9,3.3,3.7,8
22105,2010-10-31,7,1022.9,56,16.1,21.2,3.3,2,2.3,4,4.5,8
22105,2010-11-01,7.5,1016.2,55,15.9,21.1,2.8,1.7,2,3.4,3.9,7.1
22105,2010-11-02,10.1,1017,52,13.1,20.8,4.5,2.7,3.6,6.6,4.5,8
22105,2010-11-03,4.5,1022.7,37,12.6,20.5,2.9,1.7,2.5,4.5,4.2,7.1
22105,2010-11-04,5.8,1022,51,15.6,20.4,1.9,1.2,1.4,2.5,4.5,6.4
22105,2010-11-05,5.6,1021,45,16.6,19.9,1.6,1,1.4,2.5,3,4.9
22105,2010-11-06,5.4,1019.6,53,17.4,19.2,1.1,.7,1,1.7,2.8,5.3
22105,2010-11-07,3.2,1015.1,53,17.5,18.8,.9,.5,.8,1.3,2.3,3
22105,2010-11-08,10.3,1007.7,53,14.6,19.4,2.7,1.7,2.7,4.3,2.8,4.6
22105,2010-11-09,9.6,1010.8,54,9.3,19.9,5,3,3.7,7.2,4.8,9.1
22105,2010-11-10,5,1018.6,48,9.4,19.4,4.5,2.7,3.9,7.5,5.5,10.7
22105,2010-11-14,8,1025.1,59,13.9,17.7,2.4,1.4,2.5,3.9,3.2,6.4
22105,2010-11-15,7.4,1026.6,54,8.7,18.1,3.6,2.2,3.4,6.1,4.2,8
22105,2010-11-16,2.7,1024,43,9.9,17.3,1.6,.9,1.5,2.7,3.2,3.8
22105,2010-11-17,5.4,1023.8,55,11.4,18.1,1.6,1,1.5,2.8,3,5.3
22105,2010-11-18,3.1,1024.1,53,12.9,16.5,1.2,.8,.9,1.4,2.9,4
22105,2010-11-19,3.2,1019.1,46,12.9,17.4,.9,.5,.7,1.5,3.2,3.6
22105,2010-11-20,3,1017.3,58,14.6,17.6,.5,.3,.4,.7,2.2,3.2
22105,2010-11-21,6.5,1013.1,58,16,18.3,1,.6,1.2,2.2,2.8,6.4
22105,2010-11-22,9.9,1010.7,61,14.4,18.4,3,1.8,4,6,2.9,4.3
22105,2010-11-23,6.2,1022.1,56,10.7,18.5,2.8,1.7,2.4,3.5,4,8
22105,2010-11-24,6.4,1020.8,60,13,18.2,1.5,.9,1.1,2,3.1,4
22105,2010-11-25,7,1016.9,49,11.6,17.4,1.8,1.1,1.7,3.1,2.8,3.4
22105,2010-11-26,8,1018.5,60,7.7,18.1,3.2,2,2.4,4.2,3.6,4
22105,2010-11-27,9.9,1012.9,57,10.8,18.2,3.2,1.8,3.1,5.4,3.4,4.3
22105,2010-11-28,7.3,1020.8,45,6.5,17.7,4.3,2.5,3.2,7.2,4.4,8
22105,2010-11-29,6.6,1021.6,48,10.2,16.3,2.6,1.5,2,3.6,3.1,3.8
22105,2010-11-30,5.9,1018,61,13.8,15.6,1.6,1,1.6,2.7,2.8,4.9
22105,2010-12-01,6.2,1018.5,56,15.3,16.7,1.3,.7,1.3,2.2,2.7,5.8
22105,2010-12-02,7,1014.9,65,15.6,15.4,1.4,.8,1.9,3.1,2.5,3.6
22105,2010-12-03,12.4,1008.8,54,9.8,16.3,4.9,2.9,5,8.5,3.6,5.8
22105,2010-12-04,6.3,1017.1,45,10.6,17.6,4.5,2.8,4.9,7.6,5.1,10.7
22105,2010-12-05,6.4,1014.4,56,15.2,16.8,2,1.2,1.6,2.5,3,4.6
22105,2010-12-06,9.1,1012.8,72,11.9,16.5,3.1,1.9,3.7,6.2,3.4,4.9
22105,2010-12-07,6.8,1014.9,74,6.9,16.4,4,2.5,3.4,5.4,4.3,8
22105,2010-12-08,5.4,1008.7,53,7.9,16.8,1.9,1.2,1.5,2.6,3.1,4
22105,2010-12-09,10.6,1012.7,74,6.1,16.7,5.4,3.3,4.2,7.4,4.3,5.3
22105,2010-12-13,,,,,,,,.8,1.4,,5.8
22105,2010-12-17,7.4,1012.1,58,5.2,16.4,2.2,1.3,1.9,3.3,3,4
22105,2010-12-18,6.1,1020.9,47,7.5,16.2,2.5,1.5,2.8,4.4,3.6,5.8
22105,2010-12-19,8.1,1017.1,55,12,15.9,2.1,1.3,1.8,2.8,2.4,2.7
22105,2010-12-20,5.2,1015.8,42,12.9,15.8,1.8,1.1,1.6,2.8,2.9,3.8
22105,2010-12-21,7.6,1013.5,72,11.8,15.5,2.1,1.3,2.6,4.3,2.7,3.2
22105,2010-12-22,8.9,1013.4,73,10.1,15.3,3.4,2.1,2.4,4.1,3.6,6.4
22105,2010-12-23,8.5,1016.9,46,9,15.4,3.5,2,3.1,5.8,4.1,4.6
22105,2010-12-24,11.2,1018.6,73,-.5,15.1,6.1,3.8,4.5,8.4,4.7,5.8
22105,2010-12-25,13.2,1011.4,67,-1,15,6.2,3.7,4.2,7.5,4.6,8
22105,2010-12-26,11.8,1006.3,58,.4,14.3,4.4,2.8,3.5,5.6,3.8,4.6
22105,2010-12-27,8.4,1008.8,55,3.7,14.7,3.3,2,2.6,4.4,3.6,6.4
22105,2010-12-28,8.7,1006.7,54,6.5,14.4,2.2,1.3,1.7,3.1,2.8,3.6
22105,2010-12-29,6.9,1014.6,56,3.1,14.9,3.2,1.9,2.5,3.8,3.8,7.1
22105,2010-12-30,8.9,1006.5,78,2.2,14,3.5,2.1,3.4,7.4,3.5,4.3
22105,2010-12-31,12.4,1007.3,82,1.6,14.2,6,3.7,4.2,7.1,4.3,4.9
22105,2011-01-01,,,,,,,,8.7,13.7,,6.4
22105,2011-01-02,,,,,,,,2.6,5.3,,5.3
22105,2011-01-03,7.8,1020.9,72,4.1,14.3,3.3,2.1,2.5,4.7,3.7,4.9
22105,2011-01-04,4.8,1017.9,55,5.4,13.9,2.4,1.5,1.8,2.9,4.1,7.1
22105,2011-01-05,8.6,1015.6,57,4.2,14,3.1,1.9,2.7,4.1,3.4,4.6
22105,2011-01-06,8.8,1021.1,71,2.2,13.7,4.2,2.6,3.2,4.9,4.3,4.9
22105,2011-01-07,4.8,1023.5,53,3.2,13.8,2.8,1.7,2.9,4.8,4.4,7.1
22105,2011-01-08,6.1,1021.1,47,5.3,13.2,2.8,1.7,2.4,4.1,3.9,7.1
22105,2011-01-09,10,1020.2,72,2.5,13.3,4.4,2.7,3.9,6.6,4.2,9.1
22105,2011-01-10,5.9,1022.1,60,1.1,13.1,3,1.9,2.9,4.7,4.1,5.8
22105,2011-01-11,5,1014.7,53,2.9,12.9,1.9,1.2,1.7,2.8,3.4,4.3
22105,2011-01-12,7.8,1017.4,58,.7,12.9,3.9,2.3,3.1,5.8,3.8,6.4
22105,2011-01-13,5,1023.3,50,1.3,12.2,2.3,1.4,1.8,3.5,3.9,7.1
22105,2011-01-14,6.7,1022.6,51,4.1,13.3,2,1.2,1.6,2.6,3.5,7.1
22105,2011-01-15,11.8,1018.6,67,-1.7,13.3,5.3,3.2,4.7,7.3,4.4,5.3
22105,2011-01-16,,,,,,,,5,7.7,,5.3
22105,2011-01-18,8.4,,49,1.7,11.6,3.8,2.3,3,5.8,4.5,8
22105,2011-01-19,8.8,1023.6,48,1,11.9,3.1,1.9,2.3,4,4.1,8
22105,2011-01-20,6.8,1022.8,57,0,11.5,3,1.8,2.2,3.8,3.9,8
22105,2011-01-21,4.5,1021.6,49,1.7,11.8,2.1,1.2,1.7,2.8,3.8,4.3
22105,2011-01-22,7.9,1023.2,51,2.5,11.5,3.1,1.9,2.4,3.8,3.5,4.3
22105,2011-01-23,6.9,1022.8,50,3.6,11.2,2.8,1.7,2.2,4.1,3.5,4.6
22105,2011-01-24,9.7,1021.9,71,1,11.3,3.5,2.2,3.2,5,3.9,8
22105,2011-01-25,7.7,1025.9,72,1.1,11.2,3.8,2.4,3.3,6.3,4.3,4.9
22105,2011-01-26,8.2,1029.3,58,.6,11.1,4.1,2.5,3.1,5,3.9,4.9
22105,2011-01-27,7.4,1031.9,60,.3,11.3,3.9,2.4,3.1,5.3,4.5,8
22105,2011-01-28,4.6,1029,53,1,11,3.5,2.2,2.5,4,4.5,4.9
22105,2011-01-29,10.5,1023.2,53,-.7,11.1,4,2.4,3.1,4.9,4.1,8
22105,2011-01-30,7.4,1023.5,57,-2.9,10.6,4.2,2.5,3.2,5.4,4.2,4.6
22105,2011-01-31,5.6,1021.4,51,.6,10.7,2.3,1.4,2.1,3.9,3.8,7.1
22105,2011-02-01,4.4,1021.7,48,6,11.3,1.9,1.1,1.6,2.9,3.4,5.8
22105,2011-02-02,3.2,1020.4,43,7.3,10.9,1,.6,.9,1.8,3.4,4.9
22105,2011-02-03,3.6,1019.7,39,8.2,11.2,.9,.5,1,1.8,3.3,4
22105,2011-02-04,3.4,1017.5,44,8.3,11,1,.6,.9,1.6,2.3,3.6
22105,2011-02-05,5.7,1019.7,63,7,11.5,2.1,1.3,1.7,2.9,3,4
22105,2011-02-06,7.8,1014,52,8.5,11.3,1.9,1.1,1.7,3.3,2.5,3.6
22105,2011-02-07,6.8,1016.7,65,6.4,10.7,2.6,1.6,2.4,4.2,3.7,6.4
22105,2011-02-08,8.2,1010.4,71,6.5,10.4,2.1,1.3,1.9,3.6,2.8,3.8
22105,2011-02-09,7.9,1015.4,75,3.6,10,3.6,2.2,2.6,4.5,4,4.6
22105,2011-02-10,5,1020.7,81,2.2,8,4,2.4,2.9,4.7,4.7,8
22105,2011-02-11,9.2,1017.5,86,2.3,8.2,3.8,2.3,3,4.9,3.7,4.6
22105,2011-02-12,10.3,1019.7,79,.5,10.2,5.2,3.4,4.1,6.4,4.8,9.1
22105,2011-02-13,4.2,1024.8,71,.4,10.1,4,2.5,3.2,5.2,4.7,5.3
22105,2011-02-14,7.3,1023.4,76,2.5,10.5,3.9,2.3,2.9,5.3,4.6,9.1
22105,2011-02-15,4.6,1026.9,56,4.1,10.4,2.4,1.5,2.3,3.6,4.1,5.3
22105,2011-02-16,2.1,1022.8,47,7.5,10.5,1.2,.7,.9,1.4,2.9,4.9
22105,2011-02-17,6.4,1016.7,76,6.1,10.3,1.4,.9,1.6,3.1,2.4,4.9
22105,2011-02-18,6.6,1022.4,56,5,10.4,3.5,2.1,2.8,4.2,4.2,8
22105,2011-02-19,5.5,1021.3,54,8.1,10.3,1.7,1.1,1.7,2.8,3.6,4.3
22105,2011-02-20,6.4,1027.1,62,7.5,10.2,2.2,1.4,2.1,3.7,3.4,4.3
22105,2011-02-21,3.5,1028.5,62,6.1,8.8,1.4,.9,1.3,2.1,2.9,3.2
22105,2011-02-22,4.2,1026,69,8.1,10.1,1,.6,.8,1.5,2.6,3.2
22105,2011-02-23,6.4,1020.2,76,9.4,10,1.3,.8,1,1.8,2.4,3
22105,2011-02-24,3.9,1015.5,77,10.7,10.1,1.1,.7,.9,1.6,2.2,2.5
22105,2011-02-25,7.8,1024.3,61,6.2,10,2.6,1.6,2.6,3.8,3.2,4.3
22105,2011-02-26,6.5,1030.5,64,6.3,9.9,2,1.2,1.5,2.6,3.5,4.3
22105,2011-02-27,6.6,1023.3,86,7.2,10.1,2.3,1.4,3.2,6,3.3,5.3
22105,2011-02-28,7.3,1019,82,6.3,10.2,4.9,3,3.6,6,4.4,9.1
22105,2011-03-01,5.2,1012.8,83,5.3,10.1,2.6,1.6,2.2,3.4,3.7,8
22105,2011-03-02,8.8,1016.7,64,2.6,10,3.4,2,2.6,4.9,3.5,4
22105,2011-03-03,4.7,1019.7,53,2,9.7,2.5,1.5,2.2,3.7,3.8,7.1
22105,2011-03-04,5.1,1021.9,52,3.6,9.7,1.9,1.2,1.5,2.5,3.4,4
22105,2011-03-05,3.3,1020,48,7,9.1,1.4,.9,1.3,1.9,4,4.9
22105,2011-03-06,5.3,1015.3,50,7.5,8.7,1.8,1.1,1.6,2.7,2.5,3.2
22105,2011-03-07,6.9,1012.1,70,5.3,9,2.2,1.3,2.1,3.6,2.9,5.8
22105,2011-03-08,6.8,1015.6,44,5.2,9.1,1.8,1.1,1.8,3.1,2.8,3.4
22105,2011-03-09,8.8,1021.1,53,3.6,8.9,2.6,1.6,2.2,3.8,3,3.6
22105,2011-03-10,6.2,1020.3,45,5.3,9.4,1.7,1,1.4,2.2,3,3.8
22105,2011-03-11,7.8,1019.8,48,6.8,9.6,2.3,1.4,2,3.3,2.8,3.6
22105,2011-03-12,5.7,1018.6,62,10.1,9.6,1.3,.8,1.2,2.3,2.8,4
22105,2011-03-13,4.6,1016.9,81,11,10,1.4,.8,1.3,2.1,2.7,5.3
22105,2011-03-14,6.4,1016.5,72,9.9,9.8,2,1.3,2.3,4.1,2.9,4
22105,2011-03-15,6.3,1013.2,70,7,9.9,2.3,1.4,2.5,4.4,3.4,6.4
22105,2011-03-16,9.6,1017.9,55,2.1,9.9,4.4,2.7,3.8,6.4,3.9,4.3
22105,2011-03-17,6.3,1022.9,64,2.6,9.8,2.5,1.5,2,3.6,3.7,7.1
22105,2011-03-18,8.8,1021.5,63,8.8,9.8,2.4,1.5,1.8,2.8,3.4,4.6
22105,2011-03-19,5.4,1015.9,71,10.8,10.1,2.1,1.2,1.7,3,3.6,6.4
22105,2011-03-20,6.1,1013.9,78,8.1,9.9,1.4,.8,1,1.8,2.4,2.9
22105,2011-03-21,5.5,1016,76,8.4,9.9,1.4,.8,1,1.8,2.4,3
22105,2011-03-22,6.5,1019.6,68,5.1,9.8,3.6,2.2,3.4,5.2,3.6,4.6
22105,2011-03-23,5.6,1021.9,50,5.1,9.7,1.9,1.1,1.5,2.5,3.2,7.1
22105,2011-03-24,6.8,1020.6,51,6,9.7,1.9,1.2,1.8,2.8,2.7,3.4
22105,2011-03-25,10.7,1019.8,75,4.4,9.7,3.4,2.1,3,5.2,3.1,3.6
22105,2011-03-26,5,1026.1,50,5.2,9.6,2.2,1.3,2.2,3.4,3.4,3.8
22105,2011-03-27,5.7,1024.7,50,7.9,9.8,1.1,.7,1.2,2,2.8,4.9
22105,2011-03-28,4.8,1023.6,62,9,9.8,1.3,.8,1.4,2.3,2.5,3
22105,2011-03-29,4.3,1022.2,61,7.7,9.9,1,.6,1.1,1.7,2.4,3
22105,2011-03-30,4.7,1018.6,60,10.3,10,1.1,.7,.9,1.7,2.5,5.3
22105,2011-03-31,5.3,1020.2,78,10.5,10.1,.9,.5,.7,1.1,2.7,4.9
22105,2011-04-01,4.1,1017.7,79,11.2,10.2,.8,.5,.7,1.2,2.4,3.4
22105,2011-04-02,7.3,1022.8,58,7.1,9.8,3.3,2,2.9,4.9,3.8,8
22105,2011-04-03,3.8,1023.3,53,7.5,10,1.3,.8,1.3,2,3.2,4
22105,2011-04-04,3,1026.3,53,8.4,10.3,.9,.5,.8,1.4,5.2,12.8
22105,2011-04-05,7.8,1026.3,74,9.5,10,1.6,1,1.1,1.9,3.2,5.8
22105,2011-04-06,7.1,1022.2,86,10.9,9.9,1.6,.9,1.3,2.4,2.5,4.3
22105,2011-04-07,7.5,1017,87,11.8,10,1.6,.9,1.5,2.6,2.3,3
22105,2011-04-08,4.4,1018.3,76,10.6,10.2,1.8,1.1,1.6,2.7,3,3.6
22105,2011-04-09,5.8,1018.4,76,11.5,10.2,1,.6,.9,1.4,2.7,3.4
22105,2011-04-10,5.2,1014.6,73,12.1,10.2,1.1,.6,.9,1.4,2.2,4.3
22105,2011-04-11,6.3,1015.3,77,9.8,10.3,1.7,1,1.8,2.9,2.7,4.9
22105,2011-04-12,5.4,1015,69,11.7,10.4,1.1,.6,1.1,2,2.4,3.4
22105,2011-04-13,4.1,1012.6,68,12.7,10.7,1.3,.8,1,1.7,2.5,2.9
22105,2011-04-14,3.9,1008.6,76,12.9,10.7,1.1,.7,1,1.8,2.4,3.4
22105,2011-04-15,,,,,,,,1,1.6,,3
22105,2011-04-18,9.3,1004.5,81,8.6,10.3,3.4,2.1,3.3,5.6,4,5.8
22105,2011-04-19,12.6,1012.2,77,7.6,10.2,6.8,4.1,5,9.7,4.7,4.9
22105,2011-04-20,5.7,1018.2,80,9.6,10.4,4.4,2.8,3.6,6.2,4.8,5.8
22105,2011-04-21,3.5,1016.6,80,12,10.8,2.1,1.3,1.9,3.4,4.2,4.9
22105,2011-04-22,6.3,1010.8,89,8.8,10.4,2.4,1.5,2,3.4,3.8,7.1
22105,2011-04-23,3.7,1005.8,75,10,10.6,3.1,1.9,2.3,3.9,4.4,8
22105,2011-04-24,6.6,1005.7,65,11.5,10.7,2.5,1.5,2,3.3,3.8,4.9
22105,2011-04-25,6.5,1007.3,66,12.4,10.9,2.1,1.3,1.6,2.7,2.7,3.4
22105,2011-04-26,5.1,1005.3,90,11,10.6,1.6,.9,1.6,2.5,2.8,4
22105,2011-04-27,5.4,1001.4,96,10.1,10.7,1.5,1,2.3,3.6,3,5.3
22105,2011-04-28,3.9,1007.6,86,9.2,10.6,3.6,2.2,2.7,4.5,4.6,7.1
22105,2011-04-29,5.8,1011.4,73,13.1,11,2.8,1.7,2.2,3.6,4.9,10.7
22105,2011-04-30,9.6,1003.2,91,14.5,13.1,3.7,2.3,2.8,5,3.6,5.8
22105,2011-05-01,5.1,1001.6,84,14.3,13.6,2.4,1.4,2.1,3.8,3.4,4.3
22105,2011-05-02,4.7,1011.7,79,14.3,13.1,1.8,1.1,2.2,3.6,4,5.8
22105,2011-05-03,,,,,,,,1.9,2.9,,9.1
22105,2011-05-08,,,,,,,,.7,1.1,,5.3
22105,2011-05-09,9.1,1006.9,94,14.6,12.7,2.2,1.3,2,3.4,4.7,6.4
22105,2011-05-10,3.7,1006.6,92,13.3,12.4,1.7,1.1,1.7,2.3,6,9.1
22105,2011-05-11,4.7,1008.5,93,12,11.9,1.6,1,1.2,2,5.3,7.1
22105,2011-05-12,3.7,1002.8,92,11.8,12.2,1.6,1,1.1,2,6.2,7.1
22105,2011-05-13,6.3,999.5,63,15.3,12.5,1.9,1.2,1.5,2.3,4.8,5.8
22105,2011-05-14,4.7,1006,68,15.8,13.4,2,1.3,1.5,2.4,6.9,10.7
22105,2011-05-15,6.3,1011.1,71,14.8,12.9,2.4,1.5,2.2,3.3,8.5,10.7
22105,2011-05-16,4,1013.3,87,12.1,13,2,1.3,1.8,3.2,6.9,9.1
22105,2011-05-17,3.2,1011.5,89,14,13.6,.9,.6,.9,1.4,6.3,7.1
22105,2011-05-18,6.1,1011.5,84,15.4,13.6,1.4,.9,1.7,3.3,3.9,6.4
22105,2011-05-19,8,1011.2,81,16.2,13.7,2.5,1.6,1.9,3.2,5.7,6.4
22105,2011-05-20,4.4,1010,91,15.7,14.1,1.8,1.1,1.8,2.9,5.3,7.1
22105,2011-05-21,2.8,1011.3,93,13.9,14,.9,.5,.9,1.8,4.5,5.3
22105,2011-05-22,3.1,1015.4,91,13.9,14.3,.6,.4,.5,.8,3.5,4.3
22105,2011-05-23,5.1,1016.1,95,14.1,14.1,.8,.5,.6,1,4,6.4
22105,2011-05-24,6.1,1015.5,81,15.7,14.5,1.2,.7,1,1.5,4.4,5.8
22105,2011-05-25,5.3,1018.1,92,13.1,13.6,1.4,.9,1.2,2.1,4.7,5.3
22105,2011-05-26,2.6,1017.9,96,13.5,13.6,.7,.4,.6,1,4.5,5.3
22105,2011-05-27,4.4,1014.5,97,14,14.5,1.3,.8,1.2,2,5.7,7.1
22105,2011-05-28,3.1,1014.7,95,14.7,14.9,.8,.5,.8,1.3,5.6,6.4
22105,2011-05-29,7.7,1013.5,91,14,14.9,1.8,1.1,1.8,3.1,4.6,6.4
22105,2011-05-30,6.7,1013.8,91,13.1,15,2.8,1.8,2.1,3.5,7.4,8
22105,2011-05-31,5.2,1011.5,91,13.9,14.9,3.4,2,2.5,4.6,8.9,9.1
22105,2011-06-01,4,1010.8,91,15.3,15.7,2.3,1.4,2.1,3.3,7.7,9.1
22105,2011-06-02,3.3,1013.6,88,15.1,15.9,1.5,1,1.2,1.8,6.9,8
22105,2011-06-03,8.1,1009.4,92,16.4,16.1,1.9,1.2,1.5,2.6,5.1,6.4
22105,2011-06-04,3.8,1006.2,83,18.1,17,1,.6,.9,1.5,4.5,5.3
22105,2011-06-05,2.4,1006.8,77,19.7,17.7,.7,.4,.6,1.1,4.7,5.8
22105,2011-06-06,4.4,1005.6,82,18.9,17.5,.6,.4,.9,1.4,3.6,6.4
22105,2011-06-07,2.6,1003,87,18.7,17.5,.7,.4,.9,1.5,3.8,4.6
22105,2011-06-08,,1002.1,88,18.5,17.4,,,1,1.7,,4.9
22105,2011-06-09,3.7,1003.2,86,19.3,18.1,1.1,.7,1.1,1.8,4.7,6.4
22105,2011-06-10,3.3,1003.5,77,,18.1,.7,.4,.5,.9,5,5.8
22105,2011-06-11,3.6,1003.7,83,,17.8,.8,.5,.7,1.1,4,5.3
22105,2011-06-12,4.2,1004.6,87,,18,.7,.4,.7,1.2,3.5,6.4
22105,2011-06-13,3.1,1005,83,,17.6,.8,.5,.6,1.2,3.8,4.3
22105,2011-06-14,3.3,,88,,18.1,.7,.4,.6,1.1,3.7,5.3
22105,2011-06-15,4.3,1010.3,94,19.6,18.4,.9,.5,.8,1.4,3.6,6.4
22105,2011-06-16,2.4,1010.9,93,20,18.9,.9,.6,.7,1.2,4.6,5.8
22105,2011-06-17,2.6,,91,20.2,19.1,.9,.6,.7,1.2,4.6,5.3
22105,2011-06-18,2.2,1008,94,20.1,18.8,.7,.4,.5,.9,4.1,4.9
22105,2011-06-19,2.4,1009.5,90,20.7,19.2,.5,.3,.4,.7,4,8
22105,2011-06-20,3.1,1007.7,94,21.1,19.8,.6,.4,.5,.8,3.8,4.3
22105,2011-06-21,4.5,1006.7,81,23,20,.9,.6,1,1.6,4.2,4.9
22105,2011-06-22,6.4,1003.8,88,22.2,19.2,1.7,1.1,1.7,2.7,5.7,6.4
22105,2011-06-23,7.9,997.7,92,21.6,17.8,2.6,1.6,2.6,4,6.5,8
22105,2011-06-24,3.8,1003.7,99,18.3,16.5,2.9,1.9,2.3,3.5,7.1,9.1
22105,2011-06-25,3.6,1014.2,98,17.7,16.4,1.9,1.2,1.6,2.6,7,9.1
22105,2011-06-26,8.4,1008.5,96,18.8,18,5.1,3.1,4.5,7.6,7.6,9.1
22105,2011-06-27,8.2,1002.9,92,20.2,18.4,3.9,2.4,3.1,5.6,7.3,9.1
22105,2011-06-28,,,,,,,,1.5,2.5,,6.4
22105,2011-06-30,,,,,,,,.8,1.4,,4.9
22105,2011-07-01,4.2,,,,,.8,.5,.9,1.4,4.3,4.9
22105,2011-07-02,4.2,1002.6,97,20.5,20.5,.6,.4,.5,.8,4.5,5.8
22105,2011-07-03,5.4,996.3,97,21.4,20.2,1.2,.8,1.4,2.2,4.9,7.1
22105,2011-07-04,2.1,,95,21.5,20.7,1.7,1.1,1.4,2.7,6.3,7.1
22105,2011-07-05,3.5,1001.6,87,22.4,21.2,.8,.5,.6,1.2,5,6.4
22105,2011-07-06,,,,,,,,1.1,1.8,,4.9
22105,2011-07-07,5.2,1000.2,97,20.3,20,1,.6,1.1,1.9,5.5,7.1
22105,2011-07-08,2.7,,95,20.9,20.3,2.4,1.5,2,3.5,6.5,7.1
22105,2011-07-09,7.4,1007.9,96,20.6,19.6,2,1.2,1.9,3.2,5,5.8
22105,2011-07-10,6.4,1011.2,95,20.1,18.1,1.5,.9,1.5,2.6,4.4,5.3
22105,2011-07-11,1.7,1013.4,94,19.6,18.3,.5,.3,.5,.8,4.2,8
22105,2011-07-12,3,1012.6,97,21,20.1,.4,.2,.4,.6,3.8,7.1
22105,2011-07-13,,,,,,,,1.1,1.7,,4.3
22105,2011-07-14,,,,,,,,.9,1.5,,4.6
22105,2011-07-15,,1009.1,94,22.1,19.6,,,1.3,2,,5.8
22105,2011-07-16,2.4,1008.1,94,21.7,20.9,1.4,.9,1.1,1.8,6.6,8
22105,2011-07-17,2.3,1007.7,96,22.1,21.5,1.2,.8,1,1.6,6.7,7.1
22105,2011-07-18,5.1,1007.3,99,21.5,21.8,1.1,.6,.8,1.4,5.8,7.1
22105,2011-07-19,8.1,1000.2,93,22.7,21.9,2.7,1.7,2.8,4.2,5.7,7.1
22105,2011-07-20,9.4,1002.2,93,20.6,20.7,4.7,2.9,3.3,6,8,9.1
22105,2011-07-21,6.6,1007.8,82,20.6,20.5,4.9,2.9,3.5,6.3,8.9,9.1
22105,2011-07-22,2.9,1008.7,72,19.4,20.9,3.1,1.9,2.7,4.1,8.3,9.1
22105,2011-07-23,2.2,1008.9,81,19.8,21.8,1.6,1,1.3,2.7,6.9,7.1
22105,2011-07-24,1.6,1010.6,86,20.4,21.6,.8,.5,.7,1.2,5.9,6.4
22105,2011-07-25,2.2,1012,91,20.7,21.7,.6,.4,.4,.8,5.2,6.4
22105,2011-07-26,3.7,1011.7,95,21.2,21.7,.8,.5,.9,1.4,5,6.4
22105,2011-07-27,6.7,1009.8,93,21.6,21.3,1.8,1.1,1.4,2.4,5.3,7.1
22105,2011-07-28,6,1008.6,90,21.8,20.8,1.5,1,1.2,1.9,4.7,5.8
22105,2011-07-29,,,,,,,,.8,1.4,,5.3
22105,2011-07-30,2.3,,95,21,21.8,.5,.3,.4,.6,4.3,5.8
22105,2011-07-31,2.3,1006.9,95,22.7,22.6,.7,.4,.6,.9,4.7,5.8
22105,2011-08-01,3.2,1008.7,95,,23.3,1.2,.7,.9,1.7,6.5,7.1
22105,2011-08-02,2.3,1011.4,89,,23.4,1.3,.8,1.1,2,6.5,7.1
22105,2011-08-03,3.5,1010.1,89,,24,.9,.6,.7,1.3,5.9,6.4
22105,2011-08-04,,,,,,,,.6,1.1,,6.4
22105,2011-08-05,,,83,,,,,.5,.8,,5.3
22105,2011-08-06,1.2,,,,,.6,.4,.5,.8,4.5,5.8
22105,2011-08-07,4.2,,96,26.1,25.9,.9,.6,1,1.7,9.6,12.8
22105,2011-08-08,10.4,1005.4,91,25.6,23.8,3.1,1.9,2.6,4.4,5.7,7.1
22105,2011-08-09,6.8,1006.7,92,23.6,21.6,1.9,1.2,1.8,3.3,5.7,7.1
22105,2011-08-10,4.9,,88,23.8,21.1,1.5,.9,1.1,1.9,5.2,5.8
22105,2011-08-11,3.7,1005.6,88,25.2,24.2,.9,.6,.8,1.4,4.6,5.3
22105,2011-08-12,1.3,1005.4,90,25.4,24.7,.7,.5,.6,1,4,4.9
22105,2011-08-13,6.4,1005.4,91,25.4,24.4,1.5,.9,1.7,2.7,4.7,6.4
22105,2011-08-14,6.5,1004.8,94,24.5,22.9,2,1.2,2,3,5.2,5.8
22105,2011-08-15,2.3,,95,24.7,23.7,1.1,.7,1,1.5,4.9,5.3
22105,2011-08-16,4.8,1002.4,90,25.7,24.9,1.2,.8,1.3,2,4.9,7.1
22105,2011-08-17,3.9,1003.1,99,23.1,23.7,2,1.2,1.6,2.7,6,7.1
22105,2011-08-18,4,1006.7,94,22.7,23.6,1.8,1.1,1.5,2.3,6.5,7.1
22105,2011-08-19,2.4,1011.1,90,23.4,25.1,1.3,.8,1,1.8,5.9,6.4
22105,2011-08-20,2.3,1011.3,86,24,25.2,.8,.5,.7,1.1,5,5.8
22105,2011-08-21,3.3,1011.3,85,23.8,25,.7,.5,.6,1,4,5.8
22105,2011-08-22,1.6,,85,23.9,24.6,.8,.5,.7,1.1,4.7,5.8
22105,2011-08-23,3.8,1011.3,83,23.8,24.5,1.1,.7,.8,1.3,5.4,5.8
22105,2011-08-24,5,1012.8,83,23.9,24.2,1.5,.9,1.2,2.2,5,5.8
22105,2011-08-25,4.2,1015.4,85,23.8,24.1,1.5,.9,1.2,1.9,5.7,6.4
22105,2011-08-26,3.4,1017.4,91,24,24.4,1,.6,.7,1.5,4.9,5.8
22105,2011-08-27,3,,88,24,24.6,1,.6,.7,1.3,5.1,5.8
22105,2011-08-28,3.6,1015,88,24.1,24.6,1,.6,.7,1.2,5,5.8
22105,2011-08-29,4.6,1013.1,90,24.3,24.9,1.1,.7,.8,1.4,4.8,5.3
22105,2011-08-30,2.8,1010.4,87,24.3,25.1,.8,.5,.6,1,4.6,5.3
22105,2011-08-31,3,1007.4,85,24.5,25.5,.6,.4,.4,.7,4.3,4.6
22105,2011-09-01,2.9,1005.2,89,24.8,25.9,.6,.3,.4,.8,4.1,4.6
22105,2011-09-02,7,1004.6,89,24.5,25.1,2,1.3,2.3,3.5,5,6.4
22105,2011-09-03,11.6,1005.9,87,23.8,24.2,5.2,3.2,4.1,7.8,7.6,9.1
22105,2011-09-04,11.1,1006,93,22.5,23.7,5.8,3.7,4.5,6.3,8.9,9.1
22105,2011-09-05,6.6,1005.7,77,21.9,22.7,5.3,3.4,4.2,7.3,9.5,10.7
22105,2011-09-06,3,1004.3,76,22.4,23.3,2.8,1.8,2.6,4.3,8.5,10.7
22105,2011-09-07,3.4,1005.9,74,23.2,23.5,1.3,.9,1.3,2.1,6.1,8
22105,2011-09-08,4.6,,78,23.5,23.4,1,.7,.8,1.4,4.3,8
22105,2011-09-09,4.6,1016,70,23,23.6,.9,.6,.8,1.2,4,4.9
22105,2011-09-10,4.1,,85,20.6,23.8,1,.7,1.4,2.3,5.3,6.4
22105,2011-09-11,5.5,1018.4,93,21.8,23.9,2.8,1.7,2.4,4.2,6.1,7.1
22105,2011-09-12,3.2,1016.1,93,22,23.8,1.8,1.1,1.6,2.6,6.2,7.1
22105,2011-09-13,2.2,1014.5,91,22.9,23.8,.7,.5,.7,1,5.1,6.4
22105,2011-09-14,3.6,1012.8,98,24,24.2,.7,.4,.6,.9,3.6,5.3
22105,2011-09-15,3.7,1011.5,94,24.4,24.3,.7,.4,.7,1.2,3.4,4.9
22105,2011-09-16,2.9,1008.6,94,24.9,24.7,.6,.4,.7,.9,3.6,5.3
22105,2011-09-17,6.6,1009.2,91,23,24.1,2.1,1.3,2.3,4.4,5.5,8
22105,2011-09-18,10.1,1013.7,86,20.1,23.7,5.2,3.2,4.1,6.9,8.5,9.1
22105,2011-09-19,8.6,1018.7,68,18.2,22.7,4.5,2.9,3.9,6.2,8.5,9.1
22105,2011-09-20,8.7,1014.7,68,18.3,22.2,3.2,2.1,2.4,4,7.2,8
22105,2011-09-21,9.9,1009.3,62,19.3,22.3,4.7,3,3.8,6.5,8,10.7
22105,2011-09-22,5.8,1010.7,57,19.7,22.1,4.5,2.9,3.9,5.8,9.2,10.7
22105,2011-09-23,3.9,1015.7,62,19.6,21.7,2.9,1.8,2.6,4.3,8.9,9.1
22105,2011-09-24,6.3,1019.7,68,20.2,21.5,1.9,1.1,1.4,2.3,6.7,9.1
22105,2011-09-25,6.1,1021.6,77,21,21.7,1.2,.8,1.2,2.1,3.6,5.8
22105,2011-09-26,3.5,1020.9,69,20.8,21.7,.7,.4,.7,1.2,3.8,5.3
22105,2011-09-27,2.9,,73,20.6,21.9,.7,.4,.7,1,4.2,5.3
22105,2011-09-28,2.6,1019.1,73,20.7,21.7,1,.7,.8,1.3,5.1,5.8
22105,2011-09-29,4.8,1012.4,87,19,21.8,1,.6,.7,1.2,4.9,6.4
22105,2011-09-30,,,,,,,,.6,1.1,,5.8
22105,2011-10-01,,,,,,,,2.7,4.5,,9.1
22105,2011-10-02,7.5,1021.4,52,16.8,21.6,2.6,1.7,2.2,3.4,7.1,10.7
22105,2011-10-03,3.6,1023.7,48,17.1,21.7,2,1.3,1.9,3.1,6.5,8
22105,2011-10-04,5.5,1021.7,56,18.6,21.6,1.2,.7,1,1.5,4.7,8
22105,2011-10-05,2.4,1015.2,57,19.3,21.6,.9,.6,.9,1.6,4.8,7.1
22105,2011-10-06,8.2,1011,56,19.6,21.4,2.2,1.3,2.8,4.5,4.8,8
22105,2011-10-07,,,,,,,,2.2,3.6,,8
22105,2011-10-09,,,,,,,,1.1,2,,4.6
22105,2011-10-10,3.7,1019.5,58,21.1,21.8,.9,.6,.7,1.2,4.2,5.8
22105,2011-10-11,2.9,,71,20.1,21.6,1.1,.7,1,1.8,5.1,5.8
22105,2011-10-12,4.3,1016.7,66,19.5,21.2,1.2,.7,1.1,1.9,4.7,5.8
22105,2011-10-13,2.6,1014.9,68,19.8,21.3,.7,.5,.6,1,3.7,4.6
22105,2011-10-14,5.5,1011.5,83,19.1,20.9,.9,.6,1.1,1.7,3.7,5.3
22105,2011-10-15,5.6,1007,69,18.9,21.2,1.2,.7,1.8,3.1,4.5,8
22105,2011-10-16,8.9,1007.2,57,18.2,20.6,2.5,1.5,1.9,3.4,5,6.4
22105,2011-10-17,7,1016.1,49,15.9,20,2.7,1.7,2.4,3.8,6.6,7.1
22105,2011-10-18,4.6,1024.6,53,13.9,19.9,2,1.2,1.8,3.1,6.3,8
22105,2011-10-19,2.5,1027.4,61,16.3,19.8,1.1,.7,.8,1.3,5.4,6.4
22105,2011-10-20,3.9,1026,60,17.6,19.4,1.2,.8,.9,1.5,5.5,6.4
22105,2011-10-21,7.1,1021,78,17.6,19.8,1.5,1,1.3,2.4,4.5,6.4
22105,2011-10-22,10.4,1013.8,89,16.3,19.4,3.2,2,2.6,4.3,6.3,8
22105,2011-10-23,5,1017.2,75,17.2,20.5,2.5,1.6,2.3,3.6,6.9,7.1
22105,2011-10-24,5.1,,68,19.1,21,1.6,1,1.5,2.8,6.2,8
22105,2011-10-25,10.3,1019.7,59,12.3,19.2,5.5,3.4,4.4,8.3,8.7,10.7
22105,2011-10-26,3.4,,52,14,19.5,2.1,1.3,2.2,3.3,7.6,9.1
22105,2011-10-27,6.6,1026.2,63,16.6,19.6,1.6,1,1.3,2,6.6,10.7
22105,2011-10-28,3.4,1024,60,18,20.9,1.4,.9,1.1,1.7,5.8,9.1
22105,2011-10-29,7.6,1021.8,79,16.8,20.5,1.9,1.2,1.9,3.5,5.8,9.1
22105,2011-10-30,7.7,,76,16.3,19.3,2.2,1.3,1.6,2.9,5.5,6.4
22105,2011-10-31,3.5,1026.1,65,17.1,19.3,1.5,1,1.2,1.9,6.1,6.4
22105,2011-11-01,6.5,1026.3,71,18.5,19.2,1.5,.9,1.3,2.2,4.9,5.8
22105,2011-11-02,3.8,1023.8,80,19.3,19.5,1.2,.7,1.2,2,5.1,5.8
22105,2011-11-03,3.8,1027,75,18.4,20.6,1,.6,.7,1.2,4.1,6.4
22105,2011-11-04,4.7,1025.9,85,19.3,20.7,1,.6,.8,1.4,4.4,5.8
22105,2011-11-05,6.3,1019.6,90,19.4,20.9,1.4,.9,1.7,3.3,4.2,5.8
22105,2011-11-06,8.1,1020.9,84,16,19.6,3.8,2.3,2.8,4.5,7.7,9.1
22105,2011-11-07,5.6,1020.5,76,15.5,19.7,2.7,1.6,2.2,4,7.8,8
22105,2011-11-08,6.9,1021.8,63,14.3,19.4,2.4,1.5,1.9,3.1,6.7,8
22105,2011-11-09,6.4,1022.7,60,13.8,19.3,2.1,1.3,1.5,3,6.1,7.1
22105,2011-11-10,4.1,1020.6,58,14.3,19.4,1.3,.8,1.1,1.8,5.4,6.4
22105,2011-11-11,1.5,1015.7,59,15.7,20,.8,.5,.6,1.1,4.8,6.4
22105,2011-11-12,5.1,1015.8,56,16.5,20.1,1.2,.7,1.3,2.2,4.4,5.8
22105,2011-11-13,6.4,1016.4,51,16,19.1,1.8,1.1,1.6,3.2,5.6,6.4
22105,2011-11-14,8.9,1021.1,54,13.2,18.9,3.3,2,3.1,4.5,6.9,9.1
22105,2011-11-15,7.9,1027.7,47,12,18.5,3.5,2.1,2.8,5.9,7.1,8
22105,2011-11-16,4.3,1028.6,47,15.2,18.9,1.7,1.1,1.8,2.8,6.8,8
22105,2011-11-17,,,,,,,,2.2,4,,7.1
22105,2011-11-18,9.4,1014.2,87,17.8,19,2.9,1.8,2.5,3.8,5.7,6.4
22105,2011-11-19,7.6,,83,17.5,19.2,2.8,1.7,2.6,3.8,7,9.1
22105,2011-11-20,11.3,1017.9,51,8.2,18.7,5.7,3.6,4.5,7.8,8.8,10.7
22105,2011-11-21,8,1027.5,48,7,18.4,3.8,2.4,3.2,4.9,7.3,8
22105,2011-11-22,,,,,,,,1.8,3.6,,7.1
22105,2011-11-23,11,1013.7,64,10.7,19.3,3,1.8,3,5,5.4,8
22105,2011-11-24,10.7,1022.2,52,6,18.1,6.1,3.7,4.8,8.8,8.8,10.7
22105,2011-11-25,6.2,1027.5,49,7.7,18,3.4,2.1,3,5.2,7.4,9.1
22105,2011-11-26,5.9,1025.8,58,11.9,17.7,1.7,1.1,1.3,2.3,7,10.7
22105,2011-11-27,,,,,,,,1.2,2.2,,4.9
22105,2011-11-28,5.1,1021,80,17.6,17.8,1.2,.8,1.1,1.9,3.9,5.8
22105,2011-11-29,9.5,1023,89,13.2,17.8,3.7,2.3,3.8,6.5,6.7,9.1
22105,2011-11-30,12.3,1025.4,85,7.5,17.5,6.1,3.8,4.8,9.2,8.8,9.1
22105,2011-12-01,8.9,1027.6,66,5.4,17.6,4.4,2.7,3.8,6.4,8.1,9.1
22105,2011-12-02,9.7,1021.7,74,8.1,17.5,3.2,2,2.6,4.5,6.8,8
22105,2011-12-03,10.9,1013.6,74,10.5,17.5,4.4,2.7,3.6,7.8,7.1,9.1
22105,2011-12-04,6.7,1021.6,55,9.3,16.8,3.3,2,2.9,4.4,8.2,9.1
22105,2011-12-05,5.1,1028.5,61,8.7,16.5,3.5,2.1,2.6,4.1,8,9.1
22105,2011-12-06,5.4,,68,10,16.4,2.5,1.6,1.9,3.6,6.7,9.1
22105,2011-12-14,,,,,,,,1.2,2.1,,6.4
22105,2012-02-06,,,,,,,,.5,.9,,4.9
22105,2012-02-07,9.3,1011.7,53,2.1,10.7,3.6,2.3,3.9,5.8,6.8,10.7
22105,2012-02-08,10.5,1017.7,56,-2.8,10.5,4.8,3,3.7,6.8,7.8,9.1
22105,2012-02-09,7.8,1022.7,49,-.3,10.6,3.5,2.2,3.1,5.1,7.2,8
22105,2012-02-10,6.8,1023.6,44,1.8,10.6,2.3,1.5,1.9,3.3,6.1,7.1
22105,2012-02-11,6.6,1025.7,45,2,10.4,2.3,1.4,1.7,2.6,6.3,8
22105,2012-02-12,5.4,1029,51,3.1,10.4,2.2,1.3,1.9,3,6.6,7.1
22105,2012-02-13,2.5,1023.3,46,7.2,10.5,1.2,.7,1.2,1.9,6.2,8
22105,2012-02-14,3.7,1018.1,60,7.9,10.4,.7,.4,.5,.8,6.4,9.1
22105,2012-02-15,8,1020.1,73,3.6,10.3,3.6,2.2,3.7,5.7,7.2,9.1
22105,2012-02-16,9.9,1018.6,50,3,10.2,3.5,2.1,2.6,4.5,6.5,7.1
22105,2012-02-17,9.2,1019.1,54,-.5,10.1,3.8,2.3,2.8,5.1,7.5,10.7
22105,2012-02-18,6.6,1022.7,56,-.9,10,3.4,2.1,2.7,4.1,7.3,8
22105,2012-02-19,4.5,1024.5,53,-.1,10,2.4,1.4,1.9,3.4,8.1,9.1
22105,2012-02-20,4.3,1024.3,42,4.1,10.1,1.4,.9,1.2,2,6.2,7.1
22105,2012-02-21,3.7,1023.9,55,5.8,10.1,2,1.2,1.9,3.4,6,8
22105,2012-02-22,5.9,1018.5,71,7.8,10,1.8,1.1,1.6,2.7,5.7,8
22105,2012-02-23,7.1,1012.7,73,6.8,10.1,2.8,1.7,3.6,6.2,6.5,10.7
22105,2012-02-24,5.8,1020.3,65,4.4,10,4.2,2.7,3.6,5.6,8.9,9.1
22105,2012-02-25,7.8,,75,4.1,9.9,3.8,2.4,3.9,5.5,8.2,10.7
22105,2012-02-26,6.2,1021.9,73,1,9.9,3.2,2,2.3,4.2,7.3,9.1
22105,2012-02-27,4.1,1025.9,73,.9,9.9,2.3,1.4,2,3.1,7,8
22105,2012-02-28,5.1,1025.2,58,5.3,9.8,2,1.2,1.4,2.5,8.3,9.1
22105,2012-02-29,4.9,,64,7.6,10,1.3,.8,1,1.7,7,8
22105,2012-03-01,5,1019.2,75,9,10.3,1,.6,.8,1.4,4.7,5.3
22105,2012-03-02,6.6,1019.5,81,7,10,2.7,1.7,3.3,5.7,5.8,8
22105,2012-03-03,8.6,1027.7,76,4.6,10.6,3.1,1.9,2.8,4.3,6.7,8
22105,2012-03-04,7.8,1026.2,69,5.5,10.4,2.6,1.5,1.9,3.2,6,7.1
22105,2012-03-05,8.7,1016.4,79,6.3,11.1,3.1,1.9,2.3,3.8,6.7,8
22105,2012-03-06,7.6,1008.6,72,7.3,11.2,3.1,1.9,2.4,4.2,7.3,8
22105,2012-03-07,4.9,1016.7,63,6.8,10.4,2.6,1.6,1.8,3.1,7.2,9.1
22105,2012-03-08,5.3,1019.9,62,6.1,10.9,2.8,1.7,1.9,3.4,9.1,10.7
22105,2012-03-09,7.7,1021.2,69,5.5,10,3.4,2.1,2.6,4.8,7.1,10.7
22105,2012-03-10,5.2,1018.9,66,5.3,10,2.6,1.6,2.1,3.9,6.6,7.1
22105,2012-03-11,12.9,1016.1,53,3.1,9.9,5.4,3.4,6,9.1,7.4,9.1
22105,2012-03-12,7.4,1024,59,1.3,9.8,5.1,3.3,4.1,7.1,9.9,10.7
22105,2012-03-13,4.3,1024.7,47,3.3,9.7,2.7,1.6,2.4,4.2,9,10.7
22105,2012-03-14,6.6,1022,51,7.6,9.8,1.8,1.1,1.6,2.8,6.8,8
22105,2012-03-15,5.2,1027.7,61,6.4,10.2,2.4,1.5,2,3.3,6.5,8
22105,2012-03-16,8.3,1020,77,8.7,11.5,2.2,1.4,1.6,2.8,5.1,7.1
22105,2012-03-17,4.3,,92,9.2,11,2,1.2,1.6,3.1,5.6,6.4
22105,2012-03-18,6.7,1014.1,85,5.6,10.5,3.3,2,3.8,6,6.9,10.7
22105,2012-03-19,4.4,1019.3,63,4.3,9.8,2.6,1.7,3.2,5.2,7.9,9.1
22105,2012-03-20,4.3,1017.6,50,5.3,10.4,2.2,1.4,2.2,3.5,6.1,8
22105,2012-03-21,5.3,1019.5,58,7.6,9.7,1.7,1.1,1.5,2.5,5.2,7.1
22105,2012-03-22,4.7,1018.8,57,9.7,10.2,1.8,1.2,1.6,2.6,5.5,6.4
22105,2012-03-23,6.9,,82,7.2,10.7,3.1,2,4.1,5.6,5.9,8
22105,2012-03-24,7.3,1005.6,68,5.6,9.5,3.8,2.3,3.3,6.1,7.3,8
22105,2012-03-25,8.7,1013.6,56,5.1,10.6,4.7,2.9,3.6,6.1,7.8,8
22105,2012-03-26,6.3,1020,54,5.8,10.6,2.7,1.7,2.4,4,6.4,7.1
22105,2012-03-27,5.3,1019,57,10.7,10.3,1.7,1.1,1.3,2.1,5,5.8
22105,2012-03-28,4.6,1024.1,71,9.6,10.7,1.6,1,1.5,2.5,5,5.8
22105,2012-03-29,7.4,1019.9,75,11.7,11.5,2.4,1.5,2.3,3.6,5,5.8
22105,2012-03-30,5.9,1011.1,82,13,11.8,2.3,1.4,1.8,3.2,6,7.1
22105,2012-03-31,5.4,1012.4,69,6.4,12.2,2.7,1.7,2.4,4,6.1,8
22105,2012-04-01,6.2,1020.8,47,5.8,12.2,2.8,1.8,2.9,4.4,6.5,8
22105,2012-04-02,5.6,1016.7,75,10.6,12.4,2.4,1.5,2.2,3.9,5.9,8
22105,2012-04-03,10.1,999.1,86,5.6,11.9,6.2,3.7,6.8,12.1,8.1,10.7
22105,2012-04-04,7.4,1007.4,60,9.4,12.3,5.8,3.6,5.7,9.4,11.2,12.8
22105,2012-04-05,5.3,1008.5,53,9.2,12.6,3.3,2.1,2.7,4.3,10.6,12.8
22105,2012-04-06,5.3,1013.7,60,5.9,12.2,2.7,1.6,2.2,4.5,7.1,10.7
22105,2012-04-07,4.1,1020.7,71,4.7,12.1,1.7,1.1,1.3,2.2,6.8,10.7
22105,2012-04-08,5.1,1014.9,58,14.2,12,1.9,1.2,1.5,2.5,5.1,8
22105,2012-04-09,3.6,1017.9,80,14.1,12.8,1.8,1.1,1.6,2.7,5.9,7.1
22105,2012-04-10,5.2,1014.4,88,13.9,13.2,1.6,1,2.1,3.4,5,6.4
22105,2012-04-11,4.4,1003.8,83,10.7,12.9,2.6,1.6,2.8,4.9,6.2,7.1
22105,2012-04-12,3.3,1006.9,69,12.4,13.4,1.7,1.1,1.6,2.4,5.9,7.1
22105,2012-04-13,4.7,1012.8,65,11.8,13.4,1.6,1,1.3,2,5,5.8
22105,2012-04-14,3.9,1012.4,85,12.3,13.6,1.2,.8,1,1.7,4.7,6.4
22105,2012-04-15,4.7,1011.1,90,13.2,13.7,1.6,1,1.1,1.8,4.4,4.9
22105,2012-04-16,3.2,1012.2,87,10.8,13.7,1.5,.9,1.2,2.2,4.8,6.4
22105,2012-04-17,4,1017.1,71,11,14,1.2,.8,1,1.6,4.6,5.8
22105,2012-04-18,4.7,1019.4,79,11.7,13.9,1.9,1.1,1.3,2.1,5,5.3
22105,2012-04-19,2.6,1022.9,80,12,13.9,2,1.2,1.5,2.5,5.7,6.4
22105,2012-04-20,2.3,1025.4,79,11.2,14.3,1.7,1.1,1.3,2.2,5.8,6.4
22105,2012-04-21,4.9,,92,11.6,13.8,2.2,1.4,2.6,3.8,5.5,6.4
22105,2012-04-22,4.8,1003.8,92,13.8,13.6,4.5,2.8,3.9,6.6,7.5,9.1
22105,2012-04-23,2.7,,84,14.8,14.1,2.3,1.4,2.4,3.5,7.2,8
22105,2012-04-24,2.7,1012.1,85,16.7,15.6,1,.7,1,1.6,6,7.1
22105,2012-04-25,6.8,1004.3,92,14.5,15,1.4,.9,1.1,2,4.1,7.1
22105,2012-04-26,5.6,1001.6,74,14.6,14.7,2.4,1.5,2.2,3.8,6.1,8
22105,2012-04-27,7.5,1011.2,69,14.7,15,2.1,1.2,1.8,3.2,5.6,8
22105,2012-04-28,5.5,1012.6,79,15.7,15.1,1.8,1.1,1.6,2.4,5.1,6.4
22105,2012-04-29,3.2,1015.1,89,15.2,15.2,.9,.6,1,1.7,4.8,6.4
22105,2012-04-30,4.3,1014.2,89,16,15.6,.9,.6,1,1.7,3.7,6.4
22105,2012-05-01,3.4,1011.1,91,16.2,16.2,.8,.5,.8,1.2,4.8,5.8
22105,2012-05-02,4.9,1007.8,96,14.8,15.1,1.5,.9,1.3,2.5,4.6,6.4
22105,2012-05-03,9.3,1004.6,95,12.7,14.7,3.1,1.9,3.3,5.4,6,8
22105,2012-05-04,7.1,1005.7,95,12.8,14.1,3.6,2.3,2.9,4.9,7.7,9.1
22105,2012-05-05,4.9,,84,15.2,15.1,2.6,1.7,2.2,3.8,8,9.1
22105,2012-05-06,5.2,1004.7,73,15.4,15.4,1.9,1.2,1.7,2.8,8,9.1
22105,2012-05-07,3,1005.7,77,16.7,16.1,1.1,.7,1.1,1.6,7.3,8
22105,2012-05-08,4.4,1008,92,14.9,15.6,1.1,.7,1.2,2,4.8,7.1
22105,2012-05-09,4.4,1013.7,90,13.7,15.5,.9,.5,1,1.6,4.3,5.8
22105,2012-05-10,6.1,,81,12.5,15.6,1.6,1,1.3,2.1,4.8,5.8
22105,2012-05-11,4.3,1019.7,76,11.4,15.6,2.6,1.6,2.2,3.9,6.7,8
22105,2012-05-12,5.6,1016.3,76,12.8,16,4,2.4,2.8,5.4,8.9,10.7
22105,2012-05-13,8.1,1012.3,85,15.2,15.8,2.8,1.7,2.4,3.9,8.1,9.1
22105,2012-05-14,5,1010.6,96,15.4,15.6,1.6,1,1.4,2.3,7.2,8
22105,2012-05-15,4.1,1004.1,94,15.6,16.1,1.3,.8,1.1,1.9,4.9,6.4
22105,2012-05-16,4.9,1003.2,78,17.1,16.4,.9,.6,1,1.4,4.3,5.3
22105,2012-05-17,5.3,1002.8,81,15,15.5,1.2,.7,1.2,2,4.1,5.8
22105,2012-05-18,5,1012.4,74,16.6,16.5,.9,.6,.9,1.6,3.7,4.6
22105,2012-05-19,6.1,1014.8,84,17.4,17.2,1.2,.8,1.1,2,3.9,4.6
22105,2012-05-20,5,,91,17,16.3,1.1,.7,1.2,1.7,4,4.6
22105,2012-05-21,2.6,1019.3,91,16.6,17.2,.8,.5,.6,1.1,4.3,4.6
22105,2012-05-22,2.9,1015.9,92,16.9,17.3,.7,.4,.6,.8,4.4,4.9
22105,2012-05-23,2.9,1011,89,17.8,17.3,.6,.4,.5,.8,4.8,5.3
22105,2012-05-24,2.4,1010.1,89,17.7,17.8,.7,.4,.5,1,5.1,6.4
22105,2012-05-25,2.8,1008.4,85,18.6,17.9,.6,.4,.5,.7,5.1,6.4
22105,2012-05-26,3.7,1009,75,18.9,18.1,.8,.5,.8,1.3,4.1,5.8
22105,2012-05-27,3.4,1010.4,82,18.8,17.9,.7,.5,.9,1.6,3.5,4
22105,2012-05-28,5.1,1018.7,80,16.1,18,2.1,1.3,1.8,3,6.5,9.1
22105,2012-05-29,5.9,1019.9,86,16.9,18,2.1,1.3,1.7,2.6,7.8,8
22105,2012-05-30,4.9,1020.9,84,16.9,17.5,1.6,1,1.2,2.4,6,7.1
22105,2012-05-31,3.4,1019,79,17,18.4,1.1,.7,.9,1.4,4.9,5.8
22105,2012-06-01,3.9,1017.3,80,17.8,18.8,.8,.5,.7,1,4.4,4.9
22105,2012-06-02,2.9,1016.6,80,17.8,19.1,.7,.5,.6,.9,4.5,5.3
22105,2012-06-03,3,1014.1,80,18.2,19.6,.9,.6,.7,1.1,4.8,5.8
22105,2012-06-04,8.2,1010.8,91,19.2,19.3,1.7,1.1,1.3,2.4,4,4.9
22105,2012-06-05,5.5,1005.8,90,20.5,19.9,1.3,.9,1.3,1.9,4.4,4.9
22105,2012-06-06,4.1,1003.4,82,20.2,20,.8,.5,1.1,1.7,4.4,5.3
22105,2012-06-07,6.3,,93,20.3,20.1,1.1,.7,1.2,1.7,3.6,4.6
22105,2012-06-08,4.9,1002.7,90,20,20.2,1.2,.8,1.2,2.2,4.8,7.1
22105,2012-06-09,4.8,1002.7,92,19.2,20.2,1.1,.7,1.2,2,5.2,7.1
22105,2012-06-10,3.3,1003.7,89,19.6,20.6,1,.7,.9,1.5,5.3,6.4
22105,2012-06-11,7.1,1002.1,86,19.6,20.2,1.3,.8,1.1,1.9,4.2,5.8
22105,2012-06-12,4.5,1003,89,19.4,20.4,1.9,1.2,1.7,2.6,6.2,8
22105,2012-06-13,6.6,1009.8,84,18.3,20.5,3.4,2.1,2.3,4.4,8.3,9.1
22105,2012-06-14,5.5,1015.3,86,18.3,20.2,2.4,1.5,2,3.2,7.8,9.1
22105,2012-06-15,3,1012.5,93,19.6,19.9,1.3,.9,1,1.6,6.6,7.1
22105,2012-06-16,3.7,1007.3,95,20,20.4,1.5,.9,1.1,1.9,5.5,6.4
22105,2012-06-17,4.1,1009.5,92,21,21,1.2,.7,1.1,1.7,6.4,7.1
22105,2012-06-18,4.4,1007.5,93,21.4,21.2,1.1,.7,1.8,2.8,4.1,5.8
22105,2012-06-19,6.6,1002,93,20.3,20.7,1.7,1.1,1.6,2.8,4.7,5.8
22105,2012-06-20,5.4,1005.9,88,19.8,20.8,2.7,1.6,1.9,3.3,7.3,8
22105,2012-06-21,5.7,1008.6,89,20.2,21,2.2,1.5,1.9,3.1,8,9.1
22105,2012-06-22,4.8,1010.4,85,20.3,21.2,1.9,1.2,1.4,2.3,7.9,9.1
22105,2012-06-23,7.1,1009.1,90,21,21.4,1.8,1.1,1.3,2.2,7.4,8
22105,2012-06-24,,1009.1,86,20.9,21.7,1.5,.9,1.2,2.1,5.2,7.1
22105,2012-06-25,,1012.5,81,20.4,21.6,2.2,1.4,1.5,2.5,6.2,6.4
22105,2012-06-26,,1015.6,82,19.1,21.4,2,1.3,1.6,3.2,5.7,6.4
22105,2012-06-27,,1015.9,77,19.4,20.7,1.4,.9,1.1,1.8,5.5,6.4
22105,2012-06-28,,1014.6,86,19.7,20.9,1.1,.7,.8,1.3,4.8,5.8
22105,2012-06-29,,1010.8,89,20.9,21.3,1,.6,1,1.5,4,4.9
22105,2012-06-30,9.7,1002.2,97,21.6,21,2.8,1.7,2.3,4.2,5.4,7.1
22105,2012-07-01,3.7,,92,20.9,21.4,1.6,1,1.3,2,6.1,7.1
22105,2012-07-02,2.7,1001.6,89,22.6,22.1,1.2,.8,1,1.8,6.5,7.1
22105,2012-07-03,2,999.4,95,22.1,22.2,1,.6,.8,1.4,6.6,8
22105,2012-07-04,2.6,1002.2,94,23.3,23.1,1.1,.7,1,1.6,5.9,7.1
22105,2012-07-05,3.9,1005.1,87,23.7,22.7,1.3,.8,1.2,1.9,5,6.4
22105,2012-07-06,6.2,1000.4,97,21.5,22.1,1.5,.9,1.3,2.2,4.8,6.4
22105,2012-07-07,6.4,1004.9,87,20.6,21.7,1.8,1.2,1.3,2.2,5.6,6.4
22105,2012-07-08,3,1006.4,82,21.3,22.4,1.4,.9,1,1.9,6.2,7.1
22105,2012-07-09,7,1006.7,91,21.7,22.3,1.4,.8,1,1.7,4.3,7.1
22105,2012-07-10,6.2,1006.4,92,22.1,22.2,1,.6,.9,1.5,3.2,4
22105,2012-07-11,8.9,997.4,95,22.8,22,2.5,1.6,2.5,4.5,5.6,7.1
22105,2012-07-12,3.8,999.3,96,21.7,22.1,1.9,1.2,1.8,2.8,6.8,9.1
22105,2012-07-13,3.5,1001.5,99,22,22,3.1,2,2.5,4,9.7,10.7
22105,2012-07-14,5.2,1003.4,99,21.5,23,3.9,2.5,2.9,4.5,10.4,10.7
22105,2012-07-15,6,1003.2,100,21.4,22.6,2.7,1.7,2.3,3.6,8,10.7
22105,2012-07-16,5.1,1009.8,92,20.7,22.4,2,1.2,1.8,2.7,6.5,8
22105,2012-07-17,1.4,1014.7,93,21.5,22.6,.8,.5,.6,1.1,5.1,6.4
22105,2012-07-18,3.1,,99,22.3,22.5,.8,.5,.6,1.1,4.2,5.8
22105,2012-07-19,9.1,1006,96,23.3,21.9,2.4,1.5,2.8,4.1,5.4,7.1
22105,2012-07-20,2.8,1007.8,87,24.3,22.4,1.7,1.1,1.8,2.8,6.3,8
22105,2012-07-21,3.7,1012,91,21.7,23.3,2.6,1.6,2.2,3.6,7.8,9.1
22105,2012-07-22,3,1011.6,94,22.3,23.2,1.9,1.2,1.7,2.8,7,8
22105,2012-07-23,6.1,1009.1,96,24.3,23.6,1.3,.8,1,1.7,5.7,7.1
22105,2012-07-24,3.5,1012,92,25.3,24.5,.7,.4,.7,1.1,4.9,5.8
22105,2012-07-25,2.5,1012.2,90,26,25.3,.4,.2,.3,.5,4.8,9.1
22105,2012-07-26,2.9,1008.8,91,26.6,26.1,.4,.2,.4,.7,4,9.1
22105,2012-07-27,3.6,1007.5,89,26.5,25.8,.7,.4,.8,1.4,3.8,4.6
22105,2012-07-28,2.5,1008.7,83,26.9,26,.4,.3,.4,.6,4.2,4.9
22105,2012-07-29,4.3,1005.6,94,26.6,26.6,.5,.3,.6,1.2,3.4,9.1
22105,2012-07-30,5.2,1004.8,90,26.8,25.9,1,.7,1.2,1.8,3.7,4.9
22105,2012-07-31,2.2,1007.2,92,26.6,26.3,.7,.5,.9,1.6,4.9,8
22105,2012-08-01,2.3,1009.8,96,26.4,26.3,.5,.3,.7,1,4.9,9.1
22105,2012-08-02,1.8,1011.8,96,26.6,26,1.4,.9,1.1,1.8,5.2,8
22105,2012-08-03,3.9,1013.4,99,25.5,25.5,1.5,.9,1.2,1.8,5.9,8
22105,2012-08-04,2.4,1012.3,99,25.8,25.9,1.1,.7,.8,1.3,5.2,6.4
22105,2012-08-05,2,1008.8,94,26.8,27.6,.9,.5,.8,1.4,5.3,6.4
22105,2012-08-06,4.1,1008.1,90,26.9,28,.9,.5,.6,1.3,4.4,5.3
22105,2012-08-07,4.4,1010.2,79,26.5,27.8,1.1,.7,.8,1.5,4.7,5.3
22105,2012-08-08,3.6,1008.7,76,26.3,27.7,1.4,.9,1.1,1.9,5.7,7.1
22105,2012-08-09,6.1,1006.4,79,26.2,27.4,1.4,.8,1,1.7,5.5,7.1
22105,2012-08-10,6.4,1006.6,83,26.3,27,1.1,.7,.8,1.5,3.1,3.8
22105,2012-08-11,6.8,1007.1,88,26.3,26.9,1.1,.7,.8,1.3,3.1,3.8
22105,2012-08-12,4.1,1004.6,89,26.5,27.2,.7,.5,.7,1.1,3.4,4
22105,2012-08-13,5.3,1003.4,87,24.6,27,1.4,.9,1.8,2.8,4.5,6.4
22105,2012-08-14,5.2,1010.5,77,25.6,27,1.7,1,1.3,2.2,5.4,6.4
22105,2012-08-15,9.3,1005,91,26.9,26.7,2.8,1.7,2.3,3.9,5.4,7.1
22105,2012-08-16,4.4,1011.3,92,24.6,26.4,1.7,1.1,1.6,2.5,5.7,8
22105,2012-08-17,3.8,1013.2,92,25,26,1.7,1,1.4,2.4,7,8
22105,2012-08-18,6.8,1010.2,97,25.6,24.8,1.2,.8,1,1.6,3.9,7.1
22105,2012-08-19,7.1,1007.7,94,25.6,24.3,1.3,.8,1.3,2.1,3.7,4.9
22105,2012-08-20,9.2,1007.7,93,25.4,23.8,2.1,1.3,1.7,2.9,5,6.4
22105,2012-08-21,8.3,1009.2,92,25.4,24.1,1.6,1,1.3,2,3.8,4.9
22105,2012-08-22,6.6,1009.6,94,23.4,23.3,1.7,1.1,1.3,2.3,4.9,6.4
22105,2012-08-23,7.9,1016.8,93,21.8,23.5,3,1.8,2.3,3.9,6.8,8
22105,2012-08-24,6.5,1018.3,92,21.4,24.2,1.7,1.1,1.4,2.3,5.4,6.4
22105,2012-08-25,4.3,1016,94,24.4,25.6,1,.6,.7,1.1,5.1,6.4
22105,2012-08-26,2.3,1014,92,25.9,27.3,.7,.4,.6,.9,4.4,6.4
22105,2012-08-27,4.4,1012.6,94,26.7,27,.9,.6,.7,1.3,4,5.3
22105,2012-08-28,13.4,1002.8,89,26.7,25.9,4.5,2.7,4.6,8.2,6.4,9.1
22105,2012-08-29,10.5,1006.9,88,22.4,20.8,2.9,1.8,3.7,6.7,5.8,8
22105,2012-08-30,5.4,1007.3,94,21.6,20.9,1.5,1,2.2,3.2,5.3,7.1
22105,2012-08-31,11.2,1008.9,93,18.9,19.6,5,3.1,3.9,7.3,7.5,8
22105,2012-09-01,7.8,1013.6,94,19.9,21.4,3.3,2.1,2.4,4,7.4,8
22105,2012-09-02,2.5,,99,19.6,21,2.4,1.4,2,3.6,7.5,8
22105,2012-09-03,2.7,1013.4,95,21.2,22.6,1.3,.8,1.2,1.7,6.5,7.1
22105,2012-09-04,5.1,,94,22.5,21,1.1,.7,1.1,1.6,5,6.4
22105,2012-09-05,3.9,1015.2,87,22.5,22.6,1.3,.8,1.2,1.9,7.3,9.1
22105,2012-09-06,4,1018.4,75,21,21.7,1.2,.8,1,1.6,7.3,9.1
22105,2012-09-07,1.8,1019.8,82,21.5,22.7,.8,.5,.7,1,6.3,8
22105,2012-09-08,5.7,1013.3,87,22.3,22.6,1.4,.8,1.1,1.8,4.5,6.4
22105,2012-09-09,3.7,1013.5,80,21.2,23.4,2,1.3,1.7,2.9,6.7,8
22105,2012-09-10,5.2,1014.5,80,21.6,22.4,1.6,1,1.2,2.2,6,8
22105,2012-09-11,4.7,1015,88,20.7,23.2,1.3,.9,1.1,2,5.1,5.3
22105,2012-09-12,1.7,1011.6,78,21.7,23.5,.7,.4,.6,1,4.9,6.4
22105,2012-09-13,5.2,1009.5,82,23.4,22.9,.9,.6,1,1.7,4.3,5.8
22105,2012-09-14,5.5,1013.4,82,21.4,23.7,1,.6,1,1.6,4.3,6.4
22105,2012-09-15,6.9,1018.8,78,21.5,23.6,2.2,1.3,1.8,3.1,5.7,6.4
22105,2012-09-16,9.1,1016.7,91,21.2,23.5,3.3,2,2.9,5.6,6.4,7.1
22105,2012-09-17,13.8,998.2,95,21.4,23.2,7.8,4.8,7,13.2,8.9,10.7
22105,2012-09-18,6.7,1001.7,82,21.7,21.7,3.9,2.4,4.5,7.3,8.6,9.1
22105,2012-09-19,4.2,1007.5,75,21.7,22.1,1.6,1,1.4,2.4,8.7,10.7
22105,2012-09-20,3.6,1014.5,82,20.3,21.8,1,.6,.9,1.5,8.2,9.1
22105,2012-09-21,1.4,1015.7,82,20.4,22.6,.6,.4,.7,1.3,6.2,8
22105,2012-09-22,3.5,1013.6,82,20.5,22.5,.6,.4,.6,1.1,5,7.1
22105,2012-09-23,6.6,1011.9,88,20,22,1.7,1,1.4,2.4,5.3,5.8
22105,2012-09-24,6.2,1016,83,19.8,21.5,1.7,1,1.3,2.3,5.4,7.1
22105,2012-09-25,4.1,1022.2,69,20.4,21.7,2.3,1.4,1.7,3.1,7.1,8
22105,2012-09-26,3.2,,68,20.2,21.6,1.7,1.1,1.3,2.1,7,8
22105,2012-09-27,2.9,1019.5,80,20.6,21,1.7,1.1,1.3,2.1,7.4,8
22105,2012-09-28,4.1,1012.6,86,20.7,20.8,1.6,1,1.3,2.2,6.5,8
22105,2012-09-29,6.1,1008.7,58,19.7,22,1.5,1,1.3,2,4.9,7.1
22105,2012-09-30,5.2,1009.8,66,18.8,21.7,1.4,.9,1.1,1.9,5.5,8
22105,2012-10-01,5.1,,73,19.2,21.5,1.9,1.2,1.6,2.5,6,8
22105,2012-10-02,4.3,1017.5,69,19.2,21.2,1.7,1.1,1.4,2.2,6.5,7.1
22105,2012-10-03,5.2,1015.3,63,19.2,21,1.5,.9,1.1,1.8,6.3,9.1
22105,2012-10-04,3.7,1012.1,70,19.1,21.4,1.5,.9,1.2,1.9,6.1,7.1
22105,2012-10-05,2.5,1016.3,68,20.6,21.6,1.2,.8,1,1.7,6.4,8
22105,2012-10-06,5.9,1020.1,74,20.2,21.2,1.5,.9,1.5,2.9,5.7,8
22105,2012-10-07,6,1023.8,57,18.9,21.3,2.2,1.3,1.7,3.3,6,7.1
22105,2012-10-08,3.5,1022.8,56,17.8,21.1,1.4,.9,1.1,1.8,5.5,6.4
22105,2012-10-09,3.2,1018.3,64,18.8,21.2,.8,.5,.8,1.3,4.8,6.4
22105,2012-10-10,4.3,1012.4,68,19.4,20.7,1,.7,1,1.6,5,5.8
22105,2012-10-11,7.2,1015.4,70,16.8,20.5,3.5,2.2,3.3,5,7.3,9.1
22105,2012-10-12,3.8,1017.7,59,17.7,19.4,2.4,1.5,2.7,4.8,7.2,9.1
22105,2012-10-13,4.3,1017,64,19.5,20.4,1.3,.8,1.6,2.8,5,6.4
22105,2012-10-14,3.2,1016.1,66,20.5,20.8,1.6,1,1.5,2.3,8.1,10.7
22105,2012-10-15,7.7,1021.9,63,18.1,20.8,3,1.8,2.9,4.4,6.5,8
22105,2012-10-16,6.2,1020.9,64,18.8,21,1.7,1,1.4,2.1,5.1,7.1
22105,2012-10-17,7.9,1011,62,18.2,20.4,2,1.2,2.2,3.7,5.1,7.1
22105,2012-10-18,8.3,1016.7,55,14.7,20.1,3.5,2.2,3.1,5.6,7.4,9.1
22105,2012-10-19,5.6,1020,48,17.1,20.1,2,1.2,1.6,2.7,5.8,8
22105,2012-10-20,5.5,1019.8,51,19.2,20,1.5,.9,1.3,2,5.5,8
22105,2012-10-21,5.2,1022.2,71,19.6,20.1,1.5,.9,1.6,2.6,5.8,10.7
22105,2012-10-22,10.4,1009.5,76,19.2,19.3,3.3,2,2.7,4.5,6.4,8
22105,2012-10-23,8.2,1012.3,54,14.3,19.3,3.9,2.4,2.8,4.7,7.7,10.7
22105,2012-10-24,6.1,1017.8,57,16.5,19.5,2.9,1.9,2.5,4.3,9.4,10.7
22105,2012-10-25,3.4,1020.2,58,17.8,19.4,1.5,.9,1.4,2.1,9.6,10.7
22105,2012-10-26,2.7,1023.8,70,18.4,18.8,.9,.6,.7,1.3,8.8,10.7
22105,2012-10-27,8,1017.7,82,18.1,18.4,2,1.3,2.6,4.2,5.3,9.1
22105,2012-10-28,7.9,,73,18.3,18.2,3.2,2,2.7,4.4,6.8,9.1
22105,2012-10-29,5.7,1017.9,74,16.2,17.6,2.8,1.8,2.1,3.8,8.2,9.1
22105,2012-10-30,9,1014.3,66,13.2,17.2,3.9,2.5,3.5,6.1,8.1,9.1
22105,2012-10-31,6.8,1013.7,71,11.6,17.3,3,1.8,2.5,3.8,7.4,9.1
22105,2012-11-01,11.1,1016.3,70,9.9,17.7,6,3.7,5.6,8.6,8.7,10.7
22105,2012-11-02,5.5,1023.8,59,10.4,19.7,5,3.1,5,6.9,9.4,10.7
22105,2012-11-03,1.9,,54,12,20.2,4.4,2.8,3.5,6.1,9.5,10.7
22105,2012-11-04,6.7,1021,63,14.8,20.7,2.7,1.7,2.3,3.7,8,9.1
22105,2012-11-05,8.8,1012.7,68,15.9,20,3.6,2.3,3,5.7,7.1,10.7
22105,2012-11-06,6.7,1011.5,64,12.5,19.5,2.5,1.5,1.8,3.2,8.1,10.7
22105,2012-11-07,7.7,1011.7,60,13.2,20,3,1.9,2.7,4.1,7.2,9.1
22105,2012-11-08,5.4,1015.2,56,14.3,20,3.9,2.4,2.9,4.9,9.7,10.7
22105,2012-11-09,5.8,1023.7,59,14.2,19.8,3.7,2.4,3,4.8,10.4,10.7
22105,2012-11-10,7.1,1026.5,64,13.4,18.9,4.1,2.6,3,5.1,10.2,10.7
22105,2012-11-11,12.6,1006.8,72,15.1,19.6,5,3.1,3.6,7.2,7.4,10.7
22105,2012-11-12,10.4,1007.6,56,12.3,19.2,4,2.5,3,5.5,6.5,8
22105,2012-11-13,7.8,1005.9,54,10.7,18.8,3.4,2.1,2.4,4.2,7.1,8
22105,2012-11-14,9.6,1012.9,58,7.7,18.6,3.7,2.2,2.8,5.4,6.8,7.1
22105,2012-11-15,8.1,1024.6,65,10,18.4,3.7,2.4,3,4.7,7.3,10.7
22105,2012-11-16,7.2,1020.9,56,12.2,18,3.3,2,3,5.6,8.2,10.7
22105,2012-11-17,8,1010.8,59,11.8,18.6,2.4,1.5,2.3,3.5,5.3,8
22105,2012-11-18,6.3,1019,65,9.5,18.3,3.5,2.2,2.7,5.3,7.5,9.1
22105,2012-11-19,7.8,1013.4,51,10.8,17.8,2.4,1.5,2.1,3.4,6.1,8
22105,2012-11-20,6.2,1019.8,52,8.4,17.4,3,1.8,2.1,3.6,7.6,9.1
22105,2012-11-21,4.8,1019.6,52,10.5,17,2,1.2,1.6,2.7,5.8,8
22105,2012-11-22,,,,,,,,.9,1.8,,4.6
22105,2012-11-23,,,,,,,,3.2,5.3,,6.2
22105,2012-11-24,,,,,17.4,2.4,1.4,2,3.5,4.8,5.4
22105,2012-11-25,,,,,17.2,1.5,.9,1,1.8,4.3,4.8
22105,2012-11-26,,,,,17,3.5,2,3.5,5.9,4.8,6.5
22105,2012-11-27,,,,,16.8,3.5,2.1,3.2,5.3,5.6,6.5
22105,2012-11-28,,,,,16.6,3.4,1.9,2.6,4.5,4.6,5
22105,2012-11-29,,,,,16.4,2.6,1.5,2.5,4.3,5.4,5.7
22105,2012-11-30,,,,,16,2,1.2,1.6,2.7,4.5,4.8
22105,2012-12-01,,,,,15.9,4.4,2.6,4.6,7.6,5.9,7.2
22105,2012-12-02,,,,,15.7,2,1.2,1.7,3,4,5.2
22105,2012-12-03,,,,,15.4,2.1,1.2,2.7,4.6,3.9,5.4
22105,2012-12-04,,,,,15.3,5.9,3.5,4.4,7.3,6.5,7.2
22105,2012-12-05,,,,,15.2,4,2.3,3.7,6.2,5.3,5.9
22105,2012-12-06,,,,,15.2,6.2,3.7,5.1,8.3,6.9,8.1
22105,2012-12-07,,,,,14.9,2.8,1.6,2.4,4.1,5.1,5.9
22105,2012-12-08,,,,,14.8,5.3,3.1,3.8,6.4,5.8,6.2
22105,2012-12-09,,,,,15.3,4.9,2.9,3.7,6.2,5.8,6.2
22105,2012-12-10,,,,,15.5,4.2,2.4,3,5.1,5.9,7.2
22105,2012-12-11,,,,,15.4,4.6,2.8,3.4,5.7,6.9,7.6
22105,2012-12-12,,,,,15,3.1,1.8,2.3,3.9,6.5,6.9
22105,2012-12-13,,,,,14.3,2,1.1,1.4,2.3,4.9,6.5
22105,2012-12-14,,,,,13.9,2.2,1.3,2.5,4.3,4.4,5
22105,2012-12-15,,,,,14.1,4.5,2.7,3.8,6.4,5.9,6.5
22105,2012-12-16,,,,,13.5,2.3,1.3,1.8,3.1,5.3,5.9
22105,2012-12-17,,,,,13.4,2.6,1.5,2.3,4,4.4,5.4
22105,2012-12-18,,,,,13.5,4.6,2.7,3.2,5.3,6,6.9
22105,2012-12-19,,,,,14.8,2.9,1.7,2.1,3.6,5.4,5.9
22105,2012-12-20,,,,,15,2.3,1.3,1.5,2.6,4.9,5.4
22105,2012-12-21,,,,,15,2,1.2,1.6,2.7,4.7,6.2
22105,2012-12-22,,,,,,,,2.4,4.2,,8.1
22105,2012-12-28,,,,,,,,3.2,6.1,,8
22105,2012-12-29,6,1020.3,79,8.2,13.2,3.5,2.2,3.4,5.2,7.6,9.1
22105,2012-12-30,10.3,1010.7,57,3.9,13.4,3.4,2.1,4.4,6.7,6.4,9.1
22105,2012-12-31,10.6,1016.4,53,-.9,13.1,5,3.1,4.1,6.6,8.3,9.1
22105,2013-01-01,8.9,1017.6,56,2.5,12.3,3,1.8,2.7,4.4,6.4,8
22105,2013-01-02,12.1,1023.5,55,-.9,12.8,4.2,2.6,3.6,6.4,6.7,8
22105,2013-01-03,8.2,1030,59,-2.5,12.7,3.9,2.4,3,5.9,7.7,9.1
22105,2013-01-04,3.8,1028.3,55,-.1,12.3,2.4,1.6,2,3.2,7.3,8
22105,2013-01-05,5.7,1021,49,3,12.1,2,1.2,1.6,2.6,6.7,8
22105,2013-01-06,3.9,1022,52,3.2,12.1,2.4,1.5,2.1,3.2,7.6,9.1
22105,2013-01-07,4.1,1021,47,3.9,11.7,1.8,1.2,1.8,3.1,6.5,8
22105,2013-01-08,6,1021.3,50,3.5,11.5,2.5,1.6,1.9,3.1,6.5,7.1
22105,2013-01-09,8.5,1021.3,51,.4,11.5,3.7,2.3,3.5,5.8,7.1,9.1
22105,2013-01-10,7,1025.7,54,-.3,11.5,3.3,2.1,2.6,4,7.2,8
22105,2013-01-11,3,1027.5,46,2.3,11.8,2,1.3,2,3.1,6.9,8
22105,2013-01-12,6.1,1022,47,6.6,11.2,1.5,1,1.2,2.2,4.7,6.4
22105,2013-01-13,4.5,1023.5,56,5.5,11.2,1.6,1,1.3,2.1,5.9,7.1
22105,2013-01-14,10,1017.6,64,5.1,13.1,3.3,2,3.5,5.7,6.5,8
22105,2013-01-15,5.8,1023.9,68,3.4,12.3,4.3,2.7,4.4,5.9,9,10.7
22105,2013-01-16,7.1,1020.4,57,4.3,12.3,3.3,2,3.3,5.3,7.3,9.1
22105,2013-01-17,9.8,1025.4,71,1.1,12.4,4.8,2.9,3.9,6.7,8.1,9.1
22105,2013-01-18,5.3,1025.9,52,3.4,12.6,2.8,1.8,2.3,3.6,7.9,9.1
22105,2013-01-19,5.3,1026.1,54,3.5,11.6,2.3,1.4,1.8,2.9,6.2,7.1
22105,2013-01-20,3.8,1032.4,60,5.9,11,1.7,1.1,1.5,2.6,6.9,8
22105,2013-01-21,7.9,1023.4,77,6.3,11.1,2.5,1.6,1.8,3.4,6.7,9.1
22105,2013-01-22,8.7,1021.1,71,5.4,11.2,3.5,2.1,2.4,4.6,6.9,7.1
22105,2013-01-23,4.8,1018.5,65,4.8,12.3,2.4,1.5,1.9,3.1,6.9,8
22105,2013-01-24,9,1010.8,54,5.3,11.5,2.2,1.4,2.8,4.3,5.3,7.1
22105,2013-01-25,14.1,1014.4,50,-2.1,11,6.5,4,5.2,9,8.9,10.7
22105,2013-01-26,8.9,1016.8,60,-2.3,11,4.8,2.9,3.7,7.4,8.5,9.1
22105,2013-01-27,7.3,1020.2,61,-.5,10.7,5.2,3.2,4.6,7,11.1,12.8
22105,2013-01-28,4.2,1023.6,50,2.5,10.9,4,2.5,3.4,5.1,10.1,10.7
22105,2013-01-29,3,1025.6,53,6.9,10.9,2.1,1.3,1.9,3,8.2,9.1
22105,2013-01-30,3.5,1030.2,69,8.3,10.9,1.2,.8,.9,1.5,7.1,8
22105,2013-01-31,6.5,1030.3,72,9.9,10.9,1.7,1,1.8,3.1,5.9,7.1
22105,2013-02-01,10,1017.9,86,10.7,10.8,4,2.5,3.6,7.4,6.4,9.1
22105,2013-02-02,5.2,1021,68,7.1,11,2.8,1.7,2.4,4.4,7.6,9.1
22105,2013-02-03,4.8,1024,62,4.2,12.3,2.4,1.5,2.4,3.6,7,8
22105,2013-02-04,7.9,1016.7,68,6.7,12.7,1.9,1.1,1.9,3.4,5.7,9.1
22105,2013-02-05,6.5,1022.2,69,5.4,12.5,2.6,1.6,2,3.4,6.5,8
22105,2013-02-06,6.6,1014.2,73,5.5,12.1,2.5,1.5,2.1,3.3,6,7.1
22105,2013-02-07,12.2,1016.9,59,-1.6,12.3,5.3,3.3,4.9,8,8.1,10.7
22105,2013-02-08,7.4,1027,68,-2.5,11.5,6,3.8,4.6,8.5,10.6,12.8
22105,2013-02-09,3.6,1023.9,45,1.3,11.6,3.8,2.4,3.8,5.5,11,12.8
22105,2013-02-10,7,1022.3,49,2.2,10.3,2.9,1.8,2.1,3.4,7.3,10.7
22105,2013-02-11,6.9,1028.8,74,.3,10.4,3.7,2.2,2.8,5,7.6,9.1
22105,2013-02-12,7.7,1022.8,64,4.4,10.4,2.8,1.7,2.6,4.9,6.4,9.1
22105,2013-02-13,6.3,1024.6,52,3.2,11.1,3.6,2.2,3.3,5.8,7.7,9.1
22105,2013-02-14,3.4,1023.3,43,7,11.8,1.6,1,1.5,2.6,7.6,8
22105,2013-02-15,8.2,1019.6,66,4.1,11.4,3.2,1.9,3,5.6,6.9,9.1
22105,2013-02-16,6.2,1026.2,64,1,9.9,3.1,1.9,2.4,3.8,7.2,8
22105,2013-02-17,7.9,1019.7,58,6.4,10.2,1.9,1.2,1.6,2.8,5.7,7.1
22105,2013-02-18,8.1,1016.7,67,4.6,11,2.7,1.7,2.9,5.2,6,9.1
22105,2013-02-19,5,1021.3,62,1.2,10.5,2.9,1.8,2.7,4.7,7.5,9.1
22105,2013-02-20,8.4,1024.5,45,1.3,9.7,3.2,1.9,2.3,4.7,6.9,8
22105,2013-02-21,7,1026.4,48,1.8,10.4,2.6,1.6,2.6,4.8,6.4,8
22105,2013-02-22,9.2,1022.4,50,4.5,10,3.1,1.9,3.5,5.6,6.1,8
22105,2013-02-23,8,1023.6,41,3.6,10.1,2.9,1.8,3.3,5.7,6.8,8
22105,2013-02-24,5.1,1027.6,58,2.8,10.4,3.3,2.1,3.3,5.4,7.8,9.1
22105,2013-02-25,5.4,1028.7,78,4.4,10.3,2.1,1.3,1.5,2.5,6.3,8
22105,2013-02-26,8.2,1019.3,66,8.7,11,2.2,1.4,1.6,3.1,5.1,8
22105,2013-02-27,5.1,1015.7,61,8.6,10.8,1.5,.9,1.2,1.9,5.2,8
22105,2013-02-28,7,1014.8,58,10.5,10.8,1.6,1,2,3.4,4.3,6.4
22105,2013-03-01,10.9,1009.2,60,8.4,10.2,3.7,2.3,3.8,6.2,6.4,8
22105,2013-03-02,8.6,1023.5,55,3.1,10.3,4.5,2.8,3.6,6.1,9.3,12.8
22105,2013-03-03,3.6,1020.1,53,4.8,11,3.9,2.6,3.1,4.9,12.6,12.8
22105,2013-03-04,5,1018.5,52,5.9,10.2,2.7,1.7,2.1,3.7,10,12.8
22105,2013-03-05,5,1020,50,9,10.5,1.5,.9,1.3,2.4,7.9,10.7
22105,2013-03-06,5.1,1018.6,60,10.8,11.3,1.5,.9,1.3,2.1,5.1,7.1
22105,2013-03-07,6.8,1009.2,69,11.8,10.3,1.8,1.1,1.4,2.4,5.4,8
22105,2013-03-08,6.2,1005.7,63,12.3,11.3,1.6,1,1.4,2.3,5.5,7.1
22105,2013-03-09,5.7,1005.4,86,10.4,11.1,2.5,1.5,2.3,3.9,6.3,9.1
22105,2013-03-10,5.8,,67,5,11.6,4.4,2.8,4.2,6.2,8.4,10.7
22105,2013-03-11,5.5,1023.6,59,6.8,12.3,2.5,1.5,2.1,3.6,7.2,9.1
22105,2013-03-12,7.6,1014.1,69,10.8,11.7,2.4,1.5,2,3.4,5.4,6.4
22105,2013-03-13,9.6,1014.2,74,5.2,10.3,3.7,2.3,3.4,5.6,6.5,9.1
22105,2013-03-14,6.1,1026.8,59,4.6,10.6,3,1.9,2.9,5.1,7,9.1
22105,2013-03-15,5.6,1020.9,56,10.1,11.7,1.8,1.1,1.7,3.1,4.9,5.8
22105,2013-03-16,5.8,1021.6,58,9.9,11.6,1.7,1,1.2,2.1,5.2,7.1
22105,2013-03-17,8.8,1012.6,75,11.9,12.4,2.3,1.5,1.7,2.8,5.3,7.1
22105,2013-03-18,5.4,1001.2,82,10.9,12.4,1.8,1.1,1.8,3.5,6.1,8
22105,2013-03-19,5.5,1011.5,80,9.8,12.9,2.4,1.5,2,3.5,6.6,9.1
22105,2013-03-20,9.3,1010.6,85,4.1,12.3,4.2,2.6,4.4,7.8,7.3,9.1
22105,2013-03-21,6.4,1014.8,55,5.4,12.6,2.8,1.8,3,4.3,6.8,9.1
22105,2013-03-22,5.2,1009.3,51,9.7,12,1.8,1.1,1.8,3.2,4.9,5.8
22105,2013-03-23,7.6,1014.8,70,7.2,12,2.3,1.4,1.8,2.8,6,8
22105,2013-03-24,9,1011.2,71,7.6,13.3,2.7,1.6,2,3.4,5.5,7.1
22105,2013-03-25,5.9,1016.3,66,4.6,13.7,2.9,1.8,2.4,4.1,6.6,8
22105,2013-03-26,5.6,1019.7,56,8.3,13.3,1.8,1.1,1.7,3,5.2,7.1
22105,2013-03-27,8,1013,62,12.1,14.1,2,1.2,2.1,3.4,4.7,5.3
22105,2013-03-28,5.9,1013.4,61,12.1,13.8,1.3,.8,1.3,2.1,4.7,5.3
22105,2013-03-29,7.1,1018.7,62,8,13.8,2.1,1.3,2.2,3.6,5.3,7.1
22105,2013-03-30,4.8,1021.6,67,8.1,14,1.3,.8,1,1.8,4.5,5.3
22105,2013-03-31,6.7,1022.4,69,7.3,13.7,1.6,1,1.5,3,4.9,5.8
22105,2013-04-01,8.6,1020.5,68,11.2,13.7,1.9,1.2,1.6,3.2,4.2,4.9
22105,2013-04-02,6.9,1011.3,80,10.4,14.4,2.2,1.4,2.6,4,5.4,6.4
22105,2013-04-03,6.6,,71,11.4,14.5,2.3,1.4,2.5,4.7,6.3,7.1
22105,2013-04-04,6.1,1018.2,67,10.6,13.8,2.2,1.4,2.2,3.8,6,7.1
22105,2013-04-05,3.9,1015.6,81,11.5,14,1.3,.8,1.3,2.2,5.5,6.4
22105,2013-04-06,8,999.1,90,10.7,13.3,2.7,1.6,5,8.4,5.3,9.1
22105,2013-04-07,10.7,1001.6,69,7.2,12,7.8,4.9,7.3,12.1,10.4,10.7
22105,2013-04-08,5,1009.9,55,11.3,12,3,1.9,2.5,4.1,10.4,12.8
22105,2013-04-09,9.7,1009.6,47,10.3,12.8,3.2,1.9,3.1,4.5,6.9,10.7
22105,2013-04-10,6.4,1014.5,49,7.4,13.1,2.9,1.8,2.8,4.2,6.8,8
22105,2013-04-11,8.3,1013.2,51,8.3,13.1,2.4,1.5,1.8,3.1,5.8,7.1
22105,2013-04-12,7.2,,47,8.9,12.2,2.7,1.7,2.1,4.1,6.9,7.1
22105,2013-04-13,9.3,1009.4,55,13.1,13.5,2.4,1.5,3.1,5.1,5.3,7.1
22105,2013-04-14,7.5,1003.6,65,12.8,13.9,3.9,2.5,3.4,6,7.5,8
22105,2013-04-15,6.8,1009,49,11,14.1,2.4,1.5,2,3.3,6.2,8
22105,2013-04-16,9.3,1004.5,78,12,13.9,2.7,1.7,2.3,3.8,5.4,8
22105,2013-04-17,6.5,1012.8,73,8.4,13.7,2.6,1.6,2.3,4.3,6.7,8
22105,2013-04-18,7,1011.3,75,9.8,13.3,1.8,1.1,1.8,3.3,5.2,6.4
22105,2013-04-19,5.6,1019.1,48,8.1,13,1.8,1.1,1.7,2.5,5.2,5.8
22105,2013-04-20,5,1017.5,69,7.3,12.8,1,.6,.7,1.3,3.8,6.4
22105,2013-04-21,4.9,1017.2,61,9.7,13.3,1.3,.8,1.6,3,4.9,5.8
22105,2013-04-22,6.5,1019.9,60,12.8,13.1,1.4,.9,1.7,2.4,4.5,7.1
22105,2013-04-23,8.5,1015.8,77,13.3,13.4,2.3,1.5,2.2,3.1,5.1,5.8
22105,2013-04-24,5.6,1006.1,81,13.5,13.6,2.8,1.7,2.4,4,6.9,8
22105,2013-04-25,5.3,1006.1,66,13.6,14,1.3,.8,1,1.9,4.4,5.8
22105,2013-04-26,7.4,1007.4,60,12.4,13.8,2.1,1.3,1.7,2.8,5.5,6.4
22105,2013-04-27,4.5,1015.5,61,13.4,14.5,1.2,.7,1,1.7,6.2,10.7
22105,2013-04-28,7.4,1017.9,79,14.1,14.4,1.7,1.1,1.7,2.7,6.2,9.1
22105,2013-04-29,8.9,1008.9,73,16,14.4,2.8,1.7,2.4,5,5.7,7.1
22105,2013-04-30,7.3,1008.9,65,13.4,14.8,2.3,1.5,2.1,3.3,6.7,9.1
22105,2013-05-01,4.7,1012.1,69,10.1,14.8,3,1.9,2.2,3.8,8.9,10.7
22105,2013-05-02,3.2,1013.8,72,10.5,14.5,2.1,1.3,1.6,2.7,8.4,9.1
22105,2013-05-03,4.5,1015.1,75,12.5,14.7,1.7,1,1.3,2.2,8.4,9.1
22105,2013-05-04,4.3,1016.6,64,14.7,15.4,1,.6,.9,1.6,6.8,9.1
22105,2013-05-05,4.2,1015.4,75,16.1,15.3,1.1,.7,1.1,1.7,7.1,10.7
22105,2013-05-06,5.5,1015.7,71,15.4,15.4,1.5,.9,1.2,2,4.7,6.4
22105,2013-05-07,4.3,1023.3,78,11.8,15.1,1.7,1.1,1.4,2.4,6.7,9.1
22105,2013-05-08,9.3,1017.5,80,14.2,15.1,2.6,1.6,2,3.4,5.6,9.1
22105,2013-05-09,3,1011.2,83,16.5,15.7,1.4,.8,1.3,2.3,5.5,8
22105,2013-05-10,8.2,1001.1,88,15.4,14.6,2.3,1.4,2.1,3.6,5.3,7.1
22105,2013-05-11,5.4,1002.1,73,15.9,14.7,1.8,1,1.2,2.4,7.2,8
22105,2013-05-12,5.8,1002.8,75,16.7,14.5,1.5,1,1.2,1.9,6.2,8
22105,2013-05-13,3.7,1010.5,89,13.9,15,2,1.3,1.6,2.8,7.4,8
22105,2013-05-14,3.1,1012.2,92,14,15.4,1.8,1.1,1.2,2.3,7.7,8
22105,2013-05-15,4.5,1013.8,88,14.2,15.6,1.4,.9,1.3,2,6.2,8
22105,2013-05-16,6.4,1021.9,85,12.2,15.6,2.2,1.3,1.6,2.7,5.9,7.1
22105,2013-05-17,5.2,1019.7,78,13.7,15.8,1.4,.9,1.1,1.8,5.7,7.1
22105,2013-05-18,5.5,1009.6,89,14.9,15.5,1.3,.8,1.2,1.9,4.8,5.8
22105,2013-05-19,6.6,1000.4,94,14.4,15.4,1.4,.8,1.2,2.1,4.4,5.3
22105,2013-05-20,3.8,1000.7,86,15.7,15.9,1,.6,.9,1.3,4.6,6.4
22105,2013-05-21,5.8,1005.8,74,16.2,15.9,1,.6,.9,1.5,4.4,9.1
22105,2013-05-22,3.6,1010.8,74,17.4,16.4,.7,.5,.8,1.2,4.3,9.1
22105,2013-05-23,3.3,1014,92,16.3,17.1,.5,.3,.6,1.1,4.1,9.1
22105,2013-05-24,5.9,1012.1,94,16.7,16.5,.8,.5,.7,1,2.9,4
22105,2013-05-25,5.8,1016.3,92,15,16.2,1.7,1,1.6,2.9,5.1,6.4
22105,2013-05-26,3.4,1017.2,94,15.4,16.4,.9,.6,.8,1.3,5.9,7.1
22105,2013-05-27,6.5,1014.4,91,17,15.9,1.1,.7,.9,1.5,4.9,9.1
22105,2013-05-28,7.9,1007.8,97,16.3,15.5,2.9,1.8,2.7,4,6.7,8
22105,2013-05-29,3.6,1004.6,89,16.5,15.5,1.9,1.2,2.1,3.7,6.1,7.1
22105,2013-05-30,4.9,1009,73,17.7,16.1,1.5,.9,1.3,2.3,4.8,5.8
22105,2013-05-31,4,1008.9,75,17.9,16.3,.9,.6,.7,1.4,4.2,8
22105,2013-06-01,3.9,1006.9,92,17.1,16.7,.6,.4,.7,1.2,4.1,9.1
22105,2013-06-02,3.8,1009.2,89,16.5,16.6,.8,.5,.7,1.5,4.4,9.1
22105,2013-06-03,2.1,,84,16.8,17.8,.6,.4,.6,1,5.4,7.1
22105,2013-06-04,4.2,1016.2,93,17.9,17.8,.6,.4,.5,.8,5.1,9.1
22105,2013-06-05,4.3,1017.7,94,17.7,17.7,1,.6,1.1,1.6,4.6,6.4
22105,2013-06-06,3.7,1016.9,91,17.7,17.8,.7,.5,.5,.9,4.9,6.4
22105,2013-06-07,2,1014.7,83,17.7,17.4,.6,.4,.5,.8,4.1,8
22105,2013-06-08,2.7,1012.2,86,18.2,17.9,.4,.3,.5,.8,4.3,9.1
22105,2013-06-09,2.7,1010.7,87,18.5,18.5,.9,.6,.8,1.4,4.5,5.8
22105,2013-06-10,3.1,1010.4,83,18.5,18.7,1.1,.7,.8,1.5,4.8,5.3
22105,2013-06-11,3.4,1009.8,91,19,18.7,1.2,.7,.9,1.6,4.6,5.3
22105,2013-06-12,2.5,1009.1,95,19.7,19.4,.9,.6,.8,1.2,4.7,5.3
22105,2013-06-13,2.5,1013.4,94,19.5,19.4,1,.6,.9,1.5,5.7,8
22105,2013-06-14,1.7,1014.4,93,19.8,19.8,.7,.4,.6,1,6.3,7.1
22105,2013-06-15,3.9,1011.2,95,20.1,19.8,.7,.4,.5,1.2,4.9,6.4
22105,2013-06-16,4.4,1005.9,98,20,20.2,.9,.5,.8,1.7,3.4,4.3
22105,2013-06-17,2.7,1000.3,87,21.2,20.7,.8,.5,.8,1.4,4,6.4
22105,2013-06-18,2.9,997.3,98,20.5,20.4,.7,.4,.6,1,4.6,5.8
22105,2013-06-19,2.2,1000.7,95,20.8,20.9,1.1,.7,.9,1.6,6,8
22105,2013-06-20,3.6,1005.5,95,21.1,21,.9,.5,.7,1.1,4.6,6.4
22105,2013-06-21,3,1007.1,95,21,20.9,.7,.5,.8,1.2,3.8,5.3
22105,2013-06-22,2.9,1007.9,86,20.9,21.1,1.2,.7,.8,1.6,5.5,6.4
22105,2013-06-23,3.6,1005.9,92,20.9,21.2,.9,.5,.7,1.2,6.4,7.1
22105,2013-06-24,2.9,1006.1,92,21.1,21.6,.5,.3,.5,.9,6,9.1
22105,2013-06-25,4,1007.6,92,21.5,21.4,.5,.3,.6,1.6,3.5,9.1
22105,2013-06-26,3.7,1003.5,88,21.7,21.7,.8,.5,.6,1.5,4,4.6
22105,2013-06-27,2.8,1006.2,83,21.8,21.7,1.2,.7,1.1,1.7,5.1,8
22105,2013-06-28,3.9,,83,21.7,21.8,2.7,1.7,2.1,3.7,7.9,9.1
22105,2013-06-29,3.1,1012.3,88,21.9,21.7,2.2,1.4,1.7,2.8,7.4,8
22105,2013-06-30,5,1011.7,91,22.3,21.9,1.4,.8,1.2,2,6.5,7.1
22105,2013-07-01,8.2,1008.4,93,22.4,22.1,1.4,.9,1.4,2.2,4.1,5.8
22105,2013-07-02,11.8,1000.7,94,21.4,20.9,2.9,1.8,2.8,4.9,5.8,7.1
22105,2013-07-03,6.2,996.8,91,19.3,17.6,2.1,1.3,2.2,3.8,6.5,8
22105,2013-07-04,5.1,996.7,91,19.1,16.6,1.1,.7,.9,1.5,4.6,6.4
22105,2013-07-05,5.3,996.6,99,18.2,16.8,1.2,.8,1,1.6,5,8
22105,2013-07-06,2.6,,94,18.8,17,.8,.5,.8,1.2,6.5,9.1
22105,2013-07-07,4.7,1007.4,96,18,16.3,.9,.6,1.1,1.6,4.6,5.8
22105,2013-07-08,8,1007.5,94,17.8,14.9,1.3,.8,1,1.7,4.2,5.8
22105,2013-07-09,6.9,1005.1,91,17.7,15,1.2,.7,1.1,1.8,3.7,5.8
22105,2013-07-10,3.1,1005.4,96,19,16,.7,.5,.6,1.1,3.8,8
22105,2013-07-11,1.5,1006.7,97,18.4,17.2,.5,.3,.4,.7,4.4,6.4
22105,2013-07-12,2.7,1006.9,95,19.7,16.4,.7,.4,.6,1,4.1,8
22105,2013-07-13,2.7,1010.7,98,19.7,17.9,.5,.3,.5,1.7,4,9.1
22105,2013-07-14,3.3,1010.6,95,20.6,18.5,.9,.6,1,1.5,4.5,6.4
22105,2013-07-15,5.2,1011.6,95,21,19.6,1,.6,.8,1.2,3.3,4
22105,2013-07-16,7.8,1008.2,90,21.9,20.8,1.5,1,1.6,2.7,4,5.3
22105,2013-07-17,6.8,1006.7,89,22,20,1.6,1,1.5,2.4,4.3,5.3
22105,2013-07-18,2.3,1010.7,94,21,20.6,.8,.5,.9,1.6,4.6,6.4
22105,2013-07-19,4.5,1010.9,97,21.3,20.9,1.4,.9,1.3,1.9,6.6,8
22105,2013-07-20,6,1007.9,94,22.7,22,1.5,.9,1.2,2.1,6.9,8
22105,2013-07-21,6.6,1005.4,88,23.9,22.8,1.3,.8,1,1.6,4.2,6.4
22105,2013-07-22,3.6,,92,23.9,23.5,.7,.4,.7,1.1,4.4,5.8
22105,2013-07-23,5.6,1003.9,90,23.8,23.2,1.1,.7,1.1,1.6,4.4,6.4
22105,2013-07-24,7.8,997.6,85,24.4,23.3,1.9,1.2,1.6,2.6,4.9,6.4
22105,2013-07-25,3.7,998.9,83,25.1,23.9,1.1,.7,.9,1.5,4.9,7.1
22105,2013-07-26,2.5,1001.2,79,26,24.8,.7,.5,.5,.9,4.6,6.4
22105,2013-07-27,2,1004.5,86,25.4,25.5,.6,.4,.4,.7,7,9.1
22105,2013-07-28,4.1,1003.3,89,25.4,25.3,1,.6,.9,1.6,6.6,8
22105,2013-07-29,4.8,1000,91,25.4,25.1,1.2,.8,1.1,1.8,5.5,7.1
22105,2013-07-30,2.9,1002.5,89,24.6,25.1,.9,.6,.7,1.1,5.5,6.4
22105,2013-07-31,5.4,1001,93,24.7,24.5,1.1,.7,1,1.6,3.9,5.8
22105,2013-08-01,2.4,1007.5,92,24.7,24.7,1.2,.8,1.1,1.7,5.7,6.4
22105,2013-08-02,4.1,1012.2,89,24,24.8,1.3,.8,.9,1.7,6.2,7.1
22105,2013-08-03,6.1,1009.1,91,25,24.8,1.5,.9,1.1,2,6.6,7.1
22105,2013-08-04,3.3,1003.4,89,26.1,25.6,1.1,.7,1,1.7,6.7,7.1
22105,2013-08-05,2.7,1002.2,87,26.6,25.8,.8,.5,.6,1.1,6,6.4
22105,2013-08-06,3.5,1004.6,87,27,26.2,.6,.4,.6,.9,4,5.8
22105,2013-08-07,3.2,1005.9,87,27.6,26.8,.6,.4,.5,.8,4.2,9.1
22105,2013-08-08,3.7,1002.9,88,28.2,27.3,.6,.4,.5,.8,4,9.1
22105,2013-08-09,5.1,1002.6,86,28.6,27.5,1,.6,.8,1.2,3.7,5.8
22105,2013-08-10,3.9,1006.3,85,28.7,27.8,.9,.5,.7,1.3,3.8,5.8
22105,2013-08-11,2.2,1009.8,74,28.8,28.3,.6,.3,.4,.8,4.3,8
22105,2013-08-12,3.4,,84,28.2,28.9,.5,.3,.4,.7,4.5,8
22105,2013-08-13,2.6,1008.9,81,28.8,28.6,.4,.2,.4,.6,4.1,8
22105,2013-08-14,3.3,1008.8,79,28.2,28.8,.5,.4,.5,.9,5.3,12.8
22105,2013-08-15,3.6,1007.6,75,28.8,28.8,.7,.4,.6,1.1,4.1,9.1
22105,2013-08-16,5,1005.2,78,28.4,28.5,1,.6,1.4,2.2,3.7,8
22105,2013-08-17,6.7,1003.1,80,27.5,27.3,1.3,.8,1,1.9,4.2,4.9
22105,2013-08-18,6.1,1003.8,80,27.4,27.7,1.1,.7,.9,1.5,4,4.9
22105,2013-08-19,3.1,1005.6,84,27.1,28,.6,.4,.7,1.2,3.9,4.9
22105,2013-08-20,4.1,1007.7,82,26.8,27.5,.8,.5,.7,1.2,3.8,5.3
22105,2013-08-21,3.8,1010.3,87,25.2,25.4,.9,.6,.8,1.3,5,5.8
22105,2013-08-22,4.6,1008.8,94,25.1,24.3,1,.6,.9,1.7,3.9,4.6
22105,2013-08-23,4.9,1006.8,93,24.6,24.9,.7,.4,.6,1,3.4,9.1
22105,2013-08-24,3,1006,75,26.5,26.1,.9,.5,.8,1.3,4.7,6.4
22105,2013-08-25,2.8,1006.2,75,25.6,26.1,.7,.4,.5,1.1,5,9.1
22105,2013-08-26,2.5,1004.9,77,25,25.3,1,.6,1.1,1.7,6.8,9.1
22105,2013-08-27,2.9,1006.7,80,25.6,25.5,1.4,.9,1.1,1.7,7.8,8
22105,2013-08-28,6.4,,82,25.4,25.6,1.5,.9,1.2,2.2,5.7,7.1
22105,2013-08-29,7.2,999.2,87,25,24.3,1.9,1.2,1.7,2.8,5.1,6.4
22105,2013-08-30,3.7,1001.4,93,24.6,23.9,1.5,.9,1.5,2.4,6.1,8
22105,2013-08-31,8,1006.7,79,22.2,23.6,3.9,2.4,3,5,7.9,9.1
22105,2013-09-01,2.7,1012.9,70,22.7,24.7,3.1,2,2.4,3.9,8.1,9.1
22105,2013-09-02,1.8,,70,23.4,25,2.8,1.7,2.2,3.9,8.2,9.1
22105,2013-09-03,4.1,,76,22.8,25,2,1.3,1.7,2.7,7.4,8
22105,2013-09-04,8.7,1012.5,72,21.8,24.2,2.8,1.8,2.3,3.6,6,7.1
22105,2013-09-05,4.8,1018.2,68,21.3,22.9,2.3,1.4,2.1,3.4,6.7,7.1
22105,2013-09-06,2.7,1019.7,69,21.4,22.5,2,1.3,1.6,2.7,7.7,9.1
22105,2013-09-07,1.4,1017.6,68,22,22.9,1.7,1,1.4,2.2,8.9,10.7
22105,2013-09-08,2.7,,75,22.3,22.9,1,.6,.8,1.4,7.4,9.1
22105,2013-09-09,1.9,,76,22.3,23.2,.6,.4,.6,.9,5.7,7.1
22105,2013-09-10,4,1014.3,80,23.2,23.3,.5,.3,.4,.7,2.9,6.4
22105,2013-09-11,4.1,1013.9,84,23.1,23,.6,.4,.6,1,2.9,3.8
22105,2013-09-12,3,1016.3,88,22.8,23.3,.5,.3,.5,.9,2.9,3.8
22105,2013-09-13,6,1011.2,89,24.2,23.4,1.1,.7,1.2,2.1,4,8
22105,2013-09-14,4.6,1009.3,87,23.1,23.5,.9,.6,.8,1.2,3.8,5.8
22105,2013-09-15,5.9,1007.9,81,23,22.9,1,.6,1.1,2,3.5,5.3
22105,2013-09-16,5.6,1011.6,62,22.1,23.4,3.6,2.2,3.2,5.4,7.3,9.1
22105,2013-09-17,4.3,,80,22.8,22.5,1.6,1,1.6,2.6,7.1,8
22105,2013-09-18,2.6,1020.9,83,23.1,22.9,.9,.5,.7,1.2,5.7,8
22105,2013-09-19,4.4,1019.9,84,22.5,22.9,1.2,.8,1,1.8,4.6,6.4
22105,2013-09-20,3.9,1014.6,82,23.6,22.9,1.3,.8,1.3,2.2,4.5,5.3
22105,2013-09-21,3.8,,80,23.7,25.3,.8,.5,.9,1.4,4.4,8
22105,2013-09-22,7.7,1019.8,68,22.9,25.2,2.7,1.7,2.3,3.7,6.5,7.1
22105,2013-09-23,4.3,1017.3,67,22.8,25.3,1.6,1,1.2,2.2,5.9,6.4
22105,2013-09-24,4.9,1010.4,81,23.4,25.2,1.6,1,2.1,3.5,5.9,9.1
22105,2013-09-25,7.8,,71,19.9,24.8,3.6,2.2,3.1,5.4,7.3,8
22105,2013-09-26,4,,54,19.2,23.4,2.6,1.6,2,3.6,7.2,8
22105,2013-09-27,6.9,1018.1,63,20.8,23.6,1.7,1.1,1.3,2.2,5.5,7.1
22105,2013-09-28,5.5,1016.6,63,22.1,24.2,1.2,.8,1.3,2.3,4.3,6.4
22105,2013-09-29,5,1016.7,84,20.5,24.1,1.3,.8,1.3,2.2,4.5,6.4
22105,2013-09-30,7,1016.8,88,21.6,24.7,2.4,1.5,2.2,3.6,6,7.1
22105,2013-10-01,5.6,1016.9,79,21,24.5,2.3,1.4,1.9,3.2,6.7,9.1
22105,2013-10-02,6.2,1010,72,22.2,24.9,2,1.3,1.7,2.9,7.6,9.1
22105,2013-10-03,4.7,1016,52,19.7,24.7,2.9,1.7,3.1,4.7,7.4,9.1
22105,2013-10-04,3,1020.7,58,20.9,23.8,1.1,.7,.9,1.6,5.8,7.1
22105,2013-10-05,3.7,1023.1,63,21.8,24.5,1.1,.7,.9,1.7,5.4,6.4
22105,2013-10-06,7,1025.3,80,22.4,24.2,1.9,1.2,1.6,2.5,5.2,6.4
22105,2013-10-07,3.6,1020.6,83,22.7,24.1,1.5,1,1.4,2.4,6,6.4
22105,2013-10-08,7.9,1014.8,89,21.7,23.8,2.4,1.5,3.3,5.6,5.8,8
22105,2013-10-09,7.4,1014.3,79,20.6,23.9,4.5,2.8,4,7.4,8,9.1
22105,2013-10-10,7.4,1013.9,83,22.6,24.5,2.3,1.5,2.5,3.6,7.9,9.1
22105,2013-10-11,9.4,1007.4,58,22.7,24.5,2.2,1.3,1.9,3.4,5.1,7.1
22105,2013-10-12,9.2,1016.8,46,19.5,23.9,3.3,2,2.7,5.7,6.8,8
22105,2013-10-13,5.1,1021.6,60,20.3,23.9,1.5,1,1.3,2,5.4,7.1
22105,2013-10-14,7.7,,72,21.9,24.1,1.7,1.1,1.3,2.2,4.7,7.1
22105,2013-10-15,12.8,1016.9,78,16.4,23.5,5.8,3.8,6.8,10.9,8,10.7
22105,2013-10-16,9.9,1020.1,58,13.5,21.9,6.2,4,4.8,7.7,9.4,10.7
22105,2013-10-17,3.8,1028.6,54,15.7,22.8,4.2,2.7,3.6,6.5,10.3,10.7
22105,2013-10-18,5.6,1029.5,54,17.5,22.6,2.3,1.4,2.1,3.4,8.9,10.7
22105,2013-10-19,4.4,1026.2,61,18.3,22.4,1.4,.9,1,1.6,6.6,8
22105,2013-10-20,8.8,1019,86,17.6,22,2.7,1.7,2.3,3.7,6.2,7.1
22105,2013-10-21,9.4,1020,72,17,21,3.4,2.1,2.4,3.8,6.6,7.1
22105,2013-10-22,8.6,1024.3,66,17.2,21,3.7,2.2,2.8,4.6,7.6,9.1
22105,2013-10-23,6.3,1021.8,69,17.7,20.8,3.2,2,2.3,3.9,7.8,9.1
22105,2013-10-24,6.1,1015.3,66,17.9,20.8,2.3,1.4,1.9,3.5,7.3,8
22105,2013-10-25,8.6,1014.3,60,14.9,20.1,3.2,2,3,5,7.2,8
22105,2013-10-26,6.2,1014.9,60,14.7,19.7,3.1,1.9,2.6,4.4,7.2,9.1
22105,2013-10-27,2.1,1020,46,16.7,20.2,2.1,1.3,1.9,3,7.4,8
22105,2013-10-28,1.3,1023.1,47,17.3,20.5,1.7,1.1,1.2,2.1,7.8,10.7
22105,2013-10-29,3.3,1020.8,47,18.3,20.5,1.4,.8,1,1.8,8.5,10.7
22105,2013-10-30,7.3,1022.9,63,16.1,19.9,2.2,1.4,1.6,2.9,5.6,8
22105,2013-10-31,3.8,1025.6,66,16.7,20,2,1.2,1.8,3.5,7.1,8
22105,2013-11-01,6.2,1026.1,64,17.5,20.2,1.2,.7,.9,1.5,3.3,5.3
22105,2013-11-02,7.3,1021.3,68,18.7,20.4,1.4,.9,1.2,2.2,3.5,4.6
22105,2013-11-03,3.4,1018.7,60,17.6,20.2,1.2,.7,1,1.7,4.8,5.8
22105,2013-11-04,7.6,1022.5,61,16,20.1,2.2,1.4,1.8,2.9,5.7,7.1
22105,2013-11-05,5.5,1025.1,52,16.4,19.6,1.7,1.1,1.4,2.6,5.4,7.1
22105,2013-11-06,6.6,1018.7,56,17.6,19.2,1.7,1,1.3,2,4.3,4.9
22105,2013-11-07,7.5,1014.1,46,17.3,19.3,2.1,1.3,1.8,3,5.5,7.1
22105,2013-11-08,7.9,1025.9,59,14.1,18.9,3.3,2.1,2.6,4.6,7.6,8
22105,2013-11-09,8.5,1022.6,,16.6,18.8,2.7,1.7,2.2,3.7,6.8,10.7
22105,2013-11-10,8.3,1012.5,62,13.1,18.8,3.7,2.3,4,6.3,7.3,10.7
22105,2013-11-11,9.3,1018.2,58,8.5,18.7,5,3,4.2,6.9,8.2,9.1
22105,2013-11-12,7.7,1018.1,52,9.3,18.5,3.3,2,2.3,4.1,7,8
22105,2013-11-13,5.5,,62,10.5,17.7,2.9,1.8,2.6,3.8,7.4,8
22105,2013-11-14,6.8,1018.6,47,13.6,17.6,1.8,1.1,1.6,2.8,5.5,8
22105,2013-11-15,4.6,1018.7,56,13.5,18.3,1.3,.8,1.2,2.1,4.6,5.8
22105,2013-11-16,3.6,1016.4,56,13.6,18.9,.9,.6,.7,1.5,4.5,5.3
22105,2013-11-17,10.2,1008.5,49,11.8,18.3,2.8,1.7,3.1,5.1,5.2,8
22105,2013-11-18,12.3,1008.6,49,6.7,17.6,4.2,2.7,3,4.9,7.5,9.1
22105,2013-11-19,9.3,1010.7,56,6,17.4,3.2,2,2.4,3.9,7.2,8
22105,2013-11-20,7.5,1015.8,54,7.2,17,2.7,1.6,1.9,3.3,6.7,8
22105,2013-11-21,3,1020.3,52,8.4,17.2,2,1.3,1.8,3,7,8
22105,2013-11-22,4.7,1021.6,50,10.3,16.7,1.8,1.1,1.3,2.4,7,10.7
22105,2013-11-23,3.2,1021.1,44,12.4,17.7,1.6,1,1.1,2,6.4,9.1
22105,2013-11-24,6,1016.2,57,13.8,17.6,1.7,1.1,2.5,4.2,5,5.8
22105,2013-11-25,14.3,999.3,61,12.3,17.2,5.4,3.5,4.3,7.2,7.6,9.1
22105,2013-11-26,10,1013.9,47,7.1,16.7,4.6,2.7,3.8,7.6,7.8,9.1
22105,2013-11-27,8.9,1012,57,6.9,16.8,2.8,1.7,3.1,5.7,5.4,7.1
22105,2013-11-28,9.5,1015.8,57,2.5,16.9,4.1,2.5,3.2,5.8,7.5,8
22105,2013-11-29,8,1015.8,52,4.6,16.4,3.1,1.9,2.6,4.8,6.7,8
22105,2013-11-30,5.2,,49,9.8,16.6,1.8,1.1,1.4,2.4,5.6,6.4
22105,2013-12-01,4.8,1018.3,49,10.9,16.3,1.7,1.1,1.3,2,6.6,8
22105,2013-12-02,5.1,1018.2,49,10,16.2,1.7,1.1,1.3,2.1,5.6,7.1
22105,2013-12-03,3.5,,50,10.5,16.3,.9,.6,.8,1.3,4.6,5.8
22105,2013-12-04,5.2,1018,53,11.2,16.6,1.2,.8,1.2,2,4.5,5.3
22105,2013-12-05,5.8,1015.8,49,12,16.7,1.7,1,1.3,2.2,5.2,6.4
22105,2013-12-06,8,,56,8.5,16.3,2.9,1.8,2.3,4.3,6.9,8
22105,2013-12-07,6.4,1020.8,54,8.7,15.5,2.3,1.4,2,3.3,6.4,8
22105,2013-12-08,2.1,1022.8,54,10.4,15.8,1.5,.9,1.2,1.9,6.5,8
22105,2013-12-09,9.1,1008.6,68,11.7,15.5,2.3,1.4,2.7,4.9,4.7,6.4
22105,2013-12-10,8.4,1009.8,69,6.8,15.8,6.4,4.1,5.3,9.7,9.5,10.7
22105,2013-12-11,10.5,1008.3,52,5.5,15.8,4.5,2.9,3.7,6,8.9,10.7
22105,2013-12-12,10.3,1014.2,59,4.2,15.9,4.6,2.9,3.5,5.7,7.7,9.1
22105,2013-12-13,12.2,1017.2,55,1,15.1,5.1,3.1,3.8,7.1,7.6,9.1
22105,2013-12-14,10,1021.4,52,3.1,15,4,2.5,2.8,4.8,7.1,8
22105,2013-12-15,7.7,1027.5,57,3.8,15.3,3.4,2.1,2.4,4.4,7.2,9.1
22105,2013-12-16,2.3,1028.3,52,6.8,15.1,2.9,1.9,2.3,3.9,9.2,10.7
22105,2013-12-17,7.8,1026.8,70,6.8,14.8,4.4,2.7,3.1,5.8,10.5,12.8
22105,2013-12-18,8.8,,66,6.7,15.1,3.3,2.1,2.8,4.6,7.8,10.7
22105,2013-12-19,9.2,1015.7,67,4,15,3.6,2.3,2.7,4.3,6.8,8
22105,2013-12-20,13,1014.4,74,4.3,14.7,7.1,4.3,6.7,12.1,9.3,12.8
22105,2013-12-21,9.5,1022.2,65,5.2,14.2,6.7,4.3,6.1,9.9,10.5,12.8
22105,2013-12-22,4.8,1027,76,4.5,14.4,4.5,2.9,3.6,5.3,9.2,10.7
22105,2013-12-23,5.1,1024.5,72,5.7,14.6,3.1,1.9,2.3,3.8,8.8,10.7
22105,2013-12-24,7.5,1028.1,66,5.8,14.4,3,1.8,2.5,4.5,6.7,9.1
22105,2013-12-25,5.1,1026.5,51,8.3,14.7,2.6,1.6,2.3,3.4,8.1,9.1
22105,2013-12-26,7.5,1016.5,57,6.5,15.1,2.2,1.4,1.9,3,6,9.1
22105,2013-12-27,11.1,1014.5,78,2,14.7,4.8,3,4,6.2,7.7,9.1
22105,2013-12-28,8.7,1017,57,.8,14.1,5.2,3.2,3.9,7.1,10,12.8
22105,2013-12-29,8.9,1016.7,49,2.8,13.7,3.5,2.2,3,5.7,8.9,10.7
22105,2013-12-30,8.6,1013.9,49,6.7,13.9,2.5,1.5,2,3.7,5.9,8
22105,2013-12-31,8,1010.2,45,8,14.2,2.2,1.3,1.6,2.8,5.1,7.1
22105,2014-01-01,10.4,,43,8.3,14.5,3.5,2.2,2.9,4.5,7.1,9.1
22105,2014-01-02,4.8,1018,43,7.2,13.9,3,1.9,3,4.8,7.5,9.1
22105,2014-01-03,6,1015,41,9.7,13.7,1.7,1,1.4,2.4,5.3,7.1
22105,2014-01-04,9.3,1018.2,70,4.3,12.6,3.6,2.2,3,4.9,7.1,9.1
22105,2014-01-05,6.2,1021.6,78,4.1,12,2.7,1.7,2,3.5,6.7,8
22105,2014-01-06,5.3,1026.6,72,5.4,12.8,2.2,1.5,2.4,3.6,5.6,6.4
22105,2014-01-07,3.8,1023.1,48,7.5,12.8,1.3,.8,1,1.7,6.6,9.1
22105,2014-01-08,5.8,1017.2,62,7.5,12.8,1.6,1,2.4,4.4,5.3,7.1
22105,2014-01-09,10,1022.8,73,-.5,12.2,5.8,3.6,4.9,7.1,8.9,10.7
22105,2014-01-10,7.6,1027.8,49,.8,12.7,2.6,1.6,2,3.5,6.5,9.1
22105,2014-01-11,6.4,1028.3,45,3.2,12.1,2.1,1.3,1.7,2.9,5.6,7.1
22105,2014-01-12,8.4,1024.5,55,3.9,12.2,2.6,1.6,2,3.1,5.9,7.1
22105,2014-01-13,6.2,1028.5,60,.9,11.7,3.4,2.1,2.9,5.8,8,9.1
22105,2014-01-14,5,1030.3,52,2.2,12.1,2.4,1.5,1.8,3.1,7.2,8
22105,2014-01-15,7.1,1029.1,54,3.4,11.7,2.7,1.7,2.3,3.6,7.1,10.7
22105,2014-01-16,4.7,1027.2,52,4.6,12.2,2,1.3,1.6,2.6,6.5,9.1
22105,2014-01-17,6.3,1024.5,61,4.6,12.3,2.2,1.4,1.7,2.7,6.3,7.1
22105,2014-01-18,10.4,1022.4,60,3.2,12.2,3.7,2.3,3.7,5.5,6.5,8
22105,2014-01-19,5.8,1027,60,3.2,11.9,3.1,1.9,2.5,4.4,7.6,9.1
22105,2014-01-20,5,1017,53,5.1,11.8,1.9,1.2,1.5,2.4,7.7,9.1
22105,2014-01-21,10.1,1020.2,75,1.6,11.7,3.7,2.3,3.5,5.4,7.2,8
22105,2014-01-22,4.9,1024.8,56,2.6,11,2.2,1.3,1.9,3.7,6.6,8
22105,2014-01-23,4.4,,54,5.8,11,1.3,.8,1.2,2.2,3.9,6.4
22105,2014-01-24,4.3,,51,9,10.7,1.9,1,1.3,2.5,2.8,5.3
22105,2014-01-25,7,,78,8.7,9.5,1.9,1,1.5,2.6,2.8,4.9
22105,2014-01-26,6.5,,74,1.9,8.7,3.7,2.1,3.4,6,5.3,9.1
22105,2014-01-27,8.5,,47,6.8,8.7,2.5,1.4,1.8,3.2,3.3,5.3
22105,2014-01-28,5.7,,51,6.6,9.2,2.8,1.5,2.2,3.6,4.3,7.1
22105,2014-01-29,6,,59,8.5,9.2,2.3,1.3,1.9,3.3,4.2,8
22105,2014-01-30,6.8,,66,9.4,9.1,2.5,1.5,2.6,4.3,4.7,7.1
22105,2014-01-31,5.3,,47,6.4,9.1,2.9,1.6,2.4,4.4,4.6,9.1
22105,2014-02-01,5.2,,77,7.9,9.1,1.6,.9,1.2,2,3.6,8
22105,2014-02-02,2.7,,83,8.3,9.8,1.5,.9,1.1,2,4.6,7.1
22105,2014-02-03,8.7,,67,5.1,8.9,3.2,1.7,3,4.9,4,9.1
22105,2014-02-04,10.1,,66,-.5,8,4.5,2.5,3.2,5.9,6.4,9.1
22105,2014-02-05,5.5,,69,-1.2,8.1,3.4,2.1,2.6,4.6,8,9.1
22105,2014-02-06,3.6,1026.2,63,2.4,9.9,2.2,1.3,1.7,2.7,7,9.1
22105,2014-02-07,10.7,1023.3,79,3.4,11.3,4.1,2.5,3,5.5,6.6,7.1
22105,2014-02-08,8.5,1018.7,73,2.9,10.9,3.2,2,2.8,4.8,6.5,7.1
22105,2014-02-09,9.8,1020.2,81,1.6,10.5,3.3,2.1,3,4.6,6.8,8
22105,2014-02-10,9.2,1027.4,69,-.5,10,4.1,2.8,3.4,4.9,8.3,9.1
22105,2014-02-11,5.3,1028.9,58,-.2,10,3.3,2.1,2.5,3.7,8.9,9.1
22105,2014-02-12,5.2,1029.4,77,1.8,10,2.6,1.6,1.9,3,8.5,9.1
22105,2014-02-13,8.4,1031.7,68,2.5,10.7,2.7,1.6,2,3.5,5.8,7.1
22105,2014-02-14,7.5,1029.7,62,2.5,10.3,2.3,1.4,1.6,2.7,6.3,7.1
22105,2014-02-15,6.4,1026.4,65,4,10.5,2.4,1.5,1.9,3.2,7.2,9.1
22105,2014-02-16,2.9,1027.2,62,6.9,10.9,2.8,1.7,2.1,3.6,9.1,10.7
22105,2014-02-17,8.7,1029,68,4.2,9.6,3,1.8,2.6,4,7.7,9.1
22105,2014-02-18,7.9,1029.8,63,.8,8.9,3.6,2.2,2.5,5,7.9,9.1
22105,2014-02-19,3.5,1027.3,57,1.9,8.1,3.3,2,2.3,4.2,8.9,10.7
22105,2014-02-20,4.4,1025.9,78,3.7,8.5,3,1.8,2.1,3.5,9.4,10.7
22105,2014-02-21,4.1,1029.2,82,3.3,10.3,2.2,1.4,1.9,3.1,8.1,9.1
22105,2014-02-22,4.8,1031.2,81,4.3,10.4,1.8,1.1,1.3,2.1,6.9,8
22105,2014-02-23,3.7,1030.9,85,4.8,10.4,1.8,1.1,1.3,2.2,6.1,9.1
22105,2014-02-24,2.2,1027.6,67,7.2,10.5,1.2,.8,1.1,1.8,7.5,9.1
22105,2014-02-25,3.7,1027.6,56,9.4,10.9,.7,.4,.6,1,4.5,7.1
22105,2014-02-26,6,1025.7,73,9.8,11,1.2,.7,1,1.6,3.8,5.3
22105,2014-02-27,2.6,,88,9.8,10.2,1.4,.9,1.1,1.8,5.5,5.8
22105,2014-02-28,7.4,1023.6,69,7,9.8,2.6,1.6,2,3.6,6.4,8
22105,2014-03-01,6.8,1019,80,7.6,10.1,2.2,1.4,2.1,3.2,5.8,8
22105,2014-03-02,8.3,1020.2,73,4.8,9.2,2.9,1.8,2.3,4.1,6.7,8
22105,2014-03-03,5.4,1027.3,58,5.5,9.4,1.9,1.1,1.7,2.5,6.1,8
22105,2014-03-04,9.4,,60,9.3,10,2.1,1.3,1.7,2.8,4.6,5.8
22105,2014-03-05,8.8,1020,67,3.8,10.8,3.1,2,3.2,4.8,6.8,9.1
22105,2014-03-06,6.1,1024.5,47,2.4,9.9,2.8,1.8,2.9,4.9,6.8,8
22105,2014-03-07,7.6,1026.2,53,2.1,8.8,2.7,1.6,2.2,3.5,6.1,7.1
22105,2014-03-08,5.2,1022.9,46,4,10,2.1,1.3,2.1,3.4,6.4,8
22105,2014-03-09,9.1,1018.4,51,4.4,11.2,2.8,1.7,2.6,4.5,5.9,8
22105,2014-03-10,6.4,1024.8,51,3.8,10.8,2.7,1.7,2.4,3.8,7.2,9.1
22105,2014-03-11,6.2,1022.6,46,9.7,11.7,1.9,1.1,1.6,2.9,6.3,9.1
22105,2014-03-12,6,1018,64,10,11.8,1.9,1.2,1.6,2.9,4.9,7.1
22105,2014-03-13,11.1,1015,74,4.4,12.2,4.2,2.7,3.4,5.9,7.2,8
22105,2014-03-14,5.6,1018,57,4.5,12.1,3.1,1.9,2.6,4.7,7.6,8
22105,2014-03-15,6.4,1016.9,49,9.7,11.9,2.1,1.3,1.6,2.7,7.6,9.1
22105,2014-03-16,6.6,1020.4,67,10.4,11,1.9,1.2,1.5,2.5,5.4,7.1
22105,2014-03-17,7.2,1016.6,81,11.8,10.2,2.1,1.3,2.2,4.6,4.9,6.4
22105,2014-03-18,8.6,1014.4,74,10.3,10.5,3,1.8,2.3,3.9,6.1,7.1
22105,2014-03-19,4.5,1019.6,58,7.8,11.1,2,1.2,1.9,3.3,6.5,8
22105,2014-03-20,6.3,1012.1,78,6.4,11.9,2.4,1.5,2.6,4.3,6.6,9.1
22105,2014-03-21,6.2,1018.2,62,5.8,11.3,3.1,1.9,2.3,3.9,6.5,7.1
22105,2014-03-22,4.6,1021.7,54,9.6,10.7,2.1,1.3,1.6,2.9,8.2,9.1
22105,2014-03-23,3.6,1024.4,68,12.1,11.1,1.2,.8,1.2,2,7.8,9.1
22105,2014-03-24,3.5,1019.6,68,12.7,12.2,1,.6,.9,1.5,5.2,7.1
22105,2014-03-25,5.1,1013.4,82,13.3,12.9,1.4,.9,1.3,2.1,4.8,6.4
22105,2014-03-26,2.6,,94,12.7,12.7,.9,.6,.9,1.4,4.9,5.8
22105,2014-03-27,5.4,1015.9,92,11.8,12.5,1.2,.8,1.2,1.9,5.6,7.1
22105,2014-03-28,6.9,,85,13.4,12.5,1.7,1.1,1.3,2.3,5.2,6.4
22105,2014-03-29,5.3,1009.3,86,13.4,12.9,1.5,.9,1.4,2.4,4.5,5.8
22105,2014-03-30,10.2,1010.1,83,8.6,12.1,3.5,2.2,2.9,4.9,6.3,8
22105,2014-03-31,4.1,1016.2,79,11,11.8,2.1,1.3,1.7,3.2,7.1,9.1
22105,2014-04-01,4.5,1016.2,91,11.9,12.3,1.6,1,1.5,2.6,7.4,9.1
22105,2014-04-02,4.7,1015.4,86,12.9,12.3,1.1,.7,.9,1.5,4.4,5.3
22105,2014-04-03,7.3,,89,8.8,12.2,1.9,1.2,3.9,6.8,4.7,8
22105,2014-04-04,8.9,1011.9,66,5.8,11.6,4.7,2.8,4.2,7.6,8,9.1
22105,2014-04-05,4.4,1013.4,63,6.9,12.8,3.1,1.9,2.4,4.1,8.6,10.7
22105,2014-04-06,6.7,1017,62,7.5,12.5,3,2,2.6,4.2,10.4,10.7
22105,2014-04-07,4.3,1012.9,65,13.8,13.1,1.9,1.2,1.6,2.5,11.8,12.8
22105,2014-04-08,5.1,1015.6,79,12.4,13,1.6,1,1.3,2.1,10.2,10.7
22105,2014-04-09,3.6,1014,77,13.8,13.3,.9,.6,.7,1.2,9.2,10.7
22105,2014-04-10,5.9,1020.3,60,10.6,12.8,2.1,1.3,1.8,3,5.9,9.1
22105,2014-04-11,5.9,1020.8,72,11.3,12.8,1.3,.8,1,1.7,3.8,6.4
22105,2014-04-12,6.6,,73,12.5,13.5,1.4,.9,1.4,2.1,4,4.9
22105,2014-04-13,2.9,1018.9,77,12.8,14,.9,.6,.7,1.1,5.7,9.1
22105,2014-04-14,5.6,,73,13,14.6,1.5,.9,1.5,2.3,7.7,10.7
22105,2014-04-15,4.7,1014.5,75,15.6,14.7,1.2,.7,1.5,2.4,4.5,8
22105,2014-04-16,3,1014.2,88,14,14.6,1,.6,1.1,1.7,4.4,5.8
22105,2014-04-17,3.5,1014.3,87,13,14.6,1,.6,.7,1.3,4.4,5.8
22105,2014-04-18,5.6,1017.4,74,11.7,14.6,1.4,.9,1.1,1.9,4.6,5.3
22105,2014-04-19,4.5,1023.5,60,11.7,14.3,1.8,1.1,1.5,2.6,4,6.4
22105,2014-04-20,6.8,1018.4,71,11.2,14.3,2.1,1.2,1.4,2.4,3.6,6.4
22105,2014-04-21,4.3,1013.8,72,14.3,14.3,1.2,.8,1.3,2.3,4.5,6.4
22105,2014-04-22,3.7,,70,14.8,15,.7,.4,.6,1.1,4,8
22105,2014-04-23,4.1,,72,15.6,15.6,.5,.3,.6,1,3.4,8
22105,2014-04-24,6.1,1020.5,82,15.5,15.6,1,.7,1.1,1.6,3.4,4.3
22105,2014-04-25,4.4,1022.5,81,16.2,16,.9,.5,1,1.8,3.8,4.9
22105,2014-04-26,8.3,1021.5,77,16.2,15.4,1.5,1,1.3,2.5,3.8,4.6
22105,2014-04-27,4.6,1020,86,15.7,15.1,1.1,.7,1.1,1.8,4.1,5.8
22105,2014-04-28,5.7,1018.1,83,14.4,15.1,1.1,.7,1.1,1.8,4.4,5.3
22105,2014-04-29,9.6,1010.5,92,14,15.1,3.3,2.2,2.7,4.2,6.4,7.1
22105,2014-04-30,7.2,1009.9,92,12.6,15.1,3.1,1.9,2.8,4.3,6.2,7.1
22105,2014-05-01,3.6,,88,14.4,14.8,1.2,.8,1.2,2,5.3,6.4
22105,2014-05-02,5.3,1008.9,78,16.9,15.5,1.3,.8,1.4,2.4,4.6,5.3
22105,2014-05-03,8.1,1014.9,57,15.2,15.7,3,1.8,2.6,4.3,6.2,8
22105,2014-05-04,7.8,1012.6,71,15.5,15.3,2,1.2,1.7,2.9,5.1,8
22105,2014-05-05,6.3,1013.4,45,13.1,14.8,2.7,1.7,2.2,3.6,6.1,8
22105,2014-05-06,7.7,1016.1,53,14,15.1,1.8,1.1,1.5,2.4,4.9,6.4
22105,2014-05-07,8.6,1012.8,72,15,14.7,2.2,1.4,2.5,4.6,5.1,7.1
22105,2014-05-08,7.4,1008.5,76,14.5,14.7,2.2,1.4,2.1,3.4,5.4,7.1
22105,2014-05-09,4.7,1018.1,68,14.3,15.1,1.1,.7,1.1,1.6,4.6,7.1
22105,2014-05-10,3.7,1022.7,75,14.8,15,1.3,.8,1.3,2.2,7.3,9.1
22105,2014-05-11,6.5,,85,14.8,15.2,1.5,.9,1.2,2,6,8
22105,2014-05-12,7.7,1002.9,79,16.8,15.1,3.5,2.2,3,5.1,6.9,8
22105,2014-05-13,6.6,1003.9,65,18.5,15.3,2,1.2,1.4,2.6,5.3,7.1
22105,2014-05-14,5.7,1000,76,17.8,16,1.4,.9,1.3,2.1,4.4,5.8
22105,2014-05-15,3.3,997.6,80,17.2,16.4,1,.6,1.2,2.1,4.2,5.8
22105,2014-05-16,5.2,1006.2,58,18.6,16.7,1.8,1.1,1.8,2.6,6.6,9.1
22105,2014-05-17,4.9,1012.8,79,16.6,16.8,3.3,2.1,2.7,4.3,10.5,10.7
22105,2014-05-18,5,1013.7,84,17,17,2.1,1.4,1.9,2.9,9.6,10.7
22105,2014-05-19,4.2,,83,18.2,17.1,2,1.2,1.6,2.4,9.6,10.7
22105,2014-05-20,4.9,,82,18.4,17.1,1.4,.9,1.2,1.9,7.9,10.7
22105,2014-05-21,5.1,,84,15.7,16.9,1.3,.8,1.3,2.2,4.3,5.3
22105,2014-05-22,3.2,1013.3,79,15.6,17.2,1.2,.8,1,1.6,6.3,8
22105,2014-05-23,5.1,1019.2,76,16.5,17.1,2,1.2,1.8,2.8,7.3,9.1
22105,2014-05-24,5.7,1013.7,82,19.5,17.7,2.1,1.3,2,3.5,6.5,9.1
22105,2014-05-25,5.9,1008.4,84,19,17.6,2,1.2,2.8,4.4,5.7,7.1
22105,2014-05-26,6.8,999.2,79,18.7,17,2.6,1.6,2.5,4.1,6.8,9.1
22105,2014-05-27,6.2,997.9,67,19.8,16.8,2,1.2,1.5,2.8,6.6,8
22105,2014-05-28,5.7,1000,78,19,16.5,2.1,1.4,1.9,3.1,6.5,8
22105,2014-05-29,4.4,1004.8,81,19.4,16.9,1.3,.8,1.2,2.2,5,7.1
22105,2014-05-30,1.7,1008.5,76,21.4,18.3,.8,.5,.7,1.1,4.2,4.9
22105,2014-05-31,2.9,1011.7,82,21.3,19.4,.5,.3,.4,.6,4.1,7.1
22105,2014-06-01,3,1009.9,80,21.3,18.5,.5,.3,.5,.8,3.5,4.3
22105,2014-06-02,2.1,1009.7,88,19,17.7,.8,.5,.7,1.2,3.8,4.9
22105,2014-06-03,3.1,1009.3,92,18.3,17.7,.5,.3,.5,.9,3.7,4.9
22105,2014-06-04,4.5,1008.1,95,18.1,18,1,.6,.8,1.5,4.5,6.4
22105,2014-06-05,3.7,1006.4,91,18.7,18.2,1.5,.9,1.5,2.4,5.5,7.1
22105,2014-06-06,4.5,1006.2,81,18.2,18.3,1.5,.9,1,1.6,5.8,7.1
22105,2014-06-07,4.5,1007,82,17.7,18.3,1.2,.7,.8,1.4,6.1,7.1
22105,2014-06-08,4.4,,84,18.2,18.4,1.2,.7,1,1.5,6,7.1
22105,2014-06-09,3.4,,86,18.4,18.8,1.4,.9,1,1.7,6.4,7.1
22105,2014-06-10,3.3,1012.3,86,19.1,19,1.4,.9,1.1,1.7,7,8
22105,2014-06-11,5.9,1008.2,90,17.7,19.2,1.5,1,1.1,1.9,6.4,8
22105,2014-06-12,6,1003.2,86,17.6,19.1,1.5,.9,1.1,1.9,5.2,6.4
22105,2014-06-13,2.4,1004.3,78,19.6,19.3,1.4,.9,2.1,3,6.8,10.7
22105,2014-06-14,4.3,1005.5,83,21.1,20.1,2.4,1.5,2,3.6,9.9,10.7
22105,2014-06-15,3.2,1004.3,77,22.7,21.1,1.7,1,1.5,2.5,9.8,10.7
22105,2014-06-16,2.5,1004.6,74,23.4,21.7,.9,.6,.7,1.1,7.7,9.1
22105,2014-06-17,3.1,,86,21.2,21.8,.9,.6,.7,1.1,5.1,6.4
22105,2014-06-18,2.9,1005.7,77,21.8,21.2,1,.6,.7,1.2,5.6,7.1
22105,2014-06-19,5,1005,87,21.6,21.2,1.1,.7,1.1,1.7,4.3,6.4
22105,2014-06-20,4.7,1010.5,82,19.7,20.8,1.8,1,1.5,2.6,5.8,7.1
22105,2014-06-21,4.6,1010.7,81,20,20.7,1.1,.7,.8,1.3,5.2,5.8
22105,2014-06-22,3.4,1008.9,75,20.2,20.6,1,.6,.7,1.2,4.7,5.3
22105,2014-06-23,3.4,1007.1,77,20.4,21,.8,.5,.6,1.1,4.9,5.8
22105,2014-06-24,2.6,1006.7,83,21.1,21.5,.6,.4,.5,.8,4.9,5.8
22105,2014-06-25,5.1,1008.4,87,21.4,21.4,.7,.4,.7,1.2,3,5.8
22105,2014-06-26,5.8,1007.4,89,21.8,21.6,1.1,.7,.8,1.4,3.5,4.3
22105,2014-06-27,6.3,1004.9,85,22.1,21.7,1.2,.8,1.1,2,3.7,4.6
22105,2014-06-28,3.5,1001.8,85,22.2,22.2,.5,.3,.4,.6,2.9,4.9
22105,2014-06-29,3.7,1005.4,85,21.6,22.3,.6,.4,.6,.9,3.8,4.6
22105,2014-06-30,2.9,1009,84,22.2,22.6,.6,.4,.6,.9,4.5,5.3
22105,2014-07-01,4.6,1010.6,87,22.7,22.8,.5,.3,.4,.6,4.4,8
22105,2014-07-02,4.7,1009.3,86,23,22.9,.6,.4,.5,.8,2.8,4
22105,2014-07-03,5.1,1003.2,88,22.4,22.7,1.3,.8,1.4,2.2,4.3,5.8
22105,2014-07-04,4.8,1006.7,85,22.4,22.1,2.1,1.3,1.6,2.7,6.4,7.1
22105,2014-07-05,4,1011.7,79,21.9,21.8,1.7,1.1,1.3,2.1,6.4,7.1
22105,2014-07-06,1.6,1008.7,86,21.4,21.9,1.2,.8,1.1,1.7,6.5,7.1
22105,2014-07-07,2.2,1007.5,88,22.1,22.2,.7,.4,.6,1,5.7,7.1
22105,2014-07-08,5.3,1006.9,91,22.8,21.6,1.1,.7,1.2,2,3.5,4.3
22105,2014-07-09,4.5,1003.2,91,23,21.4,.9,.6,.9,1.4,5.2,12.8
22105,2014-07-10,3.6,994.8,92,23.3,23,1.1,.7,1.1,1.8,5.9,12.8
22105,2014-07-11,3.5,997.9,73,25.3,23.7,.9,.6,.8,1.2,5.5,6.4
22105,2014-07-12,4,1002.4,71,25.2,23.7,1,.6,.7,1.3,5.5,6.4
22105,2014-07-13,5.3,1001.2,76,24.1,23.5,1,.6,1,1.8,4.3,5.3
22105,2014-07-14,3.8,1006.2,78,24.6,23.8,.7,.4,.7,1,4.3,5.8
22105,2014-07-15,3.8,1009.6,88,22.9,22.2,.8,.5,.8,1.2,4.1,5.8
22105,2014-07-16,3,1009,86,22.9,20.9,.7,.5,.7,1.1,4.4,5.3
22105,2014-07-17,3.8,1010.1,88,22.4,21,.7,.5,.8,1.2,4.3,5.3
22105,2014-07-18,3.1,1010.5,87,22.1,20.5,.5,.3,.5,.8,4.7,5.3
22105,2014-07-19,1.4,1011.3,87,24.2,21.6,.4,.3,.4,.6,4.7,6.4
22105,2014-07-20,1.9,1011.4,86,24.4,23.3,.3,.2,.2,.3,4.1,7.1
22105,2014-07-21,6.1,1007.2,89,23.9,23.9,1,.6,1.1,1.8,3.5,5.8
22105,2014-07-22,3.1,1004.8,85,23.8,23.6,1.1,.7,.8,1.3,4.9,5.8
22105,2014-07-23,4.4,1003.6,89,22.6,22,.9,.6,.7,1.3,4.4,6.4
22105,2014-07-24,2.9,1005.3,85,23.8,23,.7,.4,.6,1,3.9,5.8
22105,2014-07-25,3.2,1007.4,92,23.6,23.1,.9,.6,1.4,2.4,4.1,4.9
22105,2014-07-26,7.6,1004.3,83,22.1,18.9,2.8,1.7,2.7,4.8,6.6,7.1
22105,2014-07-27,2.8,1011.3,85,21.3,20.3,1.9,1.2,1.5,2.5,7.3,9.1
22105,2014-07-28,3.1,1010.5,89,20.6,19.7,1.1,.7,1,1.5,7.5,8
22105,2014-07-29,2.7,1010.7,92,21.1,19.9,.9,.5,.7,1.1,7,9.1
22105,2014-07-30,3.1,1011,93,23,21.9,.7,.4,.5,.9,4.4,6.4
22105,2014-07-31,4.1,1010,85,,,.7,.4,.7,1.2,3.5,5.8
22105,2014-08-01,1.7,1009.3,78,,,.4,.2,.4,.5,4.6,8
22105,2014-08-02,3.8,1006.4,75,,,.7,.4,.7,1.3,3.5,4.6
22105,2014-08-03,8.8,1001.2,76,,,2.7,1.6,2.5,4.6,5.8,7.1
22105,2014-08-04,6.4,999,80,,,2.3,1.5,1.9,3,5.8,7.1
22105,2014-08-05,2.1,1002.5,78,,,.9,.6,.8,1.4,5.4,7.1
22105,2014-08-06,1.6,1004.5,75,,,,,.4,.7,,8
22105,2014-08-07,1.6,,87,,,.7,.4,.7,1.4,4.6,5.8
22105,2014-08-08,4.7,,88,23.1,23.8,1.2,.6,.8,1.7,4.7,5.3
22105,2014-08-09,7.1,1007.7,88,23.3,23.4,2.1,1.2,1.9,3,5.6,7.1
22105,2014-08-10,8,999.3,92,23,24.1,4.2,2.3,3,5.4,7.8,9.1
22105,2014-08-11,6.6,,84,23,23.9,4.5,2.6,3.3,5.7,9.3,10.7
22105,2014-08-12,2.8,1002.8,82,24.5,24,2.7,1.7,2.6,4,10.4,10.7
22105,2014-08-13,3.6,1008.6,97,23.8,24,1.1,.5,.9,1.6,9.3,10.7
22105,2014-08-14,3.4,1010.1,84,22.2,23.7,.8,.3,.5,1.1,6.6,9.1
22105,2014-08-15,3.2,1009.5,89,23,24,1.4,.8,1,1.7,6,7.1
22105,2014-08-16,2.5,1011,83,23.6,24.8,1.2,.7,.9,1.5,6.7,7.1
22105,2014-08-17,3,1013.8,82,23.3,24.4,.9,.5,.7,1.2,5.9,6.4
22105,2014-08-18,6.6,1010.7,96,21.9,23.7,1.8,.9,1.7,3.1,5.1,6.4
22105,2014-08-19,4,1010.7,96,22.4,23.9,1.6,.8,1.1,2.1,5.6,6.4
22105,2014-08-20,2.5,,96,22.3,23.6,1,.6,.8,1.4,5.6,6.4
22105,2014-08-21,3.3,1007,98,22.9,23.4,1,.5,.9,1.8,5.5,6.4
22105,2014-08-22,4.2,1008.3,89,23.7,23.1,2.2,1.2,1.6,3,6.4,7.1
22105,2014-08-23,3.4,1008.5,87,24.4,24.1,1.4,.8,1.4,2.3,6.7,8
22105,2014-08-24,1.9,1008.5,88,25,25,.7,.4,.6,.9,5.1,7.1
22105,2014-08-25,5.5,1008.6,93,22.9,24.3,1.2,.5,1.6,3.1,4.1,5.8
22105,2014-08-26,8.1,1011.2,89,22.2,23.2,3.3,2,2.7,4.5,7,8
22105,2014-08-27,5.3,1016.7,75,21.8,22.7,2.3,1.4,1.8,2.9,7.5,9.1
22105,2014-08-28,3,1017.8,75,21.7,22.8,1.5,.9,1.2,2,7.1,8
22105,2014-08-29,2.4,,74,21.8,23.3,.9,.5,.6,1.2,6,7.1
22105,2014-08-30,2.7,1016.4,72,21.7,23.7,.7,.4,.5,.9,5,7.1
22105,2014-08-31,2,1014.6,71,22.1,23.7,.5,.3,.4,.7,4.6,4.9
22105,2014-09-01,2.4,1015.4,79,22.2,23.5,.6,.3,.4,.7,3.9,5.8
22105,2014-09-02,3.4,1014.3,80,22.6,23.4,.7,.4,.5,.8,4.3,5.3
22105,2014-09-03,5.6,1003.8,91,21.7,23.5,1.8,.9,1.3,2.5,5.1,7.1
22105,2014-09-04,2.6,1006,84,23.5,23.9,1.7,1,1.5,2.4,6.4,7.1
22105,2014-09-05,3.3,,78,24.1,23.8,.8,.4,.7,1.1,5.6,7.1
22105,2014-09-06,2.3,1011.9,90,23.7,24,.6,.3,.4,.8,4.7,8
22105,2014-09-07,2.4,1009.6,83,23.1,24.2,.5,.3,.4,.7,4.1,7.1
22105,2014-09-08,4.1,1006.7,83,23.4,24.2,.6,.2,.6,1.4,,8
22105,2014-09-09,3.1,1007.4,82,23.5,24.2,1.1,.6,1.2,1.8,4.7,8
22105,2014-09-10,2.5,1011.1,67,23.1,24.2,.9,.5,.8,1.2,5.4,6.4
22105,2014-09-11,1.5,1014.1,63,22.8,24.3,1,.6,.8,1.3,7.1,9.1
22105,2014-09-12,1.9,,61,22.7,24,1.1,.7,.9,1.3,7.2,8
22105,2014-09-13,3.9,1016.3,66,22.1,23.9,1.6,1,1.4,2.2,8.1,9.1
22105,2014-09-14,3.2,1016.1,68,22.3,23.8,1.5,.9,1.4,2.2,7.6,9.1
22105,2014-09-15,3.2,,75,23,24,1.1,.6,1.4,2,6.6,8
22105,2014-09-16,3.7,1015.4,67,22.1,23.8,1.5,.9,1.3,2.3,6.1,8
22105,2014-09-17,3.9,1016.8,67,21.6,23.5,1.1,.6,.9,1.7,4.8,6.4
22105,2014-09-18,2.9,1017.9,57,21.7,23.3,.9,.5,.7,1.3,4.3,5.3
22105,2014-09-19,6.4,1014.8,58,22.3,23,1.2,.4,.8,1.7,3.5,4.6
22105,2014-09-20,4.5,1014.9,65,22.1,22.8,.9,.3,.7,1.8,4.2,8
22105,2014-09-21,4.8,1017.8,63,22.4,22.8,1,.5,.7,1.3,7.3,10.7
22105,2014-09-22,2.9,1019.9,73,21.8,23,1.1,.6,.8,1.4,5.4,9.1
22105,2014-09-23,3.7,1018.5,72,22.3,23.3,.8,.5,.7,1.7,4.3,4.9
22105,2014-09-24,7.8,1009.8,86,20.3,23.5,2.1,1.2,2.2,4.2,5.5,7.1
22105,2014-09-25,6.2,1013.6,70,21.2,24.1,3.5,2.1,2.6,4.3,7.4,8
22105,2014-09-26,3.6,1018.4,62,20.5,23.9,2.2,1.3,2.2,4.1,6.9,8
22105,2014-09-27,4.3,1016.1,68,22,23.6,1.4,.8,1.1,2.2,6.6,8
22105,2014-09-28,3.9,1016,76,22.4,23,1.1,.6,1.5,2.3,5.9,8
22105,2014-09-29,4.6,1012.8,75,22.2,23.7,1.7,.9,1.6,2.3,5.5,7.1
22105,2014-09-30,8.3,1018.2,73,18.3,23.7,4.9,2.8,4.8,8.4,7.9,10.7
22105,2014-10-01,5,,68,18.3,23.2,2.9,1.7,3.2,5.4,8.1,9.1
22105,2014-10-02,5.9,,70,20.6,23.5,1.6,.8,1.5,2.6,7.1,9.1
22105,2014-10-03,,,,,,,,.9,1.9,,6.4
22105,2014-10-30,,,,,,,,.9,1.7,,12.8
22105,2014-10-31,4.8,1019.6,73,17.8,21.2,1.1,.6,.8,1.6,8.5,10.7
22105,2014-11-01,4.4,1012.4,84,17.8,21,1.5,.8,1.2,1.9,5,6.4
22105,2014-11-02,9.3,1006.4,57,16.8,20.6,3.1,1.6,4,7.7,5.7,9.1
22105,2014-11-03,8,1015,43,12.6,20.3,4.4,2.7,4,6.3,8,9.1
22105,2014-11-04,3.9,1020.6,46,15.6,21,1.9,1.1,1.5,2.7,5.8,7.1
22105,2014-11-05,4.9,1018.8,48,17.7,21,1.2,.6,.9,1.7,3.6,4.3
22105,2014-11-06,5.7,1018.8,61,16.8,20.7,1.4,.8,1.9,3.5,4.7,5.8
22105,2014-11-07,7.9,1025.5,71,13.4,20.1,3.7,2.1,2.6,4.9,8,9.1
22105,2014-11-08,6.1,1024.1,74,16.5,19.8,2.6,1.5,1.7,3.5,5.8,8
22105,2014-11-09,5.8,1020.7,64,15.7,20.3,1.6,.9,1.1,2,5.1,7.1
22105,2014-11-10,2.5,1021.4,49,15.6,20.2,1,.6,1,1.5,4.9,5.8
22105,2014-11-11,4.7,1014.2,49,16.2,19.6,1.1,.6,.9,1.8,3.4,4.9
22105,2014-11-12,10.1,1007.4,49,13,19.2,3.3,1.8,2.8,5.6,6.1,9.1
22105,2014-11-13,10.2,1017.4,49,5.8,19,4.8,2.9,4.1,6.9,8,9.1
22105,2014-11-14,9.6,1021.3,47,9.3,19,3.5,2,2.6,4.9,7.1,9.1
22105,2014-11-15,4.5,1026.6,50,10.4,18.7,2.5,1.5,1.8,3.2,6.6,7.1
22105,2014-11-16,2.3,1024,47,12.4,18.4,1.2,.7,1,1.8,5.9,7.1
22105,2014-11-17,7.5,1021.5,59,11.5,18.4,2.1,1.2,2,3.6,5.6,7.1
22105,2014-11-18,4.5,1025.3,53,11.2,18.9,2.2,1.3,1.6,2.6,6.4,7.1
22105,2014-11-19,2.6,1026,48,12.6,18.7,1.4,.8,1.1,1.9,6.6,8
22105,2014-11-20,3.2,1023.7,44,13.7,18.5,.9,.5,.7,1.5,5,6.4
22105,2014-11-21,4.7,1021.7,48,15.5,18.4,1.1,.7,1.1,1.8,3.7,4.6
22105,2014-11-22,6.2,1022.9,58,15.7,18.8,1.1,.6,.8,1.4,3.7,4.6
22105,2014-11-23,5.6,1024.7,66,14.8,18.5,1.8,1.1,1.4,2.6,5.9,7.1
22105,2014-11-24,4.7,1020.4,55,14.8,18.4,1.2,.7,.9,1.7,4.7,5.8
22105,2014-11-25,9.3,1018.9,61,12.2,19,3.6,2.2,3.3,5,6.7,8
22105,2014-11-26,5.4,1018.8,61,12.6,18.7,2.3,1.4,1.7,2.6,6.4,7.1
22105,2014-11-27,3.1,1022.5,58,14.4,18.9,1.4,.8,1,1.7,6.6,7.1
22105,2014-11-28,6.5,1016,74,14.9,18.5,1.7,1,1.5,2.4,4.2,4.9
22105,2014-11-29,7.8,1019.2,70,13.9,18.4,3.5,2.1,2.9,4.8,7.2,8
22105,2014-11-30,6.6,1012.2,82,14.2,18,2.3,1.3,1.6,2.8,6.5,7.1
22105,2014-12-01,13.1,1005.2,60,7.7,17.5,5.1,3,4.9,9.9,7.2,9.1
22105,2014-12-02,13.5,1014.4,60,1.5,17.3,7.8,4.7,5.9,11.7,9.3,10.7
22105,2014-12-03,9.8,1015.5,55,5.1,16.9,4.6,2.8,3.5,5.8,7.9,9.1
22105,2014-12-04,9.3,1016,51,3.8,17,4,2.4,3.1,5.6,7.6,8
22105,2014-12-05,9.5,1014.9,56,2.1,16.8,3.5,2.1,2.7,4.7,7.3,8
22105,2014-12-06,9.4,1017.8,57,3.3,16.9,3.8,2.3,2.8,5.2,7.3,8
22105,2014-12-07,4.6,1024.2,49,4.5,17,2.7,1.6,2.4,4.1,7.8,9.1
22105,2014-12-08,5.1,1026.2,60,6.8,16.5,1.8,1.1,1.9,3.1,6.4,8
22105,2014-12-09,5.6,1032.3,61,7.4,16.3,2.8,1.7,2.1,3.7,7.2,8
22105,2014-12-10,8.5,1022.8,61,11,16.3,2.2,1.3,1.7,3.1,5.6,8
22105,2014-12-11,9.3,1017.8,55,7.3,16.2,3,1.9,2.5,4,6.4,8
22105,2014-12-12,9.4,1018.2,55,4.7,15.9,3.5,2.1,2.4,4.6,7.2,9.1
22105,2014-12-13,11.2,1020.8,54,1.5,15.9,4.8,2.8,3.6,5.8,7.1,8
22105,2014-12-14,9.7,1025.3,56,3.3,15.7,3.7,2.3,2.9,4.6,7.2,8
22105,2014-12-15,6.8,1024.9,53,7,15.6,2.8,1.7,2.2,4,6.7,9.1
22105,2014-12-16,12.4,1011.1,61,4.3,15.6,4.3,2.6,4.1,6.9,6.7,9.1
22105,2014-12-17,14.5,1016.7,71,-2.1,15.5,7.6,4.7,5.4,9.8,9.3,10.7
22105,2014-12-18,8.9,1028.8,72,.6,15.2,5.9,3.7,4.8,7.6,10.1,12.8
22105,2014-12-19,6.3,1027.1,54,7.1,14.9,4.4,2.7,4.3,7.5,11.3,12.8
22105,2014-12-20,10.9,1015.8,56,7.4,14.7,3.2,2,3.1,4.9,5.6,8
22105,2014-12-21,9.7,1018.8,51,1.5,14.5,3.8,2.4,2.8,4.6,7.9,9.1
22105,2014-12-22,9.7,1019,54,3.2,14.7,3.8,2.3,2.7,4.7,7.5,8
22105,2014-12-23,5.5,1022.9,51,6.9,14.3,2.1,1.3,1.9,3,6.9,8
22105,2014-12-24,8.5,1018.1,57,8.8,14.7,2.1,1.3,2.2,3.5,5.1,6.4
22105,2014-12-25,9.4,1022.3,53,5.1,14,3.8,2.3,2.8,4.6,7.2,8
22105,2014-12-26,4.3,1027.7,53,4.6,14,2.5,1.6,2.2,3.6,7,8
22105,2014-12-27,4.1,1028.1,52,7.6,13.9,1.6,1,1.4,2.2,6.2,8
22105,2014-12-28,3.9,1019.2,48,8.2,14.4,1.4,.9,.9,1.7,5.5,8
22105,2014-12-29,5.2,1012.6,51,7.8,13.8,1.4,.9,1.3,2.3,5,5.8
22105,2014-12-30,8.9,1012.9,44,8.8,13.6,2.9,1.9,2.6,4.1,6.1,7.1
22105,2014-12-31,8.3,1012.7,50,5,13.7,3,1.9,2.9,4.7,6.9,8
22105,2015-01-01,10.6,1016.5,65,-.3,13.7,5,3.1,3.7,6.7,8.2,9.1
22105,2015-01-02,9.7,1019.1,61,1.1,13.3,4.4,2.7,3.9,6.5,7.8,9.1
22105,2015-01-03,3.6,1019.2,38,4.8,13.5,2.5,1.6,2.6,4.2,7.4,9.1
22105,2015-01-04,4.3,1016.1,55,8.2,13.8,1.8,1.1,1.6,2.4,5.9,7.1
22105,2015-01-05,7.1,1015.6,58,10.8,13.5,1.8,1.1,2.1,3.6,4.7,8
22105,2015-01-06,9.9,1009.1,60,6.8,13.2,4,2.5,4.1,5.9,6.9,9.1
22105,2015-01-07,9.1,1017.7,62,2.4,13.1,4.2,2.6,3.4,5.9,8,9.1
22105,2015-01-08,3.5,1021.3,51,4.4,12.9,3.4,2.1,2.7,4.8,9.5,12.8
22105,2015-01-09,5.4,1020.4,48,5,12.9,3.7,2.3,2.7,5.7,9.7,12.8
22105,2015-01-10,7.6,1019.3,47,6.1,13,3.2,1.9,2.3,3.9,8,10.7
22105,2015-01-11,8.7,1019.9,73,4.3,12.7,3.5,2.2,2.8,4.4,6.6,8
22105,2015-01-12,6.7,1032.3,58,4.2,12.8,4.4,2.7,3.4,5.5,8.3,9.1
22105,2015-01-13,4.7,1032.4,49,7.3,12.6,2.8,1.7,2.3,4,9.1,10.7
22105,2015-01-14,4.3,1025.6,52,9.3,12.6,1.6,1,1.4,2.2,8,9.1
22105,2015-01-15,7.5,1021,76,7.3,12.7,3.3,2,2.8,4.4,6.6,8
22105,2015-01-16,8.1,1015.8,62,7,12.6,2.8,1.7,2.5,4.1,6.9,8
22105,2015-01-17,9.5,1021.4,54,4,12.6,4.4,2.7,4.3,6.6,7.5,8
22105,2015-01-18,4,1019,37,6.2,12.6,2.5,1.5,2.2,3.4,6.6,8
22105,2015-01-19,9.1,1017.8,51,6.6,12.5,3.1,1.9,2.4,3.8,6.2,8
22105,2015-01-20,2.9,1026.5,56,6.6,12.5,1.9,1.2,1.6,2.6,6.1,8
22105,2015-01-21,3.3,1022.3,73,7.9,12.4,1.7,1.1,1.3,2.1,5.8,6.4
22105,2015-01-22,10.8,1017.7,71,5.7,12.2,4.2,2.6,3.9,6.4,6.8,8
22105,2015-01-23,5.2,1020.5,57,5.5,12.2,3.3,2,2.9,4.5,7.9,8
22105,2015-01-24,5.3,1024.2,52,6.6,12.3,2.5,1.5,1.8,3.3,7.8,9.1
22105,2015-01-25,,1025.2,66,9,12.3,2.2,1.3,1.7,2.7,6.8,9.1
22105,2015-01-26,,1017.4,89,8.7,12.3,1.8,1.1,1.3,2.5,5,6.4
22105,2015-01-27,,1020.2,82,4.4,12.2,4.1,2.5,3.3,6.8,7.6,10.7
22105,2015-01-28,,1027,83,2.3,12,3.9,2.5,2.9,4.6,8,9.1
22105,2015-01-29,,1026.3,82,4.5,11.9,2.3,1.5,2,3.2,6.6,8
22105,2015-01-30,,1020.9,65,4.6,11.9,2.7,1.7,3.6,5.6,5.8,8
22105,2015-01-31,,1028.4,68,2.6,11.8,4.5,2.8,3.4,5.7,8.4,9.1
22105,2015-02-01,,1031,52,4,11.7,2.8,1.7,2.1,3.8,8,9.1
22105,2015-02-02,,1031,56,5.2,11.7,2.4,1.4,1.7,2.9,8.3,9.1
22105,2015-02-03,,1028.4,68,5.8,11.5,2.1,1.3,1.5,2.6,8.2,9.1
22105,2015-02-04,,1020.7,78,5.3,11.5,2.4,1.5,2.2,3.2,8.8,10.7
22105,2015-02-05,,1020.4,69,4.2,11.4,3.6,2.3,2.7,4.8,6.6,7.1
22105,2015-02-06,,1022.5,51,5.7,11.5,1.8,1.1,1.5,2.8,6.8,8
22105,2015-02-07,,1017.9,53,7.2,11.6,1.2,.7,1.2,2,6.2,7.1
22105,2015-02-08,,1018.2,68,.2,11.4,5.5,3.6,6.6,9,8.5,12.8
22105,2015-02-09,,1020.5,63,.3,11.2,5.7,3.4,4.2,7.3,8.5,9.1
22105,2015-02-10,,1014.2,51,5.9,11.3,3.6,2.2,3.4,6,7.5,8
22105,2015-02-11,,1010.4,52,7.4,11.3,2.2,1.3,1.6,2.8,5.8,8
22105,2015-02-12,,1009.5,56,3.6,11.2,3.7,2.2,4.3,7.1,6.1,9.1
22105,2015-02-13,,1015.7,62,2.5,11.1,4.3,2.6,4.3,7.1,7.6,9.1
22105,2015-02-14,,1018.3,54,6.9,11.2,2.3,1.4,1.9,3.2,6.2,8
22105,2015-02-15,,,,,,,,1.2,2.3,,4.9
22105,2015-02-16,,,,,,,,1.1,2.1,,12.8
22105,2015-02-17,9.3,1012.8,79,6.2,11.1,3.4,2,3.4,6.3,9.1,10.7
22105,2015-02-18,9.2,1018.5,69,5.4,11,3.5,2.2,2.9,4.6,7.1,8
22105,2015-02-19,8.1,1025.8,63,4.8,11,4,2.4,3,4.7,8.1,9.1
22105,2015-02-20,4.1,1027.6,54,6.2,11,2.3,1.4,1.9,3.2,7.1,8
22105,2015-02-21,9.7,1020.6,78,8.9,10.9,2.3,1.4,2.4,3.9,4.9,6.4
22105,2015-02-22,8.3,1011.2,76,10.4,11,2.8,1.7,2.5,4.5,6.3,8
22105,2015-02-23,7.7,1015.5,51,7,10.9,2.5,1.5,2.1,3.4,6,8
22105,2015-02-24,4.3,1017.3,51,5.9,10.9,1.8,1.1,1.5,2.5,5.9,7.1
22105,2015-02-25,6.4,1018.9,65,8.1,10.9,1.8,1.1,2,3.2,5.3,7.1
22105,2015-02-26,10,1013.3,54,8,10.9,3.1,1.8,2.8,5,6.2,10.7
22105,2015-02-27,9.1,1024.5,63,2.1,10.8,4.4,2.8,3.3,5.1,8,9.1
22105,2015-02-28,2.6,1027.2,53,5.4,11.1,3.6,2.2,2.5,4.5,9.2,12.8
22105,2015-03-01,7.6,1015.4,61,6.3,11,2.8,1.7,2.5,4,8.7,10.7
22105,2015-03-02,7.3,1017.7,46,7,11.1,2.8,1.7,2.7,5.1,6.3,8
22105,2015-03-03,6.5,1011,57,8.4,11.2,1.7,1,1.7,3.5,4.5,7.1
22105,2015-03-04,11.5,1013.9,52,3.9,10.8,4.2,2.6,3.7,6.2,7,9.1
22105,2015-03-05,6.5,1026,64,3,10.6,4.8,2.9,3.5,6.4,9.1,10.7
22105,2015-03-06,5.1,1025.1,59,5.4,11.3,3,1.9,2.5,4,9.7,10.7
22105,2015-03-07,5.9,1022.9,67,8,12.2,1.5,.9,1.3,2.1,7.8,9.1
22105,2015-03-08,5.6,1023.3,66,8.8,12.9,.9,.6,.8,1.2,4.2,7.1
22105,2015-03-09,7,1014.4,70,7.7,11.7,2.1,1.2,3.3,5.6,4.8,7.1
22105,2015-03-10,12.8,1016.8,54,.4,10.7,7.7,4.5,5.6,10,9,10.7
22105,2015-03-11,10.1,1015.1,44,4.2,11.1,4.8,3,4.5,7.3,8,9.1
22105,2015-03-12,8.8,1016.2,36,4.9,10.4,4,2.4,3.3,5.7,8.1,12.8
22105,2015-03-13,4,1018,49,6.2,10.4,1.8,1.1,1.7,2.6,6.2,9.1
22105,2015-03-14,5.1,1022.8,52,7.2,10.5,1.4,.9,1.4,2.3,5.5,7.1
22105,2015-03-15,5.1,1020.2,67,10.2,10.7,1.5,.9,1.4,2.2,4.7,8
22105,2015-03-16,4.9,1019.6,79,11,11.6,1,.6,1.2,2.1,5.4,8
22105,2015-03-17,2.3,1016.7,86,11.6,11.3,.8,.5,.9,1.7,3.8,4.9
22105,2015-03-18,5.5,1016.1,89,9.4,10.7,2,1.2,1.5,2.6,5.1,6.4
22105,2015-03-19,6.9,1014,91,8.5,11.1,2.3,1.4,2.1,3.3,6,6.4
22105,2015-03-20,4.6,1017.2,90,10.4,10.6,1.4,.8,1.2,2.4,5.7,7.1
22105,2015-03-21,3.3,1014,86,11.3,11,.8,.5,.9,1.5,4.1,7.1
22105,2015-03-22,6.4,1016.6,55,10.7,11,1.1,.7,1.2,2,3.9,4.9
22105,2015-03-23,,1022.8,38,6.5,10.7,,,2.9,4.9,,9.1
22105,2015-03-24,3.3,1030.1,45,6.4,10.6,2.7,1.6,2.1,3.7,7.4,9.1
22105,2015-03-25,4.9,1033.8,51,8.6,10.8,3.5,2.2,2.8,4.3,10.2,12.8
22105,2015-03-26,4.5,1030.1,64,10.8,11,2.6,1.7,2.7,4.1,9.9,10.7
22105,2015-03-27,4.3,1022.2,73,11.8,11.1,1.1,.7,.9,1.5,5.9,9.1
22105,2015-03-28,3.7,1015,68,12.5,11.5,1.3,.8,1,1.6,4.8,5.8
22105,2015-03-29,3.3,1015.9,74,11.7,11.6,.9,.6,.9,1.5,4.8,7.1
22105,2015-03-30,8,1017.1,84,12.6,12.1,1.9,1.1,2,3.3,4.3,5.8
22105,2015-03-31,4.5,1014.3,84,13.5,12.3,1.4,.9,1.3,2.1,4.7,5.8
22105,2015-04-01,7,1018.2,86,9.6,12.4,2.8,1.7,2.7,4.6,6.1,8
22105,2015-04-02,9.3,1010.1,83,10.7,12.9,2.3,1.4,2.5,4.1,5,6.4
22105,2015-04-03,8.5,1005.4,83,11.3,12.4,3.8,2.2,3.4,5.5,6.8,8
22105,2015-04-04,4.9,1018.9,77,8.7,11.5,2.5,1.5,1.9,3.4,7.1,8
22105,2015-04-05,4.9,1015.3,89,9,12.6,2.2,1.3,1.7,2.6,7.5,9.1
22105,2015-04-06,4.7,1018.5,82,9.5,10.8,1.6,1,2,3.3,7,8
22105,2015-04-07,7.5,1025.8,67,6.7,10.7,4,2.3,2.9,5.8,7.6,8
22105,2015-04-08,6.6,1027.6,62,7.2,11.2,2.3,1.4,2,3.2,5.8,7.1
22105,2015-04-09,7.5,1025.7,68,9.1,12.4,1.6,1,1.2,2,4.2,5.8
22105,2015-04-10,4.7,1023.3,76,9.9,11.4,.9,.5,.7,1.2,4.3,5.3
22105,2015-04-11,4.8,1026.6,77,10.4,12,.9,.6,.9,1.4,4.2,4.9
22105,2015-04-12,5.2,1028.4,83,10.9,12.2,1.3,.8,1.2,1.9,4.6,7.1
22105,2015-04-13,7.1,1020.9,84,10.2,11.1,3.1,1.9,2.5,4.4,6.6,8
22105,2015-04-14,7.5,1008,88,8.1,10.7,2.7,1.6,2.4,3.9,5.9,7.1
22105,2015-04-15,3.4,1005.2,78,10.7,11.6,1,.6,1,1.7,5.7,9.1
22105,2015-04-16,8.3,1005.3,72,12.9,11.9,2.5,1.5,2.8,4.9,6,8
22105,2015-04-17,8.1,1013.1,59,12.5,11.4,2.9,1.8,2.3,4.5,6.9,9.1
22105,2015-04-18,5.4,1014.5,71,12.8,11.3,1.6,1,1.5,2.6,5.9,8
22105,2015-04-19,5.6,1009,95,11.5,11.2,1.6,1,1.6,2.8,4.7,7.1
22105,2015-04-20,10.2,1007.1,90,9.4,11.1,4.5,2.8,3.8,6,7.7,9.1
22105,2015-04-21,6.6,1014.1,84,11.3,11.4,2.8,1.7,2.5,3.8,7.2,9.1
22105,2015-04-22,2,1016.4,85,12.6,12.2,1.1,.7,1.4,2.2,6,8
22105,2015-04-23,4.8,1017.5,77,13.6,12.5,1,.6,1.2,2.1,4.5,8
22105,2015-04-24,2.7,1018.1,64,14.4,12.9,1,.6,1,1.6,4.6,5.3
22105,2015-04-25,5.1,1017.9,87,13.6,13.1,.8,.5,1.2,2.1,4.1,7.1
22105,2015-04-26,4.5,1014.3,76,15.1,13.2,1.2,.7,1.1,1.9,4.4,7.1
22105,2015-04-27,4.1,1013.1,81,15.4,13.5,1.3,.8,1.1,1.8,4.8,7.1
22105,2015-04-28,3,1013.7,85,14.9,13.7,1.4,.8,1.2,1.9,4.8,6.4
22105,2015-04-29,4.4,1015,98,12.7,13.9,1.1,.7,.9,1.3,5,7.1
22105,2015-04-30,3.5,1014.4,98,12.5,13.8,.8,.5,.7,1,5.6,7.1
22105,2015-05-01,6.5,1012.9,91,15.4,14,1.1,.7,1.1,1.6,3.5,4.3
22105,2015-05-02,7.5,1011,88,16,14.3,1.6,1,1.3,2.3,4.3,4.9
22105,2015-05-03,4.9,1008,95,15.6,14.8,1,.6,1.2,2,4.2,7.1
22105,2015-05-04,5.5,1005.2,90,14.3,15.1,1.3,.8,1.2,2,4.6,7.1
22105,2015-05-05,6.1,1008.2,62,15.7,15.4,1.4,.9,1.6,2.4,5.5,7.1
22105,2015-05-06,3.3,1009.8,77,15.9,15.5,1,.6,1,1.6,5.9,9.1
22105,2015-05-07,3.2,1011.3,83,15.3,15.9,.6,.4,.5,.8,3.9,8
22105,2015-05-08,4,1012.1,76,16,15.8,.6,.4,.6,1,3.6,8
22105,2015-05-09,5,1012.4,78,15.1,15.5,1.1,.7,1.3,2.2,3.8,6.4
22105,2015-05-10,4.3,1020.1,70,13.8,16,1.6,1,1.4,2.4,6,7.1
22105,2015-05-11,9.9,1014.7,84,15.4,15.6,2.1,1.3,1.9,3,4.4,5.3
22105,2015-05-12,10,997.8,74,16.5,15.5,3.6,2.2,2.8,5,7,9.1
22105,2015-05-13,8.6,1000.6,65,17.6,15.5,2.6,1.6,2.1,3.6,5.6,8
22105,2015-05-14,7.2,1005.6,82,16.6,15.3,2.2,1.3,1.6,2.8,5.6,7.1
22105,2015-05-15,5.2,1009.2,90,13.3,15.2,2.2,1.3,1.6,2.6,6.8,10.7
22105,2015-05-16,5.8,1008.6,87,13.6,15.1,1.8,1.1,1.5,2.6,7.2,8
22105,2015-05-17,5.1,1009.1,72,17.2,15.8,.9,.6,.8,1.3,4.5,7.1
22105,2015-05-18,7.6,1003.8,81,16,15.6,1.4,.9,1.5,2.4,3.8,4.9
22105,2015-05-19,3.8,1003.4,81,16.5,15.1,1.1,.7,1.5,2.1,5.1,9.1
22105,2015-05-20,5.2,1007,72,15.1,15,1.7,1,1.3,2.3,6.8,8
22105,2015-05-21,5.2,1010.4,76,17,15.8,1.1,.7,1,1.6,6.8,9.1
22105,2015-05-22,4.2,1009.8,76,17.9,16.1,.9,.6,.7,1.2,4.4,8
22105,2015-05-23,3.5,1008.7,80,18,16.9,.8,.5,.7,1.3,3.9,6.4
22105,2015-05-24,2.7,1007.1,82,18.4,17.6,.6,.4,.7,1.1,4.1,7.1
22105,2015-05-25,4.7,1008.1,92,17,16.8,.5,.3,.5,1,3,7.1
22105,2015-05-26,3.6,1008.4,87,18.3,16.7,.5,.3,.5,1,3.2,7.1
22105,2015-05-27,4.1,1010.3,89,16.7,17.4,.9,.5,.8,1.4,3.8,5.3
22105,2015-05-28,4.1,1010.8,92,17,17.3,.9,.5,.7,1.3,3.8,5.3
22105,2015-05-29,4.5,1006.8,86,18.5,17.7,.8,.5,.7,1.1,3.6,7.1
22105,2015-05-30,2,1003.5,89,18.2,17.6,.5,.3,.4,.9,4.2,7.1
22105,2015-05-31,3.8,1008.3,91,17.6,17.8,.6,.3,.5,1,3.8,4.9
22105,2015-06-01,6.2,1008,90,18.6,18.2,.9,.6,.9,1.6,3.2,4.6
22105,2015-06-02,2.4,1006.3,90,19.2,18.8,.5,.3,.5,.9,3.7,4.3
22105,2015-06-03,6.8,1004.9,71,18.7,17.8,1.9,1.2,2.2,3.8,5.4,7.1
22105,2015-06-04,3.4,1009.6,85,18.3,17.8,.8,.5,.9,1.6,6.3,10.7
22105,2015-06-05,5.9,1007,80,16.8,17.2,2.1,1.3,1.9,3.1,8.6,9.1
22105,2015-06-06,3.7,1013.7,81,16.7,17.1,1.6,1,1.5,2.4,8.7,10.7
22105,2015-06-07,7.7,1014.2,90,17.5,16.1,2.3,1.4,1.7,2.9,7.8,10.7
22105,2015-06-08,5.7,1007.2,96,17.3,16.2,1.6,1,1.4,2.2,5.2,9.1
22105,2015-06-09,3.3,1005.9,96,16.7,16.1,1,.6,.8,1.5,5.1,7.1
22105,2015-06-10,2.3,1008.4,85,20.3,18.5,.6,.4,.6,1.1,4.9,6.4
22105,2015-06-11,4.8,1004.7,97,19.4,19.1,.9,.5,.7,1.2,3.7,4.6
22105,2015-06-12,5.3,1003.2,94,17.7,18.3,1.6,1,1.3,2.2,5,7.1
22105,2015-06-13,3.9,,90,18.4,19.1,1.8,1.1,1.4,2.3,6.1,6.4
22105,2015-06-14,3.1,1007.9,95,18.8,19,1.1,.7,.9,1.6,6,7.1
22105,2015-06-15,1.6,1007.9,96,18.9,20.4,.5,.3,.5,.7,5.2,6.4
22105,2015-06-16,2.9,1006.3,94,19.5,20.8,.4,.2,.3,.5,4,6.4
22105,2015-06-17,2.5,1006.6,94,19.6,20.2,.5,.3,.4,.7,3.8,4.3
22105,2015-06-18,5,1008.1,89,20,20.2,1.2,.7,1.1,1.8,4.5,5.3
22105,2015-06-19,6,1010.3,86,18.1,19,1.7,1.1,1.4,2.2,5.7,7.1
22105,2015-06-20,3.4,1010.2,89,18,19.8,1.4,.8,1.3,2.1,6.1,7.1
22105,2015-06-21,3,1010.9,88,19,20.5,.8,.5,.7,1,5.6,6.4
22105,2015-06-22,6.5,1010,94,19.3,19.6,1.2,.8,1,1.7,3.9,5.8
22105,2015-06-23,2.7,1011.7,94,20.3,20.2,.9,.5,.8,1.5,3.9,6.4
22105,2015-06-24,2,1011,93,20.6,20.5,.5,.3,.4,.7,5.2,8
22105,2015-06-25,2.6,1006.3,89,20.7,20.8,.8,.5,.6,1.1,5.1,7.1
22105,2015-06-26,9.5,995.7,97,19.6,19.8,3.1,1.9,4.2,6.9,5.6,9.1
22105,2015-06-27,8,1007.2,88,18.1,19.1,4.7,2.9,3.4,5.8,8.9,10.7
22105,2015-06-28,3.1,1011.5,81,18.4,19.2,4.7,2.9,3.6,5.7,10.4,10.7
22105,2015-06-29,8.7,1006.5,89,19.4,19.3,3.3,2,2.6,4.6,8.2,10.7
22105,2015-06-30,4.2,999.7,93,19.5,19.6,1.4,.9,1.4,2.4,6,8
22105,2015-07-01,4.8,,85,20.3,20,1.2,.7,1,1.5,4.6,5.8
22105,2015-07-02,5.4,1000.2,78,21.3,20.3,1.2,.8,1.1,1.9,3.9,5.3
22105,2015-07-03,4.6,1005,84,20.2,20.4,1.4,.8,1.3,2.1,7.7,9.1
22105,2015-07-04,4.1,1011.1,81,19.1,20.6,1.6,1,1.2,2,7.7,9.1
22105,2015-07-05,2.2,1012.6,79,19.9,21.4,.9,.6,.7,1.1,5.9,8
22105,2015-07-06,2.6,1013.1,75,20.4,22.1,.6,.3,.4,.9,5.3,7.1
22105,2015-07-07,3.5,1012.2,84,20.8,21.7,.4,.3,.3,.6,3.5,6.4
22105,2015-07-08,6.4,1013.9,93,19.9,21.3,1.6,1,1.4,2.4,4.6,6.4
22105,2015-07-09,3.8,1017,91,21,21.1,1.4,.9,1.2,1.7,7.1,9.1
22105,2015-07-10,2.8,1015.8,91,20.6,21.4,.9,.5,.8,1.2,6.1,7.1
22105,2015-07-11,5.4,1011.1,96,20.9,21.4,.9,.5,1.1,1.8,3.7,5.8
22105,2015-07-12,8.9,1001.6,92,22.8,21.4,2.1,1.2,2.9,5.1,4.2,6.4
22105,2015-07-13,13.2,992.3,89,21.4,19.3,4.1,2.5,3.4,5.4,6.6,8
22105,2015-07-14,5.7,1001.4,90,20.1,18.8,1.5,.9,1.7,3.2,4.7,7.1
22105,2015-07-15,4.4,1008.5,94,19.9,19.4,1.1,.7,1.3,2.2,5.5,9.1
22105,2015-07-16,8.4,1010.1,86,18.8,19.2,3.6,2.2,3.1,4.5,7.1,8
22105,2015-07-17,9.3,1007.3,87,18.8,18.8,4.5,2.7,3,5.9,8.4,9.1
22105,2015-07-18,2.8,1009.8,87,19.6,19.1,2.6,1.6,2.7,4.6,7.2,9.1
22105,2015-07-19,1.6,1012.9,92,20.3,19.8,1.3,.8,1.1,1.8,5.8,7.1
22105,2015-07-20,4.2,1011.8,96,18.8,19.3,.8,.5,.6,.9,4.7,7.1
22105,2015-07-21,3.2,1008.5,99,18.8,18.9,.7,.5,.6,.9,3.5,4.9
22105,2015-07-22,1.9,1007.5,99,20.4,20.8,.5,.3,.4,.6,4.5,5.3
22105,2015-07-23,2.5,1006.9,97,22.3,22.3,.8,.5,.9,1.5,5.3,7.1
22105,2015-07-24,7.4,1004.3,93,22.7,21.3,2.2,1.3,1.8,2.8,5.6,7.1
22105,2015-07-25,8.8,1005.4,89,23.2,21.1,2.2,1.3,1.5,2.7,5.3,6.4
22105,2015-07-26,5.1,1007.1,90,22.8,21.6,1.3,.8,1.2,1.9,4.1,5.8
22105,2015-07-27,2.6,1006.2,91,24.2,22.7,.5,.3,.4,.7,4.2,5.8
22105,2015-07-28,2.6,1006.4,89,24.8,23.8,.5,.3,.4,.6,5.1,7.1
22105,2015-07-29,3.1,1005.6,91,24.5,24,.6,.3,.5,.9,4.6,7.1
22105,2015-07-30,4.4,1006.8,89,24.9,23.5,.6,.4,.7,1.1,4.3,8
22105,2015-07-31,4.6,1008,89,24.7,23.4,.5,.3,.5,.8,4.4,8
22105,2015-08-01,2.5,1009.8,93,24.6,24.2,.6,.4,.5,.9,4.1,5.3
22105,2015-08-02,4.3,1009.5,94,24.1,24,.7,.5,.6,1,3.9,8
22105,2015-08-03,6.1,1007.6,88,24.6,23.5,.8,.5,.8,1.2,3,5.8
22105,2015-08-04,6.3,1005.6,87,23.1,21.8,1,.6,.9,1.7,3.4,5.3
22105,2015-08-05,4.1,1007,88,22.7,20.5,.7,.4,.5,1.1,4.8,8
22105,2015-08-06,2.2,1011.8,95,22.7,20.8,.4,.3,.4,.7,4.4,8
22105,2015-08-07,3,1015.7,99,23.2,22.5,.4,.2,.3,.7,3.6,8
22105,2015-08-08,2.7,1014.2,95,25.1,24.6,.4,.2,.3,.5,3.6,8
22105,2015-08-09,1.9,1009.9,86,25.9,25.2,.5,.3,.4,.6,4.1,8
22105,2015-08-10,2,1008,84,26.3,26.8,.5,,.4,.6,5.7,8
22105,2015-08-11,3.2,1006.8,85,26.5,26.7,.4,,.5,.9,4.8,8
22105,2015-08-12,4.2,1005.3,82,24.3,25,.6,.4,.7,1.1,3.5,8
22105,2015-08-13,2.5,1004.9,82,25.2,26.5,.8,.5,.6,1,5.5,6.4
22105,2015-08-14,2.2,1006,82,24.7,26.2,.9,.5,.7,1.2,5.5,8
22105,2015-08-15,2.3,,79,25.6,26.8,.8,.5,.6,1,5.2,5.8
22105,2015-08-16,3.5,1008.4,83,25.7,26.3,.9,.6,.7,1.1,5.8,6.4
22105,2015-08-17,5.5,1008.2,86,25,25.8,1.3,.8,1.2,1.9,5.2,6.4
22105,2015-08-18,4.9,1013.4,80,25.1,25.9,2.4,1.5,2,3.3,6.9,8
22105,2015-08-19,2.4,1014.1,83,25.1,25.7,3.4,2,2.5,4.5,8.4,9.1
22105,2015-08-20,5.1,1009,86,25.4,25.7,2.1,1.3,1.8,3,7.7,9.1
22105,2015-08-21,2.6,1004.3,83,24.4,26,1,.6,.9,1.4,6.3,8
22105,2015-08-22,4.2,1005,87,24.9,25.9,.8,.5,.8,1.3,5.7,7.1
22105,2015-08-23,4.2,1007.6,87,,25.9,1.5,1,1.4,2.7,6.8,7.1
22105,2015-08-24,7.3,1009.2,84,24.7,25.8,3,1.8,3,5.1,7.5,9.1
22105,2015-08-25,14.6,1000.3,90,22,24,7.6,4.7,6.8,12.1,9.3,10.7
22105,2015-08-26,10.1,1003,82,20,21.7,8.8,5.6,7.8,12.6,,10.7
22105,2015-08-27,7.3,1005.4,85,23.2,22.8,3.4,2,3.6,6,9,10.7
22105,2015-08-28,2.5,1007.9,79,23.7,23.8,1.2,.7,1.3,2.2,7.3,8
22105,2015-08-29,1.4,,87,23.3,23.7,.6,.4,.4,.8,5.8,8
22105,2015-08-30,1.1,1011.3,87,23.3,23.7,.9,.6,.9,1.3,6.8,8
22105,2015-08-31,2,1013.6,84,23.6,24.6,1,.6,.9,1.7,6.3,7.1
22105,2015-09-01,6.5,1011.2,87,23.1,23.7,1.8,1.1,1.8,3.1,5.5,7.1
22105,2015-09-02,5.3,1012.4,87,22.6,23.3,2.2,1.3,1.7,2.9,6.7,8
22105,2015-09-03,2.6,1009.8,84,23.6,23.8,1.3,.8,1.4,2.3,6.1,7.1
22105,2015-09-04,4,1012.8,81,22.7,23.6,.9,.6,.7,1.2,4.4,6.4
22105,2015-09-05,7.5,1010.9,78,22.2,22.8,1.6,1,1.3,2.4,5.2,6.4
22105,2015-09-06,8.2,1008.8,77,21,22.1,3.4,2.1,2.7,4.1,6.8,8
22105,2015-09-07,6,1013.7,69,20.6,21.5,2.3,1.5,1.8,2.9,6.8,7.1
22105,2015-09-08,6.9,1017.3,70,20.9,22.2,2.5,1.5,1.8,3,7.2,8
22105,2015-09-09,10.9,1015.5,79,21.1,22,4.2,2.6,3.5,6.1,8.1,9.1
22105,2015-09-10,6.6,1012.9,78,21.1,22.1,5.9,3.7,4.4,7.8,10,10.7
22105,2015-09-11,3.3,1009.7,78,21.6,22.7,3.9,2.3,2.9,5.5,8.9,9.1
22105,2015-09-12,4.7,1008.9,81,19.5,22.3,2.4,1.5,2,3.4,7.5,9.1
22105,2015-09-13,2.3,1015.6,66,20.1,21.8,1.2,.7,1,1.7,5.4,6.4
22105,2015-09-14,3.9,1022.5,72,20.7,22.2,.7,.4,.5,.8,4.1,5.3
22105,2015-09-15,4.2,1022.8,64,20.6,21.9,1.1,.7,.9,1.6,4.3,5.3
22105,2015-09-16,5,1019.4,65,20.4,22.2,1.4,.9,1,1.7,5.3,5.8
22105,2015-09-17,6.9,1018,79,,22,2,1.1,1.3,2.5,5.2,5.8
22105,2015-09-18,6.2,1017.3,74,20.6,22.4,2,1.2,1.5,2.5,6.3,7.1
22105,2015-09-19,3.3,1014.3,72,20.4,22.6,2.1,1.3,1.5,2.7,7,8
22105,2015-09-20,4.9,1012.8,79,20.5,22.6,1.8,1.1,1.4,2.3,7.3,8
22105,2015-09-21,4.8,1015.1,84,21,22.1,1,.6,1,1.6,6.7,7.1
22105,2015-09-22,6.2,1017.3,84,21.1,22.1,.9,.6,.8,1.2,3.5,6.4
22105,2015-09-23,3.7,1012.3,81,21.3,22.1,1.1,.7,.8,1.3,4.7,5.8
22105,2015-09-24,4,1008.9,85,21.1,22.3,1,.6,.8,1.4,4.4,5.3
22105,2015-09-25,3.1,1008.2,82,21.3,22.4,1.5,.9,1.2,2.3,6.2,7.1
22105,2015-09-26,2.5,1011,83,21.3,22.5,.9,.5,.8,1.3,5,6.4
22105,2015-09-27,3.2,1014.9,79,21.8,22.9,.8,.5,.7,1.1,5.1,5.8
22105,2015-09-28,4.9,1019,75,22.2,23.4,1,.6,1,1.6,3.8,6.4
22105,2015-09-29,5.2,1025.2,63,20.5,23.6,2.1,1.3,1.7,2.7,6.1,7.1
22105,2015-09-30,6.2,1023.4,60,20.3,22.7,1.6,1,1.5,2.5,5.2,6.4
22105,2015-10-01,9.5,1001.4,84,21.1,22,2.8,1.7,2.4,4.3,5.7,8
22105,2015-10-02,8.9,1010.4,45,19.1,22.2,4,2.4,4,8.2,7.7,9.1
22105,2015-10-03,6.8,1015.4,60,21.1,21.7,1.7,1.1,1.3,2.1,4.6,7.1
22105,2015-10-04,5.1,1025.1,48,18.3,20.9,2.3,1.4,2.4,3.9,6.3,8
22105,2015-10-05,4.1,1023.7,54,19.1,21.1,.9,.6,.8,1.3,4.9,6.4
22105,2015-10-06,6.8,1020.3,72,19.8,21.9,1.1,.7,.8,1.3,3.1,3.6
22105,2015-10-07,5.6,1018.3,73,19.6,22,.9,.6,.7,1.2,3.4,5.3
22105,2015-10-08,4.8,1011.2,76,19.9,21.6,1,.6,.7,1.3,5,6.4
22105,2015-10-09,6.7,1007.7,47,20.7,21.5,2.1,1.3,2.7,4.1,6.1,10.7
22105,2015-10-10,6.3,1008.9,53,18.1,21.1,2.9,1.8,2.7,4.7,10.8,12.8
22105,2015-10-11,8.4,1010.1,53,15.8,21,2.5,1.5,1.8,4,5.7,10.7
22105,2015-10-12,6.6,1014.6,51,15.9,21.8,2,1.2,1.5,2.8,5.4,7.1
22105,2015-10-13,5,1017.2,50,18.3,20.7,1.9,1.2,1.5,2.4,5.5,7.1
22105,2015-10-14,4.8,1019.7,64,18.7,21.1,1.9,1.2,1.5,2.4,6.7,9.1
22105,2015-10-15,3.7,1020.1,71,19.4,21.9,1,.6,.9,1.5,5.1,6.4
22105,2015-10-16,3.1,1020,70,19.8,21.9,.8,.5,.7,1.1,4.3,8
22105,2015-10-17,5.1,1020.3,73,19.5,21.7,.8,.5,.8,1.3,4.5,8
22105,2015-10-18,5,1019,72,20.2,21.5,1,.6,1.3,2.2,4.3,5.3
22105,2015-10-19,7.5,1017.3,72,18.9,21.5,2.8,1.7,2.2,3.6,6.9,8
22105,2015-10-20,6.7,1017.2,71,19.7,21.6,1.7,1,1.6,3,5.3,7.1
22105,2015-10-21,8.3,1018.9,77,19.1,21.5,2.4,1.4,1.8,3,5.8,7.1
22105,2015-10-22,6.4,1023.1,71,16.6,21.1,2.9,1.7,2.4,4.4,7.2,8
22105,2015-10-23,6.1,1018.3,76,19.3,21.1,1.5,.9,1.2,2.1,6,8
22105,2015-10-24,7,1016.5,63,19.5,21.2,1.4,.9,1.9,3.2,4.3,6.4
22105,2015-10-25,5,1025.9,54,15.3,20.8,3.3,2,2.5,4.3,8,9.1
22105,2015-10-26,8.2,1021,64,16.1,20.7,2.3,1.5,1.8,2.9,8,12.8
22105,2015-10-27,9.8,1007.6,67,17.3,20.4,3,1.8,2.4,4.1,5.9,7.1
22105,2015-10-28,9.2,1016.2,42,14.7,20,3.6,2.2,2.8,4.6,7.4,9.1
22105,2015-10-29,6.8,1020.3,41,13,20.1,2.6,1.6,2.2,3.8,6.5,7.1
22105,2015-10-30,6.6,1024,44,10.9,19.3,2.7,1.6,2.6,5.1,6.6,8
22105,2015-10-31,3.6,1027.8,46,10.6,19.9,1.7,1.1,1.4,2.2,6.1,7.1
22105,2015-11-01,5.1,1024.6,52,13.8,20,1.2,.7,1.1,1.6,5.2,6.4
22105,2015-11-02,5.1,1019.9,46,15,20,1,.6,1.1,1.8,3.6,4.6
22105,2015-11-03,4.6,1026.9,52,16.2,19.7,1,.6,.9,1.5,4.2,5.3
22105,2015-11-04,9.3,1026.3,64,18,19.7,2,1.2,1.6,3,4.1,4.9
22105,2015-11-05,3.2,1024.1,50,18.1,19.4,1.1,.7,1.4,2.1,4.1,4.6
22105,2015-11-06,8.5,1028.6,74,15.2,18.7,3.5,2.1,3.3,6.1,6.8,9.1
22105,2015-11-07,9.9,1024.5,89,15.3,18.9,5.2,3.1,3.7,6.6,7.6,8
22105,2015-11-08,9.1,1016.9,89,15.3,18.6,6.1,3.8,4.9,8.6,8.7,9.1
22105,2015-11-09,4.8,1016.2,88,14.2,18.3,4.2,2.6,2.9,5.4,8.3,9.1
22105,2015-11-10,5.4,1022.6,78,13.7,,4,2.4,2.8,5.2,8.4,9.1
22105,2015-11-11,8.3,1029,81,13.5,18.3,4.1,2.5,3.1,5.1,7.6,9.1
22105,2015-11-12,6.3,1031.6,67,15.1,18.3,2.7,1.6,2.1,3.7,6.5,8
22105,2015-11-13,8.1,1023.5,75,15.7,18.4,2.7,1.6,3.3,5.5,5.8,8
22105,2015-11-14,7.7,1012.2,92,16.4,18.3,3.9,2.2,3.5,6.4,7.2,8
22105,2015-11-15,4.3,1018.8,76,16.1,18.4,2.2,1.3,1.9,3.1,6.6,7.1
22105,2015-11-16,5,1017.9,79,16.9,18.1,1.7,1,2,3.2,5.9,7.1
22105,2015-11-17,7.6,1019.5,81,14.6,18.4,3,1.8,2.3,4.1,6.9,8
22105,2015-11-18,10.3,1023.6,78,11.7,18.2,4.9,2.9,3.8,6.3,7.3,9.1
22105,2015-11-19,5.4,1023.4,63,12.7,18.6,3.3,2,3.1,4.9,7,8
22105,2015-11-20,5.1,1022.2,68,14.3,19.3,1.8,1.1,1.3,2.5,6.3,7.1
22105,2015-11-21,4.9,1026.4,67,14,19.3,2.7,1.6,2.1,3.7,7,7.1
22105,2015-11-22,9.7,1027.9,79,13.6,18.3,4.2,2.5,3.3,5.4,7.3,8
22105,2015-11-23,9.7,1023.5,87,12.6,17.3,4.8,2.9,3.5,7.2,7.5,8
22105,2015-11-24,10.2,1025.3,74,9.1,17.5,5.9,3.6,4.5,7.3,8.4,9.1
22105,2015-11-25,7.5,1017.3,71,8.9,17.7,4.5,2.6,3.8,8.6,7.7,9.1
22105,2015-11-26,11.6,1008.8,57,6.4,17.7,6.3,3.9,6.9,10.4,8.7,12.8
22105,2015-11-27,9.7,1018.5,52,6.6,17.8,9.5,5.8,7.3,13.3,11.1,12.8
22105,2015-11-28,,1020.8,55,7.4,17.3,4.4,2.7,4.6,6.8,10.2,10.7
22105,2015-11-29,,1026.3,52,10,17,3.1,1.9,2.4,4.2,8.8,10.7
22105,2015-11-30,,1021.7,59,10.9,16.6,2.1,1.2,1.8,3.1,5.4,9.1
22105,2015-12-01,,1024.9,57,11.4,16.2,2.1,1.3,1.6,2.7,6.3,7.1
22105,2015-12-02,,1013.4,66,14.9,16.9,2.9,1.7,2.3,3.9,5.2,6.4
22105,2015-12-03,,1008.1,54,7.2,16.2,3.5,2.1,3.3,5.3,5.6,6.4
22105,2015-12-04,,1013.5,54,6.6,15.8,5.1,3,3.6,6.6,7.3,8
22105,2015-12-05,,1020.4,49,9.6,15.5,3.4,2,2.9,4.8,7.1,8
22105,2015-12-06,,1026.7,58,9.9,15.4,2.1,1.2,1.6,2.9,6.4,8
22105,2015-12-07,,1029.6,68,9.8,15,1.9,1.1,1.5,2.7,6.2,7.1
22105,2015-12-08,,1031,75,10.6,15.2,2,1.2,1.4,2.5,6.1,8
22105,2015-12-09,,1028.9,65,13.7,15.6,1.6,1,1.2,2.1,5.1,8
22105,2015-12-10,,1017.6,79,13.7,14.9,1.2,.7,1,1.6,3.5,4.6
22105,2015-12-11,11.4,1017.9,72,8.7,14.9,6.4,3.9,5.8,8.8,8.4,10.7
22105,2015-12-12,2.8,1025.4,55,8.4,15.2,4,2.4,3.3,6.2,8.1,9.1
22105,2015-12-13,3.7,1024,63,9.4,14.5,2.4,1.4,1.9,3.6,7.8,9.1
22105,2015-12-14,4.1,1021,70,10.1,14.6,1.4,.8,.9,1.6,5.9,7.1
22105,2015-12-15,7.1,1014.5,63,11.4,15,1.7,1,1.3,2.4,4.3,5.8
22105,2015-12-16,8.5,1014.3,50,6.5,15.3,3.1,1.8,2.4,4,6.5,8
22105,2015-12-17,7.7,1022.3,60,3.5,15.3,3.9,2.4,2.9,4.9,7.3,8
22105,2015-12-18,5.9,1027.7,50,7.4,14.3,2.4,1.4,1.9,3.1,6.5,9.1
22105,2015-12-19,3.9,1032.9,57,9.1,14.2,2,1.2,1.4,2.9,5.9,7.1
22105,2015-12-20,7.3,1027.1,52,11.3,14.3,1.8,1.1,1.4,2.3,4.2,6.4
22105,2015-12-21,3.2,1024.3,58,10.4,14.3,1,.6,.9,1.6,4.3,5.8
22105,2015-12-22,1.9,1028.1,56,10.9,14.2,.6,.4,.5,.8,4.5,7.1
22105,2015-12-23,4.4,1021.1,78,11.3,14.3,1.2,.7,1,1.6,4.7,5.8
22105,2015-12-24,4.4,1016.8,62,10.1,14.5,1.4,.8,1.5,2.6,5.4,7.1
22105,2015-12-25,7.9,1017,52,6.6,14,3.5,2.1,2.7,4.4,7.1,8
22105,2015-12-26,8.2,1016.7,52,8.4,13.9,2.9,1.7,2.7,5.2,5.6,8
22105,2015-12-27,5.8,1026.7,65,2.5,14.3,3.8,2.2,2.8,5.2,7.3,9.1
22105,2015-12-28,6.4,1027.1,41,3.9,13.8,2.2,1.3,1.6,2.9,5.8,7.1
22105,2015-12-29,3.6,1029.4,38,5.2,13.4,1.9,1.2,1.7,2.7,5.9,6.4
22105,2015-12-30,4.1,1027.7,50,7.6,14,1.6,1,1.3,2.1,5.8,7.1
22105,2015-12-31,7.2,1027.1,66,7.7,14,2.1,1.2,2,3.1,4.6,5.3
22105,2016-01-01,3.7,1027.1,45,8.8,14.4,1.4,.8,1,1.7,5.3,6.4
22105,2016-01-02,5.5,1020.3,48,11.5,15.6,1.6,1,1.4,2.3,4.6,5.3
22105,2016-01-03,3.5,1017.6,63,12.2,15.3,1.2,.7,1,1.7,4.4,6.4
22105,2016-01-04,6.3,1018.7,54,10,15.3,2.2,1.3,1.5,2.8,5.8,7.1
22105,2016-01-05,5,1022.9,42,6.8,15.1,2.2,1.3,1.7,2.9,6,8
22105,2016-01-06,5.1,1020.6,46,6.8,15.8,1.9,1.1,1.5,2.7,5.7,6.4
22105,2016-01-07,6.1,1019.9,51,5.3,15.4,2.2,1.3,1.8,3.2,5.9,8
22105,2016-01-08,6.3,1018.5,46,4.7,15,2.3,1.3,1.6,2.8,6.3,8
22105,2016-01-09,5.9,1021.1,47,5.3,15.3,2,1.2,1.6,2.8,5.6,7.1
22105,2016-01-10,6.1,1022.7,46,6.4,15.4,2.3,1.4,1.8,3,5.8,6.4
22105,2016-01-11,6.4,1023.2,56,5,15.4,2.7,1.6,2.5,3.8,6.8,9.1
22105,2016-01-12,3.9,1019.5,49,5.1,15.9,2.1,1.2,1.7,3.1,6.6,8
22105,2016-01-13,8.3,1015.3,50,3.8,15.7,2.8,1.6,1.9,3.9,5.9,7.1
22105,2016-01-14,7.8,1018.4,40,3.1,15.5,2.6,1.5,1.7,3.4,5.8,7.1
22105,2016-01-15,5.4,1020.5,53,4.6,15.4,1.9,1.1,1.5,2.8,5.6,7.1
22105,2016-01-16,2.7,1022.7,63,6.1,15,1.4,.8,1.1,1.9,6,7.1
22105,2016-01-17,2.7,1017.4,72,7.7,14.8,1.8,1.1,1.3,2.4,6,7.1
22105,2016-01-18,10.9,1004.3,62,4.9,14.6,4.2,2.4,4.2,7.7,6.6,8
22105,2016-01-19,12.4,1010.5,68,-2.2,14.1,7.3,4.3,5.2,9,9.1,10.7
22105,2016-01-20,7.7,1024.2,,2.4,14.8,7.7,4.7,5.8,10.3,11.4,12.8
22105,2016-01-21,5.4,1023.8,82,3.3,14.7,5.1,3,4.1,6.2,10.1,12.8
22105,2016-01-22,6.3,1026.3,51,2.6,13.8,4.3,2.5,3.1,5.1,8.4,10.7
22105,2016-01-23,9.3,1023.1,51,-.6,13.5,3.9,2.3,3,5.4,7.6,9.1
22105,2016-01-24,10.6,1017.2,68,-3.8,13,4.9,2.9,4.2,6.9,7.4,9.1
22105,2016-01-25,4.6,1023.1,51,-.5,12.7,3.9,2.3,3.1,5.7,8.2,9.1
22105,2016-01-26,5.7,1022,47,4,12.3,2.4,1.3,2,3.6,7,8
22105,2016-01-27,5,1026.2,43,6.1,12.3,2,1.2,1.8,3.1,5.9,7.1
22105,2016-01-28,4.2,1028.3,53,6.1,12.5,1.6,1,1.2,2.3,5.4,6.4
22105,2016-01-29,8.1,1025.8,75,5.6,11.7,2.9,1.8,2.8,5,6.4,7.1
22105,2016-01-30,5.7,1025.3,81,4.7,11.7,3.6,2.1,3.4,6.2,7.5,8
22105,2016-01-31,7.2,,61,5.3,11.5,2.7,1.6,2.2,4.2,6.2,7.1
22105,2016-02-01,9.2,1024.6,66,3.1,8.9,3.1,1.9,2.2,3.8,5.8,7.1
22105,2016-02-02,5.8,1025.2,67,2.9,8.9,2.2,1.4,1.9,3.2,5.8,6.4
22105,2016-02-03,3.8,1024.6,56,3.7,10.8,1.4,.8,1.3,2,6,7.1
22105,2016-02-04,5.8,1021.3,43,5.9,10.6,1.8,1.1,1.5,2.6,5,6.4
22105,2016-02-05,6.4,1020,40,4.8,11,2,1.3,1.5,2.7,5.8,6.4
22105,2016-02-06,6.7,1020.2,55,2.6,10.9,2.6,1.6,2.5,4.5,6,7.1
22105,2016-02-07,4.3,1020.9,46,3.9,11.1,1.9,1.2,1.7,2.7,5.9,6.4
22105,2016-02-08,5.8,1014.6,46,5.4,10.3,1.5,.9,1.5,2.5,4.5,6.4
22105,2016-02-09,9.9,1017.1,51,5.3,7.4,3.3,2,2.8,5.3,6,7.1
22105,2016-02-10,4.4,1026,51,5.8,8.1,2.1,1.2,1.7,3.1,6.5,7.1
22105,2016-02-11,9.1,1026.3,70,10.2,10.7,2.5,1.4,1.9,3.5,5.2,8
22105,2016-02-12,9.2,1019,87,12.3,11,3,1.8,2.2,3.8,5.7,8
22105,2016-02-13,6.2,1008.7,96,10.6,11.5,2,1.2,2,3.4,6,6.4
22105,2016-02-14,9.6,1006.9,71,4.6,11.4,5.8,3.5,4.2,7.3,8.6,10.7
22105,2016-02-15,9.1,1015.2,24,1,10.7,5.3,3.1,4.1,8.4,9.5,10.7
22105,2016-02-16,8.2,1014.6,33,2.6,10.6,3.1,1.9,2.6,4.3,6.8,10.7
22105,2016-02-17,6.8,1020.9,48,4.1,10.5,2.5,1.5,2.7,4.7,6.2,8
22105,2016-02-18,6.7,1020.5,49,7.7,10.6,1.7,1,1.2,2,4.9,7.1
22105,2016-02-19,5.8,1023.6,45,9,10.5,2,1.2,1.5,2.9,4.9,5.8
22105,2016-02-20,8.1,1020.9,60,5.9,10.9,2,1.2,1.7,2.7,4.5,5.3
22105,2016-02-21,6.2,1026.7,41,3.7,10.4,2.7,1.5,2.3,3.9,5.6,6.4
22105,2016-02-22,3.6,1029.1,46,6,10.9,1.8,1.1,1.3,2.4,5.8,7.1
22105,2016-02-23,7,1025.9,57,5.9,10.4,2,1.2,2.4,4.1,5,7.1
22105,2016-02-24,5.9,1030.8,36,1.2,10.7,3.4,2.1,2.7,5,7.8,9.1
22105,2016-02-25,7.2,1030.3,46,3.3,,2.3,1.4,1.8,3.3,5.6,7.1
22105,2016-02-26,7.1,1026.8,48,5.3,10.6,2.1,1.3,1.7,3.3,5.2,6.4
22105,2016-02-27,3.7,1024.2,69,5.2,10.7,1.1,.7,.9,1.7,5,7.1
22105,2016-02-28,6.8,1019.6,76,6.9,10.7,1.8,1.1,2.3,3.8,5.1,6.4
22105,2016-02-29,10.4,1020.4,51,1.4,10.4,4,2.4,3.2,5,7,9.1
22105,2016-03-01,5.9,1024.3,30,2.2,10.2,4.3,2.7,3.6,5.2,9.7,10.7
22105,2016-03-02,6.9,1022.2,52,7.7,10.1,3.4,2,2.7,4.8,10,10.7
22105,2016-03-03,4.6,1023.4,59,9.9,10.3,1.7,1,1.6,2.8,5.4,8
22105,2016-03-04,5.6,1027.1,88,8.8,10.6,1.5,.8,1,5.1,4.7,8
22105,2016-03-05,6.5,1021.6,91,10.1,11.5,1.6,1,1.6,2.7,4.6,6.4
22105,2016-03-06,6.2,1017.3,76,10.1,11.2,2,1.2,1.6,3.2,5.6,6.4
22105,2016-03-07,3,1018.9,69,9.2,11.2,1.1,.7,.8,1.4,5.6,6.4
22105,2016-03-08,5.5,1019.1,57,8.3,11,1.7,1,1.7,2.9,4.9,6.4
22105,2016-03-09,7.3,1022.1,69,4.2,10.6,2.8,1.7,2.2,3.5,6,7.1
22105,2016-03-10,4.5,1023.5,67,2.8,11.1,2,1.1,1.5,2.8,5.3,6.4
22105,2016-03-11,3.8,1023.2,50,3.2,11.9,1.6,1,1.3,2.2,4.9,5.8
22105,2016-03-12,4.4,1023.9,44,5.6,11.4,1.1,.7,.8,1.5,4.1,6.4
22105,2016-03-13,3.4,1022.4,47,8.6,11.4,.8,.5,.7,1.3,3.3,3.8
22105,2016-03-14,5.4,1021.1,57,6.5,10.8,1.7,1,1.5,2.7,4.8,7.1
22105,2016-03-15,5.3,1021.7,62,8.6,10.7,1.5,.9,1.8,2.9,5.2,6.4
22105,2016-03-16,3.6,1018.5,68,11.9,11.2,1.3,.8,1.5,2.2,4.6,5.3
22105,2016-03-17,4.3,1018.2,75,12.5,11.4,1.2,.7,1.2,2,4.5,5.3
22105,2016-03-18,5.7,1011.2,82,12.9,11.6,1.5,.9,1.3,2,4.3,5.3
22105,2016-03-19,6.2,1015.2,66,10.2,11.6,2,1.2,1.6,2.8,4.8,6.4
22105,2016-03-20,3.2,1023.1,58,8.1,11.8,1.8,1.1,1.3,2.1,5.7,6.4
22105,2016-03-21,5.3,1022.6,57,9.4,11.6,1.6,.9,1.8,2.8,4.9,6.4
22105,2016-03-22,5.4,1016,65,11.6,13,1.7,1,1.8,3.6,6.1,8
22105,2016-03-23,5.2,1020.2,61,7.9,12.9,1.7,1,1.2,2.1,5.1,5.8
22105,2016-03-24,5.5,1024.9,52,7.4,12.7,1.5,.9,1.2,2.1,4.7,5.3
22105,2016-03-25,3,1024.9,57,7.4,12.7,1.2,.7,.9,1.5,6,8
22105,2016-03-26,3.9,1020.3,58,9.9,12.9,1.2,.7,1.1,1.9,5.5,8
22105,2016-03-27,3.6,1017.4,55,11.3,12.7,.9,.5,.9,1.5,3.5,6.4
22105,2016-03-28,5,1018.8,57,13,12.9,1.1,.6,1.5,2.3,3.2,4.9
22105,2016-03-29,8.4,1016,63,14.4,13.3,2,1.2,1.8,2.8,4.6,6.4
22105,2016-03-30,4.8,1017.5,66,14.3,13.8,1.6,1,1.9,3.5,4.8,6.4
22105,2016-03-31,4.4,1015.8,69,14.3,13.6,.9,.5,.8,1.4,3.5,4.6
22105,2016-04-01,3.1,1016.6,86,13.2,14.4,.8,.5,.9,1.5,3.5,6.4
22105,2016-04-02,4.5,1017.4,86,12.8,13.3,1.6,.9,1.6,3.2,5.7,8
22105,2016-04-03,5.3,1018.9,86,11.6,13.2,1.8,1.1,1.4,2.2,5.7,7.1
22105,2016-04-04,4.2,1014.4,75,11.5,12.9,1.7,1,1.2,2.2,5.7,7.1
22105,2016-04-05,5.2,1013,75,14.1,13.1,1.8,1.1,1.5,2.5,6.1,8
22105,2016-04-06,4.7,1016.5,69,14.8,13.3,1,.6,.9,1.6,3.7,5.8
22105,2016-04-07,6,1008.1,87,12.7,13.8,1.6,1,1.5,2.6,4.5,7.1
22105,2016-04-08,5.5,1011.6,65,16,14.9,1.5,.9,1.4,2.4,6,7.1
22105,2016-04-09,5.7,1010.8,69,16.2,14.2,1.5,.9,1.2,1.9,4,5.8
22105,2016-04-10,6.6,1015.6,69,10.6,14,2.5,1.5,2.8,4.8,5.3,7.1
22105,2016-04-11,4.1,1022.5,54,8.8,14.7,2.4,1.4,2.4,4,6.2,7.1
22105,2016-04-12,10.9,1016.4,67,11.9,14.6,2.5,1.5,2,3.8,4.7,5.8
22105,2016-04-13,8.5,1006.8,92,14.6,14.1,1.9,1.2,1.7,2.5,5.1,6.4
22105,2016-04-14,3.9,1010.1,90,13.6,13.7,1.1,.7,1.1,1.9,4.5,6.4
22105,2016-04-15,7.5,1020.1,61,13,13,2.1,1.2,1.9,3.2,4.8,5.8
22105,2016-04-16,8.4,1010.2,82,15,12.7,2.4,1.4,1.9,3.3,4.7,5.3
22105,2016-04-17,10.7,996.9,68,14.8,12.7,5.3,3.1,4.6,8.5,7.2,9.1
22105,2016-04-18,7.1,1011.3,56,13.8,13,2.8,1.6,2.1,3.5,7,10.7
22105,2016-04-19,5.8,1021.4,69,12.3,13,2.1,1.3,1.6,2.5,9.5,10.7
22105,2016-04-20,8.2,1018.6,79,14.4,13.2,1.9,1.2,1.5,2.5,4.9,9.1
22105,2016-04-21,2.7,1006.9,90,13,11.8,1.2,.7,1.1,2,4.5,7.1
22105,2016-04-22,5.3,1005.6,86,14.5,11.6,1.4,.9,1.1,1.9,5.2,7.1
22105,2016-04-23,4.4,1011.4,67,14.1,11.7,1.2,.7,1.3,2.5,4.6,5.3
22105,2016-04-24,3.1,1015.7,85,12.5,11.8,1,.6,.9,1.5,3.9,5.3
22105,2016-04-25,5.2,1016.8,82,14.4,12.7,.9,.6,.8,1.3,3.5,4.6
22105,2016-04-26,7,1017.8,91,12.6,13.1,1.9,1.1,1.7,3.4,4.7,6.4
22105,2016-04-27,7.6,1013.8,84,10.9,11.8,1.8,1.1,1.3,2.2,5.2,6.4
22105,2016-04-28,7.9,1009.3,81,10.6,11.6,3,1.8,2,4,6.7,7.1
22105,2016-04-29,4.4,1011.5,80,12.9,11.5,2.2,1.4,1.7,2.8,6.3,7.1
22105,2016-04-30,4.1,1009.3,80,14.2,12.1,1.7,1.1,1.4,2.2,7.4,8
22105,2016-05-01,4,1012,80,15,12.8,1.9,1.1,1.3,2.4,6.4,9.1
22105,2016-05-02,5,1012.3,94,13.5,13.1,1.9,1.2,2,3.4,5.8,8
22105,2016-05-03,12.8,994.6,81,15.3,12.5,5,3,4.9,8.5,7.3,9.1
22105,2016-05-04,7,997.4,62,15,12.4,3.6,2.2,3,4.8,6.6,8
22105,2016-05-05,5.6,1012.5,69,15.5,13.1,2.1,1.3,1.9,3.2,5.5,7.1
22105,2016-05-06,9,1005,89,15.4,12.9,2.6,1.5,2,3.5,5.5,6.4
22105,2016-05-07,3.5,1011,70,16.1,13.6,1.4,.9,1.3,2.2,5.9,9.1
22105,2016-05-08,3.7,1017.1,83,15.4,14.4,1,.6,.9,1.6,6.1,9.1
22105,2016-05-09,2.9,1010.8,92,15.2,14.3,.8,.5,.7,1.1,4.1,5.3
22105,2016-05-10,6.4,1007.3,94,13.5,14,1.6,1,2,3.5,4.8,5.8
22105,2016-05-11,6.5,1008.8,78,12.9,13.4,2.6,1.6,2,3.5,6.2,8
22105,2016-05-12,7.3,1010.7,85,15.8,13.5,2.2,1.4,2.1,3.3,7,9.1
22105,2016-05-13,4.8,1019.7,73,14.4,13.6,1.8,1.1,1.8,2.9,5,5.8
22105,2016-05-14,3.7,1024.5,80,13.8,14.3,1,.6,.8,1.4,4.9,8
22105,2016-05-15,8.6,1009.6,91,16,14,2.2,1.3,2.1,3.5,5,5.8
22105,2016-05-16,5.5,1006.5,82,14.4,13.7,2.2,1.3,2,3.3,6.3,7.1
22105,2016-05-17,3.8,1014,76,16.4,14.8,1,.6,.9,1.5,5,7.1
22105,2016-05-18,3.6,1017.4,85,17.1,15.2,.8,.5,1,1.5,3.9,8
22105,2016-05-19,4.7,1018.8,83,17.4,16.4,.7,.4,.6,1,3.1,5.8
22105,2016-05-20,2.3,1019.6,91,17.1,17.9,.5,.3,.4,.6,4.1,7.1
22105,2016-05-21,1.9,1020.1,79,18.2,18.4,.3,.2,.3,.7,4.1,7.1
22105,2016-05-22,2.8,1018.8,78,18.1,18,.6,.3,.4,1,4.3,8
22105,2016-05-23,5.9,1013.4,87,18.1,18.2,1.1,.7,1.1,1.8,3.9,4.6
22105,2016-05-24,7.5,1005,89,18.9,17.8,2.2,1.3,1.9,3.9,4.8,5.8
22105,2016-05-25,3.6,1007.9,83,18.7,18.1,1.1,.6,1,1.7,4.3,5.3
22105,2016-05-26,2.1,1008.5,83,20,19,.6,.3,.6,1.1,4.6,9.1
22105,2016-05-27,4.7,1011.1,78,19.2,18.6,.8,.5,.8,1.4,3.8,7.1
22105,2016-05-28,2.4,1006.7,86,20.3,19.3,.7,.4,.6,1,4,8
22105,2016-05-29,5.6,1003,89,19.6,19.5,1.1,.7,.9,1.6,3.5,4
22105,2016-05-30,3.7,1005.7,90,18,19.7,.9,.6,1.1,1.9,4.3,8
22105,2016-05-31,4.1,1005.9,79,20,19.8,1.2,.7,1,1.8,6.4,8
22105,2016-06-01,2.3,1009.9,64,18.9,20,1.1,.6,1.1,2,4.8,6.4
22105,2016-06-02,3.3,1010.8,63,19.8,20.7,1.7,1,1.6,2.9,8.1,10.7
22105,2016-06-03,6.2,1009,78,20.6,20.1,1.9,1.2,1.9,3,8.5,9.1
22105,2016-06-04,4.7,1008,83,20.9,20.2,1.2,.7,1.1,1.8,5.7,8
22105,2016-06-05,5.1,1013.1,87,18.5,19.4,1.4,.9,1.2,1.7,4.8,8
22105,2016-06-06,4.2,1014.6,85,18.8,19.4,1.4,.9,1,1.7,5.8,7.1
22105,2016-06-07,3.7,1010.9,86,19.8,20.5,1,.6,.8,1.4,5,5.8
22105,2016-06-08,3,1009.6,91,20.3,20.9,.6,.3,.4,.9,4.8,5.8
22105,2016-06-09,3,1011.8,89,20.4,20.8,.5,.3,.5,.8,3.8,7.1
22105,2016-06-10,7.2,1012.4,86,20.6,20.6,1.1,.7,1.1,1.8,3.1,4
22105,2016-06-11,5.5,1009.3,89,21,20.3,1.6,1,1.3,2.3,4.3,4.9
22105,2016-06-12,3.2,1005.2,90,21.2,20.3,1.1,.6,1.1,1.9,4.3,5.3
22105,2016-06-13,5.4,1003,92,18.9,19.9,1.6,.9,1.2,2.2,5,7.1
22105,2016-06-14,3.8,1004.4,86,19.4,20.8,1.6,1,1.2,1.9,6.9,8
22105,2016-06-15,6.5,1001.5,89,21.1,20.6,1.7,1.1,1.6,2.4,5.7,7.1
22105,2016-06-16,4,997.7,88,21.3,20.7,1.3,.8,1.2,2,4.8,5.8
22105,2016-06-17,5,1005.8,78,22.4,21,1.3,.8,1.2,2,6.5,8
22105,2016-06-18,5.1,1010.1,85,22,21.2,1.8,1,1.6,2.8,6.8,8
22105,2016-06-19,3,1007.1,91,19.5,18.7,1.8,1.2,1.4,2.4,6.6,8
22105,2016-06-20,2.4,1007.2,93,20.2,20.1,1.3,.8,1,1.6,6.5,7.1
22105,2016-06-21,3.2,1008.9,83,20.5,20.3,1,.6,.8,1.4,5.5,6.4
22105,2016-06-22,4,1007.9,85,21.5,20.9,.9,.5,.6,1.1,4.9,6.4
22105,2016-06-23,3.4,1006.7,88,21.5,20.9,1,.6,.8,1.3,4.5,5.3
22105,2016-06-24,6.4,998.8,91,20.4,20.3,1.6,1,1.5,2.8,4.7,6.4
22105,2016-06-25,2.6,1000.9,78,21.2,20.6,1.8,1.1,1.3,2.7,6.2,7.1
22105,2016-06-26,2.7,1007.8,76,22.1,21.6,3.9,2.4,3.5,6.6,8.8,10.7
22105,2016-06-27,4.4,1009.5,86,22.4,22.4,3,2,2.9,4.3,9.7,10.7
22105,2016-06-28,3.4,1011.5,90,21,20.9,1.7,1.1,1.6,2.6,7.8,9.1
22105,2016-06-29,3.3,1012,89,21.5,20.9,.9,.5,.7,1.1,5.8,7.1
22105,2016-06-30,4.6,1009.2,89,22.1,21.3,.9,.6,1.1,2.1,4.4,5.3
22105,2016-07-01,7.7,1006,89,22.3,21.1,2,1.2,2.2,3.5,5,5.8
22105,2016-07-02,4.3,1003.5,93,20.5,20,2.9,1.8,2.5,4,7.1,8
22105,2016-07-03,2.5,1008.9,88,21.5,19.7,1.3,.8,1.1,1.8,6.4,7.1
22105,2016-07-04,4.1,1013,95,19.9,20,1.2,.7,1,1.5,5.9,7.1
22105,2016-07-05,6.2,1012.3,95,20.2,20.2,2,1.2,2.1,3.6,6.2,9.1
22105,2016-07-06,4.2,1015.2,91,19.2,19.6,2.3,1.5,2,3.3,7.3,8
22105,2016-07-07,1.7,1015.4,93,19.6,19.9,1.4,.8,1.2,2.1,6.1,6.4
22105,2016-07-08,3.1,1010.6,97,20.7,20.4,1,.6,.8,1.4,6.2,7.1
22105,2016-07-09,3.8,1006.1,96,21.4,21.3,.6,.4,.5,.9,4.6,10.7
22105,2016-07-10,2.5,1004.3,92,22.8,21.8,.6,.4,.5,.9,6,10.7
22105,2016-07-11,2.4,1005.3,95,22.3,22.5,.3,.2,.5,.7,7.1,9.1
22105,2016-07-12,3.4,1001.7,95,23,22.9,1,.6,.9,1.4,3.8,4.6
22105,2016-07-13,2,999.5,95,22.6,22.8,.9,.6,.7,1.2,6.2,9.1
22105,2016-07-14,5.1,1001.7,87,22.6,22.2,1.4,.8,1.6,2.5,6,9.1
22105,2016-07-15,5.7,1005.3,85,22,21.5,3.2,2,2.3,4.1,8.3,9.1
22105,2016-07-16,5,1003.9,89,21.3,21.7,2.3,1.4,1.6,2.9,7.2,8
22105,2016-07-17,2.4,1006.5,91,22.4,22.6,1.6,1,1.2,2,6,7.1
22105,2016-07-18,3.5,1010.1,89,21.8,23.3,1.2,.7,.8,1.6,5.9,6.4
22105,2016-07-19,2.3,1013.4,80,22.6,23.9,1,.6,.8,1.3,6.1,6.4
22105,2016-07-20,2.8,1014.7,77,23.1,24.3,.7,.4,.5,.9,4.9,5.8
22105,2016-07-21,3.2,1014,76,23.1,24.5,.7,.4,.5,1,4.5,4.9
22105,2016-07-22,4.3,1012.6,76,23.2,24.6,.8,,.6,1,4.8,5.8
22105,2016-07-23,6.6,1010.6,84,23.8,24.4,1.1,.7,.9,1.4,4.1,4.9
22105,2016-07-24,4.7,1010.1,92,24.8,24.6,1,.6,.8,1.5,3.7,5.3
22105,2016-07-25,2.8,1010.1,92,23.8,24.9,.8,.5,.6,1,6,6.4
22105,2016-07-26,2.9,1006.6,93,25.4,25.6,.8,.5,.6,1,5.6,7.1
22105,2016-07-27,4.5,1003.8,87,27,26.1,1.1,.6,.7,1.3,4.4,5.3
22105,2016-07-28,6.2,1004.7,87,26.8,25.6,1.6,1,1.2,2.3,5,5.8
22105,2016-07-29,3.5,1007.9,84,26.9,26.1,1.1,.6,.9,1.5,4.2,5.3
22105,2016-07-30,2.9,1010.2,89,26.5,26.2,.7,.4,.6,1.2,4.5,8
22105,2016-07-31,1.9,1011,91,26.3,25.5,.5,.3,.4,.7,5.2,8
22105,2016-08-01,2,1010,92,25.6,25.2,.4,.2,.3,.5,4.3,10.7
22105,2016-08-02,1.2,1009.5,93,25.7,25.2,.3,.2,.2,.3,3.8,8
22105,2016-08-03,.8,1009.9,85,26.2,26.3,.3,.2,.2,.4,3.8,8
22105,2016-08-04,1.2,1011,81,26.6,27.8,.3,.2,.2,.9,7.1,10.7
22105,2016-08-05,3.2,1010.8,80,27.2,28.6,.4,.2,.3,1,5,9.1
22105,2016-08-06,5.9,1008.6,82,27.6,28.3,.9,.5,.8,1.4,3,7.1
22105,2016-08-07,5.4,1006.4,89,28.1,27.6,1.1,.6,.8,1.5,3.6,4
22105,2016-08-08,4.7,1007.2,89,27.7,28.2,1,.6,1.5,2.4,4.1,8
22105,2016-08-09,4.1,1009.8,66,26.3,27.9,1.7,1.1,1.4,2.2,5.9,7.1
22105,2016-08-10,5.8,1009.4,79,27.7,28.3,1.2,.7,.9,1.5,5.2,7.1
22105,2016-08-11,5.5,1008.9,86,28.4,28.6,1.3,.8,.9,1.6,6.6,8
22105,2016-08-12,6.8,1006.7,86,28.4,28.5,1.2,.7,.8,1.5,4,7.1
22105,2016-08-13,3.6,1004.4,85,29.4,29.3,.7,.5,.7,1.2,3.9,8
22105,2016-08-14,1.9,1002.9,79,29.8,30,.5,.2,.3,1,4,8
22105,2016-08-15,3.5,1001.8,78,28.6,29.8,.6,.4,.6,1,3.7,6.4
22105,2016-08-16,3.1,1002.4,72,27.9,28.9,1,.6,.7,1.3,5.3,7.1
22105,2016-08-17,2.7,1004.3,72,27.9,28.8,.8,.5,.6,1,4.5,5.3
22105,2016-08-18,4,1006.7,73,28,28.8,.7,.4,.5,.9,5,7.1
22105,2016-08-19,4.6,1008,75,28,29.2,1,.6,.8,1.2,4.9,6.4
22105,2016-08-20,3.5,1008.1,70,28.3,29.6,1,.6,.7,1.3,4.6,5.3
22105,2016-08-21,3.8,1007.2,73,28,29.2,1.4,.9,1,1.8,5.8,6.4
22105,2016-08-22,3.8,1007.4,72,27.5,28.9,1.5,.9,1,1.7,6.3,7.1
22105,2016-08-23,3.5,1008.2,69,27,28.8,1.6,1,1.3,2.2,6.1,6.4
22105,2016-08-24,5,1007.9,69,27.4,28.6,1.3,.8,1,1.9,6,7.1
22105,2016-08-25,6.6,1004.4,78,27.6,28.3,1.3,.8,1,1.9,3.6,4.6
22105,2016-08-26,9.5,1010.3,71,22.6,26.9,4.6,2.7,4.8,8.3,7.7,9.1
22105,2016-08-27,7,1010.6,58,24,26.2,2.3,1.4,1.5,2.9,6.3,7.1
22105,2016-08-28,9,1003.7,77,22.1,25.6,3.1,1.9,2.9,4.9,6.4,8
22105,2016-08-29,13.6,998,84,20.1,25.1,7.2,4.4,5.5,10,9.4,10.7
22105,2016-08-30,9.6,989.4,80,20.4,24.2,5.9,3.7,5.8,8.6,9.9,10.7
22105,2016-08-31,11.9,986.5,66,23.2,24,4,2.4,2.9,5.5,7.2,10.7
22105,2016-09-01,10.1,1000.6,78,24.8,23.3,3.4,2.1,2.5,4.3,8.6,10.7
22105,2016-09-02,8,1008.9,82,23.3,24.7,2.1,1.3,2,3.3,4.7,6.4
22105,2016-09-03,7.5,1010.2,89,23.1,24.4,2.1,1.4,1.9,3.3,5.4,6.4
22105,2016-09-04,4.1,1011.6,92,23.7,24.3,1.6,1,1.1,2.1,5.9,6.4
22105,2016-09-05,4,1010.3,89,23,24.4,1.6,.9,1.1,1.8,6.5,7.1
22105,2016-09-06,3.2,1008,89,23.8,24.3,1.1,.7,.9,1.5,6,6.4
22105,2016-09-07,2.3,1005.9,84,24.2,24.5,.7,.4,.5,1.1,6.1,8
22105,2016-09-08,4.3,1006.6,81,22.9,24.7,1.1,.7,1.2,2.1,5.5,10.7
22105,2016-09-09,4.2,1010.3,82,22.5,24.7,4.4,2.7,3.9,6.2,9.3,10.7
22105,2016-09-10,5.3,1013.8,77,22.9,24.3,4.4,2.6,3.4,6.7,9.4,10.7
22105,2016-09-11,4.1,1016.2,86,22.8,23.2,2.8,1.7,2.2,3.9,8.5,9.1
22105,2016-09-12,4.2,1017.5,84,22.2,22.7,2,1.2,1.4,2.5,6.9,9.1
22105,2016-09-13,2.9,1018.9,80,22.4,23.8,1.8,1.1,1.4,2.2,6.2,7.1
22105,2016-09-14,1.8,1018.3,76,23,23.3,1.5,.9,1.1,2.1,6.2,7.1
22105,2016-09-15,4.3,1016.5,85,22.8,22.9,1,.6,.7,1.1,6,6.4
22105,2016-09-16,4.5,1014.2,88,23.2,22.9,.9,.6,.7,1.2,4.8,8
22105,2016-09-17,4.5,1013.2,84,21.4,22.5,.9,.6,1.1,1.7,4.1,8
22105,2016-09-18,7.7,1012.8,77,21.9,22.2,2.8,1.8,2.1,3.6,6.1,7.1
22105,2016-09-19,8,1014.3,67,20.9,21.7,3.3,2,2.3,4.4,7.1,7.1
22105,2016-09-20,8.4,1016.8,58,20.8,21.8,3.7,2.2,2.7,4.8,7.1,7.1
22105,2016-09-21,4.7,1021.3,63,21.4,23.6,2.7,1.7,2.2,3.5,8.1,9.1
22105,2016-09-22,3.8,1019,71,21.1,23,1.8,1.1,1.3,2.3,6.8,8
22105,2016-09-23,2.7,1017.7,74,21.4,23,1.2,.7,.9,1.5,6,7.1
22105,2016-09-24,5,1016.6,73,22.1,23.3,.9,.6,.7,1.1,5.2,6.4
22105,2016-09-25,5.3,1016.4,78,22.9,23.3,.9,.6,.8,1.4,3.1,4.6
22105,2016-09-26,4.5,1016.9,88,23.1,23.6,.7,.4,.6,.9,2.9,3.6
22105,2016-09-27,2.6,1015.2,91,23,23.6,.5,.3,.4,.6,3.5,4.3
22105,2016-09-28,5.9,1015.1,83,21.5,23.5,1.9,1.4,3,5,5.6,10.7
22105,2016-09-29,4.9,1018.9,60,19.3,23.5,2.9,1.8,2.7,3.8,7.4,9.1
22105,2016-09-30,5.4,1015.8,71,20.5,23,1.4,.9,1.3,2.3,5.4,8
22105,2016-10-01,4.1,1017.9,72,21.5,23.4,.8,.5,.7,1.2,5.7,8
22105,2016-10-02,5.3,1015.6,83,22.6,23.4,.8,.5,.8,1.4,3.4,8
22105,2016-10-03,5.6,1008.9,86,21.9,23.3,1.7,1,1.4,2.3,5,6.4
22105,2016-10-04,6.2,1017.6,73,21.3,23.1,2,1.3,2,3.1,5.9,8
22105,2016-10-05,6.8,1010.8,77,20.3,23.1,2.9,1.8,2.5,3.7,6.5,8
22105,2016-10-06,5.2,1020.6,73,20.3,23,2.8,1.8,2.3,3.5,7.8,9.1
22105,2016-10-07,8.1,1021.9,65,20.3,23.5,2.7,1.6,2,3.5,6.5,8
22105,2016-10-08,7.2,1008.9,66,21.3,22.9,1.9,1.2,1.9,3.4,5.5,7.1
22105,2016-10-09,6.7,1016.9,56,16.7,23,3.7,2.4,3.1,4.9,7.5,10.7
22105,2016-10-10,3.1,1020.6,57,17.3,23,2.1,1.3,2.1,3.5,6.9,8
22105,2016-10-11,4.8,1018.3,54,19.8,23,1,.6,1,1.8,6.3,8
22105,2016-10-12,7.1,1021.2,62,18,22.2,2.6,1.7,2.3,3.8,6.4,8
22105,2016-10-13,3.8,1022,63,18.9,21.8,1.5,.9,1.4,2.6,4.8,7.1
22105,2016-10-14,2.9,1024.4,58,20.4,22,.8,.5,.8,1.4,4,5.3
22105,2016-10-15,5.5,1025.5,70,20.7,21.6,.7,.4,.7,1.1,2.5,3.8
22105,2016-10-16,6.6,1019.9,75,19.8,21.7,1.3,.8,1.3,2.2,4.2,5.3
22105,2016-10-17,3.4,1016.1,66,20.6,21.4,1,.6,.7,1.4,5,5.8
22105,2016-10-18,4.1,1020.1,72,20,21.4,1.5,.9,2,3.3,6.2,9.1
22105,2016-10-19,5,1016.6,72,20.4,21.4,1.4,.8,1.1,1.9,5,7.1
22105,2016-10-20,7.5,1020.2,69,18.7,21.4,2.9,1.8,3.5,6.3,5.9,10.7
22105,2016-10-21,6.8,1022.4,66,16.7,22.1,2.8,1.7,2.6,4.9,7.4,9.1
22105,2016-10-22,4.8,1015.6,67,17.9,21.4,1.6,.9,2.5,4.1,6.2,9.1
22105,2016-10-23,8.8,1019.1,63,14.3,21.3,4.3,2.7,3.4,5.6,8.1,10.7
22105,2016-10-24,4.8,1019.3,52,16,21.2,1.9,1.2,1.5,2.4,6.3,8
22105,2016-10-25,8.6,1011.1,73,18.2,21.2,2.7,1.6,2,4.2,5.7,7.1
22105,2016-10-26,3.3,1018,63,18.7,20.9,1.3,.8,1.5,2.4,5.4,7.1
22105,2016-10-27,6.3,1024.6,63,16.9,20.9,2.8,1.7,2.3,4.1,7.2,9.1
22105,2016-10-28,7.3,1015.4,69,17.2,20.8,2.5,1.5,2.1,3.4,6.2,8
22105,2016-10-29,6.9,1023.9,64,13.3,20.5,4.1,2.5,3.5,7.1,8,9.1
22105,2016-10-30,6,1026.8,53,13.8,20.5,2.4,1.5,1.7,2.9,6.1,7.1
22105,2016-10-31,5.6,1022.9,50,15.4,20.5,1.6,1,1.5,2.6,5.2,8
22105,2016-11-01,7.5,1025.5,63,10.5,20.2,4.2,2.5,3.1,5.2,8,9.1
22105,2016-11-02,7.6,1023.6,52,11.4,19.7,2.5,1.6,2.1,3.5,5.9,8
22105,2016-11-03,6.5,1020,48,12.8,19.4,2.2,1.3,1.6,3,6.2,7.1
22105,2016-11-04,6.4,1014.9,50,16,19.3,1.7,1,1.5,2.6,5.5,8
22105,2016-11-05,6.7,1011.7,61,17.1,19.3,1.6,.9,2.1,3.5,4.5,6.4
22105,2016-11-06,8.8,1027.2,71,11.4,18.9,5,3,4.5,8.4,8.9,10.7
22105,2016-11-07,9.5,1022.6,69,15.3,18.9,2.8,1.8,2.4,3.5,6.2,9.1
22105,2016-11-08,8.4,1019.9,74,11.6,18.9,4.2,2.6,3.6,6.4,8.2,10.7
22105,2016-11-09,5.6,1027.4,58,8.8,18.7,4.1,2.6,3.5,5.7,8.9,10.7
22105,2016-11-10,6.7,1021.1,61,12.8,18.7,2.6,1.6,2.2,3.9,7.6,10.7
22105,2016-11-11,5.1,1016.7,47,14,18.5,2.2,1.4,2,3.3,8.2,12.8
22105,2016-11-12,7.3,1021.3,48,16.6,18.6,2,1.3,1.6,2.8,6.2,10.7
22105,2016-11-13,4.9,1022,62,17.6,18.6,1.3,.8,1.1,1.9,7.2,8
22105,2016-11-14,7.9,1014.5,76,18.9,18.8,1.6,1,1.1,1.9,4.5,6.4
22105,2016-11-15,7.8,1017.6,66,13.5,18.5,3.5,2.1,3.5,5.4,7.6,10.7
22105,2016-11-16,5.7,1020.8,52,13.7,18.2,2.5,1.6,2.6,3.9,7.6,9.1
22105,2016-11-17,3.8,1024.2,58,13.4,18.2,1.9,1.2,2,3.4,6.3,7.1
22105,2016-11-18,9.5,1018.2,67,16.6,18.7,2,1.3,1.6,2.6,4.3,5.3
22105,2016-11-19,3.1,1012,74,16.2,18.6,1.1,.7,1,1.9,5.1,6.4
22105,2016-11-20,6.9,1019.3,67,15.7,18.6,2.6,1.5,2.4,4.5,6.1,9.1
22105,2016-11-21,5.6,1018.7,68,14.9,18.5,2.3,1.4,2,3.5,7.4,9.1
22105,2016-11-22,8.1,1018.1,78,10.4,18,4.5,2.8,3.7,6.7,8.3,9.1
22105,2016-11-23,5.3,1023.1,74,7.4,17.7,4.1,2.5,3.7,5.6,8.2,9.1
22105,2016-11-24,7.6,1022,49,7.1,17.3,3.5,2.2,2.8,4.7,7.3,8
22105,2016-11-25,6.4,1024.7,46,7.3,17.4,2.7,1.7,1.9,3.4,6.9,8
22105,2016-11-26,3.7,1022.5,50,9.7,18.1,1.7,1.1,1.6,2.6,6,7.1
22105,2016-11-27,7.5,1018.9,52,10.6,18.5,1.8,1.1,2,3.2,4.6,6.4
22105,2016-11-28,7.3,1023.4,52,9.1,18.5,3,1.9,2.5,3.8,7,8
22105,2016-11-29,7.6,1031.3,62,9.1,18.3,2.9,1.8,2.5,4.3,6.9,8
22105,2016-11-30,9,1025.6,67,12.2,18.6,3,1.9,2.4,3.7,6.4,8
22105,2016-12-01,8.9,1020.9,45,11.3,18.3,3.3,2,3.7,5.6,6.7,9.1
22105,2016-12-02,4,1025.6,34,11.6,18.2,2.2,1.3,2.2,3.7,6.7,8
22105,2016-12-03,4.8,1023.4,48,14.8,17.6,1.7,1,1.4,2.6,5.4,7.1
22105,2016-12-04,3.9,1014.9,34,15.5,17.9,1.4,.9,1.2,1.9,4.4,4.9
22105,2016-12-05,7.3,1013.6,50,13.8,18.1,1.9,1.1,1.7,3.1,4.7,6.4
22105,2016-12-06,7.3,1021.5,50,7.7,18.2,4.2,2.5,3.4,6,8.1,9.1
22105,2016-12-07,6.4,1018.9,47,9.4,18.1,2.1,1.3,1.8,3.1,6.9,8
22105,2016-12-08,5,1016.8,44,9.9,18.1,1.9,1.2,1.4,2.3,6,8
22105,2016-12-09,9.3,1015,54,9.5,17.3,2.8,1.7,2.6,4.2,5.6,8
22105,2016-12-10,5.7,1022.9,61,7.3,16.8,3.1,1.9,2.6,4.2,7.5,9.1
22105,2016-12-11,5.5,1026.2,54,8.3,16.9,2.3,1.4,1.8,3.2,6.2,8
22105,2016-12-12,4.1,1022.4,39,11.3,17.2,1.5,1,1.6,2.3,6.3,8
22105,2016-12-13,7.1,1017.2,64,10.7,17.1,2.5,1.5,3.4,6,6.8,9.1
22105,2016-12-14,10.4,1017.8,80,4.5,16.6,5.3,3.3,4,6.9,8.3,9.1
22105,2016-12-15,7.6,1018.2,82,4.1,17.2,3.8,2.3,3,5.2,7.6,9.1
22105,2016-12-16,8.1,1020.9,54,5.4,17.2,3.5,2.2,3.4,5.7,7.8,9.1
22105,2016-12-17,5.9,1025.1,48,9.6,17.1,2.9,1.7,2.4,4.4,6.9,8
22105,2016-12-18,2.6,1026.9,47,12,17,1.5,.9,1,1.8,5.7,6.4
22105,2016-12-19,5,1024.2,60,13.5,16.9,1.3,.8,1.2,1.8,4.3,5.8
22105,2016-12-20,4.7,1026.2,63,13.4,16.8,1.2,.8,1,1.6,4.4,4.9
22105,2016-12-21,7.1,1024.1,73,14.3,16.6,1.4,.9,1.5,2.7,3.6,4.6
22105,2016-12-22,13.1,1005.1,83,12.4,16.4,6.2,3.7,6.2,9.7,7.9,10.7
22105,2016-12-23,10.5,1014,66,7,16.5,6.1,3.8,4.3,7.4,11.5,12.8
22105,2016-12-24,5.1,1027.4,71,6.6,16.5,6,3.7,4.3,8,12.4,12.8
22105,2016-12-25,5.1,1028.9,75,10.5,16.6,3.1,1.9,2.8,4.6,8.4,10.7
22105,2016-12-26,4.2,1019,62,10.9,16.1,1.7,1,1.9,2.7,5.5,6.4
22105,2016-12-27,10.1,1016.8,82,5.1,15.9,5.8,3.5,4.8,8.1,8.4,9.1
22105,2016-12-28,6.6,1026,60,5.6,15.8,4.4,2.7,4.6,7.5,8.8,10.7
22105,2016-12-29,8.4,1024.7,51,4.3,15.9,3.6,2.2,3.7,6,7.5,9.1
22105,2016-12-30,5.1,1027.8,43,5.5,15.7,2.2,1.4,2.1,3.4,6.9,9.1
22105,2016-12-31,4.5,1026.9,47,7.8,15.6,2.2,1.3,1.8,3.2,6.4,8
