지점,일시,평균 풍속(m/s),평균기압(hPa),평균 상대습도(%),평균 기온(°C),평균 수온(°C),평균 최대 파고(m),평균 유의 파고(m),최고 유의 파고(m),최고 최대 파고(m),평균 파주기(sec),최고 파주기(sec)
21229,2017-01-01,4.6,1024.9,51,10.2,14.9,1.7,1,1.2,2.5,6,7.1
21229,2017-01-02,5.6,1018.3,52,11.9,14.9,2,1.2,1.7,3,6,8
21229,2017-01-03,7.5,1019.1,52,10.3,15,2.6,1.6,2.1,3.7,6.1,7.1
21229,2017-01-04,7.7,1021.2,58,9.1,15,3.1,1.9,2.6,4.4,6.5,9.1
21229,2017-01-05,9,1028.9,62,5.3,14.9,3.4,2.1,2.5,3.9,6.9,8
21229,2017-01-06,2.4,1028.1,53,6,14.9,2.3,1.4,2,2.9,7.5,9.1
21229,2017-01-07,,,,,,,,1,1.6,,8
21229,2017-01-08,5.5,1013.4,65,10.3,14.9,2,1.2,1.7,2.9,4.9,5.8
21229,2017-01-09,7.4,1010.4,69,8.7,14.9,3.1,1.9,3.1,5.2,6.2,8
21229,2017-01-10,10,1016,54,6.5,14.9,3.9,2.4,3.6,5.4,7.4,8
21229,2017-01-11,11,1018.5,56,3.9,14.7,4.2,2.6,3.4,5.5,7.4,8
21229,2017-01-12,10.9,1011,48,6,14.6,4.5,2.8,3.6,5.7,6.9,8
21229,2017-01-13,13.3,1009.4,59,3,14.4,5.4,3.2,4.1,7.2,8,9.1
21229,2017-01-14,14.7,1015.2,79,-1.2,14.2,6.6,4.2,5.4,8.2,8.6,9.1
21229,2017-01-15,11.4,1019.7,63,3.3,14.1,5.6,3.4,4.2,7.3,8.8,10.7
21229,2017-01-16,10.9,1024.5,62,4.4,14,5.4,3.3,4.1,7.7,8.9,10.7
21229,2017-01-17,4.4,1029.5,63,6,13.9,4.5,2.9,3.6,5.7,10.6,10.7
21229,2017-01-18,8.5,1026.1,50,7.7,14,2.9,1.8,2.5,3.7,7.7,9.1
21229,2017-01-19,3.2,1021.8,62,6.8,13.9,2,1.2,1.5,2.5,7,8
21229,2017-01-20,11.1,1012.9,72,4.8,13.8,5,3.1,6.5,12,7.5,9.1
21229,2017-01-21,6.6,1022.7,57,3.9,13.7,4.8,2.9,4.5,6.7,8.7,9.1
21229,2017-01-22,10.6,1018.2,71,1.9,13.6,4.7,2.9,4.1,7.3,7.1,9.1
21229,2017-01-23,8.1,1023.4,82,.2,13.5,5.4,3.3,3.7,7.2,8.7,9.1
21229,2017-01-24,7.9,1028.3,73,1.7,13.1,4.3,2.6,3,5.2,8.7,9.1
21229,2017-01-25,2.2,1030.2,48,4.8,13.6,2.3,1.4,2.2,3.4,7.9,9.1
21229,2017-01-26,8.4,1023.2,49,8.1,12.7,2.9,1.7,3.4,5.7,6.6,8
21229,2017-01-27,10.2,1019.9,52,7.2,11.5,5.1,3,3.8,6.7,8,10.7
21229,2017-01-28,2.3,1025.7,60,6.5,12.6,2.2,1.3,2.2,4.8,6.7,9.1
21229,2017-01-29,4.4,1017.2,62,9.4,11.9,1.1,.7,.8,1.4,6.1,9.1
21229,2017-01-30,11.2,1017,73,3.9,11.7,3.9,2.4,4.4,7.9,6.7,10.7
21229,2017-01-31,5.5,1024.4,53,5.1,13.1,3.2,2,2.9,4.6,8.1,10.7
21229,2017-02-01,9.8,1021.5,53,4.8,13,3.2,1.9,2.7,4.6,7.2,9.1
21229,2017-02-02,10.4,1021.5,48,6.9,12.8,3.5,2.2,2.9,5.1,8,9.1
21229,2017-02-03,5.9,1022.4,50,8,12.8,2.2,1.4,2.2,3.4,7.5,9.1
21229,2017-02-04,2.3,1019,49,10.1,12.7,1.4,.9,1.1,1.8,7.4,9.1
21229,2017-02-05,7.1,1008.4,63,9.2,12.7,1.5,.9,1.8,2.8,4.7,8
21229,2017-02-06,9.4,1014.7,70,4.8,,4.4,2.7,3.9,6.4,7.4,9.1
21229,2017-02-07,6.4,1023.1,60,3.7,12.6,4.1,2.4,3,5.6,8.9,9.1
21229,2017-02-08,4.3,1016.5,63,5.4,13,2.7,1.7,2.1,3.4,8.5,9.1
21229,2017-02-09,10.7,1006.4,81,2.8,12.7,4.8,2.9,4.6,7.1,7.6,9.1
21229,2017-02-10,9.2,1010.1,89,-.8,10.8,4.3,2.7,3.5,5.4,8.1,9.1
21229,2017-02-11,9.5,1017.3,69,1.4,12.1,4.5,2.9,3.6,6.8,8.5,10.7
21229,2017-02-12,6.9,1023.9,67,3.5,11.9,3.5,2.2,2.8,5.2,8.7,10.7
21229,2017-02-13,4.8,1027.3,64,4.3,11.9,2.6,1.6,2.4,4.5,8.2,9.1
21229,2017-02-14,5.5,1030.1,57,4.4,11.8,2.8,1.7,2.1,3.8,7.7,9.1
21229,2017-02-15,4.8,1026.4,53,8.5,11.9,1.7,1,1.6,2.7,6.9,9.1
21229,2017-02-16,10.4,1017.2,63,12,11.8,3,1.9,2.8,4.9,6.4,8
21229,2017-02-17,7.2,1015.1,78,7.7,11.8,3.6,2.3,2.7,4.6,7.6,9.1
21229,2017-02-18,7.4,1018.4,72,4,11.9,3.4,2.1,3,5,7,8
21229,2017-02-19,7.9,1015.6,53,6.8,11.7,2.8,1.7,3.1,5.8,6.9,8
21229,2017-02-20,12.1,1009.5,73,6.1,11.7,5.4,3.3,5.2,8.4,8.3,10.7
21229,2017-02-21,6.3,1029.1,59,3,11.6,5.2,3.2,5,9.5,9.6,10.7
21229,2017-02-22,6.6,1016.4,74,7.6,11.6,2.5,1.5,2.4,3.7,7.4,9.1
21229,2017-02-23,10.5,1011,65,6.1,11.7,3.6,2.2,2.9,4.7,6.6,8
21229,2017-02-24,7.3,1019.3,50,4.9,11.7,3.1,1.9,2.7,4.3,7.9,9.1
21229,2017-02-25,6.3,1018.9,47,6.6,11.7,2.5,1.5,1.9,3.9,7.8,10.7
21229,2017-02-26,6.3,1023.2,57,6.4,11.6,2.3,1.4,2.1,3.6,6.4,9.1
21229,2017-02-27,5.7,1027.9,51,6.2,11.5,1.5,1,1.2,1.9,5.1,7.1
21229,2017-02-28,6.4,1023.8,56,8.9,11.5,1.4,.9,1.3,2,4.6,7.1
21229,2017-03-01,6.6,1015.8,67,10.7,11.4,1.4,.9,1.2,2.2,4.6,4.9
21229,2017-03-02,8,1010.1,77,6.2,11.8,3.1,1.9,3.4,6.2,6.5,9.1
21229,2017-03-03,5.5,1017.3,58,8,11.6,2.3,1.5,2.2,3.7,6.8,9.1
21229,2017-03-04,6.4,1018.2,66,9,11.6,1.9,1.2,1.7,2.5,5.7,7.1
21229,2017-03-05,5.1,1014.2,70,9.7,11.6,1.5,1,1.5,2,6.4,7.1
21229,2017-03-06,7.1,1010.1,72,4.7,11.5,2.8,1.8,2.6,4.1,7,8
21229,2017-03-07,9.5,1011,73,2,11.5,3.2,1.9,2.4,4.2,6.9,8
21229,2017-03-08,7.4,1009.5,55,4.3,11.3,2.6,1.6,1.8,3,6.8,8
21229,2017-03-09,7.6,1008.5,55,6.7,11.8,2.7,1.6,1.9,3.3,6.4,8
21229,2017-03-10,6.3,1016.4,50,7.1,11.6,2.3,1.4,2.4,4.7,6.3,8
21229,2017-03-11,4.1,1022.9,51,9,11.6,1.1,.6,.8,1.6,5,6.4
21229,2017-03-12,8,1019.6,68,10.9,12.1,1.8,1.1,1.3,2.3,4.6,5.3
21229,2017-03-13,7.4,1016.6,67,8.5,11.7,2.3,1.4,1.9,3.5,6,8
21229,2017-03-14,9.5,1016.9,59,6.5,11.1,3.4,2,2.7,4.8,7.4,8
21229,2017-03-15,10.8,1021,62,6.2,11.6,5.5,3.4,4.2,6.9,9.2,10.7
21229,2017-03-16,2.4,1021.7,59,7.4,12.2,2.6,1.6,2.6,4.3,8,10.7
21229,2017-03-17,2.4,1022.4,53,10.1,12.4,1.1,.6,.9,1.7,6.8,7.1
21229,2017-03-18,4.6,1022.2,66,12,12.5,1,.6,.8,1.4,6.7,9.1
21229,2017-03-19,4.6,1024.9,65,10.8,12.8,1,.6,.9,1.6,5,7.1
21229,2017-03-20,5,1020,66,11.2,12.5,.9,.6,.8,1.3,4.2,6.4
21229,2017-03-21,7.5,1013.9,60,8.4,12.2,2.6,1.6,2.7,4.5,6.2,8
21229,2017-03-22,5.4,1018.9,50,9.5,12,1.5,.9,1.5,2.3,6.1,7.1
21229,2017-03-23,6.8,1019.6,59,9.3,12.4,1.8,1.1,1.6,2.7,6.7,9.1
21229,2017-03-24,2.5,1023.3,44,7.2,12.4,1.4,.8,1.3,1.9,6.8,8
21229,2017-03-25,3.6,1021.5,50,7.4,12.4,1,.6,.8,1.3,6.1,7.1
21229,2017-03-26,3.7,1018.2,58,8.2,12.3,.9,.5,.6,1.2,4.1,6.4
21229,2017-03-27,2.6,1017.2,69,7.7,12.2,1.1,.7,1,2,5.1,7.1
21229,2017-03-28,6,1021.2,66,8.7,12.2,2.1,1.3,2.2,3.8,5.9,7.1
21229,2017-03-29,4.9,1020.7,64,11.1,11.9,1.2,.7,.9,1.6,4.9,6.4
21229,2017-03-30,6.1,1020.8,64,11,11.9,1.5,.9,1.1,2.2,5.1,8
21229,2017-03-31,6,1020.4,60,9.1,11.1,1.9,1.2,1.5,2.3,4.9,8
21229,2017-04-01,4.4,1016.3,56,8.8,10.8,1.8,1.1,1.4,2.4,7.6,9.1
21229,2017-04-02,5.1,1016.6,68,8.5,11.2,1.2,.8,1,2.1,5.4,7.1
21229,2017-04-03,5.7,1018.6,67,11.9,11.3,1.7,1,1.3,2.6,5.3,6.4
21229,2017-04-04,3.4,1022.8,82,12,11.7,.9,.6,.8,1.2,5.1,6.4
21229,2017-04-05,5.8,1019.3,81,12.6,11.2,1.7,1,1.3,2.5,5.3,6.4
21229,2017-04-06,10.5,1010,90,12.8,11.2,4.7,2.8,3.7,8.3,7.5,9.1
21229,2017-04-07,2.3,1014.2,92,11.2,11.6,2.2,1.3,2.2,3.7,6.6,8
21229,2017-04-08,3.8,1011.2,93,10.7,11.2,.8,.5,.6,1.1,5.3,8
21229,2017-04-09,6,1016.3,62,11.3,11.2,1.5,.9,1.3,2.1,4.4,5.3
21229,2017-04-10,6.3,1016.1,61,10.6,11.6,1.9,1.2,1.8,3,5,6.4
21229,2017-04-11,6.5,1003.9,86,10.8,11.5,2.5,1.6,1.9,3.1,6,7.1
21229,2017-04-12,5.5,1011.7,65,10.1,11.4,2.8,1.7,2.5,4.4,6.8,7.1
21229,2017-04-13,4.3,1014.3,65,12.3,11.6,1.7,1,1.5,2.9,5.6,6.4
21229,2017-04-14,8.8,1010.6,74,13.9,12,3.4,2.1,3.7,6.1,6.6,8
21229,2017-04-15,6.8,1010.7,82,13.7,12.1,2.9,1.8,3,4.7,7.2,8
21229,2017-04-16,4,1013,79,13.9,12.4,1.4,.8,1,1.7,5.3,6.4
21229,2017-04-17,6.9,1000.2,90,12.8,12.2,1.9,1.2,3.2,5.6,4.7,7.1
21229,2017-04-18,7.6,996.8,79,12.5,12.1,4.3,2.7,3.9,5.5,7.8,9.1
21229,2017-04-19,7.5,1006.1,61,12.5,11.9,4.2,2.6,3.2,5.6,7.7,9.1
21229,2017-04-20,2.7,1011.1,87,12.4,12.1,2.7,1.6,2.1,3.3,8.5,10.7
21229,2017-04-21,4.1,1010.3,78,11.9,12.2,2.3,1.4,1.8,2.7,8.8,10.7
21229,2017-04-22,3,1014,68,11.4,12.6,1.4,.8,1.1,2,7.2,9.1
21229,2017-04-23,7.5,1017,77,13,12.6,1.7,1,1.6,2.9,4.4,5.3
21229,2017-04-24,7.4,1018.7,79,14.1,13.2,2.1,1.3,1.8,3.2,5,5.8
21229,2017-04-25,8.2,1016.9,84,15,13.9,2.2,1.4,2,3.3,5.5,6.4
21229,2017-04-26,3.2,1014.7,71,13.7,14,1.3,.8,1.4,2.2,4.7,5.8
21229,2017-04-27,6.1,1009.7,58,13.6,14.1,1.2,.7,1.1,1.7,4.5,6.4
21229,2017-04-28,7.9,1003,71,14.8,14.3,2.2,1.3,2.1,3.8,5.2,7.1
21229,2017-04-29,5.9,1004.8,76,14.5,14.4,2.4,1.4,1.9,3.1,6.7,8
21229,2017-04-30,6,1004.8,74,16,14.3,2.9,1.7,2,3.9,6.7,8
21229,2017-05-01,4.1,1018.4,70,14.2,14.5,2.1,1.2,2.1,3.7,6.7,8
21229,2017-05-02,3.9,1024.5,69,14.1,15.1,.9,.6,.8,1.4,4.6,6.4
21229,2017-05-03,4,1022.4,79,14.8,15.5,1.1,.7,.9,1.5,5.4,8
21229,2017-05-04,4.3,1017.5,84,16.4,15.8,.9,.5,.7,1.2,3.7,6.4
21229,2017-05-05,5.3,1011.8,86,17.1,16.3,1.3,.8,2,4.1,4.2,5.8
21229,2017-05-06,7.3,1011.4,64,15.7,15.7,3,1.8,2.6,4.5,6.1,8
21229,2017-05-07,7,1009.5,59,16.5,15.6,2.2,1.3,1.7,3,6.2,8
21229,2017-05-08,4.3,1010.6,69,16.8,15.4,2,1.2,1.6,2.8,6.1,7.1
21229,2017-05-09,5,1011.9,89,15.2,15.5,1.5,.9,1.3,2.1,5,7.1
21229,2017-05-10,4.7,1007.6,86,15.2,15.7,1.7,1,1.3,2.1,5.6,7.1
21229,2017-05-11,5.3,1009.6,84,16.4,15.6,1.6,1,1.2,2.2,5.7,7.1
21229,2017-05-12,7.2,1009,80,17.1,15.2,2.4,1.5,2.4,4.5,6.4,7.1
21229,2017-05-13,5,1005.7,88,15.5,15.5,1.2,.7,1.3,2.2,4.8,8
21229,2017-05-14,7,1005.2,69,16.6,15.5,2.4,1.5,2.1,3.1,5.7,9.1
21229,2017-05-15,5.4,1009.5,71,15.4,15.2,2.5,1.6,2,3.3,6.7,9.1
21229,2017-05-16,3.2,1011,81,15,15.7,1.6,1,1.3,2.1,7.9,9.1
21229,2017-05-17,3.3,1011.8,84,15.7,16.3,.9,.5,.7,1.1,5.9,8
21229,2017-05-18,5.9,1014.1,87,16.4,16.5,1.1,.7,1,1.5,4,5.8
21229,2017-05-19,3.9,1012.4,83,17.9,17,1.2,.7,.9,1.7,4.5,4.9
21229,2017-05-20,3.3,1012.8,83,18,17.4,1.4,.8,1.1,1.8,5.3,5.8
21229,2017-05-21,4,1013.1,81,18.5,17.6,1.3,.8,1,1.7,5,5.8
21229,2017-05-22,4.9,1013.8,85,17,17.8,1.2,.7,.9,1.6,4.4,5.3
21229,2017-05-23,3.4,1010.8,85,17.1,18,.9,.5,.6,1.1,5.2,6.4
21229,2017-05-24,2.1,1008.3,85,17.5,18.2,.5,.3,.5,.9,4.9,5.8
21229,2017-05-25,7.7,1002.9,83,17,17.7,1.4,.8,2,3.2,4.1,5.8
21229,2017-05-26,11.9,1004.6,74,14.2,16.5,4.5,2.8,3.9,6.3,7.8,9.1
21229,2017-05-27,6,1011.8,75,15.7,16.2,3.3,2.1,3.1,4.8,8,9.1
21229,2017-05-28,5.6,1010.9,85,17,16.6,1.9,1.1,1.7,3.2,6.8,8
21229,2017-05-29,3.3,1009.6,80,18.3,16.7,1.7,1,1.9,3.3,5.8,6.4
21229,2017-05-30,2.7,1008,80,19.1,17.5,.9,.5,.7,1.2,5.1,5.8
21229,2017-05-31,3.2,1002.7,87,18.3,17.6,.9,.6,.7,1.2,5.1,6.4
21229,2017-06-01,4.9,997.9,87,17.5,17.7,1.4,.9,2.2,3.5,5.1,5.8
21229,2017-06-02,6.2,1003.9,70,16.2,17.3,3.2,2,2.4,3.9,7.6,10.7
21229,2017-06-03,4.7,1007.7,75,16.3,17.4,4.5,2.9,3.8,6,10.7,12.8
21229,2017-06-04,2.2,1011.3,76,17.7,18,2.9,1.8,2.4,4.2,9.7,10.7
21229,2017-06-05,4.2,1017.3,75,16.9,18.1,1.8,1.1,1.5,2.4,7.9,9.1
21229,2017-06-06,3.8,1016.8,77,17.3,18.1,1.1,.6,.8,1.4,5.8,7.1
21229,2017-06-07,8,1004.9,89,18,17.7,3.1,1.9,2.7,5.5,6,8
21229,2017-06-08,4.4,1006.2,80,18.6,17.9,2.4,1.5,2.3,3.6,6.5,8
21229,2017-06-09,5.6,1004.2,71,19.9,17.9,1.6,1,1.7,2.6,5.1,5.8
21229,2017-06-10,4.3,1007,61,18.7,18.1,2.1,1.3,1.8,2.9,6.3,7.1
21229,2017-06-11,3.6,1010.9,66,18,18.5,1.1,.6,1.1,1.8,5,9.1
21229,2017-06-12,4.8,1016.8,71,16.4,18.6,1.8,1.2,1.3,2.4,8.4,9.1
21229,2017-06-13,3,1015.5,67,16.4,18.7,2,1.2,1.5,2.6,8,9.1
21229,2017-06-14,4.8,1009.1,82,18.4,18.8,1.1,.7,1,1.5,5.3,7.1
21229,2017-06-15,5.6,1006.5,80,19.1,18.9,1.3,.8,1.1,1.7,4.4,5.3
21229,2017-06-16,3.6,1013,76,17.4,19,2.2,1.3,2,3.9,7,9.1
21229,2017-06-17,4.3,1012.5,75,18.2,19.3,1.6,1,1.5,2.4,7,8
21229,2017-06-18,3.8,1010.8,79,18.9,19.6,1,.6,.8,1.4,4.7,6.4
21229,2017-06-19,4.4,1009.5,89,19.8,19.7,.9,.5,.6,1,4,4.9
21229,2017-06-20,5,1006.6,87,20.6,19.9,1.4,.9,1.2,2,4.8,5.8
21229,2017-06-21,4.8,1005.6,82,20.3,20.4,1.5,.9,1.5,2.4,5.2,7.1
21229,2017-06-22,2.8,1007.9,84,21,20.9,1.3,.8,1.1,1.8,5.3,7.1
21229,2017-06-23,2.2,1008,87,20.9,21.6,.7,.4,.5,.8,4.9,7.1
21229,2017-06-24,3,1004.8,86,21.1,21.8,.7,.4,.5,.8,4.1,6.4
21229,2017-06-25,2,1003.4,81,21.7,22.3,.5,.3,.5,.8,4,7.1
21229,2017-06-26,2.2,1009.1,80,21.7,22.4,1,.6,1.2,1.9,6.5,8
21229,2017-06-27,3.6,1011.7,78,21.4,22.2,1.7,1,1.3,2.3,7.6,8
21229,2017-06-28,4,1013.2,83,21.5,22.3,1.1,.7,1,1.7,5.2,7.1
21229,2017-06-29,4.2,1012,90,22.4,22.4,.8,.5,.6,1,3.8,6.4
21229,2017-06-30,4.4,1007.3,89,22.6,22.3,1.3,.8,1,1.9,5,5.8
21229,2017-07-01,5.2,1005.3,85,23.5,22.3,2.2,1.3,1.7,3,6,7.1
21229,2017-07-02,4.4,1007.7,89,23.4,22.6,2,1.2,1.4,2.4,5.7,6.4
21229,2017-07-03,8.3,1005.1,90,23,22.4,3.3,2,2.6,4.3,6.9,8
21229,2017-07-04,2.8,1006,89,22.9,22.7,1.7,1,2,3.2,5.7,7.1
21229,2017-07-05,,1010.9,81,22.8,23.3,.9,.5,.6,1.2,5.6,9.1
21229,2017-07-06,4,1011.8,88,23,23.4,.7,.4,.5,.9,4,5.3
21229,2017-07-07,4.8,1009.6,91,23.8,23.6,1,.6,1,1.9,4,4.9
21229,2017-07-08,5.8,1006.9,91,24,23.6,2,1.2,1.4,2.4,5.5,5.8
21229,2017-07-09,4.3,1006.5,90,24.5,24.1,1.4,.8,1,1.9,5,5.8
21229,2017-07-10,10.5,1002.9,90,24.8,23.6,3.5,2.2,3,5.1,6.2,7.1
21229,2017-07-11,8,1005,87,23.8,23.3,3.5,2.1,3,5.4,7.1,8
21229,2017-07-12,2.9,1008.2,86,24.4,24,1.2,.7,1.3,2.2,5.2,7.1
21229,2017-07-13,5.6,1006.2,88,24,24.1,1.2,.7,1,1.9,3.9,4.9
21229,2017-07-14,5.3,1006.6,88,23.9,24.2,1.6,.9,1.2,2,5.1,5.8
21229,2017-07-15,7,1008.8,86,24.5,24.1,2,1.2,1.7,3,5.4,6.4
21229,2017-07-16,5.2,1010.2,85,24.5,24.1,1.5,.9,1.4,2.7,5.2,6.4
21229,2017-07-17,3.5,1010,85,25,24.7,1,.6,.7,1.2,5.1,5.8
21229,2017-07-18,2.4,1008,84,25.6,25.4,1,.6,.7,1.2,4.8,5.3
21229,2017-07-19,3.8,1007,87,25.2,25.8,.8,.5,.6,1,4.7,6.4
21229,2017-07-20,6.8,1006.9,90,25.6,25.6,1.2,.7,.9,1.5,4.1,6.4
21229,2017-07-21,5.5,1007.5,90,25.7,25.3,1.5,.9,1.3,2.2,4.6,4.9
21229,2017-07-22,3.4,1009.7,86,25.2,25.6,1.2,.7,1.2,2.1,5.7,7.1
21229,2017-07-23,2.7,1004.7,87,25,25.6,1,.6,.8,1.3,4.9,5.8
21229,2017-07-24,3.1,1002.9,85,25.2,25.8,1,.6,.8,1.5,5,5.3
21229,2017-07-25,5.9,1005,83,25.1,25.9,1.2,.7,1.3,2.4,4,5.3
21229,2017-07-26,5.1,1009.9,64,24.9,25.7,1.6,1,1.3,2.1,5,6.4
21229,2017-07-27,3.2,1009.6,71,24.8,26,1,.6,.7,1.3,4.3,5.3
21229,2017-07-28,3.9,1009.3,77,25.2,25.9,.8,.5,.6,1,3.8,5.3
21229,2017-07-29,5,1009.8,77,25.1,25.8,1.1,.6,.8,1.4,4.1,4.6
21229,2017-07-30,3.6,1008.6,77,25.2,26.1,1,.6,.7,1.3,4.7,5.3
21229,2017-07-31,1.7,1009.8,79,25.5,26.2,.7,.5,.6,1.1,4.9,5.8
21229,2017-08-01,3.9,1010.6,82,25.3,26.2,.7,.4,.5,.9,9.2,12.8
21229,2017-08-02,2.9,1009.2,79,25.6,26.5,.7,.4,.5,.8,6.9,10.7
21229,2017-08-03,4.8,1008.1,78,25.9,26.4,1.2,.7,.8,1.5,4.4,4.9
21229,2017-08-04,3.2,1007.1,88,26.5,26.9,1.1,.7,.8,1.5,4.8,5.3
21229,2017-08-05,2.6,1004.7,92,27.3,27.4,.7,.4,.5,1,4.8,5.8
21229,2017-08-06,2.4,1001.2,88,28.2,28,.7,.4,.6,.9,4.5,5.8
21229,2017-08-07,2.9,998.1,89,28,28.3,1,.6,.9,1.6,4.5,5.3
21229,2017-08-08,3.3,999,81,27.4,27.9,1.3,.8,1.5,2.9,5.8,8
21229,2017-08-09,5.5,998.9,80,27,27.4,2.8,1.7,2.1,3.3,8.2,9.1
21229,2017-08-10,7.6,1000.9,77,26.5,26.9,2.9,1.8,2,3.2,8,9.1
21229,2017-08-11,7.5,1005.8,76,25.5,26.7,2.8,1.8,2.1,3.2,7.4,8
21229,2017-08-12,7.1,1011,72,24.7,26.3,2.7,1.6,2,3.3,7.6,8
21229,2017-08-13,7.2,1011.8,75,24.6,26.5,2.6,1.6,2,3,7.4,9.1
21229,2017-08-14,5.8,1008.5,75,25.1,26.4,2.1,1.3,1.5,2.4,7.6,9.1
21229,2017-08-15,7.7,1005.6,74,25.4,26.3,2.4,1.5,1.7,2.7,5.6,6.4
21229,2017-08-16,6.7,1006.9,75,25.2,26.1,2.1,1.3,1.6,2.8,6.1,7.1
21229,2017-08-17,5.8,1008.7,78,24.6,26,2.2,1.3,1.5,2.6,7.3,8
21229,2017-08-18,5.4,1010.9,85,24.6,26.1,2.1,1.3,1.5,2.9,7.2,8
21229,2017-08-19,4.8,1013.3,78,25.1,26.4,1.5,.9,1.2,2.1,6.3,7.1
21229,2017-08-20,4.6,1012.1,76,25.6,26.2,1,.6,.9,1.4,5.3,6.4
21229,2017-08-21,6.4,1009,86,26.7,26.2,1.4,.9,1.2,1.8,4.3,6.4
21229,2017-08-22,6.5,1010.6,86,26.8,26.2,2,1.2,1.6,2.7,5.3,5.8
21229,2017-08-23,4.2,1010.9,87,26.8,26.4,1.3,.8,1.1,1.8,4.9,5.8
21229,2017-08-24,8.8,1004.4,84,27.4,26.3,2.8,1.7,2.2,4.1,6.1,7.1
21229,2017-08-25,5.6,1005.9,77,26.3,26.2,1.8,1.1,2,3.1,6.4,8
21229,2017-08-26,6.3,1011.6,51,25.7,25.8,1.9,1.1,1.8,3.4,5.6,7.1
21229,2017-08-27,2.1,1015.7,53,24.9,25.9,.8,.5,.7,1.2,5.2,6.4
21229,2017-08-28,4.3,1010.7,69,25.3,25.9,.9,.5,.8,1.5,3.6,4.3
21229,2017-08-29,6.8,1011.1,75,23.1,25.4,2.1,1.3,2.4,4,5.5,9.1
21229,2017-08-30,3.8,1011.2,61,23.5,24.9,1.6,1,1.6,2.4,6,8
21229,2017-08-31,4.1,1010.7,64,23.5,24.6,1.6,1,1.9,3,6,7.1
21229,2017-09-01,7.8,1012.7,59,21.9,24.3,2.2,1.3,1.7,2.7,5.2,6.4
21229,2017-09-02,6.4,1013.2,61,22.1,24,1.9,1.1,1.3,2.3,5.8,6.4
21229,2017-09-03,3.5,1015.8,63,22.4,23.9,1.8,1.1,1.4,2.4,6.7,7.1
21229,2017-09-04,3.4,1016.8,64,23.5,23.8,1.2,.7,.9,1.5,6.2,7.1
21229,2017-09-05,4.5,1012.3,70,23.9,23.6,1.2,.8,1,1.5,4.8,6.4
21229,2017-09-06,1.9,1006.8,82,23.5,24,.7,.4,.7,1.1,4.2,5.3
21229,2017-09-07,2.5,1006.1,67,23.3,24.6,.6,.4,.5,.8,4.3,5.3
21229,2017-09-08,2.9,1010,76,23.8,24.8,.7,.4,.5,.9,4.2,5.8
21229,2017-09-09,3.5,1012.6,81,24,24,.6,.3,.5,.9,3.9,5.3
21229,2017-09-10,2.7,1014.5,78,24.2,24.3,.8,.4,.6,1,4.6,6.4
21229,2017-09-11,7.3,1006.4,85,22.5,24,2,1.2,2.8,4.8,5.3,8
21229,2017-09-12,4.1,1011.2,78,22.8,24.3,2.3,1.4,1.8,3.1,6.9,9.1
21229,2017-09-13,5.9,1016.7,70,22.7,24.5,1.6,1,1.3,2.1,6,7.1
21229,2017-09-14,3.2,1020.5,53,22.3,24.4,1.6,1,1.4,2.7,6.1,7.1
21229,2017-09-15,7.5,1020.8,57,21.7,24.1,2.1,1.2,1.6,2.8,5.5,7.1
21229,2017-09-16,8.8,1015.5,66,22.5,24.6,3.1,1.9,2.3,4,7.1,10.7
21229,2017-09-17,10.4,1006,79,22,24.2,3.6,2.2,2.6,4.4,6.6,7.1
21229,2017-09-18,7.2,1006.4,68,22.4,23.9,2.6,1.6,2.2,3.5,6.7,8
21229,2017-09-19,5.7,1007.9,69,23.8,23.9,2.1,1.3,1.6,2.6,7.9,9.1
21229,2017-09-20,9,1008.5,62,22.2,23.7,3.6,2.1,3.2,5.6,7.1,9.1
21229,2017-09-21,2.3,1014.7,61,22.3,23.9,1.9,1.2,1.9,3.3,6.5,8
21229,2017-09-22,5.3,1013.3,68,22.7,23.7,1.2,.7,.9,1.5,5.3,9.1
21229,2017-09-23,3,1014.8,66,22.8,23.6,.9,.5,.7,1.2,4.3,7.1
21229,2017-09-24,2.9,1015.2,72,22.7,23.1,.6,.3,.5,.9,4.1,5.8
21229,2017-09-25,2,1015,73,23.5,23.6,.7,.4,.6,1.2,4.5,6.4
21229,2017-09-26,3.1,1013.6,71,22.8,23.5,.9,.5,.7,1.2,5.3,6.4
21229,2017-09-27,5.9,1007.5,79,20.7,23.4,1.4,.9,3,4.3,4.2,8
21229,2017-09-28,7.5,1007.9,53,20.8,23.1,3.2,2,2.7,4.5,6.9,9.1
21229,2017-09-29,9,1014.6,47,19.9,22.5,3,1.8,2.9,5,6.4,8
21229,2017-09-30,6.9,1020.3,60,21.7,22,2,1.2,1.6,2.9,5.8,7.1
21229,2017-10-01,5.8,1018,70,22.2,21.8,1.8,1.1,1.6,2.9,4.9,5.3
21229,2017-10-02,6.3,1011.9,85,20,21.7,2.7,1.6,2.2,3.9,6.4,8
21229,2017-10-03,8.7,1018,62,17.8,21.7,3.6,2.2,2.9,4.7,7.3,9.1
21229,2017-10-04,6.2,1024.8,54,16.4,21.3,2.3,1.4,1.8,3,6.9,8
21229,2017-10-05,5.7,1025.6,54,17.8,21.2,1.7,1.1,1.5,2.3,5.7,7.1
21229,2017-10-06,6,1020,80,19.6,21.3,2,1.2,1.6,2.8,5.2,5.8
21229,2017-10-07,5.5,1019.5,81,20.3,21.4,2.3,1.4,1.8,3.2,6.4,8
21229,2017-10-08,2.7,1023,81,21.1,21.4,1,.6,.9,1.6,4.4,5.8
21229,2017-10-09,3,1020.9,89,21.5,21.3,.7,.4,.5,.9,3.6,4.6
21229,2017-10-10,4.8,1018.6,83,20.4,21.3,2.2,1.3,2.6,4.5,5.8,9.1
21229,2017-10-11,7.1,1015.3,78,19.6,21.2,2.6,1.6,2.1,3.8,7.3,9.1
21229,2017-10-12,9,1018.9,74,16,21,3.5,2.2,2.7,4.5,7.8,9.1
21229,2017-10-13,8.1,1018.4,78,17.1,20.8,3.2,2,2.4,4.1,6.4,8
21229,2017-10-14,6.5,1023.8,59,17.3,20.9,2.1,1.4,1.8,2.8,5.6,7.1
21229,2017-10-15,6.6,1028.3,50,17.2,20.7,1.8,1.2,1.5,2.6,5.3,7.1
21229,2017-10-16,3.1,1026.7,53,17.8,20.4,1.7,1,1.4,2.3,5.5,6.4
21229,2017-10-17,5.6,1025.4,56,17.4,20.7,1.4,.9,1.1,1.7,4.9,6.4
21229,2017-10-18,8.6,1025.2,57,16.3,20.1,2.7,1.7,2,3.6,5.7,7.1
21229,2017-10-19,6.2,1019.9,62,17.5,20,2.2,1.3,1.6,2.9,6,6.4
21229,2017-10-20,4.5,1019.1,62,17.7,19.9,1.6,1,1.2,2.1,5.6,6.4
21229,2017-10-21,6.2,1018,68,17.9,19.6,1.6,.9,1.3,2.1,5.2,6.4
21229,2017-10-22,13.6,1011.7,70,17.1,19.4,5.9,3.6,6.2,10.1,7.4,9.1
21229,2017-10-23,9.8,1016.6,57,13.7,18.9,8.3,5.2,6.4,10.1,10,10.7
21229,2017-10-24,3,1024.2,49,14.4,18.7,4.6,2.9,4.6,6.8,10.2,10.7
21229,2017-10-25,1.3,1024,52,15.4,18.7,1.6,1,1.6,2.7,7.2,9.1
21229,2017-10-26,3.2,1021.8,59,16.7,18.3,.7,.4,.5,.9,5,8
21229,2017-10-27,4.2,1020.5,66,18.2,18.5,.8,.5,.6,1.1,3.9,4.6
21229,2017-10-28,4.9,1020.1,78,18.4,18.7,1.2,.7,.8,1.6,4.7,5.3
21229,2017-10-29,8.4,1011.4,76,16.4,18.7,2.7,1.6,5.6,9.8,5.3,10.7
21229,2017-10-30,7.5,1021.1,48,12.5,18.2,5.9,3.7,6,8.6,9.5,10.7
21229,2017-10-31,5.8,1021.9,48,15.8,18.1,2.3,1.4,1.8,2.9,8,10.7
21229,2017-11-01,5.8,1018.3,52,17.1,18.1,2.5,1.5,1.8,3.2,6.3,10.7
21229,2017-11-02,1.8,1017.1,67,17.6,18.1,1.2,.8,1,1.6,4.9,5.8
21229,2017-11-03,6.1,1016.1,75,16.3,18.1,2,1.2,3.7,5.8,6,9.1
21229,2017-11-04,8.7,1024.3,60,10.9,18.2,5.9,3.6,4.8,8.3,8.9,10.7
21229,2017-11-05,4.8,1025.5,50,14.6,18.5,2.2,1.3,2.2,3.2,6.8,8
21229,2017-11-06,7.8,1020.7,61,17.2,18.5,2.5,1.5,2,3.1,6,6.4
21229,2017-11-07,3.8,1018.8,67,17.4,18.5,2,1.3,1.8,2.9,6,7.1
21229,2017-11-08,7.2,1015.6,68,17.4,18.1,2.3,1.3,1.7,2.9,5.9,6.4
21229,2017-11-09,5.9,1023.6,62,13.5,17.6,2.9,1.8,2.6,4.6,7.4,9.1
21229,2017-11-10,11.1,1012,66,16.3,17.4,3.3,2,3.7,6.4,6.1,8
21229,2017-11-11,9.2,1016.4,50,11.7,17.1,6,3.6,4.9,9,8.8,10.7
21229,2017-11-12,5.1,1019.8,56,12.8,17.1,2.8,1.8,2.7,3.9,9.4,12.8
21229,2017-11-13,7.9,1014.8,53,15.3,17.2,2.8,1.8,2.1,3.5,9.8,12.8
21229,2017-11-14,7.8,1014.4,49,13.8,17.6,2.9,1.8,2.1,3.9,6.8,8
21229,2017-11-15,9.5,1016.5,48,9.5,17.2,3.8,2.3,3.1,5.8,7.1,8
21229,2017-11-16,6.8,1021.6,47,7.8,17.2,3.1,1.9,2.4,4,7.1,8
21229,2017-11-17,5.7,1017.6,47,12,17.1,1.8,1.1,2.1,3.7,5.6,7.1
21229,2017-11-18,10.6,1014.9,64,7.5,16.8,5.2,3.2,4.2,7.1,8,10.7
21229,2017-11-19,10.3,1020.6,67,4.8,16.5,5,3.2,4.2,6.4,8.1,9.1
21229,2017-11-20,8.6,1021.3,57,7.1,16.3,3.7,2.3,3.4,6,7.4,9.1
21229,2017-11-21,5.5,1023.9,55,10.1,16.1,2.4,1.5,2,3.5,6,8
21229,2017-11-22,7.3,1014.8,50,12.1,16.1,2.5,1.5,2.3,4.4,5.7,6.4
21229,2017-11-23,10.5,1015.5,49,7.1,16.1,4.6,2.7,3.5,6.6,7.6,9.1
21229,2017-11-24,9.4,1020,50,6.2,16,3.8,2.4,2.8,4.6,7.2,8
21229,2017-11-25,9.8,1023.8,52,8.7,15.7,3.7,2.3,3.2,4.9,7,8
21229,2017-11-26,7.4,1022.9,60,9.8,15.7,3.1,1.9,3.2,4.7,6.9,8
21229,2017-11-27,4.7,1026.1,54,11.1,15.6,1.8,1.1,1.6,2.9,6.1,8
21229,2017-11-28,9,1019.5,67,15.3,15.6,2.3,1.4,1.9,2.9,5.3,6.4
21229,2017-11-29,6.4,1020.6,60,12.3,15.5,2.9,1.7,2.9,4.8,6.9,10.7
21229,2017-11-30,7.1,1020.2,64,8.1,,3.8,2.3,3.3,5.3,7.9,10.7
21229,2017-12-01,10.7,1024.8,54,5.8,15.4,4,2.5,3.1,5.2,7.3,8
21229,2017-12-02,4.8,1026.4,45,7.2,15.3,2.1,1.3,2,3.6,6.7,7.1
21229,2017-12-03,5.5,1021.3,51,10.9,15.2,1.5,.9,1.2,1.9,5.5,8
21229,2017-12-04,8,1014.8,52,9,15,2.8,1.7,3.4,6.1,6.5,8
21229,2017-12-05,11.3,1015.1,65,3.5,14.5,5.1,3.2,3.7,6.9,8.1,9.1
21229,2017-12-06,8.1,1021,56,5.1,14.5,3,1.9,2.8,5.2,7,8
21229,2017-12-07,9.2,1018.2,59,7.6,14.4,2.9,1.7,2,3.9,5.7,6.4
21229,2017-12-08,8.2,1016.7,71,4.1,14.2,5.3,3.1,4,7.1,8.5,9.1
21229,2017-12-09,5.8,1017.3,54,5.5,14,3,1.8,2.7,4.3,7,8
21229,2017-12-10,8.5,1010.9,56,9.1,14.3,2.6,1.6,2.8,4.5,5.9,7.1
21229,2017-12-11,12.8,1013.6,57,1.5,14.1,6.8,4.1,5,8.4,8.8,9.1
21229,2017-12-12,11.5,1020.6,75,.4,13.9,6.6,4.1,4.9,8.6,9,10.7
21229,2017-12-13,9.7,1024.2,67,2.8,13.7,4.7,2.9,3.3,5.4,8.5,9.1
21229,2017-12-14,5.6,1029,59,4.6,13.6,4.5,2.8,3.3,6,9,10.7
21229,2017-12-15,6.1,1022.6,56,7.7,13.6,3.4,2.1,3.1,5,9.3,10.7
21229,2017-12-16,10.2,1018.9,55,3.9,12.9,4.3,2.7,4.1,6.3,7.9,9.1
21229,2017-12-17,8.6,1023.9,59,1.4,12.9,3.9,2.4,3,5.1,8.5,9.1
21229,2017-12-18,8.9,1023.7,51,5.4,12.4,3,1.9,2.4,4.3,6.9,8
21229,2017-12-19,9.1,1025.6,64,3.1,12.5,3.8,2.3,3.5,6.4,7.4,9.1
21229,2017-12-20,6.4,1028,51,4.9,12.4,2.3,1.4,1.6,2.7,7,8
21229,2017-12-21,4.7,1026.9,46,6.9,12.4,1.6,1,1.3,2,5.9,7.1
21229,2017-12-22,3.8,1023.3,51,8.4,12.8,1.6,1,1.3,2.2,6.5,7.1
21229,2017-12-23,4.2,1021.6,53,10,13,1.5,1,1.3,2.2,5.4,7.1
21229,2017-12-24,7,,,,,2.1,1.4,3,4.7,5.4,7.1
21229,2017-12-25,9.8,1015.4,62,5.1,12.6,5.4,3.3,4.3,8.3,9,10.7
21229,2017-12-26,12.6,1017.3,60,3.1,12.4,6.1,3.7,4.4,7.5,8.6,9.1
21229,2017-12-27,11.4,1021.8,61,2.2,12.2,5.8,3.6,4.6,7.4,8.4,9.1
21229,2017-12-28,5.3,1025.1,58,4.4,11.9,3.9,2.3,2.6,4.8,8.4,9.1
21229,2017-12-29,6.1,1023.4,60,6.6,12.1,3.2,1.9,3.1,5.1,7.5,9.1
21229,2017-12-30,4.3,1024.7,56,6.6,13.2,3,1.9,2.4,4.1,7.8,9.1
21229,2017-12-31,10.2,1015.8,58,7.3,12.9,3.9,2.5,3.7,7.9,7.8,10.7
21229,2018-01-01,9.5,1022.1,52,5,13,4.9,3,3.5,6.4,8.5,9.1
21229,2018-01-02,10,1022.7,47,5.9,13,4.7,2.8,4,6.6,8.4,9.1
21229,2018-01-03,6.5,1025.6,65,2.7,12.7,4.5,2.8,3.7,6.3,9.1,12.8
21229,2018-01-04,6.2,1024.4,63,3.5,12.5,4.2,2.6,3.7,5.8,9.8,10.7
21229,2018-01-05,3.6,1017.1,63,5.1,12.4,2.1,1.3,2.1,3.6,8,9.1
21229,2018-01-06,5.6,1018.4,62,5.5,12.1,2.5,1.5,1.9,3.3,6.2,8
21229,2018-01-07,4.7,1021.2,56,7.8,11.8,2.1,1.3,1.8,3.2,6.5,8
21229,2018-01-08,5.9,1007.4,69,9.3,11.5,1.6,.9,1.4,2.6,4.6,5.3
21229,2018-01-09,11.5,1005.4,52,3.6,10.3,4.5,2.8,3.5,6.5,7.3,9.1
21229,2018-01-10,10.5,1012.1,55,.4,10,5,3,3.6,5.6,7.6,9.1
21229,2018-01-11,8.7,1018.3,68,-1.5,11,5,3,3.5,5.9,9.9,12.8
21229,2018-01-12,7,1024.3,70,-.5,10.7,4.1,2.6,3,5.3,9.9,12.8
21229,2018-01-13,7,1028.2,56,2,10.6,3.1,1.9,2.3,4.1,7.6,9.1
21229,2018-01-14,6.4,1028.5,53,6.1,12.2,2.4,1.5,2.1,3.4,6.2,8
21229,2018-01-15,8.3,1021.5,60,9.3,10.9,2.9,1.8,2.3,3.5,6,7.1
21229,2018-01-16,5.7,1017.4,64,9.6,10.9,1.8,1.1,1.4,2.2,5.5,6.4
21229,2018-01-17,4.6,1015.9,75,7.7,10.9,1.5,.9,1.1,1.9,5.2,5.8
21229,2018-01-18,6.7,1019.3,57,7.9,10,2.4,1.4,2.1,3.5,6.3,8
21229,2018-01-19,3.2,1021,52,7.3,10.2,1.6,1,1.3,2.5,6.4,8
21229,2018-01-20,6.7,1019.7,51,7.2,10.7,2.1,1.3,2.1,3.7,6,8
21229,2018-01-21,5.8,1021.6,57,4.9,10.9,3.2,1.9,2.6,4.8,7,8
21229,2018-01-22,3.9,1013.6,64,6.3,10.5,1.9,1.2,1.9,2.8,6.7,8
21229,2018-01-23,12.8,1012.7,61,-.2,10.3,6.5,3.9,5.3,10.6,8.6,10.7
21229,2018-01-24,13.7,1019,81,-5.1,9.9,6.5,4,4.6,8.3,9.3,10.7
21229,2018-01-25,9.3,1020.5,68,-2.3,9.8,5.8,3.6,4.2,6.5,10.4,12.8
21229,2018-01-26,10.8,1020.3,70,-2,9.5,6.3,3.9,4.4,8.1,10.1,10.7
21229,2018-01-27,5.7,1024.1,58,1.7,9.5,4.9,3,3.8,7.5,10,10.7
21229,2018-01-28,8.3,1015.4,51,3.6,9.7,3.1,1.9,2.7,4.2,7.6,9.1
21229,2018-01-29,10.7,1016.5,66,-1.3,9.9,4.2,2.6,3.6,5.7,8,9.1
21229,2018-01-30,8.3,1021.1,53,.6,9.8,3.2,1.9,2.5,4.3,7.3,8
21229,2018-01-31,6.3,1024.1,61,2.7,9.5,2.7,1.6,2.1,4.1,6.9,9.1
21229,2018-02-01,2.3,1026.6,49,3.6,9.8,2,1.3,1.5,2.5,6.2,7.1
21229,2018-02-02,6.8,1024.2,60,4.4,10.2,2.9,1.9,4.1,5.7,6.6,8
21229,2018-02-03,8.4,1020,69,1.7,10.2,4.1,2.5,3.7,6.5,7.9,9.1
21229,2018-02-04,9.7,1017.9,81,-.6,10,7.1,4.3,5.9,10.1,10.1,10.7
21229,2018-02-05,11,1018.2,72,-1.9,9.7,5.7,3.5,4.5,7.3,9.7,10.7
21229,2018-02-06,8.7,1018,73,-2.2,9.3,5.7,3.6,4.5,7.7,11.1,12.8
21229,2018-02-07,7.2,1021.1,76,-.9,9.6,4.6,2.9,3.6,5.9,9.7,10.7
21229,2018-02-08,5.4,1022.1,44,2.8,9.8,2.5,1.6,2.1,4.3,8.4,9.1
21229,2018-02-09,7.5,1021,57,7.7,9.7,2.1,1.3,1.8,2.9,5.5,8
21229,2018-02-10,5.8,1015.5,55,7.3,9.8,2,1.2,1.6,3.6,5.7,6.4
21229,2018-02-11,12.8,1016,50,-.7,9.7,5.5,3.4,4.2,8.3,8.6,9.1
21229,2018-02-12,9.7,1016,50,-1.1,9.6,4.9,3,4.2,7.4,8.5,9.1
21229,2018-02-13,9.7,1019,51,1.8,9.4,3.8,2.4,2.9,5,7.4,8
21229,2018-02-14,10.7,1013.8,55,7.8,9.3,4.5,2.6,3.7,5.9,7.1,9.1
21229,2018-02-15,3.5,1019.3,60,3.8,9.3,3.2,2,2.7,4.2,7.7,9.1
21229,2018-02-16,3.9,1014.4,51,5.3,9.4,1.5,.9,1.2,2.2,6.3,8
21229,2018-02-17,,,,,,,,3.6,6.9,,9.1
21229,2018-02-18,3.8,1024.1,49,3.5,9.2,3.1,1.9,2.4,4.2,8.3,10.7
21229,2018-02-19,2.6,1022.1,50,5.2,9.2,2.2,1.3,2,3.4,8.5,10.7
21229,2018-02-20,7.6,1019.6,49,5.8,9.2,2.3,1.4,2,3.2,6.6,8
21229,2018-02-21,6.2,1021.1,63,2.4,9.1,3.2,2,2.8,4.2,7.2,8
21229,2018-02-22,5.3,1020.5,45,4.3,9,1.8,1.1,1.4,2.5,6.4,7.1
21229,2018-02-23,8.7,1020,48,6.9,9,2.6,1.6,2.4,4.1,5.4,6.4
21229,2018-02-24,8.9,1026.7,68,4.2,8.9,3.8,2.3,2.9,5,6.8,8
21229,2018-02-25,7.5,1024.9,71,4.8,8.9,3.3,2,2.5,4.3,6.4,9.1
21229,2018-02-26,5.2,1024,61,6,9.4,2.3,1.5,1.8,3.4,7.3,9.1
21229,2018-02-27,6.4,1022.9,66,7.3,10.3,2,1.2,1.8,2.8,5.4,7.1
21229,2018-02-28,10.4,1013,77,7.1,10.6,3.3,2,4.1,6.8,6.2,8
21229,2018-03-01,14.1,1000,61,6.1,10.9,6.2,3.8,5.3,9,8.6,10.7
21229,2018-03-02,7.9,1015.3,58,4.7,10.9,4.9,3,4.5,8.2,8.9,10.7
21229,2018-03-03,7.9,1012.9,65,10,10.6,2.3,1.4,1.7,2.9,6.2,10.7
21229,2018-03-04,6.4,1014.7,81,10.4,10.4,2.1,1.3,2.6,4.1,8.1,10.7
21229,2018-03-05,10.4,1017.8,74,4.4,10.3,7.2,4.5,6,10.8,8.5,9.1
21229,2018-03-06,4.5,1031.4,54,3.6,10.4,4.1,2.5,4.1,6.6,8.6,9.1
21229,2018-03-07,8.1,1030.9,63,5,10.1,3.3,2,2.4,4.6,6.6,8
21229,2018-03-08,10.9,1016.2,83,5.8,9.6,4,2.5,4.3,7.2,6.6,9.1
21229,2018-03-09,8.9,1023.5,63,1.6,8.8,6.8,4.1,5,9.4,9.6,10.7
21229,2018-03-10,5.4,1022.7,69,5.6,9.1,2.9,1.9,3.1,4.5,7.8,9.1
21229,2018-03-11,6.3,1023.3,64,6,9,2.6,1.6,2.3,3.2,6.4,9.1
21229,2018-03-12,6.1,1022,79,8.5,9.3,2,1.3,2,3.2,6,8
21229,2018-03-13,9.4,1015.7,77,11,9.5,2.6,1.6,2,3.3,5.7,6.4
21229,2018-03-14,4.2,1018.2,84,11.2,10.1,1.7,1,1.7,2.7,5.7,7.1
21229,2018-03-15,9.1,1014.1,85,9.9,10.2,2.6,1.6,4.4,6.8,5.7,8
21229,2018-03-16,10,1026.2,62,2.4,9.7,6.6,4.2,5.8,10.1,9.6,10.7
21229,2018-03-17,5,1028.4,63,4.7,9.5,2.5,1.5,2.4,4.2,7.8,9.1
21229,2018-03-18,5,1020.9,80,9.3,9.4,1.5,.9,1.2,2.1,5.5,9.1
21229,2018-03-19,8.7,1019.8,74,7.3,9.2,2.6,1.6,3.1,5.3,5.3,8
21229,2018-03-20,11.6,1026.5,59,3.8,8.9,4.9,3,3.5,7,7.7,9.1
21229,2018-03-21,11.8,1016,73,4.2,8.5,5.3,3.2,4,7.5,7.9,9.1
21229,2018-03-22,9.4,1011.4,58,5.6,8.6,4.2,2.6,3.7,6.7,8,9.1
21229,2018-03-23,2.7,1017.8,63,7.7,9.2,2,1.3,1.6,3,7.5,9.1
21229,2018-03-24,4.3,1018.4,69,10.1,9.7,1.8,1.1,1.5,2.3,7.2,9.1
21229,2018-03-25,5.3,1020.1,73,11.1,9.9,1.3,.8,1,1.7,5.2,8
21229,2018-03-26,2.9,1018.4,82,11.4,10.7,1.2,.7,.9,1.6,5.1,5.8
21229,2018-03-27,3.9,1015.5,81,12.2,11.1,1,.6,1.1,1.7,4.8,5.3
21229,2018-03-28,6,1013.6,78,13.2,12.1,1.8,1.1,1.3,2.1,5.5,6.4
21229,2018-03-29,5.7,1021,62,11.3,12.1,1.7,1,1.3,2.1,5.5,6.4
21229,2018-03-30,5.8,1027.2,63,9.9,12.1,1.3,.8,1,1.7,4.9,5.8
21229,2018-03-31,7,1019.6,72,11.5,11.8,1.8,1.1,1.4,2.1,5,5.3
21229,2018-04-01,3.6,1015.5,85,13,12,1.3,.8,1.2,2,5,5.8
21229,2018-04-02,4.6,1014.4,88,13.7,12.1,1.1,.6,1.4,2.4,4.5,5.3
21229,2018-04-03,5.1,1016.6,80,12.4,12.1,1.5,.9,1.4,2.1,5.1,6.4
21229,2018-04-04,7.9,1022.1,72,7.5,11.8,3.4,2,2.8,4.5,6.8,8
21229,2018-04-05,7.6,1020.8,67,7.6,11.5,2.4,1.5,2,3.4,5.8,6.4
21229,2018-04-06,7.5,1007.6,80,8.9,11.3,2.8,1.7,2.2,4.6,6.1,7.1
21229,2018-04-07,9,1008.9,67,6.3,11.4,3.4,2.1,2.6,5.2,6.7,8
21229,2018-04-08,8.1,1014.2,52,7.6,11.6,3.4,2.1,2.8,4.5,7.1,8
21229,2018-04-09,5.2,1017.4,63,9.5,11.6,2.8,1.7,2.3,4.1,7.7,9.1
21229,2018-04-10,10.4,1013.7,83,12.7,11.6,3,1.8,3.4,5.8,6.2,8
21229,2018-04-11,7.6,1006.3,73,13.7,11.6,4.1,2.5,4.2,6.3,7.7,9.1
21229,2018-04-12,4.8,1015,60,13,11.6,1.7,1,1.3,2.3,5.5,6.4
21229,2018-04-13,4.6,1026.1,63,10.6,11.6,1.2,.8,1.1,1.6,7.3,10.7
21229,2018-04-14,7.1,1009.5,83,10.4,12.3,2.2,1.3,1.7,3.2,7.3,10.7
21229,2018-04-15,5.6,1009.6,68,10.5,12,2.1,1.3,1.9,3.3,5.9,8
21229,2018-04-16,4.8,1020.1,62,11.1,12.3,1.2,.7,1,1.9,5.1,6.4
21229,2018-04-17,4.7,1020.7,81,11.8,12.3,1.2,.8,.9,1.5,8,9.1
21229,2018-04-18,2.7,1015.4,82,13.4,12.1,.9,.5,.8,1.5,4.3,4.9
21229,2018-04-19,4.2,1014,84,13.4,12,1.8,1.1,1.3,2.2,5.3,6.4
21229,2018-04-20,2.4,1019.2,86,14.1,12.3,1.4,.8,1.3,2.3,5.7,7.1
21229,2018-04-21,3.9,1016.6,78,15.2,13,1.5,.9,1.6,2.5,4.9,5.8
21229,2018-04-22,6.5,1020,79,13.1,13,2.3,1.4,2,3.1,6,8
21229,2018-04-23,9.3,1020,82,11.4,12.3,2.7,1.7,1.9,3.5,6.1,7.1
21229,2018-04-24,10.8,1011.6,85,10.6,11.5,3.4,2.1,2.5,4.2,6.3,7.1
21229,2018-04-25,7.3,1012.9,81,10.4,11,2.7,1.7,2.2,3.6,6.8,7.1
21229,2018-04-26,5.3,1012.9,85,12.1,11.7,1.6,1,1.2,2.1,5.7,9.1
21229,2018-04-27,5.5,1012.5,73,12.2,11.9,2.3,1.4,2.4,4.8,5.8,8
21229,2018-04-28,5.7,1014.1,82,12.8,12,1.8,1.1,1.6,2.6,5.6,8
21229,2018-04-29,6.4,1010.3,79,14.1,12.3,2.5,1.6,2.9,4.9,6.1,7.1
21229,2018-04-30,4.5,1012.7,84,14,12.9,2.4,1.4,2.3,4.2,6.4,8
21229,2018-05-01,2.8,1016.1,86,13.5,13.8,1.3,.8,1.2,1.9,5.7,6.4
21229,2018-05-02,3.7,1005.5,94,13.5,13.5,.8,.5,1.1,1.5,4,5.3
21229,2018-05-03,8.5,1003.7,69,11.4,13.1,4.1,2.6,3.5,5.9,7.5,9.1
21229,2018-05-04,6.5,1007.6,70,14.1,13.7,4.9,3,3.4,6.3,9.8,10.7
21229,2018-05-05,8.1,1012.3,72,15.2,13.8,3.7,2.3,3,4.6,7.6,10.7
21229,2018-05-06,6.2,1009.9,89,13.9,13.6,2.8,1.7,2.7,4.7,6.8,8
21229,2018-05-07,4.8,1009.1,91,13.6,14.1,2,1.2,1.8,2.9,6.4,8
21229,2018-05-08,8.1,1017,82,11.8,13.7,2.5,1.5,2.4,3.7,5.7,7.1
21229,2018-05-09,7.2,1022.8,73,10.4,13.5,3.1,1.8,2.3,4.6,7.1,8
21229,2018-05-10,5.3,1021.9,76,12.2,14,1.9,1.2,1.5,2.6,6.3,7.1
21229,2018-05-11,4.9,1016.2,84,15.2,14.5,1.4,.9,1.1,1.8,5.2,5.8
21229,2018-05-12,5.6,1011.7,85,15.7,14.3,1.6,1,1.2,2,5.4,6.4
21229,2018-05-13,5.4,1006.2,93,14.8,14.2,1.9,1.1,1.5,2.6,5.6,6.4
21229,2018-05-14,3.7,1010.3,89,15.2,14.8,1.2,.7,.9,1.5,4.8,5.8
21229,2018-05-15,3.9,1009.4,89,16.7,15.6,1.2,.7,1.1,1.8,4.6,4.9
21229,2018-05-16,7.4,1006.5,91,17.4,15.3,2.3,1.4,2.4,3.9,5.5,7.1
21229,2018-05-17,4.2,1005.7,94,17.3,15.4,2.5,1.5,2.2,3.5,6.5,7.1
21229,2018-05-18,8.9,1006.5,88,13.6,14.8,2.9,1.7,2.6,4.5,6.1,8
21229,2018-05-19,7.9,1018.4,74,13.7,14.4,3.8,2.3,3.1,4.8,8.4,9.1
21229,2018-05-20,7,1022.9,76,13.5,14.4,2.6,1.6,1.9,3,7.3,9.1
21229,2018-05-21,3.8,1021.2,83,14.5,14.8,1.9,1.2,1.6,2.4,6.2,7.1
21229,2018-05-22,2.9,1014.1,92,15.3,15.3,1,.6,.8,1.3,5,5.3
21229,2018-05-23,4.4,1006.9,87,15.3,15.4,1.1,.7,1,1.6,4.1,5.3
21229,2018-05-24,6,1006.4,78,16.6,15.2,1.3,.8,1.4,2.6,4.5,5.3
21229,2018-05-25,2.9,1006.6,82,17.8,16.3,1.4,.8,1.2,2.1,5.2,5.8
21229,2018-05-26,3.9,1009.6,94,15.9,16.1,1,.6,.7,1.2,4.1,4.6
21229,2018-05-27,2.4,1010.9,87,16.1,16.3,.8,.5,.6,1,4.7,5.3
21229,2018-05-28,3.3,1011.2,93,16.5,16.6,1,.6,.8,1.2,6,8
21229,2018-05-29,2.2,1012.4,93,17,17.1,.6,.4,.5,.8,6.4,8
21229,2018-05-30,2.8,1010.1,87,18.5,17.3,.4,.3,.4,.6,4,6.4
21229,2018-05-31,4.8,1009.9,86,17.4,17.8,.8,.4,.6,1.3,3.4,4.3
21229,2018-06-01,3.5,1014.3,81,18.7,18.5,.5,.3,.5,.9,3.1,3.8
21229,2018-06-02,4.7,1014.3,90,18.9,18.3,.8,.5,.8,1.3,3.5,4.3
21229,2018-06-03,4.1,1012.8,89,19.5,18.5,1.1,.6,1,1.5,4.3,4.6
21229,2018-06-04,4.2,1013,88,19.7,19,1.2,.7,1,1.8,4.6,5.3
21229,2018-06-05,3.2,1012.4,86,19.9,19.4,.8,.5,.7,1.2,4.2,4.9
21229,2018-06-06,3.9,1012,90,19.7,19.6,.6,.3,.4,.8,3.2,3.8
21229,2018-06-07,6,1011.2,92,20,19.7,1.2,.7,.8,1.5,4.2,4.9
21229,2018-06-08,5.5,1007.7,87,20,19.8,1.2,.7,1,1.7,4.6,4.9
21229,2018-06-09,6.3,1011.6,80,17.5,19.4,2.1,1.3,1.6,2.6,6.7,9.1
21229,2018-06-10,7.4,1008.5,75,17.9,19,2.5,1.6,1.8,3.2,6.1,8
21229,2018-06-11,7,1002.4,77,16.8,18.8,2.3,1.4,1.7,2.8,6,8
21229,2018-06-12,7.1,1003.5,82,17.2,18.4,2,1.2,1.5,2.4,5.5,6.4
21229,2018-06-13,4.6,1009.7,77,17.9,18.6,2.1,1.4,1.7,2.7,7.4,9.1
21229,2018-06-14,7,1012.5,73,17.7,18.5,2.5,1.6,1.8,3,7.9,10.7
21229,2018-06-15,7.6,1014.4,74,16.7,18.3,2.9,1.8,2.1,3.6,6.6,8
21229,2018-06-16,3.7,1015.5,71,16.2,18.5,1.9,1.2,1.5,2.4,6.8,8
21229,2018-06-17,3.9,1012,85,17.9,18.3,1.3,.8,1,1.5,6.8,7.1
21229,2018-06-18,2.5,1008,92,19.5,19.1,.8,.5,.6,1.2,5.9,7.1
21229,2018-06-19,4.5,1004.5,92,19.9,19.2,1,.6,.8,2,4.4,5.3
21229,2018-06-20,5.3,1001.6,89,19.7,19.4,1.2,.7,1.1,2,4.3,5.3
21229,2018-06-21,5.1,1005.4,77,20.8,19.5,1.1,.7,.9,1.5,5.2,9.1
21229,2018-06-22,3.6,1008.1,87,21.1,20.2,.7,.4,.7,1,7.9,9.1
21229,2018-06-23,4.3,1003.4,84,21.1,19.8,1,.6,.9,1.8,5.3,8
21229,2018-06-24,3.9,1005.3,83,21.6,20.1,1.4,.8,1.2,1.9,5,5.8
21229,2018-06-25,2,1010.4,93,21.7,21,1,.6,.8,1.4,5.2,5.8
21229,2018-06-26,7.1,1006.6,90,22,20.5,2.2,1.3,3.1,6,5.2,8
21229,2018-06-27,,1000.2,91,21.7,20.5,4.9,2.9,4.1,7.1,8.3,9.1
21229,2018-06-28,,1000.1,91,21.2,21.1,2.8,1.8,2.3,4.2,6.8,8
21229,2018-06-29,,1003.9,93,21.5,21,2.1,1.3,1.6,3,6,8
21229,2018-06-30,,1012,91,21.9,21.3,2,1.2,1.4,2.3,5.4,5.8
21229,2018-07-01,,1013.1,90,22.3,21.5,1.3,.8,1.1,1.9,4.7,5.8
21229,2018-07-02,,1010,91,22.5,21.3,1.4,.9,1.5,2.3,4.9,6.4
21229,2018-07-03,,1003.3,92,22.4,21.7,1.3,.8,2.2,3.9,5.2,10.7
21229,2018-07-04,,996.2,92,22,21.6,3.4,2.1,3.4,5.4,7.1,10.7
21229,2018-07-05,,1005.9,93,20.6,21.6,4.1,2.5,3.2,5.5,9.8,10.7
21229,2018-07-06,,1010.6,88,19.2,21,4.4,2.7,3.1,6,10.5,10.7
21229,2018-07-07,,1012.7,80,19.1,20.8,3.6,2.3,2.9,4.6,8.2,10.7
21229,2018-07-08,,1015,87,19.5,21,2.4,1.5,1.8,3.1,7.4,8
21229,2018-07-09,,1017.8,91,19.7,20.8,1.5,.9,1.1,2,6.5,8
21229,2018-07-10,,1017.2,92,21.6,21.2,.8,.5,.6,1.1,5.6,6.4
21229,2018-07-11,,,,,,,,.4,.8,,6.4
21229,2018-07-12,,,,,,,,.3,.7,,12.8
21229,2018-07-13,3.2,1011.1,85,24.3,22.7,.7,.4,.6,1.1,7.3,10.7
21229,2018-07-14,2.6,1010.3,92,24.1,23.4,.6,.4,.5,.8,5.2,9.1
21229,2018-07-15,2.4,1010.8,90,24.6,23.6,.6,.4,.5,.9,3.8,4.9
21229,2018-07-16,2.4,1011.1,91,25,24.3,.5,.3,.4,.7,3.5,4.3
21229,2018-07-17,2.7,1010.4,90,25.5,24.8,.7,.4,.5,.8,4,4.6
21229,2018-07-18,2.2,1011.1,89,25.9,25.4,.9,.5,.7,1.2,6.3,8
21229,2018-07-19,2.8,1010.4,90,26.2,26.3,.7,.4,.5,.8,5.8,7.1
21229,2018-07-20,3.6,1009.4,91,26.3,25.7,.6,.3,.5,.8,4,5.3
21229,2018-07-21,4.2,1009.2,89,26.4,25.2,1,.6,.7,1.4,4,4.9
21229,2018-07-22,4.4,1008.6,89,26.5,25.6,1.2,.8,.9,1.5,4.6,4.9
21229,2018-07-23,3.3,1007.7,86,27.3,26.3,1.1,.6,.8,1.6,5.5,8
21229,2018-07-24,2.4,1008.2,85,27.8,27.7,.6,.4,.4,.8,6.4,9.1
21229,2018-07-25,4.8,1007.5,91,27.4,27,.8,.5,.7,1.2,5,8
21229,2018-07-26,3.7,1007.5,92,27.4,27.2,.6,.4,.4,.9,3.8,4.3
21229,2018-07-27,3,1007.7,82,27.8,28.4,.5,.3,.4,.8,3.3,5.8
21229,2018-07-28,5.2,1006.6,80,27.6,27.8,1,.6,1.2,1.8,4,4.9
21229,2018-07-29,9.8,1002.7,85,26.6,26.4,3.2,2,2.5,3.9,6.9,8
21229,2018-07-30,3.2,1006,87,26.9,26.2,2.1,1.3,1.8,3.1,7,8
21229,2018-07-31,3,1005.6,87,27.1,26.7,1.1,.7,.8,1.5,5.6,6.4
21229,2018-08-01,1.7,,,,,.6,.3,.5,.7,4.3,5.3
21229,2018-08-02,1.8,1007.7,84,27.9,28.3,.3,.2,.2,.5,4.8,9.1
21229,2018-08-03,3.5,1008.6,88,28,28.3,.4,.2,.4,.8,4,7.1
21229,2018-08-04,4.4,1005.4,89,28.7,28.3,1,.6,.8,1.4,4.6,5.3
21229,2018-08-05,3.9,1005.3,84,28.8,28.2,1.1,.7,.9,1.4,5.4,7.1
21229,2018-08-06,6.3,1008,79,26.9,27.8,1.9,1.2,1.5,2.5,6.8,8
21229,2018-08-07,4.1,1009.7,69,25.9,27.4,1.8,1.1,1.3,2.4,6.8,8
21229,2018-08-08,3.5,1008.1,71,26,27.4,1.5,.9,1.1,1.8,7,8
21229,2018-08-09,4.1,1005.7,74,26.1,27.1,1.8,1.1,1.4,2.6,6.8,8
21229,2018-08-10,3.1,1005.4,76,26.1,26.8,1.6,1,1.4,2.3,6.6,8
21229,2018-08-11,5,1007.7,76,26.3,27.1,1.3,.8,1,1.6,6.2,7.1
21229,2018-08-12,5.1,1009.4,82,27,27.4,1.4,.9,1.1,1.9,5.1,6.4
21229,2018-08-13,2.6,1010.9,92,27.9,27.7,.9,.6,.8,1.5,5,6.4
21229,2018-08-14,3.3,1012.4,92,28.2,28,.6,.4,.5,1,4,4.6
21229,2018-08-15,3,1009.8,87,28.6,28.5,.6,.3,.6,1,4.5,9.1
21229,2018-08-16,7.7,1008.9,75,25.7,28,2.8,1.8,2.7,4.6,6.6,8
21229,2018-08-17,6.1,1015.5,59,24.4,27.1,4,2.5,2.8,5,9.5,10.7
21229,2018-08-18,4.5,1013.1,56,24.5,26.8,3.1,1.9,2.6,4.8,9.3,10.7
21229,2018-08-19,2.3,1012,66,25.1,26.5,1.4,.8,1.2,2,7.2,9.1
21229,2018-08-20,3.6,1009.2,74,26.5,26.7,.8,.5,.8,1.4,4.5,7.1
21229,2018-08-21,7.5,1004.2,86,27.4,26.6,1.9,1.2,1.7,3,4.8,5.3
21229,2018-08-22,2.7,1008.7,85,27.9,27.3,1.1,.6,.8,1.3,5,7.1
21229,2018-08-23,8,1005,81,28.2,26.9,2.3,1.4,2,3.8,5.6,7.1
21229,2018-08-24,10.3,1000,85,26.9,26.4,5.7,3.5,6.2,11.8,8.1,10.7
21229,2018-08-25,5.6,1004.6,81,26,25.8,3.8,2.3,3.6,5.6,8.2,10.7
21229,2018-08-26,5.3,1011.4,77,23.7,25.6,2.3,1.4,2,2.9,9.8,10.7
21229,2018-08-27,3,1013.9,88,25.2,25.7,1.5,.9,1.2,1.9,8.8,10.7
21229,2018-08-28,2.8,1012.8,83,24.8,25.9,1,.6,.9,1.6,5.8,7.1
21229,2018-08-29,6.3,1012.9,86,26.1,26.1,1.3,.8,1.3,2.1,4.6,5.8
21229,2018-08-30,7.8,1014.2,86,26.7,26.2,2.4,1.5,1.8,3.4,5.6,6.4
21229,2018-08-31,3.7,1008.4,83,24.3,25.6,1.5,.9,1.5,2.2,5.9,7.1
21229,2018-09-01,7,1010.8,69,23.6,25.7,2,1.2,1.9,3.5,5.6,8
21229,2018-09-02,2.9,1012.6,73,23.9,25.7,1.4,.8,1.2,2,6.4,7.1
21229,2018-09-03,6.4,1009.9,85,26,25.1,1.5,.9,1.6,2.5,4.6,9.1
21229,2018-09-04,4.4,1001.8,84,23.7,24.9,1.5,.9,1.6,2.6,5.2,7.1
21229,2018-09-05,7.5,998.9,68,25.2,24.9,2.1,1.3,1.8,3.2,5.2,6.4
21229,2018-09-06,6.1,1004.3,68,25.2,24.8,2,1.2,1.5,2.5,5.2,5.8
21229,2018-09-07,9.1,1001.8,75,24.2,24.3,3.1,1.9,2.8,4.6,6.2,7.1
21229,2018-09-08,3.3,1011,65,23.5,24.8,1.1,.7,1,1.8,5.2,5.8
21229,2018-09-09,9.1,1015.9,68,23.1,24.3,2.8,1.7,2.9,4.4,6,8
21229,2018-09-10,8.1,1021.3,60,21.3,24,3.9,2.4,2.8,5.5,7.9,8
21229,2018-09-11,6.8,1022.8,60,21.1,23.9,2.5,1.6,1.9,3.2,7.4,9.1
21229,2018-09-12,4.8,1019.7,73,22.5,23.7,1.7,1.1,1.5,2.3,6.3,7.1
21229,2018-09-13,4,1019.1,76,22.5,23.8,1.1,.7,.9,1.5,5.3,5.8
21229,2018-09-14,5.5,1018.7,81,22.7,23.8,1.1,.7,.9,1.6,4,4.9
21229,2018-09-15,3.4,1019.7,86,22.9,23.5,1.2,.8,1,1.5,4.6,5.8
21229,2018-09-16,2.8,1020.3,88,23.4,23.3,.9,.5,.8,1.4,5.3,6.4
21229,2018-09-17,3.4,1019.7,79,23.5,23.6,.8,.5,.5,.9,5.1,5.8
21229,2018-09-18,1.1,1014.3,76,22.9,24,.5,.3,.4,.8,9.4,10.7
21229,2018-09-19,1.9,1014.5,69,23.4,23.9,.5,.3,.4,.6,8.3,10.7
21229,2018-09-20,6.2,1012.1,71,23.5,23.6,1.4,.8,1.5,2.6,4.1,5.8
21229,2018-09-21,7.5,1010.6,73,22.2,23.2,2.5,1.5,2,3.7,6.2,7.1
21229,2018-09-22,3.6,1013,72,22.8,23.1,2,1.2,1.9,3.3,7.3,8
21229,2018-09-23,3.8,1015.3,74,23,23.2,1.4,.9,1.2,2.1,6.3,8
21229,2018-09-24,5.4,1017,52,21.5,23,1.6,1,1.6,2.8,5.2,7.1
21229,2018-09-25,6.6,1019.7,55,20.4,22.8,1.8,1.1,1.4,2.7,5.6,7.1
21229,2018-09-26,7,1020.6,57,19.9,22.5,2,1.2,1.4,2.6,5.1,6.4
21229,2018-09-27,6.7,1019,62,20,22.3,2,1.2,1.4,2.4,5.5,7.1
21229,2018-09-28,5.2,1019.9,58,20.4,22,1.8,1.1,1.5,2.4,6.8,8
21229,2018-09-29,5.1,1015.8,74,21.2,22,1.7,1,1.4,2.2,5.4,7.1
21229,2018-09-30,5,1012.6,85,20.5,22,2.7,1.6,2.1,3.9,6.7,8
21229,2018-10-01,10.5,1003.6,50,19.5,21.7,3.8,2.4,2.8,4.3,7.1,8
21229,2018-10-02,3.8,1015.5,57,19.7,21.5,2.8,1.7,2.6,4.3,7.9,9.1
21229,2018-10-03,2.2,1021.3,61,20.9,21.7,1.6,1,1.6,2.3,8.8,10.7
21229,2018-10-04,6.2,1025.6,64,21.5,21.7,1.6,1,1.3,2.4,4.9,9.1
21229,2018-10-05,9,1024,87,20.4,21.7,3.2,1.9,2.7,4.7,6.1,7.1
21229,2018-10-06,12.6,1012.7,88,22,21.6,5.7,3.6,7.2,11.5,7.9,12.8
21229,2018-10-07,5,1013.3,78,20.8,21.7,4.3,2.7,4.3,6.9,8.6,9.1
21229,2018-10-08,7.3,1016.2,62,19.4,21.3,2.6,1.6,2.2,3.6,8.3,9.1
21229,2018-10-09,3,1018.1,50,19.4,21.2,1.5,.9,1.2,2.4,7.6,9.1
21229,2018-10-10,7.5,1013.1,61,19.6,21,1.9,1.2,2.2,3.4,5.4,8
21229,2018-10-11,7.9,1018,54,15.7,20.9,2.8,1.8,2.6,4.1,7.1,8
21229,2018-10-12,5.1,1024.1,52,16.4,20.8,2.4,1.5,1.9,3.1,6.8,8
21229,2018-10-13,,,,,,,,1.1,2.1,,64
21229,2018-10-14,2.2,1021.3,51,18.3,20.7,.8,.4,.5,.9,6.3,8
21229,2018-10-15,3.8,1017.9,58,18.7,20.8,.8,.5,.7,1.3,4.2,6.4
21229,2018-10-16,4.1,1015.4,65,17.7,20.7,1,.6,.9,1.6,5.7,7.1
21229,2018-10-17,8.7,1015.1,67,15.8,20.6,2.4,1.5,2.1,3.5,5.7,6.4
21229,2018-10-18,11.7,1017.2,72,15.9,20.4,3.2,2,2.4,4,5.8,6.4
21229,2018-10-19,9.2,1021.9,62,16.2,20.3,3.3,2,2.8,5.2,6.2,7.1
21229,2018-10-20,3.6,1024.2,54,17,20.1,1.3,.8,1.1,1.9,5.6,6.4
21229,2018-10-21,2,1022.9,55,17.5,20.3,.7,.5,.6,1,5.1,6.4
21229,2018-10-22,4.3,1020,63,18.8,20.2,.6,.4,.6,1.3,3.8,5.3
21229,2018-10-23,6.8,1015.3,63,19.2,20,1.2,.8,1,1.7,4,4.6
21229,2018-10-24,4.6,1018.3,52,17.3,20,1.5,.9,1.3,2.1,5.5,8
21229,2018-10-25,1.9,1020.4,51,17.6,20.5,.9,.5,.9,1.6,5.2,7.1
21229,2018-10-26,7.5,1011,69,18.2,20.4,1.5,.9,1.8,3.1,4.3,7.1
21229,2018-10-27,10.6,1009.2,47,14.8,20.1,3.7,2.1,2.4,4.4,6.6,8
21229,2018-10-28,9.7,1008.3,58,14.3,19.6,3.2,1.9,2.6,4.3,6.2,7.1
21229,2018-10-29,8,1010.7,53,13.2,19.3,3,1.8,2.7,4.7,6.6,8
21229,2018-10-30,7,1017,53,12,18.7,2.6,1.6,2.5,4.3,6.6,8
21229,2018-10-31,7,1020,58,12.3,18.6,2.4,1.5,1.8,3.5,6.6,9.1
21229,2018-11-01,3.5,1023.8,48,14.6,18.8,1.6,1,1.4,2.1,6.9,9.1
21229,2018-11-02,1.8,1026.7,51,15.7,19.5,1.3,.8,1,1.8,7.3,9.1
21229,2018-11-03,4.4,1024.3,51,16.8,19.7,.8,.5,.6,1.1,5.7,7.1
21229,2018-11-04,4.3,1020.9,57,17.3,20.2,.8,.5,.7,1.2,3.5,4
21229,2018-11-05,2.7,1022.3,64,17.2,19.9,.8,.5,.9,1.7,5.2,9.1
21229,2018-11-06,5.2,1025.1,72,15.2,19.9,2.1,1.2,1.5,2.5,6.7,8
21229,2018-11-07,8.1,1025.2,73,16,19.5,2.2,1.4,1.8,2.7,5.9,7.1
21229,2018-11-08,10.8,1016.3,79,17.7,19.3,2.9,1.8,2.5,4.1,5.6,5.8
21229,2018-11-09,12.1,1012.4,61,17.4,19.1,4.2,2.5,3.5,6.1,7,8
21229,2018-11-10,6.5,1021.9,55,16.3,18.7,2,1.2,2.1,3.2,5.9,7.1
21229,2018-11-11,4.2,1020.1,57,16.4,18.5,1,.6,.8,1.3,5.2,7.1
21229,2018-11-12,6.9,1017.5,66,13.6,18.3,1.9,1.2,1.7,2.6,5.6,6.4
21229,2018-11-13,5.7,1019.7,55,12.2,18.1,1.5,.9,1.1,1.9,5.2,5.8
21229,2018-11-14,7.5,1022.8,63,11.6,18,2.2,1.4,1.7,2.8,6.2,7.1
21229,2018-11-15,3.4,1024.6,54,12.7,18.3,1.2,.7,1,1.8,5.6,6.4
21229,2018-11-16,5.7,1019.1,66,15.1,18.8,1.2,.7,2.3,3.2,4.3,9.1
21229,2018-11-17,7.9,1020.6,67,12.1,18.3,2.7,1.6,2.3,4.3,6.9,8
21229,2018-11-18,5.6,1017.7,66,13,19,1.6,1,1.2,2,5,6.4
21229,2018-11-19,7.3,1019.6,48,12.7,19,1.8,1.1,1.5,2.5,5.5,6.4
21229,2018-11-20,6.2,1022.2,51,12.5,17.9,1.3,.8,1.1,1.7,4.9,6.4
21229,2018-11-21,6.9,1020.9,54,13.1,18.6,1.6,.9,1.2,2.5,5.4,8
21229,2018-11-22,10.6,1020.2,52,9.4,17.7,3.2,1.9,2.5,4.1,7,8
21229,2018-11-23,6.7,1025.5,55,7.1,17.3,2.9,1.7,2.5,4.2,7,9.1
21229,2018-11-24,5.2,1024,58,10.1,17.6,1.5,.9,1.2,2.2,5.6,7.1
21229,2018-11-25,4.2,1021.2,54,11.8,16.5,1.1,.7,.8,1.3,4.4,5.3
21229,2018-11-26,4.4,1023.1,56,13.9,17.4,1.2,.7,1,1.8,5.1,6.4
21229,2018-11-27,6,1019,53,15.2,17.8,1.5,.9,1.1,2,4.7,5.8
21229,2018-11-28,6.8,1021.5,54,11.5,17.4,2.2,1.4,1.8,3,6.3,8
21229,2018-11-29,6.7,1023.4,50,11.4,17.2,1.7,1.1,1.5,2.5,5.8,7.1
21229,2018-11-30,5.1,1023.6,50,10.8,17,2,1.2,1.5,2.8,6.4,7.1
21229,2018-12-01,7.4,1025.9,58,10.7,17.4,2.3,1.3,1.9,3.1,6.4,8
21229,2018-12-02,7.6,1024.7,71,13.9,17.4,1.9,1.2,1.3,2.4,5.8,8
21229,2018-12-03,7.8,1016.5,86,17.5,17.9,2,1.2,1.7,2.9,5,6.4
21229,2018-12-04,6.9,1014.1,84,13.4,17.6,2.2,1.4,2,3.5,6,8
21229,2018-12-05,9.6,1023.2,79,9.6,17.5,4.3,2.6,3.4,6,8.5,10.7
21229,2018-12-06,9.6,1015.7,80,11.3,17.6,4.2,2.5,3,5.3,7.2,8
21229,2018-12-07,11.7,1022.5,67,3.9,17.5,5.2,3.2,4.7,7.4,8,9.1
21229,2018-12-08,9.7,1025.7,63,1.7,17.2,4.1,2.5,3,5.1,7.8,9.1
21229,2018-12-09,7.3,1030.4,74,2.6,16.7,3,1.8,2.5,4.5,7.2,8
21229,2018-12-10,3.9,1031.6,61,6.1,16.5,1.5,.9,1.1,1.8,6.1,7.1
21229,2018-12-11,5,1025.3,70,8.1,16.5,1.8,1.1,1.7,2.8,5.6,6.4
21229,2018-12-12,8.3,1022.9,73,6,16.7,3.9,2.3,3,5.1,7.3,8
21229,2018-12-13,8.3,1023.7,66,5.7,16.5,3,1.8,2.5,4.1,6.8,8
21229,2018-12-14,6.2,1030.2,72,4.3,16.4,3,1.8,2.1,3.8,7.4,8
21229,2018-12-15,5.5,1028.9,62,7.3,16,1.8,1.1,1.5,2.5,6.5,8
21229,2018-12-16,7.3,1017,55,10.2,16,2.2,1.3,1.9,3,5.5,6.4
21229,2018-12-17,8.5,1012.5,52,8.6,15.8,2.6,1.6,2.3,4.3,6.1,7.1
21229,2018-12-18,8,1016.8,46,8,15.7,2.8,1.6,2,3.5,6.7,8
21229,2018-12-19,8.9,1017.2,47,10.9,14.6,2.8,1.7,2.2,4,5.8,7.1
21229,2018-12-20,4.7,1022,50,10.1,14.2,1.7,1.1,1.5,2.4,5.7,6.4
21229,2018-12-21,4.5,1021.8,63,12.2,14.9,,,.9,1.4,,5.8
21229,2018-12-22,5.9,1021.5,66,11.6,14.5,,,,,,
21229,2018-12-23,6.7,1018.9,69,8.9,14,,,,,,
21229,2018-12-24,4.9,1023.3,58,6.2,13.7,,,,,,
21229,2018-12-25,4.4,1020.5,49,7.8,13.9,,,,,,
21229,2018-12-26,8.4,,58,7.5,13.8,,,,,,
21229,2018-12-27,12.4,1020.4,74,1.6,13.5,,,,,,
21229,2018-12-28,9.3,1021.6,69,1.8,13.6,,,,,,
21229,2018-12-29,10.9,1026.6,76,1.6,13.8,,,,,,
21229,2018-12-30,8.1,1032.2,61,3.6,13.5,,,,,,
21229,2018-12-31,3.7,1033,49,5.6,13.4,,,,,,
21229,2019-01-01,6.2,1026,50,6,13.6,,,,,,
21229,2019-01-02,6.7,1029.8,51,5.2,13.4,,,,,,
21229,2019-01-03,5.4,1029.9,50,6.2,13.5,,,,,,
21229,2019-01-04,5,1025.4,49,8.5,13.7,,,,,,
21229,2019-01-05,8.7,1021.3,60,6.4,14.3,,,,,,
21229,2019-01-06,4.4,1024.9,60,5.3,14.3,,,,,,
21229,2019-01-07,5.7,1022.3,52,7.1,13.3,,,,,,
21229,2019-01-08,9.3,1022.5,53,5.6,13.3,,,,,,
21229,2019-01-09,8.1,1028.1,57,4.3,13,,,,,,
21229,2019-01-10,7.2,1018.5,47,8.9,12.9,,,,,,
21229,2019-01-11,5.8,1023.6,59,7.6,13,,,,,,
21229,2019-01-12,6.5,1020.9,66,8.6,13.2,,,,,,
21229,2019-01-13,5.5,1021.7,67,8.2,13.3,,,,,,
21229,2019-01-14,3.9,1022.7,69,8.6,13.7,,,.8,1.1,,6.4
21229,2019-01-15,10.4,1016.3,58,7.4,13.2,3,1.8,3.2,5.1,5.8,8
21229,2019-01-16,7.8,1019.2,54,3.9,13.1,3.5,2.1,2.9,5.2,7.7,9.1
21229,2019-01-17,8.9,1017.1,58,6,13.2,3.8,2.2,2.7,5.4,7.3,8
21229,2019-01-18,3,1023.7,56,6.4,13.2,3.4,2,2.6,4.5,7.9,9.1
21229,2019-01-19,1.4,1020.4,48,8.7,13.2,1.8,1.1,1.6,2.9,6.6,7.1
21229,2019-01-20,8.8,1014.2,62,6.5,12.9,2.9,1.8,2.8,5.2,6.8,9.1
21229,2019-01-21,8.1,1015,51,5.9,12.8,3.9,2.2,2.7,5.1,7.1,8
21229,2019-01-22,7.4,1015.1,51,7.3,12.7,2.6,1.6,2.7,4.3,6.4,8
21229,2019-01-23,8.6,1014.6,53,7.8,12.8,2.8,1.7,2,3.6,5.8,7.1
21229,2019-01-24,3.5,1021.8,50,5.3,12.6,3.1,1.9,2.2,4.2,7.4,9.1
21229,2019-01-25,9,1017.6,72,4.5,13.6,4,2.4,4.7,8.3,7.2,10.7
21229,2019-01-26,11.2,1020.9,63,3.2,13.5,6.2,3.8,4.8,8.6,8.2,9.1
21229,2019-01-27,7.2,1021.8,53,7.8,13.4,3.6,2.2,2.8,5.4,7.3,9.1
21229,2019-01-28,11,1015.9,56,6.4,13.3,4,2.3,3.2,5.8,6.6,9.1
21229,2019-01-29,4.5,,55,6.2,13.7,3.1,1.8,2.8,4.8,7.3,8
21229,2019-01-30,5.8,1020.8,51,10.5,13.1,2.5,1.5,1.9,3.4,8.2,9.1
21229,2019-01-31,10.3,1016.2,71,4.4,12.3,4.4,2.7,4.1,6.7,7.4,10.7
21229,2019-02-01,6.3,1017.7,57,4.8,12.2,2.8,1.7,2.6,4.2,7,8
21229,2019-02-02,4.6,1019.4,55,8,12.9,2,1.2,1.7,2.8,5.6,6.4
21229,2019-02-03,9,1010,82,10.8,13.1,2.8,1.7,2.4,3.7,6,8
21229,2019-02-04,9,1019.5,51,7.3,13.1,4.2,2.5,3.1,5.2,7.3,9.1
21229,2019-02-05,6.2,1020.2,45,9.2,12.9,2.4,1.4,2.4,4.1,6.1,8
21229,2019-02-06,5.7,1014.4,51,11.4,12.9,1.3,.8,1.4,2.3,4.7,8
21229,2019-02-07,6.9,1015,74,6.5,12.9,3.7,2.2,3.2,5.6,7.3,9.1
21229,2019-02-08,6.4,1022.2,82,1.4,12.9,4.2,2.4,3.1,5.2,8.2,9.1
21229,2019-02-09,10.1,1020.5,75,2.9,12.8,4,2.4,3.7,6.1,7,8
21229,2019-02-10,6.4,1027.8,72,2.3,12.6,2.9,1.8,2.7,4.4,6.7,8
21229,2019-02-11,9.8,1025.1,67,4.1,12.5,3.3,2,2.9,4.7,6.3,7.1
21229,2019-02-12,6.5,1030.2,51,4,12.2,2.2,1.3,1.7,2.9,5.7,6.4
21229,2019-02-13,7.6,1028.4,69,3.1,12.1,2.6,1.6,2.8,4.5,6.1,7.1
21229,2019-02-14,6.1,1031.1,55,2.8,11.9,2.5,1.6,2.2,3.8,6.2,7.1
21229,2019-02-15,8.7,1019.7,64,7.1,12.2,2,1.2,1.7,2.9,5.1,6.4
21229,2019-02-16,7.1,1018.2,72,3.7,12,2.7,1.6,1.9,3.4,6.3,8
21229,2019-02-17,5,1020.7,52,5.4,12.2,1.9,1.2,1.5,2.9,6.5,8
21229,2019-02-18,2.9,1023.2,50,8.8,12.4,1.2,.7,1,1.6,5.9,7.1
21229,2019-02-19,5.9,,80,8.4,12.1,1.3,.8,1.3,2.8,3.9,4.9
21229,2019-02-20,8.6,1020.2,63,6.8,12,2.4,1.4,2.1,4.1,5.5,7.1
21229,2019-02-21,2.4,1025,56,7.2,12,1.6,1,1.2,1.9,6,7.1
21229,2019-02-22,3.6,,59,8.9,11.8,1.1,.7,.9,1.6,6.5,8
21229,2019-02-23,6.7,1023.1,51,8,11.8,2.2,1.3,1.8,3.4,5.1,6.4
21229,2019-02-24,6.6,1020.5,61,9.2,11.7,1.6,1,1.6,2.8,4.6,5.3
21229,2019-02-25,6.9,1018.8,53,8.9,11.7,2.2,1.3,1.8,2.8,5.4,6.4
21229,2019-02-26,4.5,1022.8,58,8.5,11.6,1.3,.8,1.3,2.1,5,5.8
21229,2019-02-27,7.4,1022.4,66,9.2,11.8,1.9,1.2,1.5,2.5,4.9,5.3
21229,2019-02-28,4.3,1016.8,65,9.3,11.8,1.1,.7,.8,1.3,4.4,5.3
21229,2019-03-01,1.3,1020,58,9.4,12,.8,.5,.7,1.1,4.5,6.4
21229,2019-03-02,2.7,1019.8,54,10.1,12.3,.5,.3,.5,.9,3.8,4.9
21229,2019-03-03,4.9,1014,56,10.4,12,.9,.6,.7,1.1,4,4.6
21229,2019-03-04,5.5,1013.4,60,10.4,11.8,1.6,1,1.2,2.1,5.3,6.4
21229,2019-03-05,5.6,1018.3,65,11.4,12,1.5,.9,1,1.9,5.7,7.1
21229,2019-03-06,5.5,1014.2,66,11.4,12.7,1.3,.8,.9,1.6,4.7,5.8
21229,2019-03-07,10,1016.7,56,7.5,12,3.8,2.3,3.2,5.7,6.6,8
21229,2019-03-08,5.7,1023.5,52,8.7,11.7,2.4,1.4,2.1,3.6,6.5,8
21229,2019-03-09,9.5,1018.8,71,12.1,11.6,2.8,1.8,2.4,3.9,5.7,6.4
21229,2019-03-10,5.3,1012.8,72,11,12,1.7,1,1.7,2.8,5.2,6.4
21229,2019-03-11,6.9,1006,68,9.9,12,2.1,1.3,1.8,3.4,5.7,6.4
21229,2019-03-12,8.4,1005.9,56,10.3,12,2.3,1.4,2.2,3.7,5.4,6.4
21229,2019-03-13,12.3,1013.6,50,6.4,11.6,4.8,2.9,4.3,7.3,6.9,9.1
21229,2019-03-14,6.4,1020.7,43,7.7,12,3,1.8,2.9,5,6.8,8
21229,2019-03-15,6.8,1016.7,53,8.8,12,2.2,1.3,1.7,2.6,7,9.1
21229,2019-03-16,6.2,1017.5,50,8.4,12.1,1.9,1.2,1.7,2.8,5.1,8
21229,2019-03-17,6.2,1020.4,63,8,12.2,1.8,1.1,1.8,3,5.3,7.1
21229,2019-03-18,9.3,1017.2,68,11.5,12,2.4,1.4,2,3.2,5,5.8
21229,2019-03-19,3,1013.9,76,13,12.5,1.3,.8,1.2,2,5.3,6.4
21229,2019-03-20,5.8,1011.9,88,13.3,12.8,1.2,.7,1,1.6,4.1,4.9
21229,2019-03-21,7.9,1001.5,82,12.6,12.7,3,1.8,2.6,4.7,6.3,8
21229,2019-03-22,6.1,1016.1,63,6.5,11.9,4.2,2.6,3,5,8.8,10.7
21229,2019-03-23,5.9,1017.2,63,5.8,11.9,3.1,1.9,2.3,4,8.6,10.7
21229,2019-03-24,6.3,1017.5,51,7.9,11.8,2.5,1.5,2.4,4.1,6.3,8
21229,2019-03-25,7.2,1013.7,61,11.2,11.9,2.4,1.4,2.1,3.3,5.3,6.4
21229,2019-03-26,5.4,1014.5,58,11.9,11.8,2.1,1.3,1.5,2.9,5.6,6.4
21229,2019-03-27,6.9,1010.2,77,12.1,12.6,2.1,1.2,2,3.6,5,8
21229,2019-03-28,6.5,1014.9,58,7.2,12.1,2.6,1.6,2.7,4.1,6.2,7.1
21229,2019-03-29,5.6,1013.3,74,10.3,12.3,2.2,1.3,1.9,3.2,5.2,5.8
21229,2019-03-30,5.4,1008.4,70,9.8,12.1,1.9,1.1,2.9,5.5,5.7,7.1
21229,2019-03-31,9.1,1014.6,71,6.5,12.1,4,2.5,4.2,6.5,7.1,9.1
21229,2019-04-01,7.6,1018.5,62,6.2,11.5,2.7,1.6,2,3.6,6.3,8
21229,2019-04-02,4.3,1020.7,54,6.7,11.7,1.6,1,1.4,2.3,5.9,8
21229,2019-04-03,5.3,1020.2,63,8.7,11.8,1.3,.8,1.6,2.4,4.6,5.3
21229,2019-04-04,8.7,1011.9,63,12.2,11.6,2.5,1.5,1.9,3.6,5.5,6.4
21229,2019-04-05,8.1,1005.4,60,12.4,11.6,3.1,1.9,2.4,4,6.3,7.1
21229,2019-04-06,4.2,1011.2,65,11.4,11.6,1.5,.9,1.2,2.3,6.1,7.1
21229,2019-04-07,6.7,1010.1,59,10.9,11.7,1.5,1,1.4,2.2,4.3,5.8
21229,2019-04-08,7,1014.1,62,9.8,11.7,2.3,1.3,2.8,4.2,5.2,7.1
21229,2019-04-09,3.1,1020.3,54,9.6,11.8,1.2,.7,1.2,1.9,5.1,8
21229,2019-04-10,8.9,1011.9,76,7.6,11.6,2.9,1.8,2.2,3.7,5.7,7.1
21229,2019-04-11,2.9,1015.1,56,9.4,12,1.8,1.1,1.7,2.9,6.2,7.1
21229,2019-04-12,3.4,1017.3,59,11.2,12.1,1,.6,.8,1.5,5.6,6.4
21229,2019-04-13,7.7,,79,12.2,12,1.6,1,1.3,2.3,4,4.9
21229,2019-04-14,8.6,1011.8,70,12,11.9,2.2,1.4,2.2,4,4.9,6.4
21229,2019-04-15,7.2,1016,59,11.8,12.4,2.5,1.5,2,3.2,6.4,7.1
21229,2019-04-16,5.8,1015.5,78,13.4,13.2,1.4,.9,1.2,1.9,5.8,8
21229,2019-04-17,3.9,1011.1,85,13.8,13.6,.9,.6,.8,1.3,3.9,6.4
21229,2019-04-18,6.4,1009,80,14.2,13.4,1.5,.9,1.3,2.1,4.3,7.1
21229,2019-04-19,6.2,1018.6,53,9.9,12.3,3.1,1.9,2.9,4.6,6.3,8
21229,2019-04-20,5,1014.8,69,11.2,12.4,1,.6,.8,1.3,4.5,6.4
21229,2019-04-21,2.9,1012.2,87,13.2,13.2,.9,.6,.7,1.2,4.2,4.9
21229,2019-04-22,3.1,1017.7,84,13.3,13.3,.6,.4,.5,.8,3.9,7.1
21229,2019-04-23,4.3,1014.4,87,14.4,13.8,.9,.6,.9,1.6,3.9,4.9
21229,2019-04-24,4,999.3,97,14.3,13.9,1.1,.7,.8,1.3,4.3,5.3
21229,2019-04-25,8.5,1009.1,81,11.9,13.6,3,1.8,2.5,4.2,6.4,8
21229,2019-04-26,9.6,1011.2,74,9.9,13.6,3.7,2.2,2.6,5.1,6.7,8
21229,2019-04-27,5.5,1020,64,11.4,13.5,3,1.7,2.2,4.1,7.8,9.1
21229,2019-04-28,6.2,1020.7,69,13.2,13.4,1.7,1,1.1,2.1,6.8,8
21229,2019-04-29,4.4,1015.6,83,13.2,13.2,1.1,.7,.8,1.4,4.9,7.1
21229,2019-04-30,3.3,1008.8,88,13.4,13.7,.9,.6,.8,1.4,4.8,5.8
21229,2019-05-01,3.2,1005,88,14.1,14.7,.6,.4,.6,.9,4.5,5.3
21229,2019-05-02,5.3,1009.4,83,14.9,14.6,.8,.5,.9,1.5,3.3,4.3
21229,2019-05-03,4.2,1016.2,73,15.2,14.7,1.1,.7,.8,1.4,4.2,4.9
21229,2019-05-04,4.7,1018.5,89,14.8,15.1,1,.6,.8,1.4,4.1,4.6
21229,2019-05-05,5.5,1014.3,90,15.8,15.1,.9,.6,.6,1.1,4.2,7.1
21229,2019-05-06,7.2,1014.5,56,13.3,15,3,1.8,3,4.8,6.4,8
21229,2019-05-07,8,1013.4,67,14.5,14.8,1.7,1,1.5,2.2,4.7,6.4
21229,2019-05-08,7.4,1008.7,71,16.4,15.5,2,1.2,1.7,2.8,5.3,5.8
21229,2019-05-09,4.7,1006.9,74,17.1,15.7,1.5,.9,1.2,2,5.2,6.4
21229,2019-05-10,2.4,1011.8,81,17.5,16.7,1.1,.7,.7,1.3,4.8,5.3
21229,2019-05-11,2.1,1014.1,80,17.6,17.3,.5,.3,.4,.8,5.2,8
21229,2019-05-12,3.1,1017.5,83,16.6,17,.8,.5,.9,1.4,5.7,6.4
21229,2019-05-13,4.1,1015.8,84,16.3,16.8,1.4,.9,1,1.8,5.6,6.4
21229,2019-05-14,3.2,1012.8,91,17.2,17.1,1.1,.7,.8,1.4,4.8,6.4
21229,2019-05-15,3.8,1013,91,17.7,16.9,.8,.5,.6,1.1,3.9,4.9
21229,2019-05-16,3.3,1010.6,92,17.7,16.6,.5,.3,.4,.6,3.5,4.3
21229,2019-05-17,3.5,1014.1,91,18.4,16.8,.6,.4,.5,.9,3.3,3.8
21229,2019-05-18,3.2,1014.8,87,18.4,17.2,.8,.5,.8,1.2,4.1,4.9
21229,2019-05-19,4.1,1012,89,18.5,17.5,1.2,.8,1,1.6,5.2,5.8
21229,2019-05-20,8.1,1001.7,82,18.3,16.6,2.7,1.6,2.6,4.4,5.6,6.4
21229,2019-05-21,7.8,1002.8,71,17.4,16.3,2.6,1.5,2.3,3.8,5.8,7.1
21229,2019-05-22,6.6,1003.6,72,18,16.3,2,1.2,1.5,2.6,5,5.8
21229,2019-05-23,4.2,1006.5,75,18.5,16.9,1.5,.9,1.4,2.5,5.2,6.4
21229,2019-05-24,3.5,1009.8,85,18.7,17.5,1.1,.7,.8,1.4,5.2,5.8
21229,2019-05-25,3.4,1011.9,90,18.8,17.7,1.3,.8,1,1.6,5.3,5.8
21229,2019-05-26,4,1014,80,19.7,18.1,1.2,.7,1.2,2,4.9,5.8
21229,2019-05-27,11.1,1005.2,86,18.4,17.1,3.4,2.1,4.5,7.3,5.8,8
21229,2019-05-28,6.4,1006.6,75,16.9,16.2,3.3,2,3.6,6.4,6.9,9.1
21229,2019-05-29,5.5,1007.9,76,16.9,16.5,1.5,.9,1.7,3,4.6,6.4
21229,2019-05-30,4.4,1008.1,78,18.4,17.1,1,.6,1,1.6,4.2,5.3
21229,2019-05-31,7.7,1007.6,75,17.8,17.1,2,1.2,1.9,3.2,5,5.8
21229,2019-06-01,5,1008,77,18.1,17.5,1.4,.9,1.3,2.2,4.8,5.8
21229,2019-06-02,4.2,1006.9,90,18,17.7,.7,.5,.6,1,3.7,4
21229,2019-06-03,4.1,1007,91,18.5,18.1,.7,.4,.6,1.1,3.7,4.6
21229,2019-06-04,4.1,1007.5,89,19,18,.8,.5,.6,1.2,3.9,4.6
21229,2019-06-05,4.9,1010.6,89,17.8,18.3,1.3,.8,1.2,1.9,4.7,5.3
21229,2019-06-06,4.1,1011.6,94,18.3,18.3,.8,.5,.6,.9,4.2,5.3
21229,2019-06-07,10.2,1003,92,17.5,18.1,2.7,1.7,2.6,4.1,5.6,8
21229,2019-06-08,5.6,1008.6,80,16.7,17.6,2.5,1.6,2.1,3.7,6.3,7.1
21229,2019-06-09,,,,,,,,1.1,1.9,,7.1
21229,2019-06-10,6.8,1007.1,81,17,18,1.9,1.2,1.5,2.5,5.8,6.4
21229,2019-06-11,7.4,1008.4,84,16.6,18,2.3,1.4,1.8,3,6.2,7.1
21229,2019-06-12,3.5,1009,79,16.6,18.1,1.4,.9,1.3,2.2,6,7.1
21229,2019-06-13,4.2,1010.7,85,17.3,18.2,1,.6,.7,1.5,5.6,6.4
21229,2019-06-14,3.6,1005.6,92,18.9,18.2,1,.6,.8,1.6,3.8,4.6
21229,2019-06-15,6.4,998.7,93,18,18.1,1.3,.8,1.7,2.6,4,6.4
21229,2019-06-16,6.8,1007.1,84,16.8,18,4.1,2.5,3.3,6,7.8,10.7
21229,2019-06-17,5.6,1011.9,84,18,18.2,4.1,2.4,2.9,6.3,10,10.7
21229,2019-06-18,3.8,1008.8,89,19.8,19.1,2.2,1.3,2.2,3.5,8.7,10.7
21229,2019-06-19,1.9,1005.7,93,20.2,19.7,1.1,.6,.8,1.3,6.1,9.1
21229,2019-06-20,3.3,1004.9,91,20.9,20.2,.6,.4,.4,.9,5.1,8
21229,2019-06-21,5.8,1004.2,90,20.1,20,1.3,.8,2,3.4,3.9,6.4
21229,2019-06-22,7.5,,82,17.8,19.4,2.4,1.4,1.8,3,5.6,6.4
21229,2019-06-23,6.7,1008.6,80,17.5,19.4,1.8,1.1,1.3,2.1,5.8,7.1
21229,2019-06-24,2.8,1013.3,79,18.2,19.8,1.5,.9,1.1,1.9,5.5,6.4
21229,2019-06-25,4.1,1015.9,82,19.1,20,1,.6,.8,1.3,5.8,6.4
21229,2019-06-26,4.2,1008.7,92,20.3,20.2,.7,.5,.6,1,3.8,5.3
21229,2019-06-27,6.2,1000.6,97,20.6,20.4,1.2,.8,1.1,1.8,4,4.9
21229,2019-06-28,5.2,1002.6,94,19.9,20.7,1.6,1,1.4,2.6,4.9,6.4
21229,2019-06-29,3.9,998.9,94,20.1,20.5,1.5,.9,1.2,2.2,5.9,7.1
21229,2019-06-30,4.7,998.5,93,20.8,21,1.5,1,1.3,2,6.4,8
21229,2019-07-01,3.1,1003.3,90,21.6,21.3,1.5,.9,1.2,1.9,6.5,7.1
21229,2019-07-02,3,1007.2,81,22.5,22.1,1.1,.7,.9,1.4,5.5,7.1
21229,2019-07-03,4.3,1007.4,92,21.6,21.8,.9,.5,.7,1.1,4.9,6.4
21229,2019-07-04,3.7,1005.2,90,21.9,22.4,.6,.4,.5,.8,4.6,6.4
21229,2019-07-05,4.4,1004.4,89,22.2,22.5,.6,.4,.5,.8,3.9,8
21229,2019-07-06,5.6,1006.6,83,21.9,22.5,1.4,.8,1.4,2.3,4.4,6.4
21229,2019-07-07,6.8,1008.8,80,21,22.3,2.2,1.4,1.6,2.5,6,7.1
21229,2019-07-08,7.2,1008,85,20.8,22.2,2.2,1.3,1.6,2.6,6.1,7.1
21229,2019-07-09,6.9,1007.5,88,20.5,22.1,1.8,1.1,1.4,2.1,5.5,7.1
21229,2019-07-10,7.2,1008,92,21.8,22.1,1.8,1.1,1.5,2.5,4.8,5.8
21229,2019-07-11,8.5,1001.3,95,21.7,21.8,2.9,1.8,2.2,3.6,5.8,6.4
21229,2019-07-12,6.5,1004.6,88,20.7,21.6,2.8,1.7,2.2,3.9,6.5,7.1
21229,2019-07-13,3.4,1001.7,93,21.8,21.7,1.3,.8,1.1,1.9,6.7,8
21229,2019-07-14,1.6,1003,89,22,22.2,.9,.5,.6,1.1,6.8,8
21229,2019-07-15,2.9,1008.4,88,22,22.7,1.3,.8,.9,1.6,7.2,8
21229,2019-07-16,2.8,1012.3,81,21.3,22.9,1.2,.7,.9,1.4,6.3,7.1
21229,2019-07-17,2.7,1012.7,79,22,23,1,.6,.7,1.3,6.3,7.1
21229,2019-07-18,4.2,1009.7,90,22.6,22.2,.8,.5,.6,1,4.6,6.4
21229,2019-07-19,3.7,1009.2,96,22.7,22.5,.8,.5,.7,1.1,4,5.8
21229,2019-07-20,8.8,1008.1,91,23.1,22.1,2,1.2,2.3,3.6,5.1,6.4
21229,2019-07-21,11.6,1002.2,93,22.6,21.6,3.6,2.3,3.2,5.2,6.3,7.1
21229,2019-07-22,6.3,1003.1,91,23,22.3,2,1.3,2.2,4,5.7,7.1
21229,2019-07-23,2.9,1003.4,90,23.8,23.1,1.1,.7,.8,1.3,5.2,6.4
21229,2019-07-24,4.4,1003.4,93,23.5,23.5,1.1,.6,.7,1.3,5.2,6.4
21229,2019-07-25,6.1,1004.2,93,23.9,23.9,1.6,1,1.2,2,5.2,5.8
21229,2019-07-26,6.8,1003.6,94,23.8,23.7,2.3,1.4,2,3.2,5.6,6.4
21229,2019-07-27,4.6,1006.2,96,23.8,24.2,1.2,.7,.9,1.5,4.6,5.3
21229,2019-07-28,7.4,1008,92,24.5,24.5,1.9,1.2,1.5,2.5,5.3,6.4
21229,2019-07-29,7.1,1008.7,91,24.6,24.6,1.8,1.1,1.4,2.4,5,5.8
21229,2019-07-30,7.7,1006.5,90,24.9,24.5,1.9,1.2,1.4,2.3,5.2,5.8
21229,2019-07-31,7.3,1007.7,89,25,24.8,2,1.2,1.7,2.5,5.5,6.4
21229,2019-08-01,4,1009.9,89,25.2,25.2,1.1,.6,1.1,2,4.5,5.3
21229,2019-08-02,1.5,1010.9,83,26.7,26.2,.6,.3,.7,1.1,3.4,5.3
21229,2019-08-03,1.9,1012,88,26.3,26.9,.3,,.2,.4,4.5,6.4
21229,2019-08-04,2.3,1011.1,88,26.2,27.2,.3,.2,.3,.5,3.3,5.3
21229,2019-08-05,3.3,1010.8,86,26.4,27.5,.4,,.6,.9,3.4,5.3
21229,2019-08-06,6,1008.4,91,26,26.6,1.2,.7,.9,1.5,4.3,4.9
21229,2019-08-07,8.7,1005.5,87,25.8,24.7,2.4,1.4,2.2,3.7,5.8,7.1
21229,2019-08-08,4,1007.4,94,24.5,24,1.2,.7,1.3,2,4.5,5.8
21229,2019-08-09,2.6,1007.3,93,25.4,25.4,1.4,.9,1.4,2,,9.1
21229,2019-08-10,3.6,1008.5,91,26,26.6,1.9,1.1,1.4,2.3,7.7,9.1
21229,2019-08-11,5.2,1006.5,90,25.6,25.8,2.3,1.4,1.7,2.9,7.2,10.7
21229,2019-08-12,4,1003.5,92,26,25.9,1.9,1.2,1.4,2.5,5.8,6.4
21229,2019-08-13,3.2,1003.9,93,26.5,26.4,1.1,.7,.9,1.4,5.1,5.8
21229,2019-08-14,7.1,1000.7,90,26.3,26.5,2.1,1.3,1.8,3.2,5.5,6.4
21229,2019-08-15,9,989.2,87,26.7,26,3.5,2.1,2.7,4.8,6.8,9.1
21229,2019-08-16,6.8,991.6,88,25.7,26.1,3.1,1.9,2.4,3.8,6.9,8
21229,2019-08-17,7.4,1000,81,26,26.1,2.7,1.6,1.8,3.1,8.5,10.7
21229,2019-08-18,2.8,1005.8,73,26.1,26.5,2.2,1.4,1.8,2.9,9.6,10.7
21229,2019-08-19,3.5,1010.2,76,25.5,26.2,1.5,.9,1.3,2.3,8.2,10.7
21229,2019-08-20,5.3,1011.2,80,24.7,26.1,1.3,.8,.9,1.6,6.5,8
21229,2019-08-21,3.2,1009.1,83,24.9,25.6,.9,.5,.6,1.2,5.7,6.4
21229,2019-08-22,4.3,1005,88,24.4,25.2,1.6,1,1.7,2.6,5.3,7.1
21229,2019-08-23,2.7,1006.5,78,25.2,25,1.5,.9,1.6,2.5,6.2,7.1
21229,2019-08-24,2.9,1008.6,82,24.4,24.3,1.3,.8,1,1.7,6.3,9.1
21229,2019-08-25,2.7,1012.3,78,23.6,24.4,1.7,1,1.3,2.2,8,9.1
21229,2019-08-26,3.4,1013,81,24.2,24.4,1.2,.7,1,1.7,7.3,8
21229,2019-08-27,5.8,1007.9,86,23.1,24.2,1.7,1,1.8,3.1,5.4,8
21229,2019-08-28,4.3,1005.8,82,23.8,24.7,1.7,1,1.5,2.5,6.4,7.1
21229,2019-08-29,4.3,1005.2,86,24.3,24,1.3,.8,1.3,2.1,5.1,7.1
21229,2019-08-30,5.6,1006.3,72,24.5,,1.6,1,1.3,2.2,5.1,5.8
21229,2019-08-31,2.9,1011.8,67,24.2,,1.6,.9,1.2,2.1,5.3,6.4
21229,2019-09-01,4,1016.7,78,24.2,,.8,.5,.6,1,5,6.4
21229,2019-09-02,4.7,1016.8,77,23.8,,.8,.5,.6,1.1,3.6,4.3
21229,2019-09-03,5.4,1016.5,85,22.1,24.9,.8,.5,.8,1.4,3.9,4.9
21229,2019-09-04,7.7,,88,23.7,24.8,1.8,1.1,1.2,2.1,5.2,5.8
21229,2019-09-05,3.1,1013.1,94,24.7,25,1.3,.8,1.1,1.8,5.3,5.8
21229,2019-09-06,2.8,1011.4,92,25.4,25.7,.7,.4,.5,.9,4.5,5.8
21229,2019-09-07,10,1005.7,84,26,25.1,2.5,1.5,2.9,4.8,5.2,10.7
21229,2019-09-08,6,1006.9,89,24.9,24.5,2.3,1.4,2.6,5.1,5.8,8
21229,2019-09-09,2,1010.1,93,25,25,.7,.4,.5,1,4.8,9.1
21229,2019-09-10,2.3,1012.8,94,25.2,25.2,.7,.4,.7,1.2,6.6,9.1
21229,2019-09-11,6.9,1015.3,84,23,24.5,2,1.2,1.7,3.3,5.3,7.1
21229,2019-09-12,7.2,1017.7,62,21.9,24,2.1,1.3,1.5,2.5,6,6.4
21229,2019-09-13,5.1,1014.4,70,22.6,23.7,1.6,.9,1.1,2,5.1,6.4
21229,2019-09-14,1.5,1010.7,79,23.2,24,1.3,.8,1,1.8,5.4,6.4
21229,2019-09-15,6.1,1010.8,78,22.3,23.4,1.2,.7,1,1.9,4.7,5.8
21229,2019-09-16,8,1010.5,71,21.5,22.9,1.8,1.1,1.5,2.4,5.4,6.4
21229,2019-09-17,6.1,1014.6,60,22.3,22.9,2.2,1.3,1.6,2.6,5.9,6.4
21229,2019-09-18,6.1,1014.5,66,21.6,23.1,1.9,1.2,2.2,3.6,5.7,7.1
21229,2019-09-19,4.2,1018.8,54,19.2,22.5,2.2,1.3,2,3.8,7.3,8
21229,2019-09-20,4.2,1018.7,61,20.9,22.8,1,.6,1,1.6,5.1,7.1
21229,2019-09-21,6.3,1020.2,67,20.8,22.4,1.6,1,1.2,2.1,5.2,5.8
21229,2019-09-22,14.6,1013.8,86,17.2,22.5,5.2,3,4.3,7.9,7.2,9.1
21229,2019-09-23,12.5,1009.7,79,17.8,21.6,7.7,4.7,6.2,10.9,9.6,10.7
21229,2019-09-24,2.9,1017,61,20.2,22.5,3.3,2,3.5,6.1,8.8,10.7
21229,2019-09-25,2.5,1022.2,67,21,22.9,1.4,.8,1.3,2.3,6.9,8
21229,2019-09-26,3.4,1024.9,75,21.7,22.5,.9,.5,.6,1.2,5,6.4
21229,2019-09-27,4,1023.3,86,21.5,22.6,1,.6,.8,1.4,4.7,5.3
21229,2019-09-28,1.5,1018.2,92,21.7,22.9,.9,.5,.6,1.2,4.5,5.3
21229,2019-09-29,1.9,1015.4,89,22.6,23.1,.5,.3,.5,.7,4,6.4
21229,2019-09-30,2.5,1017.1,91,21.6,22.8,.3,,.2,.4,4,5.3
21229,2019-10-01,3.4,1019.5,90,22.3,22.8,.4,.3,.4,.7,3.3,4.3
21229,2019-10-02,5.6,1015.9,90,21.6,22.5,1,.6,1.6,2.1,4,4.6
21229,2019-10-03,15.6,997.9,87,21.1,22,5.6,3.4,5,8,7.3,9.1
21229,2019-10-04,7.6,1011.3,79,19.8,21.4,5.8,3.6,5.1,9.7,9.1,10.7
21229,2019-10-05,8.9,1014.6,81,18.1,21.3,4.7,2.8,3.4,5.8,9.3,10.7
21229,2019-10-06,5.4,1023.9,61,16.6,20.8,3.2,2,3.1,5.1,8.2,10.7
21229,2019-10-07,2.9,1018.5,70,18.1,21,1.7,1,1.6,2.7,7.3,8
21229,2019-10-08,7.8,1013.6,59,18.7,20.4,2,1.2,1.7,3.2,5.9,8
21229,2019-10-09,4.5,1017.8,53,18.5,20.1,1.9,1.1,2.1,3.1,6.6,8
21229,2019-10-10,4.7,1014.9,72,19.3,20.2,1.1,.7,.8,1.4,4,4.9
21229,2019-10-11,6,1014.5,83,19.2,20.3,1.1,.6,1.6,2.6,4.1,5.3
21229,2019-10-12,13.5,1015.2,71,17.6,20,6.2,3.8,5.6,10.5,8,10.7
21229,2019-10-13,7.5,1022.4,63,16,19.6,6.4,3.9,5.8,9.7,10,12.8
21229,2019-10-14,6.6,1022.9,68,16.1,20.1,3.6,2.2,3.2,5.3,8.2,9.1
21229,2019-10-15,6.7,1029,58,13.1,19.8,3.5,2,2.7,5.3,7.5,8
21229,2019-10-16,2.7,1025.9,62,15.3,19.9,1.1,.7,1,1.8,6.4,7.1
21229,2019-10-17,4.4,1025.4,64,17.1,19.7,.9,.5,1,1.6,4.8,7.1
21229,2019-10-18,9.1,1022.6,74,17.4,19.3,3.1,1.9,2.5,4.2,6.3,7.1
21229,2019-10-19,5.8,1019.1,84,16.7,19.7,2.9,1.7,2.4,4.6,6.7,8
21229,2019-10-20,2.2,1021.3,70,17.4,19.9,1.3,.8,1.4,2.4,6,6.4
21229,2019-10-21,4,1018.9,72,18.1,19.9,.8,.5,.7,1.3,4.9,5.8
21229,2019-10-22,6.1,1017.7,73,17.9,19.5,1.8,1.2,1.3,2.1,5.9,7.1
21229,2019-10-23,5.8,1019.2,74,17.7,19.5,1.6,1,1.2,2.4,5.7,7.1
21229,2019-10-24,8.5,1018.3,86,17.9,19.1,2.4,1.4,2,3.3,5.6,7.1
21229,2019-10-25,7.1,1014.6,83,18,19.1,2.6,1.6,2.2,3.8,6.4,8
21229,2019-10-26,5.9,1013.5,68,17.2,19.1,2.4,1.4,2.1,3.7,7.5,9.1
21229,2019-10-27,4.4,1016.2,65,14.9,19,2.2,1.3,2,3.3,6.7,8
21229,2019-10-28,5.7,1015.2,55,16.8,19.2,1.5,.9,2,3.1,5.3,7.1
21229,2019-10-29,7.1,1012.6,56,17.3,19.2,2.3,1.4,1.9,3.3,5.7,7.1
21229,2019-10-30,2.9,1017.9,55,17,18.8,1.4,.9,1.1,1.8,5.7,7.1
21229,2019-10-31,5.9,1016.5,61,18.4,18.7,1.6,.9,1.4,2.3,5.9,7.1
21229,2019-11-01,6.5,1020.4,62,16.5,18.7,2.5,1.5,1.9,3.3,6.6,8
21229,2019-11-02,5.3,1020.1,60,16.2,18.6,1.3,.8,1.3,2.6,5.6,8
21229,2019-11-03,7,1019.2,65,15.1,18.3,2.2,1.3,2.6,4,5.7,8
21229,2019-11-04,5.5,1022.1,54,13.1,18,2.3,1.4,1.8,3.3,6.6,8
21229,2019-11-05,5.1,1016.8,61,15.8,18.1,1.4,.9,1.2,2,5.2,7.1
21229,2019-11-06,5.3,1014.5,68,16.8,18,2,1.1,1.6,2.6,6.5,8
21229,2019-11-07,8.5,1014.3,64,13.8,17.9,3,1.8,3.3,6,6.7,9.1
21229,2019-11-08,6.8,1018.2,67,13.5,17.6,2.4,1.4,2.2,4.7,6.7,8
21229,2019-11-09,7.1,1019.3,67,13.4,17.6,2.2,1.3,1.9,3.2,5.5,7.1
21229,2019-11-10,8.9,1012,68,14.8,17.2,2.4,1.4,2,3.5,5.6,7.1
21229,2019-11-11,8.9,1005.3,69,14.5,17.1,3.2,1.9,2.5,4.4,6.5,7.1
21229,2019-11-12,4.9,1018.7,73,15.2,17,2.2,1.3,1.7,3,6.5,8
21229,2019-11-13,9.3,1013.3,65,16.4,16.7,2.6,1.6,2.7,4.9,5.5,7.1
21229,2019-11-14,10.2,1018.4,50,8.1,16.7,5.2,3.1,4.6,7.4,8.4,10.7
21229,2019-11-15,9.4,1017,61,13.1,16.5,2.6,1.6,2,3.4,6.1,8
21229,2019-11-16,5,1018.9,52,14.4,17.1,1.7,1,1.3,2.1,5.6,7.1
21229,2019-11-17,6.8,1020.2,66,15.2,16.5,1.9,1.1,2.6,4.3,5.5,7.1
21229,2019-11-18,10.2,,64,13.9,15.9,5,3,4.4,7,7.8,9.1
21229,2019-11-19,10.3,1018.8,50,7.3,15.9,4.9,3,3.5,6.2,8.3,9.1
21229,2019-11-20,6.7,1026.5,52,8.5,16.1,3.1,1.9,2.5,4.1,7.5,9.1
21229,2019-11-21,2.5,1031.4,50,10.9,16.6,1.5,.9,1.3,2.6,7.6,10.7
21229,2019-11-22,3.5,1028.6,66,13.8,16,1.1,.7,.8,1.4,7.5,10.7
21229,2019-11-23,4.2,1024.9,72,14.7,15.4,1.4,.9,1,1.8,5.3,6.4
21229,2019-11-24,4.4,1016.5,84,16,16.7,1.1,.7,.9,1.5,5.1,6.4
21229,2019-11-25,11.6,1026.6,74,7.3,15.6,6.1,3.7,5.3,8.3,8.7,10.7
21229,2019-11-26,6.1,1029.8,59,9.1,16,2.4,1.5,2.9,4.6,7.3,9.1
21229,2019-11-27,8.3,1024.5,67,10.5,15.4,2.3,1.3,3.5,6,6,9.1
21229,2019-11-28,11,1029,70,6.2,15.3,5,2.9,3.7,6.8,8.2,9.1
21229,2019-11-29,6.7,1028.2,74,7.3,15.4,2.5,1.6,2.1,3.4,6.3,8
21229,2019-11-30,8.1,1027.1,68,9.4,15.6,2.6,1.6,2.2,3.7,6.4,8
21229,2019-12-01,4,1019.5,68,10.9,15.8,2,1.2,2.2,3.8,5.7,6.4
21229,2019-12-02,10.2,1013.3,59,8.6,15,3,1.8,3.1,4.9,6.4,9.1
21229,2019-12-03,10,1021.1,53,6.3,14.9,3.9,2.3,3,5.5,7.7,9.1
21229,2019-12-04,10.6,1024.4,54,7.8,15.8,3.5,2.1,2.5,4.6,7.2,8
21229,2019-12-05,11.2,1028.9,64,3.7,15,4.1,2.5,3.7,5.6,7.9,9.1
21229,2019-12-06,5.1,1030,57,4.5,15.3,2.9,1.8,2.5,4.4,7.7,9.1
21229,2019-12-07,7.7,1024.4,52,7.7,15.2,2.5,1.5,1.9,3.4,7,8
21229,2019-12-08,4.1,1025.1,56,9.8,15.1,2,1.2,1.5,3.1,6.7,8
21229,2019-12-09,5.9,1021.6,51,11.3,15,1.6,1,1.3,2.5,4.8,5.8
21229,2019-12-10,8.8,1018.3,61,13.3,15,2,1.3,1.6,2.8,5.1,5.8
21229,2019-12-11,10.2,1012.5,58,13.5,14.7,2.6,1.6,2.6,4.8,5.3,7.1
21229,2019-12-12,9.8,,47,6.5,14.6,4.9,2.9,3.8,6.3,8.8,10.7
21229,2019-12-13,5.5,1024.1,47,9.6,14.5,2.1,1.3,1.9,3,6.1,8
21229,2019-12-14,9.7,1023.4,58,8.9,14.4,3.5,2.1,2.9,4.7,6.5,9.1
21229,2019-12-15,3.9,1030.4,56,7.2,14.5,2.3,1.5,2.3,3.4,7.2,9.1
21229,2019-12-16,5.7,1023.3,63,11.4,14.6,1.2,.7,.8,1.5,6.2,8
21229,2019-12-17,7.3,1012.7,75,14.2,14.9,1.8,1.1,1.4,2.5,4.8,5.8
21229,2019-12-18,9.3,1019.7,73,7.9,14.5,4.2,2.5,3.6,6.9,7.7,10.7
21229,2019-12-19,10.8,1018,71,8.1,14.3,3.8,2.3,4.7,7.9,7.1,9.1
21229,2019-12-20,7.6,1024.3,53,6.3,14.3,3.7,2.3,3.3,5.2,7.3,8
21229,2019-12-21,6.4,1024.1,51,8.1,14.1,2.1,1.3,1.7,2.6,6.2,7.1
21229,2019-12-22,2.6,1019.6,56,9.2,14.1,1.6,.9,1.1,1.9,5.8,7.1
21229,2019-12-23,7.1,1018.2,68,8.6,14.1,2.8,1.7,3.1,5.1,6.4,8
21229,2019-12-24,2.8,1021.1,65,7.7,14.1,2.8,1.6,2.2,4.3,6.2,7.1
21229,2019-12-25,5.1,1021.1,52,10.9,13.9,1.9,1.1,1.9,3.2,5.6,7.1
21229,2019-12-26,3.3,1010.7,62,9.5,13.9,1.3,.8,1.5,2.2,5.3,5.8
21229,2019-12-27,8.8,1018.3,69,4.6,13.9,5.6,3.4,4.9,7.7,8.6,9.1
21229,2019-12-28,5.1,1026.3,55,7.2,13.8,2.8,1.7,2.3,3.8,7.3,8
21229,2019-12-29,3.7,1024.1,54,9.6,13.8,1.3,.8,.9,1.7,6.4,8
21229,2019-12-30,4.9,1017.6,72,11.8,13.8,1.2,.7,1.5,2.4,4.2,6.4
21229,2019-12-31,9.2,1025.1,73,1.8,13.7,5.3,3.4,4.5,7.1,8.8,10.7
21229,2020-01-01,5.8,1025.8,54,5.6,13.6,2.8,1.7,2.1,3.6,7.4,9.1
21229,2020-01-02,4.8,1024.3,51,7.5,13.6,1.9,1.1,1.3,2.5,6.5,8
21229,2020-01-03,6.3,1020.8,53,8.5,13.5,2.1,1.3,1.4,2.5,5.8,7.1
21229,2020-01-04,8,1020.4,57,7.7,13.8,2.5,1.5,2,3.7,6.4,7.1
21229,2020-01-05,4.4,1028.8,65,6.9,13.9,2.1,1.3,1.9,3,6.5,7.1
21229,2020-01-06,5.6,1026.6,63,10,14.2,1.5,.9,1.2,2.1,5.7,7.1
21229,2020-01-07,8.8,1014.6,86,12,14,2.8,1.7,2.5,4.4,5.8,7.1
21229,2020-01-08,13.2,1004,76,9.4,13.9,6.8,4.2,6.2,10.7,8.7,10.7
21229,2020-01-09,7.4,1017,65,7.6,13.8,5,3,3.9,7.2,9.3,10.7
21229,2020-01-10,5.3,1019.8,64,7.4,13.7,2.6,1.6,2.4,3.7,7.6,9.1
21229,2020-01-11,6.9,1015.3,62,8,13.7,2.1,1.2,1.5,2.9,5.7,7.1
21229,2020-01-12,9.3,1010.9,78,6.7,13.7,2.9,1.8,2.8,4.6,6.3,8
21229,2020-01-13,6.1,1016.3,59,5.3,13.6,2.5,1.6,2.2,3.7,6.2,7.1
21229,2020-01-14,8.2,1019.8,80,4.3,13.2,4.2,2.5,3.2,5,7.1,8
21229,2020-01-15,6.2,1023.7,71,4.3,13.2,3,1.8,2.8,4.6,6.7,8
21229,2020-01-16,3.8,1023.2,61,5.8,13.2,1.7,1,1.2,2.1,6,6.4
21229,2020-01-17,7,1020.6,67,6.8,13.3,2.2,1.3,2.2,3.8,5.4,6.4
21229,2020-01-18,6.4,1018.5,63,6.3,13.1,2.6,1.5,2,3.6,6,6.4
21229,2020-01-19,7.2,1014.6,55,7.6,13.1,2.1,1.3,2.5,3.7,5.6,8
21229,2020-01-20,8.4,1017.1,47,6.5,13,2.9,1.8,2.3,4.1,6.6,8
21229,2020-01-21,6,1027.1,65,5.2,12.9,3,1.8,2.6,4.2,7.1,8
21229,2020-01-22,5.1,1024.1,51,9.7,13,1.5,.9,1.2,2,5.2,7.1
21229,2020-01-23,3.1,1021.7,63,10.1,12.8,1,.6,.8,1.2,4.7,6.4
21229,2020-01-24,8,1029.6,68,6.8,12.7,3,1.8,3.1,5.9,6.5,9.1
21229,2020-01-25,6.9,1030.1,58,7.2,12.7,2.4,1.4,2,4,6,8
21229,2020-01-26,7,1027.8,69,7.9,12.7,2.5,1.5,2.7,4.3,5.6,7.1
21229,2020-01-27,12,1020.9,70,7.7,12.7,4.5,2.7,4,6.8,6.8,8
21229,2020-01-28,12.5,,78,8.2,13,5.8,3.5,4.1,6.9,8.4,9.1
21229,2020-01-29,10,1013.1,69,7,13,4.8,2.9,3.5,6.9,8.1,9.1
21229,2020-01-30,10.5,1013,63,4.6,12.9,5.9,3.6,4.1,7.7,9.6,10.7
21229,2020-01-31,7.9,1017.4,63,4.2,12.4,5.2,3.2,3.6,6.9,9.8,12.8
21229,2020-02-01,4.5,1020.5,61,6.9,12.3,3.9,2.5,2.9,4.8,10.3,10.7
21229,2020-02-02,4.3,1021.5,51,8.4,12.3,2.6,1.5,2.3,3.5,8.3,9.1
21229,2020-02-03,9.9,1021.4,53,5.9,12.2,3.6,2.3,4.1,6.8,7.1,9.1
21229,2020-02-04,6.6,1022.1,47,5.6,12.2,2.3,1.4,1.9,3.6,6.3,7.1
21229,2020-02-05,10.1,1024.1,76,-.3,12.3,5.2,3.1,4.3,8.5,8.1,10.7
21229,2020-02-06,6.7,1031.3,69,-.3,12.1,4.3,2.6,3.3,5.9,8,9.1
21229,2020-02-07,8.1,1023.9,57,6,12,2.2,1.3,1.7,3,5.9,8
21229,2020-02-08,10,1021.4,71,3.9,11.9,3.4,2.1,3.4,5.5,6.9,8
21229,2020-02-09,6.8,1021.8,59,4.1,12.2,2.8,1.7,2.5,4.2,6.9,8
21229,2020-02-10,6.9,1020.9,62,6,12,3.2,1.9,3.1,4.6,6.9,9.1
21229,2020-02-11,6.5,1027.5,65,8.3,11.8,2.1,1.3,1.5,2.6,5.7,8
21229,2020-02-12,7.9,1017.3,85,11,11.8,2,1.3,1.5,2.3,4.9,6.4
21229,2020-02-13,4.6,1010.7,84,11.7,,2,1.2,1.8,3.5,6.4,8
21229,2020-02-14,2.6,1019.2,85,11.7,12.4,.8,.5,.6,1,5.2,6.4
21229,2020-02-15,7,1021,77,10.6,12.2,1.9,1.2,1.6,2.6,6.3,8
21229,2020-02-16,9,1004.4,78,8.5,12.2,3.3,2.1,4.8,7.6,6.8,10.7
21229,2020-02-17,8,1008.7,85,1.8,12.5,7.6,4.5,5.6,9.7,10.9,12.8
21229,2020-02-18,6.6,1020.6,73,3.1,11.9,5.7,3.7,4.9,7.7,10.6,12.8
21229,2020-02-19,5.1,1026.9,57,7,11.7,3.3,2,2.8,4.7,9.7,12.8
21229,2020-02-20,2.8,1031.9,55,8.4,12.3,1.6,1,1.5,2.8,7.4,9.1
21229,2020-02-21,7.8,1029.9,63,10.6,12.4,1.6,.9,1.3,2.2,4.9,7.1
21229,2020-02-22,11,1018.3,63,9.3,12.4,3.6,2.2,3.5,5.4,6.5,9.1
21229,2020-02-23,9,1024.3,53,6.4,12,4,2.6,3.9,6.8,8.3,9.1
21229,2020-02-24,7.3,1021.8,61,10.5,11.9,2.2,1.4,1.8,2.8,6.3,8
21229,2020-02-25,7.9,1018.6,81,8.8,11.6,2.5,1.6,2.9,5.1,6.9,9.1
21229,2020-02-26,7.5,1022.7,67,6.3,11.6,2.8,1.7,2.5,4.3,6.6,7.1
21229,2020-02-27,6.4,1028.4,52,4.7,11.8,2.7,1.7,2.2,3.4,7.1,8
21229,2020-02-28,6.7,1023.2,67,6.5,11.6,1.7,1,1.4,2.4,5.7,7.1
21229,2020-02-29,6.5,1017.5,71,8.2,11.3,1.6,1,1.4,2.6,5.3,7.1
21229,2020-03-01,6.2,1018.9,64,8,11.1,1.6,1,1.4,2.3,5.8,7.1
21229,2020-03-02,10.7,1018.8,68,7.1,11.3,3.9,2.5,4.1,6.1,7.2,10.7
21229,2020-03-03,6.3,1025.4,63,6.6,11.2,3,1.9,2.6,4.2,8.5,9.1
21229,2020-03-04,9.8,1015.6,61,7.4,11.2,2.7,1.6,2.8,4.9,6.5,8
21229,2020-03-05,7.9,1020.7,63,4.9,11.3,4.9,3.1,4.1,6.7,9.1,10.7
21229,2020-03-06,4.4,1021.2,53,7.6,11.2,2.8,1.8,2.7,3.7,10.3,10.7
21229,2020-03-07,5.7,1018.4,65,9.5,11.2,2.2,1.3,1.8,3,8.8,10.7
21229,2020-03-08,4.9,1018.7,71,9.7,11.2,1.4,.8,1,1.8,6.1,8
21229,2020-03-09,4,1015.4,79,10.5,11.5,.9,.6,.7,1.2,5.5,6.4
21229,2020-03-10,9.2,1003.2,86,9,11.4,2.3,1.4,2.2,3.7,5.3,7.1
21229,2020-03-11,9.3,1012,59,7.3,11.2,3.7,2.3,3,5,7.6,9.1
21229,2020-03-12,7.7,1019,58,9.6,11.1,2.5,1.6,2,3.5,7.8,10.7
21229,2020-03-13,6.2,1017.8,63,8.7,11.2,2.6,1.7,2.1,3.4,7,10.7
21229,2020-03-14,5.2,1012.2,60,6,11.3,1.9,1.2,1.8,3.2,6.2,8
21229,2020-03-15,10.2,1006.7,56,6.5,11.3,2.9,1.8,2.7,4.4,6.2,8
21229,2020-03-16,8.3,1017.8,58,5.5,11.2,4.5,2.7,4.4,6.4,8.5,10.7
21229,2020-03-17,9.7,1012.1,63,9.5,11,2.9,1.8,2.1,3.5,6.3,8
21229,2020-03-18,6.8,1012.3,60,10.6,11.2,2.2,1.4,1.9,3.5,6.1,8
21229,2020-03-19,13.4,1000.8,69,11.4,11.2,4.3,2.7,4.4,6.3,7.2,9.1
21229,2020-03-20,9.4,1009.5,58,9.9,11.2,4.6,2.8,4,7.4,8.4,10.7
21229,2020-03-21,5.9,1009.6,75,12,11.3,2.2,1.4,1.7,3,6.2,7.1
21229,2020-03-22,4.6,1012.3,64,9.4,11.4,2.5,1.6,2.1,3.7,7.1,10.7
21229,2020-03-23,5,1016.4,55,9.2,11.3,1.3,.8,1,1.9,9,10.7
21229,2020-03-24,2.5,1021.5,59,8.5,11.4,.9,.6,.7,1.2,5.4,8
21229,2020-03-25,6.9,1021.3,67,10.4,11.3,1.3,.8,1.2,1.8,4.7,6.4
21229,2020-03-26,6.3,1016.8,88,11.9,11.4,1.3,.8,1.1,1.8,4.5,5.3
21229,2020-03-27,7.6,1011.3,83,9.8,11.4,2.9,1.8,3.4,5.4,6.6,9.1
21229,2020-03-28,3.9,1020,54,8.6,11.3,2.5,1.6,3.1,4.7,7.2,9.1
21229,2020-03-29,5.5,1023.1,53,7.6,11.3,1.8,1.1,1.3,2.2,5.5,7.1
21229,2020-03-30,3.9,1021.5,61,9,11.4,1,.6,.9,1.6,5.5,6.4
21229,2020-03-31,4.2,1017.9,73,9.9,11.5,.8,.5,.7,1,4.1,4.9
21229,2020-04-01,5.3,1012.4,82,9.8,11.3,1.3,.8,2,3.8,4.5,7.1
21229,2020-04-02,8.2,1018.5,64,10.6,11.4,2.3,1.4,1.9,3,5.7,7.1
21229,2020-04-03,4.2,1017.1,74,11.9,11.6,1.4,.9,1.2,2.4,5.2,6.4
21229,2020-04-04,8.1,1016.1,56,8.9,11.4,2.7,1.7,3.5,5.2,6.4,9.1
21229,2020-04-05,5.8,1019.9,48,8.2,11.3,3,1.8,2.3,4.2,8,9.1
21229,2020-04-06,4.6,1018.6,64,10.2,11.4,1.8,1.1,1.5,2.7,8.6,10.7
21229,2020-04-07,4.6,1012.9,73,11.5,11.9,1.7,1,1.6,2.7,7.7,9.1
21229,2020-04-08,6.1,1016,62,8.1,11.5,2.3,1.5,1.9,3.7,6.5,9.1
21229,2020-04-09,6.3,1021,65,8.4,11.4,1.7,1.1,1.6,2.6,7.6,10.7
21229,2020-04-10,3.8,1025.4,58,8.3,11.5,1.7,1.1,1.3,2.4,8.3,9.1
21229,2020-04-11,5.2,1019.3,67,10.4,11.5,1.3,.8,1.1,1.8,7.5,8
21229,2020-04-12,8.4,1014.5,71,10.2,11.5,2.1,1.3,2.2,3.8,5.7,7.1
21229,2020-04-13,12,1009.9,63,8.7,11.3,5.6,3.4,4.3,9,8.4,10.7
21229,2020-04-14,4.3,1013.2,79,11.1,11.2,3.2,1.9,3.6,6.1,9.4,10.7
21229,2020-04-15,5.1,1013.2,79,11.6,11.9,1.6,1,1.6,2.5,6.1,8
21229,2020-04-16,6,1020.5,71,10,11.3,2.3,1.4,1.7,3.1,7,7.1
21229,2020-04-17,7,1015.4,84,11.2,11.4,2.3,1.4,1.9,3.3,6.3,7.1
21229,2020-04-18,9.1,1012.2,84,10.7,11.6,2.7,1.6,2.2,3.9,6.1,7.1
21229,2020-04-19,5.4,1016.7,86,10.4,11.4,2.2,1.3,1.7,3.3,7,8
21229,2020-04-20,6.1,1006.6,81,11.5,12.2,1.9,1.2,1.6,2.4,6.4,8
21229,2020-04-21,8.5,1008.9,54,10.9,11.5,3,1.8,2.5,4.1,6.7,9.1
21229,2020-04-22,7.6,1010.8,48,8,11.9,3.7,2.3,4,6.4,7.8,9.1
21229,2020-04-23,6.9,1011.8,62,8.8,12.7,2.7,1.7,2.3,3.9,6.9,8
21229,2020-04-24,7.3,1010.8,61,10.6,12.6,2.1,1.3,2.1,3.6,6.2,7.1
21229,2020-04-25,12.2,1007.4,70,13.2,12.7,5.1,3.1,4.3,7.2,7.9,9.1
21229,2020-04-26,4.2,1016.5,73,9.6,13,3.1,1.9,3.2,5.3,7.9,9.1
21229,2020-04-27,3.9,1019,67,10.6,13.6,1,.6,.9,1.4,5.2,7.1
21229,2020-04-28,7.2,1016.8,68,13,14.4,1.2,.7,1.9,3.3,4.7,6.4
21229,2020-04-29,4.4,1017.1,69,15.4,14.6,1.6,1,2,2.7,5.7,7.1
21229,2020-04-30,5.6,1013.5,84,14,13.6,1.9,1.2,2.2,3.6,5.6,7.1
21229,2020-05-01,6.1,1009.7,87,15.3,14.3,2.4,1.5,1.9,3.1,6.7,8
21229,2020-05-02,5,1008.8,86,15.4,14.1,2.1,1.3,1.8,2.9,6.4,7.1
21229,2020-05-03,5.7,1007.6,88,15,14.5,1.5,1,1.5,2.4,5.2,6.4
21229,2020-05-04,6.9,1007.5,89,13.4,14.4,1.5,1,1.6,2.6,5.1,7.1
21229,2020-05-05,4.8,1012.5,76,12.7,14.3,1.6,1,1.5,2.4,6.1,7.1
21229,2020-05-06,4.1,1015,88,13.1,13.8,1.1,.7,.9,1.4,,4.6
21229,2020-05-07,3.4,1020.5,79,13,14.4,1,.6,.8,1.4,6.3,8
21229,2020-05-08,5.4,1017.2,80,14.2,14.4,1.1,.7,1,1.8,4.5,6.4
21229,2020-05-09,8.1,1009.2,91,14.5,14.7,2,1.2,2.1,3.4,5.1,6.4
21229,2020-05-10,5.3,1002.2,91,15,15,2.5,1.5,2.2,3.4,6.8,8
21229,2020-05-11,6.9,1003.2,79,16.1,15.1,1.8,1.1,1.3,2.2,5.9,7.1
21229,2020-05-12,5.1,1001.3,77,16.3,15.3,1.9,1.1,1.7,2.8,5.7,7.1
21229,2020-05-13,7.5,1010.8,72,15.7,15.4,2.5,1.5,2.5,4.4,6.4,8
21229,2020-05-14,4.9,1015.3,73,16.4,15.6,1.3,.8,1,1.9,5,5.8
21229,2020-05-15,6,1012.6,81,15.5,15.4,1.1,.7,1.1,1.9,4.2,4.9
21229,2020-05-16,4.5,1006.2,94,14.7,15.5,1.5,.9,1.3,2.1,5.5,6.4
21229,2020-05-17,2.9,1006.9,88,14.5,15.5,.9,.5,.8,1.4,5.3,6.4
21229,2020-05-18,7,1003.2,89,15,15.5,1.6,1,2,2.9,4.7,6.4
21229,2020-05-19,9.4,994.4,86,15,15.2,4.2,2.7,3.8,6.3,8.2,10.7
21229,2020-05-20,11,1007.4,84,12.2,15.3,5.9,3.6,4.3,7.5,10.6,10.7
21229,2020-05-21,6.7,1015.3,82,12.1,15,3.5,2.1,2.9,5.3,8.6,9.1
21229,2020-05-22,3.8,1016.5,77,12.6,15.3,1.8,1.1,1.4,2.4,7.3,8
21229,2020-05-23,4.6,1012.9,83,14.5,15.5,1.1,.7,.9,1.3,5.6,7.1
21229,2020-05-24,5.2,1008.1,90,15.7,15.5,1.4,.9,1.4,2.1,4.8,5.8
21229,2020-05-25,1.8,1009.6,88,16.8,16.3,.8,.5,.9,1.3,4.9,5.8
21229,2020-05-26,2,1007.3,92,16.4,16.6,.4,.2,.3,.5,4.3,5.3
21229,2020-05-27,3.7,1006.4,81,16.3,16.3,.9,.5,.9,1.7,4.7,5.8
21229,2020-05-28,2.5,1008.6,81,16.9,16.9,.5,.3,.5,.8,4.6,5.3
21229,2020-05-29,1.9,1015.2,79,17.2,17.5,.4,.2,.3,.5,3.9,4.9
21229,2020-05-30,2.5,1018.4,90,17.4,17.5,.3,.2,.2,.4,3.9,5.3
21229,2020-05-31,3.1,1012.7,92,17.9,17.7,.5,.3,.4,.6,3.9,4.6
21229,2020-06-01,4.9,1006.2,88,18.2,17.5,1.1,.7,.9,1.5,4.5,5.3
21229,2020-06-02,3.2,1006.6,76,19,18.1,1.1,.6,.8,1.5,4.8,6.4
21229,2020-06-03,3.4,1002.6,88,18.6,18.1,1,.6,.9,1.3,4.8,6.4
21229,2020-06-04,3.7,1001.5,90,19.2,18.6,1.2,.7,1.1,1.9,5.3,6.4
21229,2020-06-05,4.5,1006.8,87,18.4,18.5,.8,.5,.6,1.1,4.7,5.8
21229,2020-06-06,3.7,1011.1,80,18.2,19,.8,.5,.6,.9,4.1,7.1
21229,2020-06-07,3.3,1012.7,82,18.6,19.4,.8,.5,.6,1,5,8
21229,2020-06-08,5.4,1014.4,87,19.3,19.4,1,.6,.7,1.3,3.9,7.1
21229,2020-06-09,4.9,1014.1,85,20.4,19.6,1.1,.6,.8,1.4,4.2,4.9
21229,2020-06-10,4.6,1009.6,89,20.5,19.9,1.1,.7,.9,1.6,4.8,5.8
21229,2020-06-11,2.9,1003.8,92,20.1,20.4,.7,.4,.8,1.3,4.1,4.6
21229,2020-06-12,3.8,1005.8,94,20.4,20.8,.7,.5,.7,1.1,5.4,8
21229,2020-06-13,4.2,1005,96,20.3,20.8,.7,.5,.7,1.2,5,8
21229,2020-06-14,6,1000.7,92,21.3,20.8,1.7,1.1,1.4,2.3,5.7,7.1
21229,2020-06-15,5.5,1002.2,71,22.5,20.7,1.8,1.1,1.4,2.3,5.8,8
21229,2020-06-16,3.5,1005.5,72,20.9,21.1,1.4,.8,1.2,1.7,5.1,7.1
21229,2020-06-17,5.6,1005.6,81,20.5,20.7,1.1,.7,1,1.5,6,8
21229,2020-06-18,5.2,1003.5,84,20.5,20.7,1.3,.8,.9,1.5,4.6,8
21229,2020-06-19,5.4,1006.1,82,20,20.8,1.4,.9,1.3,2,6.5,7.1
21229,2020-06-20,4.2,1011.7,74,19.6,21.1,1.7,1,1.2,2.1,6.5,7.1
21229,2020-06-21,5.1,1009.8,79,19.8,21,1.4,.9,1,1.6,6.4,7.1
21229,2020-06-22,3,1009.3,83,20.4,21.2,1,.7,.8,1.4,6,7.1
21229,2020-06-23,3.5,1010.7,88,21.4,21.6,.7,.4,.6,1,5,6.4
21229,2020-06-24,4.4,1007.4,90,21.5,21.2,1.1,.7,.9,1.6,4.3,5.3
21229,2020-06-25,4,1002.1,93,21.1,21.2,1.5,.9,1.2,2.2,5.2,5.8
21229,2020-06-26,5.9,1003,87,21.5,21.3,1.5,.9,1.1,2.1,5.6,7.1
21229,2020-06-27,2.9,1004.2,84,22.3,21.6,1.4,.9,1.1,1.9,5.6,8
21229,2020-06-28,2.7,1004,89,21.7,21.8,1,.6,.8,1.3,6.8,7.1
21229,2020-06-29,3.9,1005.9,87,21.7,21.6,1.2,.7,1.1,1.8,7,8
21229,2020-06-30,11.2,990.4,90,20.4,20.4,4.4,2.7,3.8,6.1,7.1,9.1
21229,2020-07-01,12.3,998.4,88,17.8,19,4.8,2.9,3.5,6.8,7.9,9.1
21229,2020-07-02,3.5,1011.1,83,19.4,19.3,2.5,1.6,2.2,3.6,7.4,8
21229,2020-07-03,3.5,1012.7,92,19.4,19.1,1.5,1,1.3,1.9,6.6,7.1
21229,2020-07-04,3.3,1006.9,92,19.3,19.4,1.3,.8,1.1,1.7,5.7,6.4
21229,2020-07-05,4.6,1004.8,91,19.5,19.7,.9,.6,.7,1.1,5.2,6.4
21229,2020-07-06,2.8,1002.1,95,20.4,20.5,.7,.4,.6,.9,3.9,4.9
21229,2020-07-07,4.1,1002.6,96,20.6,21,1,.6,.9,1.6,4.7,5.8
21229,2020-07-08,2.4,1004.6,93,21.1,21.2,1,.6,1,1.8,6.1,8
21229,2020-07-09,2,1006.5,93,22.8,22,.6,.4,.4,.8,7.1,8
21229,2020-07-10,5.5,1002.9,96,23.2,21.5,1.3,.8,1.6,2.6,4.7,7.1
21229,2020-07-11,7.7,1005.2,92,22.6,20.9,2.9,1.8,2.6,4,7,9.1
21229,2020-07-12,3.7,1012.1,81,21.8,21.1,2.9,1.8,2.5,4.5,7.9,9.1
21229,2020-07-13,7.9,1006.1,88,21.4,21,2.9,1.8,3.1,5.3,6.7,8
21229,2020-07-14,9.8,1001.1,91,21.4,21,4.2,2.5,2.9,5.1,7,8
21229,2020-07-15,5.3,1005.1,83,21.6,20.9,2.8,1.7,2.4,4.5,7.1,8
21229,2020-07-16,2.3,1007.7,80,22.1,21.5,1.6,1,1.2,2.2,6.8,8
21229,2020-07-17,3.1,1009.9,82,22.5,21.6,1,.6,.8,1.5,6.1,7.1
21229,2020-07-18,2.5,1010.8,82,22.9,22,.7,.4,.6,1.2,5,6.4
21229,2020-07-19,5.1,1009.6,92,23.4,22.2,.9,.6,.9,1.5,4,4.9
21229,2020-07-20,9.7,1005.4,93,24.5,21.4,3,1.8,2.4,4.3,5.7,7.1
21229,2020-07-21,3.2,1010.4,91,23.7,21.6,1.6,1,1.7,3.2,6.6,8
21229,2020-07-22,2.4,1011.1,94,23.1,22,.6,.4,.6,.9,5.4,8
21229,2020-07-23,3.2,1010.3,91,23.5,22.2,.6,.4,.8,1.2,3.7,6.4
21229,2020-07-24,8.1,1001.9,93,22.9,21.5,3.8,2.3,3.2,5.4,6.6,8
21229,2020-07-25,4.7,1003.9,94,23.2,21.9,2.6,1.7,2.1,3.5,6.9,8
21229,2020-07-26,4.4,1008.4,93,24.1,22.6,2.1,1.2,1.6,2.6,6.5,7.1
21229,2020-07-27,1.8,1009.5,94,24.4,23.1,1.4,.9,1,1.7,5.8,6.4
21229,2020-07-28,3,1011,93,24.1,23.1,1.1,.7,.8,1.4,5.6,6.4
21229,2020-07-29,2,1013.7,94,24.1,23.1,1,.6,.6,1.2,5.5,6.4
21229,2020-07-30,3.3,1012.6,94,24.3,22.9,1,.6,.7,1.2,5.8,6.4
21229,2020-07-31,2.9,1011.9,86,25.8,23.6,.7,.4,.6,.9,4.2,5.8
21229,2020-08-01,2.8,1010.3,94,25.8,24.4,.4,.3,.4,.7,3.9,5.3
21229,2020-08-02,5.3,1008.2,93,25.8,24.1,1.3,.8,1.3,2.1,4.5,5.3
21229,2020-08-03,8.1,1007,91,26.1,23.8,2.6,1.6,1.9,3.1,6,6.4
21229,2020-08-04,5.4,1011,92,26,24,2.1,1.3,1.7,2.9,5.5,6.4
21229,2020-08-05,3.1,1013.2,94,25.9,23.9,1.3,.8,1.1,1.7,6.6,10.7
21229,2020-08-06,9.3,1006,92,25.2,23.1,3.6,2.3,3.8,5.5,6.6,8
21229,2020-08-07,2.5,1006.6,94,23.8,22.9,2.5,1.6,2,3.4,7.2,10.7
21229,2020-08-08,2.2,1004.1,97,24,23.1,2.6,1.6,2.4,3.7,9.4,10.7
21229,2020-08-09,7.8,1005.1,94,25.3,23,2.7,1.7,2.1,3.5,7.3,10.7
21229,2020-08-10,8,1004.8,92,25.7,23,2.7,1.7,3.4,5.8,6.4,7.1
21229,2020-08-11,7.8,1008.4,92,25.1,22.6,3.7,2.3,3.6,6.3,7.1,9.1
21229,2020-08-12,4.3,1011,94,25,23,2.1,1.3,1.7,2.9,6,7.1
21229,2020-08-13,2.8,1008.7,93,25.6,23.4,1.1,.7,1,1.5,5.1,8
21229,2020-08-14,6.9,1004.2,90,26,23.2,2.3,1.4,1.7,3.1,5.4,6.4
21229,2020-08-15,4.5,1006.7,89,26.4,23.6,1.8,1.1,1.6,2.7,5.9,7.1
21229,2020-08-16,3.5,1009.2,89,26.5,24.3,.9,.6,.6,1.2,4.8,5.8
21229,2020-08-17,2.6,1011.8,85,27.8,25,.7,.4,.5,.9,4,5.8
21229,2020-08-18,4.3,1011.3,95,26.4,25.1,.5,.3,.5,.9,3.5,5.3
21229,2020-08-19,4.4,1008.9,97,26.1,24.7,.7,.5,.6,1,3.6,5.3
21229,2020-08-20,3.8,1011.3,92,26,25,.8,.5,1,1.6,4.7,6.4
21229,2020-08-21,3.8,1014.8,87,25.8,24.8,2.3,1.4,2.2,3.7,7.1,9.1
21229,2020-08-22,3.9,1013.3,87,26,24.9,1.1,.7,1.1,1.9,4.8,6.4
21229,2020-08-23,2.5,1008.6,83,26.2,25.5,.7,.4,.6,.9,4.2,5.3
21229,2020-08-24,4.1,1006.4,88,27,25.8,.7,.5,.6,1.1,3.8,4.9
21229,2020-08-25,4.2,1005.9,94,28,26.2,1,.6,.8,1.4,4.2,10.7
21229,2020-08-26,4.5,1007,91,28.9,26.9,1.2,.8,1.2,2.1,8.9,12.8
21229,2020-08-27,6.7,1005.6,89,28.9,26.4,2.6,1.6,2,3.4,7.2,10.7
21229,2020-08-28,5.2,1007.9,92,28.6,26.4,1.5,.9,1.5,2.5,4.7,6.4
21229,2020-08-29,4.7,1008.7,91,28.5,26.6,1.5,.9,1.3,2,5,5.8
21229,2020-08-30,4.3,1010.4,93,27.8,27,1.9,1.1,2,3.5,7.3,10.7
21229,2020-08-31,7.8,1013.7,79,26.3,26.4,4.1,2.5,3.2,5.1,9.8,10.7
21229,2020-09-01,4.6,1010.7,78,26.8,26.3,2.7,1.8,2.2,3.7,8.3,9.1
21229,2020-09-02,6.2,1004.7,90,28.2,26.3,2,1.2,2,3.9,6.1,8
21229,2020-09-03,14.7,995.1,84,26.7,23.3,7.1,4.7,10,15.7,9.2,12.8
21229,2020-09-04,4.5,1012.4,84,23.9,21.7,2.4,1.4,3.7,7.5,6,9.1
21229,2020-09-05,2.7,1014.6,87,22.8,21.5,.8,.5,.7,1.3,5.8,8
21229,2020-09-06,7.5,1009,92,22.9,20.8,1.7,1.1,2,3,4.5,6.4
21229,2020-09-07,13.9,991.8,86,25,20.4,6.7,4.2,8.3,12.7,8,10.7
21229,2020-09-08,10.1,1007,85,23.8,20.7,5.8,3.5,6.8,11.5,8,10.7
21229,2020-09-09,4.3,1009.1,90,23,20.3,1.9,1.1,1.8,3,5.4,6.4
21229,2020-09-10,2.7,1009,92,22.5,20.4,1.1,.7,1.2,1.9,4.5,5.3
21229,2020-09-11,4.7,1014.8,92,22.3,20.4,.9,.6,1.1,1.7,4.4,8
21229,2020-09-12,9.8,1012.8,93,21.4,20.2,4.2,2.4,3.9,6.9,6.8,10.7
21229,2020-09-13,9.4,1013.5,87,19.6,20.1,7.2,4.4,5.3,8.6,10.5,12.8
21229,2020-09-14,3,1013.4,83,21.8,21,5.1,3.3,4.4,6.8,10.3,10.7
21229,2020-09-15,4.1,1014,84,22.1,21.9,3.3,2.2,2.7,4.4,9.4,10.7
21229,2020-09-16,4.1,1010.4,87,23,22.6,2.1,1.3,1.8,2.8,8,9.1
21229,2020-09-17,3.5,1008.3,86,24.2,22.7,1.1,.7,.9,1.5,5.8,8
21229,2020-09-18,7,1010.2,64,24.2,23,1.7,1,1.2,2.2,4.5,4.9
21229,2020-09-19,6.8,1013.1,61,23.9,22.8,2,1.2,1.6,2.8,4.8,5.3
21229,2020-09-20,7.1,1014.2,67,22,23.1,1.9,1.2,1.8,3,5.4,6.4
21229,2020-09-21,3.2,1018.5,64,20.6,23.1,1,.6,.9,1.6,5.4,6.4
21229,2020-09-22,6.3,1019.1,76,20.5,22.7,1.2,.7,.9,1.6,4.8,8
21229,2020-09-23,9.2,1017.5,82,21.4,22.4,2.2,1.3,1.8,2.9,5.2,6.4
21229,2020-09-24,9,1014,88,21.7,21.9,2.8,1.8,2.1,3.4,6.7,8
21229,2020-09-25,10.5,1010.4,87,21.6,20.7,3.9,2.4,2.9,5.1,7.8,8
21229,2020-09-26,9.9,1014.1,79,21.1,20.6,4.5,2.8,3.4,5.9,8.2,10.7
21229,2020-09-27,7.2,1018.3,72,20.2,20.7,4.4,2.7,3.3,6.3,9.5,10.7
21229,2020-09-28,3.5,1017.4,69,20.2,21,3.9,2.4,3.1,5.6,9.7,10.7
21229,2020-09-29,3,1011.6,71,21.2,20.9,1.9,1.1,1.8,3,8.3,9.1
21229,2020-09-30,4.7,1010.6,70,21.2,20.9,1.3,.8,1.2,2,5.6,8
21229,2020-10-01,4,1014,76,21,21.1,1.7,1.1,1.3,2.1,5.7,6.4
21229,2020-10-02,6,1014,79,22.7,21.5,1.5,.9,1.2,2.1,5.4,6.4
21229,2020-10-03,2.5,1014.2,81,22.8,21.5,1.1,.7,.9,1.5,6.5,8
21229,2020-10-04,5.6,1008.9,77,22.8,21.2,1.4,.9,1.6,2.9,5.1,7.1
21229,2020-10-05,9.2,1012.7,55,19,21,3.3,2,2.7,4.7,7.1,8
21229,2020-10-06,5.6,1019.9,54,19.3,20.2,2.1,1.3,1.8,2.7,7.4,8
21229,2020-10-07,7,1025.6,63,19.5,20.8,2,1.3,1.7,2.5,5.5,8
21229,2020-10-08,8.9,1027.4,59,19.6,20.3,2.6,1.7,2.4,4,5.5,6.4
21229,2020-10-09,10.4,1023.6,64,20.2,20.1,4.4,2.6,3,5.4,7.8,9.1
21229,2020-10-10,9,1018.4,68,20.1,20.4,3.5,2.1,2.7,4.9,8,9.1
21229,2020-10-11,5,1015.6,68,19.8,20.6,1.9,1.2,1.6,2.4,6.8,8
21229,2020-10-12,1.9,1013.2,69,20.2,21.3,1,.6,.8,1.3,6,7.1
21229,2020-10-13,5.7,1017.4,71,19.5,20.7,1.7,1,1.4,2.3,6.3,8
21229,2020-10-14,6,1021.8,65,18.7,20.7,2.2,1.4,2.1,3.5,6.3,9.1
21229,2020-10-15,5.6,1024,67,17.1,20.4,2,1.3,1.7,2.7,5.9,8
21229,2020-10-16,2.1,1022.2,61,18.4,20.4,1.1,.7,.9,1.5,5.4,6.4
21229,2020-10-17,3.7,1021.1,57,18.4,20.4,1,.6,1,1.6,4.8,6.4
21229,2020-10-18,,,,,,,,.5,1,,7.1
21229,2020-10-19,,1023.3,57,19.7,20.1,,,1.1,2,,5.3
21229,2020-10-20,,,,,,,,1,1.7,,5.8
21229,2020-10-21,,,,,,,,1.3,2.5,,5.8
21229,2020-10-22,3.5,1010.8,77,18.6,20.6,1.2,.8,1.1,1.9,4.9,7.1
21229,2020-10-23,8.8,1008.1,62,16.6,20.1,3.9,2.5,3.8,6.1,7.7,10.7
21229,2020-10-24,9.3,1011.7,53,15.5,20.1,4.1,2.5,2.9,5.3,7.9,9.1
21229,2020-10-25,5.2,1015.9,46,18.3,19.9,2.9,1.8,2.6,3.9,7.4,8
21229,2020-10-26,2.1,1018.5,49,19.6,19.9,1.3,.8,1.1,1.8,5.5,7.1
21229,2020-10-27,3.8,1019.3,60,19.7,19.7,.7,.4,.6,.9,5.6,8
21229,2020-10-28,5.6,1019,66,19.1,19.7,1.4,.9,1.8,2.5,4.8,8
21229,2020-10-29,4.8,1021.6,57,17.2,19.7,2.3,1.5,2.1,3.1,7.3,8
21229,2020-10-30,6.4,1025.2,56,15.1,19.4,2.4,1.5,2.1,3.5,6.7,8
21229,2020-10-31,4.7,1025,58,16.4,20.5,2.1,1.3,1.9,3,7.5,9.1
21229,2020-11-01,10.6,1018.1,68,19,19.9,2.8,1.7,2.2,3.4,5.6,9.1
21229,2020-11-02,7.7,1017.2,48,17.2,19.4,2.7,1.6,2,3.8,6.4,8
21229,2020-11-03,9.7,1014.8,49,13.5,19,3.5,2.1,2.9,5,7.2,9.1
21229,2020-11-04,5.6,1020.6,48,11.8,18.9,2.6,1.6,2,3.6,7.3,8
21229,2020-11-05,5.1,1024.9,55,15.9,18.7,1.7,1.1,1.3,2,6.2,7.1
21229,2020-11-06,8,1019.6,63,19.2,18.6,1.9,1.2,1.8,3.2,5.1,6.4
21229,2020-11-07,6,1014.4,70,19.5,18.7,1.5,1,1.6,2.5,4.9,5.8
21229,2020-11-08,8,1016.8,46,15.9,18.7,3,1.8,2.7,4.5,6.4,8
21229,2020-11-09,7.9,1020.5,50,12.2,18.3,3.2,2,2.9,4.5,7.5,8
21229,2020-11-10,5.8,1025.4,47,12.7,18.1,2.4,1.5,2.1,3.4,6.7,8
21229,2020-11-11,2.3,1031.3,48,14.9,18.2,1.5,.9,1.3,1.9,6.7,8
21229,2020-11-12,6.3,1028.6,63,17.2,18,1.2,.8,.9,1.6,4.5,7.1
21229,2020-11-13,6.3,1026.4,63,17.5,18,1.6,1,1.4,2.4,4.9,6.4
21229,2020-11-14,4.3,1030.6,56,15.4,18.1,1.8,1.1,1.5,2.3,6.7,8
21229,2020-11-15,4.9,1025,66,17.6,18.1,1.2,.8,.9,1.4,4.9,6.4
21229,2020-11-16,7.2,1025.7,65,17.5,18,1.8,1.1,1.8,3.1,5,6.4
21229,2020-11-17,6.6,1025.5,73,17.9,17.9,2.1,1.3,1.8,2.7,5.9,8
21229,2020-11-18,5.4,1018.8,90,19.9,17.9,1.3,.8,1.3,2.4,4.6,5.3
21229,2020-11-19,11.6,1006.3,84,20.5,17.8,5,3.1,5,7.4,7.4,9.1
21229,2020-11-20,9.5,1011.2,73,14.4,18.3,4.9,2.9,3.5,6.9,8.2,10.7
21229,2020-11-21,5.4,1023.2,64,12.3,18.3,4.9,3,3.8,6.9,10.2,10.7
21229,2020-11-22,6.7,1017.2,75,14.5,18.9,3.3,2,2.8,5.8,8.2,10.7
21229,2020-11-23,5.8,1022.3,62,12,19.3,3.6,2.3,3.1,4.6,7.8,9.1
21229,2020-11-24,1.7,1025.7,55,12.7,17.3,1.8,1.1,1.4,2.4,6.8,9.1
21229,2020-11-25,3.6,1023.3,57,13.8,17.1,1.4,.9,1.2,2.1,5.5,7.1
21229,2020-11-26,5.5,1025,66,13.2,17.1,2,1.2,2.4,4.3,6.1,8
21229,2020-11-27,8,1019.4,74,12.4,16.9,3.5,2.1,4.3,7.6,6.7,8
21229,2020-11-28,6.4,1022.8,78,8,16.6,4.1,2.6,4.4,8.2,8.1,9.1
21229,2020-11-29,5.5,1024.1,61,9.3,16.2,2.7,1.6,2.1,3.7,7.5,9.1
21229,2020-11-30,7,1029.3,55,9.3,15.9,2.3,1.4,1.7,3,6.5,7.1
21229,2020-12-01,5.1,1031.9,56,9.8,15.9,2.1,1.3,1.7,3,6.6,8
21229,2020-12-02,5.3,1027.1,60,10.2,16.1,1.8,1.2,1.5,2.5,6.3,8
21229,2020-12-03,8.5,1023.9,54,9.8,16,2.7,1.7,2.6,4,6.2,8
21229,2020-12-04,3.9,1025.3,63,9.6,16.1,2.1,1.3,1.9,3.1,6.7,8
21229,2020-12-05,6.3,1025.8,54,9.5,15.9,2,1.3,1.6,2.8,6.4,8
21229,2020-12-06,4.6,1024.6,58,11.4,16.2,1.1,.7,.9,1.5,5.8,6.4
21229,2020-12-07,7,1022.7,52,12.4,16.8,2,1.2,1.6,2.4,5.9,7.1
21229,2020-12-08,8.4,1024.1,67,8.8,17,2.7,1.7,2.2,3.5,7.1,8
21229,2020-12-09,3.1,1023.5,47,10.8,17.1,1.5,.9,1.6,2.5,6.3,7.1
21229,2020-12-10,4.2,1019.3,53,12.9,16.5,1.1,.7,.9,1.5,5.2,6.4
21229,2020-12-11,4.8,1016.4,56,12.7,16.3,1.4,.9,1.1,2.1,5.9,7.1
21229,2020-12-12,8.5,1013.6,58,11.1,17,2.6,1.6,2.7,4.9,6.2,7.1
21229,2020-12-13,10.5,1013.1,62,8.9,17.5,3.9,2.4,3.3,5.7,6.8,8
21229,2020-12-14,11.8,1018.9,84,2.8,16,6.2,3.7,5,7.9,8.7,10.7
21229,2020-12-15,12.1,1022.2,81,1.7,15.2,5.5,3.4,3.8,6.6,8.6,9.1
21229,2020-12-16,12,1022.3,68,2.8,15.3,5.2,3.1,3.6,6,7.8,9.1
21229,2020-12-17,7.2,1024,59,4.9,15.3,3.9,2.4,3.3,6.1,8.1,9.1
21229,2020-12-18,8.7,1022,56,7.8,14.9,3.7,2.2,2.7,4.5,7.3,8
21229,2020-12-19,10.1,1025.3,57,5.2,14.5,4.2,2.6,3,4.8,7.7,9.1
21229,2020-12-20,7.6,1026.6,63,5.3,14.3,3.2,2,2.5,4.3,7.3,8
21229,2020-12-21,3.9,1024.7,49,7.2,14.2,2.1,1.3,1.5,2.7,6.8,9.1
21229,2020-12-22,5,1022.2,52,9.1,14.2,1.8,1.1,1.5,2.5,6,8
21229,2020-12-23,6.8,1019.5,56,10.9,14,2.2,1.3,2.1,3.6,6.3,7.1
21229,2020-12-24,8.5,1012.5,55,11,13.9,3.2,1.9,2.6,4.4,6.6,8
21229,2020-12-25,10.7,1017.5,52,6.4,13.7,3.9,2.4,2.9,5.2,7.3,8
21229,2020-12-26,7.2,1022.2,55,8.8,13.6,2.7,1.7,2.6,4,6.5,7.1
21229,2020-12-27,3.8,1020.6,52,11.9,13.6,1.3,.8,1,1.8,6,8
21229,2020-12-28,5.4,1021.7,62,12,13.7,1.4,.9,1.2,1.8,4.8,6.4
21229,2020-12-29,6.5,1016.2,67,11.6,14.2,2.3,1.5,2.8,3.9,6.8,8
21229,2020-12-30,11.5,1009.9,91,1.6,13.8,7.5,4.6,6,10,9.6,10.7
21229,2020-12-31,10.7,,,.9,13.7,5.3,3.3,4.5,7.7,8.6,9.1
21229,2021-01-01,9,,,3.7,13.5,4.2,2.7,3.8,5.8,7.9,9.1
21229,2021-01-02,8,,,,13.9,3.8,2.4,3,5.5,7.5,8
21229,2021-01-03,7.1,,,,13.6,3.3,2.1,2.5,4.1,7,8
21229,2021-01-04,5.4,,,,13.9,2.6,1.6,2.1,3.6,7.1,8
21229,2021-01-05,9,,,,13.6,3,1.9,2.5,4.2,6.6,8
21229,2021-01-06,8,,,,12.7,3.6,2.1,2.8,4.7,7.3,8
21229,2021-01-07,11.8,,,,12.6,6.4,4,6,10.6,8.6,10.7
21229,2021-01-08,8.7,,,,12.5,5.1,3.1,3.9,6.5,8.6,9.1
21229,2021-01-09,8.7,,,,12.2,4.4,2.7,3.4,5.4,7.8,9.1
21229,2021-01-10,8,,,,12.5,3.5,2.2,2.9,4.8,7.3,9.1
21229,2021-01-11,5.2,,,,12.4,2.3,1.4,2.2,3.6,6.3,7.1
21229,2021-01-12,6.8,1014.6,55,6.3,12.4,2.1,1.3,1.9,2.9,5.4,6.4
21229,2021-01-13,9.7,1013,54,10.5,12.6,3.1,1.9,2.5,5,5.9,7.1
21229,2021-01-14,6.1,1021.1,55,8.8,12.3,2.7,1.7,2.3,4.1,6.7,8
21229,2021-01-15,9.1,1014.1,73,13.4,12.3,2.4,1.5,2.4,3.6,5.9,8
21229,2021-01-16,7.1,1018.2,82,5.9,12.3,4.3,2.8,3.8,5.9,8.3,10.7
21229,2021-01-17,8.4,1020.8,58,4.4,12.2,4.1,2.5,3,4.9,7.9,9.1
21229,2021-01-18,10.4,1016.2,65,4.4,12.1,3.8,2.4,4.2,6.6,6.7,9.1
21229,2021-01-19,5.7,1029.6,58,1.4,11.9,4.6,2.9,3.8,6.5,8.8,10.7
21229,2021-01-20,7,1028.6,65,8.8,12,2.2,1.3,1.8,3.2,6.7,9.1
21229,2021-01-21,4.6,1022.2,59,12.2,12.1,1.6,1,1.7,3,5,5.8
21229,2021-01-22,5.3,1019.2,78,12.5,11.9,1.2,.7,1.4,2.2,4.3,4.9
21229,2021-01-23,9.8,1021.9,68,11.7,12,3.4,2,2.3,4.3,6.3,7.1
21229,2021-01-24,7.1,1025.9,65,9.8,11.9,2.7,1.7,2.3,3.6,6.3,7.1
21229,2021-01-25,3.5,1028.1,69,9.8,12,1.3,.8,1.1,1.7,6.4,7.1
21229,2021-01-26,6.1,1017.4,75,12.2,11.9,1.5,.9,1.1,1.8,4.7,5.8
21229,2021-01-27,7.3,1019.7,56,9.3,11.7,3.1,1.9,2.5,5.1,6.8,8
21229,2021-01-28,8.7,1009.9,58,8.3,11.7,3.3,2,3.6,6.7,6.8,9.1
21229,2021-01-29,12.3,1016.6,74,.9,11.8,8.1,5.1,6.4,11.5,10.5,12.8
21229,2021-01-30,7.2,1022.3,56,7,11.7,5.3,3.3,4.4,7.2,12.1,12.8
21229,2021-01-31,6.2,1027.2,56,9.5,11.6,3.1,1.9,2.8,4.5,8.9,10.7
21229,2021-02-01,9,1012.8,75,13.9,11.5,4.1,2.5,3.4,5.7,7,8
21229,2021-02-02,10.1,1016.8,59,5.4,11.5,4.9,3,3.7,6.3,8.5,10.7
21229,2021-02-03,7.8,1021.5,51,3.9,11.5,3.6,2.2,3.6,6.3,7.4,8
21229,2021-02-04,10,1019.7,57,6.6,11.2,4.1,2.4,3.4,6.2,7.1,8
21229,2021-02-05,7.4,1017.4,52,10.2,11,2.8,1.7,2.7,4.8,6.3,8
21229,2021-02-06,8.8,1012.5,58,12.7,11,2.9,1.8,2.7,3.9,6,6.4
21229,2021-02-07,7.6,1017.2,76,8.1,10.9,2.8,1.7,2.4,4.7,6.2,8
21229,2021-02-08,9.4,1021.3,77,3.9,11,3.8,2.3,3.2,5.5,7.8,9.1
21229,2021-02-09,6.5,1023.4,57,6,11,2.9,1.8,2.6,4.5,7.5,9.1
21229,2021-02-10,5.7,1020.8,54,10.4,10.8,2.2,1.3,1.6,2.5,6.4,8
21229,2021-02-11,5.2,1024.2,63,11.4,11,1.8,1.1,1.9,3.1,5.5,7.1
21229,2021-02-12,4.8,1023.5,77,13,10.9,1.1,.7,.8,1.4,4.3,7.1
21229,2021-02-13,2.3,1023.3,90,13.2,11.4,.8,.5,.6,1,5,7.1
21229,2021-02-14,3.2,1014.9,94,13.4,11.3,.6,.4,.5,.9,3.7,6.4
21229,2021-02-15,8.4,1002.1,71,10.6,11.2,2.3,1.4,4.2,5.9,5.3,8
21229,2021-02-16,11.1,1009,57,3.9,11,6.5,4,4.9,8.9,9,10.7
21229,2021-02-17,10.6,1008.8,81,-.8,11,6.1,3.8,4.9,7.7,9,10.7
21229,2021-02-18,10,1014.7,80,2.1,10.9,5.2,3.2,4,6.1,8.7,10.7
21229,2021-02-19,8.9,1011.6,60,9.6,10.8,4,2.4,3.4,5.6,10.8,12.8
21229,2021-02-20,9.9,1005.8,67,13.2,10.8,5.1,3.1,4,7.2,7.9,9.1
21229,2021-02-21,7.7,1007.6,78,14.2,10.9,3.2,1.9,2.2,4,7.2,8
21229,2021-02-22,5.6,1010.9,80,10.4,10.9,2.9,1.8,2.9,4.5,7.3,9.1
21229,2021-02-23,5.6,1022.3,73,5.3,11.7,3.6,2.1,2.9,5.4,7.9,10.7
21229,2021-02-24,3.4,1025.8,50,6.9,11,2.2,1.3,2,2.9,7.4,9.1
21229,2021-02-25,5.6,1023.4,58,10.4,10.9,1.8,1.1,1.4,2.3,8.3,9.1
21229,2021-02-26,6.9,1025.6,62,9.3,10.9,1.8,1.1,1.6,2.9,5.6,8
21229,2021-02-27,6.6,1032.4,62,6.9,10.8,2.6,1.6,1.8,3.4,6.2,7.1
21229,2021-02-28,5.7,1026.9,77,11.2,11.3,1.7,1.1,1.3,2.4,6,9.1
21229,2021-03-01,7.3,1015.3,91,11.2,11.7,3,2.2,6.3,9.8,6.6,10.7
21229,2021-03-02,11,1021.6,72,4.9,11,8.4,5.2,6.8,10.1,10.2,10.7
21229,2021-03-03,4.8,1030,57,6.6,10.7,3.8,2.4,4.2,6.7,9.4,10.7
21229,2021-03-04,7,1023.7,75,11.8,10.8,2.1,1.3,1.9,3.1,7.3,9.1
21229,2021-03-05,3.7,1018.8,89,13.2,11.7,1.2,.7,.9,1.5,5.1,8
21229,2021-03-06,10.1,1029.2,74,5.5,11.2,5.4,3.4,5.8,8.6,8.7,10.7
21229,2021-03-07,3.4,1030,63,5.1,12,2.6,1.7,2.8,4.2,8,9.1
21229,2021-03-08,3.6,1028.5,63,7.7,11.5,1.4,.9,1.3,2,8.3,9.1
21229,2021-03-09,5.9,1023.1,70,10.4,10.7,1,.6,.9,1.5,4.5,8
21229,2021-03-10,6.4,1028.8,53,9.6,10.7,2.9,1.7,2.6,4.2,6.7,9.1
21229,2021-03-11,6.6,1025.8,71,11.8,10.7,1.6,1,1.3,2.4,5.2,7.1
21229,2021-03-12,6.6,1021.1,85,12.6,10.8,1.5,1,1.9,3.1,5.6,9.1
21229,2021-03-13,7.5,1019.1,65,9.9,10.7,3.2,1.9,2.3,4.1,6.7,7.1
21229,2021-03-14,2.1,1018.2,68,11.9,12.5,2,1.2,1.6,2.7,7.1,8
21229,2021-03-15,6.4,1015.7,80,14.6,13.2,1.9,1.2,2.1,3.2,6.4,8
21229,2021-03-16,8.3,1011.2,72,12.5,11.5,2.9,1.9,2.8,4.1,6.6,8
21229,2021-03-17,4.3,1020.2,66,10.3,11.7,2.2,1.3,1.7,2.9,7.5,9.1
21229,2021-03-18,4.6,1022.9,63,10.4,12.8,1.6,1,1.2,2,7,12.8
21229,2021-03-19,6.1,1022.5,65,11.5,13.3,2.4,1.5,1.7,2.8,10.1,10.7
21229,2021-03-20,7.2,1013.3,82,12.8,13.4,3,1.9,2.6,4,6.6,9.1
21229,2021-03-21,8.7,1008.3,68,12.2,13.8,2.5,1.6,2.7,4.7,6.7,8
21229,2021-03-22,8.4,1015.8,55,10.1,13.6,3.9,2.4,3.9,6.2,7.3,8
21229,2021-03-23,7.7,1017.6,57,14,13.6,2.2,1.3,2.1,3.8,5.7,7.1
21229,2021-03-24,7,1017.9,68,15,13.1,3,1.8,2.1,3.5,6.6,7.1
21229,2021-03-25,5.7,1017.9,68,15.1,13,1.7,1,1.7,3.1,5.2,6.4
21229,2021-03-26,5.2,1021.3,73,13.9,12,1.3,.8,1.3,2.2,4.4,5.3
21229,2021-03-27,7.6,1015.1,79,14.8,14.1,1.9,1.2,1.5,2.7,4.5,5.3
21229,2021-03-28,10.6,1000,83,16,12.9,4.1,2.5,3.9,6.3,6.8,8
21229,2021-03-29,8.4,1002.9,69,16.5,13.5,3,1.9,2.3,4.1,6.6,7.1
21229,2021-03-30,6,1010.3,57,14.2,12.7,2.2,1.4,1.8,3.2,6.2,7.1
21229,2021-03-31,3.6,1016.4,71,13.7,13,.9,.5,1,1.9,6.2,8
21229,2021-04-01,5.1,1023.1,73,14,14.2,1.2,.8,1,1.6,4.7,5.8
21229,2021-04-02,5.7,1023,81,13.9,14,2,1.3,1.6,2.5,5.8,6.4
21229,2021-04-03,2.5,1015,94,14.8,14.1,1,.6,1,1.7,5.4,5.8
21229,2021-04-04,10.7,1014.3,77,11.1,12.2,4.9,3.1,4.3,7.1,7.6,9.1
21229,2021-04-05,6.6,1021.8,59,11.5,12.3,3.3,2.1,3,4.8,7.1,8
21229,2021-04-06,5.1,1019,64,13,13.9,1.4,.9,1.1,1.9,6.8,8
21229,2021-04-07,7,1016.6,66,15.1,14.6,1.7,1,2.2,3.4,5.1,6.4
21229,2021-04-08,5.4,1017,66,12.9,12.7,2.1,1.3,2.2,3.6,5.2,6.4
21229,2021-04-09,5.6,1027.3,53,10.2,13.1,2.1,1.3,1.8,3.1,5.6,6.4
21229,2021-04-10,3.5,1032.3,56,10.8,14.2,1.5,.9,1.4,1.9,7.3,9.1
21229,2021-04-11,6.1,1031.3,69,13.8,14.2,1.8,1.1,1.3,2.5,9,10.7
21229,2021-04-12,7.7,1021.8,85,15.3,14.3,1.8,1.1,1.6,3,4.6,5.3
21229,2021-04-13,8.4,1007.8,88,15.8,13.7,4.2,2.6,4.3,6.8,7.2,8
21229,2021-04-14,5.1,1014.9,69,12.2,14.8,2.9,1.8,2.4,4.2,7,9.1
21229,2021-04-15,8.2,1018.4,67,15.1,15.2,2,1.2,1.5,2.5,4.7,5.8
21229,2021-04-16,9.7,1014.4,77,16.7,14.8,2.7,1.7,2.4,3.7,5.3,6.4
21229,2021-04-17,6.7,1011.3,63,15.2,14.9,1.8,1.2,1.7,2.8,5.6,7.1
21229,2021-04-18,8.2,1011.4,61,13.4,14.8,2.6,1.6,2.2,3.9,5.8,7.1
21229,2021-04-19,7.1,1011.9,65,16.7,15,2.2,1.3,1.7,2.9,7.4,9.1
21229,2021-04-20,6.6,1018.1,60,17.2,15.4,2.3,1.4,1.8,3.1,7.6,9.1
21229,2021-04-21,4.4,1022.5,87,15.8,15.7,1.4,.9,1.4,2.2,8.3,10.7
21229,2021-04-22,,,,,,,,.7,1.1,,9.1
21229,2021-04-23,6.1,1022.7,76,15.3,14.9,2.1,1.3,1.6,2.9,5.4,6.4
21229,2021-04-24,2.5,1020.3,80,15.3,14.4,1.7,1.1,1.4,2.5,6,8
21229,2021-04-25,6.5,1021.9,59,13.8,14.7,2.6,1.6,2.4,3.7,6.6,8
21229,2021-04-26,3.6,1023.1,53,14.1,14.2,1.4,.9,1.3,2.4,5.4,6.4
21229,2021-04-27,7.7,1017.8,78,15.8,14.5,2,1.2,2,3.5,4.7,8
21229,2021-04-28,7.1,1013.9,80,17.9,15.6,2,1.2,2.1,3.3,5.6,6.4
21229,2021-04-29,4,1006.9,80,16.3,15.8,1,.6,.7,1.3,4.2,5.3
21229,2021-04-30,8.8,1001.7,77,15.3,15.5,2.7,1.7,2.8,4.9,5.9,8
21229,2021-05-01,5.1,1002.4,80,13.3,15.1,1.8,1.1,1.7,2.4,6.9,8
21229,2021-05-02,8.7,1011.4,72,14.1,15,4.3,2.6,3.5,5.7,8.2,9.1
21229,2021-05-03,6.6,1015.3,74,17.1,15.4,2.2,1.4,1.8,2.7,8.4,9.1
21229,2021-05-04,8,1011,85,17.8,15.8,3.2,2,2.8,5.2,6.5,9.1
21229,2021-05-05,9.1,1007.7,74,18,15.5,3.6,2.3,3,5.2,7.5,9.1
21229,2021-05-06,7.1,1015.1,63,17.6,15.5,1.9,1.2,1.9,2.8,5.3,9.1
21229,2021-05-07,10.4,1003.7,78,18.2,15.7,3.1,1.9,3.2,5.5,5.9,8
21229,2021-05-08,8.7,1001.2,74,17.6,15.7,3.1,1.9,2.4,4.1,6.4,8
21229,2021-05-09,7.6,1005.3,64,18,15.6,3,1.8,2.6,4.1,6.8,8
21229,2021-05-10,4.4,1012.3,70,17.2,15.6,1.6,1,1.3,2,5.8,10.7
21229,2021-05-11,2.5,1016.8,75,17.1,16.3,2.1,1.3,1.6,3,8.5,9.1
21229,2021-05-12,5.5,1015,77,17.5,16.2,2.6,1.6,1.9,3.4,7.6,10.7
21229,2021-05-13,1.7,1012.5,93,18,16.7,1.7,1,1.6,2.5,5.9,7.1
21229,2021-05-14,2.2,1013.6,95,18.3,16.9,.7,.4,.6,1,5.2,7.1
21229,2021-05-15,4.4,1008.6,93,19.1,17.1,.9,.5,1.1,1.8,4,6.4
21229,2021-05-16,6.9,1002.1,96,18.5,17.2,2.5,1.5,2.3,3.3,6,7.1
21229,2021-05-17,6.5,1006.7,85,16.6,16.7,2.6,1.6,2.1,3.5,6.3,7.1
21229,2021-05-18,2.4,1010.4,80,17.3,16.5,1,.6,.9,1.4,7.1,8
21229,2021-05-19,4.2,1010.2,91,18.6,17,.7,.4,.5,.8,5.3,7.1
21229,2021-05-20,5.8,1006.4,90,18.9,17.1,1.2,.8,2.1,3.3,3.7,6.4
21229,2021-05-21,10.4,1000.2,90,17.4,16.5,3.5,2.2,2.9,5.3,6.4,8
21229,2021-05-22,5.8,1006.5,84,18.4,16.7,2.8,1.7,2.9,5.1,7,8
21229,2021-05-23,3.1,1008.2,89,19.3,17.2,1.9,1.2,1.8,2.9,7.4,9.1
21229,2021-05-24,4.2,1005.3,84,19.9,17.2,1.2,.8,.9,1.5,5.2,7.1
21229,2021-05-25,6.5,1004.7,67,18.8,16.8,1.6,1,1.6,2.5,4.7,5.8
21229,2021-05-26,6,1008.1,76,18.7,16.8,1.8,1.1,1.5,2.4,5.5,6.4
21229,2021-05-27,6.7,1000.8,86,18.3,16.5,2.1,1.3,1.9,3.3,5.4,6.4
21229,2021-05-28,5.1,1000.7,87,18.1,16.8,1.5,.9,1.4,2.5,5.7,6.4
21229,2021-05-29,5.4,1003.9,84,18.2,16.9,2.1,1.3,1.6,2.8,6.5,7.1
21229,2021-05-30,2.4,1009.8,78,19,17.9,1.5,.9,1.1,2,7.1,8
21229,2021-05-31,3.5,1013.4,83,18.4,17.1,1.3,.8,.9,1.6,7.6,8
21229,2021-06-01,4.3,1015.2,89,18.7,17.2,1.6,1,1.2,2.1,7.7,8
21229,2021-06-02,3.7,1014.2,91,19.9,17.9,1.1,.7,.9,1.5,6.4,8
21229,2021-06-03,6.7,1004.8,90,20.2,17.8,1.3,.8,1.4,2.3,3.9,4.9
21229,2021-06-04,7.3,999,84,19.5,17.8,2.1,1.3,1.9,3.3,5.6,8
21229,2021-06-05,8.9,999.5,79,20.8,17.9,2.4,1.5,2.2,3.5,5.3,7.1
21229,2021-06-06,4.7,1006.1,91,20.7,18.6,2.1,1.3,2.3,3.1,6.5,7.1
21229,2021-06-07,3.4,1012,89,21.7,19.4,.9,.6,.8,1.3,5,5.8
21229,2021-06-08,3.5,1015.5,83,22.2,19.7,.7,.4,.6,1,4,4.9
21229,2021-06-09,3.6,1017.3,87,21.2,20,.6,.4,.6,1,3.3,4.3
21229,2021-06-10,4.8,1014.6,90,21.5,19.9,1,.7,.8,1.2,4.3,4.9
21229,2021-06-11,8.1,1011.4,91,22.2,19.5,1.9,1.2,1.9,2.9,4.7,6.4
21229,2021-06-12,4.1,1012.9,96,21.5,19.6,1.6,1,1.6,3,5.5,6.4
21229,2021-06-13,2.5,1009.5,98,21.6,19.9,.6,.4,.5,.8,4.7,5.3
21229,2021-06-14,2,1007.6,96,22.2,20.3,.4,.3,.4,.7,3.7,4.6
21229,2021-06-15,4.9,1006.8,93,21.7,20.2,.9,.5,.8,1.4,3.8,4.9
21229,2021-06-16,6.8,1007.3,84,21,19.8,2,1.3,1.6,2.8,5.3,6.4
21229,2021-06-17,3.3,1007.4,81,20.8,19.7,1.4,.9,1.3,2.2,5.8,6.4
21229,2021-06-18,5.9,1000.5,93,21.6,20.1,1.3,.8,.9,1.7,5.2,7.1
21229,2021-06-19,5.6,999.5,84,22,20.2,1.2,.7,1,1.7,4,4.9
21229,2021-06-20,3.7,1001.9,87,21.9,20.5,1.6,1,1.8,3,7.3,9.1
21229,2021-06-21,6.6,1003.3,86,21.8,20.4,3.3,2.1,2.9,5.5,8.7,10.7
21229,2021-06-22,4.6,1010.4,77,20.4,20.5,2.3,1.4,2.1,3.4,6.8,8
21229,2021-06-23,2.5,1012.2,73,20.7,20.8,1.1,.7,.9,1.4,6,7.1
21229,2021-06-24,1.9,1012.4,76,22,21.5,.7,.4,.5,.8,5.4,6.4
21229,2021-06-25,4,1011.9,80,22.8,21.8,.6,.4,.5,.9,4.4,5.8
21229,2021-06-26,3.3,1011,87,23.3,22,.6,.4,.5,.8,3.8,4
21229,2021-06-27,3.2,1008.9,93,23.5,22,.5,.3,.4,.7,3.5,4.3
21229,2021-06-28,3.9,1006.5,89,23.6,22.6,.6,.4,.5,.8,3.5,4.3
21229,2021-06-29,3.2,1006.6,81,23.3,22.7,1,.6,.8,1.3,4.8,5.3
21229,2021-06-30,2.6,1008.6,80,23.5,22.6,1.1,.7,.9,1.3,5.4,5.8
21229,2021-07-01,4,1008.2,86,24.1,22.9,1,.6,.7,1.3,5.2,5.8
21229,2021-07-02,5.9,1010,91,24.1,22.8,1.3,.8,1.1,1.8,4.6,5.3
21229,2021-07-03,5.5,1010.4,89,23.9,22.7,1.5,.9,1.1,1.8,5.2,7.1
21229,2021-07-04,8,1003.4,91,24.9,22.2,3.4,2.1,3.2,5.8,6.8,8
21229,2021-07-05,3.6,1008.4,92,24.1,22.1,1.9,1.2,1.8,2.9,6.8,8
21229,2021-07-06,3.6,1006.6,94,24.2,22.1,1.9,1.2,1.9,3.3,6.7,8
21229,2021-07-07,3.1,1007.9,95,24.1,22.6,1.4,.9,1.2,2,6.4,7.1
21229,2021-07-08,3.2,1006.1,96,24,22,1.2,.7,.8,1.4,5.1,6.4
21229,2021-07-09,1.9,1006.1,95,24,22.4,1.2,.7,.8,1.4,5.2,5.8
21229,2021-07-10,2.2,1007.8,95,24.9,22.9,.9,.6,.7,1.1,5,6.4
21229,2021-07-11,3.6,1008.9,91,26.2,23.6,1.3,.8,1.1,2,5.6,6.4
21229,2021-07-12,1.9,1009.6,91,27.3,24.4,1,.6,.9,1.4,5,5.8
21229,2021-07-13,2.5,1011.3,93,27,25.2,.8,.5,.6,1,4.8,5.8
21229,2021-07-14,2.9,1013.2,92,27.6,25.7,.6,.4,.5,.8,4.5,5.3
21229,2021-07-15,2.1,1015.6,89,27.9,26.3,.5,.3,.4,.8,4.1,7.1
21229,2021-07-16,3.6,1016.1,88,27.9,26.6,.7,.4,.5,.8,4.3,6.4
21229,2021-07-17,3.6,1014.1,85,28.5,26.8,.8,.5,.6,1,4.2,4.9
21229,2021-07-18,2.9,1013,86,28.9,27,.8,.5,.6,1,4.4,4.6
21229,2021-07-19,2.8,1014,87,28.7,26.5,.6,.4,.5,.8,4.2,4.9
21229,2021-07-20,1.9,1015.2,84,29.5,27.2,.4,.3,.4,.5,4.2,8
21229,2021-07-21,3.9,1014.2,84,29.1,27.2,.7,.4,.7,1.2,3.8,4.6
21229,2021-07-22,4.2,1012.6,83,29,27.4,1.1,.7,.8,1.5,4.7,4.9
21229,2021-07-23,2.6,1010.8,82,28.9,28.2,.7,.4,.6,1,4.2,4.9
21229,2021-07-24,3,1009.9,81,29.2,27.8,.6,.4,.5,.8,3.9,4.3
21229,2021-07-25,2.7,1008.4,81,29.6,28.4,.6,.4,.5,.8,,4.6
21229,2021-07-26,2.2,1006.1,82,29.9,28.4,.7,.4,.6,1.1,,
21229,2021-07-27,4.4,1003.7,78,30.1,28.7,.9,.5,.6,1.2,7.6,10.7
21229,2021-07-28,4.5,1003.1,77,29.8,28.7,1.6,1,1.1,2.2,6.3,7.1
21229,2021-07-29,1.7,1002.2,75,30,29.1,1.2,.7,1.1,1.6,6.3,8
21229,2021-07-30,3.5,1001.2,78,30.1,28.7,1,.6,.7,1.2,6.1,7.1
21229,2021-07-31,5.2,1001.1,83,30.2,28.6,1.3,.8,1,1.7,4.6,5.3
21229,2021-08-01,4.9,1001.8,80,30.4,28.9,1,.6,.7,1.2,4.1,4.6
21229,2021-08-02,5.1,1003.9,84,30.5,28.8,1.1,.7,.8,1.4,4.8,8
21229,2021-08-03,5.2,1007.8,87,30.7,28.9,1.3,.8,1,1.7,7.2,9.1
21229,2021-08-04,5.4,1008.6,86,30.7,29,1.4,.8,1.1,2.1,4.9,8
21229,2021-08-05,4.2,1006.1,85,30.8,29.1,.8,.5,.7,1.1,4.1,6.4
21229,2021-08-06,3.6,1003.7,84,31.1,29.4,.6,.3,.4,.8,3.3,4
21229,2021-08-07,3.5,1002.7,80,31.4,29.5,1,.6,.9,1.4,4.7,5.3
21229,2021-08-08,5.7,1003.3,81,28.9,28.9,1.4,.8,1.2,2,4.9,5.8
21229,2021-08-09,12.4,999.3,83,27.6,27.8,5.9,3.5,5.3,9.4,8.1,10.7
21229,2021-08-10,5.8,1008.9,77,26.6,27,5.7,3.6,4.4,7.6,10.6,10.7
21229,2021-08-11,4.8,1011,85,26.8,26.4,4.1,2.7,3.4,5,10.6,10.7
21229,2021-08-12,2.1,1010.3,81,28.2,27.3,3.2,2,2.6,3.9,9.5,10.7
21229,2021-08-13,5.5,1007.1,81,27.6,26.7,2.2,1.4,1.7,2.8,6.8,8
21229,2021-08-14,6.7,1007.7,81,27,26.1,2.4,1.5,1.7,3.1,6.5,7.1
21229,2021-08-15,6.1,1014,74,26.6,26.2,2.6,1.7,2.2,3.2,7.1,8
21229,2021-08-16,5,1015.5,76,26.6,26.5,1.9,1.2,1.4,2.2,6.3,8
21229,2021-08-17,7.6,1010.1,84,26,26.2,2.6,1.6,2.2,3.6,5.8,7.1
21229,2021-08-18,7.7,1010.2,79,26.7,26.2,2.3,1.4,2,3.1,6.3,7.1
21229,2021-08-19,6.4,1010.6,87,26.2,25.7,2.6,1.6,1.8,3.1,6.1,8
21229,2021-08-20,3.9,1013,84,27,26.1,1.7,1.1,1.5,2.4,6.5,8
21229,2021-08-21,9,1007.1,87,27.4,25.7,2.6,1.5,3.2,6.6,5.2,7.1
21229,2021-08-22,7.4,1006,85,27.5,25,3.5,2.2,3.7,5.5,7.1,8
21229,2021-08-23,3.4,1009.8,81,27,24.8,1.5,.9,1.3,2.2,5.5,7.1
21229,2021-08-24,8,999.6,91,25.8,24.6,3.8,2.3,3.6,6.5,6.7,9.1
21229,2021-08-25,4,1006.5,91,27,24.2,3.1,1.9,3.4,5.5,7,9.1
21229,2021-08-26,3.6,1011.1,92,26.7,25,2.2,1.4,1.7,2.9,6.8,8
21229,2021-08-27,4.1,1011.4,87,27.1,24.8,1.3,.8,1.2,1.9,6.6,8
21229,2021-08-28,4.6,1011.9,84,26.8,25.1,1.3,.8,1,1.6,5.8,7.1
21229,2021-08-29,3.5,1012.3,75,26.6,25.3,1,.6,.9,1.6,4.8,5.8
21229,2021-08-30,3.6,1014.5,77,26.7,25.2,.8,.5,.8,1.7,4.7,5.8
21229,2021-08-31,2.9,1015.8,72,26,25.4,.5,.3,.4,.7,4,5.8
21229,2021-09-01,9.6,1010.5,80,23.1,24.6,2.7,1.6,2.3,4.5,5.5,7.1
21229,2021-09-02,,,,,,1.9,1.2,2,3.4,6.1,6.4
21229,2021-09-03,,,,,,1.4,.9,1.1,1.7,5.4,7.1
21229,2021-09-04,,,,,,1.6,1,1.3,2.3,4.9,6.4
21229,2021-09-05,,,,,,2.5,1.5,1.8,3.2,6.5,8
21229,2021-09-06,,,,,,3.1,1.9,2.1,3.7,7,7.1
21229,2021-09-07,,,,,,2.8,1.7,2,3.4,6.3,7.1
21229,2021-09-08,,,,,,2.3,1.4,1.8,3,6.3,7.1
21229,2021-09-09,,,,,,1.3,.8,1.2,1.9,6.2,8
21229,2021-09-10,4.6,1013,83,26,24,.9,.6,.8,1.4,4.8,7.1
21229,2021-09-11,4,1011.4,81,26.3,23.9,.8,.5,.8,1.4,4.3,5.8
21229,2021-09-12,6.2,1013.2,78,25.7,23.9,1.6,1,1.7,2.5,5.5,8
21229,2021-09-13,4.9,1019.2,67,24.5,23.9,1.6,1,1.6,2.9,7.2,12.8
21229,2021-09-14,5.3,1017.8,71,24.6,23.8,2.3,1.4,1.7,2.8,10.1,12.8
21229,2021-09-15,6.8,1017.6,72,24.7,23.9,2.3,1.5,1.8,2.8,7.4,9.1
21229,2021-09-16,5,1014.7,74,24.9,24,2,1.2,1.5,2.7,6.1,8
21229,2021-09-17,7.8,1010.4,83,22.7,23.7,2.4,1.5,2.3,4.3,5.7,6.4
21229,2021-09-18,8.4,1013.3,77,24.6,23.7,2.8,1.7,2,3.7,6.4,7.1
21229,2021-09-19,4,1017,72,24.4,23.8,1.6,1,1.5,2.8,6.2,6.4
21229,2021-09-20,6.2,1014.3,80,25.4,23.9,1.7,1,1.6,2.7,5.5,6.4
21229,2021-09-21,9.2,1005.9,88,26.5,24,3.1,2,2.6,4.1,6.4,7.1
21229,2021-09-22,7.7,1006,81,26.1,23.7,2.3,1.4,1.7,3,5.8,7.1
21229,2021-09-23,7.9,1014,67,24.8,23.5,2.9,1.7,2.4,4.5,6.1,7.1
21229,2021-09-24,6.9,1022.9,76,24.3,23.6,3,1.8,3,4.7,9.1,10.7
21229,2021-09-25,6.5,1024.1,70,24.1,23.4,3.3,2,2.8,4.7,8.9,10.7
21229,2021-09-26,5.7,1021.1,68,23.6,23.4,1.9,1.2,1.5,2.4,6.2,8
21229,2021-09-27,4.5,1017.1,71,23.6,23.4,1.5,.9,1,1.8,5.8,7.1
21229,2021-09-28,3.9,1014.2,75,24.2,23.3,1,.6,.8,1.5,5.6,6.4
21229,2021-09-29,6.6,1007.9,89,25.6,23.4,1.5,.9,1.4,2.5,4.8,5.8
21229,2021-09-30,5.5,1008.3,80,24,23.3,1.4,.9,1.2,1.9,5,6.4
21229,2021-10-01,2.1,1008.4,77,24.3,23.8,.8,.5,.6,1,5,6.4
21229,2021-10-02,4.9,1012.5,74,24.5,23.9,1.5,.9,1.5,2.7,6,7.1
21229,2021-10-03,7.4,1019.4,82,25.9,23.6,1.6,1,1.5,2.9,4.6,6.4
21229,2021-10-04,8.6,1019.7,86,26.3,23.5,2.5,1.5,1.7,3.2,5.6,6.4
21229,2021-10-05,5.9,1019.4,85,25.1,23.7,2.4,1.5,1.9,3.2,6.4,8
21229,2021-10-06,8.7,1020.9,81,22.5,23.6,3.4,2.1,2.8,5.7,7.2,8
21229,2021-10-07,7,1016.3,81,24.2,23.6,2,1.2,1.4,2.6,5.8,7.1
21229,2021-10-08,6.8,1021.5,81,23.7,23.6,2.4,1.4,1.9,3.1,7.1,8
21229,2021-10-09,7.8,1023.7,81,24.3,23.5,2.4,1.5,1.8,2.9,5.6,7.1
21229,2021-10-10,6.5,1016.5,90,25.9,23.5,1.9,1.2,1.6,2.7,5.3,5.8
21229,2021-10-11,9.1,1020.2,78,20.8,22.8,3.2,1.9,2.4,4.5,6.6,9.1
21229,2021-10-12,7.3,1025.9,66,21.8,22.3,2.1,1.3,1.6,2.9,5.6,7.1
21229,2021-10-13,5.7,1025,62,21.7,22.1,1.8,1.1,1.4,2.3,5.4,5.8
21229,2021-10-14,3.1,1018.8,68,22.5,21.9,1.1,.7,.8,1.4,5.5,6.4
21229,2021-10-15,6.6,1017.2,78,21.4,22,1.8,1.1,1.8,3.3,5.2,8
21229,2021-10-16,7.2,1016.9,74,18.5,21.8,2.2,1.4,2.8,5,6,9.1
21229,2021-10-17,8.3,1023.3,63,14,21.5,3.9,2.4,3.5,6.7,7.7,9.1
21229,2021-10-18,2.8,1022.6,50,16.5,21.4,1.5,.9,1.4,2.6,7.2,9.1
21229,2021-10-19,8.8,1016.1,64,17.3,21.1,3,1.8,4.6,8.5,6.8,10.7
21229,2021-10-20,8.5,1020.1,54,14.9,20.5,5.4,3.5,4.2,6.8,9.4,10.7
21229,2021-10-21,5.5,1019.5,53,16.5,20.5,4.3,2.7,3.6,5.8,10,10.7
21229,2021-10-22,7.4,1020,66,16.3,20.1,2.8,1.7,2.2,3.6,8.2,9.1
21229,2021-10-23,3.8,1027,48,17.3,19.8,2.3,1.4,2,3.1,5.9,7.1
21229,2021-10-24,4.5,1025.6,56,19.4,19.8,1.3,.8,1,1.8,6.2,7.1
21229,2021-10-25,3,1021.6,53,19.9,19.9,.7,.4,.7,1.1,4.6,7.1
21229,2021-10-26,2.8,1018.3,55,19.8,19.8,.6,.4,.6,1,4.7,5.8
21229,2021-10-27,6,1016.2,60,20,19.6,1.8,1.1,2,2.9,5.3,8
21229,2021-10-28,6,1021.5,58,19.1,19.6,2.1,1.3,1.9,3.3,6.6,8
21229,2021-10-29,5.1,1026.1,52,17.4,19.4,2.1,1.3,1.9,3,6.2,8
21229,2021-10-30,1.5,1024.2,54,18.4,19.3,1.8,1.1,1.6,2.7,9.4,12.8
21229,2021-10-31,1.9,1022.8,61,19.6,19.2,1.1,.7,1.1,1.7,7.8,9.1
21229,2021-11-01,6.4,1020.4,65,19.2,19.2,1.3,.8,1.3,2.7,4.5,7.1
21229,2021-11-02,8.1,1018.3,70,18.4,19.2,3.5,2.1,3,5.1,7.6,9.1
21229,2021-11-03,4.3,1017.7,64,18,19.3,2.7,1.7,2.5,4.2,7.8,9.1
21229,2021-11-04,4.7,1018.1,64,18.4,19.1,1.9,1.1,1.5,2.4,6.8,8
21229,2021-11-05,2.2,1021.3,54,18.7,19.1,1.2,.7,1,1.8,5.7,6.4
21229,2021-11-06,4.3,1021.7,63,19,19,1.1,.7,.9,1.5,5.7,6.4
21229,2021-11-07,6.5,1022.2,64,19,18.8,1.7,1,1.6,2.5,5,9.1
21229,2021-11-08,9.9,1009.2,75,19.6,18.9,3.9,2.4,4.3,6.6,6.7,8
21229,2021-11-09,7.4,1007.3,57,14.5,18.6,3.5,2.2,2.5,4.2,7.2,9.1
21229,2021-11-10,11.3,1001.8,59,13.3,18,4.5,2.9,3.4,5.7,7,8
21229,2021-11-11,9.5,1005.9,52,13.5,17.8,4.7,2.9,3.5,5.6,7.9,9.1
21229,2021-11-12,6.5,1012.5,51,12,17.7,3.4,2.1,2.8,5,7,8
21229,2021-11-13,4.1,1016,51,14.2,17.5,1.6,1,1.4,2.3,5.8,7.1
21229,2021-11-14,5.1,1016.2,56,17.5,17.3,1.8,1.1,1.3,2.4,5.3,7.1
21229,2021-11-15,4.8,1019.6,56,17,17.4,2,1.2,1.6,3,5.8,7.1
21229,2021-11-16,5.2,1021.6,56,16.6,17.1,1.6,1,1.1,1.9,5.5,7.1
21229,2021-11-17,3.7,1021.6,53,15.9,17,1.6,1,1.2,2.1,5.5,6.4
21229,2021-11-18,5.5,1016.3,57,17.5,17,1.4,.9,1.4,2.6,5.1,6.4
21229,2021-11-19,6.9,1016.1,67,18.4,17.3,1.9,1.2,1.9,2.9,5.2,5.8
21229,2021-11-20,8.6,1020.1,75,17.4,17.1,2.6,1.6,2,3.3,5.5,8
21229,2021-11-21,3.9,1015.9,77,18.6,17.4,1.6,1,1.3,2.1,5.3,9.1
21229,2021-11-22,10.9,1007.9,57,13.4,17.3,4.8,2.9,4.2,7,7.3,9.1
21229,2021-11-23,12.2,1010.1,54,9,16.5,5.8,3.5,4.2,7,8.4,9.1
21229,2021-11-24,11.4,1012.7,55,11.7,16.1,5.8,3.5,4.9,8.3,8.5,9.1
21229,2021-11-25,8.9,1014,50,14.4,16.1,3.8,2.3,2.6,4.4,6.8,8
21229,2021-11-26,9.5,1021.4,53,11.8,16,3.4,2.1,2.9,4.6,7,8
21229,2021-11-27,6.1,1032.1,51,10.5,15.7,3.4,2.1,2.5,4.4,7.8,9.1
21229,2021-11-28,5,1032.1,57,13.9,15.4,2.3,1.4,1.9,2.9,8.6,12.8
21229,2021-11-29,4.6,1024.4,50,16.5,15.3,1.8,1.1,1.6,2.6,5.7,9.1
21229,2021-11-30,11.3,1007.5,68,16.4,15.7,4.3,2.7,5.1,7.5,6.7,9.1
21229,2021-12-01,13.1,1011,65,7.8,15.3,8,5,6.5,10.3,9.9,10.7
21229,2021-12-02,6.7,1015.4,53,9.3,15.4,4,2.5,4.4,6.6,8.2,9.1
21229,2021-12-03,9.4,1013.1,57,10.8,15.6,3.7,2.3,3.1,5.8,6.4,7.1
21229,2021-12-04,8.7,1021.9,63,8.1,15.3,4,2.4,3.1,5.6,7.5,9.1
21229,2021-12-05,4.6,1029,62,10.4,15.2,2.2,1.3,2.3,3.5,7.3,9.1
21229,2021-12-06,5,1025.1,63,14.8,15.2,1.4,.9,1.2,1.8,4.9,8
21229,2021-12-07,8.4,1026.8,65,13.6,15.3,2.5,1.6,2.8,4.3,6,8
21229,2021-12-08,7,1031.1,62,12.5,14.9,2.6,1.6,2.2,3.7,6.7,8
21229,2021-12-09,3.2,1029.9,67,13.3,15.1,1.8,1.1,1.4,2.5,7.5,8
21229,2021-12-10,3.5,1023.3,68,15.8,14.6,1.2,.7,.9,1.6,6.2,7.1
21229,2021-12-11,3.7,1022.8,71,15.2,14.7,1.1,.7,.9,1.6,4.8,7.1
21229,2021-12-12,10.3,1018.3,57,12.2,13.8,3.5,2.1,3.7,5.8,6.5,8
21229,2021-12-13,5.4,1022.6,56,8.1,13.8,3.9,2.5,3.4,5.7,8.3,9.1
21229,2021-12-14,5.2,1018.1,56,10.9,14.2,2.2,1.4,1.6,2.8,6.4,9.1
21229,2021-12-15,7.7,1018.3,62,14.1,14.8,2.8,1.8,2.2,3.9,6,7.1
21229,2021-12-16,4.1,1015.4,55,14.1,14.7,1.7,1.1,1.7,2.6,5.3,6.4
21229,2021-12-17,13.5,1012.5,84,5.8,13.9,5.8,3.7,6.1,10,7.9,10.7
21229,2021-12-18,8.6,1020,70,4.3,13.8,5.2,3.1,4.9,8.2,8.6,10.7
21229,2021-12-19,9.5,1016.6,60,7.3,13.8,4.5,2.7,3.2,6.1,7.5,9.1
21229,2021-12-20,9.3,1014.6,58,12.3,14.3,3.6,2.1,3.1,5.2,6.7,8
21229,2021-12-21,7.2,1013.2,58,14.3,14.7,2.9,1.7,2.1,3.8,6.3,7.1
21229,2021-12-22,8.8,1020.9,76,8.8,14.6,3.9,2.4,2.9,5.6,8,9.1
21229,2021-12-23,5.8,1021.8,71,10.7,14.5,3,1.9,2.3,3.9,8.3,12.8
21229,2021-12-24,7.3,1018.1,75,9.5,14.4,4.1,2.5,4.3,7.4,7.8,10.7
21229,2021-12-25,11.4,1020.8,86,1.8,14.3,6.8,4.2,5.4,8,10,10.7
21229,2021-12-26,11.5,1023.5,82,.8,14.1,6.3,3.8,5.1,8.5,9.5,10.7
21229,2021-12-27,9.5,1023,71,4,13.8,4.7,3,3.3,5.5,8.2,10.7
21229,2021-12-28,5,1024,57,7.8,13.7,3.1,1.9,3,4.6,8,9.1
21229,2021-12-29,7.5,1015.7,54,10.3,13.7,2.6,1.6,2.2,4.1,5.8,7.1
21229,2021-12-30,12.8,1016.1,68,5.4,13.7,5.5,3.3,4,6.7,8.1,9.1
21229,2021-12-31,12.8,1022.6,82,2.4,13.3,5.8,3.5,4.2,8.9,8.7,9.1
21229,2022-01-01,4.4,1027.2,60,6,12.3,4.3,2.6,3.5,5.4,8.7,9.1
21229,2022-01-02,7.8,1021.5,49,9.5,11.8,2.9,1.8,2.4,4.2,7,9.1
21229,2022-01-03,6.6,1020.6,47,8.2,12.4,3.5,2.1,3.1,5.1,7.4,9.1
21229,2022-01-04,8.5,1023.4,64,6.5,12.9,4.1,2.5,3.3,5.4,7.7,9.1
21229,2022-01-05,5.9,1027.2,67,6,13.1,3.1,1.9,2.3,3.8,7.9,8
21229,2022-01-06,7.6,1024.2,68,7.9,12.7,3.2,1.9,2.9,4.7,7.9,10.7
21229,2022-01-07,3,1027.1,53,8.1,12.7,3,1.8,2.8,4.7,7.7,8
21229,2022-01-08,6,1019.7,52,10.7,12.8,2,1.3,2.3,3.4,6.9,8
21229,2022-01-09,8.1,1019.9,71,9.3,13,3.3,2,2.6,4.5,7,9.1
21229,2022-01-10,6.1,1018.5,67,10,12.9,2.4,1.5,2.2,3.8,6.6,9.1
21229,2022-01-11,12,1010,78,5,12.4,4.7,3,4.8,7.6,7.3,10.7
21229,2022-01-12,8.8,1015.2,71,3.2,12,6,3.7,4.9,8.5,10,10.7
21229,2022-01-13,13,1012,66,3.1,11.7,6.4,3.9,5.3,8.9,9.4,12.8
21229,2022-01-14,7.6,1020.5,69,4.4,12.1,5.6,3.5,4.9,8.5,9.9,10.7
21229,2022-01-15,5.7,1019.9,59,8.7,12.3,3.6,2.2,2.8,4.6,10.2,12.8
21229,2022-01-16,8.7,1018.2,55,8.7,13.1,3.7,2.3,3.4,5.4,8.9,12.8
21229,2022-01-17,11.1,1020.1,59,4.3,12.5,5,3.1,3.9,6.7,7.7,9.1
21229,2022-01-18,9.2,1023.4,75,2.7,13.1,5.6,3.5,4.4,7.5,8.7,9.1
21229,2022-01-19,5.2,1020.2,69,4,12.6,4.1,2.6,3.2,5.5,8.7,9.1
21229,2022-01-20,11.1,1024.5,69,3.4,10.6,6.5,3.9,5.1,9.5,8.9,10.7
21229,2022-01-21,4.9,1029.8,63,4.4,10.4,4,2.5,3.1,5.2,8.7,9.1
21229,2022-01-22,4.9,1025.8,62,9.1,11.4,2.5,1.6,2.2,3.8,8.2,9.1
21229,2022-01-23,7,1021.1,75,9,12.1,2.1,1.3,2.2,3.3,7.5,9.1
21229,2022-01-24,7.8,1023,63,6.2,11.6,3.5,2.1,2.5,4.2,7.8,9.1
21229,2022-01-25,3,1020.5,61,7.8,12,1.8,1.1,1.7,3.1,7.2,8
21229,2022-01-26,8.5,1020.1,64,9,12,2.7,1.6,2.5,3.8,5.8,7.1
21229,2022-01-27,3.4,1021.1,64,8.5,11.9,2.1,1.3,1.7,3.1,6.7,8
21229,2022-01-28,6.1,1019.2,75,6.5,12,2.9,1.7,2.3,3.6,6.8,8
21229,2022-01-29,8.9,1016.3,57,6.3,12.1,2.9,1.7,2,3.8,6.8,7.1
21229,2022-01-30,5.7,1017.7,64,6.3,12.3,2.7,1.6,1.9,3.8,7.2,8
21229,2022-01-31,5.2,1020.5,52,7.2,10.9,2,1.2,1.6,2.7,6.3,8
21229,2022-02-01,8.6,1019,63,6.5,12,3.4,2.1,3.5,5.5,7,8
21229,2022-02-02,7.2,1022,52,6.7,11.4,3,1.9,2.5,4.7,7.1,8
21229,2022-02-03,9,1021.6,55,5.1,12.5,3.1,1.9,2.9,4.4,7.4,8
21229,2022-02-04,9.6,1018.3,59,4,12.3,3.2,2,2.3,4.2,7.1,8
21229,2022-02-05,11.4,1017.9,78,1.8,12,4.2,2.5,3.1,5.1,7.4,9.1
21229,2022-02-06,10.4,1021.6,80,2.5,12.2,5.4,3.2,4.1,7.1,8.4,9.1
21229,2022-02-07,6,1024.7,59,4.9,11.8,2.8,1.7,2.3,3.8,7.1,8
21229,2022-02-08,3.8,1025,55,6.6,11.6,1.7,1,1.2,2.3,8.1,9.1
21229,2022-02-09,3.7,1024.6,66,8.3,11.2,1.4,.8,1,1.9,6.8,9.1
21229,2022-02-10,2.9,1020.4,77,8.1,10.9,1.5,1,1.1,2,5.3,5.8
21229,2022-02-11,3,1023.9,59,9.2,10.9,1.3,.8,1.1,1.9,5.1,5.3
21229,2022-02-12,6.7,1024.6,61,8.9,10.8,2.1,1.3,2,3.5,5.9,9.1
21229,2022-02-13,7.4,1022.5,67,8.8,10.6,2.5,1.6,2.2,3.3,6.2,8
21229,2022-02-14,9.2,1017.9,72,9.8,10.9,3.2,2,2.5,4.1,6.2,6.4
21229,2022-02-15,9.4,1013.4,60,6,10.6,4.1,2.6,3,5.2,7.5,9.1
21229,2022-02-16,11.2,1014.9,69,1.5,11.2,5.8,3.7,4.6,7.7,9.8,10.7
21229,2022-02-17,12.8,1021.9,80,2,11.4,7.6,4.6,5.3,9.1,11,12.8
21229,2022-02-18,5,1028.8,57,5.4,11.4,4.8,3,4.5,7.2,10.3,12.8
21229,2022-02-19,6,1019,58,8,11.7,1.9,1.2,1.6,2.7,7.8,9.1
21229,2022-02-20,11.8,1017.6,81,2.9,11.6,4.6,2.8,4.6,7,7.8,9.1
21229,2022-02-21,10.1,1023.2,60,4,11.1,4.1,2.5,3,5.4,7.7,9.1
21229,2022-02-22,11.5,1025.7,73,2,10.7,4.6,2.9,3.6,6,7.8,10.7
21229,2022-02-23,8.5,1027.9,67,1.9,9.9,3.9,2.4,3.5,6.3,8.5,10.7
21229,2022-02-24,5.7,1025.5,50,5.1,9.5,2.1,1.3,1.9,3.2,8,9.1
21229,2022-02-25,5.5,1022.8,51,8.7,9.4,2.6,1.6,2.5,3.6,6.6,8
21229,2022-02-26,8.9,1014.8,65,11.5,9.8,2.8,1.7,2.6,4.7,6,7.1
21229,2022-02-27,9.8,1016.6,59,9.1,9.4,4,2.5,3.8,6.1,7.4,8
21229,2022-02-28,5.8,1019.7,58,11,9.3,2.3,1.5,2.1,3.4,5.7,6.4
21229,2022-03-01,4.6,1012.1,71,11.3,9.3,1.5,.9,1.4,2.2,4.9,5.8
21229,2022-03-02,4.2,1013.2,66,9.9,9.3,1.3,.8,1.3,2,5.2,7.1
21229,2022-03-03,6.5,1016.3,58,8.6,9,2.7,1.7,2.3,3.7,7.1,9.1
21229,2022-03-04,7.8,1010.9,71,11.9,9.6,2.6,1.5,4.4,7.3,6.5,8
21229,2022-03-05,10.8,1007.2,48,9.3,9.7,6.5,3.9,4.9,8.2,8.6,10.7
21229,2022-03-06,9.5,1016.9,51,6.4,9.6,5.1,3.2,4.3,6.6,8.9,9.1
21229,2022-03-07,3.7,1019.9,53,7.9,9.7,2.7,1.6,2.5,4.5,9,10.7
21229,2022-03-08,3.7,1017.7,66,10.1,9.8,2.3,1.4,2.4,3.7,9.4,10.7
21229,2022-03-09,2.9,1021.7,73,9.7,10,.9,.6,.9,1.4,7.7,8
21229,2022-03-10,5.3,1019.4,83,12.1,10.1,1.2,.7,1.1,2,5.1,7.1
21229,2022-03-11,2.8,1015.9,85,13.1,10.5,1.5,1,1.2,2,5.6,6.4
21229,2022-03-12,4.9,1016.7,84,12.2,10.4,1.5,.9,1.1,2.1,5,5.3
21229,2022-03-13,4.2,1011.8,95,11.9,9.5,1.9,1.2,1.6,2.4,5.9,7.1
21229,2022-03-14,5.7,1011.3,88,10.6,8.6,2.1,1.3,1.6,2.8,5.8,6.4
21229,2022-03-15,7.1,1012.7,78,9.8,8.2,2.2,1.4,2.8,4.6,6.2,8
21229,2022-03-16,4.4,1015.3,82,11.8,10.6,1.6,1,1.2,2.1,6.2,9.1
21229,2022-03-17,8.4,1022.8,78,8.5,8.5,2.9,1.8,2.4,3.8,6.7,8
21229,2022-03-18,10.1,1013.9,80,6.5,7.5,3.5,2.1,2.5,4.2,6.3,7.1
21229,2022-03-19,7.8,1009.4,70,6.6,8.7,3.7,2.3,2.8,4.5,7.8,8
21229,2022-03-20,3.7,1017.9,75,7.5,8.7,2.8,1.8,2,3.2,8.2,9.1
21229,2022-03-21,4.4,1023.2,66,8.9,8.7,2.2,1.3,1.8,2.9,8.6,9.1
21229,2022-03-22,4.5,1021.6,73,8.9,9.3,1.5,.9,1.2,2.2,6.2,8
21229,2022-03-23,4.5,1016.6,69,10.1,9.2,1.1,.7,.8,1.4,4.9,8
21229,2022-03-24,4.3,1018.3,75,11.6,9,1.8,1.1,2.1,3.5,5.5,7.1
21229,2022-03-25,6.1,1018.5,89,12.5,9.4,1.4,.9,1.2,2.1,4.5,5.3
21229,2022-03-26,10.5,1001.7,89,12.6,9.3,4,2.4,3.8,6.1,7,9.1
21229,2022-03-27,4.8,1012.5,79,11.4,9.3,2.7,1.7,2.9,4.7,6.9,8
21229,2022-03-28,4.8,1025.9,44,10.4,9.3,2.1,1.2,2.2,4.1,6,8
21229,2022-03-29,5,1024.7,73,11.4,9.4,1,.6,.8,1.2,4,5.8
21229,2022-03-30,3.9,1020.6,85,12.7,10.3,1.6,.9,1.3,2.2,5,5.8
21229,2022-03-31,7.2,1024.6,68,10,9.6,2.1,1.3,1.6,2.5,5.5,6.4
21229,2022-04-01,3.9,1029.4,54,9.7,10.6,1.5,.9,1.3,2,5.5,6.4
21229,2022-04-02,5,1027.5,60,10.4,11.2,1,.6,1,1.6,4.8,6.4
21229,2022-04-03,4.4,1028,67,12.1,10.9,1,.6,.8,1.3,4.4,7.1
21229,2022-04-04,5.9,1026.6,72,12.5,10.6,.9,.6,.8,1.4,3.4,4
21229,2022-04-05,5,1018.6,80,14,10.9,1.8,1.1,1.4,2.3,5,6.4
21229,2022-04-06,6.6,1020,66,12.3,10.9,2.3,1.4,1.7,3.1,6.2,7.1
21229,2022-04-07,4.8,1014.8,83,13.4,11.1,1.3,.8,1.1,1.9,4.8,6.4
21229,2022-04-08,7.3,1018.5,72,12.5,11.1,1.7,1.1,1.4,2.4,4.5,5.3
21229,2022-04-09,5.8,1012.5,84,15,11.1,2.3,1.4,1.8,2.9,5.8,7.1
21229,2022-04-10,4.3,1014.5,86,15.1,11.3,2.4,1.4,1.9,3.2,6.3,7.1
21229,2022-04-11,5.3,1012.7,92,15.3,11.7,2,1.2,1.5,3.1,5.8,6.4
21229,2022-04-12,4.5,1010.1,96,14.8,12.2,1.7,1.1,1.6,2.7,5.5,6.4
21229,2022-04-13,9.2,1017.1,84,11.9,11.8,2.9,1.8,2.3,3.8,5.8,7.1
21229,2022-04-14,8.6,1019.9,78,11.9,11.5,3.3,2,2.3,4.4,6.7,8
21229,2022-04-15,8.1,1018,61,11,11.3,3.4,2.1,2.5,4.1,7.7,8
21229,2022-04-16,6,1016.4,65,12.5,11.4,2.3,1.4,1.9,3.2,7.2,8
21229,2022-04-17,4.2,1016,81,14.7,12.6,1.5,.9,1.4,2.5,5,5.8
21229,2022-04-18,3.9,1016,78,15.5,13,.7,.4,.6,1.1,3.9,5.8
21229,2022-04-19,4.7,1016.7,84,15.3,14.1,1,.6,.8,1.4,4.2,4.9
21229,2022-04-20,4.5,1014.2,82,16.4,13.6,1.2,.7,1.2,1.9,4.4,4.9
21229,2022-04-21,6,1011.7,85,16,12.9,1.7,1,1.5,2.6,5.1,5.8
21229,2022-04-22,6.7,1008.2,85,16.7,13.7,2.3,1.4,2.5,3.6,5.7,8
21229,2022-04-23,5.7,1013.1,71,16,14.2,2.1,1.3,2.1,3.2,6.2,8
21229,2022-04-24,4.8,1009.3,93,17,14.8,1,.6,.8,1.3,4.2,5.3
21229,2022-04-25,3,1011,87,18.6,15.8,1.1,.7,1,1.9,5,5.8
21229,2022-04-26,4.7,1001.9,96,17.4,15.4,1.4,.9,1.7,2.7,5.1,7.1
21229,2022-04-27,7.5,1014.7,63,16,15.3,2.4,1.5,2,3.1,6.8,8
21229,2022-04-28,5.7,1019.6,70,15.1,15.1,1.3,.8,1.3,2.1,5.3,7.1
21229,2022-04-29,9.1,1016.9,72,13.1,13.9,3.2,2,2.4,4.5,6.5,8
21229,2022-04-30,4.5,1017.3,68,13.6,13.8,2.6,1.6,2.5,4.1,8.1,9.1
21229,2022-05-01,6.1,1011,55,15.8,14.3,2,1.2,2,3.8,5.9,8
21229,2022-05-02,4.3,1012.9,67,14.3,15.4,1.5,.9,1.5,2.4,5.3,6.4
21229,2022-05-03,7.8,1015.8,71,15.8,14.7,2,1.2,2.6,4.7,4.9,7.1
21229,2022-05-04,7,1015.7,78,17.6,14.8,2.7,1.6,2.3,3.7,6.3,7.1
21229,2022-05-05,5.1,1017.4,88,17.3,14.6,2.3,1.5,2.3,3.7,6.1,8
21229,2022-05-06,4.8,1015.5,89,17.7,15.1,1.6,1,1.5,2.7,5.4,8
21229,2022-05-07,6.4,1016.1,81,16.3,15.5,1.8,1.2,2.1,3,5.4,7.1
21229,2022-05-08,1.3,1020.6,56,16,15.7,1.2,.7,1.3,2.1,5.1,7.1
21229,2022-05-09,1.5,1019.4,60,17.2,16.2,.7,.4,.5,1,4.5,7.1
21229,2022-05-10,3.1,1018.8,74,16.9,15.7,.7,.5,.7,1.2,6.5,9.1
21229,2022-05-11,3.6,1015.1,82,17.9,16.6,1,.6,.8,1.3,4.9,5.8
21229,2022-05-12,3.6,1012.3,94,18.5,16.5,.7,.4,.6,1.1,3.7,4.6
21229,2022-05-13,6.6,1008.1,92,16.3,15.9,1.1,.7,1.2,1.9,4.2,5.3
21229,2022-05-14,4.9,1009.3,72,16.9,16,1.6,1,1.5,2.4,5.1,7.1
21229,2022-05-15,5.1,1012.4,59,17.3,16.4,1.5,1,1.2,2.2,5.6,7.1
21229,2022-05-16,5.7,1010.6,72,18.2,16.3,1.2,.8,1,1.7,4.4,5.3
21229,2022-05-17,,,,,,,,.9,1.6,,6.4
21229,2022-05-18,5.1,1014.9,78,18.5,16.2,1.2,.8,1,1.7,4.8,5.8
21229,2022-05-19,4.3,1014.6,68,19.7,16.8,1.5,.9,1.5,2.2,5.2,6.4
21229,2022-05-20,4,1011.8,77,18.5,17.1,1.1,.7,1,1.5,5,6.4
21229,2022-05-21,4.4,1007.1,89,18.1,17.6,1.1,.7,.9,1.5,4.9,5.8
21229,2022-05-22,4,1005.8,79,18.9,17.7,.9,.5,.7,1.3,4.4,5.8
21229,2022-05-23,3.3,1012.5,86,18.4,18.1,.7,.4,.5,.9,3.9,4.9
21229,2022-05-24,4.8,1012.9,87,19.2,18.1,.8,.5,.6,1,3.6,4
21229,2022-05-25,5,1007.4,86,19.5,18,1,.6,1.2,2.3,3.7,4.6
21229,2022-05-26,5.2,1002.4,77,19,18.4,1.7,1.1,1.7,2.7,5.4,6.4
21229,2022-05-27,6.1,998.8,69,19,17.8,1.8,1.1,1.7,2.8,5,6.4
21229,2022-05-28,5.1,1002.9,74,19.9,18.1,1.5,.9,1.2,2.2,5.7,7.1
21229,2022-05-29,3.6,1004.7,77,20.6,19,1.2,.7,.9,1.8,5.4,6.4
21229,2022-05-30,2.4,1001.6,86,19.6,19.2,1,.6,.9,1.4,5.7,7.1
21229,2022-05-31,6.9,1005.9,79,18.4,18.7,2.2,1.4,1.9,3.1,6.6,8
21229,2022-06-01,3,1005.5,75,20.6,19,1.8,1.1,1.5,2.3,6.9,8
21229,2022-06-02,2.7,1005.6,82,20.1,19.5,1.6,1,1.4,2.5,5.7,7.1
21229,2022-06-03,4.7,1011.8,81,19,19.2,1.5,.9,1.3,2.1,5.1,5.8
21229,2022-06-04,5.2,1014,75,18.8,18.5,1.5,.9,1.3,2.2,6.4,7.1
21229,2022-06-05,7.5,1006.7,83,18.6,18.3,3,1.8,2.3,4.2,6.3,8
21229,2022-06-06,9.9,1000.6,87,17.4,18.2,4.5,2.8,3.5,5.8,7.8,8
21229,2022-06-07,6.7,1008.6,73,16.3,17.9,4.1,2.5,2.9,4.8,8.6,9.1
21229,2022-06-08,4.3,1013.1,79,16.1,18,2.7,1.6,2.4,4.2,8,9.1
21229,2022-06-09,4.6,1014.8,83,18.4,18.5,1.3,.8,1,1.8,6.4,8
21229,2022-06-10,4.3,1015,85,19.1,18.6,.8,.5,.6,1,4.5,5.8
21229,2022-06-11,4.4,1014.4,87,19,18.6,1.1,.7,1.2,1.9,4.5,5.3
21229,2022-06-12,4.1,1014.8,79,18.9,18.9,1.4,.9,1.2,1.9,5.5,5.8
21229,2022-06-13,6.9,1013.4,79,19,19.1,1.9,1.2,1.7,2.9,5.5,6.4
21229,2022-06-14,7.4,1011,82,18.8,18.7,2.5,1.6,1.9,3.2,6.3,7.1
21229,2022-06-15,4.6,1006.2,87,19,18.8,2.2,1.4,1.8,2.7,6.1,7.1
21229,2022-06-16,1.7,1006.7,86,20.1,19.6,1.4,.9,1.2,1.9,5.5,6.4
21229,2022-06-17,3.6,1007,88,20.8,19.5,1,.6,.8,1.7,5.3,6.4
21229,2022-06-18,3.5,1006.1,92,20.7,19.9,1.1,.7,1,1.5,5,5.8
21229,2022-06-19,2.7,1006.4,92,22.1,21.6,.8,.5,.6,1,4.8,5.8
21229,2022-06-20,2.4,1004.6,90,22.4,22.1,.8,.5,.7,1.2,4.7,5.3
21229,2022-06-21,2.8,1005.1,94,21.8,22.2,.4,.2,.3,.5,3.3,7.1
21229,2022-06-22,4,1006.9,95,22.3,22.5,.6,.3,.5,.9,3.6,8
21229,2022-06-23,10.2,1001.3,91,22.9,20.8,3.1,1.9,4,6.7,6.2,8
21229,2022-06-24,9.4,994.9,89,22.3,20.4,5,3.1,3.8,7.3,8.3,9.1
21229,2022-06-25,8.7,1003.2,87,22.7,21.1,3.1,1.9,2.8,4.8,6.7,8
21229,2022-06-26,8.6,1008.1,89,22.6,20.9,3,1.9,2.8,4,6.6,8
21229,2022-06-27,8.1,1009.9,89,23,20.8,2.6,1.6,2.1,3.7,6.1,7.1
21229,2022-06-28,13.3,1004.6,88,23.4,20.7,4.1,2.5,3,5.3,6.6,8
21229,2022-06-29,11.2,1005.4,89,23.1,20.3,4.1,2.5,3.2,5,7.1,8
21229,2022-06-30,6.1,1010.6,90,22.4,20.6,2.4,1.4,2.5,3.8,6,7.1
21229,2022-07-01,2.9,1014.5,91,22.8,21.6,1,.6,.9,1.6,5.7,7.1
21229,2022-07-02,2.7,1013.6,90,24,22.7,.5,.3,.4,.7,5.7,6.4
21229,2022-07-03,3.7,1009.1,91,24.5,23.2,.5,.3,.4,.7,3.9,5.8
21229,2022-07-04,4.3,1006.4,91,24.6,23.3,.8,.5,.7,1.1,3.6,4.6
21229,2022-07-05,2.4,1006.2,92,24.8,24.3,.5,.3,.4,.7,4.9,9.1
21229,2022-07-06,2.1,1009.7,91,25.4,25,.4,.2,.3,.5,4.4,7.1
21229,2022-07-07,5.6,1008.7,93,25.4,24.4,.9,.6,1,1.6,4.4,6.4
21229,2022-07-08,5.2,1002,93,24.9,23.9,1.7,1,1.2,2.1,4.8,5.8
21229,2022-07-09,3.9,1000.9,95,24.7,24.7,1.1,.7,.9,1.5,5.4,6.4
21229,2022-07-10,3.5,1006.1,91,25,24.6,1.1,.7,.9,1.4,6.5,8
21229,2022-07-11,4.9,1006,92,25.4,24.9,1.3,.8,.9,1.8,6,7.1
21229,2022-07-12,7,1008.7,85,23.6,23.1,2.3,1.4,1.7,2.7,5.8,6.4
21229,2022-07-13,4.4,1006.5,85,23.5,24.1,1.6,1,1.7,3.2,6,7.1
21229,2022-07-14,8.2,998.4,88,23.5,23.1,2,1.2,1.5,2.8,5,6.4
21229,2022-07-15,3.3,999.4,85,23.4,24.2,1.2,.8,1.2,1.9,5.4,6.4
21229,2022-07-16,4,999.1,89,24.7,24.6,1.7,1,1.3,2.4,7.9,9.1
21229,2022-07-17,2.9,1000.1,89,25.1,25,1.6,1,1.2,2.2,7.6,9.1
21229,2022-07-18,4.9,1000.4,88,24.8,24.4,2.2,1.4,1.8,2.9,6.9,8
21229,2022-07-19,3.9,1001.2,87,24.7,24.3,1.8,1.2,1.5,2.3,7,8
21229,2022-07-20,2.3,1005.5,89,26.1,25.5,1.1,.7,.9,1.8,6.7,8
21229,2022-07-21,5.9,1001.7,92,24.1,25.1,1.4,.9,1.5,2.5,5.2,7.1
21229,2022-07-22,7.7,1003.5,86,23.9,24.1,3.1,1.9,2.4,4,6.4,7.1
21229,2022-07-23,3.8,1007,77,24.2,24.3,2.2,1.4,1.6,3,6.9,7.1
21229,2022-07-24,6.7,1004.6,87,24.3,24.3,2.4,1.5,1.6,3.1,7.1,8
21229,2022-07-25,2.9,1008.2,89,25.1,24.5,1.9,1.1,1.4,2.4,6.5,7.1
21229,2022-07-26,2.8,1011,85,25.5,24.8,1,.6,.9,1.5,6.2,7.1
21229,2022-07-27,3.3,1012.1,85,25.4,24.8,.6,.4,.4,.9,4.8,5.8
21229,2022-07-28,4.3,1013.4,86,25.8,25.2,1,.6,.7,1.2,4.1,4.6
21229,2022-07-29,2.9,1014.2,90,26.7,26,.7,.5,.6,1.4,4.4,4.6
21229,2022-07-30,2.9,1011.9,90,27.1,26.4,.6,.4,.5,.9,3.8,4.3
21229,2022-07-31,4.5,1009.9,86,27.6,26.4,1,.6,.9,1.5,4.4,6.4
21229,2022-08-01,6.9,1009.1,84,28,26.4,1.4,.9,1.4,2.4,5.1,5.8
21229,2022-08-02,9.1,1009.3,88,27.5,25.6,2.3,1.5,1.9,3.1,6.1,10.7
21229,2022-08-03,6.2,1008.4,88,26.9,25.7,1.9,1.2,2,3.4,5.6,6.4
21229,2022-08-04,3.5,1007.6,86,27,26.2,1.1,.7,1,1.6,4.8,5.8
21229,2022-08-05,2.9,1005.4,91,27.6,26.9,.7,.4,.5,.8,5.3,6.4
21229,2022-08-06,3,1004.9,84,29.1,27.6,.8,.5,.6,1,4.9,7.1
21229,2022-08-07,4.8,1006,91,28.5,27.4,1.1,.7,1.2,2.1,4.8,6.4
21229,2022-08-08,8.7,1005,85,28.3,26.3,2.8,1.7,1.9,3.5,6.1,7.1
21229,2022-08-09,8.3,1005.7,84,27.4,25.4,2.5,1.5,1.8,3.4,5.9,7.1
21229,2022-08-10,4.6,1005.9,87,25.6,25.5,2,1.2,1.7,2.9,5.8,6.4
21229,2022-08-11,7.8,1003.8,88,25.6,25.8,2,1.2,1.8,3.2,5.2,6.4
21229,2022-08-12,3.3,1005.2,88,26.8,26.2,1.2,.7,1.2,2.1,5,6.4
21229,2022-08-13,4.2,1005.8,90,26.3,26.3,.9,.5,.6,1.2,4.6,6.4
21229,2022-08-14,2.7,1006,86,27.2,26.8,.6,.4,.5,.8,4.3,5.8
21229,2022-08-15,9.5,1001.2,86,26.9,26.4,2.4,1.5,2.8,5.2,6,8
21229,2022-08-16,7.9,1003,85,25.8,26,3,1.8,2.7,4.6,7,8
21229,2022-08-17,4.4,,85,25.3,25.4,1.6,.9,1.2,2.2,7.1,8
21229,2022-08-18,3.1,1007,80,25.6,25.9,1.3,.8,.9,1.8,7,8
21229,2022-08-19,7.1,1002.5,84,26.2,25.7,1.2,.8,1,1.8,4.8,7.1
21229,2022-08-20,6.1,1001.8,84,26.1,25.6,1.6,1,1.3,2.3,5.2,6.4
21229,2022-08-21,4.5,1006.5,67,26.2,25.9,1.3,.8,1.2,2.1,5.3,7.1
21229,2022-08-22,3.6,1004.4,76,25.8,25.9,1,.6,.7,1.3,4.7,5.3
21229,2022-08-23,5.4,1005.4,79,26.3,25.3,1.1,.7,1.2,2,4.4,7.1
21229,2022-08-24,5.7,1009.4,62,25.3,24.6,1.5,.9,1.3,2.4,5.4,7.1
21229,2022-08-25,2.6,1006.6,73,25,24.4,.9,.5,.7,1.1,4.9,6.4
21229,2022-08-26,3.9,1005.4,76,25.2,24.4,.8,.5,.8,1.2,4.1,5.8
21229,2022-08-27,6.3,1007.8,64,23.9,23.9,1.5,.9,1.7,2.7,5,7.1
21229,2022-08-28,4.1,1015.5,51,23.4,23.8,1.2,.7,1,1.8,5.4,6.4
21229,2022-08-29,3.4,1016.3,67,24.6,23.4,1.1,.7,.8,1.4,4.9,5.8
21229,2022-08-30,5.8,1012.5,85,22.1,23.4,1,.6,1,1.5,3.6,4.6
21229,2022-08-31,7.5,1007.1,89,22,23.3,2,1.2,2,3.2,5.4,8
21229,2022-09-01,5.6,1013.4,82,23.5,24.4,2,1.2,1.5,2.8,7.1,8
21229,2022-09-02,7.7,1017.6,72,24.4,24.7,1.8,1.1,1.5,2.7,5,6.4
21229,2022-09-03,6.8,1016.7,70,24.4,24.6,1.8,1.1,1.5,2.5,5.8,6.4
21229,2022-09-04,6.6,1012,86,24.6,24.1,1.6,1,1.3,2.1,5.1,5.8
21229,2022-09-05,3.6,1007.4,89,25.8,24.7,1.3,.8,1,1.6,5.6,10.7
21229,2022-09-06,9.2,997.7,79,24.9,,4.5,2.9,5.6,9.4,7.6,10.7
21229,2022-09-07,4,1015.8,64,23.6,,2.1,1.3,2.4,3.7,6.8,9.1
21229,2022-09-08,3.7,1018.3,76,23.2,25,.8,.5,.7,1.2,5.6,8
21229,2022-09-09,4.8,1018.5,72,23.3,24.7,1,.6,.8,1.4,5.5,7.1
21229,2022-09-10,4.9,1018.6,81,23.2,24.3,1.4,.8,1.1,2,6.2,8
21229,2022-09-11,4.9,1015.7,81,23.7,24.3,1.4,.9,1,1.9,5.5,6.4
21229,2022-09-12,2.5,1014.8,80,23.3,24.2,.7,.5,.6,.9,6,7.1
21229,2022-09-13,5.5,1017.1,82,23.6,24.1,.8,.5,.8,1.1,4.3,6.4
21229,2022-09-14,7.2,1018.5,82,23.5,24.1,1.6,1,1.6,3.2,4.5,5.8
21229,2022-09-15,5.9,1015.3,75,23,24.1,2.7,1.6,1.9,3.6,7.4,10.7
21229,2022-09-16,4.3,1011.1,84,23.9,24.5,1.6,1,1.2,2.1,7.7,10.7
21229,2022-09-17,1.9,1008.7,91,24.3,25,.9,.6,.7,1.2,5.2,6.4
21229,2022-09-18,6.2,1004.4,91,24.9,24.7,1.4,.8,2.1,3.4,5,6.4
21229,2022-09-19,14.9,997,81,21.6,26.1,7,4.1,6.2,11.2,8.4,10.7
21229,2022-09-20,10,1013.3,56,17.8,25,6.9,4.4,7.5,10.9,9.9,10.7
21229,2022-09-21,4.7,1018.8,54,19,23.7,2.2,1.3,2.3,4.1,7.4,10.7
21229,2022-09-22,5.2,1016.3,66,21.1,22.7,1.5,.9,1,1.8,5.3,6.4
21229,2022-09-23,4.4,1010.1,74,22.1,24.1,1.3,.8,1.4,2,5.6,6.4
21229,2022-09-24,6.2,1014.1,54,20.4,23,3,1.8,2.5,4.8,7.4,9.1
21229,2022-09-25,2.2,1016.7,65,20.7,22.4,.9,.6,1.2,1.8,5.8,6.4
21229,2022-09-26,1.7,1016.6,76,21.5,22.3,.5,,.4,.6,4.5,8
21229,2022-09-27,4.6,1016.3,80,21.4,22,.7,.4,.6,1.1,3.9,8
21229,2022-09-28,3,1013.6,80,21.9,22.4,.9,.5,.7,1.3,4.9,5.3
21229,2022-09-29,3.5,1013.9,83,22.2,22.7,.6,.4,.5,.8,4.4,5.3
21229,2022-09-30,4.1,1015.3,82,22.4,22.9,.5,.3,.4,.7,3.2,4.3
21229,2022-10-01,4.4,1016.3,86,23.3,23,.7,.5,.6,1,3.8,4.3
21229,2022-10-02,5,1018.9,84,22.6,23.2,.7,.5,.8,1.2,3.4,3.8
21229,2022-10-03,9.3,1012.9,86,24.2,23.3,2.5,1.5,2.2,3.9,5.5,7.1
21229,2022-10-04,12.1,1010.8,79,20.8,22.4,5.4,3.4,5.2,8.6,8.4,10.7
21229,2022-10-05,9.3,1021,65,16.1,22.6,4.6,2.8,3.8,5.9,8.6,10.7
21229,2022-10-06,9.6,1019.6,74,17,22,3.3,2,2.8,4.5,5.9,8
21229,2022-10-07,11,1017.2,68,17.2,22.1,5.9,3.6,5.6,9,8.4,9.1
21229,2022-10-08,6.7,1025.5,53,16.8,23.1,3,1.9,2.8,4.7,8.3,9.1
21229,2022-10-09,6.4,1017.2,66,18.9,23.3,1.8,1.1,1.5,2.6,6.1,8
21229,2022-10-10,10.5,1007.2,56,17.4,23.9,3.8,2.4,3.9,7,6.5,8
21229,2022-10-11,6.9,1016.7,59,16.8,22.3,4.2,2.6,3.9,6.2,8.2,9.1
21229,2022-10-12,3.5,1027,51,18.7,22,1.8,1.1,1.6,2.9,6.6,8
21229,2022-10-13,4.2,1025.6,59,18.9,23.8,1.1,.7,.8,1.3,5.3,5.8
21229,2022-10-14,3.3,1020.8,62,18.9,23.2,1,.6,.7,1.3,4.9,5.3
21229,2022-10-15,2.7,1019.8,66,19.3,22.7,.7,.4,.5,.9,4.8,5.8
21229,2022-10-16,3,1017.5,73,20,22.6,.6,.4,.5,.9,4.3,5.8
21229,2022-10-17,8.6,1013.9,68,18.1,22.1,2.7,1.6,3.1,5.4,6,9.1
21229,2022-10-18,5.8,1019.4,60,15.1,22.1,2.7,1.6,2.5,4,6.8,8
21229,2022-10-19,4.1,1022.9,58,15.9,21.1,1.4,.9,1.2,2.3,6,7.1
21229,2022-10-20,5,1025.6,54,18.3,21.3,1,.7,1,1.6,5.1,6.4
21229,2022-10-21,8.8,1020.8,57,20.2,21.3,2.1,1.3,1.6,2.6,5.4,6.4
21229,2022-10-22,5.6,1017.2,61,20.4,22.3,2.6,1.5,2,3.5,6.5,8
21229,2022-10-23,7.7,1016.6,65,16.9,22.1,2.6,1.6,2.6,4.1,6.3,7.1
21229,2022-10-24,6.4,1018.1,58,13.5,22.1,2.6,1.6,3,4.7,6.3,7.1
21229,2022-10-25,8.8,1026.9,57,14.9,21.5,3.2,2,2.6,4.3,7,7.1
21229,2022-10-26,3.3,1027.5,60,16.3,21.7,1.7,1.1,1.4,2.2,7.2,8
21229,2022-10-27,5.1,1023.7,62,18.5,21.6,1.2,.7,.9,1.5,5,7.1
21229,2022-10-28,8.4,1027,67,15,21.2,3.2,1.9,2.4,4.1,7.2,8
21229,2022-10-29,6.6,1027.8,64,14.7,20.4,2.7,1.6,2.2,3.4,8.3,10.7
21229,2022-10-30,5.9,1026.8,58,14.8,20.5,2.5,1.5,1.9,3.5,8.9,10.7
21229,2022-10-31,3.5,1025.2,56,15.9,20,1.5,.9,1.2,2,7.4,9.1
21229,2022-11-01,2.1,1020.3,62,18.1,19.9,1.1,.7,.8,1.5,7.6,8
21229,2022-11-02,3.5,,,,,1.2,.7,.9,1.5,6.2,7.1
21229,2022-11-03,6.9,1015.1,61,17.8,19.9,1.8,1.1,1.6,3,5.3,7.1
21229,2022-11-04,6.9,1017.2,72,13.1,20,2.8,1.7,1.9,3.5,6.8,8
21229,2022-11-05,5,1021.5,58,13.2,19.8,1.9,1.2,1.8,2.9,6.1,7.1
21229,2022-11-06,2.7,1022.9,42,14.9,,1.7,1.1,1.4,2.7,6.5,8
21229,2022-11-07,2.6,1021.5,47,15.9,20.3,.8,.5,.7,1.3,5.2,6.4
21229,2022-11-08,5.9,1022.6,54,16.9,19.8,1.7,1,2.2,3.6,5.4,7.1
21229,2022-11-09,6.5,1022.7,57,18.6,,1.5,.9,1.2,2,5.5,7.1
21229,2022-11-10,4.7,1022.9,60,18.2,23.9,1.5,.9,1.1,1.8,5.4,6.4
21229,2022-11-11,5.2,1026.9,66,17.4,20,1.5,.9,1.1,1.9,4.9,5.3
21229,2022-11-12,6.8,1019.2,78,19,19.5,1.5,.9,1.7,2.9,4.7,6.4
21229,2022-11-13,11.5,1012.3,79,15,20.6,5.2,3.2,4.8,8,8.5,10.7
21229,2022-11-14,5.3,1017.5,59,11.6,20.1,4.5,2.8,3.6,7,10.2,10.7
21229,2022-11-15,8.1,1012.8,51,15,,3.1,1.9,2.3,3.9,8.7,10.7
21229,2022-11-16,7.1,1017,49,14.6,20.3,2.3,1.4,2,3.6,6,7.1
21229,2022-11-17,1.9,1022.9,47,15.9,19.7,1.2,.7,.9,1.5,5.4,6.4
21229,2022-11-18,4,1025.3,49,16.6,19.9,1,.6,1,1.8,5.1,7.1
21229,2022-11-19,5.8,1024.7,55,15.6,19.4,1.5,.9,1.2,1.9,5,6.4
21229,2022-11-20,3.2,1020.1,58,16.1,19.4,1.2,.8,1,1.4,5.1,5.8
21229,2022-11-21,3.4,1019.5,63,17.4,19.4,1,.6,.7,1.3,5.8,7.1
21229,2022-11-22,9.5,1021.6,70,14.5,19.4,2.9,1.8,2.3,4.2,6.1,8
21229,2022-11-23,8.5,1014.9,74,15,19.5,2.8,1.7,2.2,3.8,5.9,6.4
21229,2022-11-24,4.8,1019.2,67,13.7,19.2,2.4,1.4,1.9,3.3,6.4,8
21229,2022-11-25,9.9,1016.1,63,17.4,19.3,2.7,1.7,3.2,5,6.1,7.1
21229,2022-11-26,8.9,1013.3,54,15.7,20.5,3.7,2.2,2.8,4.8,7.3,9.1
21229,2022-11-27,4.4,1020.7,56,13,18.7,2,1.2,2,3.6,7.4,8
21229,2022-11-28,7.9,1017,76,18.1,19,1.9,1.1,2,3.5,4.9,8
21229,2022-11-29,10,1009.7,69,16.7,18.9,3.7,2.3,3.3,6.5,7.3,8
21229,2022-11-30,12.3,1021.6,63,6.9,18.5,5.3,3.3,4.7,7.1,8.5,10.7
21229,2022-12-01,10.3,1025.3,58,5,18.1,3.8,2.3,2.9,4.9,7.3,9.1
21229,2022-12-02,7.2,1026.8,61,4.9,17.9,3,1.8,2.7,4.6,6.9,8
21229,2022-12-03,8.1,1022.3,54,10.4,18.4,2.1,1.3,1.6,2.7,5.5,8
21229,2022-12-04,9.1,1004,61,8.2,18.3,3.7,2.3,3.4,5.4,7.5,9.1
21229,2022-12-05,7.2,1023.5,54,7.8,18,2.5,1.5,1.7,2.9,6.5,8
21229,2022-12-06,9.4,1019.2,53,7.6,17.9,3,1.8,2.4,4.2,6.4,8
21229,2022-12-07,9.4,1018.7,48,9.8,17.6,3.7,2.2,2.6,4.8,7.4,9.1
21229,2022-12-08,7.3,1022.7,49,10.4,17.5,2.9,1.8,2.9,5.9,6.9,8
21229,2022-12-09,4.3,1020.6,46,11.8,17.2,1.5,1,1.3,2,5.8,7.1
21229,2022-12-10,3.5,1017.6,51,11.4,17.2,1.3,.8,1.1,1.9,5.3,6.4
21229,2022-12-11,9.6,1020.1,66,8.1,17.3,3.4,2.1,3,5.5,6.8,7.1
21229,2022-12-12,7.7,1018.5,61,9.8,17.1,2.1,1.3,1.6,2.8,5.9,7.1
21229,2022-12-13,10.3,1012,54,8.7,16.8,3.7,2.4,4,6.2,6.8,9.1
21229,2022-12-14,11.7,1018.7,71,1.8,16.9,6.1,3.6,5.2,9.8,8.5,9.1
21229,2022-12-15,10.4,1020.6,61,5.3,16.6,4,2.5,3.5,6.3,7.8,9.1
21229,2022-12-16,8.7,1024.3,60,4.8,16.2,3.7,2.3,3.4,5.7,7.7,9.1
21229,2022-12-17,9.1,1019.2,56,3.9,16.1,3.4,2.1,3.8,6.1,7.2,9.1
21229,2022-12-18,11.4,1015.2,70,-.1,15.9,5.4,3.2,3.9,7.2,8.1,9.1
21229,2022-12-19,9.4,1020.1,58,2.3,15.9,4.1,2.5,3,5,7.4,8
21229,2022-12-20,4.6,1023.9,51,4.9,16.5,2.5,1.6,2.7,4.2,6.6,8
21229,2022-12-21,6.9,1011,61,9.5,15.5,1.8,1.2,2,3.1,6,8
21229,2022-12-22,12.1,1000,58,3.7,15.6,4,2.4,3.7,6.8,6.8,8
21229,2022-12-23,12,999.5,85,.7,15.8,6.8,4.2,5.5,8.7,10.3,12.8
21229,2022-12-24,12.6,1011.3,70,6,15.7,8.5,5.4,6.6,10.7,12.3,12.8
21229,2022-12-25,8.5,1016.6,72,5.5,15.7,5.8,3.6,4.5,7,10.2,10.7
21229,2022-12-26,6,1022.2,71,4.1,15.4,4.2,2.7,3.4,4.9,9.4,10.7
21229,2022-12-27,4.4,1024.9,66,6.8,15.4,2.9,1.7,2.3,3.7,9.7,10.7
21229,2022-12-28,7.5,1024.1,49,6.9,15.1,3,1.8,2.1,3.4,8.1,10.7
21229,2022-12-29,9.4,1026.8,53,4.6,16,3.6,2.2,2.9,5.9,7.7,8
21229,2022-12-30,5.6,1027.6,49,6,15.4,2,1.3,1.9,3.5,6.7,8
21229,2022-12-31,5.5,1025.2,50,6.5,14.9,1.8,1.1,1.5,2.3,7.2,9.1
21229,2023-01-01,7.6,1024.1,50,7.9,14.9,3.2,2,2.8,4.8,6.9,8
21229,2023-01-02,8.1,1025.4,52,5.5,14.9,2.6,1.6,2.3,3.8,6.8,8
21229,2023-01-03,7.5,1023.4,51,6.5,14.7,1.9,1.2,1.6,3,6.7,8
21229,2023-01-04,8.3,1025,56,5.2,14.7,2.7,1.7,2.3,4.1,6.8,8
21229,2023-01-05,6,1026.9,50,6.9,14.6,2.1,1.3,1.7,2.6,6.2,8
21229,2023-01-06,3.7,1021.3,45,7.6,14.6,1.5,.9,1.2,2,5.9,6.4
21229,2023-01-07,6,1013.6,67,8.1,14.4,1.6,.9,1.6,2.5,4.9,7.1
21229,2023-01-08,6.2,1021.4,53,8.8,14.7,1.7,1.1,1.6,2.6,5.5,6.4
21229,2023-01-09,7.8,1020.8,60,9.1,14.1,2.1,1.3,1.6,3.1,5.6,7.1
21229,2023-01-10,6.1,1027.2,61,6.7,14,2.2,1.3,1.8,3,7,9.1
21229,2023-01-11,6.5,1022.4,51,11.6,13.8,2.1,1.3,1.9,3,5.7,6.4
21229,2023-01-12,4.6,1021.7,62,12.9,13.8,1.6,1,1.3,2.1,5.3,6.4
21229,2023-01-13,9.1,1012.4,89,13.8,14.1,2.6,1.6,3,4.7,6,8
21229,2023-01-14,11.2,1014,80,7.5,13.7,4.5,2.7,4.3,6.8,8.6,10.7
21229,2023-01-15,9.9,1015.8,84,3.7,13.4,4.2,2.6,3.4,5.6,9,10.7
21229,2023-01-16,8.7,1019.4,74,3.4,13.7,3.4,2.1,2.4,4.7,7.3,8
21229,2023-01-17,4.8,1021.9,61,5.7,,2.1,1.3,1.9,2.8,6.8,8
21229,2023-01-18,8.4,1022.2,60,5.2,14.7,2.8,1.7,2.3,3.5,6.9,8
21229,2023-01-19,4.8,1021.6,48,5.1,13.5,1.8,1.1,1.5,2.4,6.5,8
21229,2023-01-20,11.1,1019.5,54,5.1,13,3.8,2.3,4,6.5,6.9,9.1
21229,2023-01-21,5.6,1027.2,56,2.8,14.1,3.1,1.9,3,5.5,8.6,10.7
21229,2023-01-22,2.3,1026.1,53,5.3,13.6,2.3,1.4,2,3.8,9.1,10.7
21229,2023-01-23,6.6,1019,55,7,13.3,1.8,1.1,1.5,2.4,6.3,8
21229,2023-01-24,11,1015.7,87,-2.8,13.3,4.9,3.1,3.7,6.3,8.1,10.7
21229,2023-01-25,9.5,1023.1,68,-1.8,10.3,4,2.5,3.4,5.7,8.2,9.1
21229,2023-01-26,7.2,1021.6,58,1.6,18.2,2.9,1.8,2.4,4.1,7.6,10.7
21229,2023-01-27,9.8,1014.3,79,1,12,3.1,1.9,3.4,5.3,7.5,10.7
21229,2023-01-28,10.3,1015.7,68,0,10.7,4.1,2.5,3.3,5.6,7.7,9.1
21229,2023-01-29,7.2,1016,55,2.8,10.3,2.4,1.5,1.9,3.5,7,8
21229,2023-01-30,9.3,1018.2,59,3.4,9.2,3.7,2.3,3,4.9,7,8
21229,2023-01-31,6.5,1017.3,46,6.7,11.2,2.2,1.3,1.8,2.8,6,7.1
21229,2023-02-01,11.2,,58,7.6,11.4,3.9,2.4,3.8,5.4,7.1,8
21229,2023-02-02,4.6,1023.7,65,3.5,12,3.1,1.9,2.5,4,7.6,8
21229,2023-02-03,4.5,1021,54,5.2,11.8,2.1,1.3,1.6,2.8,7.1,8
21229,2023-02-04,8.2,1020.4,54,5,,2.8,1.7,2.5,4.1,6.2,7.1
21229,2023-02-05,3.8,1022.6,48,6.9,,1.5,.9,1.5,2.8,5.8,7.1
21229,2023-02-06,2.6,1021.2,46,9,,1.3,.8,1.1,1.7,5.7,6.4
21229,2023-02-07,2.7,1020,57,9.8,,1,.6,1.9,3,5.1,7.1
21229,2023-02-08,4.5,1023.4,72,6.3,,1.9,1.1,1.8,2.9,5.8,7.1
21229,2023-02-09,4.2,1029.3,52,6.4,,1.4,.9,1.8,3.9,5.7,8
21229,2023-02-10,9,1018.9,72,7.6,,3.2,2,2.8,4.7,6.4,8
21229,2023-02-11,4,1021.8,59,8.8,,1.3,.8,1.4,2.3,6,7.1
21229,2023-02-12,6.9,1021,67,9.5,,1.4,.9,2.1,3.2,4.5,6.4
21229,2023-02-13,10.5,1018.1,63,5.4,,3.9,2.4,2.9,5,6.8,8
21229,2023-02-14,9.1,1021.6,69,2.6,,4,2.5,4.2,6.8,7.3,9.1
21229,2023-02-15,8.8,1029.7,59,.9,,5,3.2,4.2,7,8.4,9.1
21229,2023-02-16,6,1029.6,60,5.1,,3.2,1.9,2.6,4.3,8.1,9.1
21229,2023-02-17,5.2,1025.6,51,8.3,,2.1,1.3,1.7,3.2,5.9,8
21229,2023-02-18,3.9,1019.8,71,9.9,,1,.6,.9,1.5,5.5,6.4
21229,2023-02-19,9,1011.8,60,9.9,,2.1,1.3,2.8,4.8,5.7,8
21229,2023-02-20,11.6,1020.1,61,3.9,,4.2,2.4,3.1,5.8,7.4,8
21229,2023-02-21,7.3,1031.9,62,1.7,,3.9,2.5,3.3,4.9,7.6,9.1
21229,2023-02-22,5.5,1028.5,57,5.9,,2.5,1.5,2.4,4.3,7.3,9.1
21229,2023-02-23,5.5,1020.4,54,9.2,,2,1.2,1.8,3,5.6,6.4
21229,2023-02-24,7.2,1020.7,60,6.6,,2.1,1.3,2.6,4.5,5.6,8
21229,2023-02-25,5.8,1029.2,62,2.9,,3.1,1.9,2.6,4.5,8,9.1
21229,2023-02-26,4,1034.1,50,6.4,,1.8,1.1,1.5,2.3,6.9,8
21229,2023-02-27,8.1,1031.8,65,9.7,,2,1.2,2,3.7,5.4,7.1
21229,2023-02-28,10.2,1023.1,63,11.6,,3.4,2.1,2.5,4.7,6.5,8
21229,2023-03-01,4.5,1018.7,65,9.1,,2.2,1.4,2.2,3.4,5.9,7.1
21229,2023-03-02,8.9,1022.9,59,4.2,,3.7,2.3,3.7,5.9,7.3,8
21229,2023-03-03,5.2,1024,48,8.5,,1.7,1,1.5,2.4,6.9,8
21229,2023-03-04,3.4,1028.3,57,10.1,,1,.6,.8,1.4,4.9,6.4
21229,2023-03-05,5.4,1027.6,61,9.5,,1.1,.7,1,1.5,4.6,5.3
21229,2023-03-06,6.6,1021,73,10.5,,1.3,.8,1,1.7,4.5,4.9
21229,2023-03-07,3.9,1018.7,79,11.7,11,1.4,.9,1.4,2.4,5.1,6.4
21229,2023-03-08,5.4,1017.3,74,12.1,11.1,2.1,1.3,1.5,2.8,6.1,7.1
21229,2023-03-09,3.8,1014.4,87,11.5,11.3,2.1,1.3,1.7,2.8,6.3,7.1
21229,2023-03-10,5.5,1020.7,81,9.7,11.9,1.6,1,1.3,2.2,7,9.1
21229,2023-03-11,5.1,1021.8,90,11.7,11.5,1.7,1,1.2,2.1,6.7,8
21229,2023-03-12,6.3,1015.8,79,10.4,11.5,2,1.2,2.1,3,6.3,7.1
21229,2023-03-13,9,1019,51,4.3,11.6,4.8,2.9,3.9,6.7,8.5,10.7
21229,2023-03-14,9.5,1018.3,56,11,11.6,2.9,1.7,2.4,4.4,6,9.1
21229,2023-03-15,11.1,1018.1,73,12.8,12.3,3.4,2,3.2,4.9,6.2,7.1
21229,2023-03-16,6.4,1025.1,55,8.1,12.9,3.1,1.9,3.3,5.6,7.1,8
21229,2023-03-17,1.9,1024.4,49,8.1,13.8,1.3,.8,1,1.6,5.6,5.8
21229,2023-03-18,2.6,1018,54,9.3,13.8,.8,.5,.7,1.2,4.9,5.8
21229,2023-03-19,5,1018.2,63,11.7,13.7,.8,.5,.6,1.1,4.3,5.3
21229,2023-03-20,7.2,1015,73,12.5,13.3,1.3,.8,.9,1.6,3.7,4.3
21229,2023-03-21,3,1013,74,12.8,13.4,1,.6,.9,1.5,4.7,5.8
21229,2023-03-22,5,1012,87,13.5,14.6,.7,.5,.6,1,4,4.6
21229,2023-03-23,3.9,1006.5,92,12.1,12,1,.6,1.4,2.4,4.1,5.3
21229,2023-03-24,8.6,1017.2,63,8.5,11,3.4,2.2,2.9,4.7,7.3,9.1
21229,2023-03-25,5.3,1020.5,61,7.5,10.5,2,1.3,1.8,2.9,6.8,8
21229,2023-03-26,3,1016.2,65,9.1,10.7,1.4,.9,1.1,1.7,8.1,9.1
21229,2023-03-27,4.8,1020.3,70,9.4,10.6,1.2,.7,.9,1.6,4.5,5.8
21229,2023-03-28,2.7,1023.8,67,10.4,12.1,.7,.4,.5,.9,4.4,5.8
21229,2023-03-29,5.2,1021.9,70,12.2,12.8,1.1,.7,.8,1.5,4.3,4.9
21229,2023-03-30,4.9,1017.1,78,13.4,13.1,1,.6,.7,1.2,4.3,4.6
21229,2023-03-31,4.6,1017.5,75,13.7,13.9,1,.6,.9,1.4,4.5,5.3
21229,2023-04-01,4.9,1018.9,71,12.7,14.1,.8,.5,.9,1.4,3.9,4.9
21229,2023-04-02,5.9,1021.9,73,12.4,14.2,1.9,1.1,1.4,2.5,5.7,6.4
21229,2023-04-03,4.4,1025.5,69,11.7,14.2,1.8,1.1,1.3,2.3,6.5,7.1
21229,2023-04-04,5.8,1022.3,79,13.3,14.6,1.3,.8,.9,1.6,5.4,6.4
21229,2023-04-05,10.9,1012.8,85,13.8,14.4,3.2,2,3.5,6.2,5.6,8
21229,2023-04-06,7.9,1006.9,79,14.2,13.9,3.6,2.3,3.5,5.8,7.6,9.1
21229,2023-04-07,7.6,1009,62,12.5,14.7,1.9,1.2,1.6,2.7,5.7,7.1
21229,2023-04-08,9.9,1013.6,47,10.6,14.4,3.4,2.1,3,4.8,7,9.1
21229,2023-04-09,4.9,1016.7,57,12.5,14.2,1.7,1,1.4,2.4,5.8,7.1
21229,2023-04-10,8.6,1013,66,14.3,13.8,3,1.8,3,4.9,6.3,8
21229,2023-04-11,13.2,1006.7,76,15.2,13.8,5.1,3.1,4.2,6.5,7.6,9.1
21229,2023-04-12,9.2,1012.8,40,12.5,13.9,3.4,2.1,3.2,5.1,7,8
21229,2023-04-13,5.7,1015.2,63,14,13.8,1.9,1.2,1.6,2.8,5.3,6.4
21229,2023-04-14,3.2,1013.5,83,14.1,14.4,1.4,.8,1.1,2,5.5,6.4
21229,2023-04-15,5.7,1003.7,86,13.2,14.2,1.2,.7,1.3,2.4,4.6,5.3
21229,2023-04-16,6.9,1004.6,70,9.9,13.3,2.5,1.5,1.9,3.2,6.6,8
21229,2023-04-17,,,,,,,,2,3.1,,9.1
21229,2023-04-18,,,,,,,,1.6,2.7,,6.4
21229,2023-04-19,,,,,,,,.8,1.3,,9.1
21229,2023-04-20,5.3,1007,87,15,13.4,1.3,.8,1,1.7,4.4,4.9
21229,2023-04-21,7.4,1014.2,50,12.7,13.3,2.5,1.6,3,4.3,6,8
21229,2023-04-22,4.7,1022,44,11.2,14,1.7,1.1,1.8,2.6,5.5,6.4
21229,2023-04-23,3.3,1025.2,43,12.2,14.1,1.1,.7,1,1.7,5.1,6.4
21229,2023-04-24,5.2,1026,47,12,13.6,1.4,.8,1,1.6,4.8,5.3
21229,2023-04-25,5.3,1016,68,10.9,12.7,1.8,1.1,1.5,2.6,5.4,8
21229,2023-04-26,3.1,1011,72,11.6,12.5,1.4,.8,1.1,2.2,5.3,5.8
21229,2023-04-27,4.5,1019.9,73,13.1,12.7,1.1,.7,1.1,1.8,4.4,5.8
21229,2023-04-28,7.6,1015.6,81,14.4,13,2.5,1.6,2.3,3.6,5.4,6.4
21229,2023-04-29,8,1005.7,85,14.9,14.4,2.9,1.8,2.5,3.8,6.3,7.1
21229,2023-04-30,8,1005.9,61,14.7,14.5,2.7,1.6,2.1,3.4,6.8,8
21229,2023-05-01,7.1,1014.6,59,13.8,14.3,2.3,1.4,1.7,3.1,6.2,9.1
21229,2023-05-02,5.5,1023.1,76,14.9,14.6,1.3,.8,.9,1.4,8.5,9.1
21229,2023-05-03,5.9,1020.7,78,15.1,15,1.6,1,1.6,3.2,5.2,9.1
21229,2023-05-04,7.1,1015.6,83,16.1,15.2,2.1,1.3,1.7,2.8,5.5,6.4
21229,2023-05-05,9.1,1006.8,89,15.8,15.2,2.5,1.6,2.4,3.6,5.8,7.1
21229,2023-05-06,10,1007,86,12.6,15,4.2,2.6,3.7,5.7,7.5,9.1
21229,2023-05-07,9.7,1012.1,66,13.6,15,3.4,2.1,2.8,4.4,7.2,8
21229,2023-05-08,6.4,1015.4,59,14,15.2,2.8,1.7,2,3.4,7.6,8
21229,2023-05-09,6.4,1013.9,71,15.3,15,1.7,1.1,1.3,2.5,5.7,8
21229,2023-05-10,5.7,1016.2,71,15.8,15.7,1.3,.8,1.2,1.9,4,4.6
21229,2023-05-11,5.3,1020.9,65,15.5,15.2,1.4,.8,1.2,2.1,4.9,5.3
21229,2023-05-12,4.9,1017.8,80,16.6,15,1.5,.9,1.1,2,5.3,5.8
21229,2023-05-13,7.3,1013.9,84,16.6,14.6,2,1.2,1.9,2.8,5,5.8
21229,2023-05-14,3.3,1009.4,89,16.7,15,1.1,.7,1,1.8,4.7,4.9
21229,2023-05-15,4,1008.5,92,17.2,15.3,.8,.5,.7,1,4.3,5.8
21229,2023-05-16,5.4,1008.8,87,18.1,15.3,1.5,.9,1.2,2.2,4.9,5.8
21229,2023-05-17,5.1,1012,75,19.9,15.6,1.5,1,1.1,1.7,5.8,6.4
21229,2023-05-18,3.1,1012.2,85,18.9,17,1,.6,.9,1.7,4.8,6.4
21229,2023-05-19,3.9,1010.3,91,17.6,16.5,.9,.6,.9,1.4,4.3,5.3
21229,2023-05-20,4.3,1010.5,81,18.2,16.9,1.1,.7,.9,1.5,4.9,5.8
21229,2023-05-21,3.4,1006.5,87,19,17.8,1.4,.9,1.4,2.2,5.1,5.8
21229,2023-05-22,3.2,1008,81,18.5,17.6,1,.6,.8,1.4,4.7,5.8
21229,2023-05-23,5.9,1009.6,74,17.6,16.9,1.1,.7,.9,1.7,3.8,4.6
21229,2023-05-24,4,1015.5,77,17.5,17.3,.9,.6,.8,1.3,6.2,8
21229,2023-05-25,5.3,1017.2,78,18.4,17.6,1.1,.7,.9,1.5,4.6,7.1
21229,2023-05-26,4.6,1018.1,89,19.1,17.9,1.4,.9,1.4,2.3,4.7,5.8
21229,2023-05-27,3.9,1018,91,19.5,18.1,1,.7,.8,1.3,4.3,4.9
21229,2023-05-28,6.8,1013.4,91,19.4,18,1.6,1,1.5,2.4,4.6,5.8
21229,2023-05-29,2.8,1011.3,95,18.4,17.9,.7,.4,.6,1.1,4.9,5.3
21229,2023-05-30,3.9,1012.8,83,18.6,18.3,.6,.4,.5,.8,4,5.3
21229,2023-05-31,4.8,1012.8,76,19,18.4,.9,.6,.7,1.4,4.1,4.9
21229,2023-06-01,5.7,1006.5,84,19.4,18.5,1.3,.8,1.1,2.3,4.7,5.3
21229,2023-06-02,5.3,1000.5,83,19.6,18.9,1.4,.8,1.1,2.1,4.6,5.3
21229,2023-06-03,4.9,1005.8,76,20,19.1,1.3,.8,1,2.3,5,5.8
21229,2023-06-04,4.1,1007.8,75,21.4,19.2,1.1,.7,1.2,1.7,4.7,5.3
21229,2023-06-05,3.8,1008.1,74,21.6,19.6,1,.6,.7,1.2,5.5,8
21229,2023-06-06,4.8,1005.2,79,21.3,19.7,1.3,.8,1.6,2.8,4.5,6.4
21229,2023-06-07,3.6,,,,,1.3,.8,1.4,2.2,5,6.4
21229,2023-06-08,7.1,1004.3,87,21,19.8,1.9,1.1,1.9,3.4,5.2,6.4
21229,2023-06-09,4.4,1003.8,87,20.8,20.3,1.4,.8,1.2,2.1,5.1,5.8
21229,2023-06-10,5.3,1007.4,91,21.4,20.4,1.4,.8,1,1.9,4.6,5.3
21229,2023-06-11,4,1006.4,91,21,20.6,1.4,.9,.9,1.7,6.4,8
21229,2023-06-12,3,1005.5,88,22,21,1.1,.6,1.1,1.6,5.8,7.1
21229,2023-06-13,1.8,1004.4,85,22,21.8,.5,.4,.6,1,5.4,6.4
21229,2023-06-14,2.8,1006,80,22.1,21.8,.4,.3,.4,.6,4.4,5.8
21229,2023-06-15,2.7,1007.7,80,22.6,22.6,.4,.2,.4,.7,3.8,5.8
21229,2023-06-16,3.7,1011.3,82,22.6,22.6,.5,.3,.4,.7,3,4.9
21229,2023-06-17,4.6,1010.4,87,23.6,22.4,.9,.5,.9,1.5,4.1,5.3
21229,2023-06-18,3.7,1006.8,88,23.6,22.6,1.2,.7,1.1,1.9,5.1,5.8
21229,2023-06-19,5.6,1008.6,79,23.1,22.7,1.1,.7,.9,1.6,4.3,5.3
21229,2023-06-20,6.7,1007.8,76,22.7,22.4,1.9,1.1,1.4,2.3,5.3,5.8
21229,2023-06-21,7.4,1002.3,89,22.6,22.2,2.3,1.4,2.2,3.4,5.9,7.1
21229,2023-06-22,3.5,1002.3,82,21.8,21.9,2.1,1.3,1.8,3.3,6.4,7.1
21229,2023-06-23,7,1008.5,86,21.5,21.5,2.1,1.3,1.6,2.8,6.5,8
21229,2023-06-24,3.4,1015.2,82,22.2,22.1,1.1,.7,1,1.5,6.3,7.1
21229,2023-06-25,4.3,1014.6,84,22.5,22.1,.7,.5,.6,.9,5,6.4
21229,2023-06-26,6.4,1009.6,92,23.2,21.9,1.4,.9,1.7,2.5,4.5,6.4
21229,2023-06-27,9.5,1006.8,90,23.8,22,3.3,2.1,2.8,4.6,7,8
21229,2023-06-28,5.8,1006.4,88,23.6,22.2,2.3,1.4,1.9,3.1,6.2,8
21229,2023-06-29,5.7,1001.8,91,23.6,22.1,2,1.2,2.5,4.7,5.9,6.4
21229,2023-06-30,3.7,1000.9,93,22.7,21.6,2.8,1.7,3.1,4.4,6.7,8
21229,2023-07-01,3.6,1005.7,88,23.2,22,1.6,1,1.3,2.3,7.2,8
21229,2023-07-02,4,1007.3,90,23.3,22.3,1.6,1,1.3,2.1,6.9,8
21229,2023-07-03,3.5,1007.8,88,23.3,23,1,.6,.8,1.2,7,8
21229,2023-07-04,5,1003.5,86,23.5,23.1,1,.6,1.3,2.3,4.3,7.1
21229,2023-07-05,9.1,992.7,86,24.5,22.8,2.7,1.6,2.4,4.3,5.9,7.1
21229,2023-07-06,6.3,1000,81,25.3,23.2,2.3,1.4,1.7,2.8,6,8
21229,2023-07-07,5.8,1003.8,85,23.8,23.1,1.6,1,1.4,2.2,4.9,8
21229,2023-07-08,2.3,1003.7,89,23.7,23.2,1.6,1,1.3,2.4,5.5,8
21229,2023-07-09,3.7,1003.8,92,24.1,23.4,1.4,.9,1.1,2,7,9.1
21229,2023-07-10,6.5,1003.1,92,24.3,23.3,2.1,1.3,2,3.5,6.1,8
21229,2023-07-11,8.5,1004.1,90,24.7,23.3,3,1.8,2.6,5.4,6.6,7.1
21229,2023-07-12,4.1,1004.6,88,24.6,23.4,2,1.3,2.3,3.8,5.7,7.1
21229,2023-07-13,3.5,1005.6,93,24.4,23.9,1.2,.8,1,1.7,5.5,6.4
21229,2023-07-14,12.6,999.4,90,25.3,23.1,4.4,2.8,4.3,7.1,6.9,9.1
21229,2023-07-15,9.8,1000.5,92,23.7,21.6,4.1,2.6,3.6,5.9,7.7,9.1
21229,2023-07-16,6,1006.7,91,23.3,21.4,2.5,1.5,2.1,3.2,7,10.7
21229,2023-07-17,4.3,1011.2,91,24.6,23.4,2.4,1.5,2,3.6,8.7,10.7
21229,2023-07-18,3.6,1011.5,92,24.2,23.7,1.3,.8,1.1,2.1,7.5,8
21229,2023-07-19,4,1007.1,88,24.6,24,1.2,.8,1,1.6,5.9,7.1
21229,2023-07-20,1.4,1009.4,84,24.9,24.7,.8,.5,.8,1.3,5.2,5.8
21229,2023-07-21,2.6,1013.7,82,25.4,25.1,.5,.3,.4,.7,5.1,9.1
21229,2023-07-22,5.4,1014.7,86,25.6,25,.9,.6,.8,1.3,4,4.6
21229,2023-07-23,7.9,1009.9,90,26.3,24.9,1.7,1.1,1.6,2.6,4.8,5.8
21229,2023-07-24,8.9,1008.4,91,26.5,24.8,2.3,1.4,1.7,3,5.7,6.4
21229,2023-07-25,6.7,1011.8,91,26.4,25.1,1.8,1.1,1.5,2.5,5.6,6.4
21229,2023-07-26,5,1014.2,91,26.7,25.5,1.1,.7,.9,1.6,4.6,5.3
21229,2023-07-27,3.9,1013.8,89,27.1,26,.6,.4,.6,1,3.7,8
21229,2023-07-28,4.1,1013.8,91,27.9,26.8,.5,.3,.4,.7,2.9,3.6
21229,2023-07-29,3.3,1014.4,91,28.2,27.2,.5,.3,.4,.6,3.5,10.7
21229,2023-07-30,4.3,1013.3,92,28.3,27.3,.6,.4,.5,.9,3.3,4.3
21229,2023-07-31,4.6,1012.1,89,28.4,27.4,1,.6,.8,1.5,4.2,4.6
21229,2023-08-01,3.6,1011.1,89,28.1,27.9,.4,.3,.4,.6,3.8,4.6
21229,2023-08-02,6.2,1007.4,88,29.1,28.1,1,.6,1,1.7,3.8,4.9
21229,2023-08-03,7.4,1004.6,85,29.3,28.2,1.7,1.1,1.4,2.3,5.2,5.8
21229,2023-08-04,6.4,1003.4,87,29.1,28.3,1.5,1,1.5,2.2,4.9,5.3
21229,2023-08-05,4.3,1000.6,82,29,28.2,1.2,.7,.9,1.7,5.5,10.7
21229,2023-08-06,3.6,999.5,86,29,28.4,1.6,1,1.3,2.3,7.6,8
21229,2023-08-07,4.5,1000.1,84,29.6,28.7,2.3,1.4,1.9,2.8,8,8
21229,2023-08-08,3.7,1003.2,81,29.9,29.3,2.9,1.7,2.2,3.7,7.9,9.1
21229,2023-08-09,5.7,1004,84,29.7,29,2.8,1.7,2,3.4,7.9,9.1
21229,2023-08-10,11.2,997.2,75,29.8,27.7,4.8,2.8,4.1,7.9,7.3,9.1
21229,2023-08-11,9.4,1001.5,86,27.5,25.9,4,2.4,3.7,7.4,7.8,9.1
21229,2023-08-12,3.7,1004.7,88,27.7,26.9,1.9,1.2,1.4,2.3,8,9.1
21229,2023-08-13,3.1,1005.3,84,28.2,27.8,1.9,1.2,1.5,2.3,8,8
21229,2023-08-14,5.9,1006,81,27.7,27.8,2.4,1.5,1.9,3.1,7.9,8
21229,2023-08-15,11.2,1002.8,90,26,27.6,3.6,2.2,2.7,4.6,7.5,9.1
21229,2023-08-16,9.1,1002.4,88,25.2,27.5,3.4,2.1,2.5,4.1,7.8,9.1
21229,2023-08-17,3.6,1005.6,86,25.6,27,2.3,1.4,1.7,3,7.9,8
21229,2023-08-18,3.3,1007.8,91,26.8,26.9,1.7,1,1.2,2.2,8,9.1
21229,2023-08-19,2.7,1010.5,89,27.8,27.1,1,.6,.8,1.4,7.8,8
21229,2023-08-20,3,1011.4,90,28.1,27.3,.7,.4,.5,.9,6.8,8
21229,2023-08-21,4.7,1009.1,89,28.2,27.3,.7,.4,.7,1.1,3.6,6.4
21229,2023-08-22,5.8,1006.1,90,28.5,27.3,1,.7,.8,1.3,4,4.6
21229,2023-08-23,4.6,1006.2,86,28.3,27.4,.9,.6,.9,1.3,4,4.6
21229,2023-08-24,4.7,1007.9,87,28.2,27.6,1,.6,.8,1.3,4.8,6.4
21229,2023-08-25,6.6,1006.5,87,27.1,26.7,1.8,1.1,2.3,3.7,5.3,7.1
21229,2023-08-26,3.1,1008.7,89,27.1,26.4,.9,.5,.8,1.3,4.5,5.8
21229,2023-08-27,3.6,1009.1,85,26.9,26.2,.5,.3,.5,.9,3.9,5.3
21229,2023-08-28,5.2,1009,85,27.3,25.8,1.4,.8,1.2,1.9,4.4,5.3
21229,2023-08-29,6.4,1007.8,87,27.9,25.9,1.9,1.2,1.7,2.9,5,6.4
21229,2023-08-30,6.5,1008.8,87,27.6,25.9,2.3,1.4,1.7,2.9,6.1,8
21229,2023-08-31,4.4,1009.7,84,25.4,25.9,2,1.2,1.6,2.4,5.9,7.1
21229,2023-09-01,2.5,1011,82,25.8,26.1,2,1.2,1.7,3,6.3,7.1
21229,2023-09-02,4,1012.7,70,27,26.6,.9,.6,1.1,1.6,4,6.4
21229,2023-09-03,4.4,1013,79,27.8,26.5,.8,.5,.6,1,3.1,3.8
21229,2023-09-04,4.9,1012.7,79,27.4,26.5,1.1,.7,1,1.7,4.2,5.3
21229,2023-09-05,7.7,1011.6,76,26.4,26.5,2.4,1.5,1.7,2.8,6.5,7.1
21229,2023-09-06,9.1,1011.8,75,25.3,26.4,2.5,1.6,1.8,2.9,6.1,6.4
21229,2023-09-07,8,1014.6,77,24.8,26.1,2.3,1.4,1.7,3,5.6,7.1
21229,2023-09-08,5.7,1013.1,68,25,25.7,1.9,1.2,1.5,2.4,6.3,7.1
21229,2023-09-09,3.4,1011.7,71,24.4,25.7,1.5,.9,1.1,1.8,6.6,7.1
21229,2023-09-10,3.3,1011.4,79,25.3,25.3,.9,.6,.7,1.3,5.9,7.1
21229,2023-09-11,3.7,1009.7,82,25.2,25.7,.7,.4,.5,.9,4.3,5.8
21229,2023-09-12,4,1010.9,83,26.2,26.7,.6,.4,.4,.7,4.3,5.3
21229,2023-09-13,5.7,1011.8,83,26.2,26.7,1,.6,1.2,1.9,4,6.4
21229,2023-09-14,5.4,1012.6,80,24.7,26.3,1.4,.9,1.4,2,4.8,7.1
21229,2023-09-15,7.1,1014.2,86,25,26.4,2.1,1.3,1.7,2.6,7.2,8
21229,2023-09-16,2.7,1013.3,86,26.4,26.6,1.2,.7,1.1,1.8,5.8,7.1
21229,2023-09-17,5.9,1010.4,84,25.8,26.4,1.4,.8,1.1,1.8,4.6,5.8
21229,2023-09-18,5.3,,,,,1.6,1,1.4,2.1,5.5,6.4
21229,2023-09-19,4,1011.9,76,26.9,26.6,1.2,.7,1.1,1.9,4.8,5.8
21229,2023-09-20,7.5,1011.8,80,24.9,26.2,2,1.2,2.4,4.7,5,7.1
21229,2023-09-21,10.9,1008.9,77,22,24.3,4.6,2.8,3.8,6.3,7.1,8
21229,2023-09-22,4,1015.3,61,21.8,23.3,2.2,1.4,2.2,3.5,7.6,9.1
21229,2023-09-23,5.9,1020.4,67,22.7,23.8,1.5,1,1.4,2.3,6.2,9.1
21229,2023-09-24,6.7,1021.1,57,22.6,23.4,2,1.2,1.4,2.5,5.6,7.1
21229,2023-09-25,4.3,1017.3,70,23.7,23.6,1.8,1.1,1.3,2.2,5.9,6.4
21229,2023-09-26,3.4,1014.5,85,22.5,23,.9,.6,.7,1.3,5.1,5.8
21229,2023-09-27,3.9,1010.8,87,22.5,22.9,.9,.5,.8,1.3,4.4,5.3
21229,2023-09-28,2.4,1010.7,82,24.4,23.4,.8,.5,.7,1.2,4.4,5.8
21229,2023-09-29,2.9,1013.1,70,24.5,24,.9,.5,.8,1.4,4.9,5.8
21229,2023-09-30,4,1008.5,69,23.8,23.4,.9,.5,.7,1.3,4.6,5.8
21229,2023-10-01,6.2,1011.5,56,22.5,23.2,2.2,1.4,1.7,2.8,6.2,8
21229,2023-10-02,4.2,1016.4,48,22.6,22.8,1.5,.9,1.1,1.9,5.7,6.4
21229,2023-10-03,3.2,1018,51,22.7,23.7,1,.6,.9,1.6,5,6.4
21229,2023-10-04,4.7,1011.3,59,23.2,23,1.3,.8,1.4,2.3,4.9,5.8
21229,2023-10-05,10.3,1011.2,54,19.3,22.5,4.2,2.6,3.4,5.3,7.8,9.1
21229,2023-10-06,3.6,1017,48,20.4,22.6,2.9,1.8,2.3,3.7,8.1,9.1
21229,2023-10-07,5.2,1023,54,19.3,22.1,3.1,1.9,2.8,4.4,10.2,12.8
21229,2023-10-08,5.4,1023.9,58,20.2,21.7,2.5,1.6,2.3,3.7,9.5,10.7
21229,2023-10-09,5.1,1018.9,62,20.6,21.8,1.7,1.1,1.2,2.2,8,9.1
21229,2023-10-10,7.6,1018.6,65,19.8,21.5,2.3,1.3,1.8,2.9,5.7,6.4
21229,2023-10-11,5.9,1024.2,49,20.6,21.2,2.2,1.3,1.8,3,6.1,7.1
21229,2023-10-12,1.7,1024.2,47,20.2,21.6,1.2,.7,.9,1.6,6.4,7.1
21229,2023-10-13,2.2,1018,58,20.8,21.7,.7,.4,.5,.9,5.6,7.1
21229,2023-10-14,4.4,1009.6,65,20.5,21.4,.6,.4,.6,1,3.3,4.6
21229,2023-10-15,5.1,1007.1,63,19.9,21.4,1.1,.7,1,1.6,4,4.9
21229,2023-10-16,5.8,1012.4,64,19.7,21.3,2.8,1.7,2.7,4.7,6.9,9.1
21229,2023-10-17,2.3,1017.2,66,20.3,21.4,1.7,1,1.5,2.4,6.6,8
21229,2023-10-18,5.6,1017.5,64,21.5,21.3,1.8,1.1,1.6,3,5.8,7.1
21229,2023-10-19,7.2,1013.8,63,21.7,21.2,2,1.3,1.5,2.7,5.3,6.4
21229,2023-10-20,8.6,1011,62,16.6,20.9,3.2,1.9,3.6,6,6.4,8
21229,2023-10-21,9.5,1017.1,54,15.2,20.9,3.6,2.3,3.3,4.8,7.2,8
21229,2023-10-22,5.3,1019.9,48,17.8,21.2,1.7,1,1.7,2.4,6.1,7.1
21229,2023-10-23,3,1021.4,53,20.5,21,1.5,.9,1.3,2.1,6.1,7.1
21229,2023-10-24,3.6,1018.7,56,20.1,20.8,.7,.4,.6,1,4.5,7.1
21229,2023-10-25,3.4,1016.4,58,20.3,20.8,.7,.4,.6,.9,4.2,5.8
21229,2023-10-26,4.3,1013.1,61,21.4,22,1,.6,.9,1.3,4.6,6.4
21229,2023-10-27,7.8,1011.9,64,18.2,21.8,2.7,1.6,3,5.4,6.2,8
21229,2023-10-28,6,1018.1,53,16.5,21.6,2.1,1.3,1.8,2.7,6.6,7.1
21229,2023-10-29,5.2,1021.8,54,16,21.5,2,1.2,1.6,2.7,6.1,7.1
21229,2023-10-30,3.9,1021.6,59,19,21.5,1.3,.8,.9,1.6,6.7,8
21229,2023-10-31,6.4,1020,64,21,21.5,1.3,.8,1.1,1.9,4.6,7.1
21229,2023-11-01,7.9,1016.1,64,21.7,21.5,2.2,1.4,1.7,2.7,5.3,5.8
21229,2023-11-02,6.2,1015.7,75,22.8,21.4,2.2,1.4,1.7,3.2,6.5,7.1
21229,2023-11-03,8.8,1013.8,73,22.3,21.3,2.7,1.7,2.2,3.5,5.9,6.4
21229,2023-11-04,7,1021.8,77,19.4,21.4,3,1.8,2.5,4.1,7.3,8
21229,2023-11-05,9.5,1020.4,84,21.3,21.3,3.1,1.9,2.4,3.9,6.3,7.1
21229,2023-11-06,13.9,1003.4,70,21.9,21.4,5.7,3.6,5.9,8.2,7.5,9.1
21229,2023-11-07,9.3,1013.5,55,15.4,20.8,5.5,3.4,5.1,8.1,8.8,10.7
21229,2023-11-08,3.5,1022.7,57,16.5,20.8,2.5,1.6,2.2,3.8,9.7,10.7
21229,2023-11-09,,1018.8,,20.7,20.9,2.3,1.4,1.9,3.2,7.6,10.7
21229,2023-11-10,,,,21.4,20.6,3.6,2.2,3.3,6,6.7,9.1
21229,2023-11-11,,,,,20.4,3.7,2.3,2.8,5,8.3,9.1
21229,2023-11-12,,,,,20.1,4.1,2.6,3.7,6,7.2,8
21229,2023-11-13,,,,,19.8,3.9,2.4,3.8,6.4,8,9.1
21229,2023-11-14,,1023,89,,19.8,1.7,1.1,1.6,2.8,6.9,9.1
21229,2023-11-15,,1025,89,,19.7,1.6,1,1.2,2.1,6,8
21229,2023-11-16,,1018.5,83,,19.8,1.4,.9,1.6,2.6,4.5,5.8
21229,2023-11-17,,1007.9,80,,19.7,3.1,2,3,4.8,6.6,9.1
21229,2023-11-18,,1007.6,79,,19.3,4.7,2.9,3.6,6.7,8.4,9.1
21229,2023-11-19,,1012.1,78,,18.7,3.7,2.3,3,4.7,7.9,9.1
21229,2023-11-20,,1020.4,79,,18,3.7,2.3,3.1,5.1,7.9,9.1
21229,2023-11-21,,1018.4,77,,18.3,2.4,1.4,1.6,2.7,5.6,8
21229,2023-11-22,,1014.7,78,,18.3,2.1,1.3,1.7,3.3,5.5,6.4
21229,2023-11-23,,1008.8,76,,18,2.9,1.8,2.3,3.9,6,7.1
21229,2023-11-24,,1019.4,80,,18.2,5.3,3.2,3.9,6.8,8.4,10.7
21229,2023-11-25,,1029.2,76,,17.4,3.6,2.2,3.2,6.3,8,9.1
21229,2023-11-26,,1023.3,77,,16.7,1.9,1.2,1.7,2.9,6.3,8
21229,2023-11-27,,1012.2,76,,17,2.2,1.3,2,3.7,5.2,6.4
21229,2023-11-28,,1014.2,73,,17.5,4.4,2.8,3.4,5.4,7.6,9.1
21229,2023-11-29,,1019.7,72,,16.9,3.6,2.3,3.1,4.7,7.7,9.1
21229,2023-11-30,,1021.7,75,,16.4,4.3,2.7,3.4,5.8,8.1,9.1
21229,2023-12-01,,1019.9,72,,15.8,2.9,1.8,2.4,3.7,7.2,8
21229,2023-12-02,,1021.7,73,,15.3,2.4,1.5,1.9,3.3,6.5,8
21229,2023-12-03,,1022.9,74,,15.1,3.8,2.2,3,5.3,7.4,9.1
21229,2023-12-04,,1019.4,71,,15.6,2,1.2,1.6,2.6,5.7,8
21229,2023-12-05,,1017,73,,15.6,1.2,.7,.9,1.6,5.5,6.4
21229,2023-12-06,,1008.9,71,,15.7,1.5,.9,1.8,3.2,4.5,5.3
21229,2023-12-07,,1010.5,70,,15.3,5.1,3,4.4,7.9,8.1,10.7
21229,2023-12-08,,1013.9,71,,16.5,3.7,2.2,3.1,5.3,7.1,9.1
21229,2023-12-09,,1015.7,71,,16,3.8,2.2,3.5,6.4,7.3,9.1
21229,2023-12-10,,1023.9,73,,16.8,3,1.8,2.9,5,7.1,8
21229,2023-12-11,,1021.4,73,,17.7,5.3,3.2,4.8,7.5,7.2,8
21229,2023-12-12,,1019.3,71,,17.7,5.2,3.3,4.4,7.9,7.8,8
21229,2023-12-13,,1029.4,71,,17.4,2.6,1.6,2.7,4.4,7.5,8
21229,2023-12-14,,1025.8,71,,17.4,2.5,1.5,2.4,4,7,8
21229,2023-12-15,,1010.3,71,,17.4,5.8,3.5,5.6,9.5,8.2,10.7
21229,2023-12-16,,1012.1,74,,17.2,6,3.7,4.3,7.6,9.3,10.7
21229,2023-12-17,,1024.4,78,,16.5,6.3,3.9,4.7,7.5,9.4,10.7
21229,2023-12-18,,1029.9,76,,16.6,3.8,2.3,3.3,5.1,8.7,10.7
21229,2023-12-19,,1025.7,74,,16.7,2.4,1.4,1.9,3.1,8.4,10.7
21229,2023-12-20,,1019.6,73,,16.7,3.8,2.4,3.5,5.8,7.4,9.1
21229,2023-12-21,,1020.6,73,,16.7,5.1,3.2,4.1,6.5,8.6,10.7
21229,2023-12-22,,1026.1,71,,16.6,4.9,3,3.4,6.1,8.7,9.1
21229,2023-12-23,,1031.7,72,,16.3,3.1,1.9,2.6,5,8.1,10.7
21229,2023-12-24,,1028.1,71,,16.2,2,1.3,1.5,2.4,6.6,8
21229,2023-12-25,,1024.8,72,,15.9,2.2,1.4,1.9,3,5.9,7.1
21229,2023-12-26,,1025,71,,15.9,2.6,1.6,2.4,4,6.4,8
21229,2023-12-27,,1029.4,72,,15.8,2.3,1.4,1.9,3.2,7,8
21229,2023-12-28,,1024.6,72,,15.7,1.9,1.1,1.4,2.5,5.6,7.1
21229,2023-12-29,,1023.7,59,,15.3,1.8,1.1,1.6,2.7,6,7.1
21229,2023-12-30,2.9,1016.9,57,11.8,14.2,1,.6,.8,1.3,4.7,5.3
21229,2023-12-31,8.3,1013.6,74,9.5,13.9,3.4,2,4.6,7.9,6.3,9.1
21229,2024-01-01,5.4,1027.2,58,6.3,15.4,4.8,3,4.4,6.8,9.1,10.7
21229,2024-01-02,7.5,1018.9,55,9.9,15,2.6,1.6,2.2,3.3,7,10.7
21229,2024-01-03,6.9,1014.9,69,8.4,14.3,2,1.2,2.4,4.5,5.9,7.1
21229,2024-01-04,7.8,1018.6,59,9.7,13.5,2.4,1.5,2.2,4.9,5.7,7.1
21229,2024-01-05,7.6,1016.7,55,11.5,13.9,2.9,1.7,2.5,4.4,6.2,7.1
21229,2024-01-06,9.1,1016.8,48,8.7,12.7,3.2,1.9,3,5.4,6.9,9.1
21229,2024-01-07,11.4,,,,,4.4,2.7,3.7,6.6,7.8,9.1
21229,2024-01-08,5.7,1022.7,53,4.4,12.9,3.6,2.2,3.4,6.2,8.1,9.1
21229,2024-01-09,5.3,1017.8,55,7.4,13.1,2.4,1.5,1.7,2.8,6.3,9.1
21229,2024-01-10,6.9,1018.2,63,7,13.4,2.5,1.5,2.2,3.6,6,8
21229,2024-01-11,7.8,1013.5,55,9.7,13.4,2.4,1.5,2,3.6,6.1,7.1
21229,2024-01-12,7.1,1013.7,50,8.2,13.1,3.1,1.9,2.6,4.6,7.6,9.1
21229,2024-01-13,7.9,1022.3,64,4.4,12.8,4.1,2.5,3.5,5.7,8,9.1
21229,2024-01-14,9.6,1018,58,10.2,12.7,3.6,2.2,2.9,5.3,7.1,10.7
21229,2024-01-15,7.6,1022.9,60,4.6,12.6,4,2.5,3.8,6.4,8.1,9.1
21229,2024-01-16,5.5,1030.2,51,6.6,12.7,2.7,1.6,2.1,3.5,8.5,10.7
21229,2024-01-17,8.9,1024,63,11.5,12.5,2.7,1.7,2.3,4,6.4,10.7
21229,2024-01-18,9.2,1023.1,74,9.7,12.6,2.9,1.8,3.2,5,5.9,9.1
21229,2024-01-19,8.6,1030.4,67,7.3,12.6,3.6,2.2,3.3,5.7,7.6,9.1
21229,2024-01-20,10.1,1027.5,68,7.5,12.4,3.6,2.1,3.2,5.6,6.2,7.1
21229,2024-01-21,8.4,1023.1,69,8.2,9.7,4.8,3,4.3,7.3,8.1,9.1
21229,2024-01-22,9.3,1018,67,5,12.1,4.1,2.5,3.4,6.4,8.3,9.1
21229,2024-01-23,11.2,1015.3,91,.5,12,6.9,4.3,5.3,8.5,10.6,12.8
21229,2024-01-24,12.4,1017.5,94,-.7,12.3,7.1,4.4,4.9,8.5,10.7,12.8
21229,2024-01-25,7.3,1023,74,1.7,13,5.9,3.8,5,7.2,11.3,12.8
21229,2024-01-26,4.8,1025.2,50,5.5,13.3,4.5,2.8,3.4,5.5,11.3,12.8
21229,2024-01-27,4,1024,49,6.8,13.2,3.5,2.2,2.7,5.9,11.2,12.8
21229,2024-01-28,4.5,1025.5,70,6.3,13.1,2.6,1.6,2,3.4,9.9,10.7
21229,2024-01-29,2.2,1028.3,64,7.8,13.4,1.6,1,1.4,2.3,7.4,9.1
21229,2024-01-30,2.7,1029,52,8.3,13.1,1,.6,.8,1.5,7,8
21229,2024-01-31,4.8,1022.4,57,11.4,12.5,.9,.6,.7,1.5,4,8
21229,2024-02-01,9.8,1026.5,74,4.7,12.1,4.3,2.7,4.4,6.8,7.6,10.7
21229,2024-02-02,4.4,1029.2,60,4.5,12,2.5,1.6,2.8,4.4,7.2,9.1
21229,2024-02-03,5.8,1029.6,59,7.1,12,1.8,1.1,1.3,2.1,7.5,9.1
21229,2024-02-04,5.6,1026.8,73,8,11.8,2.1,1.3,1.8,3.1,6.4,8
21229,2024-02-05,11,1022.7,70,6.1,11.6,3.9,2.4,2.8,5.2,6.7,8
21229,2024-02-06,6,1023.5,68,5,12.3,2.3,1.5,1.9,3.3,6.4,7.1
21229,2024-02-07,6.5,1021.6,56,5.5,11.7,1.9,1.2,1.5,2.9,6,9.1
21229,2024-02-08,2,1020.6,51,6.8,11.5,1.5,.9,1.4,2.2,6.7,8
21229,2024-02-09,3.5,1019.2,57,8,11.5,1.1,.7,.8,1.4,6,7.1
21229,2024-02-10,7.7,1020.2,50,7.2,12.5,2,1.2,1.8,2.8,5.6,6.4
21229,2024-02-11,5.7,1020.5,51,7.3,12.8,1.8,1.1,1.9,4,5.6,7.1
21229,2024-02-12,7.5,1027.3,54,8.5,11,2.6,1.6,2.1,3.8,6.2,7.1
21229,2024-02-13,9.4,1023.4,68,12.1,11.3,3.5,2.2,2.6,4.5,6.6,7.1
21229,2024-02-14,7.5,1020.2,84,13.9,11.7,2.7,1.7,2.4,3.7,6.3,8
21229,2024-02-15,9.7,1016.4,81,9.3,11.8,4.1,2.5,4.8,8.3,7.1,9.1
21229,2024-02-16,5.6,1025,51,5.1,11.5,3.9,2.4,4.2,6.6,8.7,10.7
21229,2024-02-17,8.2,1021.2,66,10.6,11.9,2.2,1.4,1.6,2.7,6,8
21229,2024-02-18,8.6,1019.8,78,13.4,12.2,2.4,1.5,1.7,2.9,5.6,5.8
21229,2024-02-19,9.9,1011,90,12.9,12.6,3.3,2.1,3,4.6,6.7,8
21229,2024-02-20,11.1,1026,79,5.6,11.7,5.8,3.5,4.2,7.1,9.3,10.7
21229,2024-02-21,10.9,1025.1,78,5.1,11.6,4.6,2.7,3.1,5.4,7.6,9.1
21229,2024-02-22,10.5,1028,74,3.6,11.6,4.7,2.8,3.2,6.1,8,9.1
21229,2024-02-23,9.4,1030.6,63,4,11.5,3.5,2.2,2.8,4.4,7.2,8
21229,2024-02-24,7,1030.4,60,5.2,12.2,2.6,1.6,1.9,3.8,7.2,8
21229,2024-02-25,7.3,1022.3,70,6.9,12,1.8,1.1,1.5,2.5,5.3,7.1
21229,2024-02-26,8.8,1027.4,58,6.3,10.3,2.6,1.6,1.8,3.3,5.6,6.4
21229,2024-02-27,8,1031.4,59,5.2,11.7,3.7,2.2,2.6,5.1,7.4,8
21229,2024-02-28,1.9,1029.9,56,7.5,12.7,2.8,1.7,2.2,3.4,8.8,9.1
21229,2024-02-29,4,1021.8,65,9,12.6,1.9,1.2,1.4,2.8,8.3,9.1
21229,2024-03-01,11.5,1016.1,64,4.8,11.4,4.2,2.6,4.6,7.8,7.5,10.7
21229,2024-03-02,9.8,1017.7,51,3.5,10.4,3.8,2.4,3.3,5.3,7.3,9.1
21229,2024-03-03,8.1,1015.3,55,7.7,10,3.7,2.2,2.9,4.8,6.5,7.1
21229,2024-03-04,5.4,1021.2,50,8.5,10.1,2.1,1.3,1.7,2.8,5.9,8
21229,2024-03-05,6.5,1016.6,67,9.8,11,1.8,1.1,1.7,3,5.8,8
21229,2024-03-06,8.1,1016.7,65,7.4,12.5,3.9,2.5,3.4,5.8,7,8
21229,2024-03-07,4.1,1017.2,58,6.3,12.6,2.2,1.3,2.3,4.2,6.9,8
21229,2024-03-08,11.3,1012.5,59,5.8,11.7,2.9,1.8,2.5,3.7,6.1,7.1
21229,2024-03-09,7.4,1022.4,56,4,12.1,3.9,2.4,3.2,5.2,8.2,10.7
21229,2024-03-10,4.1,1026.6,55,7.7,12.6,2.1,1.3,2,3,7.5,9.1
21229,2024-03-11,7.3,1019.4,53,12.5,12.4,2,1.2,1.7,3,5.2,7.1
21229,2024-03-12,8.2,1013.7,61,9.5,11.9,2.3,1.4,2.4,3.9,5.5,8
21229,2024-03-13,6.7,1017.4,51,10.4,12.3,2.2,1.3,2.1,3.5,6,7.1
21229,2024-03-14,7.3,1018,54,12.2,12.5,2.2,1.3,1.6,3.5,5.6,7.1
21229,2024-03-15,7.2,1018.3,67,13.8,12.9,1.9,1.2,1.8,2.8,4.9,5.8
21229,2024-03-16,6.4,1020.9,66,12.5,12.9,1.8,1.1,1.2,2.4,5.4,7.1
21229,2024-03-17,7.9,1012.9,67,11.8,12.7,2.4,1.5,2.4,3.9,5.5,8
21229,2024-03-18,5.6,1021.1,53,8.6,12.8,3.5,2.2,3.1,5.7,8,9.1
21229,2024-03-19,7.3,1012.1,58,11.1,12.5,2.4,1.5,1.7,2.9,8.1,10.7
21229,2024-03-20,10.3,1015,55,6.5,12.4,5.3,3.2,5.2,9.8,8.1,9.1
21229,2024-03-21,2.9,1018.3,67,4.6,12.4,2.4,1.5,2.4,3.6,7.7,9.1
21229,2024-03-22,8,1017.6,63,9.5,12.4,2.4,1.5,2.5,4.3,6.2,8
21229,2024-03-23,7.5,1014.5,84,11.5,12.2,2.6,1.6,3,4.2,6.7,8
21229,2024-03-24,5.6,1020.4,78,10.7,12.6,1.4,.9,1.1,1.9,5,6.4
21229,2024-03-25,8.4,1018.2,79,11.2,12.5,2.2,1.3,1.8,3,5.4,6.4
21229,2024-03-26,9.2,1018,69,9,12.6,3.4,2,2.5,4.3,6.4,8
21229,2024-03-27,4.9,1023.7,59,10.4,12.7,2.3,1.4,1.9,3.4,7.1,8
21229,2024-03-28,9.5,1010.6,81,13.3,12.9,2.7,1.7,2.3,3.5,5.8,7.1
21229,2024-03-29,7.4,1002.8,71,13.8,12.8,2.8,1.7,2,3.3,7.4,9.1
21229,2024-03-30,7.7,1010.2,54,13.1,12.4,3.1,1.9,2.9,6,6.8,8
21229,2024-03-31,3.7,1011.6,57,11.7,12.9,1.7,1.1,1.6,2.5,6.1,7.1
21229,2024-04-01,5.7,1013,57,12.1,13,1.5,.9,1.7,2.5,5.1,6.4
21229,2024-04-02,4.2,1014.9,86,14.4,13.4,1,.7,.8,1.3,4.5,6.4
21229,2024-04-03,5.2,1008.6,91,13.5,13,.9,.6,1.1,1.7,3.9,4.6
21229,2024-04-04,7.2,1016.8,67,12.2,13.6,2,1.2,1.5,2.5,5.2,5.8
21229,2024-04-05,4.9,1020.5,58,12.4,13.8,1.3,.8,1.1,1.9,5,5.8
21229,2024-04-06,6.4,1017.5,78,14.4,13.8,1.1,.7,.8,1.4,3.9,4.6
21229,2024-04-07,2.9,1016.4,78,16.2,14.6,.7,.4,.6,1.1,4.4,5.8
21229,2024-04-08,3.7,1016.1,84,15.3,14.5,.4,.3,1.1,1.5,4.8,10.7
21229,2024-04-09,9.1,1023.1,63,10.1,13.6,4.8,3,3.6,6.3,8,9.1
21229,2024-04-10,5.2,1026.3,65,11.4,13.4,2.6,1.7,2.3,3.9,8.3,9.1
21229,2024-04-11,5.1,1021.9,83,14.3,13.5,1.5,.9,1.2,2.2,4.5,4.9
21229,2024-04-12,,,,,,,,.6,1.1,,4.9
21229,2024-04-13,,1017.9,91,14.6,14.8,,,.3,.5,,3.8
21229,2024-04-14,,,,,,,,.3,.6,,3.6
21229,2024-04-15,6.8,,,,,1.1,.7,1.5,2.2,3.9,5
21229,2024-04-16,5,1009.1,85,15.4,14.5,2.2,1.4,2.1,3.9,5.2,5.9
21229,2024-04-17,3.3,1011.2,80,14.5,14.3,1,.7,.9,1.4,4.6,5.1
21229,2024-04-18,,,,,,,,.3,.4,,4.5
21229,2024-04-19,3.9,1011.6,93,14.8,15.3,.8,.5,.7,1.2,3.9,4.2
21229,2024-04-20,6.3,1013,91,14.5,15,1.4,.9,1.1,1.9,4.3,4.9
21229,2024-04-21,8.3,1012.9,82,14.7,15.3,2,1.4,1.8,2.7,4.7,5.2
21229,2024-04-22,8,,,,,2.3,1.5,1.7,2.7,5.2,5.3
21229,2024-04-23,,1014.7,81,12.6,15.7,,,1.6,2.7,,5.5
21229,2024-04-24,8.5,1005.7,83,12.6,16.1,2.4,1.5,1.7,3.3,5.1,5.4
21229,2024-04-25,5.6,1008.4,86,15.9,16.3,1.8,1.3,1.4,2.3,5.9,6.9
21229,2024-04-26,4,1009.2,91,16.3,16.6,1.1,.8,1,1.6,4.5,5
21229,2024-04-27,3.6,1010.1,91,16.5,16.7,1.1,.7,1.1,1.9,4.3,4.7
21229,2024-04-28,4.6,1013.9,93,16.1,17,.7,.4,.6,.9,3.8,4.4
21229,2024-04-29,5.2,1010.8,92,14.9,17.1,1.3,.8,1.1,1.6,4.6,5.4
21229,2024-04-30,6.5,1007.8,82,13.7,16.7,1.3,.9,1.4,2,4.4,5.2
21229,2024-05-01,6.5,,,,,1.8,1.2,1.5,2.6,4.8,5.4
21229,2024-05-02,4.9,1018.6,64,13.9,15.4,.9,.6,.8,1.3,4.5,5
21229,2024-05-03,5.3,1018.1,87,15.5,15.6,1,.7,.9,1.4,4,4.2
21229,2024-05-04,4.5,1017.4,89,16.4,16,.7,.5,.7,1.2,3.7,4.1
21229,2024-05-05,,,,,,,,2.3,4,,5.4
21229,2024-05-06,9.1,1005.8,94,15.7,14.5,3.8,2.5,3.2,5,6.1,6.6
21229,2024-05-07,7.9,1011.5,84,12.3,14.3,3,2.1,3,5.4,6.2,7.4
21229,2024-05-08,5.2,1018.3,68,11.8,14.5,3.6,2.4,3.1,4.3,7.6,8.4
21229,2024-05-09,6.5,1016.4,75,14.2,14.7,2.3,1.6,2,3.3,6.2,8
21229,2024-05-10,6.2,1015.3,86,15.9,15.2,1.7,1.1,1.8,2.9,4.9,5.6
21229,2024-05-11,10.7,,,,,3.9,2.6,3.7,5.4,6.1,7
21229,2024-05-12,4.6,1008.4,78,16.2,15.5,3,2,2.6,4.1,6,6.4
21229,2024-05-13,3.6,1014,71,15.7,15.6,1.2,.8,1.5,2.2,4.9,5.6
21229,2024-05-14,5.9,1014.8,84,15.6,15.3,1.2,.8,1,1.6,4.3,4.7
21229,2024-05-15,4.8,1008.4,91,15.3,15.9,1.7,1.1,1.9,3.5,4.8,5.8
21229,2024-05-16,,1000.2,76,13.9,15.8,,,4.6,8.9,,7.2
21229,2024-05-17,6.2,1012.4,82,15.5,15.2,2.5,1.6,2.5,4.5,5.9,6.7
21229,2024-05-18,4.8,1014.7,86,16.3,15.6,1.7,1.1,1.5,2.5,5.3,6.1
21229,2024-05-19,3.5,1013.8,89,16.3,16.2,1,.6,.9,1.5,4.4,5.2
21229,2024-05-20,4.9,,,,,1,.6,.9,1.4,4.3,5
21229,2024-05-21,4.2,1021.2,77,15,16.6,1.2,.8,.9,1.6,5.3,5.7
21229,2024-05-22,5.4,,,,,.8,.5,.6,1,4.2,5.2
21229,2024-05-23,4.5,1007.8,89,17.6,16.9,1.3,.9,1.1,1.7,4.6,5.1
21229,2024-05-24,6.1,,,,,1.3,.9,1.1,1.7,4.5,5
21229,2024-05-25,4.7,1018.6,73,16,16.9,.8,.6,.6,1,4,4.4
21229,2024-05-26,7.5,1007.2,88,17.2,17,1.7,1.1,2,3.2,4.5,5.3
21229,2024-05-27,5.6,1000.1,83,17.7,16.9,2.8,1.8,2.2,3.7,5.7,6.1
21229,2024-05-28,6.9,1005.9,79,16.4,17,1.9,1.2,1.5,2.4,4.8,5.6
21229,2024-05-29,5.5,1012.1,84,16.1,17.3,1.7,1.2,1.5,2.5,5.8,7.5
21229,2024-05-30,3.1,1011.2,89,17.7,17.8,1.1,.7,1.1,1.7,4.8,5.3
21229,2024-05-31,2.7,1008.4,92,18,18.9,.6,.4,.6,.8,4.5,4.9
21229,2024-06-01,4.7,1009.5,86,17.4,18.9,.9,.6,.7,1.1,4.7,5.1
21229,2024-06-02,,1010,79,15.9,18.4,,,.9,1.6,,4.8
21229,2024-06-03,6.3,1012.3,77,16.5,18.3,1.1,.7,.9,1.4,4.2,4.5
21229,2024-06-04,,1016.7,75,16.8,18.7,,,1,1.6,,5.5
21229,2024-06-05,3.9,1020,80,17.6,18.9,1,.6,.8,1.3,5.2,5.6
21229,2024-06-06,4.5,1018,90,18.1,18.9,1,.6,.7,1.2,4.2,4.6
21229,2024-06-07,4,,,,,.6,.4,.5,.9,3.7,3.9
21229,2024-06-08,6.7,1010.5,91,19.4,19,1.2,.7,1,1.9,4,4.5
21229,2024-06-09,5.2,1008,95,19.1,19.7,1.1,.7,.9,1.4,4.5,5.2
21229,2024-06-10,4.4,1006.8,96,19.7,20.1,.8,.6,.7,1.1,4,4.2
21229,2024-06-11,3.2,1005.6,93,20.7,20.6,.9,.6,.7,1.3,4.5,4.9
21229,2024-06-12,3.6,1004.1,90,21.1,21.1,1.1,.7,.9,1.5,4.6,5
21229,2024-06-13,2.6,,,,,.6,.4,.6,1,4.1,4.5
21229,2024-06-14,3.5,1005.8,91,21.9,21.7,.5,.3,.4,.7,3.8,4.3
21229,2024-06-15,3.1,1003.1,89,22,21.8,.6,.4,.5,1,4.2,4.6
21229,2024-06-16,4,1004.3,79,21.9,21.8,.5,.4,.5,.9,4,4.7
21229,2024-06-17,5.4,1005.7,84,22.4,22.3,.7,.5,1,1.5,3.8,4.3
21229,2024-06-18,,1004.4,89,22.1,22.4,,,1.4,2.3,,5.5
21229,2024-06-19,2.8,1007.8,87,23.5,23,.5,.3,.4,.6,4,4.2
21229,2024-06-20,5.6,1006,84,22.9,23,.9,.6,1,1.6,4.1,4.7
21229,2024-06-21,3.4,1004.2,88,22.8,23.3,.7,.5,.6,1.2,4.3,5.3
21229,2024-06-22,5.6,1001.3,92,22.7,23.2,.8,.6,.9,1.5,4,4.3
21229,2024-06-23,3.2,998,91,22.5,23.2,2,1.3,1.7,2.8,5.7,6.4
21229,2024-06-24,4.6,1002,90,23.1,23.4,2.3,1.5,1.8,3,6.3,6.6
21229,2024-06-25,4.6,1008.8,70,23,23.3,2.2,1.5,1.8,2.8,5.8,6.1
21229,2024-06-26,3,,,,,1.4,.9,1.2,1.8,5.9,6.2
21229,2024-06-27,5.5,1012.8,84,22.7,23.6,.9,.6,.7,1.4,4.3,5.4
21229,2024-06-28,3.4,1008.2,86,22.9,24.1,.5,.3,.5,.8,3.8,4
21229,2024-06-29,8.5,,,,,1.4,.9,1.7,2.5,4,4.8
21229,2024-06-30,,,,,,,,4.3,6.6,,7.6
21229,2024-07-01,3.3,1004,91,22.6,23.3,2,1.3,2.2,4.1,5.6,6.4
21229,2024-07-02,4.9,1008.8,92,22.1,23.3,1.3,.8,1.2,1.8,5.1,5.8
21229,2024-07-03,8.2,1006.9,91,23.5,22.9,2.7,1.8,2.7,4.6,5.6,6.4
21229,2024-07-04,5.5,1006.4,87,23.5,23.3,1.6,1.1,1.5,2.2,4.9,5.2
21229,2024-07-05,9.8,1001.3,85,23.6,23,3.3,2.2,3,4.9,5.8,6.3
21229,2024-07-06,,1003.9,89,23.3,22.6,,,3,4.9,,6.2
21229,2024-07-07,8.7,1003,93,22.7,22.2,3.1,2,3.2,5.1,5.8,6.5
21229,2024-07-08,5.9,1003,94,22.6,22,1.9,1.3,1.5,2.4,5.1,5.7
21229,2024-07-09,3.6,1004.2,96,22,22.3,1.7,1.1,1.7,2.8,5.4,5.8
21229,2024-07-10,4.6,1001.4,94,21.8,22.4,1.7,1.1,1.6,2.8,5,6.3
21229,2024-07-11,,,,,,,,1,1.5,,5.9
21229,2024-07-12,3.2,1003.4,89,22.6,23.4,.6,.4,.6,1,5.2,6.1
21229,2024-07-13,3.2,1008.1,88,23.5,24.2,.5,.3,.4,.7,4.8,5.8
21229,2024-07-14,,1011.9,93,23.4,23.9,,,.5,.7,,4.7
21229,2024-07-15,,,,,,,,.5,.8,,4.6
21229,2024-07-16,3,1012.7,92,24.2,24.9,.7,.4,.5,.9,4.4,5.1
21229,2024-07-17,6.9,1009.1,92,24.5,24.6,1.6,1,1.5,2.5,4.4,5
21229,2024-07-18,11.2,1003.2,91,24.7,23.8,3.4,2.2,3.6,5.3,5.5,6.4
21229,2024-07-19,6.2,1004.3,91,23.8,24,2.1,1.4,2.8,3.8,5.3,6.5
21229,2024-07-20,6.2,1006.9,91,24.4,24.3,1.7,1,1.4,2.6,4.9,5.8
21229,2024-07-21,9.8,1005.3,87,24.9,24.3,2.9,1.9,2.5,4.4,5.4,5.7
21229,2024-07-22,6.5,,,,,1.7,1.1,1.5,2.5,4.7,5.3
21229,2024-07-23,9.8,1003.2,89,25,24,2.8,1.8,2.3,4,5.4,6
21229,2024-07-24,5,1004,91,24.4,23.9,1.6,1,1.4,2.1,4.8,5.2
21229,2024-07-25,3.7,1007.1,92,24.9,24.5,1,.6,1,1.5,4.4,5
21229,2024-07-26,4,1012.5,93,25.3,24.7,.8,.5,.7,1,4.9,5.5
21229,2024-07-27,6.5,,,,,1.3,.9,1,1.8,4.6,5
21229,2024-07-28,4.7,1012.3,90,25.5,24.3,1.3,.8,1.1,1.6,4.6,4.9
21229,2024-07-29,5.6,,,,,1.5,1,1.1,1.9,4.5,4.9
21229,2024-07-30,6.1,1004.6,83,26.5,25.2,1.2,.8,1,1.6,4.5,4.6
21229,2024-07-31,2.3,1006,86,27.1,26.4,.6,.4,.5,.9,4.5,5.3
21229,2024-08-01,3.2,1004.1,92,26.4,26.5,.8,.5,.7,1,5.4,6.2
21229,2024-08-02,3.4,1003.9,91,26.9,26.9,.7,.5,.6,.9,4.4,4.8
21229,2024-08-03,,1006.4,88,27.9,27.5,,,.5,.9,,4.6
21229,2024-08-04,3.4,1009.4,86,27.5,28.4,.6,.4,.6,.9,4.6,5.1
21229,2024-08-05,3.1,1009.4,83,27.4,28.4,1.2,.8,1,1.7,5.6,6
21229,2024-08-06,,1008.2,82,27.4,28.6,,,1.1,1.8,,6
21229,2024-08-07,3,1006.4,84,27.5,28.2,.7,.5,.6,1,5.2,5.5
21229,2024-08-08,3,1004.1,87,28.2,28.5,.5,.3,.4,.6,4,4.6
21229,2024-08-09,3.4,1004.6,82,27.9,28.9,.3,.2,.3,.4,3.7,4.1
21229,2024-08-10,3.7,1005.4,78,27.7,29.1,.5,.3,.4,.6,3.4,3.6
21229,2024-08-11,,1004.9,74,27.4,28.9,,,.8,1.4,,4.4
21229,2024-08-12,4,1006.6,74,27.3,28.7,1.7,1.1,1.4,2.1,5.7,6.1
21229,2024-08-13,3.7,1009.2,74,27.1,28.7,1.9,1.3,1.5,2.4,6.3,6.8
21229,2024-08-14,3.4,1009.6,79,27.5,28.9,1.4,.9,1.1,1.7,5.7,6.3
21229,2024-08-15,3.8,,,,,.9,.6,.8,1.2,4.7,5.3
21229,2024-08-16,4.3,1009.9,78,27.7,29.1,1,.6,.8,1.2,4.3,5
21229,2024-08-17,3.3,1011.5,76,27.4,29.1,1.2,.8,1,1.7,5,5.5
21229,2024-08-18,3.2,1011.3,77,27.3,29.2,1.4,.9,1,1.7,5.5,5.9
21229,2024-08-19,5.4,1010.3,84,28.5,29.3,1.1,.7,.8,1.4,4.7,5.2
21229,2024-08-20,,1012.2,86,28.8,29.6,,,1.3,1.9,,5.7
21229,2024-08-21,8.5,1009.6,86,29.5,29.5,2.2,1.5,1.8,3.1,5.3,6.4
21229,2024-08-22,11.9,1005.5,84,29.5,29.2,2.7,1.8,2.8,4.4,4.9,5.6
21229,2024-08-23,8.8,1006.5,80,28.4,28.9,1.8,1.3,2.4,3.2,4.7,5.5
21229,2024-08-24,3.2,1009.8,82,28.3,29,.6,.4,.6,.8,4.2,4.4
21229,2024-08-25,1.9,,,,,.4,.3,.3,.5,4.4,4.6
21229,2024-08-26,2.3,1007.8,83,28.1,28.5,.6,.4,.6,1,4.9,6
21229,2024-08-27,5.3,1008.1,77,26.1,29,1.3,.8,1.5,2.1,5,6
21229,2024-08-28,7,1010.3,76,27.1,28.4,,,1.3,2.1,,4.9
21229,2024-08-29,9.3,1007.1,84,27.6,28.2,2.5,1.6,2.3,3.4,5.1,5.8
21229,2024-08-30,8.6,1003.2,84,27.6,28.3,2.9,1.9,2.3,4,5.6,6
21229,2024-08-31,,1006.1,73,26.6,28.2,,,1.4,2.3,,5.6
21229,2024-09-01,,1007.6,67,26.3,28.5,,,1.3,2,,5.7
21229,2024-09-02,6.8,1009.3,79,26.6,28,1.3,.9,1.7,2.5,4.2,5
21229,2024-09-03,6,1013.6,60,25.3,28.1,1.6,1,1.6,2.6,4.8,5.4
21229,2024-09-04,3.6,1011.4,61,25.4,28.3,.9,.6,.8,1.2,4.3,4.5
21229,2024-09-05,,,,,,,,.9,1.5,,4.8
21229,2024-09-06,,1012.6,74,25.1,28,,,1.5,2.4,,5.9
21229,2024-09-07,3.3,1014.8,69,25.2,27.6,1,.7,1.3,1.6,4.9,5.4
21229,2024-09-08,3.8,1015.2,77,25.8,27.7,.5,.3,.4,.6,4.1,4.6
21229,2024-09-09,4.4,1015.1,79,26.6,27.8,.8,.5,.6,1.2,3.8,4
21229,2024-09-10,,,,,,,,.5,1,,4.3
21229,2024-09-11,,1016.6,92,28.2,28.7,,,.8,1.4,,5.7
21229,2024-09-12,5.4,,,,,1.2,.8,1.1,1.7,4.5,5.1
21229,2024-09-13,3.3,1009.5,83,27.2,28.1,.7,.5,.6,1,4,4.3
21229,2024-09-14,5.7,1007.2,85,26.7,28.5,1.2,.8,1,1.5,4.4,5.5
21229,2024-09-15,8,1012.2,83,25.2,28.5,2.5,1.6,2.3,3.7,5.5,5.9
21229,2024-09-16,,1017.3,81,26,28.5,,,1.8,2.7,,5.8
21229,2024-09-17,,1015.5,87,27.9,29.1,,,1.1,1.8,,5.2
21229,2024-09-18,4.1,1014.3,87,27.6,29.2,.6,.4,.5,.7,4.2,4.7
21229,2024-09-19,4.6,1014.5,87,28.3,29.2,.4,.3,.4,.6,3.6,3.9
21229,2024-09-20,7,1010.9,89,27.8,29.3,1.6,1.1,3.1,5.5,4.2,6.5
21229,2024-09-21,13.7,1006.9,88,21.9,28.3,6.4,4.2,5.2,8.2,7.5,8.3
21229,2024-09-22,10.8,1013.4,73,21.6,27.5,5,3.3,4.1,6.6,6.9,7.4
21229,2024-09-23,6.5,1019,57,21.3,27,3.4,2.2,2.5,4.4,6.7,7
21229,2024-09-24,5.4,1017.3,63,23.5,26.5,2,1.3,1.8,3,5.6,6.7
21229,2024-09-25,,1015.5,62,24.3,26.4,,,1,1.6,,4.9
21229,2024-09-26,4.4,,,,,.7,.5,.9,1.3,4.3,4.6
21229,2024-09-27,4.9,1013.9,72,24.6,26.7,1,.7,1.3,2.1,4.3,4.7
21229,2024-09-28,7.3,1019.3,69,24.1,27,2.3,1.5,1.7,3.1,5.2,5.4
21229,2024-09-29,6.4,1021.3,61,23.1,26.8,1.7,1.1,1.3,2,4.8,5.2
21229,2024-09-30,,1015.3,56,23.6,26.4,,,1.1,1.7,,5.6
21229,2024-10-01,7.7,1008.3,68,24.1,25.9,1.2,.8,1,1.5,3.9,5
21229,2024-10-02,10.1,1016.9,57,19.4,26,3.6,2.4,3,4.4,6.3,7
21229,2024-10-03,10.8,1020.4,66,19.6,25.6,3.6,2.3,2.9,4.9,6,6.4
21229,2024-10-04,6.1,1023.3,56,19.8,25.2,2.8,1.8,2.5,4.4,6,6.3
21229,2024-10-05,3,1023.8,56,20.6,25,1.3,.9,1.2,1.9,5.4,5.9
21229,2024-10-06,3.5,,,,,.9,.6,.8,1.2,4.7,5.2
21229,2024-10-07,3.8,1016,75,19.9,24.4,.8,.5,.7,1.1,4.4,4.7
21229,2024-10-08,7.2,1016.5,66,20.5,24.3,2.6,1.8,2.4,3.5,5.7,6.5
21229,2024-10-09,6.3,1017.3,57,19.6,24.1,2.1,1.4,1.7,2.8,5.4,5.8
21229,2024-10-10,3.7,1015.4,54,20.6,24.2,1.7,1.1,1.3,2.3,5.4,5.7
21229,2024-10-11,2.1,1017.8,59,20.9,24.3,1.5,1,1.4,2.2,5.9,6.7
21229,2024-10-12,4.5,1022.2,65,21.9,24,1.5,1,1.3,2,6.1,6.8
21229,2024-10-13,5.1,1024.8,61,22,24.1,.9,.6,.9,1.6,4.7,6
21229,2024-10-14,6,1021.1,73,21.9,23.8,1.6,1,1.2,2.1,4.7,5
21229,2024-10-15,5.2,1016.6,82,22.1,23.9,1.5,1,1.5,2.4,4.7,5.6
21229,2024-10-16,6.5,1022.6,71,20.5,24.1,2.5,1.7,3.5,5,5.9,7.4
21229,2024-10-17,4.5,1023.7,63,20.8,24.2,1.4,.9,1.5,2.3,5.3,6.6
21229,2024-10-18,6.9,1015,81,22.8,24.1,1.5,1,2.2,3.9,4.6,5.3
21229,2024-10-19,13.6,1019.6,74,16.5,23.4,6.3,4.1,6.2,9.9,7.2,9
21229,2024-10-20,9.1,1032.6,55,14.3,22.9,3.9,2.6,4.4,6.8,6.5,8.2
21229,2024-10-21,6.2,1024.1,71,19.9,23.4,2.1,1.3,1.6,2.7,5.4,5.9
21229,2024-10-22,8.1,1013.7,87,21.7,24.6,2.2,1.4,2.6,4.2,5.2,6.1
21229,2024-10-23,10.7,1010,62,20.2,23.9,3.4,2.3,3,4.9,5.8,6.9
21229,2024-10-24,3.6,1020,58,19.4,23.7,1.8,1.3,2.1,2.9,6.1,7
21229,2024-10-25,4.2,1025.6,64,20.1,23.6,1.5,1.1,1.3,1.9,5.7,6.4
21229,2024-10-26,5.3,1022.2,64,19.8,23,1.4,.9,1.1,1.8,4.8,5.2
21229,2024-10-27,2.1,1012.5,61,20,23.1,.9,.6,.7,1.4,5,5.3
21229,2024-10-28,10,1016.4,69,16,22.8,3.2,2.1,2.7,4.1,5.7,6.5
21229,2024-10-29,5.4,1019.6,59,17.3,23.3,1.7,1.1,1.5,2.1,5.1,5.3
21229,2024-10-30,4.3,,,,,1.4,.9,1.1,1.8,5,5.4
21229,2024-10-31,5,1024,60,19.5,22.9,1.1,.7,.9,1.4,4.2,5.1
21229,2024-11-01,,,,,,,,.6,1,,4.6
21229,2024-11-02,9.9,1017.7,72,18.5,22.8,2.7,1.8,2.5,4,5,6.2
21229,2024-11-03,7.1,1021.8,60,18.5,22.5,2,1.4,2.1,3.1,5.3,5.9
21229,2024-11-04,9.5,1017.9,64,19.3,21.9,2.1,1.4,2.2,3.6,4.7,5.8
21229,2024-11-05,11,1019.1,72,14.5,21.7,3.7,2.4,3,4.5,5.7,6.2
21229,2024-11-06,8.1,,,,,3,2,2.7,4.9,5.6,6.2
21229,2024-11-07,6.1,1030,61,13.1,20.3,2.4,1.7,2.6,3.8,5.9,6.6
21229,2024-11-08,5.3,1028.7,73,15.1,20.5,2.1,1.4,1.7,3.4,5.6,6.5
21229,2024-11-09,4.9,1027.5,68,17.1,20.7,1.6,1.1,1.3,2.2,5.4,5.9
21229,2024-11-10,4.1,1021.7,61,17.9,21.6,1.1,.7,.8,1.6,4.5,4.6
21229,2024-11-11,,1019.7,69,18.1,22.1,,,1.8,2.7,,5.7
21229,2024-11-12,8.2,1017.3,65,18.5,22.2,1.5,1,1.7,2.9,4.5,5.6
21229,2024-11-13,6.8,1024.2,58,15.4,21.7,2.4,1.5,2.1,3.4,5.4,6.2
21229,2024-11-14,4.1,1021.5,59,17.1,21.5,1.1,.7,1.1,1.6,4.8,5.2
21229,2024-11-15,4.4,,,,,.8,.5,.7,1.2,4.2,4.8
21229,2024-11-16,5.6,1015.5,78,19.2,21.3,1.1,.7,.8,1.4,4.1,4.3
21229,2024-11-17,9.7,1017.9,76,14.2,20.7,3.3,2.2,3.8,5.5,5.7,7.4
21229,2024-11-18,10.7,1028.1,66,8.9,20.9,3.9,2.6,3,4.8,6.2,7
21229,2024-11-19,5.7,1030.2,55,9.8,20.6,2.2,1.5,2.1,3.4,5.9,6.7
21229,2024-11-20,6.8,1021.6,53,13.9,19.9,1.4,.9,1.3,2.3,4.6,5.2
21229,2024-11-21,6.6,,,,,1.6,1,1.9,2.7,4.6,5.6
21229,2024-11-22,10.8,1019.5,63,11.5,19.7,3.5,2.3,3.4,5.5,5.7,6.5
21229,2024-11-23,9.9,1027.8,55,9.4,20,4.6,3,3.5,6.1,6.7,7.3
21229,2024-11-24,4.8,1030,53,10.4,19.8,2.4,1.7,2.5,3.7,6.7,7.3
21229,2024-11-25,7.3,1028.1,57,13.5,19.9,1.8,1.3,2.1,3,5.5,7
21229,2024-11-26,13.2,1007.5,61,14.7,19.9,,3.5,4.7,8,6.6,7.4
21229,2024-11-27,12.2,1007.8,57,9.2,19.8,4.5,3,4,7.2,6.3,6.6
21229,2024-11-28,11,1006.6,62,8.5,19.7,,,4.1,6.5,,6.6
21229,2024-11-29,,,,,,,,3.2,6,,6.8
21229,2024-11-30,9.7,1010.6,52,11,19.3,3.9,2.5,3.3,5.4,6.2,6.7
21229,2024-12-01,6,1015.1,48,13.2,19.2,2.4,1.6,2.2,4,5.6,6
21229,2024-12-02,9.9,1013.3,57,16.1,19.1,2.2,1.4,1.9,3.4,4.7,5.2
21229,2024-12-03,,1017,53,11.4,18.9,,,3,4.6,,6.5
21229,2024-12-04,8.4,1017.1,44,8.9,18.9,2.9,1.9,2.6,5,5.6,6.2
21229,2024-12-05,9.8,1012.3,47,9.4,18.7,3.2,2,2.5,4.4,5.6,6.1
21229,2024-12-06,10,,,,,3.5,2.3,3.4,5.1,5.9,6.7
21229,2024-12-07,9,1017.4,54,7.4,18.2,2.8,1.8,2.3,3.7,5.3,5.7
21229,2024-12-08,,,,,,,,3.2,5,,6.1
21229,2024-12-10,,,,,,,,1.3,2.4,,5.7
21229,2024-12-11,,,,,,,,3,5.3,,6.6
21229,2024-12-12,5.3,1021.1,63,7.3,17.5,2.5,1.6,2.4,3.9,5.9,6.6
21229,2024-12-13,,,,,,,,1.3,2,,5.7
21229,2024-12-15,,,,,,,,2.7,4.8,,6.1
21229,2024-12-16,9.1,1018,49,6.7,16.3,2.8,1.8,2.3,4.2,5.4,5.7
21229,2024-12-17,,,,,,,,1.9,3.4,,5.5
21229,2024-12-18,10.4,,,,,3.9,2.6,3.4,5.2,6.1,6.4
21229,2024-12-19,6.9,1025.9,54,6.4,16,3.2,2.1,3.2,4.7,6.3,7.4
21229,2024-12-20,9.3,1019.5,56,10,16.2,2.6,1.7,2.4,4.3,5.4,6.9
21229,2024-12-21,10.6,1012.4,74,6.1,15.9,3.2,2.2,3.7,6,5.4,6.9
21229,2024-12-22,10.8,1019,75,4,15.6,4.8,3.1,3.5,5.8,6.7,7
21229,2024-12-23,8.6,1020.8,50,7,15.3,2.9,1.9,2.3,4.2,5.7,6.4
21229,2024-12-24,5.7,1024.4,52,8,15.3,2.9,2,2.3,3.6,6.3,7.1
21229,2024-12-25,8.6,1021.3,54,9.9,16,2.6,1.6,2.2,3.7,5.5,7.1
21229,2024-12-26,10.6,1017.2,50,8.1,15.5,3.2,2.1,2.7,4.8,5.6,6.2
21229,2024-12-27,10.9,1018.4,65,4.3,14.6,4,2.7,3.3,4.9,6.1,7
21229,2024-12-28,8.6,1016.9,61,3.8,15.4,3.2,2.1,2.9,4.5,5.8,6.4
21229,2024-12-29,7.7,1022,54,5.9,15.1,3,2,2.8,4.7,6.2,6.8
21229,2024-12-30,8.5,1016.1,53,10,15.1,2.4,1.5,2,3.2,5.4,6.2
21229,2024-12-31,9.8,1014.9,52,7.3,15.3,3.6,2.4,3,4.7,5.9,7.1
21229,2025-01-01,6.8,,,,,2.3,1.6,2.1,3,5.4,6.8
21229,2025-01-02,8.1,1020.8,,8,15.2,1.9,1.2,1.4,2.6,4.8,5.4
21229,2025-01-03,9.9,1021.3,56,4.1,14.7,2.5,1.7,2.3,3.5,5.1,5.8
21229,2025-01-04,6.3,1023.7,54,5.2,14.4,1.8,1.2,1.5,2.3,5,5.8
21229,2025-01-05,8,,,,,1.8,1.2,1.9,2.7,4.9,5.6
21229,2025-01-06,8,1011.7,61,8.2,14.5,1.8,1.1,1.8,3,4.5,4.8
21229,2025-01-07,11.6,1011.8,59,3.5,14.3,4.3,2.8,3.4,6.7,6.5,7.1
21229,2025-01-08,10.6,1014.4,49,3.4,13.8,4,2.6,3.3,5.2,6.3,7.1
21229,2025-01-09,12.4,1016.7,74,-1.6,13.7,4.8,3.3,3.9,6,6.6,7.2
21229,2025-01-10,11,1023.8,78,2.6,13.3,5.7,3.7,4.5,7.1,7.3,8
21229,2025-01-11,6.4,,,,,4.3,2.9,3.5,5.8,7.8,8.5
21229,2025-01-12,7.6,,,,,3.1,2,2.5,4.9,5.8,6.6
21229,2025-01-13,6.2,1022.2,52,6.3,12.9,1.9,1.3,2,3.1,5,5.4
21229,2025-01-14,9.5,1020.8,57,7.9,12.7,2.6,1.6,2.1,3.6,5,5.4
21229,2025-01-15,10.6,1022.8,57,2,12.3,3.6,2.4,3,4.7,5.9,6.5
21229,2025-01-16,7.8,1020.7,55,5,12.2,2.1,1.4,1.9,3,5.6,6.7
21229,2025-01-17,4.6,1024.8,55,5.8,12.5,2.1,1.4,1.8,2.9,5.9,6.3
21229,2025-01-18,5.8,1021.8,53,9.1,13,1.3,.9,1,1.9,5,6
21229,2025-01-19,4.4,1015.6,52,9.6,12.2,1.5,1,1.1,1.8,5,5.2
21229,2025-01-20,2.5,1015.3,60,8.3,11.9,.9,.6,1,1.4,4.5,5.2
21229,2025-01-21,4.5,,,,,1.1,.7,.9,1.4,4.3,4.7
21229,2025-01-22,3.7,1022.1,51,8.6,11.9,.8,.5,.6,1,4.2,4.8
21229,2025-01-23,3.8,1023.4,62,7.7,13.3,1.4,.9,1.2,2.3,5.2,6
21229,2025-01-24,5.8,,,,,1.8,1.1,2,3.7,5,5.5
21229,2025-01-25,8.5,1029.8,57,5.5,11.6,2.4,1.6,1.8,3,5.2,5.8
21229,2025-01-26,6.5,1025.3,60,5.9,11.7,3.3,2.2,2.7,4.1,6.6,7
21229,2025-01-27,,1011.8,70,5.9,11,,,2.7,3.9,,7.2
21229,2025-01-28,13.4,1008.6,58,3.7,11,5.4,3.6,5,8.5,6.6,7.5
21229,2025-01-29,9.1,1016.1,56,2.9,12.4,4.4,2.9,3.4,5.1,6.6,6.9
21229,2025-01-30,11.1,1022.5,52,2.9,12.6,4.8,3.1,4.1,7.1,6.8,7.1
21229,2025-01-31,5.1,1024.9,57,6.6,12.7,2.6,1.8,2.2,3.4,5.9,6.1
21229,2025-02-01,,1020.4,81,6.7,12.7,,,2.4,4,,6.7
21229,2025-02-02,9.1,1014.9,76,8.2,12,3.3,2.2,2.6,4.4,5.8,6.1
21229,2025-02-03,,,,,,,,4.4,6.9,,7.3
21229,2025-02-04,12.2,,,,,4.9,3.3,3.7,6,6.7,7.3
21229,2025-02-05,12.3,,,,,5,3.4,4.3,6.4,6.9,7.4
21229,2025-02-06,10.2,1015.6,54,.2,11.8,4.6,3,3.5,6.1,6.8,7.4
21229,2025-02-07,11.4,1012.6,67,-.7,11.6,4.3,2.9,4.4,7.3,6.4,7
21229,2025-02-08,11.1,,,,,4.7,3.2,3.7,6,6.8,7.3
21229,2025-02-09,6,1022.4,54,2.6,11.7,3,2.1,2.9,4.4,8.4,18.3
21229,2025-02-10,7.7,,,,,2.5,1.7,2.1,3.3,6,6.9
21229,2025-02-11,5.8,1026.6,50,5.4,11.4,2,1.3,1.8,2.9,5.6,6.1
21229,2025-02-12,10.3,1011.7,76,7.2,11.2,2.3,1.4,1.9,3.1,5.1,5.7
21229,2025-02-13,10,1018.4,46,4.5,11.4,4.6,3,4.8,7.4,6.8,7.6
21229,2025-02-14,5.9,1019.2,48,7.9,11,2.2,1.5,2.2,3.7,5.5,6.1
21229,2025-02-15,7.1,1015.4,57,9.8,11.2,1.3,.9,1.4,2.1,4.6,5
21229,2025-02-16,,1013.1,56,9.1,11.5,,,1.3,2.3,,5.5
21229,2025-02-17,11.9,1017.3,65,3.2,11,3.8,2.5,3.2,6,5.9,6.6
21229,2025-02-18,,,,,,,,2.5,3.9,,6.1
21229,2025-02-19,7.4,1024,71,.8,10.8,2.9,1.9,2.2,3.9,6.2,6.8
21229,2025-02-20,7.6,1025.6,74,1.3,9.9,2.6,1.8,2.3,3.4,6.4,7.4
21229,2025-02-21,,1026.1,65,1.6,9.7,,,1.7,3.1,,6.6
21229,2025-02-22,5.8,1027.6,86,.6,10.3,2.4,1.7,1.9,3.1,5.9,6.6
21229,2025-02-23,6.8,,,,,2.2,1.4,2.1,3.4,5.9,6.8
21229,2025-02-24,8.4,1026.3,53,3.8,10.3,2.5,1.6,2.1,3.2,5.4,6.3
21229,2025-02-25,7.7,1021.5,50,7.5,10.7,2.1,1.4,2.5,3.8,5.3,6.4
21229,2025-02-26,6.6,1020.1,47,8,10.7,3.1,2.1,2.6,4.7,6,6.4
21229,2025-02-27,7.8,1020.9,50,9,10.6,2.4,1.5,2,3.2,5.2,6
21229,2025-02-28,6.3,1018.1,75,10.4,10.5,1.6,1.1,1.8,2.8,4.6,5.1
21229,2025-03-01,3.6,1018,95,10.1,10.7,1.1,.7,.8,1.5,4.5,4.7
21229,2025-03-02,,1019.4,83,7.6,10.5,,,3.8,5.9,,7.4
21229,2025-03-03,,1025.6,73,3.1,9.8,,,4.2,6.6,,7.4
21229,2025-03-04,10.7,1023.7,76,4,9.6,3.9,2.6,3.3,4.7,6,6.7
21229,2025-03-05,9.2,1021.9,76,4.8,9.3,3.7,2.5,3.7,5.6,6.1,6.9
21229,2025-03-06,8.6,1025.1,58,5,9,2.6,1.7,2,3.3,5.2,5.8
21229,2025-03-07,3.8,1029,56,5.4,9.1,2.2,1.4,1.8,3.1,5.8,6.3
21229,2025-03-08,5.5,1026.7,59,6.8,9,1.3,.9,1,1.5,5.1,5.8
21229,2025-03-09,,,,,,,,.8,1.4,,5.2
21229,2025-03-10,5.8,1026.3,75,8.9,9.5,.8,.5,.8,1.3,4,5.1
21229,2025-03-11,3.4,1019.6,86,9.8,10.2,1,.7,.9,1.6,4.5,4.7
21229,2025-03-12,6.3,1013.5,82,10.5,10.1,1.1,.8,.9,1.6,4.5,5
21229,2025-03-13,6.8,1020.8,55,9.6,9.5,1.6,1.1,1.5,2.1,4.5,5
21229,2025-03-14,7,1027.5,61,8.7,9.9,1.3,.9,1.5,2.5,4.5,6.5
21229,2025-03-15,8.8,1025.5,61,7.6,9.9,2.5,1.9,2.7,4.2,,7.4
21229,2025-03-16,,,,,,,,2.9,4.5,,
21229,2025-03-17,6.7,1014.4,70,4.1,9.8,3.2,2.4,3.1,5.2,,
21229,2025-03-18,10.5,1013.5,86,2.4,9.5,4,2.9,5.6,6.9,,
21229,2025-03-19,6.9,1021.5,51,5.1,9.3,3.3,2.4,3.7,4.9,,
21229,2025-03-20,7.2,,,,,,,2,2.9,,
21229,2025-03-21,8.8,1007.9,75,10.9,9.4,,,,,,
21229,2025-03-22,7.2,,,,,,,,,,
21229,2025-03-23,5.4,1010.7,81,10.5,10.3,,,,,,
21229,2025-03-24,6.1,1001.5,80,11.9,10.6,,,,,,
21229,2025-03-25,6.8,,,,,,,,,,
21229,2025-03-26,6.4,1007.5,75,9.8,10.8,,,,,,
21229,2025-03-27,5.9,1001.5,85,10.4,11.1,,,,,,
21229,2025-03-28,7.5,1013.1,60,6.9,10.7,,,,,,
21229,2025-03-29,6.9,1018.6,55,6.5,10.5,,,,,,
21229,2025-03-30,8.1,1026.3,39,4.3,10.4,,,,,,
21229,2025-03-31,5,1025.6,49,7.2,10.4,,,,,,
21229,2025-04-01,5.4,1023.8,68,9,10.4,,,,,,
21229,2025-04-02,,1019.3,75,8.9,10.8,,,1.1,1.9,,6.6
21229,2025-04-03,6.8,1020.1,72,8.6,10.8,2.2,1.4,1.8,2.8,6.7,8.3
21229,2025-04-04,5,1020.3,74,9.4,11.6,1.5,1,1.4,2,7,8.3
21229,2025-04-05,8.1,1013,83,11.4,12.5,1.9,1.2,1.9,2.9,5.5,6.4
21229,2025-04-06,5.2,1013,70,11.5,12.7,1.6,1.1,1.6,2.8,,6.9
21229,2025-04-07,5.5,1015.7,71,12.1,12.5,1.3,.9,1,1.6,,
21229,2025-04-08,,,,,,,,1.5,2.3,,
21229,2025-05-05,,,,,,,,.8,1.4,,5.9
21229,2025-05-06,5.6,1007.7,80,12.9,13.1,1.1,.7,1,1.5,5.1,5.9
21229,2025-05-07,2.9,1013.9,77,13.6,13.9,.8,.5,.8,1.2,5.4,5.9
21229,2025-05-08,5,1018.7,86,14.2,13.7,.9,,.8,1.4,4.6,5.9
21229,2025-05-09,4.6,1009.8,94,13.9,13.4,1.2,.8,1.4,2.6,4.7,5.9
21229,2025-05-10,6.7,998,91,13.7,13.7,4.3,2.7,3.3,5.4,8.3,9.1
21229,2025-05-11,3.3,1005.5,91,14.1,14.1,2.9,1.8,2.5,4.1,8.8,10.5
21229,2025-05-12,4.1,1008.2,84,15.1,14.4,1.6,1,1.2,2.3,6.7,8.3
21229,2025-05-13,4.9,1013.7,90,15.2,14.3,1.6,1,1.5,2.4,5.9,6.3
21229,2025-05-14,4.7,1015.7,87,15.5,14.4,1.8,1.1,1.4,2.3,5.8,6.7
21229,2025-05-15,7,1014.3,92,16,14.4,2.7,1.6,2,3.2,6.5,7.1
21229,2025-05-16,5.3,1013.1,95,15.9,14.5,2,1.2,1.5,2.8,6,6.7
21229,2025-05-17,5.5,1003.8,97,15.7,15,1.7,1,1.8,2.9,6,8.3
21229,2025-05-18,5,1009.4,77,15.1,15.2,2.3,1.4,2,3.3,6.7,7.1
21229,2025-05-19,7.7,1006.1,90,15.9,15.3,1.8,1.1,2.4,3.7,5.4,7.7
21229,2025-05-20,5.9,1006.9,91,17.3,15.2,2.9,1.9,3,4.3,7.2,8.3
21229,2025-05-21,5.2,1007.9,95,16.3,15.6,1.8,1.1,2,3.6,5.5,7.1
21229,2025-05-22,6.3,1010.1,90,14.8,15.5,1.5,1,1.2,2,5.2,5.9
21229,2025-05-23,4.6,1014.8,88,15,15.6,1,.6,.7,1.3,4.8,5.9
21229,2025-05-24,9.7,1011.1,87,13.8,15.4,2.8,1.8,2.6,4.8,6.2,7.7
21229,2025-05-25,5.7,1013.8,78,,15.3,2.7,1.7,2.3,3.7,7.4,8.3
21229,2025-05-26,5.4,1018.5,88,15.6,15.6,1.2,.8,.9,1.6,6.4,7.1
21229,2025-05-27,4.7,1019.8,90,16.1,16.2,1,.6,.8,1.4,4.2,4.5
21229,2025-05-28,2.9,1019.7,88,15.7,16.7,.6,.4,.5,.8,5.2,7.7
21229,2025-05-29,2.8,1016.6,80,16.1,17.1,.5,,.4,.7,3.8,5
21229,2025-05-30,4.6,1014.1,85,16.4,16.8,.8,.5,.6,1,4.2,4.5
21229,2025-05-31,6.8,1010.6,86,16.6,16.6,1.3,.8,1.1,1.8,4.8,6.3
21229,2025-06-01,3.9,1010,87,15.7,16.8,1.8,1.2,1.4,2.3,7.4,8.3
21229,2025-06-02,3.5,1005.2,94,16.8,16.9,1.5,.9,1.3,2.4,7.9,8.3
21229,2025-06-03,3.1,999.1,93,17.1,17,.7,.5,.7,1.1,6.5,7.7
21229,2025-06-04,5.3,1002,77,18.3,16.8,1.3,.8,1.2,1.8,4.6,7.1
21229,2025-06-05,5.2,1009,79,18.4,17.1,1.5,.9,1.3,2.2,7.1,8.3
21229,2025-06-06,5.3,1007.4,86,18.8,17.5,1.7,1.1,1.4,2.3,5.4,5.9
21229,2025-06-07,4.1,1007.9,84,19.3,18.1,1.3,.8,1.1,1.8,5,5.9
21229,2025-06-08,2.2,1008.4,93,19,18.9,.9,.6,.9,1.6,4.8,5.6
21229,2025-06-09,5.3,1007.9,93,19.4,19,.8,.5,.7,1.3,3.7,4.5
21229,2025-06-10,5.2,1005,93,19.6,19,1.2,.7,.9,1.7,4.7,5.3
21229,2025-06-11,3.7,1010.1,78,20.5,19.3,1.2,.8,1.1,1.7,5.6,6.7
21229,2025-06-12,3.1,1016.4,89,20,19.9,.7,.5,.6,1.2,5.9,6.7
21229,2025-06-13,5,1014.6,91,20,19.8,.8,.5,.7,1,4.8,6.7
21229,2025-06-14,4.7,1002.7,98,19.7,19.7,1.4,.9,1.1,1.8,4.8,6.3
21229,2025-06-15,4.4,1001.1,97,19.6,20,1.1,.7,.9,1.4,5.5,6.7
21229,2025-06-16,6,998.6,96,20.8,20.1,2.1,1.3,2.1,3.3,6.1,7.7
21229,2025-06-17,6.8,1005.2,93,20.5,20,2.3,1.5,1.8,3,5.9,7.1
21229,2025-06-18,4.3,1010.1,97,20.3,20.2,1.5,1,1.6,2.4,5.6,6.7
21229,2025-06-19,3.2,1013,93,21.5,21.2,.6,.4,.6,1,5.1,5.9
21229,2025-06-20,9.5,1008.4,95,21.8,20.7,2.1,1.3,2.5,4.2,5,7.1
21229,2025-06-21,10.7,1002.9,97,21,19.8,3.8,2.4,3.1,5.3,7.5,8.3
21229,2025-06-22,5.7,1005,92,19.9,19.9,1.3,.9,1.3,2.2,5.9,7.1
21229,2025-06-23,3.2,1008,94,20.7,20.8,.6,.4,.6,1,5.1,7.1
21229,2025-06-24,4.3,1011,96,20.7,21.2,.6,.4,.7,1.2,4.5,7.1
21229,2025-06-25,6,1008,98,20.9,21,1.3,.8,1.1,1.7,4.4,5.6
21229,2025-06-26,4.3,1007.3,94,20.4,21.2,1.3,.8,1.1,1.8,5.2,6.3
21229,2025-06-27,2.3,1008.3,96,21.5,21.6,.6,.4,.7,1.1,5,5.6
21229,2025-06-28,,,,,,,,.3,.8,,6.7
21229,2025-06-29,4.7,1008.1,98,22,22,.7,.4,.5,.9,3.8,4.3
21229,2025-06-30,2.9,1010.1,96,23.1,22.9,.6,.4,.5,.8,4.1,5.3
21229,2025-07-01,4,1011.7,94,23.5,23.3,.6,.4,.4,.8,4.2,5.8
21229,2025-07-02,3.3,1011.3,93,24.6,24.3,.5,.3,.4,.8,4.4,5.3
21229,2025-07-03,4.2,1008.6,93,24.2,24.3,.5,.4,.5,.7,4.6,7.8
21229,2025-07-04,4.6,1005.2,91,24.4,24.7,.7,.5,.7,1.2,4.1,4.7
21229,2025-07-05,3.6,,,,,.7,.5,.7,1.2,4.7,5.7
21229,2025-07-06,3,1002.9,90,25.6,26,.6,.4,.5,.7,4.7,5.4
21229,2025-07-07,2,1006.4,90,26.6,27.1,.5,.3,.4,.6,4.8,5.3
21229,2025-07-08,3.7,1009.8,90,26.3,27.3,.3,.2,.3,.6,4.5,5.6
21229,2025-07-09,,,,,,,,.5,.7,,4
21229,2025-07-10,,,,,,,,1.2,1.8,,6
21229,2025-07-11,6.8,1014.8,81,24.9,25.9,1.8,1.2,1.5,2.2,6.3,7.3
21229,2025-07-12,,1011.7,80,,26.1,,,1.2,1.9,,7.8
21229,2025-07-13,4.9,1001.9,86,24.6,26.2,.9,.6,.7,1.2,6,7.3
21229,2025-07-14,,,,,,,,2,3.5,,7.5
21229,2025-07-15,7.9,995.7,87,24.1,24.3,2,1.4,1.6,2.7,6.3,7.8
21229,2025-07-16,,,,,,,,1.5,2.8,,8.8
21229,2025-07-17,7.3,1006.7,91,24.3,24,1.5,.9,1.3,2.7,5,6
21229,2025-07-18,7.4,1008.7,92,24.2,24,2,1.3,1.7,2.6,5.7,6.6
21229,2025-07-19,,,,,,,,2.1,3.1,,6.6
21229,2025-07-20,6.5,1013.1,90,24.6,24.2,1.2,.8,1.1,1.8,4.6,6.1
21229,2025-07-21,6.4,1013.7,92,25,24.4,1.1,.7,.9,1.6,4.2,5.2
21229,2025-07-22,,1013.6,94,25,24.9,,,.9,1.4,,5.1
21229,2025-07-23,2.5,1012.8,92,26.1,26,.4,.3,.4,.6,3.9,4.4
21229,2025-07-24,3.9,1011.4,93,26.2,26.3,.3,.2,.3,.4,3.9,6.4
21229,2025-07-25,2.3,1010.7,94,26.6,27,.3,.2,.3,.5,3.6,5.1
21229,2025-07-26,3,1009.1,93,27.6,27.9,.3,.2,.3,.5,4.1,7.3
21229,2025-07-27,4.5,1006.7,90,27.8,28.1,.4,.3,.3,.5,3.6,7.3
21229,2025-07-28,4.8,1003.9,90,27.3,27.6,.8,.5,.6,1,4.1,4.7
21229,2025-07-29,3,1002.8,90,27.8,28.4,.5,.3,.4,.9,3.7,4.6
21229,2025-07-30,4.2,1003.1,89,28.2,29,,,.4,.7,,3.6
21229,2025-07-31,3.4,,,,,,,,,,
21229,2025-08-01,1.9,1004,80,28.1,29.8,,,,,,
21229,2025-08-02,,1003.2,81,28.3,29.7,,,,,,
21229,2025-08-03,,1002.8,85,28.6,29.5,,,,,,
21229,2025-08-12,3.6,1011.9,80,25.5,26.9,,,,,,
21229,2025-08-13,5.3,1014.1,95,26.1,26.2,,,,,,
21229,2025-08-14,3.8,,,,,,,,,,
21229,2025-08-15,1.9,1014.4,91,26.7,27.4,,,,,,
21229,2025-08-16,3.7,1012.7,92,27.3,27.9,,,,,,
21229,2025-08-17,3.6,1013.2,83,28.2,28.3,,,,,,
21229,2025-08-18,4,1013.6,88,27.8,28.2,,,,,,
21229,2025-08-19,5.7,1010.2,87,28,27.9,,,,,,
21229,2025-08-20,4.8,1009.2,89,27.9,28,,,,,,
21229,2025-08-21,2.7,1010,87,28.4,28.7,,,,,,
21229,2025-08-22,,1008.9,88,28.2,28.8,,,,,,
21229,2025-08-23,2.7,1009.8,86,28.8,29,,,,,,
21229,2025-08-24,2.6,1011.8,87,29,29.6,,,,,,
21229,2025-08-25,5.9,,,,,,,,,,
21229,2025-08-26,8,1006.9,82,28.9,28.8,,,,,,
21229,2025-08-27,5.3,1011.7,76,27.6,28.8,,,,,,
21229,2025-08-28,4.4,1013.7,74,27.1,28.7,,,,,,
21229,2025-08-29,7.2,1012.2,85,28.3,28.5,,,,,,
21229,2025-08-30,2.3,1013.7,84,28.9,29.1,,,,,,
21229,2025-08-31,5.5,1010.6,87,28.4,29,,,,,,
21229,2025-09-01,10.1,1006,88,27.6,28.5,,,,,,
21229,2025-09-02,4.7,1009.1,82,26.8,28.3,,,,,,
21229,2025-09-03,4.5,,,,,,,,,,
21229,2025-09-04,7.7,1011.6,81,27,28.2,,,,,,
21229,2025-09-05,5.8,,,,,,,,,,
21229,2025-09-07,6,1006.7,86,27.1,27.6,,,,,,
21229,2025-09-08,3.1,,,,,,,.4,.6,,4.8
21229,2025-09-09,3.2,1012.2,70,26,27.4,.7,.5,.6,1.1,4,5.6
21229,2025-09-10,6.3,1013.3,71,24.2,27.3,1.6,1,1.5,2.7,5.6,7.7
21229,2025-09-11,7.2,1017,63,26,27.4,1.8,1.2,1.3,2.1,6,7.7
21229,2025-09-12,7.6,1014.7,69,26,27.1,2.1,1.3,1.4,2.6,6.1,6.3
21229,2025-09-13,9.1,1006.7,80,24.4,27.2,3.1,1.9,3.2,4.7,6.7,8.3
21229,2025-09-14,3.4,1011.9,70,25,27.1,1.9,1.2,1.8,3.1,7.9,9.1
21229,2025-09-15,2.7,1015.1,72,26.9,27.4,1.3,.8,1.1,2,9,10
21229,2025-09-16,4.8,1011.7,82,26.4,26.4,1,.6,.8,1.3,6.1,9.1
21229,2025-09-17,6.4,1009.7,79,25,26.3,2,1.2,3,4.9,6,10
21229,2025-09-18,8.5,1016.6,58,22.5,25.8,2.8,1.8,2.2,3.9,7.2,8.3
21229,2025-09-19,4.6,1018.3,58,22.4,25.5,1.8,1.1,1.5,2.6,6.6,7.1
21229,2025-09-20,9,1007.8,79,22,25.4,3.4,2,2.6,5.2,6.8,9.1
21229,2025-09-21,7.1,1017.6,57,22.5,25,2.6,1.7,2.1,3.5,7.7,8.3
21229,2025-09-22,6.4,1022,55,22.2,25,2.1,1.4,1.7,2.8,8.2,9.1
21229,2025-09-23,4.8,1020.6,59,23,24.5,1.5,.9,1.1,2,6.7,9.1
21229,2025-09-24,6.8,1014.9,80,24.7,24.8,1.4,.9,1.4,2.4,5.4,6.7
21229,2025-09-25,4.9,1016.1,79,24.8,25.2,1.8,1.2,1.6,2.7,6.1,6.7
21229,2025-09-26,2.5,1018.7,74,23.9,25.8,.9,.6,.9,1.3,5.2,5.9
21229,2025-09-27,4.4,1019,60,23.9,25.5,.7,.5,.6,.9,4.3,5.6
21229,2025-09-28,6.7,1010.2,70,22.8,25,1.2,.8,1.5,2.9,4.5,5
21229,2025-09-29,8.5,1011.4,65,21.9,23.7,2.8,1.7,2.1,3.9,6.7,7.1
21229,2025-09-30,3.3,1013,61,22.2,23.7,1.8,1.1,1.7,3.1,6.8,7.7
21229,2025-10-01,2.6,1012.9,66,22.6,23.8,.8,.5,.7,1.2,5.7,7.7
21229,2025-10-02,2.1,1018,68,23.2,23.7,.5,.3,.4,.6,6,7.7
21229,2025-10-03,5.7,1018.9,70,22.9,23.4,1.1,.7,1.2,1.9,4.2,5.9
21229,2025-10-04,5.1,1014,80,22.6,23.4,1.7,1.1,1.3,2.2,6.1,7.7
21229,2025-10-05,4.5,1014.5,78,22.7,23.3,1.2,.8,.9,1.6,5.6,6.3
21229,2025-10-06,9.4,1017.8,67,22,23,3.3,2,2.8,5.5,7.2,9.1
21229,2025-10-07,7.4,1017.1,68,22.2,23.8,3.1,2,2.8,4.8,7.7,9.1
21229,2025-10-08,5.9,1017.4,69,22,24.2,1.6,1,1.4,2.4,6.4,7.7
21229,2025-10-09,8.3,1021.3,58,20.2,23.7,3.2,2,2.4,4.3,7.5,8.3
21229,2025-10-10,6.6,1020,59,20.5,23.3,2.1,1.3,1.5,2.5,6.5,11.8
21229,2025-10-11,6.9,1012.7,74,22.7,22.9,2.4,1.5,1.7,3.4,6.1,7.1
21229,2025-10-12,9.4,1013.2,76,20.9,23,3,1.9,2.9,4.6,7.5,8.3
21229,2025-10-13,7.7,1016.7,75,19.3,22.2,2.7,1.8,2.3,3.4,7.6,9.1
21229,2025-10-14,9.3,1018.2,76,19.5,22,3.1,2,2.4,3.8,6.8,7.7
21229,2025-10-15,7.3,1020.9,67,21.2,21.8,2.3,1.5,1.6,3,6.7,7.7
21229,2025-10-16,8.8,1018.9,75,20.2,,2.7,1.7,2.1,3.4,6.8,7.7
21229,2025-10-17,5.9,1021.9,68,20.9,21.7,2.8,1.8,2.1,3.8,7.7,9.1
21229,2025-10-18,9.4,1018.9,77,17.8,22,3.7,2.4,4.3,7.2,8.2,11.8
21229,2025-10-19,7.1,1023.4,62,16.6,21.7,3.5,2.4,3.8,6.5,9.3,11.1
21229,2025-10-20,11,1026.8,68,13.7,21.1,4.8,3.1,4.3,6.8,8.9,10
21229,2025-10-21,8.7,1028.8,62,14.5,20.7,2.8,1.8,2.3,3.5,6.7,8.3
21229,2025-10-22,10.4,1029.6,59,15.5,20.9,3.3,2,2.5,4.3,6.2,7.1
21229,2025-10-23,8.5,1027.9,57,16.9,21.2,2.3,1.5,1.8,3.1,5.6,6.3
21229,2025-10-24,9.1,1027.1,60,16.6,20.8,3,1.8,3,5.4,6.6,7.7
21229,2025-10-25,5.2,1020.7,67,18.3,20.5,1.9,1.2,1.4,2.4,5.7,6.7
21229,2025-10-26,5.3,1015.2,55,17.3,20.6,1.2,.8,1,1.6,4.9,5.9
21229,2025-10-27,10,1016.6,42,14.2,20.1,3.3,2.1,2.9,4.7,7.8,10
21229,2025-10-28,8.5,1025.1,40,12.8,20.2,3,1.9,2.9,4.8,7.4,8.3
21229,2025-10-29,2.9,1029,39,15,20.3,1.3,.9,1.3,1.9,6.4,7.1
21229,2025-10-30,4.9,1024.8,52,17,20.6,.9,.6,.6,1,10.3,11.8
21229,2025-10-31,2.8,1016.6,56,17.5,19.9,.8,.5,1.4,2.3,7.1,9.1
21229,2025-11-01,6.6,1009.2,58,16,20,2.6,1.6,2.3,3.7,6.7,7.7
21229,2025-11-02,11.7,1013.4,48,13.9,19.6,4,2.5,3,5.1,7.7,8.3
21229,2025-11-03,7.6,1026.9,51,12.5,19.2,5.2,3.3,4.5,9,9.9,10.5
21229,2025-11-04,6.3,1025.5,52,16.1,19.3,2.2,1.4,2.3,3.9,8.3,10.5
21229,2025-11-05,3.7,1023.5,56,17.7,19.2,1.1,.8,1.1,1.7,5.2,6.3
21229,2025-11-06,5.5,1023.2,61,16.3,19,.9,.6,.8,1.5,5.1,6.7
21229,2025-11-07,4,1026.3,53,16,19,1.1,.7,2,3.9,4.9,6.7
21229,2025-11-08,7.5,1024.1,58,15.4,18.9,2.8,1.9,2.4,4,7.8,9.1
21229,2025-11-09,6.9,1013,54,17.4,18.9,2.3,1.5,1.7,2.8,9.6,13.3
21229,2025-11-10,8.8,1015.3,45,12.9,18.8,3.9,2.5,4.3,6.5,8.4,10
21229,2025-11-11,4.4,1020.5,44,14,18.8,2.1,1.4,2.4,3.5,7.6,10
21229,2025-11-12,7,1021.2,56,16,18.7,1.6,1,1.2,2.2,5.2,6.7
21229,2025-11-13,6.2,1016.2,44,17,18.6,1.6,1.1,1.4,2.1,5.4,6.7
21229,2025-11-14,5.8,1018.5,57,15.1,18.7,1.8,1.1,1.5,2.9,7.2,10
21229,2025-11-15,2.8,1024.8,55,15.7,18.5,1.9,1.2,1.6,2.7,6.1,7.7
21229,2025-11-16,7.7,1023,51,17.8,18.8,1.8,1.1,2.1,3.4,5.4,7.7
21229,2025-11-17,12,1020.6,50,12.1,18.4,4.3,2.7,4.4,7.1,8.3,10.5
21229,2025-11-18,10.4,1021,59,7.8,18.1,4.4,2.8,3.2,5.9,8.8,10.5
21229,2025-11-19,3.4,1023.1,48,9.9,17.9,2.6,1.7,2.8,4.7,8.1,9.1
21229,2025-11-20,7.3,1018.9,48,13.8,17.9,2.1,1.3,2,3.4,5.8,10.5
21229,2025-11-21,8,1020.8,44,12.7,17.7,3.4,2.1,3.5,6,8.1,9.1
21229,2025-11-22,4.5,1022.9,49,14.3,17.7,1.7,1.1,1.7,2.5,6.7,7.7
21229,2025-11-23,3.9,1020.1,47,15.3,17.6,1.2,.7,.9,1.6,5.3,6.3
21229,2025-11-24,4.5,1016.1,52,16.4,18.1,1.2,.8,.9,1.7,5.1,5.9
21229,2025-11-25,7.1,1011,57,13.9,17.8,1.8,1.1,2.9,4.2,5.2,8.3
21229,2025-11-26,6.4,1021.7,54,13.1,17.4,3.2,2.1,3.4,5.9,8.5,9.1
21229,2025-11-27,11.3,1011.2,56,13.7,17.2,3.5,2.2,3,4.9,6.4,8.3
21229,2025-11-28,8.1,1017.1,54,9.5,17,4.9,3,3.6,6.1,9.5,11.8
21229,2025-11-29,7.1,1016.7,48,13.1,16.9,3,1.9,2.7,5.1,7.5,10
21229,2025-11-30,7.4,1013.7,56,16.2,16.8,2.3,1.4,1.8,3.2,6.2,7.1
21229,2025-12-01,7.2,1015.7,47,13.4,16.9,3.1,2,2.4,3.6,7.8,10
21229,2025-12-02,8.1,1017.3,46,9.6,16.8,3.3,2.1,2.7,5,8.3,10
21229,2025-12-03,13.6,1017.8,62,2.4,17.1,5.5,3.4,4.4,7.3,9.3,10.5
21229,2025-12-04,9.1,1020.2,52,4.8,16.9,3.7,2.5,4,5.7,8.4,10
21229,2025-12-05,8.5,1021.2,51,6.4,17.1,3.3,2.1,3.6,6.2,7.7,9.1
21229,2025-12-06,5.9,1018.5,47,10.4,16.7,2,1.3,2,3,6.9,7.7
21229,2025-12-07,9.6,1017.3,48,13.8,16.3,3,1.8,2.2,3.8,6.4,7.1
21229,2025-12-08,10.2,1022,40,9.9,16.6,3.8,2.4,3.6,6.1,7.9,9.1
21229,2025-12-09,6,1024,41,9.4,16.4,2,1.4,1.7,2.5,7,8.3
21229,2025-12-10,6.4,1022.8,46,11.4,16.5,1.7,1.2,1.5,2.4,6.5,7.7
21229,2025-12-11,10.9,1017.9,63,10.2,16.5,3.5,2.2,4.6,6.8,6.8,10
21229,2025-12-12,7.9,1032.4,55,3.9,16.3,4.8,3.1,4.4,6.6,10.2,11.8
21229,2025-12-13,8.3,1021.6,59,8.5,16.2,2.4,1.5,1.9,2.9,6.4,9.1
21229,2025-12-14,11.8,1012.7,70,6.9,16,4.9,3.2,4.5,7.6,8.8,12.5
21229,2025-12-15,5.8,1021.6,50,7.8,15.8,4.6,3,3.6,6.5,11,11.8
21229,2025-12-16,5.5,1020.8,52,10.6,15.3,2.7,1.7,2.2,3.6,10.3,11.8
21229,2025-12-17,8.7,1019.7,66,9.2,15.2,3.2,2,3.2,5.7,7.3,9.1
21229,2025-12-18,3.7,1024.4,57,10.5,15.2,1.9,1.2,2,3.2,7.1,7.7
21229,2025-12-19,9.4,1020.4,69,14.6,15.2,2.7,1.7,2.4,4.3,6,6.7
21229,2025-12-20,6.5,1016.4,75,15.9,15.3,2.6,1.6,2,3.1,6.7,7.7
21229,2025-12-21,10.7,1022,56,8.5,15.2,4.2,2.6,3.6,5.7,8.3,10
21229,2025-12-22,5.1,1029.6,70,7,15.2,3,2,2.5,3.9,8.4,9.1
21229,2025-12-23,7.1,1022.5,63,11.4,15.8,2.2,1.4,1.6,2.7,5.6,7.7
21229,2025-12-24,7,1014.7,72,10.9,16,2,1.2,2.2,4.8,5.4,9.1
21229,2025-12-25,11.7,1010.3,82,5.3,15.2,5.1,3,4.5,7.6,8.9,10.5
21229,2025-12-26,11.5,1018.4,75,.9,14.8,6.6,4.2,5.2,8.4,10.5,11.1
21229,2025-12-27,8,1021.1,51,5.4,14.8,3.6,2.3,3.2,5.3,8.6,10
21229,2025-12-28,5.5,1019.9,46,8.7,,1.7,1.1,1.6,2.1,6.3,7.7
21229,2025-12-29,9.4,1014.9,48,11.6,15.2,2.9,1.8,2.3,3.7,6.5,7.1
21229,2025-12-30,11,1019.9,45,6.9,15.1,3.9,2.5,3.3,5.5,8.1,9.1
21229,2025-12-31,10.4,1021.2,69,1.9,14.7,3.9,2.4,2.9,5.4,8,9.1
21229,2026-01-01,10.6,1019.2,79,.4,14.6,4,2.5,2.8,5.4,8.9,10.5
21229,2026-01-02,11.3,1017.5,77,1.3,14.7,5.1,3.2,4,7.1,9.6,11.1
21229,2026-01-03,7.1,1020.6,47,5.2,14.8,3.8,2.4,3.4,5.5,9.8,11.1
21229,2026-01-04,5.4,1018.6,44,7.5,14.8,2.4,1.5,2,3.2,7.9,10.5
21229,2026-01-05,9.4,1016.5,59,5.3,14.7,3.3,2.1,2.9,5.1,7.5,9.1
21229,2026-01-06,6.3,1018.3,45,7.1,14.8,2.6,1.7,2.2,3.7,8.2,9.1
21229,2026-01-07,10.1,1014.3,45,7.4,14.7,3.3,2.1,4,5.8,6.8,9.1
21229,2026-01-08,9.5,1021.5,62,1.3,13.9,4.9,3.1,4.4,6.8,10,11.1
21229,2026-01-09,6.9,1018.2,49,6.4,13.7,2.6,1.7,2.2,3.8,8,11.1
21229,2026-01-10,15.3,1006.1,50,8.4,13.6,5.7,3.6,5.5,7.9,8.2,10
21229,2026-01-11,15.1,1015.1,60,.4,13.3,8,5.1,6,10.4,10.8,11.8
21229,2026-01-12,7.4,1016.3,52,2.8,13.6,4,2.6,4.1,7.2,9.5,11.8
21229,2026-01-13,13,1010.1,49,5,13.7,5.4,3.4,4.2,8.2,8.8,12.5
21229,2026-01-14,6.9,1019.7,47,4.5,13.6,3.4,2.2,3.9,5.9,8.4,10
21229,2026-01-15,9.1,1012.1,64,11.9,13.8,3.2,2,2.5,4.2,6.9,8.3
21229,2026-01-16,5.6,1016.3,49,11.1,13.9,2.4,1.5,2,3.4,7.1,8.3
21229,2026-01-17,6.7,1018.4,57,8.2,13.8,2.8,1.8,2.3,3.6,7,9.1
21229,2026-01-18,3.2,1020.5,57,9.4,13.9,2.9,1.8,2.4,4.8,8.2,10
21229,2026-01-19,8.7,1016.8,71,6.7,13.9,3.3,2.1,2.8,4.7,7.4,8.3
21229,2026-01-20,8.7,1022.7,68,.3,13.6,5.4,3.5,4.2,6.9,10.4,11.8
21229,2026-01-21,11.3,1017.8,66,.8,13.3,4.2,2.7,3.7,6.4,9.1,11.1
21229,2026-01-22,10,1019.2,67,-.7,13.3,4.6,3,3.9,6.6,9.6,10.5
21229,2026-01-23,8.3,1020.4,48,1.9,13.3,3.1,2,2.3,4,8.3,10
21229,2026-01-24,10.5,1018.6,66,1.3,12.9,3.6,2.3,2.8,4.8,7.6,10
21229,2026-01-25,8.5,1025.2,60,1.2,12.8,4.3,2.7,3.1,5.4,9.1,10.5
21229,2026-01-26,5.1,1022.2,51,4.5,12.5,3,1.9,2.3,4,9.1,10.5
21229,2026-01-27,9.8,1019.5,56,3.4,12.7,3.7,2.3,3.3,6,8.1,10
21229,2026-01-28,8.4,1022.7,61,2.1,12.7,3.8,2.4,2.9,5.1,8.8,10
21229,2026-01-29,10.2,1023.9,58,1.2,12.5,3.7,2.3,2.7,4.9,8.3,9.1
21229,2026-01-30,8.5,1025.5,72,.6,12.4,3.5,2.3,2.6,4.1,8.9,10
21229,2026-01-31,5.3,1023.3,55,2.7,11.9,2.7,1.8,2.1,3.4,8.5,9.1
21229,2026-02-01,8.4,1021.5,46,3.2,11.9,3.1,2,2.5,3.9,7.4,8.3
21229,2026-02-02,8.4,1022.7,56,2.5,11.8,2.8,1.8,2.2,3.5,7.1,8.3
21229,2026-02-03,4.7,1024.1,46,5.6,11.8,1.6,1,1.4,2.5,6.8,8.3
21229,2026-02-04,4.5,1019.1,45,8.8,11.9,1.9,1.2,1.6,2.5,6.4,7.7
21229,2026-02-05,6.3,1014.4,51,9.9,12,1.8,1.1,1.7,2.7,5.8,6.7
21229,2026-02-06,8.4,1018.8,72,2.8,12.2,4.2,2.7,3.8,6.1,9.2,11.8
21229,2026-02-07,9.6,1017.7,74,-.1,11.7,3.6,2.4,2.8,4.4,9.2,10.5
21229,2026-02-08,11.8,1019.8,62,-.3,11.6,5.4,3.5,4.4,6.7,9.7,11.8
21229,2026-02-09,6.4,1023,48,4.9,11.4,3,2,2.8,4.8,8.9,11.1
21229,2026-02-10,6.2,1017.5,50,8.5,11.5,2.3,1.4,2,3.6,6.3,9.1
21229,2026-02-11,6.1,1017,57,7.1,11.6,2.2,1.4,2.1,3.6,6.6,8.3
21229,2026-02-12,5.6,1018.7,45,7.7,11.6,1.8,1.2,1.6,2.9,6.9,8.3
21229,2026-02-13,5.2,1016.5,52,10,11.5,1.4,.8,1.1,2,5.3,6.3
21229,2026-02-14,6.5,1014.2,65,11.3,11.7,1.6,1,1.5,2.6,5.3,6.3
21229,2026-02-15,4.4,1016,63,10.8,11.8,1.3,.9,1.1,1.9,5.8,6.7
21229,2026-02-16,8.2,1023.4,58,4.2,11.7,2.9,1.9,2.3,3.9,7.9,9.1
21229,2026-02-17,4.7,1019.2,46,6.7,11.3,1.7,1.1,1.7,3.2,6.6,8.3
21229,2026-02-18,8.8,1018.4,51,4.7,11.3,4.1,2.5,3.2,5.2,8.1,11.1
21229,2026-02-19,5.2,1021.2,47,6.8,11.3,2.5,1.6,2.5,5.2,9.5,11.1
21229,2026-02-20,4.5,1016.1,51,10.1,11.2,1.7,1.1,1.2,1.9,10.6,11.8
21229,2026-02-21,8.6,1011.6,67,11.9,11.5,2.3,1.5,2.3,3.6,6.1,7.1
21229,2026-02-22,10.5,1006,68,12,11.5,4.6,2.8,3.7,5.9,8.1,9.1
21229,2026-02-23,8.3,1020.9,35,7.5,12.1,4.1,2.7,4.5,6.9,9.1,10.5
21229,2026-02-24,6.1,1024.6,61,6.3,12,1.9,1.2,1.6,2.8,7.1,8.3
21229,2026-02-25,8.3,1024.5,62,8.5,12.2,2.3,1.5,2.1,3.3,6.1,8.3
21229,2026-02-26,5.8,1021.6,60,8,11.6,2.4,1.6,2,3.2,8.6,9.1
21229,2026-02-27,7.9,1016.5,69,8.1,11.5,2,1.3,1.6,2.8,6.4,8.3
21229,2026-02-28,8,1023.6,61,6.7,11.4,2.2,1.4,1.5,2.8,6.5,7.1
21229,2026-03-01,7.8,1027.3,58,6.5,11.9,2.5,1.6,1.9,3,7.9,9.1
21229,2026-03-02,9.9,1024.5,67,7.4,11.5,3,1.9,2.4,4.5,6.8,9.1
21229,2026-03-03,11,1021.1,70,7.4,11.2,5.2,3.3,3.9,7.2,8.3,9.1
21229,2026-03-04,5.8,1024.2,56,5.9,11.5,3.6,2.2,3.2,5.2,9.6,10
21229,2026-03-05,5.4,1024.6,59,7.6,11.7,2.2,1.4,1.8,3,9.7,11.1
21229,2026-03-06,10,1016.1,71,7.2,11.4,3.2,2.1,2.8,4.4,7.7,10.5
21229,2026-03-07,7.3,1023.2,59,4,11.6,4.6,2.9,3.7,6.3,10.6,11.1
21229,2026-03-08,2.9,1026.6,44,5.3,11.5,3.3,2.1,2.5,4.2,10.5,11.8
21229,2026-03-09,6.5,1024.2,62,5.6,11.5,2.6,1.7,2,3.4,10.6,11.1
21229,2026-03-10,3.6,1026.3,42,6.2,11.7,1.9,1.2,1.6,2.6,10.2,11.1
21229,2026-03-11,4.9,1024.9,67,7.7,11.6,1.4,.9,1.1,1.8,5.6,10
21229,2026-03-12,6.7,1027.3,65,6.4,11.1,1.5,1,1.6,2.6,4.8,5.6
21229,2026-03-13,8.8,1030.3,55,5.5,11.1,3.1,2,2.4,4,7.1,9.1
21229,2026-03-14,2.2,1028.5,52,6.9,11.3,2.5,1.6,2.1,3.3,9.8,10.5
21229,2026-03-15,1.7,1024.6,57,8.9,11.4,1.5,1,1.2,2.2,8.7,9.1
21229,2026-03-16,3,1023.5,58,9.1,12.3,1,.7,.9,1.4,6.7,8.3
21229,2026-03-17,4.4,1022.3,60,10.2,11.5,.7,.5,.6,1,4.9,7.7
21229,2026-03-18,5.3,1013.8,67,10.2,11.1,1.2,.8,.9,1.6,4.8,5.6
21229,2026-03-19,6.5,1015.5,61,8.5,11.1,2.6,1.6,2.4,4,7.4,10
21229,2026-03-20,7.9,1018,47,9,11,2.2,1.4,1.9,3.3,6.2,8.3
21229,2026-03-21,5.9,1023.3,63,9.7,11,2.1,1.4,2.2,3.7,7.6,10
21229,2026-03-22,2.7,1018.7,79,11.6,11.4,1.5,.9,1.3,2.4,5.7,9.1
21229,2026-03-23,5.5,1019.9,71,10,11.2,1.6,1,1.5,2.4,6.2,9.1
21229,2026-03-24,4,1020.3,57,9.6,11.2,1.2,.8,1.2,2.1,5.7,6.7
21229,2026-03-25,3.5,1014.8,74,10.5,11.5,1.7,1,1.2,2.2,5.8,6.3
21229,2026-03-26,1.4,1014.4,72,11.7,12,1,.6,.9,1.6,5.7,6.3
21229,2026-03-27,4.3,1011.7,81,13.3,13.2,.8,.5,.6,1,4.7,5.9
21229,2026-03-28,5.9,1014.6,79,11.6,12.5,1.1,.7,1,1.7,4.4,5.9
21229,2026-03-29,4.4,1017.5,77,11.8,13.1,.8,.5,.7,1.1,4.1,5.3
21229,2026-03-30,4.3,1014.8,86,13.1,12.9,1,.6,.7,1.4,4.5,5
21229,2026-03-31,9.9,1009.7,80,11.1,12.4,3.2,2,2.7,4.9,6.7,9.1
21229,2026-04-01,2.7,1013.6,72,11.1,13,2.2,1.4,2.4,3.5,7.9,9.1
21229,2026-04-02,3.1,1013,73,12.4,13.5,1.1,.7,.9,1.5,6.8,7.7
21229,2026-04-03,4.4,1013.7,72,13.9,13.1,.9,.6,1.1,1.7,5.3,6.7
21229,2026-04-04,7.2,1002,87,12.5,12.8,2.2,1.4,1.8,3.5,6.1,9.1
21229,2026-04-05,4.5,1007.4,85,13.2,13,1.7,1.1,1.4,2.6,7.8,10
21229,2026-04-06,,,,,,,,1.5,2.3,,7.1
22105,2017-01-01,3.8,1025,41,10.1,15.7,1.6,1,1.2,1.9,5.9,6.4
22105,2017-01-02,6.1,1018.7,48,11.5,15.7,1.8,1.1,1.5,2.6,5.6,6.4
22105,2017-01-03,6.9,1019.9,44,9.7,15.6,2.3,1.4,2.2,4.1,6.2,8
22105,2017-01-04,6.6,1021.9,52,9.7,15.4,2.3,1.5,2.2,3.4,6.5,9.1
22105,2017-01-05,7.7,1029.2,66,6.9,15,3,1.8,2.3,4,6.9,8
22105,2017-01-06,4.7,1027.6,57,7.2,15,2,1.2,1.8,3,7.4,8
22105,2017-01-07,4.1,1021.8,55,9.8,14.9,1.3,.8,1,1.9,7.5,8
22105,2017-01-08,3.6,1013.9,70,10.2,15,2,1.2,1.7,3.1,5.4,7.1
22105,2017-01-09,7.7,1011.3,56,9.2,14.8,2.9,1.7,2.5,4.3,6,7.1
22105,2017-01-10,8.7,1017.5,42,5.5,14.7,3.8,2.2,3,4.9,7.2,8
22105,2017-01-11,9.3,1019.9,45,3,14.8,3.6,2.3,3,4.7,7.2,8
22105,2017-01-12,10.1,1012.3,43,5.4,14.8,3.8,2.3,3.2,5.3,7.1,9.1
22105,2017-01-13,11.9,1011.2,52,2.5,14.3,4.5,2.7,4.2,6.6,7.5,9.1
22105,2017-01-14,13.9,1017.7,81,-1.4,14.2,6.7,4.1,5.4,8.2,8.7,9.1
22105,2017-01-15,11,1021.4,61,3.5,13.8,5.5,3.3,4.2,7.9,8.5,9.1
22105,2017-01-16,9.7,1025.7,68,4.5,14,4.9,3,3.6,6.4,8.4,10.7
22105,2017-01-17,3.9,1029,45,7.3,14,3.7,2.4,2.9,5.3,10.2,10.7
22105,2017-01-18,6.2,1026.8,47,6.8,14.1,2.5,1.6,2.1,3.4,6.8,10.7
22105,2017-01-19,4,1021.9,53,7,14.2,1.7,1.1,1.4,2.2,6.8,8
22105,2017-01-20,11.3,1014.6,68,5.1,13.9,5.2,3.2,5.9,8.9,7.6,10.7
22105,2017-01-21,5.5,1023.1,58,3.6,14,4.2,2.6,4,6,8.8,9.1
22105,2017-01-22,10.4,1020.3,58,1.2,13.9,3.6,2.1,2.9,5,7,9.1
22105,2017-01-23,9.4,1025,63,.8,13.6,4.3,2.7,3.2,5.6,8.8,9.1
22105,2017-01-24,7,1029.3,56,2.7,13.4,3.4,2.2,2.7,4.5,7.9,9.1
22105,2017-01-25,2.2,1030.4,41,4.3,13.7,2,1.3,1.8,2.8,7.8,9.1
22105,2017-01-26,6.2,1022.8,43,8,13.2,1.7,1.1,1.9,2.8,6.1,8
22105,2017-01-27,9.1,1020.3,43,7.8,13.2,4.1,2.5,3.3,5.3,7,9.1
22105,2017-01-28,3,1025.2,50,7.6,13.5,2.2,1.3,2.5,4.4,6.8,9.1
22105,2017-01-29,3.7,1017.1,55,9.2,13.5,1.1,.6,.9,1.5,6,10.7
22105,2017-01-30,9.8,1018.4,74,4.3,13.2,4.7,3,5.3,9.1,7.4,10.7
22105,2017-01-31,4.2,1024.4,46,5.3,13.4,3.3,2,3.5,5.7,8.1,9.1
22105,2017-02-01,8.9,1022.7,47,4.5,13.5,3.4,2.1,3.3,5.3,6.9,8
22105,2017-02-02,9.3,1022.1,40,7.3,13.9,3.8,2.4,3.2,4.8,7.4,8
22105,2017-02-03,4.9,1022.7,45,8.2,12.8,2.5,1.5,2.4,5,7,8
22105,2017-02-04,2.9,1018.6,47,10.3,12.9,1.4,.8,.9,1.6,6.3,8
22105,2017-02-05,6.3,1009.1,57,9.3,13,1.6,1,2.3,3.6,4.9,8
22105,2017-02-06,11.4,1016,60,5.7,12.6,4.8,3,3.7,5.6,7.6,9.1
22105,2017-02-07,4.5,1023.3,57,5.5,12.6,4.1,2.5,2.9,5.4,8.8,9.1
22105,2017-02-08,3.9,1015.9,55,6.7,12.6,2.5,1.6,2.1,3.4,8.3,9.1
22105,2017-02-09,11.5,1008.2,72,2.9,12.3,4.7,2.9,3.8,6.2,7.2,8
22105,2017-02-10,10.5,1012,63,-.2,12,4.4,2.8,3.5,5.3,8,9.1
22105,2017-02-11,9.9,1018.9,57,1.8,12.1,4.2,2.6,3.3,6,8.3,9.1
22105,2017-02-12,6.5,1024.6,51,4.1,11.7,3.1,1.9,2.4,4,8.2,9.1
22105,2017-02-13,5.3,1027.6,47,5,12.1,2.4,1.5,1.6,2.9,8.4,10.7
22105,2017-02-14,4.6,1030.3,57,5.1,11.8,2.2,1.4,2.1,3.4,6.7,9.1
22105,2017-02-15,3.5,1026.3,45,8.8,11.9,1.4,.8,1.2,1.9,6.7,8
22105,2017-02-16,7.8,1016.9,53,12.6,12.4,1.9,1.2,1.7,2.8,4.5,7.1
22105,2017-02-17,6.3,1015.1,73,8.9,12,2.8,1.7,2.8,4.4,5.6,8
22105,2017-02-18,9,1019.4,56,5.1,11.9,3.6,2.2,2.9,5.2,7.2,9.1
22105,2017-02-19,7.1,1015.3,47,6.8,11.3,2.6,1.6,2.4,4.1,6,8
22105,2017-02-20,11.4,1010.3,65,6.8,11.8,4.4,2.7,4.4,7.4,7.2,10.7
22105,2017-02-21,5.7,1028.6,52,4.8,12,4.4,2.6,4.1,7.2,9.4,10.7
22105,2017-02-22,8.6,1015.6,79,8.5,11.8,2.5,1.6,2.2,3.7,8.2,10.7
22105,2017-02-23,,,,,,,,2.4,4.3,,6.4
22105,2017-02-27,,,,,,,,1.3,2,,5.8
22105,2017-02-28,,,,,,,,1.1,1.6,,5.8
22105,2017-03-01,4.6,1015.5,54,10.8,11.7,1.2,.7,1.8,2.7,4,4.9
22105,2017-03-02,8,1011.2,73,6.5,11.9,3.6,2.2,3.8,5.8,6.8,9.1
22105,2017-03-03,4.4,1017.2,47,8.7,11.9,2.2,1.4,3,4.8,7,9.1
22105,2017-03-04,5.3,1017.9,58,9.9,11.7,1.5,.9,1.4,2.1,4.8,5.8
22105,2017-03-05,3.9,1014.2,64,10,11.8,1.5,.9,1.4,2.2,6.2,8
22105,2017-03-06,7.4,1010.8,75,4.9,12.6,3.2,1.9,2.7,4.9,7.2,8
22105,2017-03-07,7.4,1011.9,45,3.2,12.1,3.1,1.9,2.6,4.5,6.9,7.1
22105,2017-03-08,8.2,1010,46,4.6,12.3,2.8,1.7,2.5,4.2,6.3,7.1
22105,2017-03-09,7,1008.8,44,7.6,13.2,2.9,1.8,2.1,3.7,6.3,7.1
22105,2017-03-10,6.2,1016.7,42,7.8,12.9,2.5,1.5,2.8,4.5,6.2,8
22105,2017-03-11,4.4,1022.3,47,10.4,13.3,1.1,.7,1.2,1.8,5.1,7.1
22105,2017-03-12,5.1,1018.8,70,12.1,12.2,1.4,.9,1.4,2.2,4.4,4.9
22105,2017-03-13,6.4,1017.4,58,8.8,12.2,2.3,1.4,2,3.2,6.1,8
22105,2017-03-14,6.9,1017.7,64,6.6,12.1,2.8,1.8,2.6,4.5,7.5,8
22105,2017-03-15,7.8,1022.1,58,6.9,11.5,5.1,3.1,3.8,6.9,9.1,10.7
22105,2017-03-16,3.5,1021.1,59,8.8,12.8,2.8,1.7,2.7,4.4,8.4,9.1
22105,2017-03-17,3.4,1022.1,60,10.8,12.8,1.3,.8,1.3,2.1,6.8,8
22105,2017-03-18,4.6,1022.1,55,12.8,12.5,1,.6,.9,1.3,6.5,9.1
22105,2017-03-19,5,1025.1,63,11.4,13.3,1.3,.8,1.4,2.1,5.2,7.1
22105,2017-03-20,7.2,1019.3,69,11.7,13.4,1.1,.7,1.1,1.7,3.2,4
22105,2017-03-21,7.3,1014.6,56,9.2,13.1,3,1.8,3.4,5.1,6.4,8
22105,2017-03-22,4.3,1018.9,52,9.8,12,1.6,1,1.7,2.5,5.9,7.1
22105,2017-03-23,6.6,1020,56,9.7,12.5,1.8,1.1,1.8,3,5.3,9.1
22105,2017-03-24,3.2,1023,44,8.2,12,1.3,.8,1.4,2.3,5.9,8
22105,2017-03-25,5.3,1020.9,51,8.7,11.7,1.4,.9,1.1,2.1,4.7,7.1
22105,2017-03-26,3.9,1017.9,59,9,12.2,.9,.5,.7,1,3.9,5.8
22105,2017-03-27,6.4,1017.2,70,8.5,11.8,1.6,1,1.9,3.3,5,7.1
22105,2017-03-28,5.3,1021.5,63,9.7,11.8,1.6,1,1.7,2.8,5.1,6.4
22105,2017-03-29,4.6,1020.5,57,11.5,12,1.1,.7,1.1,1.5,3.9,4.9
22105,2017-03-30,5.8,1020.9,59,11.6,12.2,1.4,.9,1.2,1.8,5,7.1
22105,2017-03-31,5.9,1020.1,63,9.8,12.1,1.9,1.1,1.4,2.5,5,6.4
22105,2017-04-01,4.7,1016.2,65,8.5,11.8,1.9,1.2,1.4,2.3,7.2,8
22105,2017-04-02,5.2,1016.7,67,8.8,11.8,1.3,.8,1.2,2,5.4,7.1
22105,2017-04-03,5.4,1018.4,62,13,11.8,1.5,1,1.3,2.2,4.9,6.4
22105,2017-04-04,4.8,1021.9,80,13.1,12.2,1,.6,1,1.7,4.1,5.8
22105,2017-04-05,6.5,1017.9,74,15,13.3,1.8,1.1,1.9,3.3,4.9,5.3
22105,2017-04-06,7.9,1009.3,84,14.7,12.5,4.1,2.5,3.4,6.5,7.5,8
22105,2017-04-07,2.9,1014.2,81,14,14,1.3,.8,1.3,2,5.8,8
22105,2017-04-08,3.9,1010.7,90,13.1,14.7,1,.6,.8,1.3,3.7,5.8
22105,2017-04-09,6.3,1016.8,52,12.5,14.7,1.7,1,1.5,2.6,4.7,6.4
22105,2017-04-10,5.4,1016,56,11.5,14.7,1.7,1.1,1.8,2.9,5.4,7.1
22105,2017-04-11,6.5,1004.9,76,11.4,14.5,2.1,1.4,1.9,2.9,6.5,7.1
22105,2017-04-12,5.5,1011.6,61,11.6,14.6,2.6,1.5,2.3,4.3,6.6,8
22105,2017-04-13,6.7,1014,48,13.5,14.1,1.8,1.1,1.6,2.7,5.1,6.4
22105,2017-04-14,7.8,1010,64,15.8,14.2,2.3,1.4,2.2,3.8,5,7.1
22105,2017-04-15,4.7,1010.7,73,16.1,14.5,2,1.2,2,2.9,5.7,7.1
22105,2017-04-16,4.7,1012.4,67,17,14.9,1.1,.7,1,1.5,4.3,5.8
22105,2017-04-17,7.7,1001.1,87,14.5,14.5,2.2,1.3,2.7,4.5,5,6.4
22105,2017-04-18,8.2,996.7,77,13.4,13.6,3.4,2.1,2.8,4.5,7.1,9.1
22105,2017-04-19,6.9,1006.6,55,13.3,13.5,3.4,2.1,2.5,4.4,7.5,9.1
22105,2017-04-20,3,1010.9,74,14.4,13.7,2.6,1.6,1.9,3.4,9.3,10.7
22105,2017-04-21,5,1010.6,65,13.6,15.5,2.3,1.5,1.8,2.8,9.3,10.7
22105,2017-04-22,3.5,1013.7,62,12.9,15.5,1.4,.8,1.2,2.2,6.4,9.1
22105,2017-04-23,9.7,1015.7,76,14.9,15.3,2.3,1.5,2.3,3.7,4.6,5.3
22105,2017-04-24,9.3,1017.1,75,15.7,15.3,2.6,1.6,2.2,3.7,5.3,6.4
22105,2017-04-25,6.6,1016.4,75,16.5,15.1,2,1.3,2,3.2,5,6.4
22105,2017-04-26,4.8,1014.9,48,14.8,15.6,1.2,.7,1.2,1.9,4.9,5.8
22105,2017-04-27,6.1,1009.8,53,14.3,15.7,1.5,.9,1.5,2.4,5.2,7.1
22105,2017-04-28,7.1,1002.6,55,16.6,15.6,1.8,1.1,1.6,2.5,4.5,5.8
22105,2017-04-29,6.8,1004.5,66,16.1,15.8,2,1.2,1.7,2.9,4.9,6.4
22105,2017-04-30,4.7,1004.3,71,18,16.2,2,1.3,1.9,3,5.5,7.1
22105,2017-05-01,4.4,1018.7,54,15.8,16.5,1.9,1.2,2,3.2,5.2,7.1
22105,2017-05-02,7.5,1023.5,67,15.1,16.2,1.4,.8,1.1,1.7,3.3,4.3
22105,2017-05-03,6.7,1021.6,77,15.5,16.1,1.5,.9,1,1.8,4.7,5.3
22105,2017-05-04,8.1,1016,83,16.8,15.9,1.8,1.1,1.3,2.3,4,4.3
22105,2017-05-05,6.2,1010.9,79,17.9,16.1,1.5,.9,1.7,3,4,5.3
22105,2017-05-06,7,1011.1,52,16.7,15.6,2.6,1.5,2.4,4.1,5.9,8
22105,2017-05-07,5.8,1009.4,59,16.6,15.5,1.8,1.1,1.6,2.9,6.3,7.1
22105,2017-05-08,3.6,1010.3,64,17.3,15.5,1.5,.9,1.2,2.1,5.8,8
22105,2017-05-09,5.4,1011.8,88,14.9,15.3,1.3,.8,.9,1.9,4.7,7.1
22105,2017-05-10,4.1,1008.1,88,14.6,15.5,1.5,.9,1.3,2.2,5.5,7.1
22105,2017-05-11,4,1009.4,81,17.4,16.2,1.1,.7,.9,1.4,5.1,6.4
22105,2017-05-12,7.9,1008.6,75,18.2,16.2,1.9,1.1,2,3.4,4.8,7.1
22105,2017-05-13,6.3,1005.3,83,16.5,16.3,1.3,.8,1.6,2.7,4.3,6.4
22105,2017-05-14,5.3,1005.2,50,18.1,16.3,2,1.2,1.7,2.7,5.8,8
22105,2017-05-15,5.4,1009.5,64,16.3,16.6,2.2,1.4,1.7,2.9,7.6,9.1
22105,2017-05-16,3.2,1010.6,77,16.4,17.4,1.7,1.1,1.2,2.1,8.3,9.1
22105,2017-05-17,5,1011.3,83,16.6,17,1,.6,.8,1.4,6.5,8
22105,2017-05-18,6.5,1012.8,85,17.6,17,1.4,.9,1.3,2.3,3.7,4.6
22105,2017-05-19,4.1,1011.6,71,19.5,17.2,.9,.6,1,1.3,4.2,7.1
22105,2017-05-20,2.7,1012.6,80,19.3,17.7,.8,.5,.6,1,4.8,8
22105,2017-05-21,3.6,1012.3,80,18.9,17.7,1,.7,1.1,1.7,4.5,5.3
22105,2017-05-22,3.9,1014.4,85,16.2,16.5,1.3,.8,1,2,5,6.4
22105,2017-05-23,2.9,1010.7,87,16.8,16.8,1,.6,.9,1.5,5.4,6.4
22105,2017-05-24,2.8,1008.3,88,17.3,17.4,.7,.4,.7,1.1,5.2,5.8
22105,2017-05-25,7.7,1002.6,83,16.9,16.2,1.6,1,2.3,4.1,3.9,6.4
22105,2017-05-26,10.2,1006.2,72,14,15.7,5.2,3.2,3.9,7.1,8.3,9.1
22105,2017-05-27,4.1,1012.3,76,15.9,16.1,4.4,2.7,3.6,6.1,8.8,9.1
22105,2017-05-28,6.3,1009.7,80,17.6,16.3,2.4,1.5,2.1,3.3,7.2,8
22105,2017-05-29,2.2,1009.8,80,18.8,16.7,1,.6,1.1,1.7,6.1,6.4
22105,2017-05-30,3.1,1007.8,80,20,18.2,.6,.4,.6,1,4.9,6.4
22105,2017-05-31,2.2,1002.1,87,18.9,17.9,.6,.3,.5,.7,4.1,5.3
22105,2017-06-01,4.2,998.7,86,17.6,17.1,1,.6,1.8,3.2,4.5,6.4
22105,2017-06-02,4.2,1004.3,73,16.5,16.8,3.1,1.9,2.9,4.3,7.7,10.7
22105,2017-06-03,4.7,1007.2,77,16.8,17,5.4,3.3,4.4,6.8,10.7,12.8
22105,2017-06-04,2.6,1011.3,78,17.4,17.8,3.6,2.2,2.8,4.6,9.2,10.7
22105,2017-06-05,3,1017.5,73,17.6,17.9,2.6,1.6,2.3,3.4,8.1,9.1
22105,2017-06-06,7.1,1015.9,79,16.8,18,1.6,1,1.3,1.9,6.1,8
22105,2017-06-07,8.4,1004.3,88,17.1,17.1,2.8,1.7,2.3,4.4,5.9,7.1
22105,2017-06-08,4.6,1006.2,78,18.1,17.2,1.4,.9,1.4,2.1,5.6,7.1
22105,2017-06-09,4.6,1004.4,69,19,17.5,1,.6,.9,1.5,4.4,5.3
22105,2017-06-10,4,1007.5,62,18.1,17.7,1.4,.9,1.2,2,5.4,6.4
22105,2017-06-11,3.8,1010.9,72,17.7,17.5,.9,.6,.7,1.3,5,6.4
22105,2017-06-12,3.4,1017.1,72,16.3,17.9,1.3,.8,1,1.7,5.4,9.1
22105,2017-06-13,5.1,1015,72,16.8,18.2,1.8,1.1,1.2,2.1,8,9.1
22105,2017-06-14,4.8,1008.7,82,18.5,18.7,1.1,.7,1,1.9,6.3,8
22105,2017-06-15,4.1,1007.1,80,19,18.7,.9,.5,1.1,1.7,4.2,6.4
22105,2017-06-16,4.6,1012.8,78,18.1,19,1.6,1,1.4,2.3,6,8
22105,2017-06-17,7.5,1011.7,79,18.3,18.9,1.7,1,1.3,2.3,5.3,9.1
22105,2017-06-18,6.1,1010.1,84,18.5,18.7,1.1,.7,.9,1.4,4.5,5.8
22105,2017-06-19,5,1008.6,91,19.4,19.4,.9,.5,.7,1.2,3.7,4.6
22105,2017-06-20,4.5,1005.7,86,20,20.5,1,.6,1,1.5,4.3,5.8
22105,2017-06-21,5.8,1005.7,86,19.8,19.6,1.1,.6,1.4,2.1,4.3,7.1
22105,2017-06-22,3.4,1007.9,86,19.8,19.5,1.4,.8,1.5,2.8,6.5,8
22105,2017-06-23,2.7,1007.8,89,19.9,19.5,.6,.4,.4,.7,5.3,6.4
22105,2017-06-24,3.7,1004.4,89,20.4,20.8,.6,.4,.5,.8,3.4,8
22105,2017-06-25,1.7,1003.8,86,20.3,21.6,.4,.3,.3,.6,3.8,4.3
22105,2017-06-26,2,1009.1,85,21.3,22.2,1.2,.8,1.3,1.8,5.8,7.1
22105,2017-06-27,5.4,1011.2,80,21.1,22.1,1.5,.9,1.1,2.1,7,8
22105,2017-06-28,4.3,1012.8,85,21.1,21.5,1.1,.6,.8,1.4,5.3,7.1
22105,2017-06-29,5.1,1011.4,87,22,21.9,.9,.5,.8,1.3,3.9,4.6
22105,2017-06-30,4.6,1006.7,87,21.1,21.8,1,.6,1.1,2.1,4.4,6.4
22105,2017-07-01,4.7,1005.2,80,22.9,21.5,1.1,.6,1,1.7,5.1,7.1
22105,2017-07-02,5.5,1007.1,88,21.3,20.5,1,.6,.7,1.3,3.4,5.8
22105,2017-07-03,6,1005.1,88,21,20.3,1.3,.8,1.1,1.8,4.8,6.4
22105,2017-07-04,2.8,1006.4,91,21,20.4,.9,.5,.6,1.1,5.2,6.4
22105,2017-07-05,2,1011.1,86,21.5,22.1,.8,.5,.6,1.1,5.1,6.4
22105,2017-07-06,5.2,1011.1,90,21.7,21.5,.7,.4,.5,.9,3.6,7.1
22105,2017-07-07,5.1,1008.6,91,21.9,21.7,.8,.5,.7,1.3,3.5,3.8
22105,2017-07-08,4.9,1006.2,89,20.1,19.5,1,.6,.8,1.3,3.8,4.9
22105,2017-07-09,3.7,1006,89,21.8,20.6,.6,.4,.5,.9,3.7,4.9
22105,2017-07-10,8.8,1002,91,20.5,19.3,2,1.2,1.9,3,4.9,6.4
22105,2017-07-11,5.3,1004.9,89,20,19.6,1.8,1.1,1.8,3.3,5.5,7.1
22105,2017-07-12,3.2,1008,83,22,20.4,.7,.5,.5,1,4.4,7.1
22105,2017-07-13,3.5,1005.7,86,20.8,20.5,.6,.4,.7,1.2,3.8,5.8
22105,2017-07-14,2.6,1006.5,84,21.8,20.4,.8,.5,.7,1.4,3.6,4.9
22105,2017-07-15,5.8,1008.3,85,21.5,20.1,1.1,.7,1.1,1.7,3.9,5.3
22105,2017-07-16,3.8,1010,87,21.2,20,.8,.5,1,1.5,3.2,4.3
22105,2017-07-17,2.7,1009.7,85,22,21,.6,.4,.5,.9,4.1,7.1
22105,2017-07-18,2.1,1007.9,87,22.9,22.2,.6,.4,.5,.9,4.4,5.3
22105,2017-07-19,4,1006.1,93,22.9,23.4,.7,.4,.7,1.3,4,6.4
22105,2017-07-20,6.4,1005.9,92,22.7,22.6,1.4,.8,1.1,1.8,3.8,4.3
22105,2017-07-21,4.2,1006.8,86,23.2,22.5,.9,.6,.9,1.5,3.5,4.3
22105,2017-07-22,3.3,1010.2,91,22.5,23.3,1.3,.8,1.3,2.2,5.1,7.1
22105,2017-07-23,2.6,1004.8,91,22.5,24.6,1,.6,.9,1.5,4.7,5.8
22105,2017-07-24,2.9,1003,91,23.9,25.6,.9,.5,.6,1.1,4.9,5.8
22105,2017-07-25,4.8,1005.4,85,24.2,25.7,1.1,.7,1.1,1.7,4.2,5.3
22105,2017-07-26,3.8,1010.1,66,24.1,25.8,1.4,.9,1.2,1.9,5.5,6.4
22105,2017-07-27,4,1009.5,76,23.8,25.6,1.1,.6,.8,1.3,5.4,6.4
22105,2017-07-28,3.7,1009,83,24.3,25.7,.8,.5,.6,1.1,3.5,4.9
22105,2017-07-29,3.1,1010,83,23.1,25.5,.8,.5,.6,1.1,3.9,4.6
22105,2017-07-30,5.3,1008.2,82,24.5,26,1.1,.6,.8,1.4,3.7,4.9
22105,2017-07-31,2.3,1009.9,85,24.1,26,.8,.5,.6,1.1,4.5,5.8
22105,2017-08-01,3.2,1011,84,24,25.9,.7,.4,.5,.8,4,8
22105,2017-08-02,2.8,1009.5,80,24.4,26.1,.6,.4,.4,.8,4.2,8
22105,2017-08-03,3.4,1007.9,82,24.9,26.3,.9,.5,.8,1.3,4.6,5.3
22105,2017-08-04,3.6,1006.9,89,25.3,26.4,1,.6,.7,1.3,4.9,5.3
22105,2017-08-05,2,1004.7,92,26.2,27.6,.7,.4,.5,.8,4.6,5.3
22105,2017-08-06,2.1,1001.2,89,27,28.5,.7,.4,.4,1.1,5,5.8
22105,2017-08-07,3.5,998.5,88,26.8,28.5,.9,.5,.7,1.4,4.5,5.3
22105,2017-08-08,3,999.1,81,26.8,28.2,.9,.6,.7,1.2,5.5,5.8
22105,2017-08-09,5,998.5,84,26.1,28.4,2.4,1.5,1.6,2.9,7.8,9.1
22105,2017-08-10,7.4,1000.8,80,25.8,28.3,2.8,1.7,2,3.5,7.7,8
22105,2017-08-11,6.9,1006.6,75,24.9,27.8,2.7,1.7,2,3.4,7.7,8
22105,2017-08-12,6,1011.6,73,23.9,26.9,2.4,1.5,1.8,2.7,7.7,8
22105,2017-08-13,5.3,1012.2,73,24.1,26.6,2.4,1.5,1.7,3.1,7.6,9.1
22105,2017-08-14,6.1,1008.6,80,23.9,26.3,2.3,1.4,1.6,2.8,7.6,9.1
22105,2017-08-15,8.3,1005.4,81,24.1,26.2,2.6,1.6,1.7,3.4,5.9,8
22105,2017-08-16,6.9,1007,82,23.1,26,2.2,1.4,1.7,2.7,6.1,7.1
22105,2017-08-17,3.8,1009.3,84,22.6,25.4,2.2,1.3,1.7,2.7,7.3,8
22105,2017-08-18,3.8,1011.4,84,23.6,25.7,2.2,1.3,1.6,2.7,7.4,8
22105,2017-08-19,4,1013.5,79,24.3,25.8,1.6,1,1.2,1.9,6.5,7.1
22105,2017-08-20,5.5,1011.7,84,24.3,25.9,1.1,.7,.8,1.3,5.3,6.4
22105,2017-08-21,8.5,1007.9,89,25.7,26.5,1.6,1,1.3,2,3.9,5.8
22105,2017-08-22,5.1,1010.5,87,25.6,26.4,1.3,.7,1,1.9,4,5.3
22105,2017-08-23,4.5,1010.5,86,26.1,26.1,.9,.5,.8,1.2,3.6,5.3
22105,2017-08-24,7.4,1004,83,26.4,25.9,1.6,1,1.3,2.5,4.4,7.1
22105,2017-08-25,4.6,1006.5,68,25.7,26.3,1.2,.7,1.1,2.1,4.8,7.1
22105,2017-08-26,5.1,1011.9,44,25,26.1,1.6,1,1.5,2.3,5.2,7.1
22105,2017-08-27,3.7,1015.4,56,24.6,26.5,.6,.4,.5,.8,4,5.8
22105,2017-08-28,4.4,1010.5,65,24.5,26.2,.9,.5,1,1.7,3.4,4.3
22105,2017-08-29,6.2,1011.4,74,22.4,25,2.3,1.4,2.8,4.1,5.8,9.1
22105,2017-08-30,4.3,1011.4,59,22.1,24,1.8,1.1,1.7,2.9,5.9,9.1
22105,2017-08-31,7.9,1011.1,68,22.5,24.4,2.2,1.3,2.1,3.3,5.7,7.1
22105,2017-09-01,5.7,1013.6,60,21.1,23.8,1.8,1.1,1.5,2.4,5.6,6.4
22105,2017-09-02,4.4,1013.7,59,21.4,24.2,1.4,.8,.9,1.7,5.4,5.8
22105,2017-09-03,3.2,1015.7,64,21.8,24.7,1.7,1,1.2,2.5,6.5,7.1
22105,2017-09-04,5.7,1016.3,69,22.7,24.6,1.3,.8,1.1,2,6.4,7.1
22105,2017-09-05,5.3,1011.7,73,23.1,24.9,1.2,.7,.9,1.5,5.3,6.4
22105,2017-09-06,1.9,1006.9,68,23.3,25.1,.7,.4,.6,1,4.4,5.8
22105,2017-09-07,1.5,1006.1,70,23.1,24.7,.4,.2,.3,.6,4.4,5.3
22105,2017-09-08,3,1009.9,71,23.6,24.8,.5,.3,.4,.6,4.4,5.8
22105,2017-09-09,3.1,1012,81,24,24.8,.7,.4,.7,1.2,2.9,5.3
22105,2017-09-10,3.9,1014,85,23.7,24.7,1.1,.7,.8,1.4,5,7.1
22105,2017-09-11,7,1007,87,21.2,24.4,1.7,1.1,2.1,3.3,3.8,7.1
22105,2017-09-12,4.3,1011.6,76,22.1,24.2,1.9,1.2,1.6,3.2,6,8
22105,2017-09-13,5.3,1017.4,68,21.9,23.9,1.9,1.1,1.6,2.8,6,7.1
22105,2017-09-14,2.8,1020.2,64,21.9,24.2,1.4,.9,1.4,2.1,6.1,7.1
22105,2017-09-15,6.3,1021.2,56,20.9,24.1,1.8,1.1,1.5,2.8,5.3,8
22105,2017-09-16,7.5,1015.8,67,21.3,24.2,2.8,1.7,2.2,4.1,7.8,9.1
22105,2017-09-17,9.7,1007.4,79,20.6,23.8,3.3,2,2.3,4.5,6.7,8
22105,2017-09-18,6.1,1006.6,66,21.8,23.8,2.3,1.4,1.9,3.1,6.8,8
22105,2017-09-19,4.9,1007.5,63,23.1,24,1.9,1.1,1.3,2.5,8.1,9.1
22105,2017-09-20,6.8,1009.3,53,21.7,23.7,2.6,1.6,2.5,4,6.5,9.1
22105,2017-09-21,3.8,1014.2,61,21.7,23.3,1.7,1.1,1.5,3,6.1,9.1
22105,2017-09-22,3.9,1012.9,68,21.9,23.4,1.2,.7,1,1.5,3.9,4.9
22105,2017-09-23,3.7,1014.6,66,22.2,23.4,.9,.5,.7,1.2,4.4,5.3
22105,2017-09-24,2.6,1014.9,65,22.6,24.3,.5,.3,.4,.7,4,8
22105,2017-09-25,3.4,1015,72,22.3,24.1,.8,.5,.7,1.1,4.4,6.4
22105,2017-09-26,3.4,1013.1,72,22.2,24,1,.6,.8,1.3,4.7,6.4
22105,2017-09-27,6.4,1007.6,76,20.4,24.6,1.6,1,2.4,4,4.5,9.1
22105,2017-09-28,7.6,1008.1,56,20.3,24.1,2.8,1.7,2.3,4.1,6.6,8
22105,2017-09-29,7.3,1015.2,40,18.8,23.9,2.3,1.4,2,3.5,6,7.1
22105,2017-09-30,6.6,1020.1,57,21,23.4,1.3,.8,.9,1.5,4.4,7.1
22105,2017-10-01,8.3,1017.2,65,21.5,23.6,1.5,.9,1.4,2.3,3.7,4.6
22105,2017-10-02,6.9,1011.5,83,20.4,23.4,2,1.2,1.5,2.7,5.8,8
22105,2017-10-03,8,1018.1,66,17.7,23.6,3.3,2,3.1,4.8,6.9,8
22105,2017-10-04,5.7,1024.5,59,16.5,23.5,2.1,1.3,1.6,2.7,6.4,8
22105,2017-10-05,6.6,1025.1,57,17.7,22.9,1.7,1,1.2,2.1,5.2,7.1
22105,2017-10-06,6.2,1019.7,79,19.2,22.6,1.9,1.2,1.6,2.7,5.4,6.4
22105,2017-10-07,3.6,1019.9,81,20.1,22.7,2,1.2,1.5,2.9,6,7.1
22105,2017-10-08,3.5,1022.7,78,20.8,22.8,.9,.6,.8,1.3,5.4,8
22105,2017-10-09,3.1,1020.5,81,21.8,23.1,.7,.4,.6,1.2,4.2,8
22105,2017-10-10,4.6,1018.7,83,20.1,24.1,2,1.2,2.9,4.3,5.8,9.1
22105,2017-10-11,6.3,1015.7,79,18.6,24.2,3,1.8,2.2,3.6,7.3,9.1
22105,2017-10-12,8.3,1018.6,75,16.2,24.2,3.2,2,2.5,4,7.2,8
22105,2017-10-13,9.1,1018.9,70,17,23.7,3.6,2.2,3.1,5.2,6.4,8
22105,2017-10-14,6.2,1024.1,52,17.2,23.5,2.5,1.5,2.1,3.9,6,8
22105,2017-10-15,5.8,1028,52,17,23.5,1.7,1,1.3,2.2,4.9,5.8
22105,2017-10-16,3.6,1026.4,56,18,23.4,1.7,1,1.4,2.4,5.5,7.1
22105,2017-10-17,5.4,1025.4,59,17.3,23,1.4,.9,1,1.7,4.9,6.4
22105,2017-10-18,7.8,1024.8,59,16.4,22.1,2.5,1.6,2.3,3.9,5.7,7.1
22105,2017-10-19,4.4,1020,66,16.3,21.6,2,1.2,1.6,2.6,6,7.1
22105,2017-10-20,2.3,1019.2,61,17.7,21.7,1.3,.8,.9,1.7,5.7,6.4
22105,2017-10-21,4.2,1018.5,64,17.6,22.2,1.2,.7,1,1.8,5.5,8
22105,2017-10-22,12,1013.4,68,16.8,22.3,4.9,3,5.3,9,7.2,10.7
22105,2017-10-23,9.4,1016.9,58,13.4,21.7,6.5,4.3,5.2,7.9,9.9,10.7
22105,2017-10-24,2.2,1024.2,46,14.2,21.5,3.5,2.3,3.6,5.3,10.1,10.7
22105,2017-10-25,2.8,1023.5,51,16.3,21.2,1.6,1,1.6,3.1,8.1,9.1
22105,2017-10-26,5.5,1020.9,61,17.1,21.5,1.2,.7,.9,1.5,4.3,8
22105,2017-10-27,3.2,1020.5,65,17.8,20.9,.8,.5,.7,1.2,3.6,4.6
22105,2017-10-28,4.1,1020.7,69,17.9,20.7,1,.6,.7,1.3,3.9,4.9
22105,2017-10-29,7.3,1012.5,68,16.4,21,2.5,1.5,5,7.9,5.9,10.7
22105,2017-10-30,5.8,1021.7,49,12.4,20.8,4.9,3,5,7.4,9.7,10.7
22105,2017-10-31,3.6,1021.8,38,15.2,20.5,1.8,1.1,1.3,2.1,7.7,10.7
22105,2017-11-01,4.5,1018.3,46,16.7,20.3,1.8,1.1,1.5,2.4,6.6,10.7
22105,2017-11-02,2.4,1016.9,63,17.6,20,1,.6,.7,1.2,4.8,8
22105,2017-11-03,5.8,1016.2,68,16,19.9,2,1.3,3.3,5.6,6.4,10.7
22105,2017-11-04,8.4,1025.1,59,10.9,18.9,5.4,3.5,4.8,7.3,9.1,10.7
22105,2017-11-05,4.3,1025.4,43,14.1,18.9,1.9,1.2,1.6,2.5,6.7,8
22105,2017-11-06,3.8,1020.7,48,17.1,19.8,1.5,.9,1.3,2.2,5.3,8
22105,2017-11-07,3.7,1018.6,58,17.2,19.3,1.3,.8,1.1,1.9,5.2,6.4
22105,2017-11-08,7.2,1015.7,55,17.8,19.4,2.1,1.3,2.6,4.1,5.1,7.1
22105,2017-11-09,6.4,1023,64,14.1,19.4,3,1.8,2.9,4.5,7.8,9.1
22105,2017-11-10,12.2,1011.6,62,16.3,19.1,3.4,2,3.1,5.6,5.6,7.1
22105,2017-11-11,8,1017.8,49,10.3,18.8,4.6,2.9,3.8,6.4,8.3,9.1
22105,2017-11-12,4.3,1019.4,43,12.5,18.7,2.5,1.5,2.2,3.7,9.7,12.8
22105,2017-11-13,3.9,1014.9,44,14.5,18.6,2.7,1.6,2.5,4.3,11.3,12.8
22105,2017-11-14,6.9,1014.8,39,12.9,18.5,2.6,1.6,2.1,3.4,6.5,10.7
22105,2017-11-15,9,1017.4,42,8,18.2,3.3,2,2.6,4.4,6.7,8
22105,2017-11-16,4.3,1022.4,42,6.4,17.9,2.4,1.5,2.1,3.6,6.6,7.1
22105,2017-11-17,4.6,1017.6,41,11.4,17.7,1.5,.9,1.4,2.2,5.3,7.1
22105,2017-11-18,10.3,1016.8,59,6.7,17.4,4.4,2.8,4,6.1,7.7,9.1
22105,2017-11-19,9.4,1022,48,4.3,16.8,4.5,2.7,4.1,7.2,7.6,9.1
22105,2017-11-20,8.8,1022.5,47,6.3,16.5,3.1,1.9,2.6,5.1,7,9.1
22105,2017-11-21,3.8,1023.9,43,9,16.4,2,1.2,1.7,2.5,6.3,8
22105,2017-11-22,6,1015.4,44,10.5,16.3,1.8,1.1,1.6,2.9,4.7,5.8
22105,2017-11-23,9.7,1016.9,42,6.1,15.8,3.7,2.4,2.7,4.7,7.2,8
22105,2017-11-24,8.9,1021,44,4.9,15.6,3.3,2,2.8,4.6,6.8,8
22105,2017-11-25,8.8,1023.5,52,7.8,16.6,3.1,1.9,3.1,5.2,6.1,8
22105,2017-11-26,6.3,1023,56,9.3,16.5,2.3,1.4,1.8,2.8,6.1,8
22105,2017-11-27,5.7,1025.3,56,11.2,16.1,1.9,1.2,1.4,2.9,6,8
22105,2017-11-28,7.4,1019.3,56,14.7,17.5,2.1,1.3,1.7,2.7,4.9,5.8
22105,2017-11-29,6,1020.7,51,12,17.6,2.4,1.4,2.2,4.5,6.9,10.7
22105,2017-11-30,9,1021.3,52,7.3,16.4,4.5,2.7,3.8,7,8.3,9.1
22105,2017-12-01,8.8,1026.5,50,3.9,15.9,3.8,2.3,2.9,5.2,7.7,9.1
22105,2017-12-02,4.2,1026.5,42,5.8,15.2,1.9,1.2,1.9,3.3,6.5,8
22105,2017-12-03,5.2,1021.8,50,9.7,15,1.4,.8,1.1,1.8,4.6,5.8
22105,2017-12-04,8,1016.3,47,7.4,15.1,2.9,1.7,3.1,5.3,6.6,9.1
22105,2017-12-05,9.9,1017,53,1.5,15,4.8,3,3.6,5.8,8.4,9.1
22105,2017-12-06,6.2,1021.5,47,4,15.3,2.4,1.5,2.5,4.3,6.7,8
22105,2017-12-07,6.9,1018.8,49,6.9,15.2,2.1,1.3,2.1,3.5,5.1,5.8
22105,2017-12-08,8.9,1018,65,3.4,14.9,4.6,2.8,3.7,6.6,8.5,9.1
22105,2017-12-09,5.5,1018,48,4.2,14.6,2.6,1.6,2.2,4.1,6.7,8
22105,2017-12-10,7.3,1011.3,48,7.5,14.4,2,1.3,3.4,4.9,5.2,7.1
22105,2017-12-11,12.2,1015.6,49,0,14.4,5.4,3.4,4.2,6.4,8,9.1
22105,2017-12-12,10.5,1022.4,52,-.7,14.3,4.9,3,3.7,5.9,7.9,9.1
22105,2017-12-13,8.2,1025.5,57,1.3,14.2,3.4,2.2,2.5,4.3,7.4,9.1
22105,2017-12-14,3.4,1029.2,58,4.5,14.1,3,1.9,2.1,3.3,8.7,10.7
22105,2017-12-15,6.5,1022.9,43,6.7,13.9,2.5,1.5,2,3,9.4,10.7
22105,2017-12-16,10.7,1020.4,49,2.3,13.6,4,2.4,3.5,6.4,6.9,9.1
22105,2017-12-17,7.3,1025.4,49,-.5,13.6,3.4,2.1,3.1,5.1,7.7,9.1
22105,2017-12-18,7.7,1024.3,52,4.1,13.4,2.6,1.5,1.9,3.3,6.4,8
22105,2017-12-19,8,1026.4,43,2.6,13.3,3.1,1.9,2.6,4.1,6.8,8
22105,2017-12-20,5.8,1028.6,44,3.3,13.1,2.1,1.3,1.5,2.8,6.5,8
22105,2017-12-21,4,1027.2,43,5.8,13.1,1.4,.9,1.1,2.1,5.1,7.1
22105,2017-12-22,4.4,1023.8,49,7.3,13.1,1.3,.8,1,1.8,5.5,6.4
22105,2017-12-23,4.5,1021.3,52,9.6,13.2,1.3,.8,.9,1.6,5,5.8
22105,2017-12-24,5.6,,,,,1.6,1,3.3,4.5,4.4,7.1
22105,2017-12-25,9,1016.6,50,4.1,12.9,4.7,3.1,3.7,5.5,8.6,10.7
22105,2017-12-26,11.5,1018.3,48,2.7,12.8,4.1,2.6,3,4.7,7.8,9.1
22105,2017-12-27,9,1023.1,48,.9,12.5,4.7,2.9,3.4,6,8.2,9.1
22105,2017-12-28,4.7,1025.8,50,3.6,12.5,3.1,1.9,2.3,4.2,8.6,9.1
22105,2017-12-29,6.9,1023.4,55,7.3,12.6,2.7,1.7,2.1,3.7,6.9,9.1
22105,2017-12-30,5.3,1024.1,60,7.4,12.5,2.6,1.5,1.7,3.9,7.7,8
22105,2017-12-31,8.8,1017,51,5.9,12.5,3.5,2.1,3,5,6.7,9.1
22105,2018-01-01,8.5,1023.2,41,3.7,12.2,4.3,2.6,3.2,5.4,8.7,9.1
22105,2018-01-02,9.8,1023.6,41,5.2,12.1,3.8,2.3,2.9,5.2,7.2,9.1
22105,2018-01-03,6.3,1026,55,2.8,12,4.1,2.6,3.4,6.2,8.7,9.1
22105,2018-01-04,5.9,1024.8,64,2.8,12.1,3.7,2.3,2.7,4.7,9.7,12.8
22105,2018-01-05,2.5,1017.5,58,4.7,12.1,2.2,1.3,2.2,3.1,7.8,9.1
22105,2018-01-06,6.7,1018.3,52,5.1,12,2.4,1.5,1.9,3.4,5.8,8
22105,2018-01-07,6,1020.9,49,7.2,11.9,2.2,1.3,1.6,2.7,6.5,8
22105,2018-01-08,6,1008,57,7.9,11.9,1.5,.9,1.6,3,4.7,7.1
22105,2018-01-09,11.8,1006.4,48,2.1,11.8,4.3,2.4,3.1,6,7.1,9.1
22105,2018-01-10,10,1012.4,45,-.5,11.7,3.7,2.3,2.8,4.8,7.5,9.1
22105,2018-01-11,8.3,1019.6,53,-3.5,11.7,4.2,2.6,2.9,5.6,8.5,12.8
22105,2018-01-12,6.4,1025.1,55,-2.7,11.2,3.5,2.1,2.3,4.2,9.6,10.7
22105,2018-01-13,7.6,1028.4,51,1.4,11.4,2.7,1.7,2,3.4,7.4,9.1
22105,2018-01-14,6.9,1027.6,48,5.6,11.3,2.2,1.4,1.8,3.2,6,8
22105,2018-01-15,5.5,1021.3,52,8.9,11.4,2.1,1.3,1.7,3.1,5.3,5.8
22105,2018-01-16,5.2,1017.1,55,9.2,11.3,1.4,.9,1.1,1.7,5.1,7.1
22105,2018-01-17,4.4,1015.9,77,7.2,11.3,1.5,.9,1.1,1.8,5.1,5.8
22105,2018-01-18,5.2,1019.5,48,7.6,11.2,2.1,1.3,1.6,2.8,5.7,7.1
22105,2018-01-19,3,1021.1,46,6.5,11.1,1.7,1.1,1.4,2.2,6.4,8
22105,2018-01-20,6.7,1020.1,49,6.1,11.2,2,1.2,1.9,3.4,5.7,7.1
22105,2018-01-21,5.3,1021.7,41,5.1,11.2,3,1.8,2.4,3.9,6.7,9.1
22105,2018-01-22,5.1,1013.4,54,5.8,11.2,1.9,1.2,1.9,2.8,6.6,9.1
22105,2018-01-23,12.5,1014.8,52,-2.2,11,5.5,3.4,4.4,7.5,8.3,10.7
22105,2018-01-24,11.6,1021.3,65,-6.6,10.8,5.6,3.6,4.8,7,8.4,9.1
22105,2018-01-25,8.9,1022.1,66,-4.1,10.7,4.6,2.8,3.3,5.8,9.8,12.8
22105,2018-01-26,10.5,1022.2,72,-4.5,10.6,5.8,3.5,4,7,9.1,10.7
22105,2018-01-27,3.4,1024.5,50,.2,10.6,4.2,2.5,3.2,5.6,9.4,10.7
22105,2018-01-28,7.7,1016.2,43,2,10.5,2.9,1.8,2.4,3.8,7.5,9.1
22105,2018-01-29,9.4,1017.8,48,-2.6,10.6,4.2,2.6,3.1,5.2,7.8,9.1
22105,2018-01-30,6.8,1021.9,46,-.9,10.4,3.1,1.8,2.3,4.4,7.3,8
22105,2018-01-31,5.9,1024.4,41,2.6,10.4,2.1,1.3,1.6,2.8,6.4,7.1
22105,2018-02-01,3.5,1026.6,48,2.7,10.2,1.6,1,1.3,2,6.4,7.1
22105,2018-02-02,7.6,1025,61,2.9,10.3,3.1,1.9,3.4,5.9,6.7,8
22105,2018-02-03,7.5,1021,53,.9,10.2,3.8,2.3,2.8,5.5,7.7,8
22105,2018-02-04,10.5,1020.1,62,-2,10.2,7.1,4.3,5.4,9,10,10.7
22105,2018-02-05,8.9,1020.3,52,-3.9,10.1,5.2,3.2,3.9,5.9,9.7,10.7
22105,2018-02-06,8,1019.8,56,-4.3,10,5.6,3.5,4.7,7.5,10.8,12.8
22105,2018-02-07,6.2,1022,52,-1.8,9.9,4.8,2.9,3.7,6.2,9.7,10.7
22105,2018-02-08,4,1022.5,38,1.4,9.8,2.5,1.5,2.2,4,8.6,9.1
22105,2018-02-09,6.4,1020.7,49,6.2,9.7,1.6,1,1.4,2.1,6.2,9.1
22105,2018-02-10,6,1015.9,47,5.7,9.6,1.7,1.1,2.6,4.3,5.3,6.4
22105,2018-02-11,12,1017.9,43,-2.1,9.4,4.2,2.6,2.9,5.2,6.9,9.1
22105,2018-02-12,9.6,1016.9,42,-2.1,9.4,3.4,2.1,2.5,4.8,6.7,9.1
22105,2018-02-13,8,1019.5,43,.9,9.4,2.5,1.5,2.1,3.4,5.7,7.1
22105,2018-02-14,8.7,1013.8,54,7,9.5,2.8,1.7,2.3,4.1,5.6,7.1
22105,2018-02-15,4.6,1019.8,50,2.9,9.4,2.7,1.7,2.4,4,6.7,8
22105,2018-02-16,3.1,1014.7,44,4.3,9.5,1.3,.8,1.8,2.5,6.5,9.1
22105,2018-02-17,,,,,,,,2.6,4.4,,9.1
22105,2018-02-18,2.5,1024.2,45,3,9.5,2.2,1.4,2,3,8.2,10.7
22105,2018-02-19,2.7,1021.9,47,5.2,9.4,2.2,1.3,1.8,3.4,9.1,10.7
22105,2018-02-20,4.5,1020.1,41,5.2,9.2,2,1.2,1.6,2.5,6.2,8
22105,2018-02-21,5.9,1021.6,60,2,9.2,3,1.8,2.3,4.3,6.8,8
22105,2018-02-22,5.4,1020.4,39,3.7,9.3,1.7,1,1.3,2.2,5.2,7.1
22105,2018-02-23,7.7,1019.8,49,6.3,9.5,1.8,1.1,1.7,2.8,4.6,6.4
22105,2018-02-24,7.3,1027.2,67,3.6,9.4,3,1.8,2.3,4.1,6.6,8
22105,2018-02-25,7.7,1024,79,4.5,9.3,3.1,1.9,2.2,4.1,6.4,7.1
22105,2018-02-26,5,1024.5,63,4.7,9.2,2.3,1.4,1.6,2.8,6.4,9.1
22105,2018-02-27,5.6,1022.5,67,6.6,9.3,1.7,1.1,1.6,2.9,5.7,7.1
22105,2018-02-28,10,1012.3,80,6.2,9.2,3.5,2.1,4,7.2,6.1,8
22105,2018-03-01,12,1002.5,59,4.9,9.2,5.5,3.3,3.7,7.1,8.1,9.1
22105,2018-03-02,6.3,1014.9,51,4,9.2,3.6,2.3,3.8,5.9,7.6,9.1
22105,2018-03-03,5.6,1012.5,65,8.8,9.3,1.8,1.1,1.6,2.5,6.7,10.7
22105,2018-03-04,4.8,1014.5,79,9.6,10,1.7,1,2.3,3.6,8.1,10.7
22105,2018-03-05,9.4,1019.6,75,3.4,9.2,6.4,3.9,5.3,9.4,8.6,9.1
22105,2018-03-06,3.2,1031.2,56,3.7,9.3,3.3,2,3.2,5.1,8.4,10.7
22105,2018-03-07,7.4,1030.2,61,4.9,9.1,3,1.8,2.3,3.9,6.6,8
22105,2018-03-08,8.9,1018.2,82,3.9,9.5,3.4,2.2,3.4,5.6,6.8,8
22105,2018-03-09,6.8,1023.9,67,2,9.4,5.3,3.3,4.3,6.9,9.2,10.7
22105,2018-03-10,5.7,1021.7,67,6.4,9.1,2.4,1.5,2.4,3.6,7.9,9.1
22105,2018-03-11,5.9,1023.2,63,6.3,9.4,2.2,1.4,1.7,3,6.3,9.1
22105,2018-03-12,6.1,1021,81,8.3,9.2,2.1,1.3,1.7,2.7,6,8
22105,2018-03-13,6,1015.2,75,10.4,9.2,1.8,1.1,1.4,2.3,5.3,7.1
22105,2018-03-14,3,1017.4,79,11.4,10,1.4,.9,1.2,1.9,5.4,7.1
22105,2018-03-15,8.4,1013.8,86,10.1,10.7,2.6,1.5,4,6.6,5.5,9.1
22105,2018-03-16,7.8,1027.7,62,2,10.2,5.4,3.4,4.8,7.2,9.4,10.7
22105,2018-03-17,5.9,1027.7,64,4.6,9.9,2.5,1.5,2,3.2,6.9,9.1
22105,2018-03-18,3.8,1020.4,77,9.2,10,1.5,.9,1.6,2.5,5.5,9.1
22105,2018-03-19,7,1020.4,75,7.1,9.9,2.5,1.5,2.8,4.9,5.7,8
22105,2018-03-20,9.7,1027.8,59,3.2,9.9,4.7,2.8,3.4,7,7.8,8
22105,2018-03-21,10.1,1017.7,75,3.2,10.9,4.2,2.7,3.3,5.5,7.5,9.1
22105,2018-03-22,6.4,1012.6,59,5.2,10.4,4.3,2.6,3.8,5.7,8.3,9.1
22105,2018-03-23,3.2,1017.3,63,7.9,11.2,2.3,1.4,1.9,3.2,7.5,9.1
22105,2018-03-24,4.2,1018.5,60,10.7,11.4,1.8,1.1,1.6,2.5,7.8,9.1
22105,2018-03-25,4.1,1020,70,11.7,11.9,1,.6,.8,1.5,5.8,8
22105,2018-03-26,2.7,1017.8,72,12,11.5,.8,.5,.6,1,3.9,5.8
22105,2018-03-27,3,1014.8,77,12.3,12.2,.9,.6,.8,1.2,4.3,5.3
22105,2018-03-28,3.7,1013,74,13.2,12.5,1.2,.7,1,1.5,5,5.8
22105,2018-03-29,5,1020.7,63,10.7,12.4,1.6,1,1.2,1.9,5.1,6.4
22105,2018-03-30,5.5,1026.5,60,9.8,12.2,1.5,1,1.3,2.2,4.9,5.8
22105,2018-03-31,7.4,1018.2,77,11.4,11.9,2.3,1.4,1.6,2.7,4.9,5.8
22105,2018-04-01,2.7,1014.8,77,12.5,11.8,1.2,.7,1.1,1.8,4.6,5.3
22105,2018-04-02,3.7,1013.6,81,13.3,12.6,1,.6,1,1.9,4.3,4.9
22105,2018-04-03,4,1016.2,73,12.9,12.5,1.4,.9,1.9,3,4.7,6.4
22105,2018-04-04,6.6,1022.2,74,7,11.5,3.1,2,2.6,4,6.8,8
22105,2018-04-05,6.7,1020,68,7.3,11.7,2.2,1.3,1.7,2.8,5.8,7.1
22105,2018-04-06,5.8,1007.9,73,8.2,11.8,2.7,1.7,2.2,4,6.3,7.1
22105,2018-04-07,9.7,1009.2,52,6.2,11,3.1,1.9,2.5,4,5.8,7.1
22105,2018-04-08,7.4,1014.2,48,6.4,11.8,2.6,1.6,2.1,3.5,5.8,7.1
22105,2018-04-09,4.1,1016.8,55,8.9,12.3,1.7,1,1.5,2.7,6.9,8
22105,2018-04-10,10,1010.9,83,12.5,12,2.8,1.8,3.7,5.4,5.5,8
22105,2018-04-11,5.3,1006,60,14.2,13,3.1,2,3.5,5.5,6.8,8
22105,2018-04-12,4.2,1014.7,55,13.1,13.2,1.4,.8,1,2.1,4.6,6.4
22105,2018-04-13,5.8,1025.4,60,11,12.7,1.4,.9,1.2,1.8,4.4,5.8
22105,2018-04-14,6.8,1009.5,79,9.5,12.6,2,1.3,1.6,2.8,5.8,9.1
22105,2018-04-15,4.6,1009.3,57,10.8,12.9,1.8,1.1,1.8,3.1,5.8,9.1
22105,2018-04-16,5.2,1019.8,61,10.6,13,1.4,.9,1.5,2.2,5.1,6.4
22105,2018-04-17,6.4,1019.4,77,12,12.9,1.7,1,1.2,2.1,5.2,9.1
22105,2018-04-18,3.9,1014.6,75,13.8,12.6,1.2,.7,1.4,2.3,4.2,7.1
22105,2018-04-19,1.9,1013.5,78,14.5,13.8,1.2,.7,1.1,1.8,4.8,5.8
22105,2018-04-20,3.4,1018.2,75,15.5,14.3,1.1,.7,1.1,1.9,4.7,6.4
22105,2018-04-21,3.8,1015.3,77,15.7,14.5,1.3,.8,1.2,2.2,4.6,5.8
22105,2018-04-22,6.7,1021.1,76,12.3,13.9,2.3,1.4,2.3,3.7,5.8,8
22105,2018-04-23,7.6,1020.7,84,9.7,11.6,2.7,1.7,2,3.1,6,7.1
22105,2018-04-24,8.8,1013.2,83,9.7,11.3,3.5,2.1,2.4,4.3,6.4,7.1
22105,2018-04-25,5.7,1013.5,69,10.6,11.5,2.9,1.7,2.4,4.2,7,7.1
22105,2018-04-26,6.3,1012,80,12.7,12.8,2.1,1.3,1.6,2.6,6.1,9.1
22105,2018-04-27,5.8,1013.4,60,12.1,13.1,2.4,1.5,2.6,4.8,6.4,9.1
22105,2018-04-28,5.7,1013.4,76,13.6,13.5,2,1.2,1.6,2.6,5.5,7.1
22105,2018-04-29,3.9,1009.1,78,14.7,13.7,1.6,1,2.1,3.3,5.2,6.4
22105,2018-04-30,2.9,1013,79,15.1,14.9,1.4,.9,1.5,2.4,5.3,7.1
22105,2018-05-01,2.5,1015.6,82,13.3,15,1.1,.6,.9,1.4,5.5,7.1
22105,2018-05-02,5.4,1006.8,90,12.3,14,1.3,.8,1.8,3.4,4.5,5.8
22105,2018-05-03,7.6,1004.3,68,10.8,12.2,4,2.5,3.3,5.5,8.2,10.7
22105,2018-05-04,6.9,1007.3,57,14.5,13.6,3.5,2.2,2.7,4.5,10.4,12.8
22105,2018-05-05,6.2,1011.5,68,15.7,14.5,2.6,1.6,2,3.3,7.3,10.7
22105,2018-05-06,4.4,1009.2,90,13.8,14.2,2,1.2,1.5,2.7,6.1,8
22105,2018-05-07,4.4,1008.7,91,12.9,14.1,1.4,.9,1.2,2.1,5.6,8
22105,2018-05-08,7.2,1017.7,84,11.2,14,2.4,1.5,1.9,3.3,5.6,6.4
22105,2018-05-09,6.1,1023.5,75,9.4,13.5,2.6,1.5,2,3.9,6.9,8
22105,2018-05-10,5.1,1020.8,81,12.2,13,1.7,1.1,1.6,2.8,6,7.1
22105,2018-05-11,3.2,1015.3,81,14.5,13.8,1.5,.9,1.6,2.5,5.1,5.8
22105,2018-05-12,4.5,1010.3,86,14.8,14,1.4,.9,1.5,2.5,4.8,5.8
22105,2018-05-13,3.8,1005.9,91,14.4,14.1,1.4,.9,1.3,2.2,5.6,6.4
22105,2018-05-14,4.1,1009,86,15.4,14.9,1.1,.6,1.3,2,4.6,5.8
22105,2018-05-15,2.9,1008.5,78,17.8,15.8,.8,.5,.7,1.3,4.1,4.9
22105,2018-05-16,7.2,1004.6,86,17.9,16.1,1.8,1.1,2,3.3,4.9,6.4
22105,2018-05-17,5.4,1004.8,90,16.9,16.1,1.9,1.2,2,3.3,5.4,6.4
22105,2018-05-18,9.7,1008,85,12.1,15,3.1,1.9,2.5,4,6.3,8
22105,2018-05-19,5.4,1019,74,12.5,15,3.1,1.9,2.6,4,8.6,9.1
22105,2018-05-20,4.5,1022.8,77,13.1,15.4,2,1.2,1.4,2.4,8,9.1
22105,2018-05-21,2.5,1021.1,77,13.4,16.2,1.6,.9,1.1,2,6.3,7.1
22105,2018-05-22,4,1013.4,88,14.3,16.1,1,.6,.8,1.5,4.8,5.8
22105,2018-05-23,4.6,1006.5,84,15,16,1.2,.8,1.2,1.8,4.1,5.8
22105,2018-05-24,5.4,1005.7,72,17.3,16.2,1.1,.7,1,1.4,3.9,4.9
22105,2018-05-25,2.9,1006.1,77,17.5,16.8,1,.6,1,1.6,4.6,5.8
22105,2018-05-26,3.1,1009.5,89,15.1,16.7,1,.6,.9,1.5,4.5,5.3
22105,2018-05-27,2.8,1010.3,86,15.8,17.3,.8,.5,.7,1,3.6,4.9
22105,2018-05-28,2.9,1011.2,86,15.7,17.9,.8,.5,.5,.9,4.5,8
22105,2018-05-29,3.1,1011.7,92,16.3,17.9,.7,.4,.5,1,5.9,8
22105,2018-05-30,3.5,1009.5,88,17.3,17.6,.6,.4,.5,.9,3.8,8
22105,2018-05-31,3.5,1010.2,87,16.6,17.2,.8,.5,.7,1.1,3.7,8
22105,2018-06-01,2.5,1013.6,85,17.9,17.5,.5,.3,.4,.7,3,3.8
22105,2018-06-02,3.8,1013,86,18.8,18.5,.8,.5,.8,1.2,3.3,4.6
22105,2018-06-03,3.5,1011.4,84,19.6,19.6,1,.6,.9,1.6,4,4.6
22105,2018-06-04,3.7,1011.8,89,18.7,19.3,.9,.6,.8,1.3,4.4,5.3
22105,2018-06-05,4.6,1011.5,84,18.4,18.4,.8,.5,.7,1.3,3.4,4.9
22105,2018-06-06,4.8,1010.9,94,17.5,17.2,.8,.5,.8,1.1,2.9,4
22105,2018-06-07,4.5,1009.8,93,17.6,17.4,.9,.6,.8,1.3,3.9,4.6
22105,2018-06-08,2.9,1007.7,87,18.1,17.9,.9,.5,.8,1.4,4.1,4.9
22105,2018-06-09,4.4,1011.5,83,16.4,17.7,1.7,1.1,1.5,2.8,6.2,9.1
22105,2018-06-10,5.8,1008.2,78,16.7,17.9,2.5,1.5,1.8,3,7.7,9.1
22105,2018-06-11,5.5,1002.8,71,15.9,18.4,2,1.2,1.6,2.7,6.4,8
22105,2018-06-12,6.1,1004,73,16.1,18.9,1.8,1.1,1.3,2.3,5,6.4
22105,2018-06-13,3.7,1009.3,75,17.2,19.6,1.8,1.1,1.3,2.3,7.2,8
22105,2018-06-14,7,1011.4,74,17.5,20.1,3,1.9,2.4,3.6,9,10.7
22105,2018-06-15,5.8,1014.3,71,16.4,19.9,2.8,1.7,2.2,3.4,7.3,9.1
22105,2018-06-16,3.8,1014.9,70,16.4,19.9,1.8,1.1,1.5,2.2,6.9,8
22105,2018-06-17,6.7,1010.7,84,18,19.8,1.7,1,1.2,2,6.7,8
22105,2018-06-18,4,1007,89,19.7,20.5,1,.6,1,1.8,5.8,7.1
22105,2018-06-19,4.2,1003.4,89,20,20.7,1,.6,.9,1.4,3.9,4.6
22105,2018-06-20,4.2,1001.6,86,19.8,20.6,.9,.6,.8,1.3,4.2,5.8
22105,2018-06-21,2.7,1005.4,70,20.8,20.9,.8,.5,.7,1.2,4.8,5.8
22105,2018-06-22,4.2,1007.6,80,21.2,21.2,.6,.3,.5,.9,3.5,8
22105,2018-06-23,4.9,1002.2,80,21.2,21.1,1,.6,1.1,1.9,3.1,4.6
22105,2018-06-24,3.2,1004.9,74,22.5,21.8,.7,.4,.5,.9,4.7,5.8
22105,2018-06-25,1.9,1009.9,82,22.5,22.5,.6,.4,.4,.8,4.6,5.8
22105,2018-06-26,6.7,1004.8,92,20.7,21.1,1.5,.9,1.9,3.9,4.5,7.1
22105,2018-06-27,2.9,999.8,89,19.2,19.9,1.9,1.2,2,3.3,6.7,9.1
22105,2018-06-28,5.2,999.1,89,18.4,18.3,1.7,1.1,1.6,2.5,5.3,6.4
22105,2018-06-29,4,1002.7,90,17.8,16.9,1.2,.7,.9,1.7,5.2,7.1
22105,2018-06-30,5.5,1010.4,93,17.8,17.1,1.5,.9,1.2,2.2,4.7,5.8
22105,2018-07-01,4.2,1011.9,95,17.5,16.9,1.2,.7,1,1.9,4.4,5.3
22105,2018-07-02,4,1008.7,95,18.6,17.4,1,.6,1,1.8,4.5,5.8
22105,2018-07-03,4.5,1002.2,95,18.9,17.8,1,.6,2,3.4,4.5,5.3
22105,2018-07-04,4.9,997.5,96,18.3,17.6,2.9,1.8,2.3,3.8,7,8
22105,2018-07-05,3.6,1005.6,95,19.3,20.9,4.2,2.6,3.7,7.8,9.3,10.7
22105,2018-07-06,7.2,1011,90,18.3,21.5,6.2,4,4.9,7.8,10.6,10.7
22105,2018-07-07,7.3,1013.5,78,18.1,21,4.7,2.9,3.6,6.4,9,10.7
22105,2018-07-08,5.1,1015.5,81,18.1,20.8,2.9,1.8,2.5,4.2,7.9,9.1
22105,2018-07-09,2.3,1017.9,88,18.1,20.7,1.6,1,1.5,2.7,6.3,8
22105,2018-07-10,2.2,1016.6,94,19.3,20.9,1,.6,.9,1.6,5.7,6.4
22105,2018-07-11,1.6,1016,94,19.7,21,.7,.4,.5,.9,5.3,8
22105,2018-07-12,3.6,1011.7,89,21.9,21.4,.4,.2,.3,.5,4.9,10.7
22105,2018-07-13,3.4,1010.2,82,23.7,22.5,.4,.3,.4,.8,5.7,9.1
22105,2018-07-14,3.3,1009.3,84,24.2,23.2,.4,.3,.5,.8,3.3,6.4
22105,2018-07-15,3.3,1010.3,86,24.2,24,.5,.3,.5,.8,3.1,3.8
22105,2018-07-16,2.6,1010.4,85,24.7,24.3,.4,.2,.3,.6,3.4,4.9
22105,2018-07-17,2.8,1009.8,85,25.1,24.6,.5,.3,.6,1,3.6,4.3
22105,2018-07-18,1.9,1010.8,85,24.9,25,.7,.4,.5,.9,7.4,8
22105,2018-07-19,2.5,1009.8,89,25.2,25.9,.7,.4,.5,.8,5.9,6.4
22105,2018-07-20,4,1008.3,87,25.5,25.9,.8,.4,.8,1.5,3.6,5.3
22105,2018-07-21,6.5,1007.9,87,24.4,23.7,1.3,.8,1,1.6,3.8,4.6
22105,2018-07-22,5.3,1007.6,88,24.1,23.6,1.2,.7,.9,1.4,4,4.9
22105,2018-07-23,1.7,1007.7,79,26.2,23.9,.6,.4,.6,1.2,4.9,8
22105,2018-07-24,2.7,1007.5,90,26.2,26.1,.5,.3,.4,.8,5.7,9.1
22105,2018-07-25,4.1,1006.6,93,25.9,26.7,.7,.4,.5,.9,6.8,8
22105,2018-07-26,3.9,1006.7,93,26.3,27.1,.6,.3,.5,.9,3.2,7.1
22105,2018-07-27,3.3,1007.2,89,26.7,27.3,.6,.3,.4,.7,2.9,6.4
22105,2018-07-28,2.8,1007.3,85,26.7,27.5,.6,.3,.7,1,3.6,8
22105,2018-07-29,8.3,1004.2,86,25.7,26.9,2.8,1.7,2.5,4.3,6,8
22105,2018-07-30,3.8,1005.8,92,25.3,26.1,2.1,1.3,1.9,3.5,7.3,9.1
22105,2018-07-31,2.6,1005.8,89,26,27.3,1.1,.6,.8,1.5,5.6,6.4
22105,2018-08-01,2.8,1004.9,87,26.2,27.2,.7,.4,.6,1.1,4.8,5.3
22105,2018-08-02,2.1,1007.2,86,26.5,27.9,.4,.2,.3,.6,3.9,5.8
22105,2018-08-03,4.8,1007.7,88,27.1,28.3,.8,.5,.8,1.4,2.9,3.8
22105,2018-08-04,2.4,1005.5,82,29,29.1,.8,.5,.7,1.2,3.7,4.6
22105,2018-08-05,2,1005,78,28.4,28.8,.8,.5,.6,1,5,7.1
22105,2018-08-06,6.3,1007.7,81,26.1,28.4,2.1,1.3,1.8,3,6.6,8
22105,2018-08-07,4,1009.3,74,25.7,28,1.7,1,1.3,2.1,6.8,8
22105,2018-08-08,2.9,1007.8,69,25.6,28,1.3,.8,1.1,1.9,7.1,8
22105,2018-08-09,3.2,1005.4,74,25.7,28,1.3,.8,1,1.5,6.7,8
22105,2018-08-10,3.2,1005.3,76,25.6,28,1.4,.9,1.1,1.8,6.7,8
22105,2018-08-11,3.8,1007.1,75,25.8,27.8,1.3,.8,1,1.6,6.4,7.1
22105,2018-08-12,4.8,1008.9,81,26.2,28,1.5,.9,1.1,2,5.9,7.1
22105,2018-08-13,3.4,1010.3,85,27.7,28.9,1.2,.7,.9,1.6,4.8,7.1
22105,2018-08-14,4.4,1010.3,85,28.3,29.1,.9,.6,.7,1.2,3.5,4.9
22105,2018-08-15,2.4,1008.9,82,28,29.5,.7,.4,.5,.8,3.2,9.1
22105,2018-08-16,7.6,1010.5,73,24.9,28.8,3.2,1.9,3.1,4.8,6.8,9.1
22105,2018-08-17,4.7,1014.9,59,23.8,28.2,3.8,2.3,2.8,4.9,9.5,10.7
22105,2018-08-18,5,1012.4,55,24.2,27.9,2.8,1.7,2.2,3.8,9.3,10.7
22105,2018-08-19,3.8,1011.1,63,24.3,27.6,1.4,.8,1.3,2.4,6.9,8
22105,2018-08-20,5.4,1007.7,74,25.5,27.6,1.1,.7,1.6,2.4,4.1,7.1
22105,2018-08-21,8.7,,79,26.3,26.9,2.5,1.5,1.9,3.2,4.8,5.3
22105,2018-08-22,2.6,1007,83,27.1,27.4,.9,.6,.9,1.3,4.6,6.4
22105,2018-08-23,3.6,1003,81,27.2,27.8,1.8,1.1,2,3.4,5,7.1
22105,2018-08-24,10.2,995.6,84,25,26.6,4.6,2.7,4.1,7,6.9,8
22105,2018-08-25,4.8,1007.3,73,25.3,26.4,3.4,2.1,2.6,4.2,8.8,10.7
22105,2018-08-26,6,1011.5,70,22.4,25.8,2.6,1.6,2.1,4.3,9.8,10.7
22105,2018-08-27,3.1,1011.6,86,23.8,25.9,1.8,1.1,1.5,3.1,8.4,9.1
22105,2018-08-28,3.3,1012.8,85,23.2,25.9,1,.6,.8,1.6,6.1,8
22105,2018-08-29,4.6,1009.3,86,24.1,25.9,1.1,.7,1,2,4,6.4
22105,2018-08-30,6.7,1007.3,83,25.9,25.9,1.7,1,1.3,2,4.2,5.3
22105,2018-08-31,3.1,1009.8,81,23.1,25.8,1.1,.7,.9,1.8,4.3,5.8
22105,2018-09-01,6.2,1013.4,68,23,25.9,1.7,1,1.5,2.6,4.7,7.1
22105,2018-09-02,2.3,1011.6,67,22.1,26,1.5,.9,1.3,2.1,5.9,7.1
22105,2018-09-03,6.2,1002.9,86,24.1,25.7,1.5,1,1.9,2.9,4.8,9.1
22105,2018-09-04,5.1,996,83,22.7,25.4,1.4,.9,1.5,2.5,4.7,7.1
22105,2018-09-05,7,999.7,56,24.7,25.1,1.8,1.1,1.5,2.6,4.5,7.1
22105,2018-09-06,6.5,1003.6,65,24.4,24.8,1.6,1,1.5,2.5,4,5.3
22105,2018-09-07,7.3,1003.5,62,23.9,24.8,2.2,1.3,1.8,3.2,5,5.8
22105,2018-09-08,4.1,1013.3,58,22.3,24.4,1.1,.7,.9,1.5,4.5,5.3
22105,2018-09-09,7,1016.9,64,22.4,24.8,2.1,1.3,2.2,3.5,4.8,6.4
22105,2018-09-10,6.2,1021.9,58,20.8,24.1,3.1,1.8,2.2,3.7,6.9,8
22105,2018-09-11,5.1,1022.8,58,20.3,24.1,2.4,1.5,1.7,2.8,7.2,9.1
22105,2018-09-12,3.8,1019.6,64,21.2,24.7,1.9,1.1,1.3,2.5,6.1,7.1
22105,2018-09-13,3.3,1018.4,74,22.2,24.7,1.2,.7,.9,1.5,5,7.1
22105,2018-09-14,4.2,1017.2,78,21.9,24.5,1.3,.8,.9,1.8,4.7,5.3
22105,2018-09-15,3,1014.8,78,22.2,24.4,1.3,.8,1,1.6,5.3,6.4
22105,2018-09-16,4,1013.7,79,23.1,24.4,1.1,.7,.9,1.5,4.7,6.4
22105,2018-09-17,3.2,1015.9,71,22.7,24.3,.9,.5,.7,1.3,5,12.8
22105,2018-09-18,2.4,1016,73,22.3,24.4,.5,.3,.4,.7,7,10.7
22105,2018-09-19,2.9,1014.4,72,22.4,24.8,.6,.4,.5,.9,3.9,9.1
22105,2018-09-20,5.2,1012.1,75,21.1,24.5,1.4,.8,1.5,2.5,3.9,5.8
22105,2018-09-21,5,1010.6,71,21,24.4,2.4,1.5,1.7,2.8,6,7.1
22105,2018-09-22,3.4,1012.9,64,22.5,24.5,1.5,.9,1.5,2.6,7,8
22105,2018-09-23,5.3,1014.5,56,22.4,23.8,1.4,.8,1.1,1.9,5.2,8
22105,2018-09-24,4.2,1017.4,47,20.1,23.8,1.4,.9,1.2,1.9,5,7.1
22105,2018-09-25,4.8,1019.8,53,19.7,23.8,1.3,.8,1.4,2.1,5.2,6.4
22105,2018-09-26,5.8,1020.8,60,18.9,23.5,1.8,1.1,1.5,2.3,4.8,5.8
22105,2018-09-27,6.4,1019.1,55,19.5,23.3,1.9,1.1,1.3,2.4,5.1,5.8
22105,2018-09-28,4.2,1019.6,56,19.6,22.9,1.6,1,1.2,2,6.5,7.1
22105,2018-09-29,4,1014.8,70,20.3,22.8,1.5,.9,1.1,1.9,5.8,7.1
22105,2018-09-30,4.1,1003.1,74,20.2,22.9,2.1,1.3,1.9,3.2,6.2,8
22105,2018-10-01,10.3,1003.6,46,18.4,22.6,3.3,2,2.2,3.9,6.1,6.4
22105,2018-10-02,4.1,1015.4,55,19.2,22.5,2.7,1.6,2.1,3.7,7.5,9.1
22105,2018-10-03,1.6,1021.4,54,19.9,22.6,1.7,1,1.7,2.6,8.5,9.1
22105,2018-10-04,5.5,1025.3,66,20.3,21.9,1.4,.9,1.4,2.3,5,8
22105,2018-10-05,8.2,1020.2,85,18.8,21.5,2.7,1.6,2.1,3.3,6,7.1
22105,2018-10-06,12.7,1002.4,87,20.1,21.6,5.5,3.3,5.1,8.9,7.1,9.1
22105,2018-10-07,4.1,1013.7,73,20.1,21.8,3.5,2.1,3.4,6.8,8.2,9.1
22105,2018-10-08,6.8,1017.5,47,18.2,21.3,2.8,1.7,2.5,3.9,7.4,9.1
22105,2018-10-09,2.7,1017.2,48,18.9,21.3,1.3,.8,1.2,2,7.7,9.1
22105,2018-10-10,7.7,1012.9,54,18,21.4,2,1.2,2,3.6,5.1,8
22105,2018-10-11,7.5,1019.1,47,13.8,20.9,2.5,1.5,1.9,3.6,5.8,7.1
22105,2018-10-12,4.6,1024.5,53,15.1,20.5,1.9,1.1,1.5,2.8,5.7,7.1
22105,2018-10-13,2,1025.3,50,16.5,20.3,1,.6,1,1.7,6,7.1
22105,2018-10-14,3.2,1021.3,51,17.3,20.4,.9,.5,.8,1.4,6.1,8
22105,2018-10-15,3.6,1018.5,57,17.5,20.4,1.1,.7,.8,1.5,4.5,5.8
22105,2018-10-16,4.3,1015.9,62,17.3,20.6,1.3,.8,1,1.7,5.3,7.1
22105,2018-10-17,7.4,1015.8,68,14.9,20.1,2.5,1.5,1.9,3.1,5.4,5.8
22105,2018-10-18,10.5,1018.4,70,14.9,19.6,3.6,2.1,2.6,4.6,5.9,6.4
22105,2018-10-19,7.7,1023.5,57,15.2,19.4,3.1,1.9,2.7,4.1,6.3,7.1
22105,2018-10-20,1.8,1024.9,57,16.1,19.6,1.3,.8,1.1,2,6.2,8
22105,2018-10-21,2.2,1023.2,60,16.7,19.4,.7,.4,.6,1,5.5,7.1
22105,2018-10-22,5.4,1019.6,67,17.5,19.4,1,.6,.9,1.4,3,4
22105,2018-10-23,5.4,1015.6,59,17.3,19.7,1.2,.7,1,1.8,3.8,4.6
22105,2018-10-24,3.2,1019.1,50,16.2,20.1,1.5,.9,1.2,2.1,5.2,6.4
22105,2018-10-25,3.4,1020.4,56,16.8,19.4,.8,.5,.6,1.1,4.9,6.4
22105,2018-10-26,7.1,1010.9,62,16.5,18.4,1.5,.9,1.6,2.4,3.8,4.3
22105,2018-10-27,9.1,1009.8,44,12.9,18.5,3.6,2.2,2.7,4.6,6.3,8
22105,2018-10-28,8,1008.6,56,12.6,19,2.8,1.7,2.2,3.7,5.7,7.1
22105,2018-10-29,6.1,1011.7,46,12.1,19,2.7,1.6,2.1,3.7,6.1,8
22105,2018-10-30,4.9,1018.2,51,10.4,17.8,2.5,1.5,2.6,4.4,6.3,8
22105,2018-10-31,5.5,1021.2,51,11,17.7,2.2,1.3,2,3.2,5.8,7.1
22105,2018-11-01,2.2,1024.9,49,13.3,17.4,1.3,.8,1,1.7,6.9,9.1
22105,2018-11-02,2.6,1027,49,14.7,17.5,1.2,.7,.8,1.5,7.3,9.1
22105,2018-11-03,5.6,1023.9,55,15.9,17.9,1.2,.7,1.3,2.4,5.1,8
22105,2018-11-04,2.7,1020.9,57,16,18,.9,.6,1.3,1.9,3.8,4.9
22105,2018-11-05,3.4,1023,65,15.5,17.5,1,.6,1.1,1.8,5.4,8
22105,2018-11-06,5.2,1025.4,69,14.8,17.3,1.8,1,1.3,2.3,6.4,7.1
22105,2018-11-07,4.6,1025.3,84,13.9,17.1,2.4,1.4,1.8,3.4,5.5,6.4
22105,2018-11-08,6.9,1014.9,88,15.6,17.1,3.3,2,2.7,4.1,5.7,7.1
22105,2018-11-09,8.3,1013.1,55,15.7,16.3,3.2,1.9,2.8,4.8,6.1,8
22105,2018-11-10,4.8,1022.4,60,14.6,16,1.7,1,1.5,2.3,5.3,8
22105,2018-11-11,3.4,1020.9,60,14.3,16.2,1.1,.6,.8,1.3,4.9,7.1
22105,2018-11-12,6.6,1018.6,62,12.4,16,2.1,1.3,1.7,3.2,5.3,7.1
22105,2018-11-13,4.3,1019.8,55,12,15.6,1.5,.9,1.4,2.4,5.2,5.8
22105,2018-11-14,5.7,1023.6,65,10.9,15.4,2.3,1.4,1.6,2.8,5.9,6.4
22105,2018-11-15,2.9,1024.3,56,12.5,15.4,1.3,.7,1.1,1.8,5.4,7.1
22105,2018-11-16,3.5,1019.8,56,13.8,15.2,1.2,.7,1.6,2.7,4.1,8
22105,2018-11-17,5.1,1021.3,71,11.3,15.3,2.6,1.6,2.3,3.9,6.3,8
22105,2018-11-18,4.3,1018.7,48,12.1,15.3,1.5,.9,1.1,1.7,5.2,6.4
22105,2018-11-19,5.3,1020.6,44,11.1,15.1,1.8,1.1,1.4,2.5,5.2,6.4
22105,2018-11-20,6.8,1022.9,41,10.9,15.2,1.8,1.1,1.5,2.5,4.7,5.8
22105,2018-11-21,5.7,1021.8,55,10.7,15,1.6,1,1.5,2.6,4.8,7.1
22105,2018-11-22,9.1,1021.7,42,7.4,14.7,3.4,2.1,2.8,4.7,6.4,7.1
22105,2018-11-23,4.9,,40,5.8,14.4,2.7,1.6,2.2,3.5,6.5,9.1
22105,2018-11-24,5.5,1023.8,56,8.7,14.3,1.5,1,1.2,2.1,4.6,7.1
22105,2018-11-25,4.9,1022,50,10.5,14.2,1.3,.8,1.2,1.9,4.1,5.8
22105,2018-11-26,3.7,1023.2,54,12.1,14.2,1.2,.8,1,1.6,4.8,6.4
22105,2018-11-27,4,1019.8,50,13.3,14.4,1.5,.9,1.1,2.2,4.3,5.3
22105,2018-11-28,6.5,1022.7,47,9.7,15,2.5,1.5,2.4,4.1,6,7.1
22105,2018-11-29,4.9,1024.4,44,10,15,1.7,1,1.4,2.3,5.2,6.4
22105,2018-11-30,3.4,1024.4,43,9,14.5,1.8,1,1.4,2.3,5.9,7.1
22105,2018-12-01,4.5,1026.6,48,9.9,14.1,2.3,1.4,2.4,3.8,6,8
22105,2018-12-02,4.7,1024.2,67,13,14.3,1.9,1.1,1.4,2.2,5.4,8
22105,2018-12-03,4.4,1016,88,14.6,14.6,1.8,1.1,1.5,2.7,5,5.8
22105,2018-12-04,5,1015.1,83,12.2,15.5,2.3,1.4,2.3,3.6,5.9,9.1
22105,2018-12-05,6.3,1024.2,74,8.2,15.4,4.5,2.7,3.3,5.9,8.3,9.1
22105,2018-12-06,10.2,1018.5,72,8.5,14.9,4.5,2.7,3.5,6.2,7,9.1
22105,2018-12-07,9.2,1025,45,1,14,5.1,3,4.1,7.6,7.8,10.7
22105,2018-12-08,9.6,1027.3,50,-.8,13.6,4,2.4,2.7,4.9,7.3,9.1
22105,2018-12-09,5.2,1032,52,.9,13.3,2.7,1.6,2.4,4,6.9,8
22105,2018-12-10,3.8,1032.5,52,4.8,14.1,1.6,.9,1.2,2.1,5.8,7.1
22105,2018-12-11,5.2,1026.6,60,6.5,14.2,1.9,1.1,1.9,3.1,5.6,6.4
22105,2018-12-12,9.1,1024.7,63,4.9,14.3,4.2,2.5,3.1,5.8,7.2,9.1
22105,2018-12-13,8.3,1023,51,4.5,15.7,3.1,1.9,2.5,4.5,6.8,8
22105,2018-12-14,7.5,1030.8,59,4,16.3,3.3,2,2.3,5.4,7,8
22105,2018-12-15,4.2,1029,48,6.6,14.7,1.9,1.1,1.5,2.5,6.3,7.1
22105,2018-12-16,4.8,1017.8,43,8.4,13.8,1.6,.9,1.2,1.9,4.5,6.4
22105,2018-12-17,8.4,1014,45,7,13.7,2.4,1.5,2.2,3.4,5.5,7.1
22105,2018-12-18,7.4,1018.1,42,6.4,14.8,2.9,1.7,2.2,4,6.4,7.1
22105,2018-12-19,7.6,1017.7,42,9.7,15.1,2.4,1.5,2,3.2,5.3,6.4
22105,2018-12-20,3.6,1022.5,44,9.2,16.1,1.8,1.1,1.6,2.7,5.9,7.1
22105,2018-12-21,5.6,1021.8,60,12.3,15.9,1.4,.9,1.2,2,4.5,6.4
22105,2018-12-22,4.4,1019.9,58,11.2,15.6,1.4,.8,1.1,2,4.3,4.9
22105,2018-12-23,6.5,1019.4,56,9.4,15.7,2.5,1.5,2.7,4.8,5.6,7.1
22105,2018-12-24,4.5,1023.4,39,5.5,16,2.8,1.7,2.3,4.1,7,8
22105,2018-12-25,5,1021.6,44,6,15.7,1.7,1.1,1.4,2.4,5.7,7.1
22105,2018-12-26,6.7,1020.2,45,6.9,15.4,2,1.2,2,3.2,5.2,7.1
22105,2018-12-27,10.3,1021.3,56,.3,15.9,4.8,2.9,3.4,5.6,7.7,8
22105,2018-12-28,8.9,1024.1,60,.2,15.9,3.9,2.3,2.7,4.6,7.5,9.1
22105,2018-12-29,8.3,1027.8,53,-.1,14.4,4.1,2.5,3.2,5.4,7.8,9.1
22105,2018-12-30,6.4,1033.8,54,1.7,13.4,3.6,2.1,2.8,5.2,7.3,9.1
22105,2018-12-31,2.2,1033.6,41,4.7,14.2,3.7,2.2,2.9,5.3,7.9,10.7
22105,2019-01-01,6.3,1027.5,44,3.5,14.4,2.9,1.8,2.4,3.8,7.7,9.1
22105,2019-01-02,5.1,1028.9,44,3.3,14.8,2.2,1.3,1.7,2.8,6.4,7.1
22105,2019-01-03,4.3,1031,43,4.6,15.1,2.4,1.4,1.8,3.2,6.7,7.1
22105,2019-01-04,4.3,1025.9,39,7,15.2,1.9,1.1,1.5,2.6,6.4,8
22105,2019-01-05,7.2,,49,5,15.2,2.9,1.8,2.5,4.6,6.1,8
22105,2019-01-06,3,1025.3,52,5.3,15.2,2.3,1.4,1.9,4.1,6.9,8
22105,2019-01-07,5.8,1023.4,41,5.6,15,2,1.2,1.4,2.3,6.1,7.1
22105,2019-01-08,8.3,1022.8,45,4.1,14.6,2.7,1.6,3.2,5.5,5.8,8
22105,2019-01-09,6.1,1028.9,50,3.2,14.1,3.6,2.2,3.7,6.7,7.6,8
22105,2019-01-10,6.4,1019.6,35,7.6,14.2,2,1.2,1.6,2.3,5.2,7.1
22105,2019-01-11,3.1,1024.2,52,6.9,14.6,1.7,1,1.4,2.2,5.9,7.1
22105,2019-01-12,4.1,1021.3,69,7.2,14.6,1.7,1,1.2,2,5.5,7.1
22105,2019-01-13,5.2,1023,68,7.6,14.4,1.8,1,1.6,2.7,4.7,5.3
22105,2019-01-14,3.7,1022.9,49,8.5,14.4,1,.6,1.1,1.9,4.3,6.4
22105,2019-01-15,9,1018.1,52,5.6,14.3,2.7,1.7,2.2,3.7,5.1,6.4
22105,2019-01-16,7.4,1020.6,48,2.3,14.6,3.3,2,2.6,4.6,7.2,9.1
22105,2019-01-17,8.8,1017.6,48,5.3,14.6,3,1.8,2.1,3.8,6.3,7.1
22105,2019-01-18,3.4,1024.2,42,6.2,14.7,2.8,1.7,2.4,3.8,7.5,9.1
22105,2019-01-19,2.2,1021.3,40,7.8,14.6,1.6,.9,1.4,2.5,6.3,8
22105,2019-01-20,8.2,1015.5,50,5.8,14.4,2.8,1.7,2.7,4.5,5.7,8
22105,2019-01-21,7.9,1016.4,47,5.1,14.1,3,1.8,2.3,3.6,6.7,8
22105,2019-01-22,6.3,1015.6,41,6.6,14.2,2.3,1.4,2.6,4.6,6.1,9.1
22105,2019-01-23,8.3,1015.7,45,7.2,13.9,2.7,1.7,2.2,3.8,5.6,6.4
22105,2019-01-24,3,1022.2,49,5.3,14.2,2.3,1.4,1.8,3.4,6.8,8
22105,2019-01-25,8.3,1019.2,51,4.6,14.8,3.3,1.9,3.6,5.6,6.2,8
22105,2019-01-26,9.8,1022.9,58,3,14.2,5,3,3.6,6.9,7.8,9.1
22105,2019-01-27,5.9,1022.1,40,7.3,14.2,2.7,1.6,2.1,3.8,7.3,8
22105,2019-01-28,9.6,1017.3,47,6.2,13.4,3.4,2,2.9,4.9,5.7,7.1
22105,2019-01-29,5,1025.2,48,6.3,13.3,2.4,1.4,2.2,3.6,6.9,8
22105,2019-01-30,2.3,1020.7,35,9.5,13.2,2,1.2,1.4,2.4,8.2,9.1
22105,2019-01-31,8,1016.9,67,4.4,13.4,3.9,2.4,4.1,6.5,6.8,9.1
22105,2019-02-01,5.4,1018.6,47,3.5,13.5,2.4,1.5,2.2,3.5,6.9,8
22105,2019-02-02,5,1019.3,45,7.1,13,1.7,1,1.4,2.7,5.3,6.4
22105,2019-02-03,6.1,1010.4,77,8.7,12.4,2.1,1.2,1.9,3.5,5.4,7.1
22105,2019-02-04,7.7,1019.8,40,6.6,12.8,3.5,2.2,3.4,6.5,6.9,9.1
22105,2019-02-05,5.4,1020,38,8.3,12.7,2.1,1.3,1.8,3,5.9,9.1
22105,2019-02-06,3.8,1014.8,48,10.2,13.3,1.1,.7,1.1,2,4.8,7.1
22105,2019-02-07,7,1016.3,68,5.4,13.1,3.2,1.9,2.8,4.8,7.1,8
22105,2019-02-08,5.3,1023.5,56,1,13,3.3,2,3.1,5.8,7.2,8
22105,2019-02-09,8.3,1022.4,62,2.2,12.7,3.4,2.1,3.4,5.4,6.7,8
22105,2019-02-10,3.6,1028.1,74,1.8,12.9,2.4,1.5,2.4,3.5,6.9,8
22105,2019-02-11,8.4,1026.5,52,3.3,12.9,2.7,1.7,2,3.5,5.8,7.1
22105,2019-02-12,5.2,1031.3,42,3.1,12.3,2.3,1.4,1.8,3,5.8,6.4
22105,2019-02-13,7.6,1029.4,51,2.9,11.8,2.7,1.6,2.7,4.6,6.1,8
22105,2019-02-14,4.9,1031.5,53,2.7,12.9,2.2,1.3,2.1,3,6.3,7.1
22105,2019-02-15,7,1020.5,54,6.6,12.9,2,1.2,1.6,2.7,4.8,7.1
22105,2019-02-16,7,1019.3,61,3.2,13,2.7,1.6,2.3,3.6,6.2,8
22105,2019-02-17,3.6,1021.4,46,4.2,12.1,1.7,1,1.6,2.5,6.3,7.1
22105,2019-02-18,3.1,1023.2,46,7.9,12.1,1.2,.8,.9,1.5,5.3,7.1
22105,2019-02-19,5,1016.6,72,7.2,13.3,1.3,.8,1.1,2.2,3.7,4.3
22105,2019-02-20,7.1,1020.8,55,6.3,12.9,2.4,1.4,1.9,3.2,5.4,7.1
22105,2019-02-21,3.7,1025,56,7.2,12.1,1.5,.9,1.2,2,6,8
22105,2019-02-22,4,1020.2,55,8.8,12.2,1.3,.8,1.1,1.8,6,8
22105,2019-02-23,5.6,1023.9,52,7.5,12.3,2,1.2,1.7,2.7,5.2,6.4
22105,2019-02-24,5.7,1020,56,10,12.1,1.5,.9,1.2,2,4.4,6.4
22105,2019-02-25,6.2,1019.6,51,9,12.2,2.2,1.3,1.8,3.2,5.2,6.4
22105,2019-02-26,5.1,1022.9,57,8.4,13.2,1.5,.9,1.2,2.2,4.9,5.8
22105,2019-02-27,6.7,1021.4,64,9.5,13.6,1.9,1.2,1.6,2.6,5,5.8
22105,2019-02-28,5.1,1017.3,62,8.7,11.9,1.6,1,1.3,2.2,4.6,5.3
22105,2019-03-01,2.1,1020.2,56,9.2,12.2,.8,.5,.6,.9,4.4,4.9
22105,2019-03-02,4.5,1019.6,57,9.9,12.2,.6,.4,.8,1.2,3.4,5.3
22105,2019-03-03,5.3,1013.6,59,10.2,13.2,1.1,.7,.8,1.4,4.2,5.3
22105,2019-03-04,3.4,1013.7,56,10.3,14.2,1.2,.8,1,1.9,5,6.4
22105,2019-03-05,4.7,1017.9,56,12.2,14.8,1.6,1,1.3,2.3,6.1,6.4
22105,2019-03-06,5.1,1014.8,53,11.3,12.7,1.4,.9,1.1,1.8,5.8,7.1
22105,2019-03-07,7.1,1018.1,58,7,11.9,3.3,2,2.9,5.1,6.6,8
22105,2019-03-08,6.4,1022.7,58,10,13.8,2.1,1.3,1.7,2.8,5.9,7.1
22105,2019-03-09,4.9,1018.7,50,12.7,13.3,1.6,1,1.3,2.2,5.1,5.8
22105,2019-03-10,3.7,1013.6,58,10.6,12.3,1.5,.9,1.8,3,5.2,6.4
22105,2019-03-11,5.9,1006.8,58,9.6,12.3,2.3,1.4,1.7,3.2,6,7.1
22105,2019-03-12,8.7,1006.4,48,9.2,12.1,2.4,1.5,2.6,3.7,5.2,6.4
22105,2019-03-13,11.4,1014.8,37,6.1,11.8,4.6,2.7,3.4,6.1,6.9,8
22105,2019-03-14,5.4,1021.2,32,7.1,11.9,2.4,1.4,2.5,3.7,6.8,9.1
22105,2019-03-15,5.4,1016.8,54,7.4,11.9,1.8,1.1,1.3,2.2,8,9.1
22105,2019-03-16,5.1,1017.9,54,7.7,11.9,1.8,1.1,1.6,2.4,5.2,8
22105,2019-03-17,6.4,1020.5,53,8.1,11.8,2,1.2,2,3.5,5,7.1
22105,2019-03-18,5.8,1016.7,52,11,11.8,1.9,1.1,1.5,2.3,4.7,6.4
22105,2019-03-19,2.9,1013.9,68,12.6,12.4,1.3,.7,1.1,1.9,4.9,5.8
22105,2019-03-20,5.7,1012.4,78,13,12.3,1.3,.8,1.9,3.1,4,5.8
22105,2019-03-21,5.9,1002.3,75,11.9,13,3,1.8,2.8,4.7,6.5,8
22105,2019-03-22,6.1,1014.2,59,7,14.2,4.1,2.5,3.4,6,8.4,10.7
22105,2019-03-23,6.9,1017.4,55,6.3,14.1,3.2,1.9,2.4,4.1,8.1,9.1
22105,2019-03-24,5.6,1017.7,41,7.5,13.2,2.5,1.5,2.4,4.8,6.3,8
22105,2019-03-25,5.4,1013.9,52,10.9,12.3,1.7,1,1.3,2.1,5.2,6.4
22105,2019-03-26,5.2,1014.8,56,11.7,12.1,2,1.1,1.4,2.6,5.3,6.4
22105,2019-03-27,5.5,1010.3,72,12.2,13.3,1.7,1,1.6,2.5,4.5,6.4
22105,2019-03-28,6.5,1014.9,65,7,14,2.5,1.5,2.3,3.9,6,7.1
22105,2019-03-29,5.9,1013.3,66,9.8,14.1,2.1,1.3,1.6,2.8,5.1,5.8
22105,2019-03-30,5.1,1009.2,60,8.9,14.1,1.7,1.1,2.3,3.9,5.2,6.4
22105,2019-03-31,9,1014.8,62,6.7,12.5,4.2,2.4,3.2,5.6,7.1,9.1
22105,2019-04-01,7.6,1019.7,54,5.9,12.3,2.9,1.8,3,5.5,6.3,8
22105,2019-04-02,4.5,1020.9,49,7.8,13.6,1.7,1,1.6,2.6,5.6,8
22105,2019-04-03,6,1020.2,45,9.8,13.3,1.5,.9,1.4,2.4,4.4,5.8
22105,2019-04-04,5.6,1012.7,48,13,12.6,1.9,1.2,1.3,2.2,5.3,7.1
22105,2019-04-05,5.5,1006.1,54,12.5,12.8,2.5,1.5,2.8,4.9,5.5,7.1
22105,2019-04-06,2.9,1010.9,58,12.1,13.1,1.3,.8,1.2,2,5.5,6.4
22105,2019-04-07,6.4,1010.3,57,10.9,13.2,1.5,.9,1.1,2,4.3,5.3
22105,2019-04-08,6.6,1014,55,10.6,14,2.5,1.4,2.8,4.6,5.3,7.1
22105,2019-04-09,4.7,1020.3,50,9.7,14.6,1.2,.7,1.1,1.7,4.7,6.4
22105,2019-04-10,8.2,1012.6,74,7.4,13.8,3.3,2,2.9,5.1,6,7.1
22105,2019-04-11,3.1,1015.1,56,9.7,13.8,1.6,1,1.4,2.4,6.3,7.1
22105,2019-04-12,4.4,1016.9,62,11.6,13.7,1.1,.7,1,1.6,5.6,7.1
22105,2019-04-13,5.9,1017.8,66,13.1,13,1.7,1.1,2,3.2,4.2,6.4
22105,2019-04-14,7,1012.1,58,12.2,13.5,2.4,1.5,2.5,4.3,5.2,6.4
22105,2019-04-15,6.4,1016.1,51,11.5,13.4,2.3,1.4,2.2,3.4,6,7.1
22105,2019-04-16,3.6,1015,74,13.6,13.1,1.4,.9,1.2,2,5.5,7.1
22105,2019-04-17,3.7,1010.7,69,14.4,13.3,1,.6,1.3,2.2,3.9,5.8
22105,2019-04-18,3.6,1009.3,75,13.7,13.3,1.2,.7,1.3,2.2,3.9,5.3
22105,2019-04-19,5.4,1018.7,51,9.8,13.9,3,1.8,2.8,4.4,6.2,8
22105,2019-04-20,7.2,1013.8,75,11.6,13.9,1.9,1.1,1.5,2.6,4.4,5.8
22105,2019-04-21,2.3,1012.5,83,13.5,14.9,.9,.6,1.1,1.7,4.3,5.3
22105,2019-04-22,3.3,1017.4,80,13.5,15.2,.6,.3,.8,1.1,3.8,7.1
22105,2019-04-23,7.5,1013.3,83,14.7,15.1,1.6,1,1.6,2.6,3.7,5.3
22105,2019-04-24,4.6,1007.1,91,14.7,15.7,1.2,.7,1.1,1.7,3.9,5.3
22105,2019-04-25,7.4,1010.7,72,11.3,15.5,3.2,1.9,2.5,4.9,6.4,8
22105,2019-04-26,8.8,1012.9,73,9.6,15.3,3.5,2.2,2.8,5,6.5,7.1
22105,2019-04-27,4.6,1020.7,59,11.5,15.3,2.9,1.7,2.2,3.7,7.7,8
22105,2019-04-28,6.9,1020.2,64,13.3,14.2,2.1,1.2,1.5,2.5,6.2,8
22105,2019-04-29,4.8,1015.3,76,12.8,14.3,1.2,.7,1.2,1.8,4.8,7.1
22105,2019-04-30,2.6,1009.4,78,13.1,14.7,.8,.5,.6,1,4.6,5.8
22105,2019-05-01,3.5,1005.1,86,14.3,15.2,.7,.5,.6,1.1,4.1,5.3
22105,2019-05-02,5,1009.3,82,15,15.7,1,.6,1.1,1.7,3.4,5.3
22105,2019-05-03,4.4,1016.2,76,14.5,15.8,1,.6,.9,1.5,4,5.3
22105,2019-05-04,5.4,1017.9,86,14.7,15.9,1.3,.8,1,1.6,3.9,4.6
22105,2019-05-05,4.2,1013.8,84,16.4,16.7,1.2,.7,.9,1.8,3.8,4.6
22105,2019-05-06,6.4,1015.8,63,12.2,16.1,2.9,1.7,2.7,4.8,6.1,8
22105,2019-05-07,6.3,1013.6,55,15.1,16.7,1.5,.9,1.6,2.6,4.2,5.8
22105,2019-05-08,4.5,1008.7,63,16.8,16.7,1.3,.8,1.4,2.4,4.6,5.8
22105,2019-05-09,3.5,1006.7,68,17,16.7,1.3,.8,1,1.7,4.5,6.4
22105,2019-05-10,1.8,1011.7,66,17.8,16.6,.9,.5,.7,1.3,4.4,5.3
22105,2019-05-11,3.5,1013.9,85,16.4,17.1,.5,.3,.4,.6,4.5,8
22105,2019-05-12,3.9,1018.2,82,14.9,16.5,1,.6,1,1.6,5.1,7.1
22105,2019-05-13,4,1015.8,81,15,16.4,1.3,.8,1.1,1.9,5.4,6.4
22105,2019-05-14,3.4,1012.6,87,16.2,17.3,1.1,.7,1,1.9,5.2,6.4
22105,2019-05-15,2.6,1012.8,88,16.7,17.8,.7,.4,.6,.9,4.2,4.9
22105,2019-05-16,3.9,1012,89,16.6,17.1,.7,.5,.7,1.2,3.1,4
22105,2019-05-17,5.7,1013.2,85,17.9,17.7,1,.6,.9,1.3,3.1,3.6
22105,2019-05-18,3.6,1014.7,85,17.4,18,.8,.5,.9,1.3,4.3,8
22105,2019-05-19,5.8,1010.7,87,17.9,18.3,1.4,.8,1.2,2,5.1,5.8
22105,2019-05-20,8.5,1001.2,72,18.2,18,2.8,1.7,2.3,3.9,6.1,7.1
22105,2019-05-21,7.2,1002.9,57,17.6,17.3,1.9,1.2,1.7,2.7,4.7,6.4
22105,2019-05-22,6.2,1003.4,65,18,17.4,1.5,.9,1.1,1.9,4.1,5.3
22105,2019-05-23,3.4,1006.7,70,18.9,18.5,.9,.6,.8,1.6,4.3,5.3
22105,2019-05-24,3.4,1009.3,76,19.6,18.8,.7,.4,.8,1.4,4.4,5.8
22105,2019-05-25,1.9,1011.1,77,20.7,19.4,.8,.5,.8,1.2,4.2,5.8
22105,2019-05-26,5.1,1013,66,20.8,19.7,1.2,.7,1.5,2.9,4.4,5.8
22105,2019-05-27,11.7,1004.7,79,18.8,18.1,3.8,2.2,4.3,7.2,5.7,8
22105,2019-05-28,6,1007.2,59,17.3,17.1,2.5,1.5,2.2,4,6.3,8
22105,2019-05-29,5.9,1007.9,72,17,17.3,1.4,.9,1.3,2.5,4,5.8
22105,2019-05-30,4.5,1008.2,69,18.6,17.9,.9,.5,.8,1.2,3.5,5.8
22105,2019-05-31,5.8,1007.8,70,17.7,17.5,1.5,.9,1.2,2.1,3.6,5.3
22105,2019-06-01,5.4,1008,67,18.5,18.2,1.2,.8,1,1.6,3.9,5.8
22105,2019-06-02,4,1006.3,84,17.9,18.4,.9,.6,.7,1.4,3.3,4.3
22105,2019-06-03,3.3,1006.6,77,19.2,18.9,.9,.5,.7,1.2,3.4,4
22105,2019-06-04,4,1006.9,84,19.4,19.4,1.1,.7,1.5,2.3,3.6,4.6
22105,2019-06-05,3.6,1011.1,87,17.7,19.1,1.2,.7,1.2,2,4.1,5.3
22105,2019-06-06,4.1,1011,91,18.1,18.9,1.1,.7,1,1.7,3.9,5.3
22105,2019-06-07,8.7,1004,88,17.4,18.5,2.8,1.7,2.6,4.2,5.5,8
22105,2019-06-08,5.1,1009.2,77,16.8,18.6,2.3,1.4,1.7,3.3,6.2,7.1
22105,2019-06-09,3.3,1008.7,75,16.6,18.5,1.6,1,1.2,2,6.2,6.4
22105,2019-06-10,6.1,1008.1,76,16.5,18.3,1.9,1.1,1.5,2.9,5.7,7.1
22105,2019-06-11,6.2,1009.7,76,16,18,2.3,1.4,1.6,3,6.2,7.1
22105,2019-06-12,2.6,1011.4,73,16.3,18.4,1.5,.9,1.1,2,6.1,6.4
22105,2019-06-13,7.2,1010.2,82,17.5,18.6,1.6,1,1.2,2.6,4.6,5.8
22105,2019-06-14,5.8,1004.9,87,18.7,18.9,1.5,.9,1.3,2.2,3.9,4.9
22105,2019-06-15,4.5,1000.1,84,18.3,19.1,1,.6,.8,1.4,3.3,6.4
22105,2019-06-16,6,1007.1,80,16.9,18.5,4.1,2.5,3.5,6.6,7.6,10.7
22105,2019-06-17,5.9,1011.2,85,18.5,19.4,4.4,2.7,3.2,6,10.5,10.7
22105,2019-06-18,1.9,1008.9,82,20.5,21,2.3,1.4,1.9,3.5,9,10.7
22105,2019-06-19,2.4,1005.7,79,21.3,21.6,.9,.5,.7,1.1,6.5,9.1
22105,2019-06-20,4.2,1004.5,84,21.8,21.3,.8,.5,1.1,1.5,5.2,8
22105,2019-06-21,6.7,1005.2,89,20.4,20.8,1.6,.9,1.9,3.5,4.3,6.4
22105,2019-06-22,7.2,1007.5,82,19.7,20.4,2,1.2,1.7,3,5.2,5.8
22105,2019-06-23,5.3,1009.2,81,18.9,20.6,1.5,.9,1.1,2,5.5,6.4
22105,2019-06-24,3.1,1013.3,79,19.4,20.5,1.2,.7,.9,1.4,5.9,6.4
22105,2019-06-25,7.1,1015,87,20.3,20.7,1.4,.9,1.1,1.9,4.4,6.4
22105,2019-06-26,7.7,1009.7,93,21.3,21.2,1.4,.8,1.1,1.8,3.6,4
22105,2019-06-27,7.6,1000.5,97,21.6,21.5,1.6,1,1.5,2.5,4.2,5.3
22105,2019-06-28,4.9,1002.9,94,20.2,21.4,1.6,1,1.2,1.8,5.5,7.1
22105,2019-06-29,5,998.2,95,21.2,21.5,1.7,1.1,1.5,2.6,6.1,7.1
22105,2019-06-30,4.2,998.5,91,22.3,21.7,1.3,.8,1.3,2.1,5.8,6.4
22105,2019-07-01,3.6,1003.1,89,22.9,22,1.3,.8,.9,1.8,6.3,8
22105,2019-07-02,3.2,1007,78,23.4,22.4,1.1,.7,.9,1.6,6.6,7.1
22105,2019-07-03,2.8,1006.9,88,23.1,22.8,.8,.5,.7,1,5.9,7.1
22105,2019-07-04,3.6,1005.1,84,23.1,23,.5,.3,.4,.7,4.2,6.4
22105,2019-07-05,4,1004,93,22.9,22.8,.7,.4,.5,.9,2.9,3.6
22105,2019-07-06,4.3,1006.9,86,22.7,22.9,1.1,.7,1,1.6,4.1,5.3
22105,2019-07-07,6.2,1009.6,79,21.4,22.9,1.9,1.1,1.3,2.3,5.6,6.4
22105,2019-07-08,6.6,1008.6,82,21.4,22.9,2.1,1.3,1.5,2.4,6.1,7.1
22105,2019-07-09,6.3,1008.3,80,21.3,22.7,1.8,1.1,1.4,2.2,6,7.1
22105,2019-07-10,7.7,1008.4,92,21.5,22.2,2.1,1.2,1.4,2.6,5.3,6.4
22105,2019-07-11,8.6,1002,97,21.6,21.7,3.4,2,2.7,5.1,6,7.1
22105,2019-07-12,5.4,1004.8,91,21,21.1,2.7,1.7,2.7,4.4,6.6,8
22105,2019-07-13,2.2,1001.4,85,22.9,22,1.1,.6,1,1.9,6.5,7.1
22105,2019-07-14,2.8,1003.4,95,22,22.3,.8,.5,.6,1.2,6.6,7.1
22105,2019-07-15,2.1,1008.4,89,23,23.2,1.2,.7,.9,1.5,7.1,8
22105,2019-07-16,4,1012.1,88,22.3,23,1.1,.6,.7,1.3,6.1,7.1
22105,2019-07-17,5.2,1012.2,86,22.8,23.1,1.2,.7,.9,1.6,5.8,7.1
22105,2019-07-18,7.1,1009.1,92,23.4,23.1,1.5,.8,1.2,2.7,3.6,4.3
22105,2019-07-19,6.2,1008.2,95,24,23.5,1.3,.8,1.2,1.9,4,5.3
22105,2019-07-20,10.9,1005.4,93,24.3,23.3,3.2,1.8,3.1,6.8,5.4,7.1
22105,2019-07-21,11.7,1000.3,92,23.9,22,4.4,2.6,3.6,6.1,6.5,7.1
22105,2019-07-22,5.4,1002.9,87,24.3,22.2,1.5,.9,1.6,2.8,5,5.8
22105,2019-07-23,2.9,1003.2,85,25.8,24,.9,.6,.7,1.2,5.2,7.1
22105,2019-07-24,2.9,1002.9,92,25,24.3,.7,.4,.5,.9,5.9,7.1
22105,2019-07-25,4.1,1003.6,93,24.5,23.4,.9,.5,.7,1.3,4.3,5.8
22105,2019-07-26,5.9,1003,93,23.6,22.2,1.7,1,1.3,2.1,4.7,5.3
22105,2019-07-27,3.2,1005.3,94,24.3,23.9,1,.6,.8,1.3,6,8
22105,2019-07-28,6,1007.4,90,23.9,22.3,1.2,.8,1,1.9,4,5.3
22105,2019-07-29,6.6,1008.1,91,23.7,22,1.3,.8,.9,1.8,3.7,4.6
22105,2019-07-30,6.7,1006,89,23.4,22.3,1.3,.8,.9,1.7,3.8,4.9
22105,2019-07-31,6.5,1007.3,89,23.5,22.1,1.2,.8,1,1.8,3.7,5.3
22105,2019-08-01,3.4,1009.7,89,23.6,21.4,.8,.5,.6,1.1,3.9,5.3
22105,2019-08-02,1.6,1011,90,25.3,23.4,.4,.3,.4,.7,4.1,6.4
22105,2019-08-03,2,1011.9,97,24.7,24.2,.3,.2,.2,.3,4.5,7.1
22105,2019-08-04,3.7,1010.8,96,25.2,25.7,.4,.2,.3,.5,2.6,10.7
22105,2019-08-05,3.2,1010.7,91,26.1,27.7,.4,.2,.3,.5,2.9,4
22105,2019-08-06,4.2,1008.6,91,26.1,27.8,1,.6,.8,1.6,4.1,4.9
22105,2019-08-07,10.7,1003.4,90,25.3,25.1,3.1,1.8,3,5.5,5.2,7.1
22105,2019-08-08,4.1,1006.9,91,24.6,25.4,1.1,.7,1,1.8,4.5,6.4
22105,2019-08-09,2.6,1007,90,25.6,26,1.1,.7,1,1.6,7.4,9.1
22105,2019-08-10,3.8,1008.3,92,25.8,26.5,1.4,.8,1.1,1.9,7.7,8
22105,2019-08-11,6.2,1006.4,91,25.8,26.2,1.9,1.1,1.4,2.4,6.3,8
22105,2019-08-12,7.3,1002.3,93,26.3,26.5,1.9,1.2,1.4,2.3,5.6,6.4
22105,2019-08-13,3.6,1004.2,94,25.6,27.2,1.5,.9,1.1,2,5.8,6.4
22105,2019-08-14,5.9,1001.7,92,26.4,27.5,1.9,1.2,1.5,2.5,5.4,5.8
22105,2019-08-15,8.1,990.9,94,26.4,26.9,3.2,1.9,2.6,4.3,6.2,8
22105,2019-08-16,6.6,992.1,89,25.2,27,4,2.4,3.6,5.3,7.4,9.1
22105,2019-08-17,7.5,999.7,78,26.2,26.5,2.4,1.4,1.7,3,7.8,10.7
22105,2019-08-18,3.7,1005.6,63,26.3,26.9,1.6,1,1.2,2.2,9.6,10.7
22105,2019-08-19,3.4,1010.1,76,25.6,26.7,1.4,.9,1,1.7,7.8,9.1
22105,2019-08-20,4.8,1011.5,80,24.9,26.8,1.2,.7,.8,1.5,6,7.1
22105,2019-08-21,4.6,1008.7,83,25.4,26.6,1.1,.7,1,1.5,4.6,6.4
22105,2019-08-22,3.9,1004.9,83,25.2,26.8,1.1,.7,1.2,1.7,4.8,6.4
22105,2019-08-23,2.8,1006.6,75,25.9,26.5,.9,.6,1,1.4,5.5,7.1
22105,2019-08-24,3.6,1009,75,24.9,25.3,1.4,.8,1,1.7,6.3,7.1
22105,2019-08-25,2.5,1012.2,74,24.6,25.9,1.4,.8,.9,1.6,7.8,9.1
22105,2019-08-26,4.7,1012.4,80,24.8,25.9,1.1,.7,.9,1.4,5.9,8
22105,2019-08-27,5.4,1007.9,80,24.1,26.1,1.7,1,1.5,2.8,4.4,7.1
22105,2019-08-28,3.7,1005.7,83,24.5,26.1,1.6,1,1.2,2.7,5.9,7.1
22105,2019-08-29,4.1,1005,75,25.4,25.8,1.2,.8,1.1,2,5.6,7.1
22105,2019-08-30,4.9,1006.3,64,25.1,25.6,1.3,.8,1.1,1.7,4.5,6.4
22105,2019-08-31,4.3,1011.9,63,24.4,25.5,1.4,.9,1.1,2.3,5.1,6.4
22105,2019-09-01,3.4,1016.3,78,24.5,25.3,.7,.5,1.2,2,4.7,6.4
22105,2019-09-02,3.3,1016.6,81,24,25.1,.9,.5,1.2,2,3.7,4.3
22105,2019-09-03,4.3,1016.6,86,22.5,25.1,1,.6,.9,1.7,3.8,4.9
22105,2019-09-04,8.3,1013.7,93,23.6,24.5,2.3,1.4,2,3.5,5.1,6.4
22105,2019-09-05,3.3,1012.5,96,24.6,24.7,1.3,.8,1,1.8,5.5,5.8
22105,2019-09-06,3.9,1010.8,95,25.3,25.3,.9,.6,.7,1.2,5.1,5.8
22105,2019-09-07,12,1003.1,86,25.5,24.1,3.7,2.2,3.9,7.3,5.6,8
22105,2019-09-08,5.6,1006.4,90,23.3,22.2,2,1.2,2.7,4.3,5.6,6.4
22105,2019-09-09,1.2,1010,89,23.5,23.5,.7,.4,.6,.9,5.4,8
22105,2019-09-10,3.3,1012.7,94,23.8,24.2,.8,.5,1.1,1.7,5.9,8
22105,2019-09-11,7.4,1016.1,86,22.5,24.4,2.6,1.6,2.1,3.8,5.9,7.1
22105,2019-09-12,6.2,1018.6,64,22,23.8,2.4,1.5,1.8,2.9,5.9,7.1
22105,2019-09-13,3.5,1015.1,68,22.4,24.6,1.5,.9,1.1,1.9,5.3,6.4
22105,2019-09-14,2.1,1010.7,75,23.6,25.1,1.2,.7,.8,1.4,5.3,6.4
22105,2019-09-15,5.9,1011.4,76,23,25,1.6,1,1.3,2.2,5,6.4
22105,2019-09-16,6.3,1011.4,72,22.4,25.5,1.7,1,1.3,2.2,5.3,6.4
22105,2019-09-17,4.7,1015.5,59,22.9,25.7,2.2,1.3,1.5,2.6,6.2,7.1
22105,2019-09-18,6.6,1015,67,22.4,25.5,2,1.2,2,3.8,5.7,7.1
22105,2019-09-19,5.9,1018.4,60,20.6,24.8,2.5,1.5,2.3,4.2,6.8,9.1
22105,2019-09-20,3.9,1018.7,61,21.7,24.2,1.1,.7,1.1,1.7,4.5,5.8
22105,2019-09-21,6.1,1020.4,70,21.2,24.2,1.7,1.1,1.5,2.3,5.4,6.4
22105,2019-09-22,13.5,1015.1,85,18.7,23.6,5.2,3.2,5.4,9,7.1,9.1
22105,2019-09-23,11,1011.9,74,19,23.3,8.1,5,6.5,9.4,9.6,10.7
22105,2019-09-24,3.1,1017.4,64,21,23.2,3.7,2.4,3.5,5.6,9.3,10.7
22105,2019-09-25,4.3,1022.6,68,21.7,22.9,1.6,.9,1.6,2.8,7.4,9.1
22105,2019-09-26,3.8,1024.7,78,22.1,23,.9,.5,.6,1.1,5.2,5.8
22105,2019-09-27,2.9,1022.9,85,22.3,23.5,.9,.5,.7,1.2,5,5.8
22105,2019-09-28,2,1018,87,22.7,23.8,.7,.5,.6,.9,4.4,4.9
22105,2019-09-29,2.1,1015.2,82,23.4,24.1,.5,.3,.5,.8,3.9,5.8
22105,2019-09-30,3.8,1016.7,91,23.2,23.8,.5,.3,.5,.8,2.6,3.8
22105,2019-10-01,4.9,,,,,.7,.4,.6,1,3,3.4
22105,2019-10-02,6.7,1014.3,91,22,23.2,1.3,.8,2.3,3.5,3.7,5.3
22105,2019-10-03,14.4,999.4,90,22,22.5,6.3,3.8,5.1,9.2,7.2,9.1
22105,2019-10-04,6.4,1012.5,80,21,22.6,5.3,3.2,4.4,7.6,9,10.7
22105,2019-10-05,10.3,1015.8,81,19,22.9,4.8,2.9,3.6,7.2,8.4,10.7
22105,2019-10-06,5.3,1024.5,59,17.2,22.5,3.2,1.9,3,5.6,7.5,9.1
22105,2019-10-07,4.4,1017.2,68,18.9,22.5,1.6,.9,1.2,2.2,6.9,8
22105,2019-10-08,7.8,1014.2,55,19.7,22.4,2.6,1.6,2.5,4.6,6,8
22105,2019-10-09,5.5,1017.4,53,19.4,22.1,2.4,1.4,2,3.4,6.3,8
22105,2019-10-10,5.7,1014.2,63,20.8,22.2,1.5,.9,1.1,1.9,4.1,4.9
22105,2019-10-11,6.4,1014.7,74,20.9,22.5,1.3,.8,1.5,2.5,3.7,4.9
22105,2019-10-12,12.6,1017.2,67,18.8,22.1,5.5,3.5,6.1,8.3,7.3,9.1
22105,2019-10-13,6.6,1023.1,59,17.4,22.2,5.9,3.5,5.5,9.2,10.2,10.7
22105,2019-10-14,7.1,1023.3,70,17.6,22.3,3.9,2.3,3.6,5.9,8.5,10.7
22105,2019-10-15,6.6,1029,63,14.7,22.3,3.8,2.1,3.4,5.8,7.5,9.1
22105,2019-10-16,3.4,1025.1,60,17.9,23,1.3,.8,1.1,1.8,5.8,8
22105,2019-10-17,4.6,1025.1,63,18.6,22.8,.9,.6,.8,1.3,3.8,7.1
22105,2019-10-18,8.4,1022.7,72,18.6,22.7,3,1.8,2.4,4,6.2,8
22105,2019-10-19,4.9,1019.8,75,18.1,22.4,3.1,1.9,2.6,4.2,7,8
22105,2019-10-20,2.5,1020.8,71,19.3,22.6,1.3,.8,1.2,2,6.2,7.1
22105,2019-10-21,2.9,1018.9,66,19.2,,.8,.5,.8,1.3,5.3,6.4
22105,2019-10-22,4.3,1018.3,66,18.9,,1.5,1,1.2,1.9,5.6,6.4
22105,2019-10-23,4.9,1019.7,67,18.8,22.1,1.6,1,1.3,2,6.2,7.1
22105,2019-10-24,8.9,1019.1,80,18.7,21.4,2.5,1.5,2,3.4,5.3,6.4
22105,2019-10-25,6.9,1015.6,78,18.9,21,2.9,1.7,2.1,3.4,6.4,8
22105,2019-10-26,7.3,1014.1,61,17.6,21.5,2.8,1.7,2.6,4.4,7.2,9.1
22105,2019-10-27,4.2,1016.4,59,15.8,21.5,2.7,1.6,2.5,4.1,7.1,9.1
22105,2019-10-28,6.8,1014.6,54,17.4,20.9,1.8,1.1,1.8,3.4,5,6.4
22105,2019-10-29,6.4,1012.8,52,17.8,20.8,1.8,1.1,1.4,2.2,4.8,7.1
22105,2019-10-30,3.9,1018,53,17.4,20.8,1.3,.8,1.1,1.8,6,7.1
22105,2019-10-31,6.3,1016.8,53,19.6,21.2,1.4,.8,1.3,2.4,4.2,6.4
22105,2019-11-01,7,1020.4,65,18.3,22,2.4,1.4,1.9,3.2,6,8
22105,2019-11-02,7.1,1018.8,67,18.6,22.3,1.8,1.1,1.4,2.7,4.8,7.1
22105,2019-11-03,7.7,1019.1,70,16.8,21.7,2.9,1.8,3.2,5.3,5.7,8
22105,2019-11-04,4.5,1022.2,56,14.7,21.2,2.6,1.6,2.1,3.3,6.9,8
22105,2019-11-05,4.7,1016.4,57,17.3,20.2,1.4,.8,1.3,2.2,5.8,7.1
22105,2019-11-06,5.6,1014.7,67,17.9,19.9,2.2,1.3,2,3.5,6.3,8
22105,2019-11-07,8.2,1014.5,64,14.8,19.6,3.4,2,3.4,6.3,6.9,10.7
22105,2019-11-08,5,1018.4,70,14.3,19.9,2.9,1.7,2.6,5,6.9,9.1
22105,2019-11-09,7.2,1019.1,67,15,19.8,2.5,1.5,2.5,3.7,6,7.1
22105,2019-11-10,9.4,1012.8,70,16.4,21.3,2.8,1.7,2.4,3.6,5.8,7.1
22105,2019-11-11,9.9,1005.9,62,16,20.9,3.1,1.9,2.5,4.4,5.8,6.4
22105,2019-11-12,4.6,1018.6,62,16.5,19.6,2.3,1.3,1.7,2.7,6.3,8
22105,2019-11-13,8.9,1013.9,59,17.3,19.8,2.2,1.3,2.2,3.8,5.1,7.1
22105,2019-11-14,10.2,1019.4,45,8.4,20.6,4.9,2.9,3.8,6.9,7.9,9.1
22105,2019-11-15,7.9,1017.6,56,13.1,20.7,2.2,1.3,1.7,3.3,5,8
22105,2019-11-16,2.5,1018.8,55,15.6,20.6,1.2,.7,1,1.6,5.3,8
22105,2019-11-17,5.6,1020,54,16.9,20.5,1.7,1,2.6,4.5,5.6,7.1
22105,2019-11-18,11.4,1011.1,56,14.4,20.2,4.9,2.9,3.9,6.6,7.1,8
22105,2019-11-19,10.6,1020.2,51,7.1,19.9,4.4,2.6,3,5.3,7.5,8
22105,2019-11-20,4.4,1027.9,47,8.7,19.4,2.9,1.8,2.3,4,7.4,9.1
22105,2019-11-21,2.6,1030.9,49,12.2,19.1,1.7,1,1.4,2.6,7.8,10.7
22105,2019-11-22,4.7,1028.5,65,15.1,18.9,1.3,.8,.9,1.7,8.5,9.1
22105,2019-11-23,5.5,1024.4,69,16,18.7,1.4,.8,1,1.6,4.7,5.8
22105,2019-11-24,4.4,1016.6,69,18,19.2,1.3,.8,1.2,2.2,4.7,6.4
22105,2019-11-25,11.3,1027,77,9.3,18.8,6.6,3.8,5.4,9.8,8.9,10.7
22105,2019-11-26,6.6,1029.3,69,11.2,19.1,2.7,1.7,2.6,4.3,6.9,9.1
22105,2019-11-27,7.4,1024.4,63,12.3,19.4,2.1,1.3,3.4,5.9,5.2,9.1
22105,2019-11-28,9.4,1028.6,80,7.4,19.2,5.5,3.3,4.4,7.5,8,9.1
22105,2019-11-29,8.5,1027.7,70,9.8,19.1,3.2,1.9,2.5,4,6.1,7.1
22105,2019-11-30,6.7,1027.2,73,11.2,18.6,2.6,1.6,2,3.5,6,7.1
22105,2019-12-01,3.3,1019.8,59,11.5,18.9,1.6,1,1.4,2.4,5.2,5.8
22105,2019-12-02,10.5,1015,53,8.4,18.7,3.2,2,3,5.4,6.1,8
22105,2019-12-03,9.2,1021.8,53,6.1,19,3.7,2.2,3.1,6,6.9,8
22105,2019-12-04,9.4,1025.2,49,8.2,18.5,3.6,2.1,2.7,4.8,6.7,8
22105,2019-12-05,10.8,1029.5,50,5.4,18.3,4.4,2.6,3.3,5.3,7.2,8
22105,2019-12-06,5.1,1030.6,49,4.6,18.4,2.8,1.7,2.5,4.2,7.4,8
22105,2019-12-07,6.8,1025.1,55,7.4,18.1,2.6,1.5,2,3.6,6.5,8
22105,2019-12-08,4.3,1025.1,56,10,17.8,1.7,1.1,1.2,2.1,6.2,8
22105,2019-12-09,4.6,1021.6,48,11,17.8,1.3,.8,1,1.6,4.4,5.8
22105,2019-12-10,6.8,1018.2,59,13.6,18,1.7,1,1.3,2.2,4.1,4.6
22105,2019-12-11,10.1,1012.7,58,13,18.1,2.4,1.4,2.7,5.3,4.4,7.1
22105,2019-12-12,8.4,1023.6,47,6.8,17.8,4.2,2.4,2.9,6,7.5,9.1
22105,2019-12-13,3.6,1024.2,43,9.2,18,1.7,1,1.5,2.5,5.9,7.1
22105,2019-12-14,9.1,1024.7,61,9.7,18,3.2,1.9,2.7,4.9,6.1,9.1
22105,2019-12-15,6.2,1029.3,62,9.9,17.4,2.2,1.3,2.1,3.5,6.5,9.1
22105,2019-12-16,7.7,1022.3,66,13,18,1.7,1,1.3,2.4,4.7,8
22105,2019-12-17,7.1,1012.2,67,15.3,17.2,1.4,.8,1.2,2.2,3.6,4.9
22105,2019-12-18,8.9,1019.3,76,9.7,16.7,4.2,2.6,3.6,6.2,7.5,9.1
22105,2019-12-19,10.3,1019.7,59,9,16.4,3.6,2.2,3.4,5.7,6.4,8
22105,2019-12-20,6.3,1025.6,52,6.4,17.2,3.5,2,3,5.8,7,8
22105,2019-12-21,6.4,1024.7,53,7.9,17.2,2.1,1.2,1.7,3.3,5.6,8
22105,2019-12-22,3.2,1019.8,59,9.7,17.5,1.3,.8,1.1,1.8,5.5,6.4
22105,2019-12-23,7.3,1018.2,70,9.4,16.7,3,1.8,3.1,5,6.7,8
22105,2019-12-24,4,1025.2,62,9,16.5,2.5,1.6,2.6,4.3,6.6,8
22105,2019-12-25,3.8,1021.2,45,11.3,16.3,1.7,1,1.6,2.6,5.7,7.1
22105,2019-12-26,6.7,1012.4,66,9.8,16.7,1.9,1.1,3.7,5.2,5.3,8
22105,2019-12-27,8.6,1019.3,66,5.9,16.5,5.2,3.1,4.3,7.8,8.4,9.1
22105,2019-12-28,4.6,1027,54,7,15.9,2.6,1.6,2.1,3.9,7.7,9.1
22105,2019-12-29,4.9,1025.7,54,10.1,15.7,1.5,.9,1.1,2,7,8
22105,2019-12-30,6.2,1017.8,69,11.7,15.7,1.3,.8,2.5,3.6,5,7.1
22105,2019-12-31,10.3,1025.8,64,2.3,15.5,5.8,3.5,4.8,8.2,8.4,10.7
22105,2020-01-01,5.8,1026.6,52,5.2,14.7,2.8,1.7,2.3,3.7,6.6,8
22105,2020-01-02,5.5,1025,53,7.1,15.6,2.1,1.3,1.4,2.6,5.9,7.1
22105,2020-01-03,6.3,1021.4,49,9,15.8,2.6,1.6,1.9,3.3,6.2,7.1
22105,2020-01-04,8.4,1021.1,54,8.6,16.1,3,1.8,2.6,4.4,6.5,7.1
22105,2020-01-05,3.4,1028.7,50,9.2,15.4,2.1,1.3,1.7,2.9,6.1,7.1
22105,2020-01-06,5.5,1026.3,66,10.8,15.1,1.6,1,1.2,2.2,5.5,7.1
22105,2020-01-07,5.7,1012.5,91,11.6,15.5,2.4,1.5,2.1,3.4,5.5,7.1
22105,2020-01-08,10.9,1006.6,78,10,15.3,7.1,4.5,6.5,9.8,8.9,10.7
22105,2020-01-09,7.8,1018.2,69,7.2,14.8,5.6,3.3,4.7,8.4,9.5,10.7
22105,2020-01-10,4.1,1019.8,66,8.2,14.5,2.8,1.7,2.4,4.1,7.8,9.1
22105,2020-01-11,6.5,1016.2,54,7.6,15,2.4,1.4,1.8,3.2,5.8,6.4
22105,2020-01-12,7.9,1012.2,70,6.9,15.2,3.1,1.9,3.5,5.5,6.5,8
22105,2020-01-13,8.4,1017.3,49,5.4,15,3.5,2,2.6,5.2,6.7,8
22105,2020-01-14,8.5,1021.8,67,5.2,14.7,3.9,2.3,2.7,5.2,7.2,8
22105,2020-01-15,5.5,1024.3,63,4.8,14.5,2.7,1.7,2.2,3.4,6.6,7.1
22105,2020-01-16,3.8,1023.7,48,6.1,14.1,1.8,1.1,1.2,2.3,6.1,7.1
22105,2020-01-17,5.2,1020.7,68,7.2,14.2,2.2,1.3,2.3,3.7,5.3,6.4
22105,2020-01-18,7.1,1018.5,76,6.6,14,3.1,1.9,2.7,4.3,6.1,6.4
22105,2020-01-19,7.1,1015.3,50,7,13.7,2.1,1.3,1.8,3.1,5.4,7.1
22105,2020-01-20,8.7,1018.2,49,6.3,13.6,3.2,1.9,2.2,3.9,6.7,8
22105,2020-01-21,6.3,1027.3,56,6.1,13.5,2.9,1.8,2.7,4.5,6.8,8
22105,2020-01-22,3.3,1023.8,41,9.6,13.3,1.5,.9,1.6,2.7,4.7,7.1
22105,2020-01-23,2.4,1022,58,10.8,14.2,1,.6,.9,1.4,4.8,5.8
22105,2020-01-24,8.9,1029.2,71,8.2,13.1,3.4,2,3.1,5.3,6.8,9.1
22105,2020-01-25,7.3,1029.6,65,8.6,13.1,2.6,1.6,2.3,3.8,6.1,8
22105,2020-01-26,8.6,1028.2,73,8.4,13,2.9,1.7,2.3,5,5.9,7.1
22105,2020-01-27,10.6,1022.1,70,8.6,12.9,4.3,2.5,3.7,5.6,6.6,8
22105,2020-01-28,11.2,1016.7,75,8.9,12.6,5.3,3.3,3.7,6.3,8.4,9.1
22105,2020-01-29,9.4,1014.8,66,8.1,12.6,4.4,2.7,3,5.2,8.4,9.1
22105,2020-01-30,11.3,1013.9,66,6,12.8,5.8,3.6,4.3,8.1,9.3,10.7
22105,2020-01-31,5.1,1018.3,68,5.7,12.9,5.2,3,3.5,6.6,9.7,10.7
22105,2020-02-01,4.3,1021,52,8,13.1,4.1,2.5,3.4,5.8,10.4,10.7
22105,2020-02-02,3.3,1022.3,52,8.5,13.3,2.4,1.5,2,3.3,8.4,10.7
22105,2020-02-03,8.2,1022.4,49,6.1,12.7,3.6,2.1,3.1,5.1,6.7,8
22105,2020-02-04,6.7,1022.7,47,5.5,12.7,2.3,1.4,1.8,2.9,5.8,7.1
22105,2020-02-05,10.4,1025.1,59,1.6,12.6,4.7,2.8,3.7,6.1,7.7,9.1
22105,2020-02-06,6.2,1031.4,79,1,13,3.4,2.1,2.8,4.7,7.7,9.1
22105,2020-02-07,7.2,1024.4,52,6.2,12.8,2,1.2,1.5,3,5.1,8
22105,2020-02-08,9.1,1023.3,67,4.4,12.5,3.3,2,3,5.7,6.3,8
22105,2020-02-09,6.1,1021.8,61,5.3,13.4,2.5,1.5,2.1,3.9,6.7,8
22105,2020-02-10,7,1021.5,58,7.6,13.9,2.9,1.8,2.6,4.6,6.5,8
22105,2020-02-11,7.8,1026.3,64,10.9,14.5,2.2,1.3,1.8,2.8,6.1,8
22105,2020-02-12,7.8,1016.6,81,12.5,14,1.8,1.2,1.8,2.5,4.8,6.4
22105,2020-02-13,4.5,1015.3,78,12.9,14.7,1.7,1,1.6,2.8,6.3,8
22105,2020-02-14,3,1019.8,75,13.1,14.5,.8,.5,.6,1,5.6,6.4
22105,2020-02-15,7.8,1019.6,81,12.2,14.1,2.2,1.4,1.7,2.9,5.7,8
22105,2020-02-16,11.4,1005.9,73,7.5,13.8,4.6,2.8,4.8,7.7,7.6,10.7
22105,2020-02-17,9.8,1010.2,73,2.4,13.4,6.8,4.4,5.1,7.7,11.3,12.8
22105,2020-02-18,6.6,1021.5,60,3.4,12.9,5.5,3.4,4.8,8.5,12.1,12.8
22105,2020-02-19,4.2,1027.2,54,7,12.6,3,1.9,2.7,3.9,10.2,12.8
22105,2020-02-20,2.9,1032,53,9.6,12.6,1.4,.9,1.3,2,7.7,9.1
22105,2020-02-21,9.2,1028.9,67,11.9,12.5,2.1,1.3,2,3.3,5,7.1
22105,2020-02-22,11.4,1018.2,55,9.6,12.3,3.7,2.2,3.5,6,6.2,8
22105,2020-02-23,7.2,1024.6,46,7.4,12.5,4.1,2.5,4.3,7.4,7.6,9.1
22105,2020-02-24,4,1021.8,52,11.3,12.4,1.7,1,1.3,2.3,5.4,6.4
22105,2020-02-25,6.7,1019.4,81,9.6,12.2,2.2,1.4,2.7,4.2,7.1,9.1
22105,2020-02-26,7.6,1023.5,69,6.9,11.8,3.1,1.9,2.7,4.1,6.6,8
22105,2020-02-27,5.2,1028.9,57,6.1,11.6,2.5,1.6,2,3.3,6.7,8
22105,2020-02-28,9.1,1022.2,70,8.8,11.8,2.1,1.3,1.6,2.5,5.4,7.1
22105,2020-02-29,5.8,1017.6,68,9.3,12.1,1.7,1,1.4,2.4,5.2,6.4
22105,2020-03-01,8.5,1017.8,71,9.8,11.9,2.2,1.3,1.9,3.4,5.3,9.1
22105,2020-03-02,10.1,1019.9,71,7.7,11.8,4.8,2.8,4.2,7.8,7.8,10.7
22105,2020-03-03,7.9,1024.7,66,8.1,11.6,3.9,2.4,3.7,5.9,8.8,10.7
22105,2020-03-04,10.1,1016.2,57,8.3,11.6,3,1.8,2.8,5,6.6,9.1
22105,2020-03-05,6.5,1021.5,65,5.5,11.6,5.6,3.5,4.4,7.2,9.2,10.7
22105,2020-03-06,2.9,1020.9,50,8.3,11.8,3.9,2.5,3.9,5.4,10.4,10.7
22105,2020-03-07,5.1,1018,70,10.8,11.8,2.4,1.5,1.9,3.2,9.3,10.7
22105,2020-03-08,3.8,1018.9,71,10.4,11.8,1.4,.9,1.2,1.8,6.7,8
22105,2020-03-09,6.5,1015,83,11.4,11.8,1.3,.8,1,1.7,3.7,5.8
22105,2020-03-10,8.3,1004.4,87,10,11.7,2.5,1.6,2.1,3.5,5.6,7.1
22105,2020-03-11,7.4,1012.9,55,7.9,11.5,3.8,2.3,3.1,4.8,7.6,9.1
22105,2020-03-12,6.8,1018.4,52,11.1,11.4,2.9,1.8,2.4,4,9.5,10.7
22105,2020-03-13,5.4,1018.1,57,9.4,11.4,2.6,1.6,2.2,3.7,7,10.7
22105,2020-03-14,5.5,1012.4,49,7.5,11.4,1.9,1.1,1.5,2.8,5.9,8
22105,2020-03-15,10,1007.7,56,7.3,11.3,3.1,1.9,2.7,4.3,6.5,8
22105,2020-03-16,8.4,1018.3,53,6.8,11.5,5.1,2.9,4.5,7.7,8.8,10.7
22105,2020-03-17,6.9,1012.8,60,10.4,11.5,2.5,1.5,1.7,3.4,6.2,8
22105,2020-03-18,7.1,1011.8,61,11.8,11.5,2,1.2,1.6,2.9,5.6,6.4
22105,2020-03-19,12.2,1000.9,62,11.9,11.4,3.6,2.3,3.6,6,6.2,8
22105,2020-03-20,8.4,1009.5,54,11.3,11.7,4,2.4,3.8,6.4,7.7,9.1
22105,2020-03-21,4.5,1009.4,69,13.3,12.4,2,1.2,1.6,2.6,5.4,7.1
22105,2020-03-22,5.9,1013.1,63,10.5,12.5,2.7,1.6,2.1,3.4,6.5,7.1
22105,2020-03-23,4,1016.5,62,10.9,12,1.3,.8,1.3,1.9,9.3,10.7
22105,2020-03-24,3,1021.2,57,10.5,12.1,.9,.5,.7,1.2,6.8,9.1
22105,2020-03-25,9,1019.9,74,12.5,12.3,1.9,1.2,1.7,2.6,4.4,5.3
22105,2020-03-26,8.2,1015.1,87,14.1,13.3,2.2,1.3,2.3,4.2,5.1,5.8
22105,2020-03-27,7.3,1012,83,10.9,13,3,1.9,3.2,5.2,6.6,9.1
22105,2020-03-28,5.1,1020.3,62,9.2,12,2.7,1.7,2.5,3.8,7.1,9.1
22105,2020-03-29,6.1,1022.8,56,8.8,11.6,1.9,1.1,1.3,2.8,5.6,6.4
22105,2020-03-30,6.7,1020.8,70,10.6,12.8,1.4,.9,1.1,1.8,5,7.1
22105,2020-03-31,7,1017.3,80,11.1,11.7,1.2,.8,.8,1.4,3.6,4.3
22105,2020-04-01,5.9,1013,80,10.9,11.9,1.8,1.1,2.2,4,5.1,8
22105,2020-04-02,7.4,1018.7,58,12.7,13.6,2.2,1.4,2,3.3,5.7,7.1
22105,2020-04-03,5.6,1017,51,14.5,15.1,1.5,.9,1.3,2.1,5,9.1
22105,2020-04-04,7.9,1015.9,49,11.2,14.7,3,1.8,3,4.6,6.2,9.1
22105,2020-04-05,5.7,1020.3,50,9.3,14.2,2.8,1.7,2.3,4,6.7,8
22105,2020-04-06,3.7,1018.2,56,11.6,13.1,1.6,1,1.5,2.4,8.2,10.7
22105,2020-04-07,5.1,1012.8,64,13.3,13.3,1.8,1.1,1.8,2.7,7.9,10.7
22105,2020-04-08,5.9,1016.1,66,9,11.8,2.5,1.6,1.9,3.1,6.3,9.1
22105,2020-04-09,7.1,1021.1,63,10,11.7,1.9,1.2,1.6,2.8,6,9.1
22105,2020-04-10,3.1,1025.8,57,9.6,12.2,2.1,1.3,1.7,3.1,7.4,9.1
22105,2020-04-11,4.3,1018.6,66,12.3,13.7,1.3,.8,1.1,1.9,7.6,9.1
22105,2020-04-12,8,1014.3,75,11.2,13.2,2.5,1.5,3,5.4,5.7,7.1
22105,2020-04-13,10.4,1011.8,58,10.8,14,5,3,3.6,7.6,7.7,10.7
22105,2020-04-14,4.2,1013.1,71,14.2,15,3.2,2,3.3,5.2,9.2,10.7
22105,2020-04-15,4.4,1013.8,82,13.3,13,1.8,1.1,1.8,3.4,6.7,9.1
22105,2020-04-16,4.8,1020.8,71,10.9,12,2.5,1.5,1.8,3.2,6.9,8
22105,2020-04-17,7.5,1015,85,12.2,12.1,2.3,1.4,1.9,2.7,6.5,7.1
22105,2020-04-18,8,1013.6,83,12.7,14.4,2.9,1.8,2.7,4.4,6.4,8
22105,2020-04-19,5.1,1017.3,82,11.7,13.4,2.4,1.5,2.1,3.6,7.2,8
22105,2020-04-20,6.2,1007.3,75,13.1,12.9,2.1,1.3,1.6,2.8,6.8,8
22105,2020-04-21,9,1009.3,48,11.6,15,3.3,2,3.3,5.4,6.7,8
22105,2020-04-22,8.4,1011.3,47,9.1,14.8,3.6,2.3,3.7,5.5,7,9.1
22105,2020-04-23,6.2,1012.4,52,9.9,15,2.9,1.8,2.6,4.3,7.1,8
22105,2020-04-24,7.9,1010.7,49,12.6,14.7,2.2,1.4,2.1,3.7,5.6,7.1
22105,2020-04-25,10.2,1007,66,14.6,14.4,3.6,2.2,2.7,4.6,6.6,9.1
22105,2020-04-26,5,1016.2,70,11.4,13.1,1.9,1.1,1.7,2.9,5.6,9.1
22105,2020-04-27,4.4,1019,74,11.9,12.5,1.2,.7,.9,1.5,4.4,5.8
22105,2020-04-28,5.8,1016.7,71,14.2,12.8,1.2,.7,1.4,2.3,3.9,6.4
22105,2020-04-29,4.3,1016.7,73,15.6,13.1,1.3,.8,1.1,1.9,4.9,6.4
22105,2020-04-30,4.6,1012.7,74,16.4,15.1,1.6,1,1.6,2.5,4.8,6.4
22105,2020-05-01,6,1009.1,81,17.8,15.1,1.7,1,1.2,2.1,5.3,7.1
22105,2020-05-02,3.6,1008.2,83,17.7,15.9,1.3,.8,1.2,1.7,5.1,7.1
22105,2020-05-03,7.3,1006.1,91,16.1,14.8,1.7,1.1,1.3,2.5,4.6,5.3
22105,2020-05-04,5.2,1007.8,90,14.5,14.1,2,1.2,2.2,3.5,5.5,7.1
22105,2020-05-05,5.3,1012.5,80,13.6,14.4,2.2,1.3,2.1,3.3,6.3,8
22105,2020-05-06,6.3,1015.3,86,14.9,14.9,1.4,.9,1.2,2,5.3,9.1
22105,2020-05-07,3.6,1020.4,77,14.4,15.4,.9,.6,.9,1.3,7,9.1
22105,2020-05-08,7.4,1015.7,81,15.7,15.7,1.6,1,1.2,2.1,3.9,5.8
22105,2020-05-09,9.1,1007.6,94,15.4,16,2.2,1.3,2.4,4,5.2,7.1
22105,2020-05-10,4.3,1002.4,86,17,16.4,2.1,1.2,1.9,3,6.2,7.1
22105,2020-05-11,3.4,1003.4,68,18.8,17,1.4,.9,1,1.6,5.1,6.4
22105,2020-05-12,4.7,1001.7,73,17.3,16.2,1.5,.9,1.3,2.4,4.9,6.4
22105,2020-05-13,5.6,1011.2,63,17.7,15.9,1.8,1.1,1.9,3.1,5.8,8
22105,2020-05-14,4.9,1014.4,77,17.8,16.1,1.2,.8,1.1,1.7,4.5,5.8
22105,2020-05-15,7.5,1011.7,84,16.2,16.3,1.5,1,1.5,2.5,4.1,4.6
22105,2020-05-16,4,1006.5,93,16,16.3,1.6,1,1.4,2.3,5.7,6.4
22105,2020-05-17,4.6,1006.4,95,15.5,15.8,1.1,.7,.9,1.3,4.8,7.1
22105,2020-05-18,6.1,1003.1,96,15.4,15.6,1.6,1,1.6,3,4.4,6.4
22105,2020-05-19,12,995.4,89,14.4,15.4,5.6,3.4,5.6,10.1,8.1,9.1
22105,2020-05-20,10.8,1009.7,81,12.4,14,7.3,4.4,5.2,9.1,10.7,10.7
22105,2020-05-21,5.7,1016.1,80,13,14.2,4,2.5,3.6,6.4,9.2,10.7
22105,2020-05-22,4.4,1016,80,13.7,14.8,1.9,1.2,1.7,2.4,7.6,8
22105,2020-05-23,6.1,1012.3,89,15,15.7,1.3,.8,.9,1.6,5.9,7.1
22105,2020-05-24,5.8,1007.4,89,17.5,16,1.4,.9,1.1,1.8,4.5,5.8
22105,2020-05-25,2.3,1009.6,86,17.7,17,.6,.4,.6,1,4.4,5.3
22105,2020-05-26,2.3,1007.3,83,18.3,17.9,.4,.2,.4,.8,3.9,5.3
22105,2020-05-27,4.8,1006.9,79,17.3,17.3,1.2,.7,1.4,2.1,5.2,6.4
22105,2020-05-28,2.6,1008.8,81,17.9,17.4,.6,.4,.6,1,4.1,5.8
22105,2020-05-29,1.9,1015.2,80,18.3,17.9,.3,,.2,.4,3.8,5.3
22105,2020-05-30,5.4,1017.5,90,18,17.9,.7,.4,.6,1,2.7,3.8
22105,2020-05-31,6.9,1011.2,93,18.5,18.3,1.1,.7,1,1.5,3.2,3.8
22105,2020-06-01,5,1005.9,79,20.3,18.9,1.1,.7,1.1,1.7,4,4.6
22105,2020-06-02,4.2,1005.8,75,19.3,18.5,1.1,.7,1,1.6,5,6.4
22105,2020-06-03,3.9,1002,90,19.3,18.7,1,.6,1,1.6,4.3,5.3
22105,2020-06-04,3.4,1001,77,21.3,19,1,.6,.9,1.6,4.2,5.3
22105,2020-06-05,3,1007.3,92,18.7,18.6,.8,.5,.6,1.1,4.2,4.9
22105,2020-06-06,2.1,1011.3,82,19.1,19.1,.6,.3,.4,.7,3.3,4.3
22105,2020-06-07,6.3,1012,84,19.3,19.1,1.2,.7,1.1,1.7,3.7,4.9
22105,2020-06-08,7.5,1013.2,85,20.2,19.3,1.6,1,1.1,1.8,4.2,4.6
22105,2020-06-09,7.1,1012.6,85,21.2,19.6,1.6,1,1.5,2.5,4.6,5.3
22105,2020-06-10,6.6,1008.4,91,21.3,19.5,1.6,1,1.7,2.9,4.5,5.8
22105,2020-06-11,4.4,1003.5,97,20.9,20,.8,.5,1,1.5,3.7,4.9
22105,2020-06-12,5.7,1005,98,20.7,20.1,1,.6,1.1,1.7,3.6,4.9
22105,2020-06-13,5.2,1004.3,92,21.2,20.3,.9,.6,1,1.6,3.3,4.6
22105,2020-06-14,4.8,1000.2,89,21.8,20.4,1.4,.9,1.1,1.9,5.1,7.1
22105,2020-06-15,5.7,1002.5,72,23.3,20.9,1.4,.9,1,1.7,5.1,7.1
22105,2020-06-16,4.2,1005.7,73,22.2,21.6,1,.6,.8,1.3,4.5,7.1
22105,2020-06-17,8,1004.5,82,21.5,21,1.7,1.1,1.5,2.5,4.9,7.1
22105,2020-06-18,6.1,1002.9,86,21.3,20.6,1.3,.8,1.1,1.8,4.8,8
22105,2020-06-19,5.6,1006.9,91,20.2,20.5,1.9,1.2,1.4,2.3,6.6,7.1
22105,2020-06-20,4.5,1011.2,83,20.7,20.8,1.6,1,1.2,1.9,6.3,7.1
22105,2020-06-21,6.4,1009.1,85,20.8,20.5,1.7,1.1,1.5,2.5,6.4,8
22105,2020-06-22,5.5,1008.7,90,21,20.7,1.3,.8,1.1,1.9,5.3,6.4
22105,2020-06-23,4.4,1010.2,92,21.9,21.1,.9,.6,.7,1.1,4.3,6.4
22105,2020-06-24,4.2,1006.9,93,21.8,21.4,1,.6,.9,1.3,4,4.9
22105,2020-06-25,6,1001.9,94,21.2,21.3,1.6,1,1.1,1.8,5.1,6.4
22105,2020-06-26,3.8,1003.2,81,23.1,22,1.7,1,1.2,2.2,6.2,7.1
22105,2020-06-27,3,1003.8,85,23.3,22.3,1.5,.9,1.1,1.7,6.8,8
22105,2020-06-28,3,1004.1,91,22.7,22.7,1.2,.8,.9,1.5,6.9,8
22105,2020-06-29,4.6,1005.1,89,22.6,22.7,1.1,.7,1.2,1.8,5.8,8
22105,2020-06-30,11.9,989.8,93,20.8,21.5,4.7,2.8,3.9,6.7,7,9.1
22105,2020-07-01,10.6,1001.8,88,18.7,18.8,5.5,3.5,4.4,8.3,8.5,9.1
22105,2020-07-02,2.9,1011.2,87,20.6,19.8,2.5,1.5,2.1,4.1,7.1,9.1
22105,2020-07-03,4.2,1012.4,92,20.5,20,1.3,.8,1,1.5,6.5,7.1
22105,2020-07-04,3.7,1007.4,90,20,20.3,1.1,.7,.8,1.3,6,6.4
22105,2020-07-05,6.5,1003.7,92,20.5,20.1,1.3,.8,1.1,1.7,3.8,6.4
22105,2020-07-06,4.8,1001.4,96,21.1,20,.9,.6,1,1.5,3.3,4.3
22105,2020-07-07,3.5,1002.3,95,21.4,21.3,.8,.5,.8,1.3,3.9,5.3
22105,2020-07-08,2.4,1004.9,93,21.8,21.5,.7,.5,.8,1.4,4.6,5.8
22105,2020-07-09,1.8,1006.4,90,22.8,22.4,.4,.2,.3,.6,3.7,7.1
22105,2020-07-10,6.5,1002.6,95,22,21.7,1.3,.9,1.4,2.4,4.1,6.4
22105,2020-07-11,7.1,1007,94,21.2,20.7,2.7,1.6,2.2,3.6,6.4,8
22105,2020-07-12,3.4,1012.3,82,20.8,21.2,2.6,1.6,2.1,3.4,7.9,9.1
22105,2020-07-13,7.4,1006.7,90,20,20.9,2.5,1.6,2.4,4.6,6.8,8
22105,2020-07-14,8,1003.5,90,19.9,20.5,3.3,2,2.3,4.3,6.8,7.1
22105,2020-07-15,5.3,1006.1,85,20.2,20.4,2.2,1.4,1.8,3.1,7.3,8
22105,2020-07-16,2.3,1007.8,83,20.9,21.2,1.6,.9,1.1,2.2,7.3,8
22105,2020-07-17,3,1010,84,21.4,21.5,1,.6,.7,1.3,6.4,7.1
22105,2020-07-18,3.6,1010.7,82,21.4,21.9,.7,.4,.5,1,5.2,6.4
22105,2020-07-19,6.2,1008.6,93,22.3,21.5,1.1,.7,1.1,2,3.1,4.3
22105,2020-07-20,8.1,1003.8,90,23.7,21.1,2.8,1.7,2.2,3.8,6,7.1
22105,2020-07-21,2,1010.7,88,23.6,22.4,1.1,.7,1.2,1.9,5.4,6.4
22105,2020-07-22,3.5,1010.8,95,22.8,22.4,.6,.4,.5,.8,3.8,6.4
22105,2020-07-23,3.6,1010.1,92,22.4,22.4,.8,.5,.9,1.4,3.8,4.9
22105,2020-07-24,8.2,1001,93,22.3,21.6,3.9,2.3,3.4,6.2,7,8
22105,2020-07-25,3.8,1003.4,95,22.2,21.6,2.7,1.7,2,3.3,7.2,8
22105,2020-07-26,2.1,1008.1,93,22.2,22.2,2.2,1.4,1.6,2.9,7.2,8
22105,2020-07-27,2.3,1009.8,95,22.3,22.2,1.7,1,1.3,2.1,6.8,8
22105,2020-07-28,3.5,1011.4,95,22.2,22.4,1.2,.7,.9,1.3,6,7.1
22105,2020-07-29,2.8,1013.5,96,22.8,22.4,.8,.5,.7,1.1,5.6,6.4
22105,2020-07-30,2.9,1012.4,97,22.3,22.6,.9,.5,.7,1.2,5.6,7.1
22105,2020-07-31,2.6,1011.7,90,24.4,23.3,.5,.3,.5,.9,5,5.8
22105,2020-08-01,2.5,1009.9,89,25.6,24.2,.4,.3,.5,.8,3.5,5.3
22105,2020-08-02,6.2,1007.4,89,24.8,23.2,1,.6,1.1,1.8,3.9,4.9
22105,2020-08-03,7.2,1006.3,86,25.4,22.6,1.9,1.1,1.3,2.2,5,5.8
22105,2020-08-04,5.3,1010.5,90,24.3,22.5,1.5,.9,1.2,2,4.6,5.3
22105,2020-08-05,4.1,1012.2,93,24.2,22.6,1,.6,.9,1.5,4.5,9.1
22105,2020-08-06,8.6,1005,93,22.8,20.9,3.2,1.9,2.7,4.9,6.1,7.1
22105,2020-08-07,2.5,1006.3,93,21.6,20.5,1.8,1.1,1.5,2.7,7.4,10.7
22105,2020-08-08,3.2,1004.6,96,21.8,21,2.5,1.6,1.7,3.1,10.3,10.7
22105,2020-08-09,7.7,1003.7,92,22.9,21,2.6,1.6,2.1,3.9,8.1,10.7
22105,2020-08-10,6.6,1004,95,22.9,21,1.9,1.2,2,3.6,5.2,8
22105,2020-08-11,5.8,1007.7,92,22.8,20.9,2.1,1.3,1.9,3,5.9,8
22105,2020-08-12,2.8,1010.9,91,23.2,21.7,1.1,.7,.9,1.4,4.9,5.8
22105,2020-08-13,3.4,1008.2,90,24.4,22.3,.8,.5,.7,1.2,4,5.8
22105,2020-08-14,6.9,1003.6,87,24.5,22.1,1.6,.9,1.2,2.2,4.4,4.9
22105,2020-08-15,4.1,1006.6,89,25,22.4,1,.6,.9,1.5,4.7,6.4
22105,2020-08-16,4.3,1008.9,87,25.9,24,.7,.4,.6,1,4.1,6.4
22105,2020-08-17,3.5,1011.7,83,26.7,25,.5,.3,.5,.8,3.3,7.1
22105,2020-08-18,3.7,1010.8,89,26.2,25.9,.4,.3,.5,.9,3.9,6.4
22105,2020-08-19,2.1,1008.6,90,26.1,25.5,.5,.3,.6,1,3.6,5.3
22105,2020-08-20,3.3,1012.1,87,,26,.9,.5,1.2,2.4,4.2,6.4
22105,2020-08-21,3.5,1014.9,89,24.7,25.3,2.2,1.4,1.9,3.1,7.2,9.1
22105,2020-08-22,3.6,1013.2,87,24.6,24.5,1.2,.7,1.1,1.8,5.2,6.4
22105,2020-08-23,3.9,1008.5,88,24.7,25,.8,.5,.6,1.1,3.9,5.3
22105,2020-08-24,4.5,1005.5,92,25.8,24.6,1,.6,1,1.6,4,4.9
22105,2020-08-25,6.3,1004.9,92,26.5,25,1.3,.8,1.1,2,4.2,4.9
22105,2020-08-26,3.7,1006.3,95,25.9,24.9,1.2,.7,1.2,2.1,10,12.8
22105,2020-08-27,9.8,1003.6,87,26.6,23.9,2.9,1.7,2.1,3.8,5.5,6.4
22105,2020-08-28,7.2,1006.7,93,25.9,23.6,1.6,1,1.4,2.2,4.5,5.3
22105,2020-08-29,2.8,1008.3,92,25.8,25.1,1.1,.7,1,1.6,4.1,4.9
22105,2020-08-30,4.8,1011.2,95,25.3,25,1.6,1,2.4,4.2,7,9.1
22105,2020-08-31,6.2,1014.3,80,25.1,25.7,4,2.5,3.2,4.6,9.9,10.7
22105,2020-09-01,5,1010.4,78,25.8,26.8,2.9,1.8,2.4,4.8,8.9,10.7
22105,2020-09-02,7.3,1003.8,90,26.8,26.4,2.1,1.3,1.7,2.6,6.4,8
22105,2020-09-03,14.1,991.6,78,25.1,22.7,6.5,4,9.6,15.1,8.4,10.7
22105,2020-09-04,6.5,1011.6,81,22.6,21.5,1.8,1.1,2.3,3.5,6,8
22105,2020-09-05,1.6,1014.6,91,22.4,21.8,.7,.4,.6,.9,7,8
22105,2020-09-06,8.5,1010.2,87,20.5,21.6,1.9,1.1,2.3,4,4.8,7.1
22105,2020-09-07,14.9,989,86,23.2,21.2,6.2,4,7,11.5,8.2,10.7
22105,2020-09-08,8.9,1006.1,78,22.9,19.8,3.7,2.2,4.3,7.4,7.6,9.1
22105,2020-09-09,5.2,1008.7,84,22.1,20.6,1.5,.9,1.3,2,5.3,6.4
22105,2020-09-10,3.5,1008.7,88,22.6,21.6,.8,.5,.6,1.1,4.4,5.3
22105,2020-09-11,4.9,1015.5,91,21.5,21.2,.9,.6,1.1,2.1,4.1,7.1
22105,2020-09-12,9.6,1014.6,91,20.2,20.2,3.8,2.4,4.3,6.8,6.5,9.1
22105,2020-09-13,8.7,1015.1,84,18.5,20.9,7.2,4.3,5.1,8.9,10.8,12.8
22105,2020-09-14,3,1013.4,86,20.5,20.9,5.1,3.2,4.7,6.6,10.5,12.8
22105,2020-09-15,4.5,1013.7,87,22.2,21.7,3.3,2.1,3.2,5.1,9.3,10.7
22105,2020-09-16,5.7,1009.8,87,22.4,21.8,1.9,1.2,1.8,2.8,7.8,9.1
22105,2020-09-17,3.2,1008.5,86,22.6,22.3,.9,.6,.8,1.2,6.5,8
22105,2020-09-18,5.4,1010.6,67,22.5,22.2,1.1,.7,.9,1.4,3.9,4.9
22105,2020-09-19,6.4,1013.4,72,21.7,21.5,1.3,.8,1.1,1.7,4,4.6
22105,2020-09-20,6.7,1015,65,20.5,21.6,1.7,1.1,1.7,2.8,4.6,6.4
22105,2020-09-21,1.8,1018.5,69,20.3,22,1.2,.7,1.1,1.8,5.7,6.4
22105,2020-09-22,5.3,1019.5,68,20.2,21.5,1.2,.7,1,1.7,4.9,8
22105,2020-09-23,7.7,1018.3,73,21.1,21.9,2.1,1.3,1.7,3,5.2,6.4
22105,2020-09-24,8.8,1014.8,81,21.3,21.6,3.2,1.9,2.4,4.6,6.7,8
22105,2020-09-25,10.5,1011.9,80,21.2,22.1,4.4,2.7,3.2,5.1,7.7,8
22105,2020-09-26,10.2,1015.2,78,20.8,22.3,4.4,2.8,3.2,6.1,7.9,9.1
22105,2020-09-27,5.3,1018.9,66,20.1,21.9,4.4,2.8,3.6,5.5,9.6,10.7
22105,2020-09-28,2.9,1017.2,66,20.4,22.2,4.3,2.6,3.5,5.8,9.4,10.7
22105,2020-09-29,4.1,1011.1,74,20.7,22,2,1.2,2,3.6,8.2,9.1
22105,2020-09-30,3.8,1011,69,20.5,21.9,1.4,.8,1.3,2.3,6.3,8
22105,2020-10-01,4.3,1014.2,75,20.2,21.7,1.9,1.1,1.5,2.8,5.9,6.4
22105,2020-10-02,6.3,1013.7,81,21,21.4,1.6,.9,1.2,2.2,4.5,7.1
22105,2020-10-03,2.6,1014,81,20.6,20.8,1,.6,.7,1.2,7.2,8
22105,2020-10-04,3.6,1009.4,82,19.8,20,.9,.6,1.7,2.7,5.9,7.1
22105,2020-10-05,8.6,1013.7,53,17.6,19.4,3.5,2.1,3.2,6.2,6.9,8
22105,2020-10-06,5.7,1020.9,54,17.3,19.1,2.2,1.4,2,3.2,6.9,8
22105,2020-10-07,6.4,1026.1,63,18.5,19.1,2.1,1.3,1.5,2.7,5.9,7.1
22105,2020-10-08,7.3,1028.1,57,19.3,20.4,2.3,1.4,1.9,3,5.8,7.1
22105,2020-10-09,8.5,1024.7,60,19.2,20.1,3.5,2.1,2.5,4.4,7.5,9.1
22105,2020-10-10,8,1019.5,67,18.7,18.9,2.9,1.7,2.2,3.5,7,9.1
22105,2020-10-11,5.1,1016.3,70,18.1,18.8,1.9,1.2,1.4,2.4,6.9,8
22105,2020-10-12,1.3,1013.5,76,18.5,19.1,1,.6,.8,1.3,6.2,7.1
22105,2020-10-13,4.8,1018.2,71,18,19.9,1.9,1.2,1.7,2.7,6.7,8
22105,2020-10-14,5,1022.5,56,17.8,20.3,2,1.3,2.4,3.6,6.3,9.1
22105,2020-10-15,5.4,1024,67,17,20.6,2.2,1.4,2,2.9,6.1,9.1
22105,2020-10-16,2.9,1022.2,52,17.5,21.5,1.1,.7,.9,1.6,5.4,6.4
22105,2020-10-17,5.2,1021.5,60,17,21.1,1.3,.8,1.1,1.9,4.7,5.8
22105,2020-10-18,,,,,,,,.7,1.2,,5.8
22105,2020-10-19,3.6,1024,56,18.3,21.1,.8,.5,.9,1.5,3.9,5.3
22105,2020-10-20,,,,,,,,.8,1.4,,5.8
22105,2020-10-21,,,,,,,,1.5,2.3,,4.9
22105,2020-10-22,4.5,1010.2,59,19.3,21.5,1,.6,1.2,2,4.6,5.8
22105,2020-10-23,,,,,,,,3.2,5.2,,10.7
22105,2020-10-24,9.3,1013.5,46,14.4,21,3.9,2.4,2.9,4.7,7.6,9.1
22105,2020-10-25,4.1,1016.2,40,17.9,20.9,2.4,1.5,2,3.1,7,8
22105,2020-10-26,2.5,1018.5,51,18.4,20.4,1.3,.8,1.1,1.9,5.7,7.1
22105,2020-10-27,3.6,,,,,.8,.5,.8,1.4,4.6,7.1
22105,2020-10-28,,,,,,,,1.2,2,,8
22105,2020-10-29,6.4,1022.2,54,16,19.8,2.4,1.4,1.9,3.3,7,8
22105,2020-10-30,5.8,1025.5,54,15.1,19.6,2.2,1.3,2.1,3.5,6.5,8
22105,2020-10-31,,,,,,,,1.8,3,,8
22105,2020-11-01,,,,,,,,1.6,2.6,,5.3
22105,2020-11-02,6.5,1018,45,16,19.3,2.1,1.4,1.8,2.9,5.7,7.1
22105,2020-11-03,10.4,,,,,3.2,2,2.7,5,6.5,8
22105,2020-11-04,5,,,,,2.4,1.5,2.1,3.2,6.7,7.1
22105,2020-11-05,6.1,1024.8,50,15.1,18.8,1.9,1.1,1.5,2.6,5.9,7.1
22105,2020-11-06,,,,,,,,1.2,1.9,,4.9
22105,2020-11-07,5.1,1014.7,57,19.1,18.9,1.2,.7,1.3,2.3,4.2,5.3
22105,2020-11-08,,1017.4,41,14.8,18.8,,,2.3,4,,7.1
22105,2020-11-09,8.1,1021.6,43,11.5,18.6,3.1,2,3,4.6,6.9,8
22105,2020-11-10,5.4,1026.3,45,11.9,18.4,2.2,1.4,1.8,3,6.2,7.1
22105,2020-11-11,3.8,1031,49,14.8,18.8,1.5,.9,1.4,2.1,6.2,7.1
22105,2020-11-12,8.1,1027.9,56,17.1,18.6,1.8,1.1,1.4,2.4,4.4,4.9
22105,2020-11-13,6.8,1026.6,56,16.9,18.6,1.4,.9,1.3,2.1,4.6,5.8
22105,2020-11-14,4.7,1030.4,56,15.7,18.8,1.4,.9,1.3,2,6.1,9.1
22105,2020-11-15,4.8,1024.9,59,17,19.1,1.1,.7,.9,1.5,5,6.4
22105,2020-11-16,7.5,1025.8,65,17.2,18.9,1.7,1.1,1.8,3.1,4.8,6.4
22105,2020-11-17,8.6,1024.7,77,17.9,18.5,2.3,1.4,1.9,3.3,5.9,8
22105,2020-11-18,8.4,1017.6,89,18.9,18.3,1.7,1.1,1.7,3,4.1,5.3
22105,2020-11-19,11.8,1004.6,79,19.8,18,4.5,2.8,3.6,6,7.1,9.1
22105,2020-11-20,8.7,1012.4,62,13.3,18.1,4,2.5,3.3,5.4,7.8,10.7
22105,2020-11-21,5.4,1023.7,64,11.2,17.9,4.5,2.7,3.5,6,10.3,10.7
22105,2020-11-22,7.8,1018.2,67,13.3,17.7,3,1.9,2.6,4.5,8.8,10.7
22105,2020-11-23,6.4,1023.2,59,10.2,17.6,3.2,2,2.6,4.6,7.7,8
22105,2020-11-24,2.4,1026.1,54,11.7,17.5,1.7,1.1,1.4,2.2,6.6,8
22105,2020-11-25,4.6,1023.7,51,12.2,17.4,1.5,.9,1.1,2.1,5.6,7.1
22105,2020-11-26,3.5,1025.4,55,12.4,17.4,2,1.2,2.4,4.1,6.4,9.1
22105,2020-11-27,8.6,1020.3,67,11.3,17.5,3.7,2.3,4.6,8.5,7.1,9.1
22105,2020-11-28,8.6,1023.9,62,7.3,17,4.2,2.5,3.6,6.3,8.1,9.1
22105,2020-11-29,6.2,1025.2,51,7.1,17.3,2.6,1.5,2.5,3.8,7.4,9.1
22105,2020-11-30,6.2,1030.5,49,7.2,18.4,2.2,1.3,1.6,2.6,6.3,7.1
22105,2020-12-01,5.5,1032.8,50,7.7,19,2.1,1.3,1.8,3,6.6,8
22105,2020-12-02,4.5,1027.9,58,9,18.7,1.6,.9,1.3,2.5,6.3,8
22105,2020-12-03,8.4,1024.9,51,8.7,18.9,2.7,1.6,2.1,4.1,6.1,7.1
22105,2020-12-04,4.9,1025.5,48,8.9,18.6,2.1,1.3,1.8,3.3,6.3,8
22105,2020-12-05,5.4,1026.3,46,8.6,18,2.2,1.4,2,3.3,6.4,8
22105,2020-12-06,5,1025.2,53,9.4,18.3,1.5,.9,1.2,1.9,5.3,6.4
22105,2020-12-07,6.6,1023.6,51,10.2,18.2,2,1.2,2,3.2,5.7,6.4
22105,2020-12-08,5.5,1025.4,52,6.9,18.4,2.7,1.7,2.8,4.8,6.9,8
22105,2020-12-09,2.1,1023.8,38,9.1,18.4,1.5,.9,1.2,2,6.2,7.1
22105,2020-12-10,5.5,1019.7,53,11.3,18.5,1.6,1,1.3,2.3,5.7,6.4
22105,2020-12-11,5.5,1017.1,50,10.9,18.4,1.8,1.1,1.4,2.2,6.1,7.1
22105,2020-12-12,8.7,1014.7,49,9.5,18.3,2.8,1.8,2.7,4.7,6.3,8
22105,2020-12-13,10.1,1014.2,60,7.2,18,3.8,2.3,3.2,5.3,6.9,8
22105,2020-12-14,11.4,1021,63,1.4,17.7,5.3,3.2,4.2,7.1,8.3,9.1
22105,2020-12-15,10.9,1023.9,63,.3,17.7,4.5,2.8,3.4,5.7,7.9,9.1
22105,2020-12-16,10.5,1024.3,60,.9,17.2,3.8,2.3,2.7,4.3,7.4,8
22105,2020-12-17,7.3,1025.1,51,3.4,17,3.2,2,2.3,4.2,7.6,9.1
22105,2020-12-18,9.4,1023.1,55,6.3,17.2,3.4,2,2.5,5.1,7.1,8
22105,2020-12-19,9.4,1026.4,52,4.4,16.7,3.8,2.3,2.8,4.6,7.5,9.1
22105,2020-12-20,6.8,1027.5,52,4.4,16,2.7,1.7,2.2,4.1,7,8
22105,2020-12-21,5.5,1025.2,44,5.7,15.5,2,1.2,1.6,2.6,6,7.1
22105,2020-12-22,6.4,1022.9,51,7.7,16.1,2.2,1.3,1.6,2.8,6.4,9.1
22105,2020-12-23,5.4,1019.4,48,9.7,15.2,1.8,1.1,1.5,2.5,5.7,7.1
22105,2020-12-24,8.4,1012.8,47,9.9,16.3,2.8,1.7,2.5,4.2,5.9,8
22105,2020-12-25,11.2,1018.5,49,5.3,16,4.1,2.5,3.1,5.4,7.4,8
22105,2020-12-26,5.8,1022.6,48,7.6,16.1,2.4,1.5,2.4,3.9,6.6,7.1
22105,2020-12-27,3.3,1020.7,46,10.8,15.2,1.1,.7,1.1,1.5,5.1,8
22105,2020-12-28,5.1,1021.6,56,11.7,15,1.2,.8,1.1,1.8,4.7,8
22105,2020-12-29,6.3,1016.9,68,9.9,15.8,2.2,1.3,2.3,3.7,6.8,8
22105,2020-12-30,13.3,1011.9,79,.8,15.5,6.6,4,5.4,8.5,9.3,10.7
22105,2020-12-31,11.6,1018.3,64,-.2,14.2,4.7,2.9,3.5,6.7,8.2,9.1
22105,2021-01-01,9.9,1021.7,51,2,14,3.9,2.3,3.4,6.8,7.2,8
22105,2021-01-02,9.4,1023.8,47,2.7,13.8,3.3,2.1,2.5,4,7.3,9.1
22105,2021-01-03,8.6,1028.1,47,2.7,13.9,3.3,2,2.4,4.3,6.9,8
22105,2021-01-04,4.9,1028.4,45,4.3,14.4,2.3,1.4,2.1,3.5,6.9,8
22105,2021-01-05,9.4,1024.6,57,3.5,14.1,2.7,1.6,2,3.8,6,7.1
22105,2021-01-06,8.4,1019.8,50,.7,14.9,3.3,2.1,2.5,4.3,7.2,8
22105,2021-01-07,13.1,1016.6,71,-4.5,15.1,5.3,3.3,5.1,7.6,7.9,10.7
22105,2021-01-08,10,1017.6,65,-5.5,14.3,4.4,2.7,3.6,5.3,8.2,10.7
22105,2021-01-09,9.8,1018,65,-3.6,13.2,3.7,2.3,2.7,4.2,7.4,9.1
22105,2021-01-10,7.7,1023.1,57,0,13.3,3.2,2,2.4,3.7,7.4,10.7
22105,2021-01-11,5.3,1023.2,53,2.7,13.4,2.3,1.4,2.1,3.3,5.9,7.1
22105,2021-01-12,7.3,1015.5,49,3.9,12.8,2,1.2,1.6,3.2,5.1,6.4
22105,2021-01-13,8.3,1013.2,51,8.4,13.5,1.9,1.2,1.5,2.5,4.6,5.3
22105,2021-01-14,5.8,1021.1,56,7.5,13.7,2.2,1.3,2,3.2,6.2,8
22105,2021-01-15,9.3,1013.6,67,12.7,13.5,2.2,1.4,2.4,4.1,5.4,7.1
22105,2021-01-16,8.7,1018.9,62,5.4,13.2,4.4,2.7,3.7,6.9,7.9,10.7
22105,2021-01-17,9.8,1022.4,50,1.3,12.7,4.2,2.5,3.1,5.4,8.1,9.1
22105,2021-01-18,10.2,1017.8,63,2.2,12.7,3.1,2,3.6,6,6.5,9.1
22105,2021-01-19,6.3,1030,68,-.6,12.1,4.2,2.6,3.7,5.8,8.8,10.7
22105,2021-01-20,6.3,1028,45,7.7,11.9,2.1,1.3,1.8,2.9,6.6,9.1
22105,2021-01-21,4.5,1022.2,57,10.5,12,1.2,.7,1.4,2.3,5,9.1
22105,2021-01-22,4.5,1019.3,77,11.1,12.4,.9,.6,1.1,1.6,3.9,4.9
22105,2021-01-23,8.6,1021.9,72,10.2,12,3.4,2.1,2.9,5.1,6.5,8
22105,2021-01-24,4.8,1026.2,68,9.4,11.9,2.5,1.5,2.1,3.4,6,7.1
22105,2021-01-25,3.5,1027.9,66,8.8,12.6,1.1,.7,1.1,1.6,6.3,7.1
22105,2021-01-26,6.2,1017.6,70,10.9,13.7,1.4,.8,1,1.7,4.9,6.4
22105,2021-01-27,7.9,1020.5,45,7.4,13,3.2,1.9,2.8,5.5,6.7,8
22105,2021-01-28,11,1010.7,54,5.6,12.7,3.5,2.1,4.2,7.5,6.8,8
22105,2021-01-29,12.7,1017.9,56,-.6,12.7,7.6,4.9,7,10.1,10.1,12.8
22105,2021-01-30,5.8,1022.9,49,4.7,13.6,4.6,2.9,4.2,5.8,11.6,12.8
22105,2021-01-31,7.4,1026.7,50,8.8,13.8,3.2,1.9,2.5,3.9,7.5,10.7
22105,2021-02-01,9,1012.8,64,11.9,13.4,2.8,1.8,2.2,3.5,6.6,8
22105,2021-02-02,10.8,1018.3,43,2.6,13.3,4.6,2.8,3.6,6,7.9,10.7
22105,2021-02-03,7.9,1022.4,47,1.7,13.4,3.2,2,3.1,5.1,7.5,9.1
22105,2021-02-04,10.1,1020.6,45,4.8,13,3.7,2.2,3.2,5.5,6.9,8
22105,2021-02-05,7.6,1017.7,46,8.2,12.8,2.3,1.4,1.9,3.1,5.9,8
22105,2021-02-06,7.4,1013.1,52,10.9,12.4,1.9,1.2,1.4,2.4,4.6,4.9
22105,2021-02-07,7,1017.3,73,7.6,11.5,2.3,1.4,2.4,4,5.7,7.1
22105,2021-02-08,9.5,1022.5,62,2.6,11.3,3.5,2.1,2.6,4,7.2,8
22105,2021-02-09,5.3,1024.1,45,4.1,11.3,2.6,1.7,2.4,4,7.2,8
22105,2021-02-10,7.5,1021.1,49,8.6,11.4,2.1,1.3,1.6,2.8,6,7.1
22105,2021-02-11,5.8,1024.1,55,10.2,12,1.6,1,1.4,2.2,5,6.4
22105,2021-02-12,7.4,1022.7,69,12.1,12.5,1.7,1.1,1.3,2.1,4.4,4.9
22105,2021-02-13,2.6,1023.2,76,12.1,12.8,.8,.5,.7,1.3,4.8,7.1
22105,2021-02-14,5.9,1014.5,80,13.5,13.8,1,.7,1,1.6,3.9,6.4
22105,2021-02-15,9.7,1003.8,67,8,12.1,2.5,1.5,3.1,5.5,4.9,7.1
22105,2021-02-16,12.4,1010.8,52,1.7,11.8,6,3.6,5.1,9.3,8.8,10.7
22105,2021-02-17,11.8,1010.9,60,-2.5,11.9,5.5,3.3,3.9,6.5,8.5,9.1
22105,2021-02-18,8.6,1016.6,62,-.6,13,4.8,3,3.5,5.9,8.8,12.8
22105,2021-02-19,7.1,1011.8,48,8.7,12.7,3.2,1.9,2.6,4.2,9.2,12.8
22105,2021-02-20,8.7,1006.4,63,12.5,12.8,2.9,1.8,2.2,4.1,6.4,9.1
22105,2021-02-21,7.7,1007.8,70,13.2,12.8,2.3,1.3,1.6,2.9,6.1,8
22105,2021-02-22,6,1011.6,81,7.9,12.9,2,1.3,1.7,2.8,6.2,8
22105,2021-02-23,5.6,1022.5,64,5,12,3.3,2.1,3.2,5.7,7.4,9.1
22105,2021-02-24,4,1026,54,5.8,13,2.1,1.3,1.9,3.6,7.3,8
22105,2021-02-25,5.9,1023.1,57,9,12.7,1.7,1,1.5,2.4,8.1,9.1
22105,2021-02-26,5.8,1025.7,62,8.5,11.1,1.6,1,1.6,3.1,5.4,9.1
22105,2021-02-27,6.7,1032.3,64,6,11.1,2.3,1.4,1.8,3.1,6.1,7.1
22105,2021-02-28,7.8,1026.1,72,9.9,11.1,2,1.2,1.6,2.6,5.3,7.1
22105,2021-03-01,10.1,1017,87,7.7,10.9,3.8,2.3,6.1,9.3,6.2,10.7
22105,2021-03-02,10.1,1024,70,2.5,10.8,7.5,4.5,6,10.3,10.3,10.7
22105,2021-03-03,7,1029.1,61,6.6,11.1,3.6,2.2,3.1,5,9.8,10.7
22105,2021-03-04,7.5,1023,60,10.8,11.2,2.2,1.3,1.6,2.9,6.4,10.7
22105,2021-03-05,4.1,1018.8,81,12.6,12.7,1.1,.7,.9,1.6,4.9,8
22105,2021-03-06,10.4,1030.3,75,4.7,11.3,5.7,3.4,4.9,8.2,8.7,10.7
22105,2021-03-07,5.5,1029.8,63,4.3,10.8,2.6,1.6,2.7,4.5,7.6,9.1
22105,2021-03-08,5.7,1028,66,7.3,10.8,1.4,.8,1,1.7,7,9.1
22105,2021-03-09,6,1022.7,68,10.6,10.8,1.2,.7,1,1.6,3.8,7.1
22105,2021-03-10,7,1029.2,56,8.8,11.2,2.5,1.5,2.4,3.4,6.5,9.1
22105,2021-03-11,7,1025,76,11.5,10.9,1.8,1.1,1.4,2.5,4.7,7.1
22105,2021-03-12,7,1021.7,85,11.2,11,1.7,1,1.6,2.7,4.4,5.3
22105,2021-03-13,6.7,1020.7,60,8.5,11,2.7,1.6,2.2,3.6,6.4,7.1
22105,2021-03-14,2.4,1018.4,72,11.1,11.5,1.5,.9,1.1,2,6.9,8
22105,2021-03-15,6,1014.6,76,13.2,11.6,1.9,1.1,1.8,3,6.2,8
22105,2021-03-16,6.2,1011.6,66,11.2,11.3,2.6,1.6,2.3,4,6.3,7.1
22105,2021-03-17,3.7,1019.8,68,10.5,11,2,1.2,1.7,2.8,7.1,9.1
22105,2021-03-18,6,1022.5,66,10,13,1.6,1,1.1,1.9,6.1,12.8
22105,2021-03-19,5.6,1022.5,66,10.8,13.8,2.2,1.3,1.5,2.7,10.3,10.7
22105,2021-03-20,6.6,1013.5,81,11.1,13.9,2.8,1.7,2.2,4,6.8,9.1
22105,2021-03-21,8.6,1009.1,62,10.7,13.7,2.7,1.7,3,5.1,6.4,8
22105,2021-03-22,7.6,1016.4,47,8.8,13.5,3.1,1.9,2.6,4.5,7.1,8
22105,2021-03-23,7.1,1017.2,49,13.2,14.2,1.8,1.1,1.5,2.4,5.2,7.1
22105,2021-03-24,6,1017.6,54,14.7,14.5,1.9,1.2,1.4,2.4,5.5,7.1
22105,2021-03-25,5.5,1018.2,64,14.6,14.7,1.4,.8,1.2,2.3,4.8,6.4
22105,2021-03-26,6.6,1021,63,14.6,15.1,1.4,.8,1.5,2.4,4.2,5.3
22105,2021-03-27,10.8,1013.3,73,15.5,15.2,2.5,1.5,2.3,3.7,5.2,5.8
22105,2021-03-28,8.7,999.1,80,15.4,15.4,3.6,2.2,3.3,5.8,7.3,9.1
22105,2021-03-29,7.1,1003.2,57,15.4,15.5,2.2,1.3,1.6,2.7,5.8,7.1
22105,2021-03-30,6.3,1010.4,43,14.1,15.3,1.9,1.1,1.5,2.8,6,7.1
22105,2021-03-31,5.4,1015.9,63,13.8,15.3,1,.6,.8,1.2,6.2,8
22105,2021-04-01,4.6,1023.2,66,13.7,15.3,1.4,.8,1.1,2.1,5,6.4
22105,2021-04-02,4.2,1023.2,72,13,15.3,1.9,1.2,1.6,2.4,6.5,7.1
22105,2021-04-03,4.5,1014.8,90,13.8,14.4,1.3,.8,1.9,3.2,5.4,6.4
22105,2021-04-04,11.6,1016.5,69,9.5,13.6,4.9,3,4.7,7.1,7.8,9.1
22105,2021-04-05,6.9,1022.4,53,10.8,13.5,2.9,1.7,2.3,3.8,7.4,8
22105,2021-04-06,6.9,1017.8,67,13.5,14.6,1.6,1,1.2,2,5.7,7.1
22105,2021-04-07,6.8,1017.2,58,14.6,14.9,1.7,1,1.2,2.1,4.4,6.4
22105,2021-04-08,6.5,1017.4,66,12.3,15.2,2.4,1.4,2.6,3.9,5.9,7.1
22105,2021-04-09,6.4,1027.4,54,10,14.6,2.1,1.3,1.9,3.1,5.6,6.4
22105,2021-04-10,6.1,1031.6,57,11,14.7,1.6,1,1.3,2.3,5.9,9.1
22105,2021-04-11,8.8,1030.3,69,13.7,14.8,2.1,1.3,1.5,2.4,4.9,10.7
22105,2021-04-12,10,1020,81,14.6,14.9,2.2,1.4,2.3,3.8,4.6,5.8
22105,2021-04-13,7.4,1007.8,81,14.4,15,3.8,2.3,2.9,4.9,7.5,8
22105,2021-04-14,7.2,1015.5,62,11.5,14.5,2.3,1.5,2.3,3.5,5.9,7.1
22105,2021-04-15,6.2,1017.9,54,13.8,14.6,1.6,1,1.9,3.1,4.4,5.3
22105,2021-04-16,8.5,1014,67,14.9,14.4,2.4,1.5,1.9,3.2,5.3,6.4
22105,2021-04-17,6.6,1011.9,60,13.3,14.5,1.5,.9,1.4,2.2,5.3,6.4
22105,2021-04-18,8.9,1012.1,59,12.2,14.3,2.6,1.7,2.8,4.3,5.9,7.1
22105,2021-04-19,6.2,1011.8,59,16.2,15,1.5,.9,1.2,1.8,7,9.1
22105,2021-04-20,6.7,1018.2,67,15.9,15.5,1.9,1.1,1.3,2.4,7.4,9.1
22105,2021-04-21,4.7,1022,85,15.9,16.5,1.3,.8,1.2,1.9,7.5,10.7
22105,2021-04-22,6.1,1021.4,79,16.5,16.6,1.1,.7,1,1.6,3.6,8
22105,2021-04-23,4.7,1023.1,71,15,16.1,1.8,1.1,1.5,2.3,5.2,6.4
22105,2021-04-24,3,1021,72,14.1,16.6,1.7,1,1.4,2.3,6,7.1
22105,2021-04-25,6.2,1022.6,62,12.6,16.3,2.3,1.4,2.1,3.8,6.3,8
22105,2021-04-26,6.5,1022.6,56,13.4,16.1,1.5,.9,1.6,2.9,5.1,6.4
22105,2021-04-27,10.1,1016.8,76,15.5,15.8,2.4,1.5,1.8,3.1,4.8,5.8
22105,2021-04-28,5.7,1013.5,70,17.1,15.7,1.7,1.1,1.6,2.4,4.8,5.8
22105,2021-04-29,3.7,1007.2,70,15,15.8,.8,.5,.7,1.2,3.8,4.6
22105,2021-04-30,8.8,1002.4,78,13.1,15.2,2.2,1.4,2.5,4.2,5.2,7.1
22105,2021-05-01,4.4,1003.1,79,12.1,15.1,1.6,1,1.3,2.3,6.2,7.1
22105,2021-05-02,9.1,1012.5,67,13.6,15,3.9,2.4,3,5.2,7.8,9.1
22105,2021-05-03,5.6,1015.2,70,16.2,15.5,2.2,1.4,1.8,2.8,8,9.1
22105,2021-05-04,9,1009.7,78,17.4,16.2,2.6,1.6,2.5,4.4,6.1,9.1
22105,2021-05-05,5,1007.7,72,16.8,16.1,3.4,2.1,3.1,5.8,7,8
22105,2021-05-06,4.2,1014.2,63,16.6,16.1,1.7,1.1,1.7,2.7,5.3,9.1
22105,2021-05-07,7.6,1003.3,66,17.5,15.8,2.5,1.5,2.3,4,5.2,7.1
22105,2021-05-08,7.5,1001.2,65,16.8,16,2.3,1.4,1.8,3,6,8
22105,2021-05-09,5.4,1005.7,58,17.1,16.9,2.2,1.3,1.6,2.8,5.9,7.1
22105,2021-05-10,4.8,1012.2,69,16.6,16.6,1.2,.7,1.1,1.8,5,9.1
22105,2021-05-11,3.1,1016.6,72,15.7,16.9,1.1,.7,.8,1.3,8.5,10.7
22105,2021-05-12,4.8,1015.4,74,16.2,16.7,1.8,1.1,1.5,2.5,6.7,10.7
22105,2021-05-13,1.6,1012.7,83,16.4,17.4,1.4,.9,1.3,2.1,5.9,7.1
22105,2021-05-14,3.1,1013.1,92,16.4,17,.8,.5,.6,1.3,4.5,6.4
22105,2021-05-15,3.7,1008,95,17,16.7,.7,.4,.7,1,3,4.3
22105,2021-05-16,7.1,1003.1,94,15.7,16.6,2.3,1.4,2.4,3.7,5.6,7.1
22105,2021-05-17,5.3,1007.5,84,14,15.7,2.3,1.4,2.3,3.8,5.8,6.4
22105,2021-05-18,3.8,1010.1,85,15.8,16.3,.9,.5,.8,1.4,4.7,6.4
22105,2021-05-19,4.2,1009.6,87,18.3,17.4,.7,.5,.7,1.3,3.1,3.8
22105,2021-05-20,4.4,1006.7,88,17.5,17.2,.8,.5,1.2,2,3.2,4.9
22105,2021-05-21,10.4,1002.7,86,15.9,16.8,3.8,2.4,3.2,5.2,6.6,8
22105,2021-05-22,4.1,1006.9,83,17.8,17.1,2.3,1.4,2.3,4.3,7.3,8
22105,2021-05-23,2.8,1007.9,86,19.6,18,1.4,.9,1.1,1.8,6.9,8
22105,2021-05-24,2.5,1005.5,72,19.9,18.3,1,.6,.8,1.3,6,7.1
22105,2021-05-25,7.4,1005,65,17.6,17.7,1.6,1,1.8,2.9,4.4,5.8
22105,2021-05-26,7.5,1007.2,66,18.2,17.3,1.8,1.1,1.7,2.7,5,5.8
22105,2021-05-27,6.5,1000.7,81,17.5,17.4,1.8,1.1,1.6,2.7,4.6,6.4
22105,2021-05-28,6.3,1000.1,79,17,17.1,1.4,.9,1.2,2.1,4.9,5.8
22105,2021-05-29,4.1,1004.4,80,17,17.6,1.6,1,1.3,2.1,5.5,7.1
22105,2021-05-30,3.1,1009.8,70,18.2,17.9,1.2,.8,.9,1.5,6.8,8
22105,2021-05-31,6.8,1012.8,81,18,18.2,1.4,.9,1,1.9,5.6,8
22105,2021-06-01,7.2,1014,87,18.2,18.6,1.6,1,1.2,2,6.5,8
22105,2021-06-02,6.1,1013.2,91,19.1,18.9,1.2,.8,1,1.6,5.9,8
22105,2021-06-03,7.9,1004.2,90,19,18.3,1.6,1,1.1,1.9,4.2,5.3
22105,2021-06-04,7.1,999.1,75,19.3,18.5,2.1,1.3,1.8,3.1,5.9,8
22105,2021-06-05,7.7,998.9,69,20.5,18.5,2,1.3,1.8,2.6,5,6.4
22105,2021-06-06,3.7,1005.5,79,20.9,19.2,1.7,1.1,1.5,2.4,5.9,7.1
22105,2021-06-07,2.6,1011.7,82,21.8,19.8,.9,.5,.8,1.4,4.3,5.8
22105,2021-06-08,3.2,1015.9,86,20.7,19.8,.6,.4,.5,.9,3.6,5.3
22105,2021-06-09,,1017,91,20.1,19.9,,,.6,1,,4
22105,2021-06-10,7.3,1013.7,91,21.1,19.6,1.3,.8,1.1,1.7,3.8,4.6
22105,2021-06-11,10,1009.9,92,21.6,19.7,2.5,1.5,2.3,4.5,5.2,6.4
22105,2021-06-12,3.8,1012.8,98,20.8,20,1.5,.9,1.5,2.7,5.5,6.4
22105,2021-06-13,2.5,1009.5,98,21.3,20.5,.7,.4,.6,.9,4.8,5.8
22105,2021-06-14,2.6,1007.9,95,21.4,20.9,.5,.3,.6,.9,3.7,5.3
22105,2021-06-15,3.8,1007,93,21.7,20.7,.7,.5,.7,1.3,3.6,4.9
22105,2021-06-16,7,1008.1,86,21,20.2,1.9,1.1,1.4,2.4,5.1,5.8
22105,2021-06-17,4,1007.5,80,20.8,20.1,1.4,.9,1.2,2.1,5.7,6.4
22105,2021-06-18,6.4,1000.1,89,22.1,20.3,1.6,1,1.2,2.2,4.3,6.4
22105,2021-06-19,3.7,1000.5,86,21.7,20.7,1,.6,.9,1.3,4.3,5.8
22105,2021-06-20,5.8,1001.3,87,22.2,21.2,1.6,1,2,3.2,6.6,9.1
22105,2021-06-21,7.3,1004.5,86,21.4,21.2,3.3,2.1,2.7,4.5,9.2,10.7
22105,2021-06-22,3.5,1011.3,76,19.9,21.2,2.2,1.4,2,3.5,7.3,9.1
22105,2021-06-23,2.2,1012.8,74,20.5,21.3,1.1,.7,1.1,1.8,6.8,8
22105,2021-06-24,3.5,1012.4,77,21.7,21.6,.7,.4,.6,.9,4.9,6.4
22105,2021-06-25,6.2,1011.6,85,22.7,22,1,.6,.7,1.2,2.7,3.2
22105,2021-06-26,5.6,1010.8,91,23.3,22.4,1,.6,.8,1.4,3.7,4.3
22105,2021-06-27,3.2,1009.3,90,23.3,22.5,.5,.3,.4,.6,3.4,4.6
22105,2021-06-28,3.4,1007.1,88,23.2,22.5,.6,.4,.4,.7,3.4,3.8
22105,2021-06-29,2.6,1007,82,23.4,23.3,.8,.5,.6,1,4.5,4.9
22105,2021-06-30,4.8,1008.6,81,23.5,23.2,.9,.5,.7,1.1,4.5,5.8
22105,2021-07-01,3.7,1008.7,84,23.8,23.6,.9,.5,.6,1,5.1,5.8
22105,2021-07-02,4.8,1011.2,88,24,23.6,1,.6,.8,1.2,4.1,5.3
22105,2021-07-03,6.2,1010.4,88,23.8,23.3,1.6,1,1.4,2.4,6.1,8
22105,2021-07-04,8.6,1003.6,93,23.9,22.8,3,1.9,2.3,3.9,6.1,8
22105,2021-07-05,3,1008.5,89,24.2,23.1,1.6,1,1.3,2.3,6.3,8
22105,2021-07-06,2.4,1006.9,91,24.9,23.8,1.4,.8,1.1,1.9,6.6,8
22105,2021-07-07,2,1008,91,24.9,24,1.2,.7,1,1.6,6.7,8
22105,2021-07-08,3.4,1006.7,91,24.5,23.6,.8,.5,.8,1.2,4.9,6.4
22105,2021-07-09,1.7,1006.4,89,24.6,23.7,.8,.5,.6,1.1,5,5.8
22105,2021-07-10,4,1007.7,92,25.3,24.1,.8,.5,.7,1.1,4.2,5.8
22105,2021-07-11,3.7,1008.9,89,25.7,24,.9,.5,.6,1.1,4.6,6.4
22105,2021-07-12,1.9,1010,87,27.1,24.9,.5,.3,.4,.8,5.3,5.8
22105,2021-07-13,3.2,1011,95,26.4,25,.5,.3,.4,.6,4.2,5.8
22105,2021-07-14,2.7,1013.3,91,27.3,26.1,.4,.3,.4,.6,3.9,8
22105,2021-07-15,2.4,1015.7,88,28,26.2,.4,,.3,.5,2.8,3.4
22105,2021-07-16,3.9,1016.2,90,27.6,26.3,.6,.4,.5,.8,2.9,3.6
22105,2021-07-17,4.1,1014.2,86,28,26.8,.8,.5,.6,1,3.8,4.9
22105,2021-07-18,3,1013.1,89,28.5,27,.7,.5,.6,.9,4.2,5.3
22105,2021-07-19,3.5,1014,88,28.2,26.7,.6,.4,.5,1,3.7,5.3
22105,2021-07-20,4.2,1015.1,88,28.9,27.2,.7,.4,.6,.9,2.7,3.2
22105,2021-07-21,3,1014.6,84,28.9,27.6,.6,.4,.6,1.1,3.4,4.9
22105,2021-07-22,2.8,1013,84,28.9,28,1,.6,.7,1.2,4.8,5.3
22105,2021-07-23,3.5,1010.9,84,28.6,28.2,.8,.5,.6,1.2,4.6,4.9
22105,2021-07-24,3.6,1010.1,82,28.7,27.9,.6,.4,.4,.7,4,4.3
22105,2021-07-25,3.4,1008.5,83,28.9,28.2,.5,.3,.4,.6,3.5,4.3
22105,2021-07-26,2.5,1006.4,82,29.5,28.7,.4,.3,.3,.6,4,5.8
22105,2021-07-27,2.9,1004.4,80,29.6,28.6,.4,,.4,.7,3,4
22105,2021-07-28,2.5,1003.8,80,29.8,28.9,1,.6,.8,1.4,5.1,7.1
22105,2021-07-29,2.6,1002.5,81,29.4,29,1,.6,.8,1.4,6.3,8
22105,2021-07-30,5.5,1000.9,86,29.3,28.5,1.1,.7,1,1.4,6.3,8
22105,2021-07-31,5.8,1000.5,89,29.6,28.5,1.1,.7,.8,1.3,3.4,6.4
22105,2021-08-01,6.7,1001.3,87,29.7,28.7,1.2,.7,.9,1.4,3.7,4.3
22105,2021-08-02,6.6,1003.3,90,29.2,28.5,1.4,.9,1.3,2,4.8,8
22105,2021-08-03,4.9,1007.4,85,29.7,28.5,1.9,1.2,1.4,2.5,8.1,9.1
22105,2021-08-04,5.6,1008.3,85,29.7,28.5,1.5,1,1.3,2.1,7.1,8
22105,2021-08-05,3.6,1006,87,29.6,28.3,.8,.5,.8,1.3,3.5,6.4
22105,2021-08-06,3.5,1003.7,91,29.6,28,.6,.4,.6,.9,2.7,3.8
22105,2021-08-07,3.2,1003.2,88,29.8,29.2,.7,.5,.6,1,4.4,5.3
22105,2021-08-08,5.3,1003.9,85,28.5,29.1,1.3,.8,1.5,2.2,4.7,5.8
22105,2021-08-09,11.2,1001.8,82,27.3,27.8,5.1,3.2,4.4,7.1,7.8,10.7
22105,2021-08-10,5.9,1009,78,26.8,27.1,5.9,3.6,4.3,7.7,10.7,10.7
22105,2021-08-11,4.5,1011,85,27.3,27.2,4.3,2.6,3.3,5.7,10.5,10.7
22105,2021-08-12,2,1010.8,82,27.4,27.1,2.9,1.8,2.3,3.9,9.2,10.7
22105,2021-08-13,3.2,1007.6,79,27.5,27.2,1.9,1.2,1.4,2.3,6.8,9.1
22105,2021-08-14,8.1,1008.2,81,26.8,26.6,2.6,1.6,2,3.4,6.4,7.1
22105,2021-08-15,6.6,1014.7,78,25.6,26.3,2.7,1.7,2.1,3.4,7.4,8
22105,2021-08-16,3.5,1016.2,75,25.9,26.6,1.7,1.1,1.4,2.1,6.9,7.1
22105,2021-08-17,7.3,1010.6,82,26,26.4,2.4,1.5,1.9,3.1,6.1,6.4
22105,2021-08-18,7.1,1010.9,80,26.2,25.7,2.7,1.6,1.8,3.3,6.5,8
22105,2021-08-19,6.9,1011.8,87,25.2,24.7,3,1.8,2.2,3.8,6.6,8
22105,2021-08-20,5,1013.1,85,26,25.5,2,1.3,1.8,3,6.5,8
22105,2021-08-21,11.6,1005.1,89,26.6,24.8,2.8,1.8,3.3,5.5,5.7,8
22105,2021-08-22,7.3,1006.2,80,27.3,24.3,2.3,1.4,2.8,4.6,6,8
22105,2021-08-23,4.9,1009.7,81,26.3,25.4,1.1,.7,1.1,1.5,5,7.1
22105,2021-08-24,7.2,1000.7,92,25.6,25.5,2.8,1.7,2.5,3.9,6.5,8
22105,2021-08-25,3,1006.6,90,26.3,25.5,2,1.2,2,3.3,6.1,7.1
22105,2021-08-26,3.7,1011.2,88,26.7,25.6,1.4,.9,1.1,1.8,6.5,8
22105,2021-08-27,4.4,1011.9,80,27.1,25.8,.9,.6,.9,1.5,6.4,8
22105,2021-08-28,4.6,1012.2,71,27.5,25.8,.8,.5,.8,1.4,5.4,7.1
22105,2021-08-29,4.4,1012.8,74,26.2,25.9,.7,.5,.6,1.1,4.6,6.4
22105,2021-08-30,2.3,1015,71,26.9,26,.7,.4,.7,1.3,4.6,5.3
22105,2021-08-31,3.4,1015.9,80,25.2,24.9,.5,.3,.5,.8,4.2,7.1
22105,2021-09-01,8.7,1011.2,86,23.4,24.4,2.5,1.6,2.4,3.6,5.6,7.1
22105,2021-09-02,4.6,1011.7,71,24.7,24.6,1.8,1.1,1.9,3.1,6.4,7.1
22105,2021-09-03,3.5,1011.2,72,24.8,24.6,1.1,.7,.9,1.6,5.6,6.4
22105,2021-09-04,5.9,1015.8,74,25.1,24.8,1.6,.9,1.1,2,4.9,5.8
22105,2021-09-05,7.1,1019.2,77,25.3,25,2.3,1.4,1.9,3.3,6.3,7.1
22105,2021-09-06,7.1,1019.1,74,25.2,24.2,2.7,1.6,1.8,3.2,7,8
22105,2021-09-07,8.5,1009.7,83,25.5,24.3,2.9,1.8,2.1,3.6,6.9,8
22105,2021-09-08,6.5,1009.2,85,24.7,24.2,2.3,1.4,1.8,2.8,6,7.1
22105,2021-09-09,3.5,1013.7,84,25,24.4,1.3,.8,1.1,1.8,6.7,8
22105,2021-09-10,5.6,1012.7,88,26,24.2,1.3,.8,1,1.7,3.9,4.6
22105,2021-09-11,3.2,1011.8,76,26.4,24.8,.7,.4,.8,1.3,3.9,5.8
22105,2021-09-12,6,1013.5,78,25.8,24.9,1.4,.9,1.7,2.3,5,8
22105,2021-09-13,4.9,1019.4,70,24.5,24.9,2,1.2,1.8,3,6.6,8
22105,2021-09-14,4.2,1018.4,72,24.6,24.9,1.9,1.2,1.5,2.4,9.9,12.8
22105,2021-09-15,6.6,1018.5,70,24.4,24.8,2.1,1.3,1.5,2.7,6.4,10.7
22105,2021-09-16,4.1,1015,73,24.6,25.2,1.8,1.1,1.3,2.1,6,7.1
22105,2021-09-17,6.3,1011.5,82,23.2,24.9,2,1.2,1.6,3.8,5.7,6.4
22105,2021-09-18,7,1014.6,75,24.7,24.6,2.4,1.5,1.7,3,6.3,7.1
22105,2021-09-19,3,1017.5,70,24.3,24.5,1.5,.9,1.2,2.1,6.3,6.4
22105,2021-09-20,5.7,1014.6,79,24.9,24.5,1.4,.9,1.3,2.2,5.7,6.4
22105,2021-09-21,10,1005.2,88,26.2,24.4,3.2,2,2.8,4.4,6,7.1
22105,2021-09-22,7.4,1006.2,70,26.1,24.3,2,1.2,1.6,3,5.6,7.1
22105,2021-09-23,7.4,1015,64,24.2,23.9,2,1.3,1.8,3.2,5.7,6.4
22105,2021-09-24,5.3,1023.4,76,23.9,23.5,2.4,1.5,2,3.3,8.7,10.7
22105,2021-09-25,5.8,1024.6,74,23.9,23.5,2.6,1.6,2.1,3.2,7.7,10.7
22105,2021-09-26,4.8,1022.1,67,23.4,23.4,1.5,.9,1.2,2,6,8
22105,2021-09-27,3.4,1018,68,22.9,23.3,1.1,.7,.9,1.4,5.7,6.4
22105,2021-09-28,3.7,1014.6,72,23.8,23.2,.9,.6,.6,1.2,5.9,6.4
22105,2021-09-29,6.4,1008.1,89,24.5,23.1,1.5,.9,1.8,2.8,4.8,6.4
22105,2021-09-30,4.1,1009.1,78,23.7,23.5,1.5,.9,1.5,2.3,5.7,7.1
22105,2021-10-01,1.7,1008.8,79,24.2,23.8,.8,.5,.6,.9,5,5.8
22105,2021-10-02,4.7,1012.9,76,24.2,23.6,1.4,.9,1.5,2.4,6.3,8
22105,2021-10-03,7.5,1018.7,84,25.7,23.6,1.9,1.1,1.6,2.8,4.6,5.8
22105,2021-10-04,7.7,1019.1,82,26,23.6,2.3,1.4,2,3.7,5.6,6.4
22105,2021-10-05,5.3,1020.1,86,24.5,23.7,2.5,1.6,2.3,3.8,7.1,9.1
22105,2021-10-06,8.5,1021.4,84,22.1,23.5,3.6,2.2,2.7,4.7,7.3,8
22105,2021-10-07,6.3,1016.6,84,23.5,23.5,2.1,1.3,1.8,3,5.9,7.1
22105,2021-10-08,5.5,1021.8,84,23.1,23.3,2.2,1.4,1.8,2.7,6.9,8
22105,2021-10-09,8.1,1023.7,85,24.2,23.2,2.4,1.5,1.8,3.3,5.6,8
22105,2021-10-10,7.5,1016,85,26,23.4,2,1.2,1.4,2.5,5.3,6.4
22105,2021-10-11,8.7,1021,77,20.5,23.2,3,1.9,2.6,4.2,6.8,9.1
22105,2021-10-12,6.9,1026.7,62,21.1,22.9,2.4,1.5,1.9,3,6.2,8
22105,2021-10-13,5.3,1025.6,66,21.6,22.8,1.7,1,1.3,2.4,5.4,6.4
22105,2021-10-14,4.3,1018.8,71,23.2,23.7,1.2,.7,.9,1.5,4.9,6.4
22105,2021-10-15,7.7,1017.7,78,21.8,24.3,2.1,1.3,2.4,4.3,5.3,8
22105,2021-10-16,7.3,1018.2,68,18.9,24,2.9,1.8,3.7,5.9,7,9.1
22105,2021-10-17,8.1,1024.7,61,13.7,23.4,5.2,3.2,4.3,7.8,8.5,9.1
22105,2021-10-18,2.5,1022.6,54,17,23.2,1.6,1,1.6,2.6,6.2,8
22105,2021-10-19,9.2,1017,67,17.2,22.7,3.5,2.1,5,8.5,6.3,10.7
22105,2021-10-20,7.4,1020.8,62,14.8,22.5,5.2,3.3,4.3,7.3,9.4,10.7
22105,2021-10-21,5.7,1019.6,67,16,23,3.1,2,2.4,4,9.6,10.7
22105,2021-10-22,7.2,1020.8,71,16.1,22.6,2.4,1.5,1.8,2.8,7.6,9.1
22105,2021-10-23,3.8,1027.3,56,17.9,22,1.9,1.2,1.4,2.2,6.1,7.1
22105,2021-10-24,2.6,1025.3,44,19.4,21.9,1.1,.7,1.1,1.6,5.8,7.1
22105,2021-10-25,2.2,1021.7,53,19.9,21.9,.7,.4,.6,1,3.9,6.4
22105,2021-10-26,3.1,1018.6,56,20.4,21.8,.6,.4,.5,.9,4.3,6.4
22105,2021-10-27,5.9,1016.8,57,20,21.8,2,1.2,1.6,3.2,5.4,8
22105,2021-10-28,7,1022.8,54,19.6,22.1,2.3,1.5,1.8,2.8,6.7,8
22105,2021-10-29,4.2,1026.6,54,17.9,21.6,1.9,1.2,1.7,2.6,6.8,8
22105,2021-10-30,3.9,1024.3,59,19,21.2,1.3,.8,.9,1.6,9,12.8
22105,2021-10-31,2.4,1023.1,59,20.2,21,.9,.6,.9,1.6,7.7,9.1
22105,2021-11-01,6.8,1021.3,63,19.4,21,1.5,1,1.5,2.4,4.7,5.8
22105,2021-11-02,8,1019.6,72,18.3,21.9,3.4,2.1,3,4.6,7.9,9.1
22105,2021-11-03,4.3,1018.1,66,18.5,22.2,2.3,1.4,2.1,3.5,8.1,9.1
22105,2021-11-04,3.8,1018.5,59,19,21.9,1.4,.9,1.2,1.8,6.6,8
22105,2021-11-05,2.5,1021.3,57,19.8,22.5,.9,.6,.7,1.2,6.3,7.1
22105,2021-11-06,3.5,1021.9,62,19.4,22.7,.9,.5,.7,1.2,5.9,7.1
22105,2021-11-07,6,1022.1,67,19.6,22.4,1.5,1,1.9,3,5.3,9.1
22105,2021-11-08,11.2,1009.1,71,19,22.2,4.3,2.6,3.9,6.3,7.5,9.1
22105,2021-11-09,7.1,1008,59,13.7,21.6,2.5,1.5,2.1,3.6,6.3,7.1
22105,2021-11-10,10.9,1003.4,62,12.6,20.2,3.2,2,3,4.7,6.2,8
22105,2021-11-11,10.2,1007.2,52,12.6,18.5,3.9,2.4,3,4.8,7.7,9.1
22105,2021-11-12,7.1,1013.4,49,11.3,18.2,2.8,1.7,2.3,4,7.1,8
22105,2021-11-13,3.2,1016.3,49,13.8,18,1.4,.9,1.3,2.1,6,8
22105,2021-11-14,5.7,1016.5,55,17.5,18,1.4,.9,1,1.7,5.1,6.4
22105,2021-11-15,4.4,1020.3,52,16.6,18.4,1.5,1,1.2,1.9,5.5,7.1
22105,2021-11-16,5,1022.2,53,16.4,19.9,1.7,1,1.3,2.3,6.1,8
22105,2021-11-17,3.5,1021.9,52,15.6,19.2,1.2,.8,.9,1.5,5.3,5.8
22105,2021-11-18,6,1016.6,56,17.3,17.7,1.2,.7,1,1.6,3.5,5.3
22105,2021-11-19,5,1016.2,60,18.3,17.8,1.1,.7,1,1.8,4.4,5.8
22105,2021-11-20,7.1,1019.9,78,17.3,17.7,2.6,1.7,2.1,3.6,6.7,9.1
22105,2021-11-21,5.2,1015.9,68,18.2,17.5,1.6,1,1.4,2.3,5.1,7.1
22105,2021-11-22,11.8,1009.4,57,12.2,17.4,4.1,2.5,3.7,6.2,6.8,9.1
22105,2021-11-23,12.5,1011.7,56,8,17.4,5.4,3.3,4.1,6.9,8.1,9.1
22105,2021-11-24,10.2,1013.5,54,11.4,17.5,4.3,2.7,3.7,6.1,7.8,9.1
22105,2021-11-25,7.8,1014.9,48,13.9,17.2,3,1.8,2.2,3.9,6.7,7.1
22105,2021-11-26,9.4,1022.3,55,11.4,17.1,3.4,2.1,2.5,4.2,6.9,8
22105,2021-11-27,5.2,1032.7,51,10.6,16.3,2.8,1.8,2.2,3.7,7.5,9.1
22105,2021-11-28,5,1031.7,50,14.3,16.3,1.8,1.1,1.5,2.8,8.8,12.8
22105,2021-11-29,2.8,1024.6,42,16.5,16.6,1.4,.9,1.2,2,6.2,10.7
22105,2021-11-30,10.7,1007.6,65,15.1,16.4,3.2,1.9,3.7,5.8,5.8,8
22105,2021-12-01,13,1013,59,7,15.9,6.7,4.1,4.9,8.7,9.1,10.7
22105,2021-12-02,5.9,1016.3,50,8.5,15.7,3.4,2.2,4.2,5.6,7.5,9.1
22105,2021-12-03,8.8,1014.1,53,9.9,15.7,2.9,1.8,2.3,3.8,6,7.1
22105,2021-12-04,9.7,1022.4,55,8.6,15.6,3.6,2.3,3.2,5.4,7.1,9.1
22105,2021-12-05,4.5,1028.6,61,11.6,15.5,1.9,1.2,1.8,2.9,7,8
22105,2021-12-06,3.1,1025.7,51,13.9,15.6,1.1,.6,.9,1.4,4.5,4.9
22105,2021-12-07,7,1027.7,63,13.9,15.9,2.2,1.4,2.6,4.2,6.1,8
22105,2021-12-08,5.2,1032.1,64,12.3,17,2,1.2,1.7,3.4,6.2,7.1
22105,2021-12-09,3.2,1030,65,14.1,16.2,1.4,.8,1,1.7,7.5,8
22105,2021-12-10,2.9,1023.6,64,15.3,16.7,1,.6,.8,1.4,6.3,8
22105,2021-12-11,4,1023.2,67,14.9,17.1,1.1,.7,.9,1.5,5.1,7.1
22105,2021-12-12,9.4,1019.2,57,12.2,16.8,3,1.9,2.6,4.4,6.5,8
22105,2021-12-13,4.5,1023.2,53,7.8,16.9,3.3,2.1,3.1,5.4,8,9.1
22105,2021-12-14,5.4,1018.9,54,10,17.1,1.9,1.2,1.6,2.9,6.5,9.1
22105,2021-12-15,6.9,1018.8,62,13.8,17,1.9,1.2,1.7,3,5.2,7.1
22105,2021-12-16,4.7,1016.3,49,13.6,17.1,1.4,.9,1.1,1.7,4.9,5.8
22105,2021-12-17,12.2,1014.8,56,6.5,17,5.2,3.1,4.8,7.7,7.9,10.7
22105,2021-12-18,8.7,1021.8,64,4,16.8,4.5,2.8,4.5,6.9,8.5,9.1
22105,2021-12-19,10,1017.9,56,7.6,16.5,3.6,2.2,2.5,4.5,6.8,8
22105,2021-12-20,8.2,1015.4,58,12.2,16.4,2.3,1.5,1.8,2.9,5.6,8
22105,2021-12-21,7.4,1013.9,53,14,16.1,1.8,1.1,1.6,2.5,4.6,5.3
22105,2021-12-22,7.3,1021.3,75,9.9,14.5,3.4,2,2.8,5,7.5,9.1
22105,2021-12-23,6.1,1022.6,60,10.9,14.5,2.7,1.7,2.1,4,9.1,12.8
22105,2021-12-24,6,1019,67,10.2,14.4,3.4,2.2,3.9,6.3,8.7,10.7
22105,2021-12-25,11.6,1022.3,87,2.2,15,6.3,3.9,4.5,7.4,9.5,10.7
22105,2021-12-26,11.8,1026.4,78,.3,15.8,5.2,3.1,3.7,6.7,9,10.7
22105,2021-12-27,9.7,1024.8,64,3.6,15.7,4.5,2.8,3.2,5.4,9,10.7
22105,2021-12-28,4,1024.7,50,7.4,15.5,2.6,1.6,2.4,4,8,9.1
22105,2021-12-29,7.2,1016.6,54,10.1,15.6,2.1,1.3,1.7,2.6,5.1,7.1
22105,2021-12-30,12.7,1018.4,60,5.3,15.2,5.5,3.3,3.9,7,7.5,9.1
22105,2021-12-31,10.4,1024.4,63,2.8,14.5,4.7,2.8,3.7,6.4,8.3,9.1
22105,2022-01-01,3.7,1027.7,53,5.8,13.6,3.1,1.9,2.5,4.5,8.7,9.1
22105,2022-01-02,7.2,1022.5,52,9,13.6,2.4,1.5,1.8,3.2,6.5,9.1
22105,2022-01-03,7.9,1021.7,48,7.5,13.5,3.1,1.8,2.3,3.8,7.2,9.1
22105,2022-01-04,7.3,1024.6,55,6.5,13.6,3.1,1.9,2.4,4.3,7.2,9.1
22105,2022-01-05,3.9,1027.3,62,6.8,,2.5,1.5,2.1,3.5,7.9,9.1
22105,2022-01-06,7.5,1025.4,60,7.9,13.4,2.6,1.6,1.9,3.6,7.2,10.7
22105,2022-01-07,2.4,1027.2,48,8.8,13.2,2.6,1.6,2,3.7,7.5,8
22105,2022-01-08,6.4,1020.5,50,9.8,13.3,1.8,1.1,2,3.5,6.5,8
22105,2022-01-09,6.2,1020.5,66,9.2,13.3,2.3,1.4,1.9,3,6.3,9.1
22105,2022-01-10,3.8,1018.4,73,9.1,13.2,2,1.2,2,3.1,6.3,9.1
22105,2022-01-11,11.3,1011.7,63,5.4,13,4,2.5,4.1,6.4,7,10.7
22105,2022-01-12,7.2,1016.7,57,2.7,12.2,4,2.5,3.6,5.9,9.7,10.7
22105,2022-01-13,12.1,1014.3,60,2.4,12.7,5,3.1,3.6,6.5,7.8,10.7
22105,2022-01-14,5.9,1021.7,59,4,12.6,3.6,2.2,3.2,6.1,9.3,10.7
22105,2022-01-15,4.4,1020.3,52,8.1,12.5,2.2,1.4,1.6,2.8,9.7,12.8
22105,2022-01-16,8.3,1019.3,52,8,12,2.7,1.6,1.9,3.3,7,12.8
22105,2022-01-17,10.4,1022.3,53,3.5,11.4,3.8,2.2,2.8,5.3,7.2,9.1
22105,2022-01-18,7.7,1025.1,57,2,9.6,4,2.4,3.3,5.4,8.2,9.1
22105,2022-01-19,5.4,1021.4,61,4.2,11.9,2.5,1.5,2.5,4,8.3,10.7
22105,2022-01-20,10.1,1026,79,3.1,10.5,4.7,2.9,3.9,6.7,8.6,9.1
22105,2022-01-21,3.4,1030.1,60,5.3,10.2,2.7,1.6,2,3.2,8.6,9.1
22105,2022-01-22,4.5,1025.8,57,8.7,10.4,2,1.2,1.7,2.6,8.1,9.1
22105,2022-01-23,5.9,1022.1,73,8.7,10.6,1.8,1.1,2.3,3.9,7.5,9.1
22105,2022-01-24,7.2,1024,62,6.5,12.1,3,1.9,2.2,4.1,7.2,8
22105,2022-01-25,5.4,1020.5,68,7.8,11.2,1.7,1,1.7,2.5,6.4,8
22105,2022-01-26,6.4,1021.2,54,8.5,10.5,2.4,1.5,1.9,3.4,5.8,7.1
22105,2022-01-27,5.1,1022,58,7.8,10.2,2.1,1.3,1.7,2.7,6.6,8
22105,2022-01-28,8,1020.2,64,6.3,9.7,2.7,1.6,2,3.6,6.1,8
22105,2022-01-29,6.5,1017.8,51,5.5,10.1,2.3,1.4,1.9,2.7,6.4,8
22105,2022-01-30,6.5,1019,55,5.7,10.1,2.1,1.3,1.4,2.5,6.2,8
22105,2022-01-31,4.3,1021.4,44,6.5,9.5,1.7,1.1,1.5,2.7,5.8,8
22105,2022-02-01,9.1,1020.2,54,6.1,9.7,2.7,1.7,2.4,3.7,6.1,8
22105,2022-02-02,7.4,1023.2,48,5.4,10.4,2.8,1.6,2,3.5,6.8,8
22105,2022-02-03,7.4,1022.8,49,4.5,11.6,2.7,1.7,2.2,4.1,7,8
22105,2022-02-04,9.5,1019.8,50,3.2,11.9,3.1,1.9,2.6,4.2,6.7,7.1
22105,2022-02-05,9.9,1019.8,54,1.5,12,3.8,2.3,2.9,4.9,7.4,8
22105,2022-02-06,9.1,1023.4,56,3.3,11.7,4.1,2.5,3.2,5.5,7.9,9.1
22105,2022-02-07,4.9,1025.9,54,3.8,10.7,2.3,1.4,1.9,3.1,7.2,9.1
22105,2022-02-08,2.1,1025.7,51,6,10.5,1.3,.8,1.2,1.9,7.7,9.1
22105,2022-02-09,1.6,1025.3,52,7.6,10.9,1,.6,.7,1.1,6.9,9.1
22105,2022-02-10,5,1021.2,62,8.7,10.6,1.5,.9,1.3,2.2,5.2,5.8
22105,2022-02-11,4.7,1024.4,58,8.6,10.6,1.2,.8,1.1,2.1,4.6,5.3
22105,2022-02-12,6.4,1025.2,61,8.7,10.6,1.9,1.2,1.9,3,5.5,9.1
22105,2022-02-13,5.5,1022.7,69,8.4,11.2,2.1,1.3,1.8,2.8,6.4,8
22105,2022-02-14,4.3,1018.4,71,8.8,10.5,2.8,1.8,2.2,3.6,6.5,7.1
22105,2022-02-15,9.7,1015,53,4.1,10.6,3.6,2.2,2.5,4.4,7.4,9.1
22105,2022-02-16,10.8,1017.2,53,-.1,10.3,5,3.2,4.1,7.4,9.3,10.7
22105,2022-02-17,10.6,1024.6,66,.7,9.7,6.4,3.9,4.8,8.4,11,12.8
22105,2022-02-18,4.6,1028.9,60,5.4,9.8,5,3,4.6,7.8,10.4,12.8
22105,2022-02-19,4.8,1019.8,47,6.8,10.5,2,1.2,1.7,2.8,7.5,9.1
22105,2022-02-20,11.7,1020.1,59,2,9.1,5.2,3.1,4.2,6.9,7.8,9.1
22105,2022-02-21,8.4,1024.4,54,3.2,8.8,3.6,2.2,3.2,5.1,8.1,10.7
22105,2022-02-22,10.3,1027.2,50,2.1,9.1,4,2.5,3,5.1,7.5,10.7
22105,2022-02-23,6.9,1029.3,57,.6,9.6,3.5,2.2,3.3,5,8.3,10.7
22105,2022-02-24,4.3,1026.2,42,4.4,10.9,2,1.2,1.7,3.2,7.7,9.1
22105,2022-02-25,6.5,1023,52,8.4,11.1,2,1.2,1.5,2.7,6.1,8
22105,2022-02-26,8.4,1015,53,11.4,11.7,2.2,1.3,2.8,4.5,4.8,6.4
22105,2022-02-27,8.6,1017.7,47,9,11.4,2.8,1.8,2.7,4.2,6.6,8
22105,2022-02-28,5.1,1019.6,53,10.8,10.6,1.5,.9,1.4,2.4,4.6,5.8
22105,2022-03-01,4.8,1012.1,67,11.2,11,1.2,.7,1,1.6,5.1,6.4
22105,2022-03-02,6,1013.5,56,9.2,11.4,1.5,.9,1.4,2.2,5.1,6.4
22105,2022-03-03,7.2,1016.6,60,9,11.3,2.1,1.4,1.9,2.6,6.3,9.1
22105,2022-03-04,9,1010.3,59,12.4,11.3,2.4,1.5,2.5,4.1,5.9,7.1
22105,2022-03-05,11,1008.3,44,8.9,11,5,3.1,4,7.1,7.5,9.1
22105,2022-03-06,8.2,1018.1,50,6,10.9,4.8,3,3.8,6.5,7.9,8
22105,2022-03-07,4.5,1019.6,55,8.6,10.9,2.2,1.4,2,3.1,7.5,10.7
22105,2022-03-08,3.4,1017.9,56,10.1,11,1.9,1.2,1.6,2.8,9.7,10.7
22105,2022-03-09,2.9,1021.8,73,10.9,11,.9,.6,.9,1.3,7.5,8
22105,2022-03-10,6.2,1018.7,73,12.8,11.2,1.5,.9,1.3,2.2,4.3,4.9
22105,2022-03-11,2.1,1016,78,13.6,11.6,1,.6,.8,1.2,5,5.8
22105,2022-03-12,6.3,1016.7,82,12.5,11.7,1.5,1,1.5,2.4,5.1,6.4
22105,2022-03-13,6.9,1012.6,90,11.2,12.1,1.7,1.1,1.4,2.2,5,6.4
22105,2022-03-14,8.5,1011.3,83,11.2,11.9,2.1,1.3,1.7,2.8,5.1,6.4
22105,2022-03-15,7.2,1012.7,78,10.8,12.2,2.1,1.3,2.2,3.6,5.7,6.4
22105,2022-03-16,4.3,1015.4,75,12.7,12.6,1.5,.9,1.7,2.6,5.5,8
22105,2022-03-17,8.7,1023.2,76,9,12.2,3.4,2.1,3,4.8,7.1,9.1
22105,2022-03-18,8.5,1014.7,74,7.2,11.7,3.7,2.3,2.7,4.5,7.2,9.1
22105,2022-03-19,7.9,1010.2,71,6.8,11.4,3.3,2,2.4,4.4,7.5,9.1
22105,2022-03-20,3.7,1018,64,8.5,11.4,2.4,1.5,1.8,2.9,7.9,9.1
22105,2022-03-21,4.8,1023.4,69,8.6,10.6,2,1.2,1.5,2.4,8.7,9.1
22105,2022-03-22,5.3,1022,63,9.4,11.2,1.6,1,1.5,2.3,5.8,8
22105,2022-03-23,5.4,1016.6,61,10.2,10.8,1.3,.8,1,1.8,4.4,6.4
22105,2022-03-24,5.4,1018.5,66,12.3,11.4,1.3,.8,1.2,1.9,4.4,5.8
22105,2022-03-25,8.8,1017,82,13.3,10.9,2.2,1.4,1.8,3.3,4.9,5.8
22105,2022-03-26,10.8,1001.8,87,12.5,11.1,4.1,2.5,3.5,6.4,6.9,9.1
22105,2022-03-27,6.1,1012.7,73,11.8,10.7,2.6,1.6,3,4.6,7,8
22105,2022-03-28,5.2,1026.1,46,10.6,11.5,1.9,1.2,2.4,4.3,5.6,8
22105,2022-03-29,9.2,1023.7,70,12.2,12.1,2,1.3,1.7,2.7,4.3,5.3
22105,2022-05-02,,,,,,,,.7,1.2,,4.3
22105,2022-05-03,7.2,1015.8,64,17,16.1,1.5,.9,1.7,3.1,4.2,6.4
22105,2022-05-04,6,1015.3,73,18.6,16.3,1.7,1.1,1.5,2.7,5.2,6.4
22105,2022-05-05,5.2,1016.7,78,18.5,16,1.7,1.1,1.6,2.7,5,6.4
22105,2022-05-06,5,1014.8,81,18.5,16.7,1.6,1,1.2,2.1,6.3,8
22105,2022-05-07,5,1017.2,78,16.1,16.5,2,1.2,2,3.7,5.6,8
22105,2022-05-08,2.4,1020.9,64,15.2,15.9,1.1,.7,1.1,2.2,5.4,7.1
22105,2022-05-09,2,1019.9,67,17,16.5,.7,.4,.6,.9,5.1,6.4
22105,2022-05-10,4.5,1018.6,70,16.4,16.2,1,.6,.9,1.8,7,10.7
22105,2022-05-11,5.1,1014.7,86,17.2,16.2,1.2,.7,1,1.5,5.1,5.8
22105,2022-05-12,5.1,1012.8,84,17.6,16,1,.6,.9,1.9,4,5.3
22105,2022-05-13,5.9,1009.5,80,16,15.8,1.3,.8,1.1,1.9,4.6,5.3
22105,2022-05-14,3.7,1009.7,60,17.3,16.2,1.2,.7,1,1.9,5.1,7.1
22105,2022-05-15,6.3,1012.8,57,16.6,16.1,1.8,1.2,1.9,2.8,5.9,7.1
22105,2022-05-16,5.7,1010.4,65,18,16.2,1.2,.7,1,1.7,3.7,4.9
22105,2022-05-17,3.8,1012.9,76,18.7,16.9,1.1,.7,1.1,1.9,5,7.1
22105,2022-05-18,5.9,1014.6,72,20,16.8,1,.6,.9,1.5,4.1,4.9
22105,2022-05-19,4.4,1015,73,19.9,17,1,.6,1,1.8,3.5,4.3
22105,2022-05-20,3.6,1011.8,76,19.7,17.2,.7,.4,.6,1.1,3.7,5.8
22105,2022-05-21,3.3,1006.9,81,19.5,17.2,.9,.5,.7,1.2,4.1,5.3
22105,2022-05-22,2.6,1006.6,82,19.6,17.3,.7,.4,.7,1.1,4.4,6.4
22105,2022-05-23,5,1011.9,85,19.4,17.7,.8,.5,.9,1.5,3.6,4.3
22105,2022-05-24,5.6,1012.6,92,19.7,18,1,.6,.9,1.5,3.7,4.6
22105,2022-05-25,5.1,1006.7,87,20.7,18.5,1.2,.7,1.5,2.5,3.9,5.3
22105,2022-05-26,5.4,1002.6,72,19.9,18.5,1.3,.8,1.3,1.9,4.5,6.4
22105,2022-05-27,4.4,999.5,66,19.7,18.1,1.3,.8,1.1,1.9,4.9,7.1
22105,2022-05-28,4.5,1003,76,21.1,18.4,1,.6,.7,1.2,4.9,6.4
22105,2022-05-29,4.2,1004.4,72,21.4,18.8,1,.6,.9,1.4,3.9,5.3
22105,2022-05-30,5.3,1002.1,86,19.7,18.7,1.2,.7,1.1,2,5.3,7.1
22105,2022-05-31,5.6,1006.3,79,19.6,18.6,2,1.2,1.7,2.9,6.1,8
22105,2022-06-01,2.8,1005.4,71,21.8,18.9,1.7,1,1.5,2.6,6.9,8
22105,2022-06-02,3.3,1005.8,80,21.2,19.5,1.2,.8,1.3,2,6.2,8
22105,2022-06-03,4.2,1012.3,85,20.1,19.6,1.2,.7,.8,1.5,4.9,6.4
22105,2022-06-04,6.2,1013.8,78,19.8,19.4,1.4,.8,1.1,2.2,4.6,7.1
22105,2022-06-05,7.7,1006.7,84,20.2,19.5,2.5,1.6,2,3.8,5.9,7.1
22105,2022-06-06,10.2,1001.9,85,18.2,19,4.3,2.6,3.4,5.5,7.7,9.1
22105,2022-06-07,6.6,1009.5,76,17.1,18.6,3.8,2.3,2.6,4.9,8.5,9.1
22105,2022-06-08,2.6,1013.9,70,17.4,18.5,2.2,1.4,2.2,3.2,8.2,9.1
22105,2022-06-09,.8,1015,78,19,18.8,1.1,.7,.9,1.5,6.7,8
22105,2022-06-10,5.7,1014.6,86,20.4,19,1.1,.7,.8,1.3,3.4,6.4
22105,2022-06-11,4.4,1015,88,20.1,19.4,.9,.6,.7,1.2,4.1,4.9
22105,2022-06-12,3.6,1015.3,79,19.8,19.5,1.3,.8,.8,1.5,5.7,6.4
22105,2022-06-13,6.4,1013.7,79,20,19.6,1.7,1.1,1.7,2.8,5.5,6.4
22105,2022-06-14,7.5,1012.1,79,19.1,19.3,2.5,1.6,1.9,3.2,6.4,7.1
22105,2022-06-15,7,1007.1,84,18.6,19,2.5,1.5,2,3.7,5.4,7.1
22105,2022-06-16,2.8,1006.9,89,20.2,19.3,1.5,.9,1.3,2.1,6,7.1
22105,2022-06-17,4,1006.7,85,22.1,19.9,.9,.6,1.1,1.6,4.7,5.8
22105,2022-06-18,1.4,1006.1,90,23,20.4,.8,.5,.9,1.4,4.5,5.8
22105,2022-06-19,2.4,1006.5,91,23.5,21.6,.6,.4,.5,.9,4.6,5.8
22105,2022-06-20,2,1004.8,89,24.4,22.9,.7,.5,.7,1.2,4.4,5.3
22105,2022-06-21,4.5,1004.7,92,23.8,22.5,.7,.4,.8,1.3,3.3,4.3
22105,2022-06-22,4.4,1006.3,94,23.8,22.6,.8,.5,.7,1.1,3.4,4.3
22105,2022-06-23,6.9,1000.6,90,24.2,22.4,2.4,1.5,3,5.2,5.6,8
22105,2022-06-24,8.4,994.8,83,24.2,20.9,3.7,2.3,3.4,5.4,6.9,8
22105,2022-06-25,7.8,1002.8,80,24.2,20.9,2.3,1.4,2.4,3.9,5.4,7.1
22105,2022-06-26,6.7,1008,86,24.2,21.2,2.3,1.4,2.3,3.6,5.6,7.1
22105,2022-06-27,8.7,1008.7,89,23.8,21.3,2.4,1.4,1.8,3,5.4,6.4
22105,2022-06-28,11,1003.4,86,24.6,21.2,3.6,2.2,3.1,4.6,6.5,7.1
22105,2022-06-29,9.6,1004.4,87,24,21.1,3.5,2.1,2.7,4.7,6.4,7.1
22105,2022-06-30,4.5,1010.4,90,23.6,21.4,1.8,1.1,2.1,3.3,5.1,7.1
22105,2022-07-01,2.9,1014.3,89,24.5,22.5,.9,.6,.8,1.3,5.9,6.4
22105,2022-07-02,2.7,1013.2,88,25.2,23.3,.6,.4,.6,.9,4.9,7.1
22105,2022-07-03,4.1,1008.9,87,25.7,24,.7,.4,.6,1,2.8,3.4
22105,2022-07-04,2.9,1006.3,89,25.5,23.9,.7,.4,.6,1.1,3.3,4
22105,2022-07-05,2.3,1006.6,94,25.8,23.9,.4,.2,.4,.6,3.9,4.6
22105,2022-07-06,1.7,1010,91,25.8,24.5,.3,.2,.3,.4,3.9,5.8
22105,2022-07-07,7.6,1007.3,93,26.6,25,1.4,.8,1.5,2.6,4.3,5.3
22105,2022-07-08,5.2,1001.5,90,26.4,24.5,1.5,.9,1.3,2.3,4.6,5.3
22105,2022-07-09,3.9,1002,93,25.4,24.5,.7,.5,.6,1,4.3,7.1
22105,2022-07-10,2.9,1006.9,94,24.9,23.9,.8,.5,.6,1,5.3,6.4
22105,2022-07-11,5.2,1006.3,91,25.4,24.1,1.1,.7,1.1,1.9,5.5,8
22105,2022-07-12,5.7,1009.9,84,24,23.7,1.5,.9,1.2,2.2,5.2,6.4
22105,2022-07-13,5.6,1006,86,24.5,23.8,1.3,.8,2.2,3.2,5.1,5.8
22105,2022-07-14,7.5,999.1,89,23.8,23.2,2.2,1.3,2.2,3.5,5.3,5.8
22105,2022-07-15,2.5,999.7,89,24,23.5,1.1,.6,.9,1.6,5.4,5.8
22105,2022-07-16,2.8,998.9,89,25.9,24.2,1.5,.9,1.5,2.2,8,9.1
22105,2022-07-17,2.8,1000.3,87,25.9,25.3,1.5,1,1.3,1.9,8.2,9.1
22105,2022-07-18,5.5,1000.2,85,25.9,24.9,2,1.2,2,3,7,8
22105,2022-07-19,2.6,1001.9,86,25.8,24.9,1.7,1.1,1.3,2.1,7.3,8
22105,2022-07-20,2.5,1005.7,82,27.4,26.1,1,.6,.8,1.3,7,8
22105,2022-07-21,5.3,1002.3,91,24.3,24.9,1.2,.7,1.2,2,5.1,7.1
22105,2022-07-22,6.5,1005.1,86,24.4,24,2.1,1.3,1.5,2.5,6,7.1
22105,2022-07-23,3,1007.2,81,24.9,23.9,1.8,1.1,1.3,2.4,6.8,7.1
22105,2022-07-24,6.6,1004,91,24.7,23.7,2,1.2,1.4,2.3,6.1,8
22105,2022-07-25,3.9,1009,89,25,24,1.6,1,1.3,2.1,6.3,7.1
22105,2022-07-26,1.4,1011.6,83,25.8,25.1,.8,.5,.7,1.1,6.1,7.1
22105,2022-07-27,3.1,1012.4,86,26.3,25,.5,.3,.5,.8,4.6,5.8
22105,2022-07-28,3.7,1013.6,87,26.3,25.1,1,.6,.8,1.5,4.4,4.9
22105,2022-07-29,3,1014.5,91,27.2,25.7,.7,.4,.6,1,4.5,4.9
22105,2022-07-30,2.9,1012.3,92,27.5,26.2,.7,.4,.5,.9,3.7,4.6
22105,2022-07-31,5.4,1009.4,89,28.1,26.4,.9,.6,.9,1.5,4.1,6.4
22105,2022-08-01,8.3,1008.4,87,28.3,26,1.6,1,1.3,2.1,4.1,5.3
22105,2022-08-02,8.8,1008.8,88,27.9,25.7,2.4,1.4,1.9,3.2,5.6,6.4
22105,2022-08-03,4.6,1008.4,85,28.2,26,1.4,.8,1.2,2.3,5,6.4
22105,2022-08-04,3.2,1008,86,28.1,26.5,.8,.5,.7,1.1,4.6,5.8
22105,2022-08-05,3.1,1005.2,87,28.7,26.8,.5,.3,.5,.8,4.4,6.4
22105,2022-08-06,2.3,1004.9,87,29.2,27.1,.7,.4,.5,.8,6,7.1
22105,2022-08-07,3.3,1005.8,86,29.6,27.7,.8,.5,.8,1.5,5.1,6.4
22105,2022-08-08,7.1,1005,82,29.4,26.6,1.6,1,1.2,2,4.7,5.8
22105,2022-08-09,6,1005.8,87,27.6,25.9,1.5,.9,1.2,1.8,4.7,5.8
22105,2022-08-10,3.7,1006.3,91,25.2,25.4,1.5,.9,1.2,2.4,4.9,5.8
22105,2022-08-11,3.8,1003.9,91,26,25.2,1.2,.8,1.2,2,4.5,5.3
22105,2022-08-12,2.2,1005.6,90,26.9,25.3,.8,.5,.8,1.3,4.8,5.8
22105,2022-08-13,3.5,1005.7,95,25.8,24,.8,.5,.7,1.1,4.2,6.4
22105,2022-08-14,1.2,1006.3,93,25.9,23.6,.5,.3,.4,.6,3.7,5.8
22105,2022-08-15,7.2,1000,84,27.1,22.7,1.6,1,1.8,2.6,5,6.4
22105,2022-08-16,5.8,1002.7,87,25.9,23.1,2.3,1.4,1.8,3.4,6.2,8
22105,2022-08-17,3,1007.7,89,25.1,23.7,1.7,1.1,1.4,2.3,7.4,8
22105,2022-08-18,4,1007.6,88,24.9,24,1.4,.9,1.2,1.9,7.3,8
22105,2022-08-19,5,1002.4,88,24.8,21.9,1.2,.7,.8,1.6,4.6,8
22105,2022-08-20,4.2,1002.6,90,24.3,21.6,1.3,.8,1.1,1.7,5.2,8
22105,2022-08-21,2.2,1007,84,25.1,23.7,1.3,.8,1,1.9,6.1,8
22105,2022-08-22,5.1,1004.4,83,25.4,24.6,.9,.6,.7,1.1,4.2,8
22105,2022-08-23,4.4,1006.1,79,26.3,24.7,1,.6,1.4,2.5,4.5,6.4
22105,2022-08-24,3.8,1010.1,73,25.2,23.2,1.5,.9,1.3,2.3,5.7,7.1
22105,2022-08-25,2,1007,83,24.5,23.1,.9,.6,.7,1.1,5.2,5.8
22105,2022-08-26,3.7,1006.1,71,25.3,24.4,.7,.4,.6,.9,4.4,5.8
22105,2022-08-27,6.1,1008.5,62,24.5,24.8,1.8,1.1,2.1,3.6,5.5,7.1
22105,2022-08-28,3.3,1015.8,56,24.7,26,1.4,.9,1.2,1.9,5.5,6.4
22105,2022-08-29,3.4,1016.6,64,25.2,26.1,1,.6,.7,1.3,5.2,5.8
22105,2022-08-30,4.1,1012.5,84,22.9,25.9,.8,.5,.7,1.2,4.2,5.8
22105,2022-08-31,7.5,1008.2,85,23.7,25.6,2.1,1.2,1.7,2.9,5.2,7.1
22105,2022-09-01,3.7,1014.1,78,24.4,25.3,1.6,1,1.4,2.7,7.3,8
22105,2022-09-02,7.3,1018.3,76,24.7,25.1,1.7,1,1.3,2.4,4.9,7.1
22105,2022-09-03,6.9,1017.4,75,24.6,25.3,1.9,1.1,1.3,2.5,5.2,6.4
22105,2022-09-04,7.7,1011.9,86,25.8,25,1.6,1,1.3,2.1,4.8,5.8
22105,2022-09-05,5.7,1007.3,93,26,25.4,1.6,1,1.6,2.3,5.3,6.4
22105,2022-09-06,11.5,999.9,84,23.3,23.2,5.4,3.4,5.2,8.7,8.3,9.1
22105,2022-09-07,4.8,1015.6,59,24.8,24,1.9,1.2,2.7,3.7,6.9,9.1
22105,2022-09-08,2.8,1018.8,70,24.4,25,.7,.5,.6,.9,5.7,9.1
22105,2022-09-09,3,1019.4,74,23.9,24.7,.8,.5,.7,1.2,4.6,7.1
22105,2022-09-10,4.9,1019.1,79,24,24.6,1,.7,.8,1.2,5.1,7.1
22105,2022-09-11,4.1,1016.5,79,24.4,24.6,1.3,.8,1,1.7,5.6,6.4
22105,2022-09-12,1.7,1015.3,79,24.4,24.5,1,.6,.8,1.3,5.8,6.4
22105,2022-09-13,4.6,1018,76,24.4,24.7,.8,.5,.7,1.3,4.4,6.4
22105,2022-09-14,7,1019.5,84,24.4,24.4,1.5,1,1.3,1.9,4.6,5.8
22105,2022-09-15,4.6,1015.7,74,23.6,24.3,2.4,1.5,1.8,3.4,7,10.7
22105,2022-09-16,5.5,1011.1,84,24.4,24,1.6,1,1.5,2.4,7.1,9.1
22105,2022-09-17,5,1008.6,91,25.5,24.1,1,.6,.9,1.5,4.6,7.1
22105,2022-09-18,5.7,1005.3,90,25.7,24.6,1.2,.7,1.2,1.8,5.4,7.1
22105,2022-09-19,14.6,999.3,76,23.1,24.5,6.6,4,6.2,11.8,8.3,10.7
22105,2022-09-20,7.9,1014.8,55,19.3,24.1,6.5,4.1,6.2,10.2,9.7,10.7
22105,2022-09-21,4.1,1019.2,54,19.9,24,2,1.2,2.2,3.4,7.2,9.1
22105,2022-09-22,4.9,1016.6,63,22.2,23.8,1.2,.7,.9,1.5,5.5,6.4
22105,2022-09-23,6.3,1010.5,66,23.4,23.9,1.5,.9,2,3.4,4.9,6.4
22105,2022-09-24,5.3,1015,48,21.8,24.1,2.8,1.7,2.2,3.9,7,8
22105,2022-09-25,3.4,1016.8,58,22.6,23.6,.9,.5,.9,1.5,5.3,8
22105,2022-09-26,2.3,1016.9,69,22.9,23.7,.5,.3,.4,.6,5.3,9.1
22105,2022-09-27,2.9,1017,72,22.4,23.6,.5,.3,.4,.9,4.3,9.1
22105,2022-09-28,3.4,1013.8,73,23.2,24.1,.8,.5,.8,1.2,4.3,5.3
22105,2022-09-29,4.7,1013.6,74,24.3,24.4,.9,.6,.8,1.2,3.5,5.3
22105,2022-09-30,6.4,1014.9,76,24.5,24,1.2,.7,1.2,1.8,3.4,4
22105,2022-10-01,3.6,1016.6,67,25.3,24.3,.7,.4,.9,1.5,3.3,4
22105,2022-10-02,6.2,1018.4,80,24.7,24.7,.9,.6,1,1.7,3,3.8
22105,2022-10-03,10,1012.3,82,25.5,24.9,2,1.2,1.4,2.3,4.3,6.4
22105,2022-10-04,11.2,1012,78,20.3,24.1,5,3,5.1,9.7,7.5,12.8
22105,2022-10-05,9,1021.1,73,16.8,23.9,5.2,3.2,4.5,8.1,9,10.7
22105,2022-10-06,10.4,1019.1,82,17.8,23.6,3.7,2.3,2.9,4.6,6.7,8
22105,2022-10-07,12.7,1017.3,73,17.7,23.5,6.1,3.7,5,8.3,8.7,9.1
22105,2022-10-08,6.1,1025.8,52,17.8,23.6,2.8,1.7,2.7,4.1,8,9.1
22105,2022-10-09,6.1,1018,65,19.8,23.5,1.7,1.1,1.4,2.1,6.3,8
22105,2022-10-10,10.6,1007.8,54,16.9,23.4,3.4,2,3.1,5.5,6.7,9.1
22105,2022-10-11,5.5,1017.7,55,16.9,22.8,4,2.5,3.7,6.2,8.1,9.1
22105,2022-10-12,2.2,1027,51,19.8,22.7,1.6,1,1.5,2.8,6.6,8
22105,2022-10-13,3.1,1025.9,57,20.1,23,1.1,.7,.8,1.4,5.4,6.4
22105,2022-10-14,2.6,1021.1,62,20.3,23,.9,.5,.7,1.1,5.2,5.8
22105,2022-10-15,2.2,1019.9,67,21.1,22.8,.7,.4,.5,.8,4.7,8
22105,2022-10-16,2.7,1016.9,78,22.2,22.5,.5,.4,.4,.6,3.5,3.9
22105,2022-10-17,9.4,1014.7,72,18.8,22.5,3.3,2,3.2,6.3,5.3,6.8
22105,2022-10-18,5.3,1020,65,16,22.6,2.8,1.7,2.8,4.5,5.6,6.6
22105,2022-10-19,5.4,1023.8,58,17,22.3,1.6,1,1.4,2.7,4.7,5.3
22105,2022-10-20,4.8,1025.2,50,19.8,22.6,1,.7,1.2,2.4,3.8,4.4
22105,2022-10-21,4.6,1020.6,45,22.2,22.1,1.3,.8,1.1,2.1,3.5,3.7
22105,2022-10-22,3.5,1017.6,48,21.8,21.3,1.6,1.1,1.4,2.2,4.9,5.7
22105,2022-10-23,7.5,1017.1,70,17.7,21.8,2.8,1.7,2.5,4.8,4.9,5.5
22105,2022-10-24,9.8,1019,71,14.7,21.5,3.7,2.3,3.5,6.3,5.3,6.3
22105,2022-10-25,6.6,1027.7,55,15.5,21.6,3.2,2,2.8,5.1,5.6,5.9
22105,2022-10-26,4.5,1027,60,18.5,21.8,2,1.2,1.5,2.7,5.1,6.1
22105,2022-10-27,4,1023.8,60,19.9,21.1,1.1,.7,1.3,2,4.2,5.3
22105,2022-10-28,8,1026.9,72,16.9,21,2.9,1.8,2.3,3.8,5.4,5.7
22105,2022-10-29,5.7,1027.6,72,16.6,21.2,2,1.4,1.8,2.4,5.2,6.5
22105,2022-10-30,5.9,1026.8,65,16.9,20.8,2.4,1.5,1.8,3,5.6,6.3
22105,2022-10-31,3.9,1024.8,60,17.7,20.4,1.4,.9,1.3,2,4.9,5.3
22105,2022-11-01,2.3,1019.9,61,19.9,20.5,1.2,.8,.9,1.7,5,5.8
22105,2022-11-02,2.9,1018.5,62,20.2,20.9,1.2,.8,1.1,1.8,4.7,5.3
22105,2022-11-03,6.4,1015.6,56,18.6,21.5,1.8,1.1,1.8,2.7,4.4,5.1
22105,2022-11-04,8.7,1018.2,68,14.5,21.3,3.2,2.1,2.8,4.5,5.5,5.9
22105,2022-11-05,4.8,1021.9,49,14.9,21.5,1.9,1.2,1.8,2.9,4.8,5.1
22105,2022-11-06,3.1,1023.4,45,15.9,21.1,1.5,.9,1.2,2.2,4.9,5.5
22105,2022-11-07,3.2,1021.5,51,17.5,20.4,.8,.5,.6,1,4.1,5
22105,2022-11-08,5.2,1023.2,53,18,19.9,1.7,1.1,1.6,2.7,4.5,5.2
22105,2022-11-09,4.2,1022.5,52,19.6,20.1,1.1,.7,1,1.6,3.8,4.7
22105,2022-11-10,4.4,1023.4,61,19.3,20.7,1.3,.8,1,1.6,4.3,4.9
22105,2022-11-11,6.6,1026.4,73,19.4,20.6,1.4,1,1.2,1.7,3.7,4.1
22105,2022-11-12,10,1016.1,83,21.2,20.5,2.2,1.4,2.3,4.2,3.7,4.8
22105,2022-11-13,11.5,1013.4,78,16.6,20.3,5.1,3.2,4.8,8,6.2,7.7
22105,2022-11-14,5.9,1016.5,61,15.1,19.8,4.5,2.7,3,6,7.2,7.8
22105,2022-11-15,8.4,1014.1,52,15.1,19.3,3,1.9,2.6,3.9,5.6,6.8
22105,2022-11-16,5.1,1018,50,15.4,20,1.9,1.2,1.6,2.7,4.8,5.1
22105,2022-11-17,2.7,1023,52,16.4,20.4,1,.6,.9,1.5,4.5,4.7
22105,2022-11-18,4.4,1025.7,53,18.1,20.4,.8,.5,.9,1.3,3.8,4.9
22105,2022-11-19,6.4,1024,58,17.4,20.5,1.5,1,1.2,2,3.8,4.4
22105,2022-11-20,2.2,1020.2,63,17.6,20.1,1.1,.7,1,1.6,4.5,4.9
22105,2022-11-21,3.3,1019.6,60,19.1,19.9,.8,.5,.7,1.3,4.5,4.9
22105,2022-11-22,9.5,1020.8,78,16.9,19.6,3.1,1.9,2.5,4.6,4.9,5.3
22105,2022-11-23,8.3,1015.6,76,16.1,18.7,3.3,2,2.5,4.6,5.1,5.8
22105,2022-11-24,4.3,1019.2,72,16.4,19.1,2.2,1.4,2.6,4.9,5,5.9
22105,2022-11-25,10,1014.5,52,19.2,19.9,2.4,1.6,2.3,4,4,4.5
22105,2022-11-26,7.1,1014.1,48,16.5,19.5,2.7,1.6,2.2,4,5.2,6.3
22105,2022-11-27,5,1020.1,59,15.7,19.7,1.8,1.2,1.6,2.5,4.8,5.8
22105,2022-11-28,10.1,1015.4,83,19.8,20,2,1.4,2.3,3.8,3.6,4.5
22105,2022-11-29,9.7,1010.5,70,17.8,19.9,3.3,2.1,3.2,4.8,5.4,6.8
22105,2022-11-30,9.8,1024.3,59,5.9,19.7,5,3.1,4.7,7.4,6.5,7.4
22105,2022-12-01,9.4,1026.6,63,4.3,19.3,3.4,2.2,2.5,4.1,5.6,6.2
22105,2022-12-02,6.1,1027.5,52,5.6,19.1,2.5,1.6,2.5,4.1,5.3,5.8
22105,2022-12-03,6.3,1022.6,54,10.7,19.6,1.6,1,1.5,2.3,3.7,4.3
22105,2022-12-04,7.8,1025.9,55,8.3,19.2,3.1,1.9,2.6,4.7,5.6,6.2
22105,2022-12-05,7.4,1024.6,59,7.6,18.3,2.3,1.4,1.7,2.8,5,5.5
22105,2022-12-06,9,1020.1,56,7.7,18.7,2.7,1.7,2.1,4.1,4.8,5.4
22105,2022-12-07,9.6,1019.5,51,10.8,18.8,3.2,2,2.4,4.8,5.1,5.6
22105,2022-12-08,5.9,1023.3,47,11.6,18.2,2.4,1.5,2.1,3.5,5.1,5.5
22105,2022-12-09,4.9,1020.9,49,12.3,17.1,1.3,.9,1.1,1.8,4.2,4.9
22105,2022-12-10,5.5,1018.1,53,12,17.4,1.2,.8,1.1,1.9,3.9,4.4
22105,2022-12-11,7.2,1021.1,79,9.3,17.2,3,1.9,2.3,3.7,5.2,5.8
22105,2022-12-12,7.3,1017.5,66,12.1,17.4,2,1.4,1.8,2.8,4.3,5.6
22105,2022-12-13,10.9,1012.8,59,9,18.2,3.1,1.9,2.8,4.9,4.8,5.7
22105,2022-12-14,12.1,1020.3,66,1.7,18.3,4.9,3,4.4,7.6,6.2,6.8
22105,2022-12-15,9.5,1021.6,65,5.5,17.7,3.3,2,2.9,5.2,5.1,6.3
22105,2022-12-16,7,1025.5,55,5.7,16.7,3.2,2,2.9,4.5,5.8,6.5
22105,2022-12-17,10.1,1020.5,54,3.1,16.4,3.5,2.2,3.3,6.5,5.4,6.2
22105,2022-12-18,11.3,1017.1,59,.5,17.7,4.1,2.6,3.1,5.1,5.5,5.9
22105,2022-12-19,10.2,1021.9,56,2.7,16.8,3.7,2.4,2.6,4.6,5.3,5.7
22105,2022-12-20,4,1024.6,44,5.9,16.9,2,1.3,2.1,3.3,5.2,5.6
22105,2022-12-21,8.3,1009.9,65,9.8,16.4,1.9,1.2,2.2,3.3,4,5.1
22105,2022-12-22,12.1,1001.7,56,2.9,16,4.1,2.4,4,7.6,5.3,6.9
22105,2022-12-23,10.3,1003.4,75,-.7,15.4,5.7,3.6,4.6,7.4,7.1,8.3
22105,2022-12-24,9.8,1013.7,79,7,15.1,7.2,4.7,5.5,8.9,8.1,8.7
22105,2022-12-25,6.8,1017.5,67,8.4,15,5.1,3.2,3.7,5.9,7.5,8.7
22105,2022-12-26,5.1,1022.5,82,7,14.9,3.9,2.5,2.8,4.8,6.6,7
22105,2022-12-27,4.5,1025.1,60,8.9,14.6,2.8,1.8,2.3,3.8,6.4,7
22105,2022-12-28,8.5,1024.7,50,7,14.4,2.9,1.9,2.3,3.9,5.2,5.9
22105,2022-12-29,8.9,1028.3,52,5.3,14.4,3.6,2.3,2.8,4.6,5.5,6.1
22105,2022-12-30,4.8,1028.4,50,7,14.5,2.1,1.3,2,3.2,4.9,5.3
22105,2022-12-31,7.1,1025.8,52,7.1,14.4,2,1.3,1.7,2.8,4.3,4.7
22105,2023-01-01,9.3,1025,46,9.3,14.1,3.2,2,2.5,4.2,5.1,5.8
22105,2023-01-02,5.6,1026.3,50,6.7,14.1,2.7,1.7,2.6,4.3,5.7,6.3
22105,2023-01-03,6.5,1024.4,47,7.1,14.1,2.4,1.5,1.9,3.1,5,5.4
22105,2023-01-04,7.5,1026.4,43,6.8,14,3.2,2,2.4,4.2,5.5,6.2
22105,2023-01-05,5.7,1027.3,44,8.3,13.9,2.4,1.5,1.7,3.2,5.2,5.6
22105,2023-01-06,3.9,1020.6,43,10,14.3,1.4,.9,1.1,1.7,4.7,5.5
22105,2023-01-07,8.7,1014.9,68,9.2,14,2.2,1.3,2.2,4.6,4.3,5.3
22105,2023-01-08,4,1022.2,47,10.5,13.7,1.5,.9,1.2,2.3,4.7,5.2
22105,2023-01-09,6.3,1021.8,62,11,14.2,1.8,1.1,1.8,3.6,4.3,5.5
22105,2023-01-10,5.5,1026.8,53,10.9,14,3.3,2.1,2.7,4.1,6,7
22105,2023-01-11,4.4,1022.2,40,14.2,14,1.3,.9,1.5,2,4.2,4.9
22105,2023-01-12,5,1021.3,59,15.6,14.1,1.2,.8,1.2,2,3.9,4.9
22105,2023-01-13,9.7,1011.4,96,14.5,14.6,2.7,1.6,2.6,5.3,4.2,5.3
22105,2023-01-14,10.5,1015,89,8.9,14.1,6,3.8,6.5,10.1,7.3,9.5
22105,2023-01-15,8.2,1015.9,96,5.7,13.8,6,3.9,4.6,7.5,7.8,8.3
22105,2023-01-16,6.8,1020.5,82,5.7,13.9,4.3,2.6,3.2,5.9,6.4,7.3
22105,2023-01-17,6.8,1022.6,59,5.5,13.7,2.7,1.7,2.2,4.1,5.7,6.7
22105,2023-01-18,5.8,1023.7,55,5.8,13.7,2.3,1.5,2,3.2,5.3,6.7
22105,2023-01-19,5,1021.7,46,7.1,13.6,1.9,1.2,1.9,4.2,5.1,7
22105,2023-01-20,9.3,1021,48,6.3,13.5,3.7,2.2,3.8,6.2,5.3,7.1
22105,2023-01-21,4.5,1028,43,4.3,13.7,3.4,2.2,3.1,5.9,6.8,7.8
22105,2023-01-22,2.2,1025.6,52,7.5,13.7,2,1.3,1.6,2.7,6.4,7.1
22105,2023-01-23,6.4,1019.4,57,8.2,13.4,1.7,1,1.6,3,4.4,5.4
22105,2023-01-24,13.2,1018.8,75,-2.3,13.2,6.5,4.1,5.4,8.9,7,8.3
22105,2023-01-25,8.9,1025,65,-1.3,13,4.6,2.9,3.8,6.5,6.3,6.8
22105,2023-01-26,4.7,1022.1,64,2.2,13.2,2.3,1.5,2.2,3.9,5.5,5.9
22105,2023-01-27,10.6,1016.3,64,2.5,13.2,3.1,2,2.8,4.4,4.6,5.6
22105,2023-01-28,9.9,1017.6,54,1.4,13.1,4.4,2.7,3.3,5.6,5.7,6.3
22105,2023-01-29,7.4,1016.6,55,4.6,12.8,2.4,1.6,2.3,3.8,4.7,5.7
22105,2023-01-30,8.2,1019.7,52,5.1,12.5,3.5,2.2,2.9,5.1,5.6,6.3
22105,2023-01-31,5.7,1016.6,44,9.2,12.5,1.9,1.2,1.5,2.4,4.6,5.7
22105,2023-02-01,10.2,1015.2,52,9.4,12.4,3.4,2.1,3.3,5.3,4.9,6.1
22105,2023-02-02,6.2,1024.6,56,5.2,12.4,2.8,1.9,2.6,4,5.4,5.9
22105,2023-02-03,2.1,1021.3,57,7,12.3,1.5,1,1.3,2.1,5.4,6.2
22105,2023-02-04,6.9,1021.6,46,6.4,12.1,2.1,1.3,1.7,3.5,4.4,4.9
22105,2023-02-05,2.9,1022.7,40,8.9,11.8,1.2,.7,1,1.7,4.5,4.9
22105,2023-02-06,3.3,1021.1,52,11.2,12,1,.6,.8,1.2,4.3,4.7
22105,2023-02-07,6.2,1020.5,71,10.3,12.2,1.4,.9,1.5,2.4,3.8,4.5
22105,2023-02-08,6,1024.2,61,9.1,11.9,1.6,1.1,1.2,2.1,4,4.8
22105,2023-02-09,4.2,1028.8,51,9.2,11.5,1.4,.9,1.6,2.4,4.2,5.6
22105,2023-02-10,6.4,1019.5,87,8.2,11.5,2.9,1.8,2.2,4.6,4.9,5.6
22105,2023-02-11,4,1021.9,63,10.3,10.6,1.3,.8,1.2,1.8,4.3,4.9
22105,2023-02-12,5.6,1021.6,68,10.4,10.5,1.4,.8,1.9,4.2,3.9,4.6
22105,2023-02-13,8.9,1019.6,68,6.8,10.6,3.3,2.1,2.2,4.4,4.9,5.1
22105,2023-02-14,7.4,1022.9,84,3.9,11.3,3,1.9,2.7,4.5,5,5.5
22105,2023-02-15,8.3,1031.1,73,3.2,11.5,3.4,2.1,2.4,4.4,5.3,6
22105,2023-02-16,6.4,1029,62,7.8,11.8,2.5,1.6,2,3.4,5.3,6.7
22105,2023-02-17,4.4,1025.8,51,10.7,11.8,1.7,1,1.3,2.1,4.6,5.3
22105,2023-02-18,1.7,1019,59,11.6,11.7,.7,.5,.8,1.1,3.8,4
22105,2023-02-19,9.3,1013.5,53,11,11.7,2.4,1.5,2.9,5.3,4.3,5.6
22105,2023-02-20,10.6,1022.6,50,5.6,11.3,4.3,2.7,3.6,6.6,5.6,6.3
22105,2023-02-21,6,1033.4,61,3.8,11.2,3.3,2.2,2.8,4.9,5.5,6
22105,2023-02-22,7.1,1027.6,50,9.1,11.1,2.2,1.4,1.7,3.2,4.7,6.7
22105,2023-02-23,4.1,1020.8,54,10.1,10.9,1.6,1.1,1.4,2.4,4.3,5
22105,2023-02-24,7.8,1022.1,62,8.1,11,2.6,1.6,2.5,4.4,4.7,5.8
22105,2023-02-25,5.1,1030,73,4.7,11.6,2.7,1.8,2.6,4.2,5.6,6.3
22105,2023-02-26,4.4,1034.6,52,8.7,11.9,1.6,1,1.3,2.3,5,5.7
22105,2023-02-27,7.9,1030.6,61,12.5,12,1.9,1.2,1.8,2.8,3.6,4.3
22105,2023-02-28,7.1,1022.7,53,13.7,11.7,2,1.3,1.5,3.2,4.1,4.9
22105,2023-03-01,5,1018.8,69,10.2,11.4,2,1.2,2.2,3.9,5,5.6
22105,2023-03-02,8.4,1023.9,51,6.5,11.2,3.9,2.4,4.3,7.4,6,7.3
22105,2023-03-03,4.3,1024,50,10.8,11.2,1.4,.9,1.2,1.9,4.5,4.9
22105,2023-03-04,3.6,1028.6,64,12.1,11.6,.8,.5,.8,1.2,3.9,4.7
22105,2023-03-05,6.6,1026.6,67,12.3,11.8,1.3,.8,1.5,2.2,3.5,3.9
22105,2023-03-06,5.1,1020.5,72,14.2,11.9,1.4,.9,1.6,2.9,3.7,4.1
22105,2023-03-07,4.7,1018,74,14.9,11.9,1.2,.8,1.2,1.9,3.8,4.2
22105,2023-03-08,4.7,1017.1,66,16.1,12,1.5,1,1.3,2.1,4.1,4.6
22105,2023-03-09,3.5,1014.8,91,12.5,11.9,1.2,.8,.9,1.5,4.3,5.1
22105,2023-03-10,6,1020.2,91,12.8,13.6,1.6,1,1.7,3.3,4.2,4.7
22105,2023-03-11,4.6,1021.9,98,12.8,13.9,1.6,1,1.6,2.2,4.3,4.7
22105,2023-03-12,7.4,1016.1,87,11.3,13.6,2.4,1.5,2.3,4.1,4.5,5.4
22105,2023-03-13,8.9,1019.2,46,6.7,12.8,4.3,2.8,3.4,5.6,6.1,7.5
22105,2023-03-14,8.9,1017.6,53,13.1,12.6,2.5,1.6,2.3,3.6,4.4,5.1
22105,2023-03-15,9.3,1017.1,75,15.4,12.6,2.8,1.7,2.3,3.9,4.5,5.5
22105,2023-03-16,7.7,1025.9,52,9.4,12.1,3.5,2.2,4.3,6.5,5.3,6.6
22105,2023-03-17,3,1024.3,57,9.9,12.6,1.4,.9,1.2,1.9,4.6,5.2
22105,2023-03-18,2.9,1017.9,64,12.3,14.7,.8,.5,.7,1,4.2,4.7
22105,2023-03-19,4.6,1018,61,14,14.8,.9,.6,.9,1.5,3.5,4
22105,2023-03-20,5.3,1014.2,68,15.8,14.9,1.3,.8,1.4,2.5,3.7,4.3
22105,2023-03-21,3.1,1012.7,79,15,12.5,.9,.6,1,1.3,3.7,4.2
22105,2023-03-22,7.5,1010.8,97,15.1,12.4,1.4,.9,1.3,2.3,3.2,3.7
22105,2023-03-23,6.4,1007.4,98,13.9,12.5,1.5,.9,1.7,2.8,3.8,4.7
22105,2023-03-24,7.5,1018.3,72,10.3,12,3.1,1.9,2.5,4.4,5.2,6.1
22105,2023-03-25,5.2,1020.7,69,10,12.1,2,1.4,2.2,3.6,4.8,6.1
22105,2023-03-26,5.1,1016.6,72,11.1,12.1,1.5,1,1.4,2.1,4.6,5.2
22105,2023-03-27,3.4,1020.6,67,11.6,14.5,1,.6,1,1.3,4.1,4.7
22105,2023-03-28,4.5,1023.2,63,14.1,13.9,.8,.5,.9,1.4,3.3,3.8
22105,2023-03-29,4.7,1021.4,80,14.7,13.7,1,.7,1,1.7,3.3,3.6
22105,2023-03-30,4.4,1016.8,74,16.7,13.9,1,.6,.9,1.8,3.3,3.5
22105,2023-03-31,3.4,1017.8,84,15.3,14,.9,.6,.8,1.2,3.7,4.4
22105,2023-04-01,4.6,1018.7,86,15.1,14.4,.9,.5,1,1.7,3.1,3.5
22105,2023-04-02,3.8,1022.6,84,14.3,13.7,1.6,1,1.3,2.3,4.4,5
22105,2023-04-03,2.7,1025.8,80,14.1,14.3,1.6,1,1.3,1.9,4.8,5.2
22105,2023-04-04,7.2,1021.4,89,14.8,14,1.5,1,1.3,2,3.8,4.7
22105,2023-04-05,11.8,1010.8,96,16,13.8,4.2,2.6,4.1,7.2,5,6.5
22105,2023-04-06,2.7,1007.2,86,15.4,14,2.6,1.7,3,4.6,5.4,6.5
22105,2023-04-07,6.6,1009.7,62,14.4,13.6,1.7,1.1,1.5,2.6,4.4,5.2
22105,2023-04-08,8.5,1014.7,49,12.7,13,3.7,2.4,3.2,5.1,5.8,6.3
22105,2023-04-09,5.7,1016.5,54,15.1,13.3,1.6,1,1.4,2.2,4.3,5.6
22105,2023-04-10,7,1012.5,66,16.3,13.1,2.2,1.4,2,3.3,4.3,5
22105,2023-04-11,8.7,1006.5,71,17.7,13.3,3.6,2.3,3,4.5,5.3,6.2
22105,2023-04-12,7.9,1013.7,45,14.8,13.4,3.1,1.9,3,5,5.2,6.3
22105,2023-04-13,4.8,1015,66,16.3,13.1,1.6,1,1.3,2.2,4.2,4.8
22105,2023-04-14,2.8,1012.9,84,16.6,14.2,1.1,.7,.9,1.5,3.9,4.7
22105,2023-04-15,6.6,1004.3,93,13.7,13.9,1.8,1.1,2,3.2,4,5
22105,2023-04-16,5.1,1005.5,78,12.3,14.1,2.2,1.4,1.8,3.2,5,6.3
22105,2023-04-17,,,,,,,,1.7,2.7,,6.7
22105,2023-04-19,,,,,,,,1.1,2,,5.6
22105,2023-04-20,5,1006.6,92,18.1,14.8,1.2,.8,1.2,1.9,3.6,3.9
22105,2023-04-21,6.2,1015.1,53,15.1,14.6,2.5,1.5,2.2,4.2,4.5,5.6
22105,2023-04-22,4,1022.1,55,14.3,15,1.6,1,1.3,2.6,4.4,5.1
22105,2023-04-23,4.7,1025,57,14.7,15.5,1.3,.9,1.2,2,4,4.4
22105,2023-04-24,6.2,1025.6,57,14.8,16,1.9,1.1,1.5,2.4,4.2,4.8
22105,2023-04-25,6.3,1015.2,68,14.2,16.1,2.1,1.3,1.6,2.7,4.5,5.3
22105,2023-04-26,5.6,1011.4,63,14.9,16,1.4,.9,1.2,2,3.6,5.1
22105,2023-04-27,7.3,1019.1,80,15.9,15.3,1.8,1.1,1.9,3.3,4,4.5
22105,2023-04-28,6.9,1014.3,85,17.8,15.3,2.3,1.5,2.3,3.7,4.3,5.1
22105,2023-04-29,8.6,1004.1,86,17.9,15.3,2.6,1.7,2.4,3.7,4.5,5.3
22105,2023-04-30,6.1,1006.7,69,16.8,15.4,2.3,1.5,2,3.3,4.8,5.5
22105,2023-05-01,8,1015.4,63,16,15.4,2.1,1.4,2.1,4.5,4.3,4.9
22105,2023-05-02,7,1022.5,83,17.3,15.5,1.4,.9,1.5,2.4,3.4,4
22105,2023-05-03,7.1,1019.4,85,18.1,15.6,1.9,1.2,1.5,2.5,3.9,4.5
22105,2023-05-04,8.3,1013.8,87,18.5,15.6,2.3,1.5,2.3,4.2,4.2,4.9
22105,2023-05-05,10.9,1005.5,98,17.4,15.6,3.4,2.1,2.6,4.6,4.8,5.5
22105,2023-05-06,10.5,1009.9,92,14.3,15.6,4,2.5,3.3,5.4,5.4,6
22105,2023-05-07,8.5,1013.6,74,15.5,15.8,2.7,1.7,1.8,3.5,4.6,4.9
22105,2023-05-08,6.1,1015.9,66,16.3,15.8,2.2,1.3,1.7,2.9,4.8,6
22105,2023-05-09,5.8,1013.1,79,18.5,15.9,1.6,1,1.6,2.5,4,4.5
22105,2023-05-10,5,1016.7,81,17.6,16,1.2,.8,1.2,1.7,3.5,4.2
22105,2023-05-11,5.9,1020.4,78,17.3,15.8,1.4,1,1.2,2,3.8,4.1
22105,2023-05-12,5.7,1016.5,91,17.6,15.7,1.8,1.2,1.3,2.2,4.3,4.6
22105,2023-05-13,8.5,1012.5,90,17.7,15.7,2.6,1.6,2,3.8,4.5,4.8
22105,2023-05-14,3.2,1008.9,97,17.9,16.2,1.3,.8,1.4,2.2,4.2,4.5
22105,2023-05-15,4.3,1007.6,94,18.2,16.4,1,.6,1,1.5,3.6,4.1
22105,2023-05-16,4,1008.3,88,20.1,16.5,1.1,.7,.9,1.6,3.9,4.4
22105,2023-05-17,4.8,1011.4,78,21,16.7,1.1,.7,1,1.7,3.9,4.5
22105,2023-05-18,2.5,1011.8,88,19.8,16.9,.8,.5,.8,1.7,3.9,4.5
22105,2023-05-19,5.5,1011.2,94,18.2,17.1,1.1,.7,1.1,1.7,3.6,3.9
22105,2023-05-20,5.2,1009.9,89,18.5,17.1,1.2,.8,1.5,2.6,3.7,4.3
22105,2023-05-21,2.6,1006.6,86,20.4,17.5,1.3,.8,1.6,2.5,4.1,4.6
22105,2023-05-22,4,1008.3,92,18.8,17.2,1.2,.8,1.2,1.7,3.7,4.4
22105,2023-05-23,4.4,1010.7,83,18.5,17.3,.7,.5,.6,1,3.1,3.4
22105,2023-05-24,5.5,1015,85,18.7,17.5,.9,.6,.9,1.4,3.7,4.4
22105,2023-05-25,6.8,1016.4,90,19.2,17.7,1.3,.8,1.1,1.8,3.9,4.2
22105,2023-05-26,5.7,1017.5,91,20,17.9,1.5,1,1.4,2.2,4,4.7
22105,2023-05-27,2.4,1017.4,97,20.6,18.3,1.1,.7,1.1,2.2,4.2,4.9
22105,2023-05-28,6,1012.5,98,20.4,18.8,1.5,1,1.4,2.3,4.1,4.7
22105,2023-05-29,2.7,1011.7,99,19.4,18.5,.6,.4,.9,1.6,3.9,4.5
22105,2023-05-30,3.4,1013,92,19.4,18.8,.4,.3,.3,.6,3.4,4.3
22105,2023-05-31,4.8,1012.3,82,20.1,18.7,.9,.6,1,1.7,3.5,3.8
22105,2023-06-01,7.3,1005.3,90,20.8,18.8,1.8,1.2,1.5,2.4,3.9,4.2
22105,2023-06-02,3.7,1001.3,87,21,19.2,1.2,.7,1.3,2.1,3.9,4.3
22105,2023-06-03,4.9,1006.2,82,21.4,19.7,1.1,.7,1,1.9,3.7,4.3
22105,2023-06-04,3.9,1008.1,79,22.9,20.2,.7,.5,.7,1.1,3.3,3.5
22105,2023-06-05,3.8,1008.1,83,23.1,20.4,.7,.5,.6,1,3.9,4.9
22105,2023-06-06,5.4,1005,85,22.5,20.3,1.2,.8,1.6,2.8,3.4,4.8
22105,2023-06-07,4,1006.8,86,22.8,20.4,1.1,.7,1.3,2.1,3.7,4.7
22105,2023-06-08,7.2,1003.2,90,22.3,19.9,1.8,1.2,2.2,3.8,3.8,4.8
22105,2023-06-09,4.8,1003.8,92,21.6,20.1,1.4,.9,1.7,3.1,3.9,4.4
22105,2023-06-10,6.6,1006.2,99,21.6,19.7,1.5,1,1.2,2.2,3.7,4.5
22105,2023-06-11,3.1,1006.4,99,21.3,20.1,1.3,.9,1,1.6,4.3,4.8
22105,2023-06-12,3.4,1006.2,99,21.1,20.3,.9,.6,.8,1.1,4.2,5
22105,2023-06-13,2.9,1004.6,97,21.6,20.8,.8,.5,.7,1.1,3.9,4.8
22105,2023-06-14,3.7,1006.6,96,21.7,20.9,.6,.4,.6,1,3,3.4
22105,2023-06-15,3.4,1008.4,94,22.1,20.9,.6,.4,.5,.8,3,3.4
22105,2023-06-16,3.7,1011.2,96,23.4,21.5,.4,.3,.6,.9,2.9,3.5
22105,2023-06-17,3,1010,94,24.6,22.2,.7,.5,.9,1.5,3.1,3.7
22105,2023-06-18,2.5,1007.3,96,24.8,22.9,.6,.4,.7,1.2,3.5,3.8
22105,2023-06-19,4.7,1009.1,91,24,22.8,1.1,.7,.8,1.4,4,4.4
22105,2023-06-20,6.7,1007.7,84,23.4,22.4,1.6,1,1.3,2.2,3.9,4.7
22105,2023-06-21,6.8,1001.9,97,22.4,21.8,2.2,1.3,2.2,4.1,4.4,5.1
22105,2023-06-22,4.3,1003,94,21.8,21.6,2.4,1.5,2.2,4,5.6,6.1
22105,2023-06-23,7.2,1009.9,91,22.4,21.3,2.6,1.6,2.1,3.6,5.4,6.1
22105,2023-06-24,3.3,1015.6,91,22.8,21.9,1.4,.8,1.3,2.2,5.1,5.4
22105,2023-06-25,6.5,1013.9,95,23.4,21.5,1.2,.8,.9,1.4,3.3,3.9
22105,2023-06-26,6,1008.6,99,23.9,21.8,1.6,1,1.5,2.4,3.7,4.8
22105,2023-06-27,7.3,1006.5,92,25.3,22.4,2.2,1.4,2,3.5,4.2,4.6
22105,2023-06-28,4.7,1005.8,93,24.7,21.7,1.3,.8,1,1.5,3.6,3.8
22105,2023-06-29,6.3,1001.1,97,23.8,21.2,1.3,.9,1.6,2.3,3.7,4.4
22105,2023-06-30,3.7,1001.8,99,21.8,20.1,1.5,1,1.4,2.2,4.6,4.9
22105,2023-07-01,4.4,1005.6,98,23.6,22.3,1.4,.9,1.6,2.4,4.9,6.6
22105,2023-07-02,3.2,1007.6,97,24.6,22.4,1.4,.9,1.5,2.4,4.9,5.7
22105,2023-07-03,3.7,1007.6,99,24.5,23.1,.9,.6,.7,1.2,4.3,5
22105,2023-07-04,7.9,1002.4,99,24.6,23,1.3,.8,1.4,2.3,3.2,3.7
22105,2023-07-05,8.2,992.3,91,24.9,22.2,2.4,1.5,2.3,3.9,4.4,4.9
22105,2023-07-06,5.6,999.7,85,25.3,21.5,1.7,1.1,1.5,2.2,4.1,5.1
22105,2023-07-07,6.3,1003.2,96,23.1,21.1,1.5,1,1.9,3.2,3.8,4.5
22105,2023-07-08,2,1004,99,22.5,20.9,1.2,.8,1.2,1.9,4.6,5.1
22105,2023-07-09,4.6,1003.2,99,23.6,21.4,1,.7,.8,1.4,4.1,4.8
22105,2023-07-10,6.2,1002.7,97,25.6,21.9,1.4,.9,1.5,2.4,3.6,4.5
22105,2023-07-11,7.3,1004.1,97,25.4,22.9,1.8,1.2,2,3.1,4,4.8
22105,2023-07-12,2.8,1004.8,98,25.5,23.3,.9,.6,1.3,2,3.6,4.2
22105,2023-07-13,3.8,1005.1,99,24.7,22.8,.7,.4,.7,1.1,3.5,4.1
22105,2023-07-14,11.4,998.2,99,23.7,20.3,2.6,1.7,2.4,3.8,4.2,5
22105,2023-07-15,6.8,1000.9,99,22.1,19.5,2,1.3,1.7,2.9,4.2,4.5
22105,2023-07-16,6.9,1006.5,99,22.1,19.2,1.5,1,1.2,1.9,3.6,4
22105,2023-07-17,3,1011.1,99,22.7,19.5,1.6,1,1.2,2.3,4.9,5.8
22105,2023-07-18,3.1,1011.3,99,22.3,19.7,1,.7,1,1.8,4.9,5.7
22105,2023-07-19,2.3,1008,99,22.4,19.5,.8,.5,.7,1.2,4.2,4.8
22105,2023-07-20,3.4,1009.6,99,23.7,21.4,.8,.5,.7,1.2,4,5.2
22105,2023-07-21,4.9,1014,99,25.8,24.2,.5,,.4,.7,2.9,3.5
22105,2023-07-22,7,1014.3,99,26.2,24.3,.9,.6,1.1,1.7,2.8,3.3
22105,2023-07-23,9.7,1008.5,99,25.8,22.5,2,1.3,1.6,2.8,3.5,3.9
22105,2023-07-24,6.8,1008.2,99,25.2,22.4,1.6,1,1.5,2.5,3.5,3.8
22105,2023-07-25,4.8,1011.6,99,25,22,1,.7,.8,1.4,3.4,3.7
22105,2023-07-26,4.5,1013.9,99,25.1,21.8,.7,.5,.7,1.1,3.1,3.3
22105,2023-07-27,3.2,1013.8,99,25.9,22.6,.4,.3,.5,.7,3.8,5.3
22105,2023-07-28,3.7,1013.8,99,26.8,23.7,.5,.4,.6,1.1,3.3,3.7
22105,2023-07-29,3.7,1014.1,99,27.1,24.9,.7,.5,.5,.9,3.6,4.5
22105,2023-07-30,3.7,1013.1,99,26.9,24.4,.8,.5,.6,1.3,3.4,3.7
22105,2023-07-31,2,1012.1,97,27.4,23.4,.7,.5,.7,1.1,3.3,3.6
22105,2023-08-01,2.8,1011,99,28.3,25.9,.5,.3,.6,.8,3.3,4.2
22105,2023-08-02,6.6,1006.7,99,27.9,24.3,1.2,.8,1.1,1.7,3.2,3.6
22105,2023-08-03,5.7,1004.6,98,27.8,24.6,1.2,.8,1.3,2,3.5,3.7
22105,2023-08-04,4.5,1003.2,99,27.6,24.5,1,.7,.9,1.5,3.5,4.1
22105,2023-08-05,4,1000.2,99,28.2,25.2,.9,.6,.8,1.2,3.2,4.4
22105,2023-08-06,3.9,999.7,99,29.8,28.4,1.6,1,1.2,2.4,6,6.9
22105,2023-08-07,6.6,1000.8,99,29,28.2,3,1.9,2.6,4.2,6.2,6.9
22105,2023-08-08,8.4,1004.4,99,27.1,27.9,4.1,2.5,2.8,5.2,6.2,6.5
22105,2023-08-09,8.4,1004.9,99,27.1,27.1,3.8,2.3,2.9,4.6,6,6.7
22105,2023-08-10,10.7,995.4,99,27.3,24.8,5.2,3.2,4.8,9,6,7.1
22105,2023-08-11,8.6,1000.5,99,26.4,22.9,3.1,2,3.1,4.8,5.1,6.2
22105,2023-08-12,3.3,1004.6,99,26,24.3,2,1.3,1.4,2.4,5.6,6.8
22105,2023-08-13,3.2,1006.2,99,25.4,25.1,2.2,1.4,1.7,3.2,6.6,7.3
22105,2023-08-14,6,1007.1,99,26.4,25.9,2.5,1.6,1.8,3.3,6.2,6.7
22105,2023-08-15,9.6,1005.1,99,25.6,25.4,3.6,2.2,2.6,4.4,6,6.3
22105,2023-08-16,8,1004.2,99,25,24.5,3.6,2.2,2.6,5,6,6.3
22105,2023-08-17,3.1,1006.5,99,25.9,24.7,2.3,1.4,1.7,2.7,6.4,6.9
22105,2023-08-18,2.2,1008.4,99,26.6,25.2,1.3,.9,1.1,1.8,6,6.5
22105,2023-08-19,1.7,1010.5,99,27.4,26.1,.7,.5,.6,.9,5.3,6
22105,2023-08-20,2.4,1011.8,99,26.7,25.3,.5,.3,.4,.8,4.4,4.8
22105,2023-08-21,4.1,1008.7,99,27.2,24.6,.6,.4,.8,1.5,3.6,4.4
22105,2023-08-22,6.9,1005.1,99,27.2,23.5,1.4,.9,1.2,2.1,3.4,3.8
22105,2023-08-23,6.4,1006.3,99,26.6,23.6,1.4,.9,1.4,2.2,3.6,4
22105,2023-08-24,4.1,1008.2,99,24.6,23.1,1.3,.8,1.2,1.9,4,5.1
22105,2023-08-25,3.8,1006.3,99,25.5,23.6,1.8,1.1,1.6,2.6,4.5,5.2
22105,2023-08-26,2.3,1009.4,99,26.4,24.3,.8,.5,.8,1.3,4.1,4.4
22105,2023-08-27,4.7,1009.9,99,27.1,27,.6,.4,.5,.9,3.5,4.2
22105,2023-08-28,5.8,1009.4,99,26.9,26.1,1.3,.8,1,1.7,3.6,4
22105,2023-08-29,8.6,1006.3,99,28.9,26.4,2.2,1.4,2.2,3.7,4,4.9
22105,2023-08-30,7.6,1008.1,99,27.9,26.2,2.2,1.5,1.8,2.7,4.4,4.9
22105,2023-08-31,3.7,1010.2,96,25.1,26.3,1.6,1,1.4,2.3,4.8,5.4
22105,2023-09-01,3,1011.4,93,26.5,26.1,1.5,.9,1.2,2.4,5.1,6.3
22105,2023-09-02,2.7,1013.1,86,27.2,26.2,.7,.5,.7,1,4,4.5
22105,2023-09-03,4.4,1013.4,99,27.2,26.5,.9,.6,.8,1.4,3.2,3.6
22105,2023-09-04,4.5,1013.3,97,27.6,26.8,.9,.6,.8,1.3,3.3,3.5
22105,2023-09-05,5.4,1012.7,87,27.6,25.9,1.6,1.1,1.4,2.3,4.2,4.8
22105,2023-09-06,7.6,1012.8,88,27,26.3,2.1,1.4,1.5,2.7,4.3,4.7
22105,2023-09-07,6.6,1015.7,81,26.4,25.7,2.1,1.4,1.8,3.3,4.4,5
22105,2023-09-08,3.7,1013.8,72,26.1,25.2,1.6,1,1.2,2.1,4.6,4.9
22105,2023-09-09,2.7,1012.1,76,25.7,25.2,1.4,.9,1,1.8,5.2,6
22105,2023-09-10,1.1,1011.6,79,26,26,1,.6,.7,1.3,5,5.3
22105,2023-09-11,2.7,1009.6,93,27.1,26.4,.7,.4,.5,.8,4,4.9
22105,2023-09-12,3.7,1010.7,95,28.1,26.5,.7,.5,.7,1.1,3.1,3.4
22105,2023-09-13,6.6,1012,98,26,26.2,1.3,.8,1.3,2.2,3.6,4.3
22105,2023-09-14,6.6,1013.4,96,25.7,26.1,2.1,1.3,1.9,3.2,4.5,5.1
22105,2023-09-15,5.9,1014.5,97,26.3,26.2,2.3,1.4,1.6,3.1,5,5.5
22105,2023-09-16,3.1,1012.8,99,26.5,26.3,1.2,.8,1.2,1.8,4.5,5
22105,2023-09-17,5.3,1010.6,98,26.8,26.6,1.4,.9,1.2,2,3.8,5
22105,2023-09-18,5.8,1011.4,99,27.8,26.5,1.6,1,1.3,2.4,4.1,5.3
22105,2023-09-19,4.1,1012.3,79,28.1,26.4,1,.7,1,1.7,3.8,4.4
22105,2023-09-20,9.1,1011.6,89,25.5,26.5,2.9,1.7,3.6,6.5,4.7,6.5
22105,2023-09-21,9.5,1011,79,23.1,26.1,4.4,2.9,4,6.6,6.1,6.6
22105,2023-09-22,2.6,1015.8,63,24.1,25.9,2.1,1.4,2,3.2,5.8,6.3
22105,2023-09-23,5.5,1020.7,69,24.6,25.9,1.5,1,1.6,2.5,4.6,5.3
22105,2023-09-24,6.1,1021.7,65,23.8,25.8,2,1.3,1.5,2.9,4.6,5.3
22105,2023-09-25,1.9,1017.6,68,25,25.3,1.5,1,1.1,2.3,4.7,5
22105,2023-09-26,3.4,1014.1,97,23.2,24.9,.9,.6,.8,1.3,3.8,4.7
22105,2023-09-27,4,1010.6,98,24.5,25.4,1,.7,.8,1.4,3.5,3.7
22105,2023-09-28,3.1,1011.4,84,26.3,25.4,.7,.4,.6,.9,3.8,4.3
22105,2023-09-29,3.9,1013.3,68,25.5,25.1,1,.7,.9,1.6,3.8,4.5
22105,2023-09-30,5.1,1009,66,24.8,24.9,.8,.6,1.2,1.5,3.3,4.3
22105,2023-10-01,6.9,1012.1,58,23.5,24.8,2.4,1.5,2,3.4,4.8,6
22105,2023-10-02,5.3,1017.1,50,23.4,24.6,1.7,1.1,1.2,2.1,4.3,4.9
22105,2023-10-03,3.9,1017.4,60,23.9,24.5,.8,.6,.8,1.2,3.5,4.3
22105,2023-10-04,6.1,1011.2,59,24.2,24.4,1.2,.8,1.6,2.9,3.5,4.1
22105,2023-10-05,10.7,1012.5,57,20.2,24,4.3,2.7,3.5,6.1,5.8,6.5
22105,2023-10-06,5.5,1017.6,55,21.2,24,2.6,1.6,2.1,3.6,5.2,5.6
22105,2023-10-07,4.3,1023.2,58,21.5,23.1,2.4,1.5,2.5,3.8,6.2,9.3
22105,2023-10-08,4.8,1024.1,63,21.1,22.2,2.3,1.5,1.8,3.1,5.5,5.9
22105,2023-10-09,4.7,1019.1,72,21.3,22.1,1.7,1.1,1.3,2.2,5,6.1
22105,2023-10-10,7.8,1019.7,72,21.2,22.5,2.2,1.3,1.7,3.2,4.2,4.5
22105,2023-10-11,3.6,1024.7,53,21.9,22.7,1.7,1.1,1.4,2.5,4.6,4.8
22105,2023-10-12,2.4,1024,68,21.8,22.3,1.1,.7,.8,1.3,4.8,5.4
22105,2023-10-13,1.6,1017.6,65,22,23,.7,.5,.7,1.2,4.4,4.8
22105,2023-10-14,3.3,1009.2,60,21.7,22.5,.6,.4,.6,1,3.2,3.5
22105,2023-10-15,5.6,1007.8,64,21.5,22.7,1.2,.8,1,1.8,3.5,3.7
22105,2023-10-16,5.7,1013.1,72,20.9,22,2.6,1.7,2.5,4.3,5.1,6.7
22105,2023-10-17,3.7,1017.6,67,20.9,21.6,1.5,1,1.5,2.6,4.7,5.6
22105,2023-10-18,4.8,1017.1,65,22.4,21.5,1.3,.9,1.1,2,4.4,5.9
22105,2023-10-19,4.9,1013.7,66,22.2,21.7,1.2,.8,1,1.7,3.8,4.1
22105,2023-10-20,9.8,1012,57,17.9,21.3,3.4,2.1,3.3,6.2,5,6.3
22105,2023-10-21,7.3,1018.2,53,15.7,20.8,3.2,2,2.7,4.3,5.2,5.7
22105,2023-10-22,4.5,1020,52,18.9,20.6,1.4,.9,1.2,2.3,4.5,5.3
22105,2023-10-23,4.1,1021.3,62,20.5,20.6,1.2,.8,1.1,1.6,4.1,4.8
22105,2023-10-24,3.6,1018.6,62,20.3,20.6,.8,.5,.7,1.4,3.5,3.7
22105,2023-10-25,4.8,1016.1,69,21.3,20.6,.8,.5,.8,1.3,3.4,3.7
22105,2023-10-26,3.9,1012.9,67,21.7,20.3,.9,.6,.9,1.5,3.5,4
22105,2023-10-27,7.6,1013.1,72,18.5,19.6,2.6,1.6,2.6,4.7,4.6,5.6
22105,2023-10-28,3.9,1019,61,17.5,19.1,1.6,1,1.7,2.5,4.7,5.3
22105,2023-10-29,4.1,1022.1,62,17.6,19.2,1.6,1,1.3,2.2,4.6,4.9
22105,2023-10-30,4.7,1021.1,70,19.7,19.4,1.3,.8,1,1.7,4.3,5.6
22105,2023-10-31,3.3,1019.5,78,20.6,18.9,.8,.5,.8,1.2,3.7,4.5
22105,2023-11-01,5.5,1016.4,80,21.4,18.8,1.3,.8,1.2,2,3.5,3.8
22105,2023-11-02,5.2,1015.2,82,22,18.9,1.4,.9,1.3,2.3,4,4.4
22105,2023-11-03,5.5,1014,80,21.9,18.9,1.6,1,1.2,2.1,3.7,4.1
22105,2023-11-04,7.3,1022.2,90,19.7,18.7,3.1,1.9,2.7,4.3,5.3,6.7
22105,2023-11-05,6.3,1019.1,97,21.3,18.7,2.7,1.8,2.3,3.6,5,5.5
22105,2023-11-06,12.9,1002.7,77,20.5,18,4.1,2.6,3.8,6.1,5.2,6.1
22105,2023-11-07,7.3,1015.1,51,15.5,17.3,3.7,2.3,3.1,5.3,5.5,6.3
22105,2023-11-08,3.4,1022.2,66,17.4,17.4,2.2,1.5,1.9,2.9,6.2,7.4
22105,2023-11-09,7.7,1018,82,18.8,17.6,2,1.3,1.6,2.5,4.4,5.1
22105,2023-11-10,10.1,1019.9,69,14.9,17,3.6,2.2,3.6,6.1,5,6.6
22105,2023-11-11,7,1024.9,66,11.9,17.2,3.6,2.2,2.8,4.9,5.9,6.7
22105,2023-11-12,9.6,1022.5,74,9.9,17,3.9,2.5,3.5,5.3,5.7,7.1
22105,2023-11-13,6.5,1023.3,58,10.4,16.7,4.1,2.6,3.2,5.6,6.4,7.1
22105,2023-11-14,3.6,1023.8,50,12.6,16.1,1.9,1.2,1.7,3.4,5.3,6.6
22105,2023-11-15,4,1026.1,58,13.6,16,1.6,1,1.3,2.1,4.6,5.1
22105,2023-11-16,7.7,1017.9,66,14.4,16.1,1.5,1,1.4,2.4,3.6,5.2
22105,2023-11-17,9.6,1008.9,54,10.6,15.7,2.8,1.8,2.9,4.9,4.4,5.5
22105,2023-11-18,10.4,1009.8,58,9,15.6,4.2,2.5,2.9,5.8,5.4,5.9
22105,2023-11-19,9.5,1013.1,57,13.9,15.6,3,2,2.3,3.8,4.9,5.6
22105,2023-11-20,6.8,1021.4,59,13.2,14.9,3.1,2,3,5.2,5.7,7.1
22105,2023-11-21,4.6,1018.3,66,15.9,14.9,1.5,1,1.6,2.5,4,4.4
22105,2023-11-22,2.6,1014.4,84,17,15.2,1.1,.7,.9,1.4,4,4.4
22105,2023-11-23,7.3,1009.5,65,17.1,15.2,2,1.3,2.1,3.9,3.9,4.5
22105,2023-11-24,10.7,1022.5,53,7.6,15.5,4.9,2.9,3.7,6.7,6,7.1
22105,2023-11-25,4.9,1030.2,63,6.8,16.5,3.2,2,2.7,5.7,6.1,7
22105,2023-11-26,5.4,1023.3,52,10.8,17.8,1.8,1.2,1.6,3,4.9,6.9
22105,2023-11-27,8.4,1012.1,64,14.3,16.6,1.8,1.2,1.6,3,3.5,3.9
22105,2023-11-28,11.4,1016,52,9.6,16.8,3.8,2.4,3.2,5.1,5.1,6.1
22105,2023-11-29,8.7,1020.6,55,7.9,18,3.3,2.1,2.9,4.7,5.4,6.3
22105,2023-11-30,6.7,1023.5,64,4.6,17.9,4.2,2.6,3.1,5.7,6.4,7.7
22105,2023-12-01,7.2,1021.4,59,6,17.8,2.4,1.6,1.9,3.3,5,5.8
22105,2023-12-02,7.7,1021.9,54,9.2,17.6,2.3,1.4,1.8,3.1,4.6,5.6
22105,2023-12-03,6,1023.9,57,9.3,17.2,3,2,3,4.4,5.8,6.9
22105,2023-12-04,3.2,1019.2,47,12.5,16.9,1.4,.9,1.6,2.6,4.6,5.3
22105,2023-12-05,2.2,1016.9,59,13.5,16.9,.9,.6,.8,1.6,4.1,4.4
22105,2023-12-06,6,1008.1,64,14.3,16.8,1.2,.8,1.9,2.8,3.5,4.4
22105,2023-12-07,10.4,1012.1,50,12.4,16.7,4.1,2.4,3.9,6.6,5.5,6.3
22105,2023-12-08,9.5,1012.8,65,16.7,16.4,2.6,1.6,2.3,3.8,4.7,5.6
22105,2023-12-09,6.1,1016.5,81,17.8,16.4,2.5,1.6,2.6,4.8,4.9,6
22105,2023-12-10,8.6,1024.3,84,14.9,16.5,2.7,1.7,2.7,4.1,4.6,5.3
22105,2023-12-11,12.9,1020.6,92,12.6,15.9,5.4,3.5,5,7.5,5.9,7
22105,2023-12-12,9.3,1022.1,84,10,15.5,4.9,3,4.5,8.6,6,7
22105,2023-12-13,4.2,1028.9,69,12.2,15.5,2.3,1.4,2.2,3.4,5.3,6.3
22105,2023-12-14,3.7,1025.1,85,13.8,15.7,2.7,1.6,2.3,3.9,5.4,5.9
22105,2023-12-15,11.9,1012.3,94,10.7,15.8,6.8,4.1,5.3,8.6,6.9,8.2
22105,2023-12-16,10.9,1013.6,68,6.2,15.8,5.5,3.5,4.2,7.2,6.8,8.3
22105,2023-12-17,11.9,1026.9,67,-.2,15.3,5.5,3.5,4.3,7.7,6.5,7.1
22105,2023-12-18,4.9,1031.2,58,2.4,15.8,2.8,1.8,2.2,3.9,6,7.3
22105,2023-12-19,5,1026.1,61,5.4,15.7,2.1,1.3,1.7,2.9,5.5,6.9
22105,2023-12-20,9.2,1021.2,61,2.7,14.9,3.2,2,2.6,4.4,5,6.1
22105,2023-12-21,10.9,1023.4,68,-1.1,14.9,4.5,2.8,3.6,5.8,5.8,6.7
22105,2023-12-22,9.1,1028.8,73,-.2,15.1,4.4,2.7,3.3,6.3,6.2,6.9
22105,2023-12-23,5.9,1032.8,58,3.4,15.6,2.6,1.7,2.4,3.4,5.5,6.3
22105,2023-12-24,6,1028.6,54,5.5,15.4,1.7,1.1,1.4,2.8,4.4,4.9
22105,2023-12-25,6.7,1025.4,59,6.5,15,2,1.3,1.5,2.6,4.4,4.8
22105,2023-12-26,7.4,1025.9,56,8.9,15,2,1.3,2,3,4.3,4.7
22105,2023-12-27,3,1030,56,9.4,15.5,1.7,1.1,1.7,2.8,4.8,6.3
22105,2023-12-28,6.2,1025.5,61,10.5,15.2,1.7,1.1,1.4,2.6,4.5,5.6
22105,2023-12-29,4.3,1023.9,61,10.4,15.3,1.7,1.1,1.9,3,4.6,5.9
22105,2023-12-30,2.3,1017.1,70,11.3,14.4,.9,.6,.8,1.3,3.9,4.3
22105,2023-12-31,9.5,1015.4,82,9.7,14.3,3.3,2,3.8,7.9,4.8,6.6
22105,2024-01-01,6,1027.1,63,8.1,14.1,4.3,2.8,3.9,6.1,7,7.7
22105,2024-01-02,5.6,1019.2,61,10.4,14.3,2.1,1.4,1.8,3.3,5.1,6.5
22105,2024-01-03,7.4,1016.3,73,8.7,14.3,1.9,1.2,1.8,3,4.1,4.4
22105,2024-01-04,5.3,1019.1,54,9.5,13.9,1.9,1.2,1.7,2.9,4.4,4.8
22105,2024-01-05,4.4,1017.3,56,11.7,13.7,1.7,1.1,1.4,2.2,4.2,4.5
22105,2024-01-06,8.6,1018.4,50,8.7,13.8,2.5,1.6,2.1,3.3,4.4,5
22105,2024-01-07,10.6,1020.7,54,4.2,13.6,3.3,2.1,2.8,4.6,4.7,5.7
22105,2024-01-08,5.4,1023.7,53,4.2,13.4,3.1,1.9,3,4.8,5.9,6.8
22105,2024-01-09,5.9,1017.9,65,7.9,13.3,1.8,1.2,1.9,2.7,4.3,4.7
22105,2024-01-10,7,1018.7,68,8.1,13.4,2.2,1.5,1.8,3.4,4.5,5.4
22105,2024-01-11,8.1,1013.4,55,9.6,12.9,2.2,1.4,1.6,2.5,4.2,5.7
22105,2024-01-12,6.1,1015.2,55,8.2,12.8,1.9,1.2,1.7,2.6,4.4,5.6
22105,2024-01-13,8,1023.3,59,5.6,12.9,3.5,2.2,2.9,5.3,5.7,7.5
22105,2024-01-14,9.5,1018.1,60,10.4,12.9,3,2,2.4,3.8,4.9,6.6
22105,2024-01-15,6.8,1023.8,66,5.9,12.8,3.4,2.1,3.6,6.2,5.6,7.4
22105,2024-01-16,6.3,1030.2,60,7.4,12.7,2.4,1.5,1.9,3,5.3,6.8
22105,2024-01-17,6.6,1023.5,59,12,12.6,2.1,1.4,2.2,3.5,4.4,4.9
22105,2024-01-18,8.1,1024,80,10.4,13.9,2.7,1.7,3,4.9,4.6,6.9
22105,2024-01-19,8.1,1031.4,75,7.3,13.9,4.1,2.6,3.4,5.7,6.4,7.1
22105,2024-01-20,9.8,1027.3,81,8.7,13.8,4,2.4,3,5,5.7,6
22105,2024-01-21,6.5,1023.7,87,8,13.2,4.5,2.9,3.2,5.7,6.1,6.6
22105,2024-01-22,9,1019.9,65,3.1,13,4.3,2.6,3.7,5.9,5.9,7.4
22105,2024-01-23,10.1,1017.9,81,-1.9,12.6,6.8,4.3,4.7,7.7,7.8,8.2
22105,2024-01-24,10.5,1020.2,71,-1.4,12.3,7,4.7,5.2,8.3,8.2,8.9
22105,2024-01-25,7,1024.5,60,1.8,11.7,6.3,4,4.9,8.8,8.6,9.1
22105,2024-01-26,3.6,1025.8,54,5,12,5,3,3.6,6.1,8.7,9.1
22105,2024-01-27,4.7,1024.7,56,6.5,11,3.7,2.3,2.7,4.8,8,8.9
22105,2024-01-28,5.4,1026.4,61,6,10.8,2.9,1.9,2.2,3.7,6.4,7.1
22105,2024-01-29,3,1029.2,61,6.3,10.1,1.8,1.1,1.6,2.5,6,6.8
22105,2024-01-30,2.5,1029.1,61,7.3,10.7,1,.7,.9,1.5,5.4,6.3
22105,2024-01-31,3.9,1022.5,69,10,10.5,.7,.5,.8,1.1,3.6,4.3
22105,2024-02-01,9.6,1026.8,81,5.1,10.7,4.4,2.7,4.5,8.9,5.7,7.5
22105,2024-02-02,4,1029.3,74,5,10.5,2.8,1.8,3,4.6,5.7,6.8
22105,2024-02-03,3.9,1029.5,83,6.8,10.9,1.9,1.2,1.3,2.9,4.6,5.3
22105,2024-02-04,7.8,1026.8,88,7.6,11.6,2.4,1.5,2.1,3.2,4.5,5.1
22105,2024-02-05,11.6,1022.8,84,5.3,11.4,4.9,3,3.9,6.8,5.9,6.3
22105,2024-02-06,6,1024.4,71,4.3,9.9,2.5,1.5,2.5,4.7,5.3,6
22105,2024-02-07,5.2,1022.4,72,4.4,6,1.7,1,1.3,2.4,4.4,6.1
22105,2024-02-08,2.7,1020.7,67,5.7,10,1.5,1,1.6,2.6,5.6,6.7
22105,2024-02-09,4.3,1020,77,5.5,6.5,1,.7,.9,1.3,4.1,5
22105,2024-02-10,5.3,1021.5,62,5.5,5,1.7,1.1,1.4,2.9,3.9,4.5
22105,2024-02-11,6.2,1021.5,58,6,6.9,1.6,1,1.7,2.6,4,5.2
22105,2024-02-12,6.5,1027.2,62,8.2,7.5,2,1.3,1.8,2.7,4.3,5.2
22105,2024-02-13,5.3,1023.2,75,11.2,9.3,2.2,1.4,2.3,3.5,4.7,5.3
22105,2024-02-14,5.6,1019.7,89,13.1,9.7,2.3,1.5,2,3.4,4.8,6.1
22105,2024-02-15,9.2,1017.9,90,7.7,8.2,4.2,2.7,4.5,7.5,5.8,7.4
22105,2024-02-16,5.8,1024.4,60,6.1,10.3,3.8,2.3,4,6.1,6.4,7
22105,2024-02-17,8.5,1019.8,72,10.8,11.3,2.3,1.5,1.9,3.1,4.6,4.8
22105,2024-02-18,10.5,1017.8,88,12.7,11.2,2.9,1.8,2.1,3.6,4.6,4.9
22105,2024-02-19,8.4,1010.9,99,11.6,10.7,3.3,2,2.5,4.4,5.3,6.8
22105,2024-02-20,9.7,1026,91,5.8,10.7,5.3,3.3,3.9,6.7,6.9,7.7
22105,2024-02-21,10.3,1025.1,90,4.8,10.7,4.4,2.8,3.4,5.2,5.9,6.3
22105,2024-02-22,9.7,1029.1,83,3.1,10.6,4.6,2.9,3.2,5.4,6,6.5
22105,2024-02-23,8.4,1032,71,3.5,10.8,3.2,2,2.8,4.6,5.3,6.5
22105,2024-02-24,5.7,1030.4,63,5,10.7,2.4,1.5,1.9,3.1,5.2,5.5
22105,2024-02-25,6.1,1023.2,88,6.1,11.2,1.8,1.1,1.4,2.5,4.2,5.2
22105,2024-02-26,7.9,1028.6,67,6.5,11.2,2.2,1.4,1.7,2.7,4,4.4
22105,2024-02-27,6.2,1032.3,60,5.1,10.6,2.9,1.9,2.3,3.8,5.4,6.3
22105,2024-02-28,4.1,1029.5,67,7.6,10.8,2.6,1.6,1.8,3.4,6.7,7.5
22105,2024-02-29,3.2,1021.6,74,9,11.8,2,1.2,1.6,2.8,5.9,6.7
22105,2024-03-01,11.1,1017.9,61,3.3,11.4,4.5,2.8,4.5,7.6,5.6,7
22105,2024-03-02,8.1,1018.3,50,3.1,11.4,3,1.9,3.1,5.4,4.9,6.2
22105,2024-03-03,6,1016,56,7.8,11,2.2,1.4,1.6,2.9,4.5,5.3
22105,2024-03-04,4.9,1021.1,57,8.3,11.2,1.6,1,1.5,2.5,4.3,5.1
22105,2024-03-05,6.2,1016.5,79,10,10.3,1.9,1.2,1.9,3.2,4.2,4.8
22105,2024-03-06,8.5,1018.1,70,7.4,10.3,3.9,2.5,3,4.9,5.6,5.9
22105,2024-03-07,6.4,1016.9,63,6.7,10.5,2.3,1.5,2.1,3.9,5.1,6
22105,2024-03-08,10.6,1014.1,56,6.3,10.2,3.1,1.9,2.3,4,4.6,5.2
22105,2024-03-09,5.9,1023.3,56,4.3,10.6,4.1,2.5,2.9,5,6.3,7.7
22105,2024-03-10,3.8,1026.4,55,8.4,11.1,2,1.3,2.1,3.8,5.7,7
22105,2024-03-11,4.3,1019.1,50,12,11.7,1.2,.8,1,1.5,4.1,4.8
22105,2024-03-12,6.8,1014.8,69,9.2,11.8,2,1.2,2,3.9,4.4,5.8
22105,2024-03-13,5.2,1017.6,56,10.5,12.1,1.9,1.2,2,3.4,4.8,6.1
22105,2024-03-14,6.4,1018.5,57,12.3,12.2,1.5,.9,1.4,2.3,3.8,4.4
22105,2024-03-15,5.4,1018.6,66,14.7,12.2,1.4,.9,1.1,2.1,3.5,3.9
22105,2024-03-16,6.3,1020.4,81,12.6,12,1.6,1,1.3,2.2,3.9,4.4
22105,2024-03-17,7,1013.7,67,11.8,11.9,2.4,1.5,3,4.9,4.4,5.7
22105,2024-03-18,5.9,1021,60,9.1,11.4,2.8,1.8,2.4,4.4,5.4,6.8
22105,2024-03-19,7.2,1012.7,58,10.7,11.6,2.1,1.4,1.9,3.1,4.6,5.2
22105,2024-03-20,8.9,1017.1,66,6,11.3,4.7,3,4.2,6.7,6.2,6.9
22105,2024-03-21,4.9,1018.4,70,5.9,10.9,2.4,1.6,2.2,4.1,5.4,6.7
22105,2024-03-22,10.2,1015.6,79,10.8,11.1,3,1.9,3.1,5.8,4.7,5.5
22105,2024-03-23,4.7,1015.6,92,10,11.2,2.5,1.5,2.5,4.2,5.1,5.3
22105,2024-03-24,3.9,1021,85,11,11.1,1.1,.7,1,1.7,4.1,4.8
22105,2024-03-25,7.2,1019.2,82,10.6,10.8,1.8,1.2,1.7,2.6,4,4.5
22105,2024-03-26,8.8,1019.8,84,8,11.1,3.3,2,2.7,4.8,5.2,5.9
22105,2024-03-27,5.8,1022.7,74,10.9,11.5,2.3,1.4,1.9,3,5,6.3
22105,2024-03-28,6.9,1009.5,92,12.8,12.2,2.5,1.6,1.9,3.2,4.6,5.6
22105,2024-03-29,6.4,1003,69,13.7,11.5,2.5,1.6,1.9,3.4,4.9,5.8
22105,2024-03-30,8.4,1009.9,64,12.4,11.9,3,1.8,2.4,4.6,4.6,5.6
22105,2024-03-31,4.3,1011.6,65,12.4,12.3,1.4,.9,1.5,2.5,4.3,4.9
22105,2024-04-01,6.1,1013.2,68,12.8,12.6,1.4,.9,1.6,2.6,3.8,4.7
22105,2024-04-02,2.2,1014.9,97,14,13.5,.8,.6,.9,1.6,3.9,4.4
22105,2024-04-03,7.1,1009.5,96,12.6,13.7,1.7,1,1.7,2.9,3.7,4.4
22105,2024-04-04,6.5,1017.8,71,12.4,12.5,1.9,1.3,1.5,2.3,4.3,4.7
22105,2024-04-05,5.9,1020.1,71,12.8,12.3,1.3,.9,1.2,1.9,3.8,4.5
22105,2024-04-06,4.5,1016.7,94,14.8,12.8,1.2,.8,1.2,1.8,3.5,3.8
22105,2024-04-07,3.3,1016,90,15.7,13.3,.6,.4,.6,1,3.3,3.5
22105,2024-04-08,3.1,1016.2,96,15.4,13.9,.5,.3,1,1.7,3,3.3
22105,2024-04-09,7.8,1024.7,65,10.5,13.8,4.5,2.7,3.4,7.4,6.1,7.1
22105,2024-04-10,7.9,1025.2,73,12.8,14.3,2.8,1.8,2.2,3.5,5.2,6.9
22105,2024-04-11,6,1021,89,15.7,14.7,1.8,1.2,1.9,3.1,4,4.4
22105,2024-04-12,3.5,1017.3,97,16.4,14.5,.8,.5,.7,1.3,3.4,3.9
22105,2024-04-13,5.2,1017.1,97,16.8,14.6,1,.7,.8,1.4,3.1,3.3
22105,2024-04-14,6.8,1018,90,17.3,14.8,1.3,.8,1,1.5,3.2,3.4
22105,2024-04-15,9,1011.7,95,17.5,15.1,1.9,1.2,1.9,3,3.6,4.3
22105,2024-04-16,5,1008.9,84,17.8,16,1.6,1,1.6,2.5,4.3,4.9
22105,2024-04-17,3.3,1011.2,80,17.2,16.5,.8,.5,.6,1.1,4,4.5
22105,2024-04-18,3.6,1010,88,16.9,16.7,.4,.3,.8,1.2,3.3,3.9
22105,2024-04-19,3.8,1011.3,88,18.4,16.8,.8,.6,1.1,1.9,3.4,3.6
22105,2024-04-20,5,1012.9,96,16.8,16.5,1.3,.8,1.3,2.3,3.9,4.3
22105,2024-04-21,7.2,1013.5,93,16.6,16.7,2.1,1.4,1.5,2.6,4.2,4.5
22105,2024-04-22,6.1,1016.1,85,15.5,16.7,2.3,1.5,1.6,2.6,4.7,5.1
22105,2024-04-23,6.2,1015,86,14.3,16.7,2.1,1.4,1.6,2.9,4.8,5.1
22105,2024-04-24,6.5,1007.1,90,14,16.5,2.5,1.6,1.8,3,5.3,5.7
22105,2024-04-25,5.9,1007.7,85,18.2,16.5,2.1,1.3,1.7,2.9,5.1,6.1
22105,2024-04-26,5.2,1008,90,18.9,16.6,1.4,.9,1.3,2.1,4.2,5.1
22105,2024-04-27,4.5,1009.4,94,19.2,17,1.1,.7,1.3,2.4,3.5,4
22105,2024-04-28,6.8,1014.2,96,17.4,16.8,1.6,1,1.4,2.5,3.8,4.7
22105,2024-04-29,7.8,1011.4,96,16.4,16.6,1.8,1.2,1.3,2.2,4.2,4.7
22105,2024-04-30,5.9,1008.1,85,16.1,16.6,1.7,1.1,1.4,2.3,4.2,4.8
22105,2024-05-01,4.5,1014.7,70,15.3,16.5,1.6,1,1.3,2.3,4.4,4.9
22105,2024-05-02,7.2,1017.9,71,16.5,16.6,1.5,1,1.4,2.1,3.8,4.8
22105,2024-05-03,6.6,1017.5,92,18.3,17,1.3,.9,1.5,2.5,3.3,3.8
22105,2024-05-04,9.3,1015.7,94,18.8,17,1.6,1.1,1.5,2.5,3.3,3.9
22105,2024-05-05,11.2,1011.5,97,18.8,16.7,2.6,1.7,2.9,4.6,3.9,5.3
22105,2024-05-06,9.1,1004.9,96,18.7,16.2,3.9,2.5,3.4,5.7,5.6,6.1
22105,2024-05-07,8.2,1012.4,91,14.7,16.8,3.5,2.3,3.5,5.9,6.1,7.7
22105,2024-05-08,5.5,1018.4,74,14.5,16.9,4.9,3.1,3.7,6.4,8.2,9.1
22105,2024-05-09,7.7,1015.3,83,17.7,17,3.1,2,2.5,4.2,5.7,8.9
22105,2024-05-10,5.2,1014.4,85,19.9,17.3,1.5,.9,1.3,2.5,3.9,4.7
22105,2024-05-11,11.2,1009.6,84,20,17,3.2,2,2.8,4.5,4.6,5.4
22105,2024-05-12,3.9,1008.3,79,19,17.4,2,1.4,2.6,3.4,4.8,5.1
22105,2024-05-13,5.1,1013.4,77,18.8,17.4,1.1,.7,1.2,1.8,4,4.8
22105,2024-05-14,7.3,1013.4,92,18.4,16.5,1.5,1,1.3,2.3,3.3,3.7
22105,2024-05-15,7.2,1009.5,87,17.3,16.7,2.2,1.4,3.4,6.1,4.4,6.7
22105,2024-05-16,15.1,1002.8,80,15,16.7,7.2,4.6,6.6,11.4,7.1,8
22105,2024-05-17,6.4,1012.1,78,19,16.9,2.1,1.4,2.2,3.6,4.6,6
22105,2024-05-18,4.9,1013.9,83,20.2,17.4,1.3,.9,1.2,1.7,4,5
22105,2024-05-19,3.5,1013.8,89,19.5,17.8,1,.6,1,1.8,3.9,4.9
22105,2024-05-20,4.3,1015.7,89,17.6,17.9,1.3,.8,1.1,1.9,4.6,5.1
22105,2024-05-21,4.8,1021,83,17.1,17.4,1.5,1,1.1,1.8,5,5.5
22105,2024-05-22,7.4,1014.3,96,18.1,16.3,1.6,1,1.4,2.6,3.5,3.9
22105,2024-05-23,3.5,1007.4,93,19.5,16.2,.9,.6,1.1,1.5,3.4,3.7
22105,2024-05-24,5.2,1014.4,80,18.8,17,1.8,1.2,1.5,2.4,4.8,5.5
22105,2024-05-25,5.9,1018.2,74,18.6,18.1,1.3,.8,1.2,2.2,3.9,5.1
22105,2024-05-26,10.3,1005.7,96,19.7,17.9,2,1.3,1.8,2.7,3.5,4.1
22105,2024-05-27,5,1000,86,20.2,17.9,1.9,1.2,1.5,2.5,4.5,5.8
22105,2024-05-28,6.2,1006.7,80,18.9,18.1,2.1,1.3,1.9,3.2,4.9,5.2
22105,2024-05-29,6.7,1011.4,92,19.3,18.2,1.9,1.2,1.4,2.2,4.5,5.7
22105,2024-05-30,2.6,1010.6,99,19.9,18.2,1,.7,1.1,1.6,4.5,5.6
22105,2024-05-31,1.8,1008.4,96,20.4,19,.6,.4,.5,.8,4.5,4.9
22105,2024-06-01,4.6,1010.1,93,19.1,18.6,.9,.6,.9,1.6,4.1,4.8
22105,2024-06-02,4.6,1010.9,84,18.6,19,1.2,.8,.9,1.6,4.5,4.6
22105,2024-06-03,4.4,1012.8,83,18.8,18.9,1.1,.7,.8,1.3,4.2,4.6
22105,2024-06-04,4.5,1016.9,83,19.2,19.8,1.2,.7,.8,1.5,4.2,4.9
22105,2024-06-05,6.9,1019.1,92,19.9,18.9,1.3,.9,1,1.6,3.6,4
22105,2024-06-06,6.9,1017.2,99,20.5,19,1.2,.8,1,1.7,3.3,3.5
22105,2024-06-07,5.6,1013.6,99,21,19.3,.9,.6,.8,1.5,3,3.2
22105,2024-06-08,9,1009,98,21.2,18.8,1.8,1.2,1.6,2.4,3.4,3.9
22105,2024-06-09,7,1007.2,99,20.9,19,1.3,.9,1.3,2.1,3.3,3.6
22105,2024-06-10,3.7,1006.1,98,22.6,20.3,.8,.5,.9,1.4,3.4,3.8
22105,2024-06-11,3.4,1005,96,23.6,20.6,.6,.4,.5,.9,3.3,3.7
22105,2024-06-12,2.9,1003.7,92,24.1,21,.5,.4,.6,.9,3.2,3.8
22105,2024-06-13,2.1,1004.5,99,23.3,21.4,.3,.2,.3,.4,3.2,3.8
22105,2024-06-14,5.5,1004.9,99,22.3,19.8,.6,.4,.5,.9,2.8,3.2
22105,2024-06-15,3.2,1003.2,99,21.4,18.9,.5,.4,.6,.9,3.7,4.7
22105,2024-06-16,3.3,1004.5,93,23.1,21.2,.6,.4,.5,.8,4.2,4.9
22105,2024-06-17,4.8,1005.2,91,24,21.5,.6,.4,.9,1.5,3.1,3.6
22105,2024-06-18,3.5,1004.4,97,23.7,21.4,.6,.4,.6,.9,3.7,4.3
22105,2024-06-19,2.6,1007.4,96,25.4,22.3,.4,.2,.3,.5,3.5,3.9
22105,2024-06-20,5.7,1004.9,94,24.4,22,.9,.6,1.4,2.2,3.1,3.7
22105,2024-06-21,3.6,1003.8,99,23.2,21.5,.6,.4,.6,.8,3.5,4.3
22105,2024-06-22,4.2,1000.2,99,22.4,20,1,.6,1.1,1.7,3.7,5.1
22105,2024-06-23,2.3,998,99,22.2,19.3,2.1,1.2,1.5,3,5.6,6.2
22105,2024-06-24,3.6,1001.8,99,24,21.8,3,1.9,2.3,3.9,6.6,7
22105,2024-06-25,3.6,1008.3,85,24,21.1,2.6,1.6,1.9,3.6,6.3,6.9
22105,2024-06-26,2.5,1014.6,94,23.3,20.5,2,1.2,1.5,2.7,6.7,7.3
22105,2024-06-27,4.8,1011.7,99,21.7,19.3,.9,.6,.8,1.3,3.8,4.5
22105,2024-06-28,4.1,1007.7,99,22,19.9,.5,.3,.6,.7,3.1,3.4
22105,2024-06-29,8.5,1004.7,99,23.2,20,1.5,1,1.8,2.7,3.2,4
22105,2024-06-30,7.9,996.5,99,23.6,21.2,2.7,1.7,2.2,4.2,4.7,5.5
22105,2024-07-01,2.4,1003.8,99,23,20.6,1.4,.9,1.4,2.4,5.1,5.5
22105,2024-07-02,3.2,1008.2,99,22.7,20.6,1.3,.8,1.6,2.6,4.8,5.4
22105,2024-07-03,6.9,1006.2,99,23.6,20.2,1.7,1.1,1.4,2.3,4.2,4.7
22105,2024-07-04,5.4,1005.6,96,24.1,19.8,1,.6,.8,1.3,3.7,4.2
22105,2024-07-05,6.1,1001.1,90,25.6,21.2,1.8,1.2,1.5,2.5,4,4.4
22105,2024-07-06,7.6,1002.6,99,24.3,21.5,1.6,1,2.2,3.3,4,4.7
22105,2024-07-07,7.1,1002.8,99,24.3,22,2.1,1.4,2.3,3.1,4.3,4.8
22105,2024-07-08,6.3,1002.3,99,23.1,19.9,1.5,1,1.1,2.1,3.7,4.4
22105,2024-07-09,4,1004.2,99,21.5,18.1,1.2,.8,1,1.5,4.2,5.1
22105,2024-07-10,4,1001.4,99,21.8,18.9,1.4,.9,1.2,1.9,4,5.2
22105,2024-07-11,2.7,1001.9,99,22.6,19.9,.9,.5,.8,1.3,4.3,5.1
22105,2024-07-12,3.2,1002.8,99,21.6,19.1,.5,.4,.6,.9,3.4,3.7
22105,2024-07-13,2,1008.2,99,23,19.8,.3,.2,.3,.5,3.3,4.2
22105,2024-07-14,2.5,1012.2,99,24,21.8,.4,,.5,.7,3.3,3.5
22105,2024-07-15,2.3,1013.6,99,24,21.5,.6,.4,.4,.8,3.4,3.7
22105,2024-07-16,2.8,1011.9,99,24.3,21.7,.6,,.6,.9,3.6,4.1
22105,2024-07-17,7.6,1007.9,99,24.7,20.8,1.4,.9,1.2,2.3,3.3,3.8
22105,2024-07-18,8.8,1002.3,99,24.4,20.3,2.5,1.7,2.5,3.7,4.3,5.3
22105,2024-07-19,3.4,1003.7,99,24.1,20.6,1.3,.9,1.4,2.2,4,4.9
22105,2024-07-20,4.7,1005.7,99,24.7,21,1.2,.8,1.1,1.8,3.7,4.7
22105,2024-07-21,6.6,1004.6,97,25,19.7,1.8,1.2,1.8,2.6,4,4.3
22105,2024-07-22,6,1005.2,99,25.9,21.7,1.2,.8,1,1.6,3.4,3.7
22105,2024-07-23,8.6,1002.4,99,26.9,22.7,2,1.3,1.8,3.1,3.9,4.5
22105,2024-07-24,5.4,1003.5,99,26.4,23.2,1.2,.8,1.1,1.9,3.4,3.6
22105,2024-07-25,4.3,1006.4,99,26.5,23.5,.8,.6,.7,1.3,3.4,3.6
22105,2024-07-26,6.7,1010.9,99,26.9,23.5,1.3,.8,1.3,2.2,3.4,3.8
22105,2024-07-27,7,1014.4,99,26.9,23.7,1.7,1.1,1.3,2.4,3.7,4.2
22105,2024-07-28,5.6,1011.6,99,27.7,24.1,1.3,.9,1,1.5,3.6,4.2
22105,2024-07-29,4.7,1006.1,99,28.6,24.5,1.2,.8,.9,1.8,3.5,3.7
22105,2024-07-30,3.9,1004.8,98,29.3,25.4,1.1,.7,.9,1.5,3.6,3.9
22105,2024-07-31,3.1,1005.4,99,29.4,26.1,.6,.4,.6,.9,3.5,4
22105,2024-08-01,3.7,1003.6,99,28.9,26.4,.9,.6,.7,1.3,4.1,6.1
22105,2024-08-02,3.1,1003.2,99,29.3,26.6,.7,.4,.6,1,3.6,4.5
22105,2024-08-03,1.6,1006.7,99,30,27.5,.6,.4,.5,1,3.6,3.8
22105,2024-08-04,2.9,1009.3,99,29.2,27.8,.6,.4,.8,1.2,3.9,4.4
22105,2024-08-05,4,1009,99,28.9,27.6,.9,.6,.8,1.2,4.2,4.5
22105,2024-08-06,4.8,1008,99,29.1,27.8,1,.7,.8,1.2,4.1,4.7
22105,2024-08-07,5.1,1005.9,99,29.4,28,.8,.5,.7,1.1,3.6,4.3
22105,2024-08-08,2.7,1004,99,29.6,27.9,.5,.4,.6,.9,3.3,3.7
22105,2024-08-09,2.3,1004.6,89,29.4,28.3,.3,,.2,.4,3.3,3.8
22105,2024-08-10,4.1,1005,83,29.7,28.7,.4,.3,.5,.9,2.7,3.3
22105,2024-08-11,5.4,1004.6,78,29.6,28.9,.9,.6,.7,1.1,3.1,3.6
22105,2024-08-12,3.3,1006.5,77,29.6,28.9,1.5,1,1.2,2.1,5.1,6
22105,2024-08-13,2.6,1009.3,78,29.4,29.6,2,1.2,1.3,2.5,6,6.3
22105,2024-08-14,2.3,1009.6,79,29.7,30,1.2,.8,1.1,1.8,5.3,6
22105,2024-08-15,3.3,1009.4,79,29.8,29.9,.8,.5,.7,1.1,3.9,4.6
22105,2024-08-16,3.5,1010,81,30,29.5,.8,.5,.6,1.1,3.4,4.1
22105,2024-08-17,2.1,1011.5,82,29.6,29.3,1,.6,.7,1.3,4.5,4.9
22105,2024-08-18,3.5,1011.1,78,29.7,29.3,1.1,.7,.8,1.4,4.9,5.4
22105,2024-08-19,5.5,1009.8,85,30.7,29.4,1.1,.7,.8,1.6,3.5,4.1
22105,2024-08-20,5.9,1011.1,90,30.8,29.5,1.3,.8,1.4,2.3,3.6,4.3
22105,2024-08-21,9.1,1008.3,89,30.7,29,2.3,1.5,1.8,3.1,4.3,4.7
22105,2024-08-22,9.8,1004.1,88,30.3,28.3,2.5,1.6,2.3,3.7,4.3,5
22105,2024-08-23,6,1006.4,83,29.8,27.7,1.7,1.1,1.9,2.9,4.1,4.9
22105,2024-08-24,2.6,1009.8,82,30.4,28.2,.7,.5,.7,1.1,3.9,4.5
22105,2024-08-25,2,1009.7,85,29.5,28.3,.7,.4,.5,1,4.3,4.7
22105,2024-08-26,2.8,1007.7,91,29.1,27.9,.6,.4,.5,.8,3.9,4.8
22105,2024-08-27,4.8,1008.2,84,27.1,26.8,1.3,.8,1.1,1.6,3.9,4.7
22105,2024-08-28,5.7,1010.7,79,28.5,27,1.3,.8,1,1.6,3.6,4
22105,2024-08-29,8.6,1007.6,89,28.7,26.9,2.2,1.4,1.9,3.4,4,4.5
22105,2024-08-30,7.8,1004.3,87,28.6,27.4,2.6,1.7,2,3.4,4.8,5.1
22105,2024-08-31,5.4,1007,76,28.3,28.1,1.5,1,1.1,2,4.2,4.8
22105,2024-09-01,6.3,1006.9,79,28.6,28.7,1.6,1,1.2,2,4.1,5.3
22105,2024-09-02,7.9,1009.8,81,28.3,28.2,1.8,1.2,2.1,3.3,3.9,4.9
22105,2024-09-03,5.2,1014.2,67,26.9,27.5,1.9,1.2,1.8,2.9,4.5,5.3
22105,2024-09-04,3.9,1011.1,62,27.3,28.4,.9,.6,.8,1.3,3.6,4.2
22105,2024-09-05,6.2,1006.3,80,28.8,28.2,1.3,.8,1.2,1.9,3.5,3.8
22105,2024-09-06,7.3,1012.4,75,27.3,27.5,2.3,1.4,2.1,3.5,4.5,5.3
22105,2024-09-07,3.5,1014.6,75,26.9,26.5,1,.7,1.3,2,4.4,4.9
22105,2024-09-08,3.4,1015.1,82,27.6,26.3,.6,.4,.5,.7,3.4,4
22105,2024-09-09,2.9,1015,86,28,26.2,.7,.5,.7,1.1,3.2,3.5
22105,2024-09-10,3.7,1014,94,28.3,26.5,.8,.5,.7,1.1,3.5,4
22105,2024-09-11,3.7,1016.4,96,28.9,26.8,1,.6,1.2,2.3,3.8,6
22105,2024-09-12,5.1,1015,96,27.5,26.9,1.8,1.1,1.4,2.3,4.3,5.1
22105,2024-09-13,3.7,1009.5,93,28,27,.9,.6,1.1,1.7,3.5,4
22105,2024-09-14,4.7,1007,88,28,26.6,1.7,1.1,1.7,2.8,4.4,6.2
22105,2024-09-15,8.5,1012.7,88,26.5,26.3,3.1,1.9,2.6,4.3,5.2,6
22105,2024-09-16,4.1,1017.6,91,26.5,26.2,2,1.3,1.8,2.9,4.8,5.5
22105,2024-09-17,1.6,1015.2,94,28.1,27.4,1,.7,.9,1.5,4.5,5.1
22105,2024-09-18,3.1,1014.4,93,28.6,27.9,.8,.5,.7,1.3,3.8,4.6
22105,2024-09-19,3.4,1014.3,92,29,27.8,.5,.3,.5,1,3.2,3.8
22105,2024-09-20,5.4,1010.4,92,28.5,28,1.9,1.2,4.5,7.1,3.7,6.8
22105,2024-09-21,12,1008.2,90,23.6,24.8,6.1,3.7,4.5,7.1,6.6,7.4
22105,2024-09-22,10.2,1013.5,76,23.1,22.3,4.5,2.9,3.4,6.5,5.8,6.2
22105,2024-09-23,5.8,1019.9,58,22.1,23.2,2.8,1.8,2.1,4.3,5.6,6.5
22105,2024-09-24,3.8,1017.8,70,23.9,24.4,1.7,1.1,1.5,2.7,5,6.1
22105,2024-09-25,2.8,1015.2,76,25.5,24,1,.7,.9,1.3,4.2,4.6
22105,2024-09-26,3.9,1013.3,86,25.4,24.1,.8,.5,1.1,1.6,3.4,3.7
22105,2024-09-27,4.2,1014.2,85,25.3,24.6,1.3,.9,1.5,2.3,3.9,4.4
22105,2024-09-28,6.5,1019.9,82,24.7,23.4,2.3,1.5,1.8,3,4.3,4.5
22105,2024-09-29,4.9,1021.6,68,24.4,24.1,1.5,1,1.2,2,4,4.3
22105,2024-09-30,4.5,1015.7,72,24.7,23.8,1.4,.9,1.1,1.7,4.3,5.1
22105,2024-10-01,5.9,1008.6,71,25,23.5,1.3,.8,1.5,2.5,3.6,4.1
22105,2024-10-02,8.9,1017.1,58,20.6,23.6,3.4,2.2,2.8,4.4,5.3,6.5
22105,2024-10-03,8.7,1021.8,63,20.9,21.9,2.8,1.8,2.2,3.8,4.5,5.1
22105,2024-10-04,4.8,1023.9,57,21.5,21.1,2.7,1.7,2.2,3.8,5.4,5.9
22105,2024-10-05,3,1023.6,61,22.3,21.4,1.4,.9,1.2,1.8,5.1,6.1
22105,2024-10-06,3,1020.2,64,22.9,22.9,1,.7,.8,1.2,4.4,4.9
22105,2024-10-07,2.8,1016.3,79,21.6,23.2,.9,.6,.7,1.1,3.7,4
22105,2024-10-08,7.5,1017.2,72,21.4,22.8,2.6,1.7,2.1,3.9,4.8,5.7
22105,2024-10-09,5.3,1018,60,20.8,22,2.1,1.3,1.6,2.7,4.7,5.1
22105,2024-10-10,2.3,1015.7,62,21.7,21.3,1.4,.9,1,1.7,4.9,5.1
22105,2024-10-11,2,1018,70,22.3,21.7,1.2,.8,1.1,2.2,5.1,6.1
22105,2024-10-12,2.5,1022.3,69,22.9,21.6,1.2,.8,1.1,1.9,5.3,6.1
22105,2024-10-13,4,1024.5,69,23.5,21.9,.9,.6,.8,1.4,4.1,5.7
22105,2024-10-14,4.6,1020.2,82,23.1,21.7,1.8,1.2,1.4,2.3,4.5,5.4
22105,2024-10-15,3.7,1016.4,91,23.1,21.7,1.3,.8,1,1.8,4.2,4.7
22105,2024-10-16,6.3,1022.6,77,22.1,21.3,2.7,1.7,2.8,4.7,5.3,6.9
22105,2024-10-17,4.3,1023.2,72,22.8,21,1.5,1,1.6,3.3,4.7,6
22105,2024-10-18,4.7,1014.9,90,22.7,21,1.3,.8,1.4,2.1,4,4.3
22105,2024-10-19,12.1,1020.8,78,17.4,20.5,6.2,3.8,5.9,10,6.3,8.5
22105,2024-10-20,7.6,1033.2,59,15.9,19.2,4.1,2.6,4.8,7.5,5.9,8
22105,2024-10-21,3.1,1024.9,73,20.2,19.5,2,1.3,1.5,2.6,5.1,5.6
22105,2024-10-22,5.4,1014.7,93,21,19.6,2,1.2,1.9,3.4,4.7,5.4
22105,2024-10-23,8,1010.5,61,20.7,19.9,3.1,1.9,2.7,4.3,5,6.1
22105,2024-10-24,3.6,1021,61,19.6,19.9,2.3,1.4,1.9,3.3,5.6,6.6
22105,2024-10-25,2.2,1025.8,70,20.3,20.2,1.5,1,1.3,2,5.2,6.2
22105,2024-10-26,3.3,1022.3,74,21.6,20.2,1.6,1,1.1,1.9,4.7,5.1
22105,2024-10-27,2.2,1013.4,70,21.1,20.4,1.1,.7,.9,1.5,4.7,5.2
22105,2024-10-28,8.7,1016.6,72,18,20,3.5,2.2,3,4.9,5.4,6.3
22105,2024-10-29,3.4,1020.1,60,18.8,19.8,1.9,1.2,1.8,2.7,5.1,5.6
22105,2024-10-30,4.3,1021.9,65,20.2,20.1,1.5,.9,1.1,1.9,4.5,5.6
22105,2024-10-31,4.1,1023.5,65,21.3,20.1,1,.7,.8,1.3,4,4.7
22105,2024-11-01,2.4,1019.9,75,21.3,20,.8,.5,.7,1,4,4.3
22105,2024-11-02,8.3,1018.4,74,20.8,21.8,2.9,1.9,3.2,5.6,5.2,6.7
22105,2024-11-03,7,1021.7,64,20.5,22.2,2.8,1.8,2.5,4.8,5.3,6.7
22105,2024-11-04,7.5,1018.1,64,20.8,21.4,2,1.3,2,3.4,4,5.1
22105,2024-11-05,10.5,1018.5,80,16.7,21.7,4.1,2.6,3.3,5.8,5.9,6.3
22105,2024-11-06,9.6,1023.2,67,15.2,22.2,3.9,2.4,2.8,4.9,5.6,6.7
22105,2024-11-07,5,1029.3,70,16.2,21.8,3.1,1.9,2.5,4.7,5.9,6.8
22105,2024-11-08,3.3,1028.8,61,17.4,19.7,2.1,1.3,1.5,3,5.3,6.2
22105,2024-11-09,3.7,1027.2,74,18.3,19.7,1.8,1.2,1.5,2.4,5.5,6.2
22105,2024-11-10,5.4,1021.8,61,20.6,21.3,1.4,.9,1.1,1.9,4.1,4.8
22105,2024-11-11,6.5,1019.3,75,20.3,21.5,2,1.2,2.4,4.1,4.6,6
22105,2024-11-12,7.1,1017.7,66,20,21.1,1.8,1.2,1.7,3,4.5,5.4
22105,2024-11-13,6.5,1023.7,65,18.3,21.7,3.1,1.9,2.5,4.7,5.8,6.8
22105,2024-11-14,6.2,1020.8,64,19.5,21.7,1.6,1,1.5,2.2,4,4.8
22105,2024-11-15,3.9,1019.6,74,20.5,21.5,.8,.5,.9,1.3,4.1,4.8
22105,2024-11-16,7.9,1015.1,76,21.6,21.3,1.7,1.1,1.4,2.3,3.7,4.4
22105,2024-11-17,9.1,1018.1,77,17,21.5,4,2.5,4.3,7.7,5.8,7.8
22105,2024-11-18,10.5,1029.5,61,10.7,21.2,5.2,3.2,4,8.1,6.7,7
22105,2024-11-19,5.5,1029.6,64,12.4,20.8,2.8,1.7,2.8,4.8,5.6,6.7
22105,2024-11-20,5.2,1021.7,56,14.7,20.7,1.7,1,1.4,2.5,4.5,5.6
22105,2024-11-21,5.9,1017.9,53,15.4,19,1.5,1,1.2,1.8,4.2,4.7
22105,2024-11-22,9.8,1020.4,59,13.6,20.6,3.8,2.4,3.2,5.7,5.6,6.9
22105,2024-11-23,9.2,1027.6,62,12,20.5,4.9,3.1,3.5,6,7,7.4
22105,2024-11-24,,,,,,,,3.2,5.5,,7.4
22105,2024-11-25,,1024.9,66,16.5,20.1,,,2.2,4.1,,4.7
22105,2024-11-26,12.6,1007.8,64,15.5,19.6,4.6,2.9,4.3,6.4,5.4,6.3
22105,2024-11-27,10.9,1008.6,59,9,20.1,3.2,2,2.4,4,4.6,5.2
22105,2024-11-28,9.4,1007.1,60,9.3,20.1,2.9,1.9,2.9,4.3,4.6,5.6
22105,2024-11-29,9.3,1007.8,53,8.8,19,3.3,2,2.9,6,5.2,5.8
22105,2024-11-30,8.6,1011.5,55,11.8,19.1,3.4,2,2.9,5.3,5.4,6
22105,2024-12-01,4.8,1015.1,52,14.7,19.9,2,1.3,1.7,2.6,4.9,5.4
22105,2024-12-02,8.4,1013.4,55,17.1,19.3,1.8,1.2,1.5,2.4,3.6,3.9
22105,2024-12-03,8.5,1018.2,50,11.3,18.3,3.4,2.2,2.9,4.6,5.6,6.3
22105,2024-12-04,8,1017.8,45,9.5,18.4,2.7,1.7,2.3,3.6,5,5.6
22105,2024-12-05,8.8,1013.1,47,9.9,18.3,2.8,1.8,2.2,3.6,5,5.3
22105,2024-12-06,9.3,1016.2,43,9.5,17.6,3.4,2.1,3.2,5.6,5.3,6.3
22105,2024-12-07,8.8,1018.6,50,7.7,17.5,2.8,1.8,2,3.4,5,5.4
22105,2024-12-08,7.5,1021.4,58,7.6,17.8,3.1,2,2.4,3.9,5.5,6.7
22105,2024-12-09,3,1021.8,54,9.9,17.3,2,1.3,1.7,2.6,5.7,6.2
22105,2024-12-10,5,1020.6,53,10.1,17.1,1.7,1.1,1.3,2.4,4.9,5.3
22105,2024-12-11,8.1,1020.6,72,9.5,17,3.6,2.2,3.6,6.5,5.8,7.4
22105,2024-12-12,5.3,1021.1,64,9.2,16.9,2.5,1.6,2.3,3.1,5.4,6.3
22105,2024-12-13,7.6,1017.4,51,9.2,16.8,2.5,1.5,2.5,4.6,5,6.1
22105,2024-12-14,9.4,1019.1,53,7.3,16.9,3.8,2.4,3.3,5.4,5.7,6.2
22105,2024-12-15,,1016.3,53,8,16.8,3.8,2.4,2.8,4.9,5.5,6.1
22105,2024-12-16,,1018.7,52,7.2,16.6,3,1.9,2.1,3.6,5.2,5.6
22105,2024-12-17,,1020.8,51,7.2,16.5,2.7,1.7,2.1,3.7,4.8,5.2
22105,2024-12-18,,1021.8,67,6,16.5,4.1,2.6,3.9,7.4,6,6.8
22105,2024-12-19,,1026,65,8.2,16.4,3.8,2.3,3.8,6.2,6.1,6.6
22105,2024-12-20,,1019.2,50,10.7,16.3,2.2,1.4,1.8,3.2,4.2,4.3
22105,2024-12-21,,1013.3,60,8,16,3.7,2.3,4.1,7.4,5,6.7
22105,2024-12-22,,1021.1,76,5.6,15.8,4.9,3.1,4.1,7.6,6.4,6.7
22105,2024-12-23,,1021.6,57,8.1,15.7,3,2,2.3,3.7,5.3,6.3
22105,2024-12-24,,1025.2,63,8.4,15.6,2.9,1.8,2.1,3.7,6.1,6.9
22105,2024-12-25,,1021.3,53,10.3,15.7,2.4,1.5,1.9,3,4.4,5.1
22105,2024-12-26,,1018.1,56,9.1,15.6,2.8,1.8,2.1,3.7,4.7,5.3
22105,2024-12-27,,1019.4,65,5.2,15.4,4.1,2.5,2.8,4.9,5.7,6
22105,2024-12-28,,1018.2,64,4.1,15.1,2.9,1.8,2.6,4.5,5.1,5.6
22105,2024-12-29,,1022.8,60,6.7,15.1,2.9,1.9,2.5,4,5.5,6.6
22105,2024-12-30,,1017,67,10.8,15.2,2,1.3,1.5,2.5,4.3,5.4
22105,2024-12-31,,1015.8,63,8.3,15.1,3.7,2.4,3.6,6.3,5.8,7
22105,2025-01-01,,1019.5,64,9,14.7,2.5,1.7,2.2,3.2,5.1,6.1
22105,2025-01-02,,1021.7,62,8.4,14.6,2.2,1.4,2,3.4,4.8,5.5
22105,2025-01-03,,1022.3,60,5.1,14.3,3,1.9,2.6,4.3,5,5.6
22105,2025-01-04,,1024.3,59,5.9,14.3,1.9,1.2,1.6,2.7,4.7,5.2
22105,2025-01-05,,1019.5,,8.7,14.2,1.8,1.2,1.7,2.6,4.1,4.8
22105,2025-01-06,,1012.4,,9.2,14.3,1.9,1.2,2.1,3.8,3.9,4.9
22105,2025-01-07,,1012.7,,4.1,14.2,4.8,2.9,3.5,7.1,6.1,6.5
22105,2025-01-08,,1015.2,,4.1,14,4.4,2.7,3,5.4,5.7,6.2
22105,2025-01-09,,1019.1,,-1.5,14,5.7,3.5,4,7.3,6.5,7
22105,2025-01-10,,1025.8,,3.3,14,5.5,3.6,4.3,7.3,7.4,8.3
22105,2025-01-11,,1024.9,,4.9,13.7,3.9,2.5,3.1,5,6.8,7.4
22105,2025-01-12,,1018.5,,5.7,13.6,4.6,2.9,4,6.3,5.6,6.5
22105,2025-01-13,,1022.8,,7.1,13.5,2.5,1.5,2.6,4.3,4.7,5.7
22105,2025-01-14,,1021.4,,8.9,13.6,2,1.3,2,3.1,3.9,4.6
22105,2025-01-15,,1023.6,,3.5,13.7,3.7,2.3,2.7,5.2,5.6,6.2
22105,2025-01-16,,1021.2,,5.7,13.5,2.6,1.6,2,3.6,4.9,5.4
22105,2025-01-17,,1024.5,,7.9,13.4,2.3,1.5,1.8,3.4,5.2,6.3
22105,2025-01-18,,1021.3,,10.5,13.3,1.2,.8,1.1,1.8,4.5,4.9
22105,2025-01-19,,1015.7,,10.4,13.2,1.3,.8,1.2,2.3,4.3,5.2
22105,2025-01-20,,1015.6,,9.9,13.2,1,.6,.8,1.3,4.1,4.5
22105,2025-01-21,5.2,1020.1,63,9.6,13.3,1.5,.9,1.3,2.1,5.6,6.3
22105,2025-01-22,3.7,1022.2,51,9.8,13.2,1,.6,.8,1.4,5,7.1
22105,2025-01-23,4.2,1023.7,52,8.9,13.2,1.7,1.1,1.5,2.4,6.5,8.3
22105,2025-01-24,5,1026.2,66,8.7,13.2,2,1.3,2.3,3.4,6.3,7.1
22105,2025-01-25,9.1,1029.8,61,7.6,13.2,3.2,2,2.6,4.2,7.3,8.3
22105,2025-01-26,4.1,1026.1,55,7.9,13.2,2.9,1.8,2,4.2,9.1,10.5
22105,2025-01-27,7.3,1012.4,65,6.8,13,2.6,1.6,2.3,4.2,8.2,10
22105,2025-01-28,13.2,1009,59,4,12.9,4.5,2.8,4.2,6.8,6.5,7.7
22105,2025-01-29,11.3,1017.2,57,3.3,12.9,4.7,3,3.5,6.8,9.2,11.1
22105,2025-01-30,11.5,1023.5,49,4.5,12.6,5.1,3.2,3.9,7.2,8.9,10
22105,2025-01-31,4.7,1025.4,60,7.5,,2.5,1.6,2.5,4,8.3,10.5
22105,2025-02-01,6,1021.6,73,8.2,12.6,2.1,1.4,2.1,2.9,7.6,10.5
22105,2025-02-02,8,1016.3,77,8.8,,3.2,2,2.4,3.7,7.4,8.3
22105,2025-02-03,10.7,1012.6,52,4.6,12.1,4.1,2.6,4,6.6,7.7,11.1
22105,2025-02-04,10.1,1012.3,61,-.6,11.8,4.9,3,3.4,6.5,10.2,11.1
22105,2025-02-05,12.4,1012.4,53,-.7,11.7,5.7,3.5,4.4,7.6,9.8,12.5
22105,2025-02-06,9.9,1017,50,1,11.9,4.6,3,3.7,5.7,10.6,13.3
22105,2025-02-07,10.8,1014.8,62,-.3,11.9,4.1,2.6,3.6,6.3,8.3,11.8
22105,2025-02-08,7.8,1023.2,64,0,11.7,4.5,2.7,3.5,6.2,10.2,11.8
22105,2025-02-09,4.3,1023.5,55,2.2,11.6,3.9,2.4,3.2,6,10.7,12.5
22105,2025-02-10,7.4,1023.4,46,3.9,11.5,3,1.9,2.2,4.1,8.3,11.1
22105,2025-02-11,5.8,1026.8,48,6.5,11.5,2.4,1.6,2,3,6.9,7.7
22105,2025-02-12,7.7,1012.7,63,8.8,11.4,2.2,1.4,2.8,4.8,5.4,7.1
22105,2025-02-13,8.5,1019,44,5.5,11.1,4.6,2.8,4.1,8,9.4,10.5
22105,2025-02-14,6.2,1019.4,44,9.5,11.3,1.9,1.2,1.8,3,6.5,8.3
22105,2025-02-15,3.4,1015.4,49,10.7,11.1,1,.6,.9,1.6,6.1,10
22105,2025-02-16,5.4,1013,53,10.3,11.3,1.3,.8,1.2,1.8,5.3,6.7
22105,2025-02-17,11.2,1018.6,52,4.9,11.2,4.5,2.9,3.7,5.6,8.1,9.1
22105,2025-02-18,8.8,1021.3,50,3.2,11.2,3.5,2.3,2.6,4.9,7.9,8.3
22105,2025-02-19,7.7,1024.4,60,3,10.7,3.7,2.3,3,5.5,8.5,10
22105,2025-02-20,7.2,1026.3,53,3.2,10.5,3.3,2.1,2.6,4.2,9.6,12.5
22105,2025-02-21,7,1026.9,60,2.9,10.6,2.8,1.8,2,3.2,8.8,10.5
22105,2025-02-22,7.1,1028,64,3,10.9,3.2,2.1,2.9,4.4,8.1,10
22105,2025-02-23,9.1,1026.2,50,2.6,10.7,2.7,1.7,2.4,3.9,7.3,9.1
22105,2025-02-24,5.6,1027.1,49,4.2,10.6,2.3,1.5,2.3,3.3,7.4,8.3
22105,2025-02-25,5.4,1022,41,8.5,10.5,1.5,1,1.5,2.8,6.2,8.3
22105,2025-02-26,6.7,1020.3,45,9.5,10.4,1.8,1.2,1.6,2.6,6.6,10.5
22105,2025-02-27,7.9,1020.2,55,10.9,10.4,1.9,1.3,1.8,2.8,5.7,7.1
22105,2025-02-28,5,1017.7,70,12.2,10.7,1.3,.9,1.6,3.1,4.6,5.9
22105,2025-03-01,1.6,1017.3,89,12.1,10.8,.9,.6,.6,1.1,4.7,5.3
22105,2025-03-02,7.8,1019.3,87,9.3,10.6,2.6,1.6,3.5,6.3,6.3,10.5
22105,2025-03-03,10.9,1026.6,73,4.4,10.4,5.2,3.3,3.7,7.3,9.4,11.1
22105,2025-03-04,9.4,1024.2,74,5.9,10.4,4.1,2.5,2.9,5,8,9.1
22105,2025-03-05,7.6,1022.6,72,6.7,10.3,3.6,2.3,3.1,5,8.4,9.1
22105,2025-03-06,5.6,1026,67,6.5,10.3,2.6,1.6,1.8,3.2,7.7,8.3
22105,2025-03-07,3,1028.7,57,7.7,10.4,2.4,1.5,1.8,3.1,7.8,8.3
22105,2025-03-08,7.7,1025.4,67,9.4,10.4,1.8,1.2,1.3,2.1,7.6,8.3
22105,2025-03-09,4.8,1029.2,62,10.1,10.4,1.2,.8,1.1,1.7,8.3,9.1
22105,2025-03-10,8.7,1025.5,75,11.1,10.4,1.5,1,1.4,2.3,4.3,8.3
22105,2025-03-11,4.4,1019.2,76,11.9,10.5,1,.6,1.1,1.7,4.9,5.6
22105,2025-03-12,5.4,1013.3,81,12.7,10.4,1.1,.7,1.2,1.8,4.1,4.8
22105,2025-03-13,6.5,1020.9,50,11.9,10.7,1.4,.9,1.3,2.2,4.9,6.7
22105,2025-03-14,6.3,1027.8,65,10.9,11.6,1.4,.9,1.3,2.8,4.7,6.3
22105,2025-03-15,7.7,1025.3,66,9.5,10.5,2.8,1.7,2.1,3.7,6.5,7.7
22105,2025-03-16,8,1010.6,78,7,10.4,3.4,2.2,3.4,5.1,7.1,8.3
22105,2025-03-17,6.7,1014.1,78,5.3,10.3,6.4,4.1,5.3,8.1,10.3,11.8
22105,2025-03-18,8.4,1013.4,74,5.1,10.3,5.3,3.3,4.3,8,10,11.8
22105,2025-03-19,4.8,1021.8,53,6.2,10.3,3.4,2.2,3.6,5.5,9,10.5
22105,2025-03-20,6.1,1015.2,60,10.7,10.3,1.3,.9,1.4,2.1,6.6,8.3
22105,2025-03-21,6.6,1007.9,66,14.1,10.5,1.7,1.1,1.5,2.3,5.3,6.7
22105,2025-03-22,6.8,1005.5,61,15.7,10.6,1.5,1,1.3,2.2,5.6,7.7
22105,2025-03-23,5.2,1010.4,85,12.3,10.8,1.3,.8,1.1,2.2,5,6.7
22105,2025-03-24,4.7,1001.6,84,14,11.3,1.7,1.1,1.5,2.5,6,6.7
22105,2025-03-25,6.2,998.3,83,13.4,11.7,2,1.3,2.1,4.2,9,11.8
22105,2025-03-26,7.7,1006.1,86,11.9,11.4,2.3,1.5,1.9,3.1,5.8,7.7
22105,2025-03-27,5.4,1001.6,93,10.9,11.4,2.1,1.4,1.7,3.1,6.1,7.7
22105,2025-03-28,6.5,1012.8,74,8.4,11,3.3,2.1,2.8,4.7,7.9,9.1
22105,2025-03-29,6.7,1018.9,42,8.4,10.8,2,1.3,2,3.5,6.3,7.7
22105,2025-03-30,7.3,1026.6,41,5.9,11.2,2.8,1.8,2.9,4.5,7.4,8.3
22105,2025-03-31,6.1,1025.1,54,9.1,10.6,1.2,.8,1.1,2,4.6,7.7
22105,2025-04-01,6.7,1022.9,75,11.4,11.4,1.2,.8,1.1,1.9,3.9,4.5
22105,2025-04-02,3.9,1020,76,10.6,11.1,1.3,.8,1.1,1.9,5.3,6.3
22105,2025-04-03,5.8,1020.7,74,10,11.1,2.4,1.5,1.8,3.2,7,8.3
22105,2025-04-04,5.5,1019.1,82,11.8,10.8,1.9,1.2,1.5,2.6,7.7,8.3
22105,2025-04-05,6.4,1011.8,84,12,10.7,2.2,1.4,1.9,3.3,5.7,6.7
22105,2025-04-06,3.8,1012.6,73,12.7,11.6,1.3,.8,1.1,1.9,5,6.3
22105,2025-04-07,5.3,1015.3,78,13,11.1,1.2,.8,1.5,2.3,4.5,6.7
22105,2025-04-08,4.4,1012.1,77,13.5,11.3,1.6,1,1.3,1.9,5.3,7.1
22105,2025-04-09,6.4,1011.5,90,12.5,11.1,1.5,1,1.4,2.1,5.8,7.1
22105,2025-04-10,3.5,1006.4,91,12.8,11.8,1.1,.7,1.2,1.7,4.9,5.3
22105,2025-04-11,5.1,1011.2,95,12.8,12.5,.7,.4,.8,1.2,4,5.3
22105,2025-04-12,9.2,1008.3,94,13.4,12.7,1.6,1,1.6,2.6,4,5.6
22105,2025-04-13,10,997.2,67,10.5,12.1,3.1,1.9,2.4,3.9,6.1,7.7
22105,2025-04-14,7.4,999,71,9.3,11.4,1.8,1.2,1.6,2.5,6.1,8.3
22105,2025-04-15,6.9,1002.8,67,11,11.2,2.7,1.7,2.2,4.4,6.6,7.7
22105,2025-04-16,5.8,1006.7,81,14,11.8,1.2,.8,1.1,1.6,6.2,7.7
22105,2025-04-17,8.1,1005.3,88,15.5,12.6,2.3,1.5,1.8,3.3,5.8,7.7
22105,2025-04-18,4.5,1007.4,92,16,13.6,1.8,1.2,1.5,2.5,7.4,12.5
22105,2025-04-19,6.3,1007.7,95,14.1,12.7,1.9,1.3,1.9,3.3,8.4,10.5
22105,2025-04-20,3.4,1015.6,90,12.6,11.7,1.4,.9,1.4,2.2,5.7,6.3
22105,2025-04-21,6.7,1016.7,94,13.2,11.8,1,.7,.8,1.5,5.5,7.7
22105,2025-04-22,7.7,1006.7,95,14.2,12.2,1.5,1,1.5,2.3,4.2,5.9
22105,2025-04-23,6.4,1008.4,85,11.8,11.8,3.1,2,2.3,4.8,7.1,7.7
22105,2025-04-24,6.6,1005.5,89,14,12.4,2,1.3,1.4,2.6,7.2,7.7
22105,2025-04-25,6,1012.6,64,14.3,12.8,1.6,1,1.5,2.5,5,5.6
22105,2025-04-26,6.3,1015,68,15.5,12.8,1.3,.9,1.4,2,4.6,5.9
22105,2025-04-27,5,1011.8,70,16.4,12.7,1.3,.9,1.1,2.2,4.7,5.9
22105,2025-04-28,5.8,1008.5,78,14.1,13.1,1.3,.8,1.8,3.5,4.5,7.1
22105,2025-04-29,6.1,1012.4,69,14.2,13.3,2.3,1.4,2.4,4.5,6.3,8.3
22105,2025-04-30,6,1012.8,83,16,13.4,2.5,1.6,2,2.9,9.9,11.8
22105,2025-05-01,9.8,1007,89,15.9,13,3.2,2.1,2.7,4.5,8.3,11.8
22105,2025-05-02,6.6,1007.2,73,14.8,12.9,1.9,1.2,1.7,2.5,5.7,7.1
22105,2025-05-03,6.6,1006.1,83,14.4,13.2,1.4,.9,1.2,2.1,4.3,6.3
22105,2025-05-04,6.3,1009,65,16.1,13.5,1.6,1,1.4,2.8,4.8,6.3
22105,2025-05-05,3.5,1012.9,76,14.8,13.6,1,.6,.8,1.2,4.3,5.9
22105,2025-05-06,3.1,1008.1,82,14.7,13.6,.8,.5,.6,1.1,3.9,5.6
22105,2025-05-07,3.4,1013.5,86,15.3,13.9,.7,.5,.6,1,4.8,6.3
22105,2025-05-08,6.5,1017.3,90,16,14.1,1.3,.8,1.4,2.3,4,5
22105,2025-05-09,6.4,1008.6,97,15.6,14.2,1.5,.9,1.4,2.2,4.5,5.6
22105,2025-05-10,4.4,998.2,93,14.6,14.8,3,1.9,2.3,3.4,7.7,9.1
22105,2025-05-11,3.1,1004.9,89,16.5,15.4,2.4,1.5,1.9,3.2,8.6,10.5
22105,2025-05-12,4,1007.7,79,18.1,16,1.4,.9,1.2,2,7.5,8.3
22105,2025-05-13,4.7,1012.6,84,17.9,15.2,1.2,.8,1.1,1.8,5.5,7.7
22105,2025-05-14,5.1,1014.2,78,18.6,15.4,1.4,.9,1.6,2.6,5,6.3
22105,2025-05-15,6.8,1012.9,90,18.2,15,1.8,1.2,1.4,2.4,5.6,6.3
22105,2025-05-16,5.8,1012,96,18,14.9,1.5,1,1.5,2.3,5.1,5.9
22105,2025-05-17,4.8,1003.4,95,17.8,15.4,1.3,.9,1.6,2.7,5.2,7.7
22105,2025-05-18,6.2,1009.1,78,17,15.6,1.7,1.1,1.5,3.2,6.1,8.3
22105,2025-05-19,6.1,1005,87,17.7,15.2,1.7,1.1,1.9,2.8,5.2,7.7
22105,2025-05-20,6,1005.8,90,19.4,15.6,2.5,1.6,2.1,3.4,6.6,7.7
22105,2025-05-21,4.7,1008.3,95,18.3,16.2,1.5,1,1.6,2.3,5.2,6.7
22105,2025-05-22,5.7,1010.7,92,16.2,16,1.6,1,1.3,2.1,5.2,5.9
22105,2025-05-23,2.3,1014.6,92,16.7,16,.9,.5,.7,1.1,4.9,6.3
22105,2025-05-24,6.3,1011.6,87,15.9,15.1,2.1,1.3,2,3.6,5.6,7.7
22105,2025-05-25,5.6,1014,84,16.1,15.3,2.6,1.7,2.3,3.8,7.6,8.3
22105,2025-05-26,5.6,1017.4,95,17.3,15.9,1.4,.9,1.1,1.9,6.4,7.1
22105,2025-05-27,6.3,1018.5,94,17.8,16,1.4,.9,1.2,1.9,4.5,7.7
22105,2025-05-28,4,1019.1,95,17.5,16.5,.8,.5,.7,1.1,5,7.7
22105,2025-05-29,2.6,1016.7,83,17.6,17.2,.4,.3,.4,.6,3.7,6.7
22105,2025-05-30,4.5,1014.5,88,18.1,16.9,.7,.5,.6,1,3.3,3.8
22105,2025-05-31,4.1,1011.3,91,18.4,16.9,.7,.5,.6,1.1,4.3,6.7
22105,2025-06-01,4,1009.8,90,18,17.1,1.5,1,1.1,1.8,6.7,8.3
22105,2025-06-02,4.8,1004.3,98,18.9,17.2,1.5,1,1.2,1.9,8.1,8.3
22105,2025-06-03,4.4,998.8,94,19.2,17.7,1.1,.7,.9,1.5,4.7,7.7
22105,2025-06-04,5,1001.8,74,20.9,18.3,1.2,.8,1.2,1.9,4.5,7.7
22105,2025-06-05,4.9,1008.4,83,20.9,18.7,1.4,.9,1.3,2.1,6.4,8.3
22105,2025-06-06,4.6,1006.6,79,22.3,18.8,1.3,.9,1.1,1.8,4.8,5.6
22105,2025-06-07,3.1,1007.2,84,22,19.1,1.1,.7,1,1.5,4.5,5.6
22105,2025-06-08,1.7,1008.1,92,22.2,19.7,.8,.5,.9,1.5,4.7,5.6
22105,2025-06-09,5.4,1006.3,96,21.1,18.9,1.1,.7,1.4,2.2,4.2,7.7
22105,2025-06-10,4.9,1004,90,22.1,19.6,1.5,1,1.4,2.2,5,5.6
22105,2025-06-11,3.4,1009.9,78,22.7,19.5,1.2,.7,1,1.6,4.9,5.9
22105,2025-06-12,4.5,1015.5,94,21.4,19.9,.8,.5,.7,1.3,4.2,6.3
22105,2025-06-13,8,1012.8,95,21.5,20,1.5,1,1.3,2,4,4.3
22105,2025-06-14,3.9,1002.5,99,20.6,19.8,1.2,.8,1.2,2.1,4.7,6.3
22105,2025-06-15,4.3,1000.1,99,20.6,20.1,1.2,.8,1.1,1.9,5.5,6.7
22105,2025-06-16,5.4,997.6,97,22.2,19.7,1.9,1.2,1.6,2.8,5.7,6.3
22105,2025-06-17,5.9,1004.2,94,22.5,19.5,2.1,1.3,1.6,2.8,6,6.7
22105,2025-06-18,2.3,1009.6,94,23.7,20.7,1.3,.8,1.1,1.8,5.5,6.3
22105,2025-06-19,3.3,1012.1,92,24.1,21.5,.9,.6,.7,1.2,4.5,5.6
22105,2025-06-20,8.9,1006.1,96,23.7,20.6,2.1,1.3,2.7,4.1,4.7,7.1
22105,2025-06-21,8.3,1001.9,97,21.6,18.5,3,1.9,2.5,4.3,6.9,7.7
22105,2025-06-22,5.1,1004.4,93,20.5,17.9,1.4,.9,1.3,2.3,6.2,6.7
22105,2025-06-23,1.7,1007.7,93,22.2,18.8,.7,.4,.6,1.1,3.8,5.9
22105,2025-06-24,1.9,1010.5,99,21.5,19.5,.4,.3,.5,.8,4.4,6.7
22105,2025-06-25,4.2,1007.3,99,20.7,18.9,1.5,.9,1.5,2.4,5,7.1
22105,2025-06-26,1.9,1007.3,98,21.2,19.1,1.5,1,1.2,2.1,5.8,7.1
22105,2025-06-27,2.5,1007.8,97,22.9,20.3,.8,.5,.7,1.3,5,5.9
22105,2025-06-28,3.1,1007.4,99,23.5,21.1,.4,.3,.4,.7,3.4,6.3
22105,2025-06-29,3.5,1007.1,98,24.3,21.7,.6,.4,.5,1,3.3,4.2
22105,2025-06-30,2.5,1009.6,94,25.8,22.8,.7,.5,.7,1.2,4.4,5.3
22105,2025-07-01,3.8,1011.2,93,26.1,22.8,.7,.5,.6,1,4.2,5.6
22105,2025-07-02,3.3,1010.8,94,26.1,22.8,.6,.4,.5,.8,4,5
22105,2025-07-03,2.7,1008.4,94,26.7,23.3,.6,.4,.5,.9,3.8,4.3
22105,2025-07-04,3.2,1004.7,88,26.3,23,.8,.6,.7,1.2,4.4,5
22105,2025-07-05,2.9,1003.2,91,26.7,23.3,1,.6,.8,1.5,5,5.9
22105,2025-07-06,2.7,1002.6,91,27.2,23.9,.8,.5,.7,1.2,4.9,5.9
22105,2025-07-07,2,1006.4,95,27.7,24.7,.6,.4,.5,.8,4.5,5
22105,2025-07-08,3.8,1010.1,99,26.3,24.4,.6,.4,.5,1,4.1,5
22105,2025-07-09,3.6,1011.8,98,26.4,24.4,.5,.4,.5,.8,6.6,11.1
22105,2025-07-10,5.1,1013.9,97,26.2,24.4,1,.7,.9,1.6,3.6,5.3
22105,2025-07-11,4.4,1015.1,89,26.4,24.6,1.8,1.1,1.4,2.6,6.2,7.7
22105,2025-07-12,4.2,1011.1,87,26.2,25.2,1.7,1,1.2,2.1,7.4,7.7
22105,2025-07-13,6.5,1001.8,93,25.8,24.3,1.4,.9,1,1.7,4.5,7.1
22105,2025-07-14,9.8,992.7,97,23.1,23.4,2.8,1.7,2.6,4.2,6.4,9.1
22105,2025-07-15,4.3,995.1,93,24.5,23.2,3,1.9,2.3,3.8,8.5,10
22105,2025-07-16,7.4,1003.1,93,25.4,23.2,2.2,1.5,1.9,3.2,7,9.1
22105,2025-07-17,8,1005.4,96,25.2,22.9,1.8,1.2,1.6,2.4,5.1,5.9
22105,2025-07-18,7.4,1007.2,97,25.5,22.9,2.2,1.4,2.2,3.2,5.6,6.3
22105,2025-07-19,8.7,1009.6,95,24.8,21.8,2.6,1.7,2.2,3.8,6.5,7.7
22105,2025-07-20,7.5,1011.9,95,25.3,21.9,1.5,1,1.2,1.9,4.6,5.6
22105,2025-07-21,6.7,1012.6,95,26.2,22.9,1.3,.9,1.1,1.6,4.1,5.3
22105,2025-07-22,3.8,1012.8,95,26.9,24,.9,.6,1,1.5,4.1,5
22105,2025-07-23,2.2,1012.5,94,28,24.7,.5,.3,.5,.9,3.6,5.6
22105,2025-07-24,4.2,1010.6,97,27.3,24.9,.6,.4,.6,.8,3.4,5
22105,2025-07-25,6.2,1009.4,95,27.6,24.8,1,.6,.7,1.3,3.4,3.8
22105,2025-07-26,6.1,1008,96,28.2,25.3,.9,.6,.8,1.2,3.1,3.7
22105,2025-07-27,7.6,1005.5,88,29.1,25.9,1.3,.8,1.2,1.9,3.8,4.5
22105,2025-07-28,5.4,1003.1,92,28.6,26.1,1.2,.8,1.2,2,4.4,5
22105,2025-07-29,5,1002.1,99,28.5,26.5,.8,.5,.7,1.1,3,3.8
22105,2025-07-30,3.9,1002.5,99,29,27,.6,.4,.5,.9,3.7,4.8
22105,2025-07-31,3.6,1004.2,97,29.2,27.4,.8,.5,.6,1,4.9,5.3
22105,2025-08-01,2.3,1003.8,90,29.5,28,.6,.4,.5,.8,8.6,11.1
22105,2025-08-02,3.6,1002.7,92,29.8,28.3,.7,.5,.6,1,6.8,10.5
22105,2025-08-03,5.9,1001.9,95,30,28.1,,,,,,
22105,2025-08-04,6.3,1001.1,92,28.3,27.4,,,,,,
22105,2025-08-05,3,1004.1,95,28.9,27.4,,,,,,
22105,2025-08-06,6.6,1000.3,92,28.7,27.1,,,,,,
22105,2025-08-07,4.2,1001.6,83,28.2,26.8,,,,,,
22105,2025-08-08,3.2,1004.9,82,28.2,26.9,,,,,,
22105,2025-08-09,5.7,1003.9,86,28.2,26.7,,,,,,
22105,2025-08-10,1.8,1002.6,83,27.9,26.5,,,,,,
22105,2025-08-11,2.3,1006,83,27.9,26.6,,,,,,
22105,2025-08-13,5.8,1013,97,28.5,26.3,,,,,,
22105,2025-08-14,4.6,1013.4,94,29.2,26.4,,,,,,
22105,2025-08-15,3,1014.3,87,28.9,26.9,,,,,,
22105,2025-08-16,2.9,1012.2,89,29.9,27.4,,,,,,
22105,2025-08-17,3.1,1013.1,81,30.2,27.5,,,,,,
22105,2025-08-18,3.7,1012.9,92,29.8,27.5,,,,,,
22105,2025-08-19,4.6,1009.7,88,30.2,27.4,,,,,,
22105,2025-08-20,3.7,1008.8,89,30.1,27.5,,,,,,
22105,2025-08-21,2,1010,89,30.2,27.9,,,,,,
22105,2025-08-22,6,1007.9,92,29.7,27.7,,,,,,
22105,2025-08-23,1.4,1009.5,85,30.6,28.1,,,,,,
22105,2025-08-24,3,1011.3,91,30.5,28.5,,,,,,
22105,2025-08-25,4.9,1009.3,92,30.3,28.6,,,,,,
22105,2025-08-26,6.4,1006.8,87,29,27.6,,,,,,
22105,2025-08-27,4.7,1012.2,82,28.9,27.3,,,,,,
22105,2025-08-28,4.6,1013,93,27.2,25.3,,,,,,
22105,2025-08-29,4.9,1011.8,95,26.8,22.6,,,,,,
22105,2025-08-30,1.9,1013.6,94,28.8,24.3,,,,,,
22105,2025-08-31,4.7,1009.8,97,28.6,26.3,,,,,,
22105,2025-09-01,7.4,1005.5,94,27.3,24.3,,,,,,
22105,2025-09-02,2.4,1009.4,97,25.6,23.3,,,,,,
22105,2025-09-03,1.3,1013.2,95,25.9,22.7,,,,,,
22105,2025-09-04,3.3,1011.8,95,26.3,23.2,,,,,,
22105,2025-09-05,2.6,1011.4,89,27.1,24.6,,,,,,
22105,2025-09-06,7.6,1006.9,91,28.1,25.2,,,,,,
22105,2025-09-07,3.2,1006.6,93,27.9,25.8,,,,,,
22105,2025-09-08,2.6,1010.2,85,27.5,26.4,,,,,,
22105,2025-09-09,3.8,1012.3,87,27.4,25.6,,,,,,
22105,2025-09-10,3.8,1013.9,86,25.6,25.5,,,,,,
22105,2025-09-11,4.5,1017.5,82,26.9,24.8,,,,,,
22105,2025-09-12,3.8,1014.9,89,26.6,24.5,,,,,,
22105,2025-09-13,7.2,1007.5,95,24.4,23.3,,,,,,
22105,2025-09-14,2.8,1011.8,92,24.6,22.8,,,,,,
22105,2025-09-15,1.8,1014.7,95,25.3,22.4,,,,,,
22105,2025-09-16,3,1011.5,94,24.9,22.8,,,.6,1,,4.2
22105,2025-09-17,4.9,1010.2,93,23.5,23,1.7,1.1,2.7,4.4,5.4,10
22105,2025-09-18,5.8,1017.5,72,21.9,21.7,2.3,1.5,1.9,3.2,7,8.3
22105,2025-09-19,3.4,1018.8,72,20.9,22,1.5,1,1.6,2.8,6.6,7.1
22105,2025-09-20,7.8,1008.8,93,20.1,22.5,3.1,1.9,2.7,4.6,6.9,8.3
22105,2025-09-21,5.7,1018.5,72,21.7,22.5,2.7,1.7,2.1,4,7.9,9.1
22105,2025-09-22,4.7,1022.5,66,22.1,22.2,2.1,1.3,1.6,2.8,7.9,9.1
22105,2025-09-23,5,1021,75,22.6,22.4,1.3,.9,1.2,1.8,7.3,9.1
22105,2025-09-24,6.4,1014.4,91,23.9,22.2,1.4,.9,1.3,2,4.9,6.7
22105,2025-09-25,2.1,1016.3,96,23.2,22.3,1.3,.8,1.2,2,5.5,6.3
22105,2025-09-26,3.4,1019.1,84,22.9,22.6,1.1,.7,.9,1.4,5.3,6.7
22105,2025-09-27,4,1018.7,76,23.7,23.7,.8,.5,.8,1.2,4.2,4.8
22105,2025-09-28,8.5,1010.1,81,22.8,23.7,1.6,1,1.6,2.8,4.4,5.6
22105,2025-09-29,6.9,1012.2,74,21.8,23.7,2.2,1.4,1.7,2.9,6.5,7.1
22105,2025-09-30,3.7,1012.7,74,22.4,23.2,1.6,1,1.3,2.2,6.9,7.7
22105,2025-10-01,3,1012.9,70,23.1,23.6,.7,.5,1,1.3,5.5,9.1
22105,2025-10-02,3.4,1018.1,79,23.1,24.6,.6,.4,.5,.8,5.1,7.7
22105,2025-10-03,5.8,1018.2,78,23.1,24.9,1.2,.7,1.2,2.2,4.9,5.9
22105,2025-10-04,5.1,1014.4,83,23.2,24.1,1.5,1,1.2,2,5.9,6.3
22105,2025-10-05,4.2,1014.8,86,22.7,25,1,.6,.8,1.2,5.5,6.7
22105,2025-10-06,8.4,1017.8,77,22.4,24.3,3.6,2.2,3.2,5.8,7.1,9.1
22105,2025-10-07,7.7,1017,79,22.3,23.9,3.5,2.3,3.1,5.5,8,9.1
22105,2025-10-08,4.7,1017.7,81,22.2,24.7,1.6,1,1.4,2.2,6.8,7.7
22105,2025-10-09,7.7,1021.5,67,20.7,24.6,3.4,2.1,2.6,4.5,7.4,8.3
22105,2025-10-10,7,1019.4,71,21.5,24.1,2.4,1.5,1.6,2.9,7.3,10.5
22105,2025-10-11,5.3,1012.8,85,22.1,24.8,2.5,1.6,1.8,3,6.3,7.1
22105,2025-10-12,9.2,1014,85,20.9,24.5,3.3,2.2,2.7,5,7.5,9.1
22105,2025-10-13,7.5,1017,81,19.5,24.2,2.8,1.9,2.4,3.8,7.9,9.1
22105,2025-10-14,9.1,1018.5,84,20.2,24.4,3.1,2,2.3,3.7,7,7.7
22105,2025-10-15,7.6,1020.5,77,21.5,23.4,2.3,1.4,1.6,3,6.4,7.1
22105,2025-10-16,7.8,1019.3,81,20.8,23.3,2.6,1.6,2.1,3.5,6.7,7.7
22105,2025-10-17,6.3,1022.1,75,21.3,23.1,3.4,2.1,2.6,4.6,8.3,9.1
22105,2025-10-18,8.9,1019.2,88,18,22.3,4,2.5,4.8,7.5,8.4,11.8
22105,2025-10-19,8.2,1023.1,75,17.7,21.1,3.9,2.5,4.1,6.7,9.1,11.8
22105,2025-10-20,9.6,1026.9,79,14.3,20.7,5.2,3.2,4.2,7,9,10.5
22105,2025-10-21,7.9,1028.6,79,14.7,20.6,3.1,2,2.8,4.4,6.8,8.3
22105,2025-10-22,9.3,1029.2,77,15.7,20.5,3.8,2.3,3,5.2,7,7.7
22105,2025-10-23,6.7,1027.9,71,16.9,20.5,2.5,1.6,2,3.3,6.2,7.1
22105,2025-10-24,9.2,1026.5,71,16.9,20,3.7,2.3,3.9,6.9,7.2,9.1
22105,2025-10-25,4.4,1021.1,77,17.7,19.4,1.8,1.1,1.3,2.1,6.1,6.7
22105,2025-10-26,5.6,1015.9,61,17.2,20.6,1.3,.8,1,1.7,5.2,6.7
22105,2025-10-27,8.8,1017.6,46,13.3,20.4,3.3,2,2.6,4.5,7.3,10
22105,2025-10-28,6.3,1025.9,41,12.3,20.8,2.5,1.6,2.6,4.2,6.8,7.7
22105,2025-10-29,3.7,1029,54,14.6,18.1,1.2,.8,1.1,1.8,5.7,7.7
22105,2025-10-30,7.1,1024.2,62,17.4,19.3,1.1,.8,.9,1.4,4.5,11.1
22105,2025-10-31,2.5,1016.5,68,18,21.7,.8,.5,1.2,1.8,7.8,10.5
22105,2025-11-01,8.4,1009.6,62,16.6,21.7,2.5,1.6,1.8,3.3,6.6,7.1
22105,2025-11-02,11.3,1014.5,55,13.7,19.7,3.8,2.4,3.5,5.9,7.1,8.3
22105,2025-11-03,7,1027.3,60,12.8,18.4,5.1,3.3,4.3,6.9,10.1,11.1
22105,2025-11-04,6.1,1024.8,57,16.9,20.7,2.1,1.3,2.5,3.9,9.1,10
22105,2025-11-05,4.6,1024,67,16.5,20.5,1.1,.7,1.1,1.7,5.1,6.3
22105,2025-11-06,4.3,1023.7,69,16.4,19.6,.9,.6,.8,1.3,5,6.7
22105,2025-11-07,2.9,1026,66,16.9,19.7,.9,.5,1.9,3.7,4.9,6.7
22105,2025-11-08,8.2,1023.2,77,16.3,20.5,3.4,2.2,2.5,5.5,7.2,9.1
22105,2025-11-09,5.9,1013.5,65,17.2,20.7,1.9,1.2,1.5,2.4,9.1,12.5
22105,2025-11-10,8.5,1015.9,45,13.5,20.8,3.5,2.2,3.3,6.2,7.6,9.1
22105,2025-11-11,6.6,1021.1,51,14,20.7,2.3,1.5,2,3.9,6.8,9.1
22105,2025-11-12,4.1,1021.2,54,16.4,20.6,1.2,.8,1,1.6,5.6,6.7
22105,2025-11-13,4.9,1016.7,48,17.2,20.1,1.4,.9,1.4,2.1,5.1,6.3
22105,2025-11-14,5.2,1018.7,60,15.9,19.6,1.4,.9,1.6,2.8,6.1,8.3
22105,2025-11-15,5.9,1025.4,64,15.3,18.8,2.1,1.3,1.8,3.6,6.4,8.3
22105,2025-11-16,6.9,1022.7,53,17.7,18.5,1.5,1,1.6,2.5,4.7,6.3
22105,2025-11-17,9.5,1021.7,48,11.7,18.7,3.5,2.1,3.2,5.8,7.6,10
22105,2025-11-18,8.5,1022.5,54,7.2,19,3.7,2.3,2.8,5.7,8,9.1
22105,2025-11-19,4.9,1023,56,9.7,18.8,2.6,1.7,2.5,4.7,8.1,9.1
22105,2025-11-20,7.4,1019.3,52,13.1,18.7,1.8,1.2,1.5,2.5,6,10.5
22105,2025-11-21,7.2,1021.6,46,12,18.1,2.7,1.7,2.3,3.9,7.6,10
22105,2025-11-22,3.3,1023,53,13.8,18.8,1.4,.9,1.5,2.6,6.1,7.1
22105,2025-11-23,3.9,1020.3,52,14.9,19.6,1,.7,.8,1.4,5.1,5.9
22105,2025-11-24,3.9,1016.1,53,16.1,19.4,.9,.6,1,1.8,4.1,5.3
22105,2025-11-25,7.8,1012.2,64,13.1,19,1.8,1.2,3.8,6.5,5,10
22105,2025-11-26,6.3,1021.9,65,12.8,18.5,3.9,2.5,3.7,5.9,8.6,10
22105,2025-11-27,9.8,1011.8,60,12.1,16.7,2.5,1.6,2.1,3.5,6.2,8.3
22105,2025-11-28,6.6,1018,50,8.5,15.8,4,2.6,3.3,6.9,9.1,11.1
22105,2025-11-29,7.8,1016,49,13.2,18.5,2.7,1.8,2.6,4.8,6.6,10
22105,2025-11-30,7.5,1013.6,58,16.3,18.9,1.7,1.1,1.4,2.2,4.2,5
22105,2025-12-01,6.3,1015.8,49,13.2,18.6,2.9,1.8,2.5,4.4,7.2,10
22105,2025-12-02,8.8,1018.2,46,8.4,18.2,3.3,2,2.5,4.8,7.8,9.1
22105,2025-12-03,12,1019.6,57,1.5,17.8,4.7,3,3.8,6.1,8.7,10
22105,2025-12-04,7.8,1021.2,51,3.9,18.2,3.6,2.3,3.2,5.2,8.5,10
22105,2025-12-05,6.6,1022.1,50,5.6,17.9,3,1.8,2.7,5.1,7,8.3
22105,2025-12-06,5.8,1018.6,51,9.9,17.3,1.9,1.2,1.4,2.5,6.2,7.7
22105,2025-12-07,7.2,1017.2,50,13.8,16.8,2,1.3,1.7,2.7,5.2,6.7
22105,2025-12-08,9.1,1022.8,46,9.3,16.6,3.2,2,3.1,4.8,7.2,8.3
22105,2025-12-09,6,1024.6,43,8.8,16.2,2.2,1.4,1.7,2.7,6.9,7.7
22105,2025-12-10,5.6,1023.1,51,11,16.8,1.7,1.1,1.6,2.6,6,7.1
22105,2025-12-11,9.5,1018.5,68,10.3,16.5,2.9,1.7,4,7.2,6.1,10.5
22105,2025-12-12,7.9,1031.9,71,5.1,16.1,4.7,2.9,4.2,7.3,9.9,11.1
22105,2025-12-13,7.4,1021,78,8.7,16.3,2.2,1.4,1.8,2.8,6.3,8.3
22105,2025-12-14,10.9,1014.6,63,6.8,17.3,4.8,2.9,4,7.4,8.5,11.8
22105,2025-12-15,5.2,1022.2,52,7,15.8,4.4,2.8,3.3,5.4,10.6,11.8
22105,2025-12-16,5.7,1020.9,57,10.7,16.8,2.6,1.7,2.2,4.2,10.6,11.8
22105,2025-12-17,7.3,1020.3,74,9.3,16.2,3.2,2,3.2,6.1,8,10
22105,2025-12-18,2.9,1024.3,52,10.4,16.1,1.9,1.2,1.9,3.9,7.3,8.3
22105,2025-12-19,7.3,1019.9,56,13.6,16.3,1.6,1,1.2,2.3,4.6,5.9
22105,2025-12-20,8.5,1015.8,75,15.3,15.1,1.8,1.2,1.4,2.4,5.4,7.7
22105,2025-12-21,10.6,1023,53,7.5,16.2,4.4,2.6,3.7,7.6,7.8,10
22105,2025-12-22,3.7,1029.9,58,6.9,16.9,2.9,1.9,2.5,4.3,8.5,9.1
22105,2025-12-23,6.5,1021.8,72,11.4,15.5,2,1.3,1.6,2.8,6.2,7.7
22105,2025-12-24,5.7,1015.4,72,10.2,15,1.7,1.1,2.5,4.2,5.7,8.3
22105,2025-12-25,11.7,1012.2,75,5.5,15,5.6,3.4,4.4,7.3,8.9,10
22105,2025-12-26,10.1,1020.4,66,-.1,15.1,6.1,3.8,4.5,7.8,10,11.1
22105,2025-12-27,7.5,1022,56,4.3,13.7,3.2,2.1,2.9,4.8,7.8,9.1
22105,2025-12-28,4.6,1020.2,52,7.9,14.9,1.5,1,1.3,1.9,6.2,8.3
22105,2025-12-29,8.6,1015.2,55,10.7,14,1.9,1.2,1.7,2.9,4.8,5.3
22105,2025-12-30,9.5,1020.9,47,6.2,14,3.6,2.2,2.5,4.9,7.6,8.3
22105,2025-12-31,9.2,1022.2,49,1.8,14.5,3.2,2,2.3,4.4,7.3,8.3
22105,2026-01-01,8.7,1020.7,63,0,14.2,3.5,2.2,2.4,4.8,8.3,10
22105,2026-01-02,9.7,1019,77,.9,14.3,4.6,2.8,3.6,5.8,8.7,11.1
22105,2026-01-03,5.7,1021.7,52,4.1,13.8,3.5,2.1,2.7,5.7,9.8,11.1
22105,2026-01-04,5.5,1018.9,47,7,13.6,2.6,1.7,2.1,4.4,8.1,10.5
22105,2026-01-05,8.7,1017.7,57,5.2,14,3.4,2.2,3.2,5.4,7.7,9.1
22105,2026-01-06,5,1018.8,44,6.4,13.8,2.3,1.5,2,3.1,7.6,9.1
22105,2026-01-07,10.1,1015.1,49,6.6,14.3,2.8,1.8,2.9,5,6.3,7.7
22105,2026-01-08,8.1,1022.5,64,.8,13.7,4.4,2.7,3.4,6.6,9,10.5
22105,2026-01-09,6.4,1018.4,48,5.7,13.4,2.2,1.4,1.7,2.7,8.9,11.8
22105,2026-01-10,13.8,1006.9,64,6.6,13.4,4,2.6,3.6,6.2,6.3,11.1
22105,2026-01-11,14.2,1017.3,55,0,13.3,6.7,4.2,5.2,7.9,9.6,11.1
22105,2026-01-12,6.2,1016.3,51,2.4,12.9,4,2.5,3.2,5.2,11,12.5
22105,2026-01-13,12.9,1011.2,50,4.2,13,4.4,2.8,3.5,5.7,8.2,11.8
22105,2026-01-14,5.8,1019.9,47,4.2,13,3,1.9,3.3,4.9,8.5,10
22105,2026-01-15,7.7,1012.2,65,11.6,12.9,2.3,1.4,1.7,3,6.2,8.3
22105,2026-01-16,5,1016.4,49,11.3,13.1,1.8,1.2,1.7,2.6,6,7.1
22105,2026-01-17,5.6,1019.2,62,7.4,12.7,2.7,1.6,2.1,3.9,7.2,8.3
22105,2026-01-18,3.6,1021.1,69,7.8,12.9,2.4,1.5,2,3.4,7.8,9.1
22105,2026-01-19,9.7,1017.9,73,5.9,,3.4,2.2,3.4,5.3,7.6,8.3
22105,2026-01-20,8.2,1023,75,.6,12.6,4.4,2.7,3.6,6.9,9.9,11.1
22105,2026-01-21,11,1020,57,-.1,12.6,4.1,2.5,3.3,5.9,7.6,10
22105,2026-01-22,9.7,1020.9,55,-1.4,12.4,4.6,2.9,3.8,5.8,8.7,10
22105,2026-01-23,8.7,1021.2,48,1.4,12.3,3,2,2.2,3.9,7.7,9.1
22105,2026-01-24,10.2,1019.4,48,1.8,11.8,3.5,2.2,2.8,4.8,7.2,8.3
22105,2026-01-25,7.7,1026.6,57,.5,11,4.2,2.6,3.1,5.6,8.7,10.5
22105,2026-01-26,5.1,1022.5,51,4.1,12,2.7,1.7,2.4,3.7,8.6,10
22105,2026-01-27,8.1,1020.8,58,2.6,11.9,2.9,1.9,2.3,3.9,7.5,9.1
22105,2026-01-28,9.1,1024.2,60,1.6,11.7,3.8,2.4,2.8,5.6,8.3,9.1
22105,2026-01-29,9,1024.9,49,1.4,11.7,3.5,2.2,2.7,5,8.1,9.1
22105,2026-01-30,7.3,1026.8,57,.3,11.8,3.4,2.2,2.7,4.5,8.5,9.1
22105,2026-01-31,5.3,1023.9,49,2.8,11.7,2.5,1.6,2.1,3.4,8.1,9.1
22105,2026-02-01,8.3,1022.5,45,2.9,11.7,3.2,2,2.5,4.1,7.5,8.3
22105,2026-02-02,7.4,1023.6,62,2.3,11.8,2.7,1.7,2.2,3.5,7,7.7
22105,2026-02-03,3.9,1024.2,46,5.4,11.6,1.4,.9,1.2,2.3,6.9,7.7
22105,2026-02-04,4.1,1019.3,51,8.5,11.6,1.6,1,1.3,2,5.9,7.7
22105,2026-02-05,6.2,1014.9,55,9.6,11.5,1.3,.8,1.1,1.9,5,6.7
22105,2026-02-06,8.8,1019.4,70,3,11.7,4.2,2.6,3.2,5.5,9,11.1
22105,2026-02-07,8.8,1018.6,75,0,11.4,3.3,2.1,3.1,4.8,8.1,11.1
22105,2026-02-08,11.1,1021.7,63,-.8,11.3,5,3.1,4.3,7.3,9.4,11.8
22105,2026-02-09,4.5,1023.2,45,5,11.2,2.7,1.8,2.7,4,9.6,11.1
22105,2026-02-10,4.3,1017.8,49,7.8,11.1,1.5,1,1.2,2.1,6.6,9.1
22105,2026-02-11,6.7,1017.7,56,7.4,11.2,2,1.3,2.1,3.8,5.8,7.7
22105,2026-02-12,5.5,1019.1,46,7.7,11.2,1.6,1,1.4,2.2,5.8,8.3
22105,2026-02-13,4.2,1016.5,56,10.4,11.2,1.1,.7,1,1.6,4.6,5.6
22105,2026-02-14,3,1014.1,68,11.8,11.2,1.2,.8,1.2,1.6,5,5.6
22105,2026-02-15,4.4,1016.4,69,11.1,11.2,1.3,.8,1,1.7,5.1,6.3
22105,2026-02-16,7.3,1023.4,71,4.7,11,3.1,1.9,2.6,4.4,7.6,10
22105,2026-02-17,5.2,1018.9,53,7.6,11,1.7,1.1,1.5,2.5,7.2,8.3
22105,2026-02-18,8.7,1019.4,57,5.1,10.8,3.5,2.2,3.1,5.9,7.3,11.1
22105,2026-02-19,4.3,1020.9,49,7.9,10.9,2.6,1.6,2.4,4.1,9.2,10.5
22105,2026-02-20,4.3,1015.8,52,11.1,11.4,1.8,1.1,1.2,2.4,10.7,11.8
22105,2026-02-21,9.2,1010.7,69,12.3,11.1,2.3,1.5,2,3.4,6.3,10.5
22105,2026-02-22,11.7,1005.6,60,12.3,10.9,3.8,2.3,3.5,6.5,6.6,8.3
22105,2026-02-23,6.9,1021.5,35,7.5,10.9,3,2,3.4,6.7,7.4,9.1
22105,2026-02-24,4.6,1025.2,66,5.4,10.7,1.5,1,1.4,2.1,6.4,7.7
22105,2026-02-25,5.5,1025.3,66,8.1,10.6,1.8,1.1,1.8,3.1,5.9,7.7
22105,2026-02-26,4.9,1021.7,67,8.8,10.6,2.4,1.6,1.8,3,8.1,9.1
22105,2026-02-27,7.5,1017.8,73,7.7,10.5,2,1.3,1.5,2.4,6.6,8.3
22105,2026-02-28,6.5,1024.2,69,7.1,,2.2,1.4,1.7,3,6.9,7.1
22105,2026-03-01,7.3,1027.4,69,7.1,,2.7,1.7,2,3.3,7.9,8.3
22105,2026-03-02,9,1024.9,76,7.1,11,3.1,1.9,2.5,4,7,7.7
22105,2026-03-03,10.3,1022.7,79,6.2,10.6,5.2,3.1,3.9,6.8,8.2,9.1
22105,2026-03-04,5.1,1024.5,67,6.9,10.6,3.5,2.1,2.6,4.9,9.2,10
22105,2026-03-05,7.7,1023.5,72,8.6,10.6,2.7,1.7,2,3.9,8.9,11.1
22105,2026-03-06,10.2,1016.8,70,7.8,10.4,3.4,2.2,3.1,4.8,6.9,10
22105,2026-03-07,7.7,1024,75,4,10.3,4.6,2.8,3.4,5.8,10.3,11.1
22105,2026-03-08,3.7,1025.9,57,7,10.5,3.2,1.9,2.3,4,10.2,11.1
22105,2026-03-09,7.6,1024.7,59,6.8,10.5,2.8,1.8,2.2,3.9,10.5,11.1
22105,2026-03-10,3.7,1026.1,68,6.5,10.4,1.9,1.2,1.6,2.4,10.4,11.1
22105,2026-03-11,3,1024.9,62,9.6,10.5,1.2,.8,1.1,1.9,7.7,10
22105,2026-03-12,7.7,1027.6,68,8.1,10.4,1.7,1.1,1.8,2.9,4.7,5.9
22105,2026-03-13,7.1,1031.2,64,6.1,,3,1.9,2.1,4,6.9,9.1
22105,2026-03-14,3.5,1028.2,60,8,10.8,2.6,1.6,2,3.1,9.9,10.5
22105,2026-03-15,2.5,1024.5,72,9.4,10.7,1.6,1,1.3,2,8.7,9.1
22105,2026-03-16,2.5,1023.4,66,10.8,10.8,1.1,.7,.9,1.5,6.9,8.3
22105,2026-03-17,6.4,1021.3,76,11.3,10.5,1.1,.7,.9,1.8,4.1,7.1
22105,2026-03-18,7.2,1013.2,80,10.3,10.5,1.6,1,1.1,2.2,4.8,5.6
22105,2026-03-19,7.2,1015.6,65,9.5,10.5,2.7,1.7,2.4,4.3,7.3,9.1
22105,2026-03-20,7.4,1018.3,50,10.2,10.6,1.9,1.3,1.9,2.5,5.9,9.1
22105,2026-03-21,6.8,1022.3,78,11.3,10.5,1.9,1.3,1.6,2.7,6.5,10
22105,2026-03-22,2.4,1018.4,82,12.3,10.7,1.3,.8,1.3,2.3,6.8,10
22105,2026-03-23,6,1020.8,67,11,10.6,1.9,1.1,1.7,3.4,6.3,10
22105,2026-03-24,5.1,1019.7,67,10.8,10.7,1.2,.8,1,1.7,4.8,6.7
22105,2026-03-25,4.1,1014.6,88,,10.7,1.2,.8,.9,1.8,5.2,6.3
22105,2026-03-26,2.9,1014.2,91,12.2,11.1,.7,.5,.6,1.1,5.9,6.3
22105,2026-03-27,3.3,1011.3,91,13.4,11.5,.7,.4,.6,.9,4.3,5.6
22105,2026-03-28,6.2,1015.6,85,11.4,11,1.9,1.1,1.8,3.1,5.5,6.7
22105,2026-03-29,5.2,1016.7,90,12.3,11.2,1,.6,1.1,1.7,4.4,5.3
22105,2026-03-30,3.6,1014.1,94,13.3,11.8,1.3,.8,1.1,1.9,4.5,5
22105,2026-03-31,7.6,1010.9,88,11.6,12.2,2.6,1.6,2.2,3.6,5.9,8.3
22105,2026-04-01,3.7,1013.4,83,12.4,13,2.3,1.4,2.1,3.9,8.1,9.1
22105,2026-04-02,3.9,1012.6,82,14.5,14.3,1.1,.7,.8,1.2,6.8,7.7
22105,2026-04-03,6,1012.7,75,15.5,13.4,1.4,.9,1.9,3.5,4.8,6.7
22105,2026-04-04,6,1001.8,94,12.7,13.5,2.4,1.5,2.2,3.9,6,8.3
22105,2026-04-05,3.6,1006.9,89,14.6,14.1,1.7,1.1,1.4,2.4,7,8.3
22105,2026-04-06,5.7,1008,65,14.2,13.5,1.7,1.1,1.6,2.6,5.9,7.1
22105,2026-04-07,7.4,1013.9,40,10.8,12.8,3.3,2.1,2.9,4.9,7.2,8.3
22105,2026-04-08,6.6,1015.9,62,13.5,12.7,1.9,1.2,2.1,3.4,6,7.1
22105,2026-04-09,8.5,1006.3,83,13.9,13.1,2.9,1.9,3.2,6.2,6.5,8.3
22105,2026-04-10,5.6,998.8,88,13.2,14,2.8,1.8,2.4,4.2,7.2,8.3
22105,2026-04-11,5.3,1008.3,71,15.2,13.8,2.1,1.4,1.7,3,7.4,11.8
22105,2026-04-12,6.7,1014.7,81,14.1,13.3,1.9,1.2,1.5,2.7,8.8,11.1
22105,2026-04-13,4,1017,78,14.6,12.9,1.6,1,1.3,2.1,6.1,10
22105,2026-04-14,3.9,1016,80,13.9,13.1,1.5,1,1.1,1.9,9,11.8
22105,2026-04-15,5.3,1014.7,80,13.8,13.4,1.5,1,1.2,2.1,5.6,6.3
22105,2026-04-16,6,1021.2,73,14,13.6,1.8,1.1,1.5,2.4,5.7,6.3
22105,2026-04-17,7.8,1014.9,83,14.3,13.5,1.9,1.2,1.3,2.3,5.5,6.7
22105,2026-04-18,3.7,1014.6,94,15.8,13.9,.9,.6,1,1.7,5,7.1
22105,2026-04-19,5.5,1014.1,99,14.6,14,.9,.6,.8,1.4,3.8,6.3
22105,2026-04-20,8.1,1007.6,86,15.6,13.7,1.7,1.1,2,3.6,4.5,5.6
22105,2026-04-21,6.4,1014.3,58,16.2,13.7,2.1,1.4,2.2,4,6.3,7.7
22105,2026-04-22,4.6,1011.5,72,16,13.9,1.3,.8,1.2,1.8,4.8,6.7
22105,2026-04-23,7.1,1013,65,14.5,13.6,2.2,1.4,2,3.1,5.6,7.1
22105,2026-04-24,4.3,1018.1,69,14,13.7,1.9,1.2,1.4,2.5,6.8,7.1
22105,2026-04-25,7.8,1018,87,14.8,13.6,2,1.2,1.6,2.7,6,7.1
22105,2026-04-26,6,1011.5,88,16.1,14.1,1.4,1,1.4,2.3,4.6,6.3
22105,2026-04-27,4.6,1011.5,90,15.1,14.6,1.4,.9,1.2,2,5.3,6.7
22105,2026-04-28,6.5,1012.1,85,14.4,14.7,1.8,1.1,2.1,3.2,5.6,7.1
22105,2026-04-29,4.7,1018.3,72,14,15.1,1.3,.9,1.6,2.3,5.7,7.1
22105,2026-04-30,6.1,1014.9,82,14.9,15.1,1.1,.7,.8,1.2,3.7,4.3
22105,2026-05-01,6.1,1005.8,85,14.1,15,1.7,1.1,1.5,2.6,5.2,6.3
22105,2026-05-02,4.1,1008.7,76,18.5,15.2,1.1,.8,1.1,1.7,6.1,7.1
22105,2026-05-03,4.9,1002.1,92,13.9,14.9,1.2,.8,1.1,1.8,5.2,7.1
22105,2026-05-04,8.4,1009.5,75,13.7,14.3,2.8,1.8,2.6,4.8,7.9,9.1
22105,2026-05-05,8,1014.5,77,16.3,14.2,2.3,1.4,2,3.4,7.7,10
22105,2026-05-06,6.3,1013.1,80,17,14.5,2,1.3,1.8,2.7,5.7,6.7
22105,2026-05-07,3.9,1009.1,86,17.1,15,1,.7,1.1,2.2,4.6,5.6
22105,2026-05-08,7.3,1011,70,15.8,14.9,2,1.3,2,3.1,5.8,7.7
22105,2026-05-09,4.7,1017.7,67,17.1,15.2,1.5,1,1.3,2,6.8,8.3
22105,2026-05-10,6.3,1015.9,80,17.6,15.4,1.7,1,1.8,3.1,4.8,6.3
22105,2026-05-11,4.3,1012.9,83,18.2,15.9,1.7,1.1,1.6,2.9,5.5,6.3
22105,2026-05-12,2.8,1009,92,18.4,16.1,.9,.6,1,1.5,5.2,5.6
22105,2026-05-13,4.1,1009,92,18.4,16.5,.7,.5,.6,1,3.9,4.8
22105,2026-05-14,3.4,1018,93,17.5,16.6,.9,.6,1.1,1.7,4.9,9.1
22105,2026-05-15,5.8,1021.4,90,17.3,16.5,1.4,1,1.1,1.6,6.7,9.1
22105,2026-05-16,4.8,1019.9,94,18.5,16.7,1,.7,1,1.6,3.9,4.5
22105,2026-05-17,2.4,1017.6,95,20.4,18,.5,.4,.5,.9,3.6,4.2
22105,2026-05-18,3,1014.8,89,20.8,18.4,.9,.6,1,1.9,4.2,6.7
22105,2026-05-19,2.8,1014.3,88,20.9,18.8,.8,.5,.8,1.3,4.3,5.6
