지점,일시,평균 풍속(m/s),평균기압(hPa),평균 상대습도(%),평균 기온(°C),평균 수온(°C),평균 최대 파고(m),평균 유의 파고(m),최고 유의 파고(m),최고 최대 파고(m),평균 파주기(sec),최고 파주기(sec)
22103,2007-01-01,5.4,1025.9,77,9.8,12.6,.9,.5,.7,1.2,5,9
22103,2007-01-02,5.6,1022.2,80,10.1,12.9,.9,.6,.7,1.3,4.3,8
22103,2007-01-03,10.5,1023.4,75,11.1,12.6,2.7,1.6,2.6,4.6,5.5,8
22103,2007-01-04,9.3,1025.2,70,10.6,12.7,2.4,1.5,2,3.3,5.5,7
22103,2007-01-05,7.4,1023.6,70,10.6,13.4,1.9,1.1,1.4,2.5,5,7
22103,2007-01-06,13.1,1017.1,68,6.2,13,3.3,2.1,3.4,5.3,6,10
22103,2007-01-07,13.7,1021.4,69,5.5,12.8,3.5,2.1,2.6,5,4.7,6
22103,2007-01-08,10.6,1026,62,5.4,12.4,2.2,1.3,1.8,3.4,3.9,5
22103,2007-01-09,7.6,1028.1,61,5.3,11.9,1.4,.9,1.3,2.2,6.1,12
22103,2007-01-10,5.8,1030.3,55,6,11,1,.6,.8,1.3,6.6,12
22103,2007-01-11,4.5,1030.6,55,6.7,9.7,.9,.5,.8,1.4,4.6,10
22103,2007-01-12,8.5,1028,62,5.5,11.7,1.5,.9,1.5,2.3,3.2,4
22103,2007-01-13,10.2,1027.4,64,3.6,10.9,2,1.2,1.4,2.4,3.9,4
22103,2007-01-14,7.1,1028.8,56,5,10.4,1.5,.9,1.6,3,4.8,9
22103,2007-01-15,2.4,1026.6,65,8.4,11.4,.6,.4,.5,.7,8,10
22103,2007-01-16,5.3,1023.3,83,7.3,11.6,.8,.5,.6,1,4.7,9
22103,2007-01-17,8,1023.4,61,7.5,11.2,1.2,.7,1,1.7,3,4
22103,2007-01-18,9,1025.9,54,7.2,11,1.6,1,1.2,2.1,3.8,5
22103,2007-01-19,4.5,1027.4,45,6.5,11.3,.9,.6,1,1.7,4.1,9
22103,2007-01-20,4.1,1026.6,51,8.1,12.5,.7,.4,.5,.8,5.6,9
22103,2007-01-21,6.1,1026,74,9.5,13.7,1.1,.6,.9,1.5,3.7,5
22103,2007-01-22,7.5,1027.1,56,8,13.3,1.4,.8,1.2,2.1,3.7,5
22103,2007-01-23,5,1025.8,66,9.4,13.5,1.2,.7,.9,1.5,4.6,7
22103,2007-01-24,8.2,1024.2,64,7.5,13.2,1.4,.9,1.2,2,3.6,4
22103,2007-01-25,5.2,1024.9,58,7.2,12.8,1,.6,.9,1.5,3.9,6
22103,2007-01-26,9,1020.5,63,7.5,12.9,2.2,1.3,2.5,4.5,4.8,9
22103,2007-01-27,9.5,1024.2,58,6.1,12.6,2.3,1.4,2.1,3.6,5,9
22103,2007-01-28,7.9,1025,63,5,12,1.6,1,1.4,2.1,4.1,6
22103,2007-01-29,6,1025.5,57,5.2,11.9,1.2,.7,1.1,1.7,4.3,9
22103,2007-01-30,6.6,1024.2,64,7.2,11.9,1.4,.9,1.5,2.7,5.5,9
22103,2007-01-31,7.5,1026.3,58,4.2,11.5,1.4,.9,1.2,2.4,3.6,6
22103,2007-02-01,10.9,1023.9,66,3,11.2,2.1,1.3,1.6,3,3.8,4
22103,2007-02-02,10,1025.5,65,2.4,10.7,2,1.3,1.7,2.9,4.2,7
22103,2007-02-03,8.9,1023.5,68,7.1,11.7,1.8,1,1.6,2.8,3.8,5
22103,2007-02-04,4.2,1023.9,63,8.8,13,1.1,.7,1.3,2.1,4.4,6
22103,2007-02-05,1.9,1022.2,70,11.6,13.9,.7,.4,.5,.8,5.5,10
22103,2007-02-06,1.2,1022.4,81,13.3,14.3,.7,.4,.5,.9,3.8,7
22103,2007-02-07,3.5,1024.8,84,12.9,14.6,.6,.4,.5,.7,4.8,9
22103,2007-02-08,6,1019.1,91,14.2,14.9,1.5,.9,1.5,2.4,4.4,6
22103,2007-02-09,9,1015.9,78,9.6,13.7,1.8,1.1,1.6,2.9,4.5,6
22103,2007-02-10,10.2,1016.2,67,8.2,12.7,2,1.2,1.8,3.2,3.9,5
22103,2007-02-11,9.4,1020.4,62,6.4,12.1,1.8,1.1,1.5,2.5,3.5,5
22103,2007-02-12,3.1,1021.5,52,6.7,12.3,.8,.5,.8,1.3,4.3,8
22103,2007-02-13,7.1,1016.3,74,13.4,12.6,1.8,1.2,3.1,5.3,4.8,8
22103,2007-02-14,12.8,1014.8,69,7,12.5,3.8,2.4,3.2,4.5,5.9,8
22103,2007-02-15,8.2,1022.5,57,5.2,11.7,1.7,1.1,1.9,2.9,4.9,9
22103,2007-02-16,6.2,1020.9,66,8.8,12.1,1.1,.6,1,1.8,4.5,9
22103,2007-02-17,10.7,1013.8,88,9.8,12.6,3,1.9,2.5,3.9,5.8,7
22103,2007-02-18,4.4,1014,74,9.6,13.1,1.5,.9,1.6,2.3,6.4,8
22103,2007-02-19,5.8,1017,65,8.4,13.2,1.1,.7,.9,1.7,4.3,7
22103,2007-02-20,3,1019.4,63,9.7,13.4,.6,.4,.5,.9,5.3,7
22103,2007-02-21,3.3,1021.3,58,11.2,13.6,.6,.4,.5,.7,3.4,7
22103,2007-02-22,4.1,1015.8,65,12.2,14.2,.6,.4,.6,1,3.3,6
22103,2007-02-23,8.6,1017.2,57,10,13.4,1.4,.9,1.1,1.7,3.2,4
22103,2007-02-24,6.7,1021.4,59,9.2,12.9,1.4,.8,1.1,2,4.1,5
22103,2007-02-25,10.5,1021.2,66,11,13.1,2.9,1.8,2.2,3.9,5.7,7
22103,2007-02-26,7.8,1024.2,70,10.9,13.2,1.9,1.1,1.7,3.1,5.3,7
22103,2007-02-27,4.2,1024.5,71,11.9,14.1,1.1,.7,.9,1.7,6.7,10
22103,2007-02-28,11.7,1027.9,69,10.8,14,3.4,2,2.5,4.4,6.3,8
22103,2007-03-01,8.7,1025.9,70,12.3,14,2.5,1.5,2.1,3.3,5.2,7
22103,2007-03-02,4.8,1021.9,85,14.7,14.4,1.6,1,1.2,2.1,4.3,5
22103,2007-03-03,1.6,1020.3,91,15,15.3,1.1,.7,.9,1.5,4.9,7
22103,2007-03-04,10.1,1011.6,88,14.7,14.6,3.6,2.3,4.1,7.1,6,9
22103,2007-03-05,14.4,1014.3,75,5.1,12.4,4.6,2.8,3.8,5.9,6.9,9
22103,2007-03-06,12.1,1021.9,68,1.8,11.2,2.7,1.6,2.4,4.4,4.3,5
22103,2007-03-07,9.4,1021.1,66,3.5,11.1,1.8,1.1,1.6,2.7,3.5,4
22103,2007-03-08,7.2,1022.8,54,5.8,11.5,1.3,.8,1.2,2.1,3.7,6
22103,2007-03-09,4.7,1024.6,53,7.5,12.4,.8,.5,.9,1.6,4.6,9
22103,2007-03-10,6.4,1017.8,63,9.3,12.7,1.1,.7,1.7,2.5,4.7,10
22103,2007-03-11,11.2,1022.7,53,4.3,11.3,2.3,1.4,1.8,2.8,4,5
22103,2007-03-12,7.9,1023.6,49,6.8,11.7,1.4,.9,1.4,2.2,3.5,4
22103,2007-03-13,7,1020.9,53,8.8,12.1,1.1,.7,.9,1.5,2.8,4
22103,2007-03-14,5.1,1020.7,53,10.4,12.5,.8,.5,.6,1.1,3.8,9
22103,2007-03-15,9.1,1017.8,75,9.9,12.1,2.2,1.4,2,3.2,4.9,8
22103,2007-03-16,8.2,1020,73,10.7,12.5,2.5,1.5,2.1,3.6,5.8,7
22103,2007-03-17,6.9,1022.4,75,9.7,12,1.8,1.1,1.5,2.4,5.2,7
22103,2007-03-18,5.4,1023.2,62,9.8,12.1,1.7,1,1.4,2.6,5,6
22103,2007-03-19,5.6,1022.2,73,9.6,11.7,1.1,.7,1.9,2.8,4.1,7
22103,2007-03-20,6.3,1025.2,69,9.6,12,1.7,1.1,1.8,2.5,5,7
22103,2007-03-21,3.1,1025.4,58,10.8,12.7,.6,.4,.6,1.2,6.2,9
22103,2007-03-22,4.6,1024.7,72,11.6,12.9,.6,.4,.4,.8,4.9,8
22103,2007-03-23,3.7,1020.9,78,13.2,13.3,.8,.5,1.2,2,4.8,8
22103,2007-03-24,9,1006.3,94,13.3,13.1,3.5,2.1,3.2,5.3,6.6,8
22103,2007-03-25,8.3,1010.2,77,11.4,12.6,1.8,1.1,1.6,2.9,5.3,8
22103,2007-03-26,3.3,1015.6,69,13.3,13.1,.9,.5,.7,1.2,5.1,7
22103,2007-03-27,5.3,1012.7,83,13.9,13.6,1.2,.7,1.1,2,4,7
22103,2007-03-28,6.5,1012.3,85,13,13.3,1.8,1.1,2.2,3.8,5.6,8
22103,2007-03-29,5.4,1007.8,92,12.7,13,1.9,1.2,1.9,3.3,5.3,7
22103,2007-03-30,5.7,1012.8,83,12.6,13.1,1.8,1,1.8,2.8,5.5,6
22103,2007-03-31,6.5,1007.2,89,13.9,13.1,2.2,1.3,2,3.3,4.9,6
22103,2007-04-01,6.1,1010.9,65,11.8,12.5,1.2,.7,1.2,1.9,5,6
22103,2007-04-02,9.9,1015.8,56,10.3,11.9,1.7,1,1.7,3.1,3.3,4
22103,2007-04-03,10.6,1019.6,51,8.5,11.1,2.2,1.3,1.7,3.1,4.1,5
22103,2007-04-04,8.8,1022.3,49,10.5,11.6,2,1.2,1.7,2.9,4.7,6
22103,2007-04-05,2.1,1026.3,55,11.1,12.8,.8,.5,.7,1.2,4.7,7
22103,2007-04-06,2.8,1022.8,57,12.6,13.6,.7,.4,.6,1.1,8,12
22103,2007-04-07,6.2,1019.9,75,11.9,13,.9,.5,.7,1.1,6.2,10
22103,2007-04-08,5.2,1018.4,73,12.1,13,.8,.5,.9,1.4,3.3,9
22103,2007-04-09,4.8,1021.6,61,12,12.3,.9,.5,.8,1.3,3.1,4
22103,2007-04-10,2.5,1021.1,67,12.6,13.2,.5,.3,.5,.8,6.8,9
22103,2007-04-11,3.2,1020.3,82,12.8,13.3,.7,.4,.6,.9,5.4,9
22103,2007-04-12,4,1017.8,87,14.3,13.6,1,.6,1.1,1.9,4.3,9
22103,2007-04-13,8.7,1011.9,85,13.7,13.4,2.4,1.5,2.1,3.8,4.8,7
22103,2007-04-14,5.3,1014,72,12.3,13.2,1,.6,1,1.7,4.8,7
22103,2007-04-15,2.7,1009.8,66,13.5,13.9,.6,.4,.5,.8,8.4,10
22103,2007-04-16,7.5,1006.3,85,10.8,12.9,2.1,1.3,2,3.4,5,7
22103,2007-04-17,5.9,1014.7,67,11.1,12.6,1.3,.8,1.1,2.1,5.8,8
22103,2007-04-18,4.4,1014.8,74,11.9,13.1,.9,.6,.8,1.4,4.2,8
22103,2007-04-19,3.3,1018,69,13.6,14.2,.9,.5,1,1.9,4.8,9
22103,2007-04-20,8.3,1015.3,80,16.2,14.3,3,1.9,2.9,4.7,5.4,7
22103,2007-04-21,4.7,1013.4,93,16.1,14.7,2.4,1.5,2,3.2,5.8,7
22103,2007-04-22,4.3,1010,92,15.2,14.5,1.7,1.1,1.5,2.3,5.3,7
22103,2007-04-23,8.7,1014.4,70,13.5,13.8,2.6,1.6,2.4,4.1,6.1,7
22103,2007-04-24,4.5,1012.7,70,13.5,14.1,1.1,.7,1.1,1.7,4.8,7
22103,2007-04-25,7.4,1013.4,73,13.5,13.8,1.3,.8,1.2,2.1,3.5,4
22103,2007-04-26,4.8,1018.4,86,14.4,14.1,1.1,.7,.8,1.6,3.5,4
22103,2007-04-27,4.1,1020.6,82,14.4,14,1,.6,1,1.7,4.6,9
22103,2007-04-28,4.5,1021.7,68,14.4,14.2,.8,.5,.8,1.2,5.2,9
22103,2007-04-29,4.1,1020.4,73,14.4,14.2,.6,.3,.4,.7,8,9
22103,2007-04-30,3.8,1014.4,88,14.5,14.3,.8,.5,1.6,2.4,6.8,9
22103,2007-05-01,9.2,1006.2,89,14.1,14.2,3.4,2.1,2.5,4.6,6.8,9
22103,2007-05-02,8.4,1011.9,87,14,14.3,2,1.2,2.1,3.1,5.1,7
22103,2007-05-03,4,1013.3,88,15.1,15.1,.8,.5,1,1.6,4,6
22103,2007-05-04,3,1009.9,92,16.2,15.6,1.2,.7,1.1,1.8,4.1,5
22103,2007-05-05,2.5,1007.7,98,15.2,15.1,1.1,.6,.8,1.6,4.4,5
22103,2007-05-06,3.4,1003.1,95,14.8,15,1.5,.9,1.2,2,5.6,9
22103,2007-05-07,6.1,1007.3,83,15.5,15.1,1.2,.7,1,1.6,4.5,9
22103,2007-05-08,5.6,1013,79,15.9,15.1,.9,.6,.6,1.2,3.1,4
22103,2007-05-09,5,1012.3,83,16.3,15.1,1.3,.8,1.5,2.2,3.8,5
22103,2007-05-10,6.8,1015,77,15.2,15.2,1.7,1,1.6,2.7,5.1,7
22103,2007-05-11,2.9,1017.2,78,15.8,15.9,.8,.5,.7,1.3,6.3,9
22103,2007-05-12,5.9,1011,78,16,15.4,1.5,.9,1.2,2.2,4.3,7
22103,2007-05-13,4.9,1014.9,78,15.5,15.2,1.1,.6,1.1,1.9,3.9,5
22103,2007-05-14,3,1013.5,78,16.2,16,1,.6,.9,1.3,3.5,4
22103,2007-05-15,2.9,1013.7,78,15.4,16.1,.9,.6,.8,1.4,4,5
22103,2007-05-16,6.9,1002.7,77,16.6,15.8,2,1.2,2.7,4,4.4,7
22103,2007-05-17,8.5,1000.2,76,15.7,15.4,2.7,1.7,2.2,3.6,7.3,8
22103,2007-05-18,7,1002.3,77,15.9,15.5,2.2,1.3,1.7,3.1,5.9,7
22103,2007-05-19,6.6,1008.4,77,15.2,15.5,1.5,.9,1.2,2,4.5,6
22103,2007-05-20,2.5,1013,77,15.7,16.5,.9,.5,.7,1.2,6.8,10
22103,2007-05-21,1,1013.6,77,16.3,17,.7,.4,.5,1,8.9,12
22103,2007-05-22,1,1013.1,76,17.3,18,.7,.4,.5,.9,9.5,12
22103,2007-05-23,3.1,1011.1,76,18.1,18,.8,.5,.6,1,6.3,10
22103,2007-05-24,6,1004.1,75,18.6,17.4,2,1.2,2.5,4.1,5,6
22103,2007-05-25,7.7,1000.6,74,16.5,16.8,2.4,1.5,2.4,3.8,5.5,7
22103,2007-05-26,4.6,1006.6,74,17.7,17,1,.6,.9,1.4,4.8,7
22103,2007-05-27,5.7,1008.6,74,18.4,17.3,1,.6,1.5,2.3,4.9,7
22103,2007-05-28,10.8,1013,75,16.2,16.4,3.1,1.9,2.3,3.8,5.9,7
22103,2007-05-29,4.3,1010.6,76,17,17,1.9,1.1,1.5,2.4,6.3,8
22103,2007-05-30,6.7,1009.4,76,17.2,17,1.4,.8,1.1,2,4.8,8
22103,2007-05-31,3.6,1012.8,78,17.4,17.7,.8,.5,.8,1.2,3.7,5
22103,2007-06-01,6.3,1011.4,87,17.1,17.2,1.3,.8,1,1.7,4.2,5
22103,2007-06-02,8.2,1009.3,92,17.2,17.1,2.2,1.3,2.3,4,5.3,8
22103,2007-06-03,9.1,1010.6,85,18.1,17.3,2.9,1.7,2.3,3.9,6.5,9
22103,2007-06-04,4.1,1011.9,93,18.2,18.2,1.4,.8,1.4,2.5,5.6,7
22103,2007-06-05,2,1010.1,87,19.3,19.4,.9,.6,.7,1.2,5.1,7
22103,2007-06-06,3.8,1010.6,79,18.4,18.8,.9,.6,.6,1.1,5.2,7
22103,2007-06-07,4.7,1009.6,73,19,18.9,.9,.5,.7,1.3,4.4,6
22103,2007-06-08,5.7,1009.4,74,18.3,18.8,1,.6,.9,1.5,3.6,9
22103,2007-06-09,5.9,1010.5,74,18.2,18.3,1.3,.8,1.1,1.9,4.4,5
22103,2007-06-10,2.1,1012.1,74,18.4,19.3,.8,.5,.7,1.2,5.1,7
22103,2007-06-11,1,1012,74,18.8,20,.7,.4,.6,.9,4.3,6
22103,2007-06-12,2.5,1011.6,75,19.4,19.9,.6,.4,.5,.8,3.9,6
22103,2007-06-13,5.5,1006.7,75,18.9,19.7,1.8,1.1,1.5,2.6,6.6,8
22103,2007-06-14,4.8,1004.9,75,19,19.5,1.7,1,1.3,2.2,6.5,8
22103,2007-06-15,8.9,1007.9,74,19.2,18.5,2.5,1.5,1.9,3.2,6,7
22103,2007-06-16,11.4,1009.7,75,19,18.6,3.4,2,2.7,4.8,6.7,8
22103,2007-06-17,8.8,1010.7,76,19.7,19.4,2.3,1.4,1.9,3,5.2,7
22103,2007-06-18,5,1012.1,76,20.2,20.6,1.3,.8,1.1,2.1,4.4,5
22103,2007-06-19,5.6,1013.4,76,20.3,21.1,1.2,.7,.9,1.8,4.2,5
22103,2007-06-20,4,1012.3,75,20.8,21.3,1.1,.6,.9,1.5,4.8,8
22103,2007-06-21,4.1,1007.5,74,21.9,21.5,1.2,.7,1.1,2.1,5,6
22103,2007-06-22,3.9,1004.4,73,19.9,19.9,1.9,1.2,1.4,2.5,5.3,6
22103,2007-06-23,3.1,1007.7,72,19.9,19.9,1,.6,1,1.7,4.7,6
22103,2007-06-24,6.5,1002.1,71,20.5,20.2,1.8,1.1,1.5,2.5,4.6,6
22103,2007-06-25,2.7,1002.7,70,20.1,19.9,1.6,.9,1.3,2.2,6.1,7
22103,2007-06-26,2.5,1005.7,69,20,20.7,1.3,.8,.9,1.5,5.8,7
22103,2007-06-27,2.1,1008.4,68,20.3,21.2,1.1,.7,.8,1.4,5.8,7
22103,2007-06-28,6.2,1006.4,67,23,21.6,1.9,1.1,1.7,2.8,5.4,7
22103,2007-06-29,4.4,1006.3,67,20.8,20.3,2.1,1.3,1.7,2.6,6.8,8
22103,2007-06-30,3.9,1008.2,67,20.1,20.6,1.5,.9,1.2,2,6.7,7
22103,2007-07-01,4,1005.4,67,20.5,19.9,1.8,1.1,1.3,2.3,5.9,7
22103,2007-07-02,2.9,1003.9,67,21.1,20,1.8,1.1,1.3,2.2,6.6,7
22103,2007-07-03,3.2,1004.5,66,20.2,19.7,1.6,1,1.3,2,6.7,8
22103,2007-07-04,4.2,1000.3,65,20.5,20.1,2.1,1.3,1.7,3,6.7,8
22103,2007-07-05,3.3,1006,65,20.3,20,1.9,1.2,1.8,2.7,7.4,8
22103,2007-07-06,5.3,1003.1,67,19.7,20,1.6,1,1.3,2.4,6.1,7
22103,2007-07-07,4.6,1003.9,65,21.8,22,2,1.2,1.5,2.4,7.2,8
22103,2007-07-08,4.7,1004.2,66,21.9,21.7,1.9,1.2,1.5,2.4,7.4,8
22103,2007-07-09,7.7,1001.7,68,22,21.6,2.1,1.3,1.9,3,5.8,8
22103,2007-07-10,6.4,998.7,67,21.7,21.4,2.5,1.6,1.9,3,6.6,8
22103,2007-07-11,4.2,1003,68,21,20.8,1.8,1.1,1.4,2.3,6.8,7
22103,2007-07-12,4.5,1006.6,68,21.4,21.2,1.6,1,1.2,1.9,6,7
22103,2007-07-13,11.6,1004.5,68,21.8,21.4,3.8,2.4,3.6,5.6,11.3,16
22103,2007-07-14,12,996.1,66,23,21.9,5.8,3.5,4.4,8.5,10.7,12
22103,2007-07-15,5.8,1002,68,22.9,22.8,2.2,1.4,1.8,2.9,9.5,12
22103,2007-07-16,6.9,1001.2,70,22,22.4,2.3,1.4,1.7,2.7,5.7,9
22103,2007-07-17,5.3,1003.7,70,22.3,22.3,1.6,1,1.5,2.3,7.5,9
22103,2007-07-18,2.4,1004.1,70,23,23.3,1.3,.8,1,1.7,7.6,8
22103,2007-07-19,5.7,1001.1,70,24.1,23.1,1.6,1,1.2,2.1,7.4,8
22103,2007-07-20,4,1002,69,22.8,23.1,1.7,1.1,1.4,2,7.8,9
22103,2007-07-21,1.4,1004.8,68,23.1,24.1,1.6,1,1.1,2,7.5,8
22103,2007-07-22,4.5,1006.3,68,23,24,1.1,.7,.8,1.4,6.9,8
22103,2007-07-23,1.7,1009.6,69,24.2,25,.8,.5,.6,1.2,5.8,7
22103,2007-07-24,2.4,1010,71,25,25.5,.7,.5,.6,.9,5,6
22103,2007-07-25,2.5,1010.8,70,25.7,26.2,.8,.5,.6,1,4.3,5
22103,2007-07-26,3.8,1010.8,85,25.5,26.5,.6,.4,.4,.8,4.5,5
22103,2007-07-27,4.6,1010.4,95,25,25.7,.5,.3,.4,.7,3.5,7
22103,2007-07-28,4.7,1009.8,93,24.7,24.8,.5,.3,.5,.8,3,6
22103,2007-07-29,4,1009.8,91,25,24.9,.5,.3,.5,.8,3,6
22103,2007-07-30,1.8,1010,93,24.4,25,.6,.4,.5,.9,4.8,9
22103,2007-07-31,2.7,1008,86,26,26.1,.6,.4,.4,.9,4,8
22103,2007-08-01,4.7,1006.3,88,27.7,27.3,1,.6,.8,1.5,3.5,6
22103,2007-08-02,3.3,1004.2,93,26,26.7,1.2,.7,.9,1.6,9.5,16
22103,2007-08-03,4.3,1004.7,93,25.3,25.4,1.1,.7,.8,1.3,5.3,12
22103,2007-08-04,4.2,1008,93,25.6,24.7,1.7,1.1,1.4,2.5,5.5,7
22103,2007-08-05,3.7,1010.4,93,24.6,23.7,1.6,1,1.1,1.9,5.6,7
22103,2007-08-06,4.9,1013.1,91,24.6,24.1,1.5,.9,1.1,1.9,5,6
22103,2007-08-07,5.6,1011.5,88,26.6,25.1,2.2,1.3,1.7,2.9,5.1,7
22103,2007-08-08,7.6,1010.9,89,27.1,25.2,3.5,2.1,2.5,4.4,6.8,8
22103,2007-08-09,5.5,1011.8,91,27.5,26.8,3.1,1.9,2.2,3.6,7.5,9
22103,2007-08-10,6.4,1009.8,85,28,27.7,3.1,1.9,2.4,4.1,6.8,9
22103,2007-08-11,9.5,1005.3,79,28,27.3,5.3,3.3,5.2,8.9,8.4,10
22103,2007-08-12,10.9,1001,88,27,26.4,6.5,4,5.9,9,9,10
22103,2007-08-13,8,1000.7,90,26.7,26.5,4,2.5,3.2,5.4,7.8,9
22103,2007-08-14,7.7,1004.2,89,26.8,26.7,5,3.1,4.6,8.4,9,10
22103,2007-08-15,4,1011.2,91,27.2,27.1,2.7,1.7,2.1,3.4,7.4,9
22103,2007-08-16,2.1,1013.4,91,27.2,28.1,1.5,.9,1.3,2.3,6.2,9
22103,2007-08-17,2.3,1011.9,87,27.1,28.4,1.1,.7,.8,1.4,7.5,12
22103,2007-08-18,2.3,1010.1,85,25.1,28.4,1.5,.9,1.2,2.1,10.8,12
22103,2007-08-19,2,1010.9,,18.6,,2.1,1.3,1.8,3,10.5,12
22103,2007-08-20,2.7,1010.7,89,27.4,28.3,2.1,1.3,1.6,2.6,9.1,10
22103,2007-08-21,3.2,1009.6,89,27,26.9,2,1.2,1.6,2.5,8.3,9
22103,2007-08-22,2.5,1008.9,87,27.4,28.3,1.5,.9,1.2,2,7.6,8
22103,2007-08-23,2.3,1011.6,92,26.6,27.7,.9,.6,.6,1.2,5.8,7
22103,2007-08-24,4,1015,92,27,27.8,1,.6,.7,1.3,6.1,8
22103,2007-08-25,3,1016.2,86,28.3,28.8,1.1,.7,.8,1.4,6.3,9
22103,2007-08-26,3.2,1015.7,83,28.8,30,1.2,.8,.9,1.4,7.6,9
22103,2007-08-27,3.6,1013.4,81,28.8,29.6,1.1,.6,.8,1.5,6.3,7
22103,2007-08-28,4.4,1010.4,81,28.8,29.8,1,.6,.7,1.3,5.6,7
22103,2007-08-29,5.3,1006.5,82,28.4,28.9,1.6,1,1.3,2.1,4.9,7
22103,2007-08-30,5.6,1004.9,85,25.7,28.3,2,1.2,2.4,3.8,5.2,7
22103,2007-08-31,9.4,1007.8,83,25.4,27,2,1.2,1.6,2.7,4.8,5
22103,2007-09-01,9.7,1003.7,86,25.7,27.1,2.9,1.8,2.3,3.6,5.7,7
22103,2007-09-02,6.7,1004.9,81,24.1,26.6,2.2,1.4,1.8,3.1,6.3,7
22103,2007-09-03,2.5,1008.9,74,24.3,27.3,.9,.6,.8,1.4,5,6
22103,2007-09-04,9.1,1008.6,85,24.3,26.3,2.1,1.3,1.8,3.3,4.7,5
22103,2007-09-05,13.6,1004.9,89,23.6,25.2,3.4,2.1,2.7,4.7,5.5,8
22103,2007-09-06,12.1,1002.8,85,23.6,25.1,3.2,1.9,2.8,4.2,5.8,8
22103,2007-09-07,4.2,1005,81,23.2,25.4,1.2,.7,1.4,2.2,5.8,9
22103,2007-09-08,7.1,1007.4,69,23.9,25.5,1.2,.8,1,1.6,4.1,9
22103,2007-09-09,6.2,1010,68,24.4,25.8,1.2,.7,.9,2,5.8,10
22103,2007-09-10,4.4,1012.4,65,25.2,26.6,.8,.4,.6,1,5.9,10
22103,2007-09-11,3.9,1011.6,64,25.8,26.6,.6,.4,.5,.8,5.1,10
22103,2007-09-12,6.8,1011.7,78,25.2,26.1,1.5,.9,1.2,2.2,4.1,5
22103,2007-09-13,9.4,1011.8,80,25.1,25.8,2.3,1.4,1.9,3.4,5,6
22103,2007-09-14,9,1009.1,90,25.6,25.7,2.4,1.5,1.7,3.1,5.2,6
22103,2007-09-15,5.9,1006.6,91,24.7,25.6,2.3,1.4,1.7,3.2,6,9
22103,2007-09-16,14.7,1000.2,91,24.6,25.1,6.4,3.9,9.8,13.7,9,12
22103,2007-09-17,6.3,1011.6,85,24.1,24.9,2.1,1.3,2.2,3.5,5.7,10
22103,2007-09-18,11.8,1012.4,87,24.7,24.1,3.7,2.2,2.7,4.7,6.3,10
22103,2007-09-19,5.1,1012.4,93,25.5,25.1,4,2.4,2.9,6.1,9,10
22103,2007-09-20,5.6,1013.7,91,25.8,25.2,3.5,2.2,2.7,4.2,8.6,10
22103,2007-09-21,3.3,1015.5,88,24.8,25.4,2.1,1.3,2.1,3,7.1,9
22103,2007-09-22,8.2,1016.9,86,24.6,24.9,2.2,1.3,2.5,4.1,6.3,8
22103,2007-09-23,12,1016.9,81,23.9,24.1,3.3,2,2.5,3.9,6.2,8
22103,2007-09-24,7.5,1015.8,83,23.1,23.9,2.2,1.3,2,3.5,5.8,8
22103,2007-09-25,5,1015.6,77,23.8,24.5,1.2,.7,1.3,2.3,6,8
22103,2007-09-26,7.3,1016,73,23.7,24,2,1.2,1.4,2.5,5.3,7
22103,2007-09-27,2.8,1013.9,75,24.3,25.1,.9,.6,.9,1.4,5.7,8
22103,2007-09-28,4.7,1015.3,81,24.1,24.9,.7,.4,.7,1.3,4.8,8
22103,2007-09-29,9.7,1019.2,78,22.6,23.6,2.3,1.4,1.9,3.3,5,7
22103,2007-09-30,7.8,1017.8,70,22.7,23.3,1.8,1.1,1.6,2.7,4.9,7
22103,2007-10-01,3.4,1015.9,75,22.4,23.4,1.1,.7,.8,1.4,6.3,9
22103,2007-10-02,2.7,1016.7,74,22.8,24.2,.7,.4,.5,.8,7.9,9
22103,2007-10-03,4.5,1018,77,23.3,24,1.1,.6,.8,1.4,4.6,9
22103,2007-10-04,2.9,1017.1,81,23.7,24.5,1,.6,.7,1.2,7.3,12
22103,2007-10-05,9.7,1015.5,77,23.1,23.8,2.9,1.8,2.4,3.8,7,10
22103,2007-10-06,10.1,1014.5,71,23,23.4,3.4,2.1,2.5,4.3,7.8,12
22103,2007-10-07,6.2,1011.6,89,23.7,23.6,3.5,2.2,2.6,4.1,11.3,12
22103,2007-10-08,6.2,1012.2,84,20.9,23.1,3.3,2.1,2.8,4.8,10.7,12
22103,2007-10-09,6.9,1012.8,71,20.7,22.1,2.4,1.4,1.8,3.1,9.3,10
22103,2007-10-10,7,1015.7,69,21.6,22.3,2.3,1.4,1.7,2.7,7,9
22103,2007-10-11,,1017.8,58,20.6,22.1,1.3,.8,1,1.7,4,6
22103,2007-10-12,5,1020.8,57,20.5,21.9,.9,.5,.6,1.1,3.2,4
22103,2007-10-13,4.5,1021.5,60,20.8,22,1,.6,.7,1.3,4,5
22103,2007-10-14,5.9,1019.8,56,20.2,22.3,1.1,.7,1,1.7,4.3,7
22103,2007-10-15,5.7,1021.2,67,19.7,21.8,1.6,.9,1.2,2,4.9,7
22103,2007-10-16,6.2,1020.9,60,19,18.5,1.2,.8,1.1,1.7,5.1,7
22103,2007-10-17,4.7,1020.3,58,18.9,20.9,1.1,.7,.9,1.5,4.4,5
22103,2007-10-18,4.3,1020.2,51,18.6,21,1.2,.7,1.1,1.8,5,7
22103,2007-10-19,8,1017,56,17.7,20.7,1.5,.9,1.7,2.6,5,8
22103,2007-10-20,9.7,1020,57,13.9,18.5,2,1.2,1.6,2.7,4,7
22103,2007-10-21,6.4,1020.2,65,15.7,19.1,1.2,.7,1.2,2,3.6,8
22103,2007-10-22,4.1,1020.1,65,17.5,19.6,.7,.4,.5,.9,6.4,10
22103,2007-10-23,5,1023.4,72,19,19.6,.8,.5,.8,1.3,4.3,9
22103,2007-10-24,6.8,1024.1,80,20,19.8,1.3,.8,.9,1.7,4.3,5
22103,2007-10-25,6.1,1020.2,86,20,20.2,1.5,.9,1,1.9,4.4,6
22103,2007-10-26,5.7,1016.3,82,19.4,20.2,1.3,.8,1.4,2.1,3.7,6
22103,2007-10-27,6.5,1016,64,18.6,19.9,1.8,1.1,1.3,2.4,6.3,8
22103,2007-10-28,3.6,1016.5,67,19.4,20.5,1.3,.8,1,1.7,7.8,10
22103,2007-10-29,7.8,1021.3,64,15.4,18.6,1.6,1,1.3,2.5,4.9,8
22103,2007-10-31,3,1022.2,70,16.7,18.6,.8,.4,.5,1,8.2,9
22103,2007-11-01,9.5,1021.3,57,14.9,17.3,1.6,1,1.5,2.5,4.2,9
22103,2007-11-02,7.6,1022.4,50,13.2,16.5,1.5,.9,1.5,2.4,3.6,6
22103,2007-11-03,3.9,1024.6,52,14.3,17.4,.9,.5,.8,1.3,3.9,6
22103,2007-11-04,7.7,1026.4,65,16.5,17.1,1.5,.9,1.6,2.6,3.9,6
22103,2007-11-05,7.1,1023.9,70,17,16.8,1.9,1.1,1.6,2.8,5.4,7
22103,2007-11-06,7.9,1021.8,72,17,16.7,2.1,1.3,1.5,2.7,5.8,8
22103,2007-11-07,5.1,1020.6,72,16.6,17,1.7,1,1.2,2.5,6.3,7
22103,2007-11-08,4.6,1019.6,68,17.1,17.6,1.1,.7,.8,1.4,4.5,6
22103,2007-11-09,6.4,1019.9,74,17.4,18,1.6,1,1.2,2,5.3,6
22103,2007-11-10,8.7,1020.3,62,14.4,16.5,1.5,.9,1.1,2.2,3.7,6
22103,2007-11-11,8.4,1020.2,58,13.4,15.6,1.6,1,1.2,2.1,3.4,4
22103,2007-11-12,5.6,1020.3,55,13,15.5,1.4,.8,1.2,2.2,5.3,9
22103,2007-11-13,3.8,1020.6,57,13.7,15.8,1,.6,.7,1.1,8.7,10
22103,2007-11-14,3,1022.1,61,14.5,15.9,.8,.5,.6,1.1,8.5,10
22103,2007-11-15,6,1024.5,74,14.6,15.5,.9,.6,.9,1.3,4,9
22103,2007-11-16,8.8,1022.5,63,11.5,14.5,1.6,1,1.2,2,3.5,4
22103,2007-11-17,8.5,1018.4,64,11.1,14.1,1.6,.9,1.1,2,3.3,4
22103,2007-11-18,10.9,1024.9,56,8,13.3,2.4,1.5,1.9,3.4,4,4
22103,2007-11-19,5.7,1026.7,57,7,13.4,1.4,.9,1.4,2.5,7.1,9
22103,2007-11-20,9,1024.4,58,10.3,15.1,1.9,1.2,1.5,2.5,4.1,5
22103,2007-11-21,6.2,1028.7,53,10.7,14.8,1.3,.8,1.1,1.8,4.2,7
22103,2007-11-22,4.5,1030.5,40,10.6,14.1,.9,.6,.9,1.5,5.4,9
22103,2007-11-23,1.7,1027,55,12.6,14.5,.8,.5,.6,1,5.3,9
22103,2007-11-24,4.2,1026,63,13.9,14.9,.8,.5,.6,1.1,7.4,9
22103,2007-11-26,4,1021.4,70,13.2,14.4,1.1,.6,.9,1.4,6.7,10.7
22103,2007-11-27,9.2,1017.1,59,9.3,14.1,1.8,1.1,1.2,2,4,4.6
22103,2007-11-28,6,1017.4,57,10,13.8,1.4,.8,1.1,1.9,4.6,6.4
22103,2007-11-29,7.6,1019.2,61,12.3,13.9,1.6,.9,1.3,2.3,5.3,8
22103,2007-11-30,10.2,1024,62,8.8,13.8,2.1,1.3,1.9,3.1,4.3,5.3
22103,2007-12-01,7.9,1025.3,60,9.1,13.4,1.6,.9,1.5,2.8,3.8,8
22103,2007-12-02,6.3,1019.3,70,12.7,16.7,1.7,1,2.3,3.9,6,8
22103,2007-12-03,10.2,1024.1,68,8.9,13.5,2.2,1.3,1.8,3.2,4.7,7.1
22103,2007-12-04,10,1031.3,64,6.1,12.7,2,1.2,1.5,2.7,4.3,4.9
22103,2007-12-05,9.1,1031,62,6.2,12.6,1.6,1,1.3,2.1,3.8,4.3
22103,2007-12-06,4.9,1024.4,70,6.7,12.9,.9,.5,.7,1.2,3.6,8
22103,2007-12-07,9.1,1021.8,68,9.6,13.5,1.6,1,1.4,2.5,4.5,8
22103,2007-12-08,8.9,1024.9,62,8.3,13.1,1.6,.9,1.1,2,3.7,4.3
22103,2007-12-09,6.4,1025.8,66,8.8,14.4,1.1,.6,1.1,1.7,4.1,7.1
22103,2007-12-10,5.3,1021.5,81,11.3,15.2,.9,.6,1.2,2,5.2,8
22103,2007-12-11,6.1,1016.6,90,13.1,15.4,1.7,1,1.4,2.4,5.6,7.1
22103,2007-12-12,4.7,1014,87,10.6,16.2,1,.6,.8,1.4,5,6.4
22103,2007-12-13,10.2,1013.4,72,8.9,15.2,2,1.2,1.8,3.1,4.4,5.8
22103,2007-12-14,8.4,1017.3,65,7.6,15.3,1.7,1,1.5,2.6,4.4,7.1
22103,2007-12-15,8.9,1020.6,64,9.3,14.6,1.8,1.1,1.6,3,4.3,5.8
22103,2007-12-16,6.3,1025.8,63,6.7,13.9,1.3,.8,1.5,2.2,4.4,7.1
22103,2007-12-17,7.1,1023.2,66,8.4,15.2,1.1,.7,.8,1.3,3.8,8
22103,2007-12-18,6.8,1022.5,66,8.7,14.3,1,.6,.9,1.5,3.3,3.8
22103,2007-12-19,5.9,1021.5,64,8.2,13.8,1,.6,.8,1.3,3.7,7.1
22103,2007-12-20,1.7,1024.2,63,11.9,13.1,.6,.4,.6,1,5.2,7.1
22103,2007-12-21,8.1,1024.1,,,11.9,1.5,.9,1.9,3.2,4.5,5.8
22103,2007-12-22,10,1018.9,,,13.5,3.6,2.2,3.2,5.4,7.2,8
22103,2007-12-23,7.7,1021.6,,,14.3,1.6,1,1.2,2.1,5.4,9.1
22103,2007-12-24,8.7,1024.8,,,13.4,1.9,1.1,1.7,3.2,4.7,7.1
22103,2007-12-25,10.1,1024.3,,,12.8,3,1.8,2.2,4.2,6.5,7.1
22103,2007-12-26,9.9,1026.4,,,13.3,2.8,1.7,1.9,3.6,6.5,8
22103,2007-12-27,7.5,1021.8,,,13.9,2.1,1.3,1.7,2.9,5.4,8
22103,2007-12-28,8.4,1013.7,,,14,2.2,1.3,1.6,2.5,6.3,8
22103,2007-12-29,11.3,1012.7,,,16,2.1,1.3,1.8,2.8,4.5,5.8
22103,2007-12-30,14,1013.2,,,14.1,3.9,2.3,2.8,4.8,5.9,7.1
22103,2007-12-31,13.7,1016.6,,,13.1,3.5,2.1,3.1,5.5,5,6.4
22103,2008-01-01,13.6,1020.2,,,14,3.2,2,2.2,3.8,4.8,5.3
22103,2008-01-02,11.1,1024.8,,,12.3,2.4,1.5,2,3.5,4.5,5.3
22103,2008-01-03,8.5,1025.3,,,12.4,1.6,.9,1.1,2.3,4.1,5.3
22103,2008-01-04,5.1,1025,,,11.5,1,.6,.8,1.4,4,7.1
22103,2008-01-05,6.6,1023.2,60,7.7,11.7,1,.6,1,1.6,3.2,4
22103,2008-01-06,4.2,1022.9,63,10,14.5,.6,.4,.5,1,4.8,9.1
22103,2008-01-07,4.8,1018.4,60,10.9,13.3,.7,.4,.7,1.1,6,10.7
22103,2008-01-08,4.9,1019.2,60,9.9,16,.9,.5,.6,1.1,3.9,10.7
22103,2008-01-09,3,1019.9,65,10.3,16,.7,.4,.5,.9,8.8,10.7
22103,2008-01-10,3.2,1022,58,11.4,15.7,.7,.4,.5,.8,8.2,10.7
22103,2008-01-11,8.9,1014.6,87,12.8,14.6,2,1.2,2.3,4.2,4.6,6.4
22103,2008-01-12,8.4,1019.1,83,8.4,14.4,2.6,1.5,2,4,6.7,9.1
22103,2008-01-13,7.6,1026.1,64,6.2,13.9,1.8,1.1,1.5,2.5,6,9.1
22103,2008-01-14,6.7,1028,64,6.2,14.3,1.9,1.2,1.6,2.7,5.7,7.1
22103,2008-01-15,6.1,1029.3,53,5.4,14.4,1.3,.8,1.1,1.9,4,8
22103,2008-01-16,11.2,1031.9,59,2.3,13.7,2.3,1.4,1.8,2.9,4.6,4.9
22103,2008-01-17,5.9,1032,61,1.7,12.5,1.5,.9,1.2,2,5.7,9.1
22103,2008-01-18,6.6,1030.7,41,4,11.3,1.5,.9,1.2,2,4.5,5.8
22103,2008-01-19,7.6,1029.2,59,7.1,13.8,1.5,.9,1.4,2.4,4.1,5.3
22103,2008-01-20,10.4,1021.5,76,8.6,14.6,2.6,1.6,1.8,3.1,5.4,5.8
22103,2008-01-21,12.4,1020.2,80,9,14.7,3.6,2.2,3.1,5,6.7,8
22103,2008-01-22,10.6,1020.2,85,8.6,15.8,3.3,2,2.7,4.5,6.6,8
22103,2008-01-23,11.5,1022.1,72,5.3,15.8,2.4,1.5,2,3.8,4.7,6.4
22103,2008-01-24,11.1,1029.2,62,1.1,14.2,2.5,1.5,1.8,3.5,4.6,5.3
22103,2008-01-25,5.7,1029.7,56,2,13.4,1.4,.9,1.4,2.4,5.5,10.7
22103,2008-01-26,4.4,1027.3,50,4.7,12.9,1.1,.6,.9,1.5,7.8,10.7
22103,2008-01-27,5.3,1025.4,58,6.1,12.3,1.4,.8,1.1,2,5.1,6.4
22103,2008-01-28,7.4,1018.2,72,5,13.3,1.3,.8,1,1.6,3.9,8
22103,2008-01-29,9,1016.7,57,5.4,12.7,1.5,.9,1.2,2.2,3.8,4
22103,2008-01-30,10.3,1021.9,59,4.2,13.1,2.1,1.3,1.6,2.6,4.5,6.4
22103,2008-01-31,10.8,1025.5,62,2.8,13.9,2.1,1.3,1.5,2.6,4.1,4.9
22103,2008-02-01,4.8,1026.5,55,2.6,11.6,1.3,.8,1.4,2.4,5,8
22103,2008-02-02,3.3,1020.9,49,5.7,12.6,.7,.4,.5,.9,6,8
22103,2008-02-03,10.4,1018.8,56,4.7,11.6,1.8,1.2,2,3.2,4.1,5.3
22103,2008-02-04,9,1023.9,58,4.1,11.9,1.7,1.1,1.3,2,4,5.3
22103,2008-02-05,5.9,1024.5,52,2.8,13.5,1.2,.7,1.3,2.2,4.6,7.1
22103,2008-02-06,10.4,1022.2,62,3.3,11.4,2,1.2,1.6,2.9,4.1,4.6
22103,2008-02-07,9.4,1022.7,61,2.8,10.5,1.9,1.2,1.4,2.3,4.4,5.3
22103,2008-02-08,7,1024.6,57,2.9,10.5,1.4,.8,1.4,2.3,4.3,5.8
22103,2008-02-09,10.3,1024,59,3.3,9.8,1.7,1.1,1.3,2.2,4.1,5.3
22103,2008-02-10,5.1,1024.7,53,5.7,11.1,1.2,.8,1.1,1.8,5.6,9.1
22103,2008-02-11,6.8,1021.6,47,7,12,1.3,.7,1.4,2.2,4.4,8
22103,2008-02-12,12,1022.6,58,1.3,11.2,2.7,1.6,1.9,3.7,4.7,4.9
22103,2008-02-13,11,1025.9,55,.1,9.7,2.3,1.3,1.6,3,4.4,4.9
22103,2008-02-14,9.3,1025.6,55,3.9,11.4,1.8,1.1,1.4,2.6,4.3,5.3
22103,2008-02-15,10.7,1026.4,50,3.7,8.2,2,1.2,1.6,2.4,4.3,5.3
22103,2008-02-16,8.5,1030.1,53,2.9,7.8,1.8,1.1,1.4,2.6,4,4.6
22103,2008-02-17,6,1033.1,54,3.6,8.9,1.2,.7,.9,1.5,4.7,9.1
22103,2008-02-18,3.9,1034,53,5.1,11.2,.9,.6,.8,1.2,5.8,8
22103,2008-02-19,8.5,1029.6,53,5.1,10.5,1.4,.9,1.1,2,3.7,4.3
22103,2008-02-20,7.9,1027.3,52,8,11.3,1.4,.8,1,1.8,4,4.9
22103,2008-02-21,2.8,1024.8,46,8.7,9.9,.7,.4,.7,1.1,4.4,7.1
22103,2008-02-22,3.1,1018.8,66,10.3,9.3,.6,.3,.8,1.3,6.5,9.1
22103,2008-02-23,11.9,1021.5,58,4.8,9.5,2.3,1.4,1.7,2.9,4.4,4.9
22103,2008-02-24,6.4,1029.4,47,3.4,8.5,1.9,1.1,1.6,2.5,8.1,10.7
22103,2008-02-25,7.2,1025,61,8.3,9,1.9,1.2,1.4,2.3,7.5,12.8
22103,2008-02-26,10.5,1018.3,72,5.6,9.5,2.2,1.3,1.8,2.9,5.2,10.7
22103,2008-02-27,10.5,1023.6,54,5.4,9.5,2.3,1.4,1.9,3.3,4.9,7.1
22103,2008-02-28,6.8,1020.4,55,6.5,9,1.4,.8,1.4,2.4,5,8
22103,2008-02-29,9.3,1010.9,63,10.2,8.2,2.3,1.4,2,3.3,5.2,7.1
22103,2008-03-01,7.9,1018.4,53,6.8,6.8,1.9,1.2,1.9,3.2,5.4,7.1
22103,2008-03-02,6.5,1015.7,68,10.4,9.2,1.6,1,1.6,2.9,4.8,6.4
22103,2008-03-03,10.8,1015.4,64,7.3,8.9,2.6,1.5,2,3.4,5.9,7.1
22103,2008-03-04,10.5,1019.4,52,6,9.2,2.4,1.5,1.9,3.3,4.7,5.8
22103,2008-03-05,6.3,1025.6,57,6.3,9.9,1.4,.8,1.3,2.1,5.1,7.1
22103,2008-03-06,7.2,1025.1,59,8,9.9,1.2,.7,1.1,1.7,4.2,7.1
22103,2008-03-07,8.1,1026,54,7.1,10.3,1.4,.8,1,1.7,4,5.3
22103,2008-03-08,3,1026.7,60,8.5,8.9,.8,.5,.7,1.2,4.4,5.8
22103,2008-03-09,4.3,1021.1,71,9.2,8.4,.6,.4,.7,1.1,4.2,6.4
22103,2008-03-10,7.7,1020,68,8.9,8.8,1.2,.7,.8,1.5,3.8,4.6
22103,2008-03-11,3.8,1021.3,79,11.4,9.7,.6,.4,.6,1,4.2,8
22103,2008-03-12,3.7,1022.8,85,11.8,10.5,.8,.5,.7,1.1,5,8
22103,2008-03-13,4,1018.3,86,13,11.5,1.2,.7,.9,1.7,4.7,5.3
22103,2008-03-14,6.1,1018.9,72,10.5,9.3,1.1,.7,1.2,2,4.6,8
22103,2008-03-15,4.3,1020.1,68,11.4,10.2,1.4,.8,1.4,2.7,6.3,9.1
22103,2008-03-16,5.2,1018.2,61,11.6,11.3,.9,.6,.7,1.3,6.9,9.1
22103,2008-03-17,3.8,1017.4,64,12,12,.7,.4,.5,.8,8.7,10.7
22103,2008-03-18,7,1015.7,76,12.9,12.4,1.5,.9,1.2,2.3,5.6,9.1
22103,2008-03-19,8.3,1014.7,76,12.2,11.8,2.3,1.4,1.9,3.2,5.8,8
22103,2008-03-20,7.6,1021.3,56,10.9,12.1,2.6,1.5,2.3,3.9,7.4,9.1
22103,2008-03-21,9.6,1021.2,74,11.4,12,3.2,1.9,2.2,4.4,6.8,8
22103,2008-03-22,7.8,1016.3,80,13.4,13.4,2.7,1.6,2.1,3.7,6.1,8
22103,2008-03-23,10.1,1008.5,80,12.4,13.6,3.3,2.1,3,4.7,6.3,8
22103,2008-03-24,9.1,1013.9,80,11.5,12.5,2.1,1.3,1.8,3.1,5.3,6.4
22103,2008-03-25,8.2,1012.7,80,9.9,11.7,1.8,1.1,1.5,3,4.6,5.8
22103,2008-03-26,6.5,1013.8,80,9.4,11.5,1.3,.8,1.3,2,4.4,6.4
22103,2008-03-27,6.1,1012.7,80,11.2,11.4,1.3,.8,1.6,2.4,4.3,5.8
22103,2008-03-28,5.3,1019.8,80,8.7,11,1.1,.7,1.1,1.9,4.3,6.4
22103,2008-03-29,8.6,1021.2,80,11.5,10.9,1.8,1.1,1.5,2.7,4.7,5.8
22103,2008-03-30,9.5,1013.5,80,9.8,12.4,2.4,1.5,1.9,3.2,6,7.1
22103,2008-03-31,11.9,1015.8,80,9.6,12.1,2.1,1.3,1.5,2.6,4.3,4.6
22103,2008-04-01,9.6,1019.1,80,10.4,11.9,1.7,1,1.6,2.6,4.1,4.9
22103,2008-04-02,6.9,1015.3,81,11.4,10.7,1.1,.7,1.3,2,3.7,4.9
22103,2008-04-03,8.3,1016.3,80,11.9,11.3,1.5,.9,1.3,2.1,4.5,5.3
22103,2008-04-04,5.4,1019.3,,12.9,11.5,.9,.5,.7,1.2,3.7,4.6
22103,2008-04-05,2.2,1021,,13.1,12,.5,.3,.4,.7,4.2,8
22103,2008-04-06,4.4,1015.3,,13.5,12.2,.9,.5,1,1.7,4.4,9.1
22103,2008-04-07,6,1010.2,,12.6,12.2,1.8,1,1.3,2.3,6.4,8
22103,2008-04-08,6.2,1014.3,,13.7,12.2,1.3,.8,1.6,2.6,4.9,8
22103,2008-04-09,12.8,1003.2,,13.2,12.4,4.2,2.6,3.5,5.8,6.9,9.1
22103,2008-04-10,7.1,1005.8,,13.2,13.3,2.7,1.7,2.7,5,7.7,9.1
22103,2008-04-11,2,1015.8,,14.3,13.8,1.3,.8,.9,1.7,7.8,9.1
22103,2008-04-12,7.5,1017.7,,13.5,12.3,1.7,1,2.1,3.4,6,7.1
22103,2008-04-13,4.8,1015.7,,13.5,13.5,1.4,.9,1.7,2.6,5.6,6.4
22103,2008-04-14,1.7,1016.9,,13.8,14.3,.7,.4,.5,.9,5.3,9.1
22103,2008-04-15,,1017.2,,14.9,15.1,.7,.4,.5,.9,4.8,8
22103,2008-04-16,5.4,1014.2,93,14.2,13.6,1,.6,1.2,1.9,5.2,9.1
22103,2008-04-17,4.3,1013.3,93,14.6,13,1.3,.8,1.2,2.1,6,7.1
22103,2008-04-18,4.3,1018,83,15.6,14.4,1.1,.6,.8,1.5,7.1,9.1
22103,2008-04-19,4,1020.6,83,15.7,14.8,1.2,.7,.9,1.5,5.7,8
22103,2008-04-20,9.1,1019.9,74,15.7,14.1,2.1,1.3,2,3.4,6,8
22103,2008-04-21,8.9,1019.1,85,15.3,13.6,2.6,1.5,2.2,3.8,6,7.1
22103,2008-04-22,3.9,1017.2,89,15.6,14.5,1.3,.8,1.1,1.8,5,5.8
22103,2008-04-23,6.7,1013.2,85,14.1,14.2,1.3,.8,1.6,3,4.8,7.1
22103,2008-04-24,10.2,1016.3,60,12.4,12.5,2.2,1.3,1.7,3,4.5,7.1
22103,2008-04-25,6.6,1015.2,68,14.9,12.6,1.5,.9,1.9,3.3,4.2,5.8
22103,2008-04-26,11.3,1012.6,70,13.5,12.9,3.2,1.9,2.9,5.2,5.9,6.4
22103,2008-04-27,3.4,1016.1,68,13.6,13.3,.9,.6,.9,1.6,5.6,7.1
22103,2008-04-28,3.4,1016.8,86,15,13.8,1,.6,.9,1.7,4.4,5.8
22103,2008-04-29,,1017.4,95,16,14.7,1.1,.7,.9,1.4,4.6,5.3
22103,2008-04-30,1.7,1016.2,98,15.7,15.2,.7,.4,.5,.9,4.6,6.4
22103,2008-05-01,3.5,1012.4,99,15.5,15.2,1,.6,.9,1.5,6.3,7.1
22103,2008-05-02,1.2,1011,91,17.2,16.2,.9,.6,.8,1.3,6.8,8
22103,2008-05-03,2,1011.4,88,17.6,16.6,.6,.3,.4,.7,7.7,8
22103,2008-05-04,5.4,1005.4,93,17.5,15.5,1.1,.7,2,3.6,5.9,8
22103,2008-05-05,,1006.9,74,16.3,14.1,2.1,1.2,1.9,3.5,5.8,8
22103,2008-05-23,,,,,,,,.9,1.4,,4.9
22103,2008-05-24,5.8,1005.3,99,16.8,13.2,2,1.2,1.6,2.6,6.2,7.1
22103,2008-05-25,4.4,1006.4,95,17.5,13.7,1.1,.7,.8,1.4,6,7.1
22103,2008-05-26,4.7,1009.3,96,16.6,13.8,1.1,.6,.8,1.3,4.9,8
22103,2008-05-27,1.8,1008.3,99,17,14.2,.7,.4,.5,.9,7.1,8
22103,2008-05-28,4.5,1000.4,99,18.7,14.1,1.6,1,1.5,2.2,5.6,8
22103,2008-05-29,4.4,1004.3,94,17.9,14.5,1.7,1,1.3,2.2,5.9,7.1
22103,2008-05-30,5.4,1007.1,90,18,14.5,1.5,.9,1.5,2.4,6.7,8
22103,2008-05-31,4,1009.9,78,17.5,14.5,.9,.5,.7,1.2,7.2,10.7
22103,2008-06-01,3.2,1011.5,89,18.3,14.7,.9,.5,.8,1.4,11.6,16
22103,2008-06-02,5.5,1012.1,92,18.5,14.8,1.7,1,1.3,2.3,11.4,12.8
22103,2008-06-03,8,1012.2,90,18.2,14.8,2.6,1.6,2.1,3.5,6.5,12.8
22103,2008-06-04,10,1009.3,91,18.3,14.9,2.5,1.6,2,2.9,5.9,6.4
22103,2008-06-05,7.3,1006.2,90,17.8,14.4,2.1,1.2,1.5,2.6,5.5,7.1
22103,2008-06-06,5.2,1011.7,88,17.3,14,1,.6,1.3,2,5.7,7.1
22103,2008-06-07,,1011.6,91,18.6,15.4,.5,.3,.4,.7,5.5,7.1
22103,2008-06-08,1.8,1011,95,18.9,15.1,1.1,.7,.9,1.7,6.8,8
22103,2008-06-09,,1011.3,96,19.7,15.6,1.1,.6,.8,1.3,6.3,7.1
22103,2008-06-10,1.7,1009,100,19.5,16.2,.9,.6,.7,1.3,6,6.4
22103,2008-06-11,7.2,1006.8,92,19.4,15.4,1.8,1.1,1.7,2.8,5.8,6.4
22103,2008-06-12,2.5,1009.1,78,19.9,16.6,1.4,.8,1.5,2.5,6.9,8
22103,2008-06-13,2.1,1011.4,93,19.3,17,.9,.5,.7,1.2,7.1,8
22103,2008-06-14,7.9,1013.2,92,19.5,15.6,1.7,1,2.1,3.4,6.1,8
22103,2008-06-15,13.6,1011.5,84,18.8,15.3,4.1,2.6,2.9,5,6.9,8
22103,2008-06-16,13.2,1011.4,86,19,16.2,3.9,2.4,2.7,4.4,6.7,7.1
22103,2008-06-17,9.3,1012.9,97,20.3,17.3,2.7,1.6,2.3,4,6.4,7.1
22103,2008-06-18,8.6,1009.9,98,22.1,17,2.7,1.7,2.1,3.6,5.8,7.1
22103,2008-06-19,2.5,1009.8,97,20.2,17.2,1.8,1.1,1.7,2.9,6.3,7.1
22103,2008-06-20,3.1,1005.5,100,20.7,16.7,1.2,.7,.8,1.4,5.8,6.4
22103,2008-06-21,4,1000.1,100,21,17.3,1.4,.8,1.4,2.6,5.1,5.8
22103,2008-06-22,5.8,1001.5,93,20.8,17.9,2.1,1.3,1.6,2.8,6.3,7.1
22103,2008-06-23,9.2,1005.1,82,20.5,17.7,2.4,1.5,1.8,2.8,6.1,10.7
22103,2008-06-24,8.8,1005.5,85,20.4,17.2,2.2,1.4,1.6,2.7,5.3,5.8
22103,2008-06-25,6.3,1007.2,84,20.7,17.2,1.9,1.1,1.7,2.8,6.1,9.1
22103,2008-06-26,2.9,1009.7,84,20.7,17.9,1.4,.9,1.3,2.2,8.6,10.7
22103,2008-06-27,2.5,1010.8,89,21.1,18,1,.6,.7,1.2,8,9.1
22103,2008-06-28,7.8,1004.6,94,20.9,17.4,2.4,1.5,2.2,3.8,6,8
22103,2008-06-29,4.1,1005.8,93,20.8,17.4,2.7,1.7,2.2,3.7,7.2,8
22103,2008-06-30,4.3,1012.5,91,20.5,17.6,1.7,1,1.3,2.3,7.1,8
22103,2008-07-01,5,1011,92,20.6,18,1.2,.7,.8,1.5,6.4,8
22103,2008-07-02,3.4,1005.8,98,21.7,18.3,1.4,.8,1.1,1.9,5.3,6.4
22103,2008-07-03,3.8,1006.2,97,21.8,18.4,1.8,1,1.4,2.9,6.4,7.1
22103,2008-07-04,1.6,1007.7,99,22.1,18.5,1.6,1,1.3,2.2,7,8
22103,2008-07-05,3.6,1007.1,99,22.6,18.6,1.6,1,1.3,2.3,6.2,7.1
22103,2008-07-06,3.9,1008.6,99,22.6,18.6,1.8,1.1,1.4,2.4,6.6,7.1
22103,2008-07-07,1.8,1011.7,99,22.9,19.1,1.2,.7,1,1.8,6,7.1
22103,2008-07-08,2.7,1012.6,96,23.2,20.3,.8,.5,.6,1,5.2,5.8
22103,2008-07-09,1.3,1011.1,93,24.4,21.7,.5,.3,.4,.6,5.2,7.1
22103,2008-07-10,1.7,1008.1,93,24.6,21.6,.5,.3,.4,.7,6.2,8
22103,2008-07-11,1.9,1006.1,95,24.9,21.5,.6,.4,.6,1,6.1,8
22103,2008-07-12,3.4,1005.8,96,25.3,21.5,1.1,.6,.9,1.5,5,5.8
22103,2008-07-13,3.5,1007.6,96,25.6,21.6,.9,.5,.7,1.2,5.2,6.4
22103,2008-07-14,1.2,1010.2,96,26.2,23.1,.8,.5,.7,1.2,5.4,6.4
22103,2008-07-15,2.3,1008.8,94,26.9,23.5,.6,.4,.4,.8,4.5,5.3
22103,2008-07-16,2.8,1005.7,92,27,23.5,.8,.5,.7,1.1,4.1,4.9
22103,2008-07-17,,1004.9,90,27.1,23.9,1.2,.7,.8,1.3,5.2,6.4
22103,2008-07-18,1.7,1007.4,92,27.3,23.9,1.7,1.1,1.5,2.3,9.2,10.7
22103,2008-07-19,4.7,1007.6,93,27.3,22.5,3.2,1.9,2.4,4.2,10,10.7
22103,2008-07-20,6.1,1005.2,91,27.1,22.3,3.6,2.2,2.6,4.8,9.2,10.7
22103,2008-07-21,3.6,1005,93,25.4,21.8,2.6,1.6,2.3,3.7,8.2,9.1
22103,2008-07-22,,1006,94,25.2,22.8,1.3,.8,1.1,1.8,6.7,7.1
22103,2008-07-23,2.5,1006.8,94,26.4,22.9,.9,.6,.7,1.1,5.9,6.4
22103,2008-07-24,4,1005.8,93,26.7,22.4,1.3,.8,1.1,1.9,5.1,6.4
22103,2008-07-25,3.4,1004.1,94,26.2,21.6,1.5,.9,1.3,2,5.1,6.4
22103,2008-07-26,.7,1007.1,89,26.2,23.1,.9,.5,.7,1.3,4.8,5.3
22103,2008-07-27,1.9,1010.6,93,26.4,23,.9,.6,1,1.7,5.3,8
22103,2008-07-28,1.4,1012.2,92,28.1,24.2,1.9,1.2,1.5,2.7,9.4,12.8
22103,2008-07-29,1.4,1011.9,93,27.4,23.4,3.6,2.3,3.6,5.6,10.9,12.8
22103,2008-07-30,,1012.2,93,27.4,23.6,3.8,2.3,3,4.8,9.8,10.7
22103,2008-07-31,1.6,1013.8,92,27.6,24.4,2.2,1.4,1.9,3,8.6,9.1
22103,2008-08-01,4.7,1011.1,86,27.9,23,1.7,1,1.4,2.1,7.1,8
22103,2008-08-02,6.6,1006.5,86,27.2,22,2.1,1.2,1.4,2.7,6.1,7.1
22103,2008-08-03,4.1,1006.2,91,25.1,20.8,2.1,1.3,1.6,2.7,6.5,8
22103,2008-08-04,.5,1009.9,86,25,21.3,1,.6,.9,1.7,5.1,5.8
22103,2008-08-05,.2,1010.9,,,,.5,.3,.4,.8,5.5,9.1
22103,2008-08-06,2.3,1010,94,24.8,21.6,.5,.3,.6,1,5.8,8
22103,2008-08-07,5.4,1009,85,25.3,22.4,1.7,1,1.2,2,5.6,6.4
22103,2008-08-08,7.1,1007.9,90,26.8,24.6,1.9,1.1,1.6,2.8,5.3,6.4
22103,2008-08-09,4.7,1007.2,92,26.7,24.2,1.3,.8,1,1.6,4.7,5.3
22103,2008-08-10,8,1006.9,89,27.8,24.5,2.3,1.4,2,3.2,5.6,7.1
22103,2008-08-11,4.7,1008.7,90,27.6,24.8,1.8,1.1,1.7,2.8,5.5,9.1
22103,2008-08-12,3.8,1007.4,89,27.6,24.6,1.9,1.2,2,3,5.8,8
22103,2008-08-13,1.5,1007.3,90,27.4,24.5,.9,.5,.9,1.4,6.4,8
22103,2008-08-14,3.2,1003.7,91,26.6,23.6,1.6,1,2.5,5,6.8,8
22103,2008-08-15,3,1001,88,27.1,23.9,1.2,.7,1.3,2.4,5.5,6.4
22103,2008-08-16,5.4,1001.5,88,27,23.9,1.7,1,1.6,2.8,4.8,6.4
22103,2008-08-17,9.3,1007.7,86,26,22.8,2.2,1.4,1.8,2.8,5.8,7.1
22103,2008-08-18,5.7,1006.9,88,27.8,23.5,2.3,1.4,1.9,3.6,6.2,8
22103,2008-08-19,5.7,1007.1,83,26.1,22.8,1.7,1.1,1.5,2.5,7.1,8
22103,2008-08-20,4.1,1007.6,78,25.4,22.9,1.2,.8,1,1.6,6.4,7.1
22103,2008-08-21,7.3,1008.5,79,25.4,23.1,2,1.2,1.9,2.9,6.6,12.8
22103,2008-08-22,8.7,1002,86,26.4,23.6,3.4,2,2.5,4.3,8.4,12.8
22103,2008-08-23,7.9,1003.6,77,24.8,22.4,3.2,2.1,2.7,4,8.8,9.1
22103,2008-08-24,8.3,1010.4,79,24.6,22.1,2.5,1.5,1.8,3.3,7.2,9.1
22103,2008-08-25,9.2,1012.2,73,24.5,22.5,2.2,1.3,1.9,3.2,5.4,7.1
22103,2008-08-26,10.6,1010.1,74,24.3,22.5,2.9,1.8,2,3.7,6.3,7.1
22103,2008-08-27,5.6,1009.6,73,24.5,22.7,1.7,1,1.7,2.9,5.7,7.1
22103,2008-08-28,3.1,1010.7,78,24.8,23,1.1,.7,1,1.5,5.5,7.1
22103,2008-08-29,5.8,1011.4,78,25,22.8,1.5,.9,1.4,2.5,5.4,6.4
22103,2008-08-30,8.4,1010.7,76,24.8,22.9,2.3,1.4,1.7,2.9,6,7.1
22103,2008-08-31,9,1007.9,81,24.9,23.4,2.3,1.4,1.6,2.8,5.6,6.4
22103,2008-09-01,5.7,1003.7,85,25.8,23.9,1.5,.9,1.3,2.3,5.4,7.1
22103,2008-09-02,5.8,1004,81,25.6,23.7,1.7,1,1.2,2.2,6,8
22103,2008-09-03,3.8,1009.6,77,25.1,23.8,1.3,.8,1.3,2.2,5.2,7.1
22103,2008-09-04,6,1011.5,74,24.9,23.4,1.4,.8,1,1.8,5.3,6.4
22103,2008-09-05,5.9,1013.3,75,25,23.2,1.3,.8,1.1,1.8,5.2,6.4
22103,2008-09-06,7.6,1015.6,82,24.8,23,1.7,1,1.2,2.1,5.4,6.4
22103,2008-09-07,6.7,1016.4,70,25.6,22.9,1.6,1,1.2,1.8,5.3,6.4
22103,2008-09-08,6.1,1015.8,72,25.4,23.1,1.6,.9,1.6,3,5.5,6.4
22103,2008-09-09,9.7,1015.8,76,25.2,22.6,2.5,1.5,1.8,3.2,5.8,7.1
22103,2008-09-10,5.8,1014.5,81,25.3,22.7,1.6,1,1.4,2.4,5.2,6.4
22103,2008-09-11,3.1,1011.9,86,25.7,23.1,.9,.5,.6,1.1,6.7,10.7
22103,2008-09-12,.9,1010.5,86,25.6,23.2,1.3,.8,1.1,1.8,10.3,12.8
22103,2008-09-13,1.1,1013.4,85,25.8,23.4,1.7,1.1,1.4,2.1,11.3,12.8
22103,2008-09-14,5.9,1014.8,87,25.8,23,2.1,1.3,1.7,2.9,10.5,10.7
22103,2008-09-15,5.9,1011.3,87,25.4,22.8,2.9,1.8,2.1,3.3,10.1,10.7
22103,2008-09-16,5.8,1009.7,84,25.5,22.9,2.8,1.7,2.1,3.6,9.6,10.7
22103,2008-09-17,6,1010.3,88,25.3,22.8,2.9,1.8,2.1,3.3,9,9.1
22103,2008-09-18,6.5,1009.6,87,25.8,23.3,2.2,1.4,1.7,3.2,8.1,9.1
22103,2008-09-19,3.5,1011.1,81,26.3,23.8,1.3,.8,1.3,2.2,5.7,6.4
22103,2008-09-20,4.8,1010.8,82,26.1,23.7,1.2,.8,1.3,2.2,5.8,6.4
22103,2008-09-21,3.2,1009,81,25.2,23.4,.8,.5,1,2,5,5.8
22103,2008-09-22,6.2,1010,77,26,23.2,1.5,.9,1.1,1.9,4.3,5.3
22103,2008-09-23,1.7,1011.4,88,26.2,23.3,1.4,.8,1,1.7,9.5,12.8
22103,2008-09-24,6.1,1014.1,83,25.7,23,2.1,1.3,1.6,2.7,10.3,10.7
22103,2008-09-25,4.5,1010.3,84,25.2,23.3,1.5,.9,1.2,2,9.4,10.7
22103,2008-09-26,9.7,1013.9,58,21.5,22.2,1.8,1.1,1.5,2.2,4.8,9.1
22103,2008-09-27,5.4,1019.1,52,20.3,21.5,1.3,.8,1.3,2,5,6.4
22103,2008-09-28,7.4,1018.2,67,22,21.1,1.9,1.2,1.7,2.7,8.9,12.8
22103,2008-09-29,8.2,1016.3,66,21.6,20.9,2.9,1.7,2.1,3.4,11.9,12.8
22103,2008-09-30,8.3,1012.7,77,22.4,20.7,2.8,1.8,2.4,3.5,10.7,12.8
22103,2008-10-01,8.2,1012.8,69,23.2,22.4,2.4,1.5,1.9,3.2,8.1,10.7
22103,2008-10-02,5.6,1016.7,66,22.5,21.3,1.8,1.1,1.8,3,5.9,7.1
22103,2008-10-03,2.6,1015.7,71,22.7,21.4,.8,.5,.6,1,4.9,6.4
22103,2008-10-04,3.4,1014.3,75,22.7,20.6,.7,.4,.5,.8,5.5,8
22103,2008-10-05,4.8,1011.6,78,22.6,20.4,1,.6,.8,1.3,4.4,5.8
22103,2008-10-06,5.8,1013,71,22,20.3,.9,.6,.8,1.4,4.4,6.4
22103,2008-10-07,6.4,1016.7,72,20.9,19.9,1.1,.6,.9,1.6,3.6,7.1
22103,2008-10-08,5,1019.3,74,22.4,20,1.1,.7,.9,1.8,4.6,5.8
22103,2008-10-09,4.4,1021.4,74,23.2,20.4,.9,.5,.6,1,4.7,8
22103,2008-10-10,4.1,1018.1,82,22.8,20.4,.9,.5,.8,1.5,5.3,7.1
22103,2008-10-11,6,1018.7,53,19.7,19.6,1.3,.8,1.1,2.4,4.3,6.4
22103,2008-10-12,3.8,1018,63,20.3,19.5,.9,.6,.7,1.2,5,5.8
22103,2008-10-13,2.2,1018.1,60,19.5,19.3,.7,.4,.6,1.1,5.1,8
22103,2008-10-14,5.2,1019.6,65,20.3,18.4,.6,.4,.6,1,3.5,6.4
22103,2008-10-15,2.4,1023,62,21,19.2,.5,.3,.6,.9,3.8,6.4
22103,2008-10-16,4.6,1023.2,69,22,19.6,.8,.5,.7,1.3,3.9,4.6
22103,2008-10-17,5.5,1022.9,76,22.3,19.9,1.2,.7,1.1,1.9,4.6,4.9
22103,2008-10-18,6.2,1022.6,80,22.4,20,1.6,1,1.2,2.2,5.1,5.8
22103,2008-10-19,4.8,1020.1,81,21.9,20,1.2,.8,1,1.6,5,5.8
22103,2008-10-20,4.1,1019.2,75,22.2,20,1,.6,.9,1.4,6.5,9.1
22103,2008-10-21,7.1,1018.9,74,22.9,19.7,2,1.2,1.7,2.7,5.3,5.8
22103,2008-10-22,8.4,1013.9,86,21.9,19.3,2.8,1.8,2.8,4.6,5.7,7.1
22103,2008-10-23,4.2,1012.6,90,21.7,18.2,2.3,1.4,2.3,3.8,7,8
22103,2008-10-24,9.3,1020.4,62,17.9,17.1,1.9,1.2,1.4,2.3,4.8,8
22103,2008-10-25,4.6,1022,54,16.6,17.2,.9,.5,.9,1.6,4.7,8
22103,2008-10-26,7.8,1017.7,66,19.1,16.7,1.5,.9,1.2,2.2,4.1,6.4
22103,2008-10-27,8.9,1019.3,56,17.2,16.5,1.6,1,1.2,2.6,3.9,4.9
22103,2008-10-28,7.8,1017.3,63,16.6,15.8,1.3,.8,1,1.5,3.5,4
22103,2008-10-29,4.9,1017.6,58,17.3,16.2,.7,.4,.7,1.1,4.5,7.1
22103,2008-10-30,4.8,1021.2,61,17.6,16.4,.7,.4,.5,.9,5.9,8
22103,2008-10-31,4.6,1018.5,67,18.6,16.6,.7,.4,.7,1.1,5.3,9.1
22103,2008-11-01,5.8,1019.1,58,16.4,16.5,.8,.5,.7,1.1,3.4,7.1
22103,2008-11-02,4.2,1016.8,71,18.4,16.8,.7,.4,.5,1,5,9.1
22103,2008-11-03,3.9,1017.6,80,18.2,15.4,.6,.4,.5,1,4.2,5.8
22103,2008-11-04,5.8,1021.7,58,15.6,15,.9,.5,.8,1.4,3.8,6.4
22103,2008-11-05,.9,1020.9,70,17.7,16.4,.6,.3,.4,.7,5.8,8
22103,2008-11-06,2.6,1016.7,91,18.3,14.9,.9,.6,.9,1.4,4,4.9
22103,2008-11-07,3.7,1016.9,89,17.5,14.8,.8,.5,.9,1.2,5.1,8
22103,2008-11-08,7.1,1018.6,73,16.1,14.4,1.5,.9,1.6,2.7,5.4,6.4
22103,2008-11-09,7.4,1020.6,73,15.4,15.4,2.4,1.4,1.7,3.1,6.5,8
22103,2008-11-10,8.8,1024,70,15.7,15.6,2.2,1.4,1.9,3.3,5.4,7.1
22103,2008-11-11,8.8,1024.7,62,15.7,16.7,2.5,1.5,1.9,3.7,6.1,7.1
22103,2008-11-12,5.7,1023,65,16.3,16,1.4,.9,1,1.7,5.4,6.4
22103,2008-11-13,3.9,1023.3,63,17.3,17.3,1.1,.7,.9,1.5,5.3,5.8
22103,2008-11-14,2.5,1022.2,65,16.1,16.4,.8,.4,.5,.9,6.9,10.7
22103,2008-11-15,3.4,1016.9,67,16.9,15.8,.7,.4,.7,1.2,7.1,10.7
22103,2008-11-16,7.7,1015.5,67,15.8,15.1,1.2,.7,.8,1.5,3.4,4.3
22103,2008-11-17,9.3,1018.6,55,12.5,14.5,1.6,1,1.5,2.3,3.8,4.6
22103,2008-11-18,9.9,1022.8,63,7.9,14.2,1.9,1.2,1.6,2.5,4.2,4.6
22103,2008-11-19,9.3,1026.2,66,5.9,13.1,2,1.2,1.6,2.7,4.9,9.1
22103,2008-11-20,6.3,1026.5,58,9.1,13.1,1.3,.8,.9,1.8,5.4,9.1
22103,2008-11-21,9.4,1025.4,52,13,13.2,1.9,1.1,1.4,2.8,4.5,5.3
22103,2008-11-22,3.3,1027.5,46,10.6,12.3,.9,.5,.8,1.3,5.4,9.1
22103,2008-11-23,3.6,1024.7,63,13.5,13,.6,.4,.6,1,4.3,9.1
22103,2008-11-24,8.7,1020.5,74,12.8,13.1,1.7,1.1,1.7,2.8,4.3,5.3
22103,2008-11-25,6,1025,62,12.9,13.3,1.1,.7,.8,1.5,3.8,7.1
22103,2008-11-26,3.8,1025.8,53,12.2,12.9,.8,.5,.7,1,6.2,8
22103,2008-11-27,5.9,1017.5,66,11.6,13.3,1.2,.7,1.6,2.6,5.5,9.1
22103,2008-11-28,10,1018.4,66,11.5,13.1,2.4,1.5,2.3,4,5.5,9.1
22103,2008-11-29,11.5,1020.6,56,11.4,13,2.4,1.5,2.1,3.7,5.5,9.1
22103,2008-11-30,6.1,1027.8,47,9.9,12.9,1.4,.9,1.5,2.6,5.5,9.1
22103,2008-12-01,1.8,1024.7,52,12.8,13.7,.7,.5,.6,1.1,8,9.1
22103,2008-12-02,3.3,1020.5,65,15.7,13.8,.9,.6,.7,1.2,4.3,7.1
22103,2008-12-03,3.8,1021.6,65,13.7,13.3,.7,.4,.6,1.1,4.8,8
22103,2008-12-04,8.4,1019.1,73,14.7,13,1.7,1,1.6,2.5,4.6,8
22103,2008-12-05,13.4,1024.5,69,5.5,11.9,3.6,2.2,2.8,4.6,6.3,9.1
22103,2008-12-06,7.6,1029.7,67,2.4,11.5,1.9,1.1,1.8,3.2,6.2,9.1
22103,2008-12-07,3.3,1028.5,64,7.3,12.1,.8,.5,.7,1.1,7.5,10.7
22103,2008-12-08,6.2,1021.8,57,14.3,12.4,1.7,1,1.5,2.3,4.9,6.4
22103,2008-12-09,4.1,1020.2,56,15.2,13,1.3,.7,1.1,2,5.7,6.4
22103,2008-12-10,4,1019.8,67,17.1,13.9,.9,.6,1,1.8,5.1,6.4
22103,2008-12-11,8.9,1018.3,65,12.6,12.9,2,1.3,1.5,2.8,4.9,5.8
22103,2008-12-12,4.8,1022,53,9.4,12.9,1,.6,1,1.6,4.7,8
22103,2008-12-13,7,1021.2,54,10.5,12.5,1.3,.8,1.4,2.6,4.6,8
22103,2008-12-14,11.7,1021.8,56,7,12.7,2.5,1.6,1.9,3.1,4.5,5.3
22103,2008-12-15,6.5,1024.1,52,9,13.1,1.3,.8,1.4,2.4,4.9,8
22103,2008-12-16,2.1,1024.3,58,10,13.5,.6,.4,.5,.9,6.4,10.7
22103,2008-12-17,4.7,1020.6,65,13.5,13.5,.9,.5,1.2,2,5.6,9.1
22103,2008-12-18,9.4,1022.1,55,9,13.5,1.8,1.1,1.7,2.5,4.1,5.3
22103,2008-12-19,5.1,1023,60,9.3,13.2,1.1,.7,1.1,1.8,7.1,10.7
22103,2008-12-20,6.2,1019.8,71,15,13.2,1.9,1.2,1.7,2.7,5.2,6.4
22103,2008-12-21,6.7,1021.4,70,9.6,12.1,1.5,.9,1.2,2,5.6,7.1
22103,2008-12-22,13.2,1027.5,71,4.1,12.4,2.9,1.8,2.1,3.6,4.8,5.3
22103,2008-12-23,7.3,1028.2,60,5.9,12.1,1.6,1,1.5,2.4,5.2,9.1
22103,2008-12-24,3.7,1022.1,67,9,12.3,.8,.5,.7,1.2,5.6,9.1
22103,2008-12-25,12.1,1021.4,61,7.8,12.6,2.8,1.8,2.2,3.8,5,6.4
22103,2008-12-26,9.6,1027.7,57,4.6,12.9,2.1,1.3,1.6,3,4.3,4.9
22103,2008-12-27,4,1025.7,49,6,12.8,1,.6,.9,1.4,6.4,9.1
22103,2008-12-28,3.3,1023.1,58,7.7,12.7,.9,.5,.7,1.3,8,10.7
22103,2008-12-29,8,1020.7,65,9.3,12.1,1.3,.8,1.3,2.1,4.9,10.7
22103,2008-12-30,11.8,1023.2,61,6.4,12.2,2.5,1.5,2,3.3,4.7,7.1
22103,2008-12-31,10.7,1023.9,67,4.1,12,2.1,1.3,1.8,3.2,4.3,4.9
22103,2009-01-01,13.3,1023.8,68,3.5,12.2,2.9,1.8,2.3,4.1,5,5.8
22103,2009-01-02,9.3,1027.4,60,5.5,11.2,2.1,1.3,1.7,2.8,4.3,4.9
22103,2009-01-03,7.2,1027.5,56,7,10.9,1.3,.8,1.2,2.1,5.8,10.7
22103,2009-01-04,6.7,1025.2,53,7.5,11.2,1.1,.6,.8,1.3,7,10.7
22103,2009-01-05,9.1,1025.8,61,6.7,9.5,1.7,1.1,1.4,2.3,3.9,4.3
22103,2009-01-06,5,1026.8,54,5.7,9.8,1,.6,1.1,1.7,4.6,8
22103,2009-01-07,6.6,1026.8,47,6.7,10.5,1.1,.7,1,1.5,3.3,4.3
22103,2009-01-08,6.4,1025.6,49,7,11.8,1.2,.7,1.3,2.1,3.4,4.3
22103,2009-01-09,10.7,1021.3,61,5.5,11.4,2,1.3,1.7,2.6,4.3,5.3
22103,2009-01-10,13.2,1021.6,67,3,10.2,2.9,1.8,2.2,3.5,4.9,5.3
22103,2009-01-11,10.6,1022.3,63,4.9,11,2.1,1.3,1.8,3,4.3,5.3
22103,2009-01-12,13.4,1026.8,69,3,10.6,3,1.8,2,3.7,4.9,5.8
22103,2009-01-13,11.1,1028.9,65,3.7,10,2.4,1.4,2.1,3.5,4.4,5.8
22103,2009-01-14,11.7,1028.9,61,3.8,10.2,2.3,1.4,1.7,2.8,4.8,6.4
22103,2009-01-15,8.7,1031.3,62,2.1,9.6,1.8,1,1.4,3,3.9,4.6
22103,2009-01-16,5.2,1029.3,64,6.3,10,.9,.5,.7,1.2,4.4,9.1
22103,2009-01-17,3.9,1025.8,69,9.9,11,.9,.5,1,1.7,4.9,10.7
22103,2009-01-18,8.8,1018.3,67,13.3,11.8,2,1.2,1.6,2.8,4.8,5.8
22103,2009-01-19,6.6,1023,56,7.3,11.5,1.6,1,1.6,2.7,6.2,7.1
22103,2009-01-20,2.4,1023.1,57,8,11.8,.8,.5,.6,1,7.8,9.1
22103,2009-01-21,2.7,1020.5,62,8.3,11.8,.6,.4,.5,.8,8.3,9.1
22103,2009-01-22,4.6,1016.3,64,9.3,10.8,.7,.4,.9,1.6,7.3,9.1
22103,2009-01-23,13.3,1021.5,71,2.6,10.4,3.3,1.9,2.6,4.4,5.2,7.1
22103,2009-01-24,10.5,1023.3,68,1,9.9,2.3,1.4,1.8,2.9,5.3,9.1
22103,2009-01-25,8.7,1022.3,66,4.2,11.2,1.9,1.2,1.6,2.7,5.4,8
22103,2009-01-26,8.3,1025.1,52,5.3,10.7,1.8,1.1,1.5,2.6,4.8,5.8
22103,2009-01-27,5.1,1028.8,55,5,10.3,.9,.6,.8,1.4,3.6,5.8
22103,2009-01-28,6,1026.3,67,9.5,10.7,1.1,.6,.9,1.5,4,4.9
22103,2009-01-29,8.5,1020.8,84,11.2,11.5,1.7,1,1.5,2.9,4.5,8
22103,2009-01-30,9.3,1014.6,81,11.6,12.2,2.8,1.7,2.1,3.8,7.3,9.1
22103,2009-01-31,6.8,1021.7,61,11.6,12.4,2.2,1.3,1.7,3.2,7.4,10.7
22103,2009-02-01,6,1028.8,65,10.4,11.8,2.1,1.3,1.9,3,9.1,10.7
22103,2009-02-02,1.9,1025.5,63,11.8,11.6,1,.6,.8,1.5,8.7,10.7
22103,2009-02-03,6.2,1020.9,76,10.8,11.3,1.2,.7,1,1.8,5.8,9.1
22103,2009-02-04,4.5,1021,78,12.1,10.8,1.3,.8,1,1.9,5.8,7.1
22103,2009-02-05,6.5,1021.3,56,11.5,10.7,1.1,.7,1.1,1.8,4.2,10.7
22103,2009-02-06,2.8,1023.9,70,9.6,11.2,.8,.5,.8,1.2,4.7,10.7
22103,2009-02-07,5.6,1022,62,9.8,11,1,.6,.9,1.6,6.2,10.7
22103,2009-02-08,4.8,1023,69,9.7,10.9,1.1,.6,1,1.9,4.1,5.3
22103,2009-02-09,6.7,1017.4,72,8.6,10.9,1.2,.8,1.6,2.5,5.6,9.1
22103,2009-02-10,8.4,1016.1,68,8.6,11.2,1.4,.9,1.2,2.1,3.9,4.6
22103,2009-02-11,7.1,1013,70,12.6,11.1,1.6,1,1.3,2.2,4.9,5.8
22103,2009-02-12,5.1,1012.5,69,15,11.5,1.4,.9,1.5,2.5,4.8,5.3
22103,2009-02-13,11,1003,86,16.6,11.6,5.5,3.4,4.7,7.7,7.7,9.1
22103,2009-02-14,7.1,1011.7,67,11.6,11.6,3.1,1.9,3.4,6.2,9,9.1
22103,2009-02-15,8.2,1018.7,57,10.3,11.1,1.6,1,1.3,2.2,5.8,8
22103,2009-02-16,10.7,1026.4,50,4.3,11.1,2,1.3,1.6,2.7,4.3,4.9
22103,2009-02-17,6.8,1029.1,45,3.7,11,1.5,.9,1.5,2.4,3.9,5.8
22103,2009-02-18,5.1,1026.3,45,6.7,11,1,.6,.8,1.2,4.8,10.7
22103,2009-02-19,6.3,1018.4,73,9.3,11.1,1.5,.9,1.4,2.6,6.2,10.7
22103,2009-02-20,11.5,1016.7,68,6.6,10.7,2.5,1.5,2.1,3.6,4.7,5.8
22103,2009-02-21,5.1,1021.5,66,5.3,10.3,1.2,.7,1.2,1.9,5.6,9.1
22103,2009-02-22,8.2,1011.4,86,12,10.1,3,1.8,2.6,4.8,6,8
22103,2009-02-23,7.4,1016.1,76,11.5,10.4,2.4,1.4,1.8,3.4,7.2,8
22103,2009-02-24,6.9,1015.1,77,12.9,11.2,1.8,1.1,1.6,2.6,6,7.1
22103,2009-02-25,7.3,1016.2,78,11,10.9,1.4,.9,1,1.8,4.1,6.4
22103,2009-02-26,5.2,1021,55,9.1,10.3,1.2,.7,1.1,1.8,5.1,9.1
22103,2009-02-27,5.7,1019.6,54,9.8,10.7,1,.6,.8,1.3,4.6,9.1
22103,2009-02-28,5.1,1022.6,61,10.6,10.6,1.2,.7,.9,1.6,4.8,5.8
22103,2009-03-01,7.6,1025.8,46,10.2,10.9,1.3,.8,1.2,1.7,3.6,4.9
22103,2009-03-02,9.2,1025.1,66,8.7,10.9,2.1,1.2,2,3.4,4.7,7.1
22103,2009-03-03,8.7,1019.9,79,7.1,10.9,2.1,1.3,2.2,3.6,4.9,6.4
22103,2009-03-04,3.2,1020.3,69,8,10.9,.9,.5,.8,1.4,4.4,5.8
22103,2009-03-05,6.6,1014.9,80,12.5,10.6,1.6,1,1.4,2.3,4.9,7.1
22103,2009-03-06,12.1,1017.3,63,7.9,9.1,2.4,1.5,2,3.1,4.7,7.1
22103,2009-03-07,5,1024.2,50,6.7,9.6,1.3,.8,1.3,2,5.2,7.1
22103,2009-03-08,2.7,1020.7,42,10.6,10.5,.6,.4,.5,.8,7.5,10.7
22103,2009-03-09,5.9,1018.3,48,11.9,10.9,.8,.5,1,1.8,3.1,10.7
22103,2009-03-10,7.6,1020.6,55,10.8,11.2,1.2,.7,.9,1.5,3.5,4.3
22103,2009-03-11,6,1024.4,47,10.2,11,1.2,.7,1.1,2,4,5.8
22103,2009-03-12,9.4,1023.6,61,13.3,10.8,2.4,1.4,2.4,5.3,5.4,9.1
22103,2009-03-13,12.6,1011.7,79,11.3,11.7,5.4,3.3,4.4,7.4,8.3,9.1
22103,2009-03-14,11.8,1020.8,59,5.3,10.5,2.7,1.7,2.3,3.7,5,6.4
22103,2009-03-15,6.9,1019.4,54,9.7,10.3,1.5,.9,1.3,2.2,4.7,9.1
22103,2009-03-16,6.8,1015.5,73,14.1,10.6,2.2,1.4,2.2,3.4,5.7,6.4
22103,2009-03-17,4.8,1015.7,84,14.7,10.8,1.6,.9,1.3,2.6,4.9,5.8
22103,2009-03-18,4.1,1015,90,16.1,11.1,1.7,1,1.5,2.5,4.9,5.3
22103,2009-03-19,3.4,1011.2,95,16.2,11.4,1.5,.9,1.2,2,5.8,7.1
22103,2009-03-20,9.8,1016.7,81,13.2,10.7,3.1,1.8,2.8,4.5,6.8,8
22103,2009-03-21,9.4,1011.3,84,14.5,10.7,2.9,1.8,3.6,6.8,5.9,8
22103,2009-03-22,11,1004.5,84,12.5,11,3.8,2.4,3.5,6.1,8.5,9.1
22103,2009-03-23,7.1,1016.4,62,10.1,10.7,1.5,.9,1.3,2.2,5,8
22103,2009-03-24,5.7,1017.6,47,9.8,10.5,1.2,.7,1.2,2,4.4,8
22103,2009-03-25,9,1018.7,47,7.2,10.5,1.6,1,1.3,2.2,4,4.9
22103,2009-03-26,7.8,1020.8,56,9.4,10.5,1.5,.9,1.4,2.6,3.8,5.3
22103,2009-03-27,7.5,1023.1,51,9.2,9.8,1.4,.9,1.3,2.2,4.1,6.4
22103,2009-03-28,5.8,1021.6,45,9.1,9.7,1.3,.8,1.2,2.1,4.6,9.1
22103,2009-03-29,6.4,1022.8,65,11.2,9.4,1.4,.8,1.5,2.6,4.8,9.1
22103,2009-03-30,6.4,1025.1,56,11.7,10.4,2,1.2,1.5,3,5.9,7.1
22103,2009-03-31,5.4,1022.7,59,11.1,11.9,1.2,.7,1.3,2,5.6,9.1
22103,2009-04-01,11.3,1023.2,55,8.4,10.4,2.3,1.4,1.7,2.8,4.4,4.9
22103,2009-04-02,7.4,1026.3,58,9.2,9.3,1.4,.8,1.1,1.9,4.7,8
22103,2009-04-03,3.8,1022.9,62,11.1,9.4,.7,.4,.7,1.1,5.5,8
22103,2009-04-04,6.2,1018.7,61,12.2,9.4,.8,.5,.8,1.3,3.5,7.1
22103,2009-04-05,5.7,1016.9,68,12.5,9.9,.9,.5,.9,1.5,3.7,6.4
22103,2009-04-06,7.1,1015.7,64,12.9,9.7,1.1,.7,1.1,1.8,3.6,4.3
22103,2009-04-07,8.1,1017.8,75,13.9,10.9,1.1,.7,.9,1.9,4,4.6
22103,2009-04-08,3,1020,80,14.5,10.7,.7,.4,.7,1.2,3.7,4.9
22103,2009-04-09,2.1,1022.5,90,14.2,10.9,.6,.4,.5,.8,4.3,7.1
22103,2009-04-10,2.2,1021.8,91,13.1,10.9,.5,.3,.5,.8,6.5,8
22103,2009-04-11,1.6,1019.5,81,15.3,11.5,.7,.4,.5,.9,6.7,8
22103,2009-04-12,1.1,1015.5,95,14.4,12,.7,.4,.5,.8,6.4,7.1
22103,2009-04-13,2.8,1008.2,88,16,12.8,.7,.4,1,1.6,6,8
22103,2009-04-14,5.5,1005.7,87,14.7,12.9,1.7,1.1,1.4,2.5,6.6,8
22103,2009-04-15,4.9,1008.9,83,13.6,11.8,1.1,.7,1.2,1.7,6.7,9.1
22103,2009-04-16,5.6,1011.3,88,13.6,11.3,1.6,1,1.3,2.6,5.2,6.4
22103,2009-04-17,3.9,1015.1,81,14,11.7,.9,.6,.9,1.6,5.5,9.1
22103,2009-04-18,4,1016,73,15.2,11.8,.6,.4,.5,.8,5.8,9.1
22103,2009-04-19,2.1,1014.6,83,16.6,13.2,.6,.3,.4,.7,6.3,9.1
22103,2009-04-20,9.6,1002.1,89,16,11.3,3.7,2.3,4.6,7.8,6.6,9.1
22103,2009-04-21,9.3,1006.7,80,13,10.1,3.5,2.2,3.1,5.2,8.5,10.7
22103,2009-04-22,7.5,1014.3,71,14.1,10.7,1.6,1.1,1.3,2,6.2,8
22103,2009-04-23,6.1,1018.8,72,12.7,10.4,1.2,.7,1,1.7,4,4.6
22103,2009-04-24,8.1,1013.5,84,14.4,10.2,2,,,2.5,,
22103,2009-04-25,10,1008.4,76,12.4,10.2,2.9,1.7,2.4,3.7,6.3,8
22103,2009-04-26,9.6,1011.7,68,11.8,10.5,2,1.3,2,3.2,5.3,7.1
22103,2009-04-27,8.2,1014.2,69,12.7,11,1.7,1.1,1.3,2.2,4.6,5.8
22103,2009-04-28,5.5,1019.8,74,13.8,10.9,1.1,.7,.9,1.6,6.6,10.7
22103,2009-04-29,2.5,1023.8,74,15.1,12.1,.6,.4,.6,1.1,6.9,9.1
22103,2009-04-30,1.4,1024.6,75,16,12.8,.5,.3,.3,.7,5.7,8
22103,2009-05-01,1.6,1024.3,86,16.4,13.1,.6,.4,.6,1,4.3,6.4
22103,2009-05-02,3.1,1020.5,90,16.6,11.7,1.5,.9,1.3,2,5,6.4
22103,2009-05-03,1.7,1019.7,92,15.4,11.6,1.3,.8,1.1,1.8,7.2,9.1
22103,2009-05-04,4,1017.3,89,15.6,13.1,1.3,.8,1,1.7,8.2,9.1
22103,2009-05-05,3.9,1014.9,82,15.9,13.2,1.1,.7,.9,1.4,4.9,9.1
22103,2009-05-06,1.4,1014.5,88,16.3,14.1,.6,.4,.5,.8,7.6,10.7
22103,2009-05-07,,1009.9,72,17.2,12.4,.8,.5,.8,1.2,5.3,9.1
22103,2009-05-08,5.8,1010.3,68,16.7,11.6,1,.6,.8,1.3,3.7,4.3
22103,2009-05-09,2.7,1012.4,79,17.3,12.8,.6,.3,.5,.8,6.9,10.7
22103,2009-05-10,2,1014,88,17.7,12.8,1.1,.3,.3,1.5,9.1,9.1
22103,2009-05-11,3.8,1013,90,18,12.9,1.3,.7,1.1,1.8,6.5,9.1
22103,2009-05-12,5.4,1009.1,93,17,12.3,1.6,1,1.4,2.3,4.7,5.3
22103,2009-05-13,4.3,1011.8,78,16.9,13.1,1,.6,.9,1.5,6.2,8
22103,2009-05-14,3.3,1015,66,17.5,13.4,.7,.4,.7,1.2,4.6,7.1
22103,2009-05-15,6.8,1017.4,81,16.6,12.7,1.4,.9,1.3,2.2,4.8,5.8
22103,2009-05-16,6.6,1010,91,18.1,13,2,1.2,1.7,3,5.2,5.8
22103,2009-05-17,9.1,1008.6,86,15.9,12.6,2.3,1.4,1.9,3,5.8,6.4
22103,2009-05-18,4.9,1012.7,74,15.9,12.5,.9,.6,.9,1.4,4.9,6.4
22103,2009-05-19,4.4,1012,82,16.3,12.3,.7,.4,.5,.9,4.2,6.4
22103,2009-05-20,,1013.5,91,16.4,12.6,.5,.3,.4,.7,4.3,8
22103,2009-05-21,8.6,1005.9,90,17.2,11.7,3.5,2.2,3.2,5.2,6.7,8
22103,2009-05-22,6.8,1011.2,87,15.8,11.6,2.3,1.5,3.3,5,6.5,8
22103,2009-05-23,4.9,1010.6,84,15.9,11.8,.9,.6,.8,1.2,4.1,5.8
22103,2009-05-24,4.3,1011.9,84,15.9,12.6,.9,.5,.9,1.3,4.3,6.4
22103,2009-05-25,,1015.6,86,17.3,14,.6,.4,.4,.7,4.9,6.4
22103,2009-05-26,2,1013.9,84,17.8,13.6,.5,.3,.4,.8,4.8,9.1
22103,2009-05-27,3.9,1013.3,80,17.7,13.6,.9,.5,1.3,2.3,5.1,9.1
22103,2009-05-28,3.3,1012.8,84,17.5,14.4,1.6,1,1.5,2.3,6.6,8
22103,2009-05-29,5.1,1010.7,83,17.4,14.5,2.1,1.3,2.1,2.9,7.4,9.1
22103,2009-05-30,5,1007.3,80,17.3,14.2,1.9,1.2,2.3,3.7,6.1,8
22103,2009-05-31,5.1,1006.3,77,17,12.9,.9,.5,.7,1.4,4.8,8
22103,2009-06-01,3.8,1006.4,88,18,13.8,.8,.5,.9,1.6,3.7,4.6
22103,2009-06-02,7.1,1005.9,86,18.5,12.6,2,1.2,2.8,4.4,4.8,6.4
22103,2009-06-03,4.7,1002.5,87,17.6,13.8,3,1.8,2.7,4.3,6,7.1
22103,2009-06-04,1.9,1002.8,89,18,14.6,1.4,.8,1.2,2.1,6.8,7.1
22103,2009-06-05,2.8,1002.7,89,17.9,14.5,.8,.5,.8,1.4,4.9,7.1
22103,2009-06-06,3.3,1006.5,88,18.3,15.1,1.3,.8,1,1.7,5.5,6.4
22103,2009-06-07,5.8,1010.9,82,18.7,15.7,1.5,.9,1.4,2.1,5.6,7.1
22103,2009-06-08,5.2,1014.4,83,18.8,15.6,1.1,.7,.8,1.5,4.7,5.8
22103,2009-06-09,4.8,1010.3,89,19.6,15.1,1.1,.7,1.3,1.9,5,8
22103,2009-06-10,8,1000.7,94,18.8,14.6,2.9,1.8,2.6,3.9,6.8,8
22103,2009-06-11,5,1003.5,82,18.9,14.3,2,1.2,2.4,3.8,7.1,8
22103,2009-06-12,3.2,1002.1,90,19.5,14.4,1.9,1.2,1.6,2.5,5.5,5.8
22103,2009-06-13,4.6,1004.2,85,18.5,14.4,1.2,.7,1.1,1.9,4.8,5.8
22103,2009-06-14,3.5,1008.1,85,18.5,14.7,.9,.5,.7,1.2,5.1,7.1
22103,2009-06-15,2.5,1012.1,91,18.8,15.8,.8,.5,.5,.9,6.6,9.1
22103,2009-06-16,,1013.9,91,19.4,16.5,.6,.4,.5,.8,6,7.1
22103,2009-06-17,3,1013.9,91,19.9,16.6,.7,.4,.7,1.1,5.3,8
22103,2009-06-18,3.5,1011.4,91,20.2,16.7,.9,.6,.7,1.3,5,8
22103,2009-06-19,2.7,1009.1,92,21.7,18.7,1.3,.8,.9,1.5,7.1,8
22103,2009-06-20,4.3,1004.9,90,22.7,18.4,1.7,1,1.3,2,7.5,9.1
22103,2009-06-21,2.5,1001.6,95,22.4,18.5,1.5,.9,1.2,1.9,5.9,8
22103,2009-06-22,4.4,999.2,95,22.2,18,1.6,1,1.4,2.4,5.3,7.1
22103,2009-06-23,2.3,1002.2,86,21.6,18.3,2.1,1.3,1.8,2.8,7.5,10.7
22103,2009-06-24,3.5,1005.7,79,22,18.4,2.2,1.4,1.7,3,8.9,10.7
22103,2009-06-25,,1008.8,82,22.6,19.1,1.5,1,1.3,2.3,7.4,8
22103,2009-06-26,,1011,92,22.1,18.6,1.2,.7,.9,1.4,6.4,10.7
22103,2009-06-27,2.1,1008.1,92,22.8,18.7,1.5,.9,1.2,2.3,7,9.1
22103,2009-06-28,3.6,1005,92,23.9,20,1.8,1.1,1.4,2.3,6.9,8
22103,2009-06-29,4.8,1002.3,93,22.9,18.6,2.3,1.4,1.8,2.8,6.9,8
22103,2009-06-30,3.7,1004.2,93,21.2,17.4,2,1.2,1.5,2.7,6.9,8
22103,2009-07-01,3.2,1004.1,86,20.5,17.4,1.9,1.2,1.4,2.3,7,8
22103,2009-07-02,2.1,1004.2,89,21.6,18.2,1.6,.9,1.1,2,7.2,8
22103,2009-07-03,3.9,1004.6,87,20.7,17.2,1.2,.7,.9,1.5,7.2,8
22103,2009-07-04,1.4,1008.8,85,21.8,18.2,.9,.5,.6,1.2,6.5,8
22103,2009-07-05,1.9,1012.2,91,21.6,18.6,.9,.6,.7,1.1,7,8
22103,2009-07-06,2.9,1012.5,87,23.5,21,.9,.5,.6,1.2,6,7.1
22103,2009-07-07,8.3,1007,91,24.9,20.4,2.5,1.6,2.4,3.7,5.5,7.1
22103,2009-07-08,5.4,1006.4,93,24.5,20.3,1.8,1.2,1.5,2.4,5.7,6.4
22103,2009-07-09,9.3,1003,90,24.5,18.9,3,1.8,2.3,3.7,5.7,7.1
22103,2009-07-10,3.8,1006.7,90,21.9,18.4,1.8,1.1,1.9,3.3,6.5,8
22103,2009-07-11,3.3,1009.6,93,22.1,18.7,1.1,.7,.8,1.6,5.4,7.1
22103,2009-07-12,7.8,1008.2,91,25.5,19.3,2.4,1.5,2,3.5,5.3,7.1
22103,2009-07-13,5.2,1011.5,93,25.7,20.7,2,1.2,1.8,3.8,6.3,7.1
22103,2009-07-14,7.1,1008.5,91,26.1,20.9,2.2,1.4,1.9,3.3,5.8,9.1
22103,2009-07-15,6.5,1008.3,91,23.3,18.7,3.2,1.9,2.8,5.3,7.4,8
22103,2009-07-16,5.7,1007,92,24.5,18.5,2.6,1.6,2.2,3.2,6.5,7.1
22103,2009-07-17,4.3,1007.8,93,24.6,19.2,2,1.2,1.4,2.7,5.9,7.1
22103,2009-07-18,6.9,1007,91,25.8,19.3,2.3,1.4,1.7,2.8,5.9,6.4
22103,2009-07-19,5.2,1006.5,91,26,21.2,3,1.9,2.1,3.4,7.7,12.8
22103,2009-07-20,3.2,1005.6,94,24.5,20.4,3,1.9,2.1,3.7,8.2,9.1
22103,2009-07-21,4.1,1001.1,93,23.6,19,2.5,1.5,1.9,3.4,7.5,8
22103,2009-07-22,4.4,1001.6,88,22.2,18.9,1.7,1,1.4,2.4,7.2,8
22103,2009-07-23,4.5,1004.4,89,23.2,20.9,1.6,1,1.2,2.2,7.4,8
22103,2009-07-24,7.7,1000,90,21.8,19.6,2.6,1.6,2.2,4.1,6.6,8
22103,2009-07-25,5.4,1004.7,86,23.2,20.8,2.7,1.6,2.1,3.7,7.7,9.1
22103,2009-07-26,7.7,1005.6,84,23.7,20.9,2.4,1.5,1.7,2.9,6.5,8
22103,2009-07-27,5.2,1006.6,81,24.2,21.6,1.5,1,1.2,1.9,5.7,7.1
22103,2009-07-28,10.1,1004,85,23.9,22.2,2.4,1.4,2.2,4,5.6,6.4
22103,2009-07-29,4.7,1005.8,81,23.7,22.1,2.1,1.3,2.5,3.7,6.2,7.1
22103,2009-07-30,6.1,1009.8,79,24.7,22.1,1.4,.9,1.1,1.9,5.6,6.4
22103,2009-07-31,6,1009.5,77,24.6,22,1.6,1,1.2,2,5.6,5.8
22103,2009-08-01,5.3,1007.4,76,24.8,22.7,1.2,1,1,1.5,5.8,5.8
22103,2009-08-02,7.1,1006.6,76,24.8,22.4,1.5,1,1.1,1.9,5.5,5.8
22103,2009-08-03,8.3,1007.5,80,24.6,22.1,2,1.2,1.4,2.5,5.4,6.4
22103,2009-08-04,8.9,1007.6,79,24.8,21.7,2.1,1.3,1.7,2.8,5.7,6.4
22103,2009-08-05,10.8,1007.3,78,24.9,22,3.1,1.9,2.3,3.8,6.3,7.1
22103,2009-08-06,11.9,1007.8,85,25,22.1,3.6,2.2,2.4,4.3,6.7,7.1
22103,2009-08-07,9.4,1008.7,88,25.1,21.9,3,1.9,2.2,3.9,9.2,12.8
22103,2009-08-08,9.5,1007.8,89,25.1,22,3.2,2,2.5,4,10.1,12.8
22103,2009-08-09,10.4,1005.1,83,25.4,22.2,4.3,2.7,3.2,5.1,12.3,12.8
22103,2009-08-10,9.2,1006.2,86,25.6,22.2,4.3,2.8,3.3,5.2,11.5,12.8
22103,2009-08-11,7.2,1005.1,90,26.8,22.6,3.7,2.3,2.6,4.2,10,10.7
22103,2009-08-12,8.4,1001.1,87,27.5,23.2,3.8,2.4,2.7,4.7,8.4,9.1
22103,2009-08-13,7.1,1004.8,85,26.8,23.6,2.6,1.6,2.1,3.8,7.6,9.1
22103,2009-08-14,3.4,1008.8,85,25.7,23.5,1.2,.7,1,1.8,6.2,7.1
22103,2009-08-15,3.9,1010.4,78,26.1,23.5,1.3,.8,1,1.9,6.4,7.1
22103,2009-08-16,5.5,1013.1,82,26,23.4,1.4,.9,1.5,2.6,5.4,6.4
22103,2009-08-17,7.1,1013.8,87,26.2,23.5,1.7,1,1.4,2.3,5.2,6.4
22103,2009-08-18,4.4,1013.4,88,27.3,24.4,1,.6,.7,1.3,4.5,5.3
22103,2009-08-19,2.7,1012.5,82,28.1,24.9,.7,.4,.5,.9,4.1,5.3
22103,2009-08-20,4,1008.5,86,28.1,24.5,.8,.5,.7,1.1,4.1,5.8
22103,2009-08-21,3.3,1006.7,88,27.4,23.9,.8,.5,.7,1.3,4.2,8
22103,2009-08-22,3.3,1007.2,70,27.1,23.7,.7,.4,.5,.8,7.3,9.1
22103,2009-08-23,5.3,1009.4,65,26.6,23.5,.7,.4,.5,.8,3.9,8
22103,2009-08-24,4.8,1011.7,73,26.3,24.2,.8,.5,.9,1.3,4.2,9.1
22103,2009-08-25,4.2,1012.2,67,26.4,24.6,1.2,.7,.9,1.7,5.7,10.7
22103,2009-08-26,2.7,1010,69,26.7,24.1,.8,.5,.6,1,6.8,10.7
22103,2009-08-27,6.1,1006.1,81,27.2,23.3,1.6,1,1.3,2.2,4.5,5.3
22103,2009-08-28,4.6,1006.8,83,26.6,23.1,1.2,.8,1.1,1.9,5,5.8
22103,2009-08-29,8.2,1010.9,74,25.3,22.2,1.6,1,1.6,2.7,4.6,6.4
22103,2009-08-30,10.8,1012.8,73,24.7,21.2,2.9,1.7,1.9,3.3,6.2,7.1
22103,2009-08-31,9.6,1014.4,74,23.9,20.9,2.6,1.6,2,3.5,6.2,7.1
22103,2009-09-01,10.3,1016,73,24,21.1,2.8,1.8,2.2,3.6,6.8,8
22103,2009-09-02,9.4,1016,74,24.1,21.3,2.4,1.4,1.9,3.4,6.3,8
22103,2009-09-03,8,1014.5,79,24.3,21.8,2.1,1.3,1.6,2.4,6.1,7.1
22103,2009-09-04,7.6,1011.3,80,25,23.4,2,1.2,1.5,2.6,5.7,6.4
22103,2009-09-05,6.3,1008.7,77,24.8,23.6,1.9,1.2,1.5,2.3,5.7,6.4
22103,2009-09-06,3,1007.5,80,25.4,24.3,1.4,.8,1.1,1.8,5.7,9.1
22103,2009-09-07,3.6,1006.5,78,25.9,24.5,1,.6,1.1,1.9,7.4,10.7
22103,2009-09-08,6.5,1006.3,75,24.8,23.3,1.5,.9,1.2,2.1,5.2,10.7
22103,2009-09-09,3.8,1008.8,71,25.2,23.3,1.3,.8,1.3,2,5.3,7.1
22103,2009-09-10,2.6,1010.2,67,24.9,23.4,.7,.4,.6,.8,7.2,9.1
22103,2009-09-11,3.4,1009.8,65,24.1,22.8,.6,.4,.5,.8,7.1,9.1
22103,2009-09-12,6.9,1008.5,75,22.9,22.2,1.2,.7,1.5,2.1,4,9.1
22103,2009-09-13,3.9,1014.6,62,23.1,22,1,.6,.9,1.6,5.4,6.4
22103,2009-09-14,3.3,1013.6,68,23.9,21.7,.7,.4,.6,1,7,9.1
22103,2009-09-15,4.5,1011.8,64,23.6,21.7,1.1,.6,.8,1.3,9.2,10.7
22103,2009-09-16,3.1,1013.7,65,23.7,21.7,.9,.5,.7,1.2,8.6,9.1
22103,2009-09-17,4,1013.9,64,24.5,21.4,.9,.5,.7,1.1,7,10.7
22103,2009-09-18,4,1013,65,24.6,21.7,1.1,.7,1.4,2,8.7,12.8
22103,2009-09-19,9.2,1013.2,66,23.4,21.7,2.9,1.8,2.2,4.2,6.3,7.1
22103,2009-09-20,8,1014.1,68,22.8,20.9,2.5,1.5,2.2,3.7,5.9,7.1
22103,2009-09-21,4.9,1013.9,74,23.5,21,1.2,.7,1.1,1.7,5.2,10.7
22103,2009-09-22,5.2,1016,80,23.6,20.4,1.1,.7,.9,1.6,4.8,10.7
22103,2009-09-23,3.1,1017,87,23.7,20.7,1.2,.7,.9,1.4,4.7,5.8
22103,2009-09-24,2.9,1017.9,89,24,20.8,1,.6,.7,1.1,5.9,7.1
22103,2009-09-25,4.6,1016.1,86,24,20.4,1,.6,.7,1.4,5,7.1
22103,2009-09-26,6.5,1016,80,24.2,20.5,1.3,.8,1.1,1.9,4.7,5.8
22103,2009-09-27,8.2,1014.2,84,23.7,20.4,2.1,1.3,1.6,3.4,5.4,6.4
22103,2009-09-28,4.5,1014.1,84,23.5,20.6,1.7,1.1,1.5,2.1,5.9,7.1
22103,2009-09-29,8.6,1017.8,79,23.9,20.9,2.1,1.3,1.5,2.6,5.4,6.4
22103,2009-09-30,7.8,1018.9,81,23.4,19.9,2,1.2,1.6,2.3,5.4,6.4
22103,2009-10-01,6.8,1014.8,85,23.2,20.5,2,1.2,1.4,3.2,5.2,5.8
22103,2009-10-02,7.1,1008.8,74,22.8,20.7,1.4,.9,1.3,2.1,4.8,10.7
22103,2009-10-03,6.4,1014.3,51,21.8,20.3,1.3,.8,1.2,2.1,4.4,7.1
22103,2009-10-04,4.4,1016.9,64,22.3,20.2,.8,.5,.8,1.2,7.2,12.8
22103,2009-10-05,5.8,1017.2,51,22.1,19.7,1.4,.8,1,1.7,9.8,12.8
22103,2009-10-06,7.6,1017.3,59,22,19.7,1.6,1,1.8,2.8,8.7,12.8
22103,2009-10-07,12.3,1011.4,65,21.6,19.4,4.3,2.6,3.2,5.6,8.7,16
22103,2009-10-08,6,1011.8,54,20.3,18.9,2.4,1.5,2.4,4.2,9.9,10.7
22103,2009-10-09,3.5,1014.8,59,20.2,18.8,1.6,1,1.3,2.2,8.8,10.7
22103,2009-10-10,4.4,1018.8,59,20.3,18.7,1,.6,.8,1.2,9.1,10.7
22103,2009-10-11,4.7,1020.7,66,21.1,18.5,1,.6,.7,1.2,8.2,10.7
22103,2009-10-12,5,1017.6,68,20.7,18.5,.9,.6,.8,1.4,5.6,9.1
22103,2009-10-13,6.5,1016.2,61,20.2,18.3,1.1,.7,.8,1.4,3.5,9.1
22103,2009-10-14,7.1,1016.8,60,19.7,18.2,1.3,.8,1,1.9,4,7.1
22103,2009-10-15,5,1019.2,58,19.5,18,1,.6,.9,1.6,4.4,7.1
22103,2009-10-16,2.9,1014.4,57,20.9,18.4,.6,.4,.7,1.2,4.3,8
22103,2009-10-17,8.1,1008.1,60,19.5,17.5,1.8,1.1,1.4,2.5,4.7,6.4
22103,2009-10-18,7,1010.1,61,19,17,1.5,.9,1.2,1.8,4.1,7.1
22103,2009-10-19,8.7,1010.6,61,19.2,16.3,2.1,1.3,1.8,3.1,6.1,12.8
22103,2009-10-20,6.8,1018.4,57,16.8,16.1,1.6,1,1.5,2.4,11.2,12.8
22103,2009-10-21,3.7,1021.2,70,18.3,15.9,1.3,.8,1.4,2.1,12.5,12.8
22103,2009-10-22,2.8,1020.5,68,18.5,15.6,1.3,.8,1,2.3,11.1,12.8
22103,2009-10-23,2.8,1018.8,72,18.9,16.5,1.3,.8,1.1,1.7,10.9,12.8
22103,2009-10-24,8.5,1018.1,78,19.8,17.8,2.9,1.8,2.5,4.3,8.1,12.8
22103,2009-10-25,9.2,1017.8,70,19.5,17.9,2.9,1.8,2.1,3.5,6.7,7.1
22103,2009-10-26,6.5,1015.2,68,19.2,16.4,1.8,1.1,1.8,2.8,6.8,8
22103,2009-10-27,5.4,1018.5,78,18.7,15.2,1.1,.7,1,1.7,6,8
22103,2009-10-28,2.5,1023.1,79,18.6,16.1,.7,.4,.6,1,5.7,10.7
22103,2009-10-29,3.3,1022.3,83,20,16.7,.6,.4,.4,.8,5.8,9.1
22103,2009-10-30,3.9,1022.9,81,20,16.9,.7,.4,.6,1.1,6.4,12.8
22103,2009-10-31,4.4,1018.6,86,21.7,18.2,1.3,.8,1,1.5,8,10.7
22103,2009-11-01,8.9,1017.1,67,17.6,17.5,1.8,1.1,1.4,2.4,4.6,9.1
22103,2009-11-02,13.1,1026.3,62,11,16.9,2.9,1.7,2.1,4.1,4.9,5.3
22103,2009-11-03,7.2,1032.6,58,10.5,15.7,1.7,1,1.7,3,7.3,10.7
22103,2009-11-04,3.7,1029.9,60,15.6,15.8,.7,.4,.6,1,5.2,9.1
22103,2009-11-05,2.4,1024.1,72,19.1,15.1,.7,.5,.5,1,4.8,8
22103,2009-11-06,2.6,1019.1,82,20.3,16.6,.7,.4,.5,.8,5.6,9.1
22103,2009-11-07,2.2,1018.5,87,21,17.5,1.1,.7,.9,1.6,4.7,8
22103,2009-11-08,5.5,1015.4,84,21.2,16.9,2,1.2,1.8,3.7,5.2,6.4
22103,2009-11-09,5,1013.3,89,19.8,16.6,2.2,1.3,2,3.1,6.2,7.1
22103,2009-11-10,13.8,1008.7,81,18.4,16.4,3.8,2.3,2.8,4.8,6.5,8
22103,2009-11-11,11.8,1016.8,68,16.1,16,4.1,2.5,3.2,4.9,8.8,10.7
22103,2009-11-12,13.4,1023.2,70,15.4,15.6,4.6,2.9,3.4,6,7.6,9.1
22103,2009-11-13,10,1013.5,84,16.1,15.8,2.9,1.7,2.7,5,5.9,8
22103,2009-11-14,10.8,1015.2,64,13.7,15.4,2.4,1.4,2,3.3,4.4,5.3
22103,2009-11-15,10,1023.3,59,10,14.5,2,1.2,1.5,2.6,4.5,5.3
22103,2009-11-16,7.3,1026.8,58,8.7,13.9,1.4,.9,1.1,1.8,3.8,4.6
22103,2009-11-17,10.7,1024.8,64,7,13.6,2.1,1.3,1.6,2.6,4.4,4.9
22103,2009-11-18,6.5,1028,57,8.1,13.9,1.4,.9,1.4,2.1,4.8,7.1
22103,2009-11-19,6.3,1030.1,49,10,13.3,1.1,.7,1,1.7,5.6,9.1
22103,2009-11-20,7.8,1028.5,59,9.5,12.9,1.3,.8,1.1,1.8,3.6,4.3
22103,2009-11-21,6.3,1028,51,9.4,13.4,1.2,.8,1.3,1.9,4.9,7.1
22103,2009-11-22,4.5,1025.6,51,10.2,14.5,.8,.5,.6,1,4.9,8
22103,2009-11-23,2.4,1026.1,57,12.3,13.3,.5,.3,.4,.7,6.4,9.1
22103,2009-11-24,4.5,1020.9,67,14.1,12.9,.9,.5,.8,1.2,4.4,8
22103,2009-11-25,2.2,1019.5,65,15.3,13.5,.8,.5,.7,1.3,6.7,9.1
22103,2009-11-26,5.1,1022.3,77,15.5,12.9,.9,.5,.7,1.1,6.2,9.1
22103,2009-11-27,6.3,1022.1,72,14.9,13.3,1.1,.7,1.1,1.9,5.6,9.1
22103,2009-11-28,5.8,1023.3,67,12.4,13.3,1.3,.8,1.2,1.9,6.5,12.8
22103,2009-11-29,7.7,1022.2,74,12.1,13.4,1.8,1.1,1.2,2.1,6,12.8
22103,2009-11-30,9.1,1022.4,59,11.5,13,1.7,1,1.3,2.2,4.7,12.8
22103,2009-12-01,6.9,1024.8,58,11.9,12.8,1.2,.8,1,1.6,4.8,10.7
22103,2009-12-02,3.9,1023.5,63,12.2,13,.8,.5,.7,1.2,8.6,10.7
22103,2009-12-03,9.3,1019.7,63,11.4,14.1,1.6,1,1.4,2.3,4.3,10.7
22103,2009-12-04,3,1020.9,64,10.8,14.1,1.1,.7,1,1.6,7.3,10.7
22103,2009-12-05,12.3,1017.1,65,10.4,15,3,1.9,2.5,4,6.5,10.7
22103,2009-12-06,9.7,1024.1,58,7,14.5,1.8,1.1,1.7,2.7,4.1,4.9
22103,2009-12-07,4.2,1027.7,43,8.3,14.3,1,.6,1.3,2,4.2,5.8
22103,2009-12-08,5,1025.2,63,12.6,13.6,.9,.5,.6,1.1,5.1,9.1
22103,2009-12-09,8.5,1020.7,72,14.1,13.6,1.6,1,1.7,2.9,5.3,9.1
22103,2009-12-10,8.6,1015.5,85,15.7,13.9,2.5,1.5,1.9,3.3,5.8,6.4
22103,2009-12-11,7.4,1016.9,79,14,13.7,1.3,.8,1,1.7,3.7,5.3
22103,2009-12-12,8,1020.2,65,12.4,13.1,1.3,.8,1.1,1.7,3.5,4.3
22103,2009-12-13,5.9,1019.5,55,11.8,12.8,1.1,.7,1,1.5,4.2,7.1
22103,2009-12-14,8.1,1024.7,41,9.6,12.4,1.4,.9,1,1.9,3.9,4.3
22103,2009-12-15,8.2,1025.3,42,6.9,13.1,1.7,1,1.4,2.4,4.1,4.9
22103,2009-12-16,11.1,1025.7,59,3.7,12.7,2.1,1.3,1.8,2.9,4.4,5.3
22103,2009-12-17,8.9,1023.6,65,4.6,12.3,1.6,1,2.1,3.4,3.8,5.8
22103,2009-12-18,11.9,1025,68,3.4,12.7,2.4,1.5,1.8,2.9,4.5,4.9
22103,2009-12-19,11.8,1025.5,66,4.7,12.8,2.6,1.6,1.9,3.4,4.8,5.8
22103,2009-12-20,11.3,1021.6,65,6.1,12.1,2.5,1.5,1.9,3,4.6,6.4
22103,2009-12-21,9.2,1025.8,63,5.9,11.5,2,1.2,1.9,3.3,4.6,8
22103,2009-12-22,4.4,1023.4,56,11.1,11.8,1.1,.6,.9,1.7,5.4,9.1
22103,2009-12-23,6.3,1020.6,62,12.8,11.8,1.8,1.1,1.7,2.4,5.6,7.1
22103,2009-12-24,1.4,1019.4,72,11.9,11.6,.8,.5,.6,1,5.4,5.8
22103,2009-12-25,6.8,1016.3,62,11,12.3,1.2,.7,1.5,2.3,4.6,5.8
22103,2009-12-26,9.3,1020.4,63,4.8,12.1,2.1,1.3,1.8,3.1,4.2,5.3
22103,2009-12-27,6.3,1019.1,59,5.1,10.9,1.4,.8,1.7,2.9,4.6,9.1
22103,2009-12-28,7.5,1020.8,58,4.6,11.2,1.5,.9,1.2,2.1,5.3,9.1
22103,2009-12-29,3.9,1018.3,65,7.6,11.3,.9,.5,.7,1.1,7.8,9.1
22103,2009-12-30,11.1,1016.2,64,5.6,13.3,2.3,1.5,2.3,3.5,4.9,5.8
22103,2009-12-31,11.7,1021.1,69,.1,13.1,2.7,1.7,2.3,3.9,4.8,5.8
22103,2010-01-01,5.3,1021.7,66,2.4,13.6,1.1,.7,1,1.7,6.6,10.7
22103,2010-01-02,6.3,1016.4,69,8.9,15.2,1.6,1,1.8,3,7.2,10.7
22103,2010-01-03,6.4,1019.9,49,4.1,14.3,1.5,.9,1.6,2.4,4.6,9.1
22103,2010-01-04,9.9,1011.6,65,7.8,14.6,2.6,1.6,3.2,5.8,7.1,10.7
22103,2010-01-05,11.4,1017.2,68,1.5,14.5,2.5,1.6,2.1,3.4,4.9,8
22103,2010-01-06,10.6,1022.1,69,1.1,14.1,2.1,1.3,1.6,2.7,4.3,4.9
22103,2010-01-07,10.2,1024.8,70,1.3,13,1.9,1.2,1.3,2.6,4.1,4.6
22103,2010-01-08,8.2,1023.1,66,2,11.2,1.7,1.1,1.3,2.4,4.3,10.7
22103,2010-01-09,6.6,1024.6,67,4.4,11.4,1.1,.7,.9,1.6,4.3,10.7
22103,2010-01-10,5.2,1025.3,64,5.1,12.1,.8,.5,.9,1.4,3.5,7.1
22103,2010-01-11,9.7,1021.5,67,3.9,10.1,1.5,1,1.3,2.1,4,4.9
22103,2010-01-12,10.5,1019.2,63,1.2,10.3,2.1,1.3,1.9,2.9,4.3,5.3
22103,2010-01-13,11.4,1023.6,68,-.5,11.2,2.9,1.8,2.1,3.8,5,7.1
22103,2010-01-14,6.1,1028.1,65,1.8,11.3,1.5,.9,1.4,2.1,5.5,8
22103,2010-01-15,4.6,1028.7,66,5.3,11.8,1.2,.7,1.1,1.9,5,5.8
22103,2010-01-16,6.2,1031.5,52,3.2,12.6,1.2,.7,1.1,1.7,3.7,4.9
22103,2010-01-17,4.1,1031.6,46,4.9,13.3,.9,.6,.7,1.3,4.5,9.1
22103,2010-01-18,2.8,1030.3,48,8.3,12.6,.6,.4,.4,.7,7.6,10.7
22103,2010-01-19,4.9,1028.2,65,12.5,11.7,1.2,.7,1.5,2.9,7.2,9.1
22103,2010-01-20,7,1023.9,90,14.7,13.2,2.9,1.8,2.4,4.7,6,7.1
22103,2010-01-21,12.1,1019.4,74,6.2,14.6,2.8,1.7,2,3.1,5.7,8
22103,2010-01-22,11.2,1024.2,67,2.5,14.3,2.3,1.4,1.7,2.9,4.4,4.9
22103,2010-01-23,10.1,1026.1,67,2.8,13.9,2.1,1.3,1.7,2.9,4.1,4.9
22103,2010-01-24,6.6,1024.2,66,5.2,13.9,1.1,.7,1.1,1.6,3.7,6.4
22103,2010-01-25,10.5,1023.6,63,6.2,13.4,2,1.3,1.7,2.9,4.4,5.3
22103,2010-01-26,6.5,1029.6,58,3.5,14.1,1.4,.9,1.3,2.2,4.6,7.1
22103,2010-01-27,7.6,1018.9,67,11,14.6,2.1,1.3,2.7,4.4,5.7,9.1
22103,2010-01-28,9.5,1018.2,60,7.6,14.6,2.2,1.4,2.1,3.3,5.9,8
22103,2010-01-29,8,1024.4,56,5.2,14.5,1.3,.8,1.1,1.8,3.8,4.3
22103,2010-01-30,4.3,1023.1,62,6.9,14.2,.7,.4,.7,1.2,4.4,8
22103,2010-01-31,5.3,1018.9,67,9.2,13.1,1.3,.8,1.2,1.9,5.3,7.1
22103,2010-02-01,8.9,1015.2,65,7.4,12.6,1.7,1.1,1.7,2.5,5,7.1
22103,2010-02-02,9.5,1021.2,47,3,11.8,1.7,1.1,1.5,2.5,4,5.8
22103,2010-02-03,9.2,1025.4,55,.4,11.6,1.6,1,1.4,2.2,4,4.6
22103,2010-02-04,8.5,1025.8,54,1.8,12.1,1.4,.9,1.2,2.1,3.7,4.6
22103,2010-02-05,7.7,1025.3,52,3.8,11.6,1.2,.7,1,1.9,3.6,4.3
22103,2010-02-06,5.4,1028.3,37,2.8,11.3,1,.6,1,1.6,4.6,7.1
22103,2010-02-07,6,1025.3,58,8.2,12.1,1.4,.9,1,1.8,5.2,8
22103,2010-02-08,5.2,1018.4,85,11.6,12.7,2.3,1.5,2,2.8,7.1,8
22103,2010-02-09,3.9,1014.7,87,11.9,12.9,1.5,1,1.3,1.9,7.4,8
22103,2010-02-10,8.4,1013.8,88,10.6,12.8,1.8,1.2,1.9,2.4,5.9,7.1
22103,2010-02-11,13.1,1014.4,79,8.2,12.3,4.3,2.8,3.7,5.9,7.6,9.1
22103,2010-02-12,6.4,1023.7,78,4.7,12.7,2.2,1.4,1.9,3.4,7.6,9.1
22103,2010-02-13,9.2,1025.8,64,2.4,12.9,1.9,1.2,1.5,2.5,4.6,8
22103,2010-02-14,6.3,1025.6,65,4,11.5,1.1,.7,1.1,1.8,4.6,7.1
22103,2010-02-15,9,1022.3,59,4.8,10.6,1.7,1.1,1.4,2.2,4.3,5.8
22103,2010-02-16,9.7,1025.2,51,2.2,10.3,2,1.3,1.8,2.6,4.3,4.9
22103,2010-02-17,6.5,1024.5,46,3.2,10.3,1.3,.8,1.2,1.7,5.4,9.1
22103,2010-02-18,10.6,1023.3,55,2.2,10.9,2.1,1.4,1.8,2.8,4.6,7.1
22103,2010-02-19,8.3,1022.4,44,4.5,8.8,1.5,.9,1.1,1.9,4,5.3
22103,2010-02-20,2.6,1022.7,47,6.6,10.8,.7,.5,.6,1,4.5,10.7
22103,2010-02-21,4,1020.8,60,9.5,11.9,.7,.5,.6,1,5,10.7
22103,2010-02-22,2.6,1018.7,60,11,12.9,.7,.5,.6,1.1,4.2,9.1
22103,2010-02-23,,,,,,,,.5,.9,,9.1
22103,2010-02-24,,,,,,,,1.5,2.6,,5.8
22103,2010-02-25,8.6,1009.7,82,15,12.5,3.5,2.2,3.1,4.9,6.5,8
22103,2010-02-26,7.6,1010.2,80,11.4,12.6,3.4,2.2,2.8,5.2,7.9,9.1
22103,2010-02-27,9.9,1015.2,69,9,12,2.7,1.8,2.3,3.6,7.3,8
22103,2010-02-28,3.1,1019,67,9.6,12.6,1.2,.8,1.2,1.6,7.2,8
22103,2010-03-01,9,1010.9,78,11.9,12.6,2.4,1.5,2.8,4.2,5.7,8
22103,2010-03-02,7.1,1016,73,8.3,12.2,2.1,1.4,2.1,3,7.1,9.1
22103,2010-03-03,10,1020.3,61,8.9,13,2.3,1.6,2.9,4.5,5.3,8
22103,2010-03-04,9.4,1012.3,80,9.7,13.1,3.3,2.1,3,4.9,7,8
22103,2010-03-05,7,1015.5,82,11,13.1,1.9,1.2,1.4,2.5,6.1,8
22103,2010-03-06,10.2,,72,9.6,12.9,2.5,1.6,2.7,4.3,5.9,8
22103,2010-03-07,10.8,1023.6,65,7.1,12.4,3.2,2.1,2.6,4,7,9.1
22103,2010-03-08,11.2,1026.7,60,7.2,11.7,3.3,2.2,2.7,4.3,6.8,8
22103,2010-03-09,8.7,1021.2,67,5.5,11.2,2.6,1.7,2.2,3.6,7.1,9.1
22103,2010-03-10,12.4,1020.6,58,1.7,7.9,3.2,2.1,2.9,4.6,6.1,9.1
22103,2010-03-11,5.7,1025.3,52,6.2,,1.5,1,1.3,2,7.7,10.7
22103,2010-03-12,10.4,1019.9,65,12,,3.5,2.2,2.9,5.6,6.4,8
22103,2010-03-13,5.5,1024.1,55,11,,1.5,1,1.6,2.8,6.4,7.1
22103,2010-03-14,8.4,1022.7,70,12.4,,1.8,1.2,1.5,2.4,5.3,5.8
22103,2010-03-15,9.8,1011.2,72,12,,4,2.5,3.9,6.6,7.4,9.1
22103,2010-03-17,4.8,1024.4,48,7.6,11.6,.9,.6,1.1,1.8,5.1,10.7
22103,2010-03-18,8.4,1018.7,55,6.9,12,2.1,1.4,2,3.6,5.2,5.8
22103,2010-03-19,6.7,1014.3,60,9.1,11.8,1.7,1.1,2.2,3.5,5.7,9.1
22103,2010-03-20,11.3,1004.1,69,13.8,12.6,4,2.8,3.5,5.3,7.4,8
22103,2010-03-21,10.5,1016.2,45,6.8,12.6,2.5,1.6,2.9,5.5,5.4,8
22103,2010-03-22,5.2,1017.6,53,8.9,12.8,1,.7,1,1.4,5.9,10.7
22103,2010-03-23,8.8,1015.2,75,9,12.8,1.8,1.2,1.5,2.3,4.9,5.8
22103,2010-03-24,9.4,1016,62,9.8,12.4,2.8,1.8,2.2,3.4,6.8,8
22103,2010-03-25,8.4,1016.5,55,8.2,12.4,1.9,1.2,2,3,5.6,7.1
22103,2010-03-26,8.2,1025.7,33,5.1,12.1,1.7,1.1,2.1,3.1,5.1,8
22103,2010-03-27,5.4,1026.8,45,8.9,12.1,.9,.6,.7,1.1,3.9,8
22103,2010-03-28,7.8,1024.7,52,9.1,12.1,1.1,.8,1.2,1.9,3.5,4.6
22103,2010-03-29,5.5,1028.2,38,8.2,12.3,1,.7,1,1.8,4.8,6.4
22103,2010-03-30,6.7,1028.7,53,10,12.5,1.4,.9,1.2,1.8,4.7,6.4
22103,2010-03-31,6.3,1017.7,83,12.5,12.6,2.8,1.9,3.2,4.9,6.6,8
22103,2010-04-01,5.5,1010.9,82,10.6,12.6,2.3,1.4,1.9,3.8,7,8
22103,2010-04-02,9.2,1019.5,38,8.8,12.6,1.7,1.1,1.7,2.5,4.2,7.1
22103,2010-04-03,5.3,1024.9,34,7.9,12.7,1,.7,1.2,1.8,4.6,6.4
22103,2010-04-04,3,1020,50,11.1,12.9,.6,.4,.5,.8,5.8,9.1
22103,2010-04-05,3.2,1015.4,78,12,13.1,1.3,.8,1.4,2.6,7,9.1
22103,2010-04-06,6.3,1016.6,71,12,12.9,1.3,.9,1.3,2,6.6,8
22103,2010-04-07,6.8,1022.6,47,8.9,12.8,1.9,1.2,1.4,2.3,6.2,8
22103,2010-04-08,4.2,1023.1,55,10.1,13,1.2,.8,1.2,2.1,5.3,7.1
22103,2010-04-09,5.3,1017.9,69,12.6,13.1,1.3,.9,1.2,1.7,5.1,7.1
22103,2010-04-10,4,1014,83,12.5,12.9,1.5,1,1.2,1.8,7,8
22103,2010-04-11,8.9,1013.6,77,12.5,12.9,2.5,1.6,2.5,3.9,6.8,9.1
22103,2010-04-12,8.6,1009.7,76,12.2,12.5,2.4,1.6,2,3.2,6.4,8
22103,2010-04-13,12.3,1017.8,54,8.6,12.5,2.7,1.7,2.2,3.7,5.8,8
22103,2010-04-14,7.6,1025.6,39,6.3,13,1.5,1,1.8,2.8,4.6,8
22103,2010-04-15,6.8,1023.5,51,7.5,12.5,1.3,.9,1.4,2.2,4.5,5.8
22103,2010-04-16,5.5,1023.2,51,9.7,12.5,1.1,.8,1,1.6,5.1,6.4
22103,2010-04-17,5.5,1029,47,10.4,12.8,.7,.5,.7,1,3.3,5.8
22103,2010-04-18,3.3,1025.1,67,12.6,12.6,.7,.5,.9,1.2,6.4,10.7
22103,2010-04-19,8.5,1017.8,80,13.5,12.9,2.6,1.7,2.7,4.4,5.7,8
22103,2010-04-20,4.6,1012.9,81,13.6,13.6,2.7,1.7,2.6,4.5,7.7,9.1
22103,2010-04-21,11.4,1013.3,77,12.3,12.6,2.9,1.9,3.2,4.7,6.4,8
22103,2010-04-22,10,1010.6,73,11,13.1,3.6,2.3,3.5,5.5,8.2,9.1
22103,2010-04-23,6.6,1015.7,66,11.4,13.1,1.5,1,1.3,1.8,5.9,8
22103,2010-04-24,5.4,1022.4,51,11.4,13.3,1.1,.7,1.1,1.7,4.8,6.4
22103,2010-04-25,2.4,1025,59,13.1,13.4,.5,.4,.5,.8,5.3,10.7
22103,2010-04-26,7.3,1017.4,72,14.8,14.4,1.8,1.2,2.2,3.7,4.8,7.1
22103,2010-04-27,9.6,1011.7,59,10.8,12.9,2.8,1.8,2.2,3.4,6.5,8
22103,2010-04-28,9.1,1012.1,52,11.1,12.3,2.8,1.9,3.1,5.2,7,8
22103,2010-04-29,10.2,1016.3,47,11.1,12.2,2.6,1.7,3.1,5,5.7,8
22103,2010-04-30,7.5,1016.7,67,12.3,12.3,1.8,1.2,1.7,2.6,5.1,5.8
22103,2010-05-01,4,1018.6,63,12.9,12.8,.8,.5,.9,1.4,4.3,5.8
22103,2010-05-02,3.3,1017.2,76,15.1,13.7,.9,.6,.8,1.3,3.7,4.3
22103,2010-05-03,3.7,1017.2,83,15.8,14,1,.7,.9,1.2,4.1,4.6
22103,2010-05-04,2.7,1015.2,83,16,14.7,1.1,.7,.9,1.4,5.6,8
22103,2010-05-05,4.3,1011.2,85,15.5,14.2,1.1,.7,1.1,1.7,6.1,8
22103,2010-05-06,6.3,1006.5,82,15.1,14,1.8,1.2,1.6,2.8,5.3,5.8
22103,2010-05-07,6.8,1009.2,64,13.7,13.8,1.2,.7,1,1.7,4.1,6.4
22103,2010-05-08,4.1,1010.1,64,14.4,13.8,.6,.4,.7,.9,4.5,9.1
22103,2010-05-09,3.6,1009.2,78,14.7,14,.6,.4,.5,.9,7,9.1
22103,2010-05-10,2.5,,80,14.7,14.2,1.2,.8,1.3,1.9,6.5,9.1
22103,2010-05-11,5.1,1011.7,64,14.3,14.2,1.1,.7,.9,1.5,5.8,8
22103,2010-05-12,5.1,1014.7,62,13.7,14,1,.7,.9,1.4,4.4,5.8
22103,2010-05-13,3.9,1016.2,73,14,14,.8,.5,.7,1.1,4.6,8
22103,2010-05-14,5.4,1019.2,70,14.3,14,1.2,.8,1,1.6,5.1,8
22103,2010-05-15,3.9,1018.9,75,14.4,14.3,1.1,.7,.9,1.3,4.8,5.3
22103,2010-05-16,1.3,1019,81,15.6,15.4,.7,.5,.6,.9,5.5,7.1
22103,2010-05-17,3.8,1016.7,83,15.7,14.7,1.2,.8,1.7,2.8,6,7.1
22103,2010-05-18,7.4,1008,84,17,14.6,3.5,2.3,3.1,5.2,7.5,8
22103,2010-05-19,4.8,1007.6,85,15,14.3,1.7,1.1,1.6,2.5,7.2,8
22103,2010-05-20,3.8,1012.5,,14.1,14.2,.9,.6,.8,1.2,6.3,7.1
22103,2010-05-21,2.1,1012.3,,,16,.8,.4,.5,1,6.2,8
22103,2010-05-22,7.6,1004.4,,15.5,14.8,1.5,1,2.1,3.5,5.6,8
22103,2010-05-23,6.2,995.4,,14.9,14.3,2.6,1.7,2.2,3.6,6.4,6.4
22103,2010-05-24,9.1,998.7,85,14.2,13.9,2.8,1.8,2.3,3.8,6.3,7.1
22103,2010-05-25,7.4,1003.2,76,14.6,14,2.2,1.4,1.8,2.7,5.8,7.1
22103,2010-05-26,3.5,1011.1,76,15.1,15.4,1.2,.8,1.3,1.9,6.8,10.7
22103,2010-05-27,6.4,1016.9,67,14.2,14.5,1.9,1.2,1.5,2.5,6.5,9.1
22103,2010-05-28,5.4,1015.8,71,14.3,14.8,1.4,.9,1.1,1.8,5.4,8
22103,2010-05-29,7.2,1011.8,70,15,15.5,1.7,1.1,1.5,2.7,5.7,6.4
22103,2010-05-30,10,1011.6,67,14.9,16.7,2.7,1.6,2.1,3.6,6.5,7.1
22103,2010-05-31,9.2,1013.3,63,15.1,17.1,2.2,1.4,1.8,2.8,6,6.4
22103,2010-06-01,7.4,1015,66,15.4,17.4,1.7,1.1,1.7,2.6,5.6,6.4
22103,2010-06-02,5.6,1017.2,74,16.5,17.4,1.3,.9,1.2,1.9,5.3,7.1
22103,2010-06-03,2.8,1018.5,78,17.4,18,1,.7,.8,1.3,7.8,9.1
22103,2010-06-04,1.8,1016,78,17.8,17.9,1,.7,.8,1.3,7.5,8
22103,2010-06-05,1.6,1012.9,76,18.7,18.4,.8,.5,.6,1.1,7.7,8
22103,2010-06-06,2.3,1012.8,77,18.8,18.7,.9,.6,.8,1.2,7.8,9.1
22103,2010-06-07,2.9,1014.6,81,18.4,18,1.1,.7,1,1.6,7.8,9.1
22103,2010-06-08,5.9,1014.5,75,18.2,17.6,1.5,1,1.3,1.8,6.1,8
22103,2010-06-09,4.6,1014.6,75,18.4,18.3,1.1,.7,1,1.8,5.3,8
22103,2010-06-10,3.3,1014.5,78,18.6,18.5,.8,.5,.6,1,5.1,8
22103,2010-06-11,4.5,1013,82,19.2,18.8,.9,.6,.8,1.3,4.4,7.1
22103,2010-06-12,6.5,1008.5,78,19.5,18.9,2,1.3,1.8,2.9,6.5,8
22103,2010-06-13,7.7,1007.1,79,19.2,18.5,2.2,1.5,1.9,2.8,7.4,8
22103,2010-06-14,3.4,1008,81,19.3,19.2,1.2,.8,1.1,1.7,5.4,6.4
22103,2010-06-15,1.9,1006.1,84,19.6,19.7,.6,.4,.5,.9,5.8,8
22103,2010-06-16,3.6,1007.2,84,19.1,18.9,.7,.4,.7,1.2,6.1,8
22103,2010-06-17,2.4,1005.7,85,19.7,19.5,1,.6,.8,1.3,6.9,7.1
22103,2010-06-18,7.3,1002,85,19.5,19.3,2,1.3,1.6,2.4,6.6,8
22103,2010-06-19,2,1006.3,84,20,20,1.9,1.2,1.4,2.4,7.3,8
22103,2010-06-20,1.9,1004.8,83,20.5,19.7,1.5,1,1.4,2.2,7.1,8
22103,2010-06-21,5.3,1005.2,81,19,19.1,1.3,.9,1,1.8,6.6,7.1
22103,2010-06-22,4.6,1007.6,82,19.1,19,1,.7,.8,1.3,6.1,6.4
22103,2010-06-23,3.4,1008.5,78,19.7,19.3,.8,.6,.7,1.2,6,6.4
22103,2010-06-24,2.4,1009.8,83,19.9,20,.8,.5,.7,1,5.8,6.4
22103,2010-06-25,7.3,1007.6,83,19.8,19,1.3,.9,1.8,3.3,4.7,6.4
22103,2010-06-26,5.5,1005.8,86,20.9,18.9,2.1,1.3,2.1,4,5.8,7.1
22103,2010-06-27,3.5,1009.5,87,19.1,17.9,2.2,1.4,2.1,3.1,6.9,8
22103,2010-06-28,3.9,1007.3,87,19.2,18.8,1.6,1.1,1.3,2.2,6.1,7.1
22103,2010-06-29,1.6,1007.7,87,19.4,18.6,1.1,.7,1,1.8,5.5,6.4
22103,2010-06-30,2.2,1006.3,88,18.8,19.1,.9,.6,.6,1,5.1,8
22103,2010-07-01,1.8,1005,,,20.1,.7,.5,.6,.9,6,8
22103,2010-07-02,3,1002.4,,,20.4,.8,.6,.7,1.1,5.1,7.1
22103,2010-07-03,4.2,999.5,,,19.8,1.2,.8,1,1.5,5.4,6.4
22103,2010-07-04,3.1,999.8,,,19.8,1.4,.9,1,1.7,6.3,7.1
22103,2010-07-05,2.8,999.6,91,20.7,20.4,1.3,.9,1,1.7,7.1,8
22103,2010-07-06,5.5,1001.6,93,19.8,19.6,1.2,.9,1,1.6,7.7,9.1
22103,2010-07-07,4,1005.5,,20.7,20,1.1,.7,.9,1.4,7.3,8
22103,2010-07-08,4.3,1008.9,88,20.4,19.4,1.3,.8,1,1.5,7.6,8
22103,2010-07-09,1.8,1008,86,21.3,20.1,1.1,.8,1.1,1.8,7.1,8
22103,2010-07-10,4,1007.4,90,21.7,21.6,1.5,1,1.8,2.6,6.1,7.1
22103,2010-07-11,9.9,1002.1,88,23,21.4,3.5,2.3,3.3,5.8,7.2,8
22103,2010-07-12,5.3,1009.4,88,20.5,20.5,2.1,1.4,2.2,2.9,7.2,8
22103,2010-07-13,6,1007.5,90,20.6,20.9,2.1,1.3,1.8,3.4,6.2,7.1
22103,2010-07-14,3.7,1011,87,21,20.7,1.5,1,1.2,2,6.3,7.1
22103,2010-07-15,5,1012.3,88,21.5,20.7,1.3,.9,1,2.1,5.4,6.4
22103,2010-07-16,5.9,1012.3,91,23,20.8,1.7,1.1,1.5,2.1,5.7,10.7
22103,2010-07-17,4.8,1015.4,91,22.8,20.8,1.5,1,1.2,2.3,5,5.8
22103,2010-07-18,3.4,1015.2,90,23.2,22.2,1.1,.8,.9,1.3,5.1,7.1
22103,2010-07-19,3.4,1015.5,88,24.2,23.3,1.3,.9,1.1,1.5,5.9,9.1
22103,2010-07-20,4.5,1014.5,87,24.1,22.9,2.1,1.4,1.8,3,6.6,9.1
22103,2010-07-21,4.3,1014.7,89,24.4,22.5,2.2,1.5,2.1,3.3,7,9.1
22103,2010-07-22,3.5,1014.8,89,25,23.8,1.2,.8,1,1.5,5.4,6.4
22103,2010-07-23,3.8,1014.2,86,25.9,25.4,.9,.6,.8,1.2,4.6,5.8
22103,2010-07-24,2,1014.8,87,25.2,25.4,.7,.5,.6,.9,5.4,7.1
22103,2010-07-25,2.1,1015.7,79,24.3,25,.6,.4,.5,.8,7,8
22103,2010-07-26,1.3,1015.6,81,25.2,24.9,.9,.6,.7,1.4,6.8,8
22103,2010-07-27,2.6,1012.4,84,24.4,22.9,1.3,.9,1.9,3,6.3,7.1
22103,2010-07-28,8.1,1003.2,84,25.1,24,4.2,2.7,3.9,6.1,8.5,9.1
22103,2010-07-29,6.4,1001.9,84,24.7,24.4,2.4,1.6,2.3,3.4,7.9,9.1
22103,2010-07-30,2.6,1005.2,86,24.6,24.9,1.7,1.1,1.3,2.4,7.5,8
22103,2010-07-31,3,1007.5,88,25.1,23.8,1.5,1,1.2,2.1,6.8,7.1
22103,2010-08-01,2.3,1008.5,89,25,23.4,1.6,1.1,1.3,2.1,6.5,7.1
22103,2010-08-02,2.6,,92,24,22.8,1.2,.8,1.1,1.6,6.5,7.1
22103,2010-08-03,3.2,1006.4,94,22.7,21.9,.9,.6,.7,1.2,5.4,6.4
22103,2010-08-04,3.9,1008.7,89,26.2,26.7,.8,.5,.6,1.1,4.1,5.3
22103,2010-08-05,5.1,1012.5,84,27.2,26.2,1.4,.9,1.5,2.5,4.9,6.4
22103,2010-08-06,4.7,1015.8,82,27.2,26.8,2.1,1.3,1.7,3,6.2,6.4
22103,2010-08-07,2.4,1014.4,78,26,27.1,1.6,1,1.1,1.9,7,9.1
22103,2010-08-08,3.8,1011,76,27,28,1.4,.9,1.1,2,7.4,9.1
22103,2010-08-09,6.4,1008.1,81,27.1,27.8,1.6,1.1,1.4,2.1,7,10.7
22103,2010-08-10,11.2,1004.2,81,27.1,26.6,6.1,4.1,6.5,9.9,9,10.7
22103,2010-08-11,11.7,997.7,87,24.7,24,6,3.9,8.3,12.8,9.1,10.7
22103,2010-08-12,3.9,1006.4,91,24.4,24.4,1.5,1,1.5,2.2,7,8
22103,2010-08-13,5.3,1005.2,90,25,24.4,1.6,1,1.2,1.9,5.8,7.1
22103,2010-08-14,6.6,1006.9,89,25.2,23.7,2.1,1.4,1.7,2.7,6.1,8
22103,2010-08-15,7.2,1008.3,89,24.8,23.9,2.6,1.7,2,3.9,6.2,7.1
22103,2010-08-16,5.2,1010.9,89,24.6,23.9,1.9,1.2,1.6,2.9,6.3,7.1
22103,2010-08-17,3.5,1011.9,89,25.1,24.3,1.7,1.1,1.4,2.6,5.8,6.4
22103,2010-08-18,2.5,1015.8,90,25.1,24.9,.9,.6,.8,1.2,5.3,5.8
22103,2010-08-19,5.1,1018.9,87,25.3,26.3,1,.7,1,1.5,5.5,6.4
22103,2010-08-20,3.2,1018.5,84,26.1,27.4,.9,.6,.8,1.3,4.8,5.8
22103,2010-08-21,1.8,1016.3,79,27.4,28.1,.5,.4,.4,.7,5.3,7.1
22103,2010-08-22,2.1,1014.7,81,27.9,28.4,.8,.5,.7,1,6,7.1
22103,2010-08-23,4.3,1013.8,76,28.1,28.3,.8,.5,.6,1,4.4,6.4
22103,2010-08-24,3.6,1013.5,73,28.1,28.9,.9,.4,.6,5.3,4.6,8
22103,2010-08-25,6.1,1012.8,76,28,27.6,1.3,.9,1.2,1.8,4.3,4.9
22103,2010-08-26,6.2,1013.4,74,28.1,27.5,1.4,.9,1.2,1.9,4.5,4.9
22103,2010-08-27,6.2,1013.1,80,27,27.9,1.7,1.1,1.3,2.2,5,6.4
22103,2010-08-28,10.4,1009.8,77,27.6,26.7,4,2.8,3.9,7,7.3,9.1
22103,2010-08-29,5.8,1010.5,86,26.1,26,3,2,2.8,4.7,6.9,8
22103,2010-08-30,1.8,1010.2,86,26.5,26.6,1.2,.8,1.4,2.3,6.4,8
22103,2010-08-31,3.5,1011.7,84,26.7,27.1,1.5,1,1.3,2.1,6.9,8
22103,2010-09-01,8.5,1011.7,80,27.2,26.4,4.1,2.7,4.7,7.9,8.4,10.7
22103,2010-09-02,4.5,1014.7,88,25.7,25.1,3.5,2.3,4.2,7.5,7.7,9.1
22103,2010-09-03,2.1,1015.2,86,26.4,26,1.4,.9,1.1,1.8,6.8,8
22103,2010-09-04,3.6,1014,87,26,26.2,1.2,.8,1,1.6,7.6,12.8
22103,2010-09-05,5.1,1011.2,86,25.8,25.3,2.3,1.5,2.5,4.1,9.2,10.7
22103,2010-09-06,8.8,1004.1,86,25.6,25.3,5.2,3.6,4.8,7.4,9,10.7
22103,2010-09-07,6,1004,85,24,26,3.2,2.1,3.3,4.9,7.8,9.1
22103,2010-09-08,8.7,1013.7,74,23.9,25.5,2.2,1.5,1.8,3.3,6.7,8
22103,2010-09-09,5.1,1014,77,25.1,25.8,1.5,1,1.4,2,6.5,8
22103,2010-09-10,2.8,1011.6,85,26.2,26.1,1,.6,.8,1.3,6.8,8
22103,2010-09-11,7,1010.1,87,26.1,25.6,2.2,1.4,2,3.7,6,8
22103,2010-09-12,8.8,1009.4,83,24.2,24.3,2.8,1.9,2.7,4.2,7.1,8
22103,2010-09-13,4.8,1012.3,78,23.1,23.7,1.2,.8,1,1.8,6.4,7.1
22103,2010-09-14,2.8,1014.5,83,23.5,24,.6,.4,.6,.9,5.4,6.4
22103,2010-09-15,5,1013.8,74,22.6,23.8,.9,.6,.7,1.3,4.3,4.9
22103,2010-09-16,3.5,1012.1,73,23,23.5,.7,.5,.6,1,4.7,6.4
22103,2010-09-17,2.1,1012.5,79,23.1,23.2,.7,.5,.6,1.1,6.9,9.1
22103,2010-09-18,2.6,1012.7,80,23.7,24.2,1.3,.9,1.5,2,10.6,12.8
22103,2010-09-19,1.5,1012.4,80,25,26,1.7,1.2,1.4,2.3,10.6,12.8
22103,2010-09-20,2.1,1013.2,84,25.2,24.7,2,1.4,1.8,2.5,10.2,10.7
22103,2010-09-21,4.2,1013.1,86,25.7,25,2,1.3,1.6,2.6,9,10.7
22103,2010-09-22,6.6,1010.9,78,23.1,24.3,1.8,1.2,1.5,2.2,7.3,8
22103,2010-09-23,7.2,1013.7,63,20.7,22.8,1.7,1.1,2,2.6,6.4,9.1
22103,2010-09-24,8.4,1015.6,57,20.8,22.2,2.3,1.5,2.2,3.3,6.7,8
22103,2010-09-25,8.1,1016.5,58,20.7,22.3,2.1,1.4,1.8,2.9,7.1,9.1
22103,2010-09-26,7.7,1017.7,66,20.8,22.7,1.8,1.2,1.5,2.4,5.8,7.1
22103,2010-09-27,7.1,1014.6,71,20.9,23.1,1.5,1,1.2,2.2,5,5.8
22103,2010-09-28,7.3,1015.6,55,20.8,23.4,1.1,.7,.9,1.6,3.9,5.8
22103,2010-09-29,6,1018.8,59,20,22.3,1.2,.8,1.1,1.7,4.9,5.8
22103,2010-09-30,4.2,1018.9,62,20.2,21.6,.8,.5,.7,1.1,5.4,8
22103,2010-10-01,5.6,1019.9,67,20.7,20.5,.9,.6,1,1.4,5.1,9.1
22103,2010-10-02,6.5,1015,78,21.4,20.8,1.4,.9,1.1,2,5.3,6.4
22103,2010-10-03,7.8,1011.9,70,20.5,21.6,1.5,1,1.3,2,4.7,5.8
22103,2010-10-04,9.3,1012.2,61,18.6,21.7,1.9,1.3,1.7,2.5,4.9,8
22103,2010-10-05,6.7,1015.4,61,18.2,21.2,1.3,.9,1.5,2.4,4.8,8
22103,2010-10-06,4.8,1018,65,19.1,20,.8,.6,.9,1.4,4.2,7.1
22103,2010-10-07,6.4,1019.3,69,20.2,20.6,1.2,.8,1,1.6,4.8,5.3
22103,2010-10-08,4.4,1016.6,78,19.3,21.4,1,.7,.9,1.6,4.8,5.3
22103,2010-10-09,4.7,1011.3,73,19.5,22.2,.8,.5,.7,1,4.7,5.8
22103,2010-10-10,3.7,1014.1,70,19.7,21.5,.7,.4,.6,1.1,5.8,8
22103,2010-10-11,2.1,1015.8,73,20.4,21.7,.5,.3,.4,.6,6,7.1
22103,2010-10-12,3.4,1015.7,57,20.7,23.7,.5,.3,.4,.6,6.2,8
22103,2010-10-13,5.3,1013.8,69,18.3,21.1,.8,.5,.7,1.2,3.6,8
22103,2010-10-14,7.6,1013.6,59,17.8,19.1,1.2,.8,1,1.6,3.6,4
22103,2010-10-15,7.6,1016.8,48,17.1,18.9,1.2,.8,1,1.5,3.7,4.3
22103,2010-10-16,2.5,1020.8,49,17.2,19.3,.5,.3,.5,.7,5.5,8
22103,2010-10-17,1,1022.7,66,18,18.6,.4,.3,.3,.6,6.2,12.8
22103,2010-10-18,4.4,1023.6,75,18.3,18.3,.8,.6,.8,1.2,11.3,12.8
22103,2010-10-19,6.5,1022.2,75,18.6,18.7,1.6,1.1,1.2,1.9,6.1,10.7
22103,2010-10-20,5.5,1019.5,74,18.7,18.6,1.8,1.1,1.4,2.3,7.3,12.8
22103,2010-10-21,7.5,1017.3,73,18.8,19.7,2.2,1.4,2.2,3.6,6.5,8
22103,2010-10-22,10.7,1019.6,63,18.4,19.4,3,2,2.4,3.5,7.2,8
22103,2010-10-23,10,1017.3,71,19,20.3,2.9,2,2.5,3.8,6.6,8
22103,2010-10-24,8.4,1011.8,82,18.4,19.5,2.5,1.6,2.2,3.7,6.3,8
22103,2010-10-25,10.3,1012.9,64,16.3,19.1,2.1,1.4,2.2,3.3,5.2,9.1
22103,2010-10-26,12.5,1024.1,42,9.9,18,2.9,2,2.9,4.2,5.5,9.1
22103,2010-10-27,9,1025.5,56,12.4,17.5,2.5,1.6,2.2,3.5,6.3,7.1
22103,2010-10-28,7.6,1021.3,48,13.4,17.3,1.8,1.1,1.3,2.2,8.3,12.8
22103,2010-10-29,9.4,1022.6,55,14.4,16.4,2.4,1.6,1.9,3.7,6.8,12.8
22103,2010-10-30,8.6,1023.4,58,15.7,16.7,2.3,1.5,2,3.8,7.1,9.1
22103,2010-10-31,6.7,1021.3,57,15,16.8,1.7,1.2,1.4,2.1,7.6,8
22103,2010-11-01,8.7,1019.7,55,14.3,19.9,1.7,1.1,1.3,2.3,4.6,8
22103,2010-11-02,9.5,1021.2,53,11.7,17.4,1.6,1.1,1.5,2.2,4.3,5.8
22103,2010-11-03,7.5,1025.3,51,11.1,19,1.4,.9,1.4,2.4,4.9,9.1
22103,2010-11-04,5.4,1025.1,55,13.3,18.3,.8,.5,.7,1.2,5.4,9.1
22103,2010-11-05,4.6,1023.7,58,14.4,17.7,.7,.5,.6,1,4.1,10.7
22103,2010-11-06,3.5,1021.9,52,14.7,16.5,.5,.3,.5,.7,4.8,9.1
22103,2010-11-07,4.4,1018.1,53,14.7,15.8,.5,.3,.4,.7,4.4,9.1
22103,2010-11-08,9.9,1015.7,63,12.8,15.2,1.8,1.2,1.8,2.7,4.3,5.8
22103,2010-11-09,10.9,1019.1,54,10,14.5,2.3,1.5,1.9,3,5,7.1
22103,2010-11-10,4.9,1021,61,11.4,14.6,.9,.6,.9,1.2,6.7,10.7
22103,2010-11-11,7.1,1017.3,66,16.1,15.2,2.3,1.5,2.5,4.4,6.4,7.1
22103,2010-11-12,6.8,1022.3,45,13.5,15.1,1.8,1.2,2,3.1,6.7,8
22103,2010-11-13,4.1,1025.6,63,13.5,14.5,.7,.4,.6,.9,5,9.1
22103,2010-11-14,6.3,1025.4,64,13,13.7,.9,.6,1,1.4,5.3,9.1
22103,2010-11-15,8.7,1027.3,39,8.7,14.5,1.9,1.2,1.8,3,4.8,8
22103,2010-11-16,4.4,1025.2,42,8.1,15.5,1,.7,.9,1.3,5.6,9.1
22103,2010-11-17,3.1,,51,10.1,15,.6,.4,.6,.9,4.8,9.1
22103,2010-11-18,2.1,1024.7,49,11.2,14.6,.6,.4,.4,.7,4.9,9.1
22103,2010-11-19,3.2,1020.5,54,11.7,15.4,.5,.3,.5,.7,6.6,9.1
22103,2010-11-20,2.4,1018,54,13.2,16.4,.4,.3,.3,.5,7.5,9.1
22103,2010-11-21,2.8,1015.1,64,14.9,16.5,.4,.3,.4,.6,7.6,9.1
22103,2010-11-22,7.1,1012.2,61,13.4,16,1.2,.8,1.3,2,6.2,9.1
22103,2010-11-23,7.6,1019.3,55,11.9,16.6,1.8,1.2,1.7,2.8,5.2,7.1
22103,2010-11-24,5.8,1021,59,13.2,16.1,1.7,1.1,1.6,2.6,5.6,7.1
22103,2010-11-25,8.2,1020.3,56,10.1,16,1.3,.9,1.5,2.4,3.7,5.8
22103,2010-11-26,7.6,1020.7,48,7.5,15.6,1.5,.9,1.5,2.2,4.1,4.9
22103,2010-11-27,7.5,1018.5,54,11.3,15.6,1.5,1,1.9,3.4,5.2,7.1
22103,2010-11-28,6.8,1024.7,55,6.9,15.3,1.5,1,2,3.1,5.4,7.1
22103,2010-11-29,4.7,1024.1,61,12,16.1,.7,.5,.6,1.1,5.1,9.1
22103,2010-11-30,,1020,72,14.3,15.5,.8,.6,.8,1.3,4.2,4.6
22103,2010-12-01,3.4,1019.9,73,14.1,15.3,1,.7,.9,1.5,6.2,8
22103,2010-12-02,5.2,1015.7,77,13.3,14.7,1.3,.8,1,1.5,7.3,9.1
22103,2010-12-03,12.4,1018.5,52,8.3,14.6,2.5,1.7,2.3,3.5,5.5,8
22103,2010-12-04,5.8,1021.8,53,8.5,14.7,1.1,.7,1.1,1.8,5,10.7
22103,2010-12-05,3,1018.3,62,13,14.9,.8,.5,.7,1,7.5,10.7
22103,2010-12-06,8.5,1015.9,62,10.7,15.4,1.6,1,2.1,3.1,4.6,6.4
22103,2010-12-07,11.1,1014.9,48,5.6,15.2,2.2,1.5,2.1,2.8,4.6,5.3
22103,2010-12-08,8.4,1011.9,52,7.2,15.4,1.7,1.1,1.7,3.2,5,8
22103,2010-12-09,9.1,1016.4,47,5.6,15,2,1.3,2,3.4,5.2,7.1
22103,2010-12-10,6.4,1014.3,53,10.7,15,1.8,1.2,2.4,3.6,7.1,10.7
22103,2010-12-11,9.1,1018.6,51,7.3,15.2,2.2,1.4,2.4,3.6,5.2,7.1
22103,2010-12-12,8.4,1021.8,60,8.3,14.8,1.7,1.1,1.6,2.7,4.9,5.8
22103,2010-12-13,10,1012.1,79,10.4,15.1,2.8,1.9,2.5,4.9,6.7,8
22103,2010-12-14,10.5,1018.7,63,6.3,14.7,2.1,1.4,1.8,2.7,5.3,8
22103,2010-12-15,9,1022.8,58,.4,14.4,1.7,1.2,2.1,2.9,5,9.1
22103,2010-12-16,7.6,1019.1,58,1.4,13.5,1.4,.9,1.3,2.1,4.8,8
22103,2010-12-17,8.8,1015,54,6.9,13.2,1.8,1.2,1.6,2.7,6.1,8
22103,2010-12-18,4.1,1022.1,44,8,12.7,1.1,.7,1.2,1.6,6.5,8
22103,2010-12-19,5.8,1019.3,58,13.4,13.7,1.5,1,1.5,2.3,4.6,5.8
22103,2010-12-20,4.7,1017.2,55,10.5,15.4,1.2,.8,1.5,2.3,5.3,5.8
22103,2010-12-21,5.5,1011.8,61,11.1,15,.8,.5,.8,1.1,4,5.3
22103,2010-12-22,7.6,1014.6,53,9.4,14.5,1.2,.8,1,1.5,3.8,4.9
22103,2010-12-23,8.3,1020.3,55,8.2,15.7,1.3,.8,1.5,2.4,4,8
22103,2010-12-24,11,1024.3,62,-.4,14.5,2.2,1.4,1.6,3,4.5,4.9
22103,2010-12-25,10.5,1019.9,64,-.4,14.4,1.9,1.2,1.5,2.4,4.1,4.9
22103,2010-12-26,12.3,1013.2,63,3,15,2.8,1.8,2.7,4.2,5.5,7.1
22103,2010-12-27,9.5,1014.1,51,6.3,13.5,2.4,1.6,2.4,3.5,6.3,8
22103,2010-12-28,13.5,1010.9,55,8,13.8,4.1,2.8,3.6,5.7,7.4,9.1
22103,2010-12-29,8,1018.7,57,4,12.8,2,1.3,2,3.1,6.3,10.7
22103,2010-12-30,12.9,1011.7,68,3.1,13.3,3.1,2.1,2.7,4.4,6,8
22103,2010-12-31,12,1013.8,62,.4,10.3,3,2,2.5,4.3,6.3,10.7
22103,2011-01-01,10.1,1019.7,57,1.4,11.1,2.3,1.5,1.7,2.8,5.2,9.1
22103,2011-01-02,7.2,1024.6,52,3,11.8,2,1.3,1.4,2.4,8.6,12.8
22103,2011-01-03,9.5,1020.9,54,1.9,11.3,1.8,1.2,1.5,2.1,4.2,4.6
22103,2011-01-04,10.2,1021.4,60,2.7,11.7,2.1,1.4,1.5,2.4,4.7,7.1
22103,2011-01-05,10.4,1021.8,57,3.4,11,1.8,1.2,1.4,2.4,4.3,4.9
22103,2011-01-06,11,1024.3,59,1.4,10.7,2,1.4,1.9,2.9,4.5,5.3
22103,2011-01-07,10.2,1026.9,52,.6,9.5,2,1.3,1.8,2.7,4.4,4.9
22103,2011-01-08,7.4,1025.3,56,2.9,9.4,1.2,.8,1,1.3,3.7,4.6
22103,2011-01-09,10.8,1023.5,53,2.5,10.1,1.9,1.2,1.6,2.5,4.3,4.9
22103,2011-01-10,8.6,1023.6,47,-.9,9,1.7,1.1,1.7,2.9,4.9,9.1
22103,2011-01-11,8.6,1018.2,50,1.3,10.2,1.4,.9,1.2,1.9,3.7,4.3
22103,2011-01-12,9.9,1021.4,50,.9,11.8,1.8,1.2,1.7,2.7,4.2,5.3
22103,2011-01-13,6.3,1025.8,51,.8,10.4,1,.7,1,1.6,4.8,9.1
22103,2011-01-14,5.7,1025.5,48,3.5,11.8,.8,.5,.9,1.5,5,8
22103,2011-01-15,12.5,1024.1,55,-1.1,10.1,2.6,1.6,2.5,3.9,4.8,5.8
22103,2011-01-16,13.7,1025.4,65,-2.5,10.5,3,2,2.3,3.5,5.1,5.8
22103,2011-01-17,10.7,1028.9,56,-.2,10.1,2.2,1.4,1.8,3.1,4.4,5.3
22103,2011-01-18,7.7,1028.9,55,1.2,9.4,1.3,.8,1.1,1.9,4.2,10.7
22103,2011-01-19,8.6,1027.1,53,1.5,10.1,1.4,.9,1.4,2.3,3.8,4.6
22103,2011-01-20,8.3,1024.9,54,.7,9.6,1.4,.9,1.1,1.8,3.8,4.6
22103,2011-01-21,9,1023.8,50,.4,9,1.6,1,1.3,2.1,4,4.9
22103,2011-01-22,8.1,1026.8,48,2,9.5,1.3,.8,1.3,2.1,3.6,4.6
22103,2011-01-23,5.1,1025.2,52,3.5,9.2,.8,.6,1,1.5,4.5,7.1
22103,2011-01-24,10.9,1026,56,.1,8.5,2.1,1.4,1.6,2.4,4.6,5.8
22103,2011-01-25,10,1029,59,.2,9,1.7,1.2,1.3,2.1,4,4.6
22103,2011-01-26,8.8,1033.2,54,.2,9.1,1.6,1.1,1.6,2.5,3.9,4.9
22103,2011-01-27,8.4,1034.8,44,-.5,7.4,1.4,.9,1.1,2,3.8,4.3
22103,2011-01-28,6.7,1030,43,.5,9,1.3,.9,1.5,2.3,4.1,8
22103,2011-01-29,10.6,1028.2,54,-.7,8.8,2,1.3,1.7,2.5,4.4,5.8
22103,2011-01-30,10.2,1028.8,56,-1.3,8.9,2,1.3,1.5,2.3,4.2,4.9
22103,2011-01-31,9.9,1027.1,56,.3,8.9,2,1.3,1.4,2.6,4.2,6.4
22103,2011-02-01,7.8,1024.6,48,4.9,11,1.3,.8,1.1,1.8,3.7,5.3
22103,2011-02-02,7.3,1023,44,6.5,11.6,1,.6,.7,1.2,3.2,3.8
22103,2011-02-03,4.8,1022.7,38,7.6,11.4,.7,.4,.5,.9,3.4,7.1
22103,2011-02-04,4,1020.4,45,9.1,11.8,.5,.3,.5,.7,5.8,9.1
22103,2011-02-05,4.4,1020.6,32,7.8,13.3,.6,.4,.7,1.2,4.5,9.1
22103,2011-02-06,4.4,1016.9,55,9.2,12.1,.8,.5,1,1.6,5.7,9.1
22103,2011-02-07,4.6,1016.7,54,7.2,12.1,.9,.5,.8,1.3,6,9.1
22103,2011-02-08,6.6,1008.9,72,8.8,13.5,1,.7,1,1.4,4.3,8
22103,2011-02-09,8.8,1016,51,5.8,13.2,1.4,1,1.2,2.1,3.8,4.3
22103,2011-02-10,6,1018.6,65,3.7,12.8,1.1,.8,.9,1.3,3.9,8
22103,2011-02-11,11,1017.2,53,2.8,12.2,2.2,1.5,2.6,3.7,4.4,5.8
22103,2011-02-12,11.8,1021.8,57,-.1,10.6,2.6,1.8,2.7,4,6.1,10.7
22103,2011-02-13,3.4,1023.8,45,.4,10.5,1.1,.7,1.1,1.7,7.3,9.1
22103,2011-02-14,9.1,1022.3,50,1.5,10,1.5,1,1.6,2.3,4.5,9.1
22103,2011-02-15,4.9,1028.7,57,3.3,10.1,1.4,.9,1.4,2.3,7.5,9.1
22103,2011-02-16,4.8,1024.9,64,7,11.1,1,.6,1.3,2.2,6.3,9.1
22103,2011-02-17,8,1015.4,76,6.1,12.6,1.8,1.1,1.4,2.4,5.2,6.4
22103,2011-02-18,6.5,1020.9,58,5.7,11.1,1.5,1,1.5,2.2,5.1,8
22103,2011-02-19,5,1022.9,54,7.6,10.8,1.1,.7,1,1.7,5.7,8
22103,2011-02-20,7.3,1023.2,55,8.6,10.2,1.7,1.1,2.6,3.5,6.3,9.1
22103,2011-02-21,9.2,1024.8,57,7.9,10.2,2.6,1.6,2.2,3.3,7,8
22103,2011-02-22,7.5,1024.1,62,8.6,11.2,2.1,1.4,1.7,2.8,6.5,8
22103,2011-02-23,4.8,1021.1,63,9.9,11.5,1.1,.7,1.1,1.7,5.6,10.7
22103,2011-02-24,3.9,1018.6,59,11.1,13.1,1.2,.7,1,1.7,6.7,10.7
22103,2011-02-25,6.1,1023.2,50,10.4,12.7,1.2,.8,1,1.8,5.8,12.8
22103,2011-02-26,10.9,1026.1,63,10.2,12.7,3,2,2.7,4.1,6.5,7.1
22103,2011-02-27,6.4,1016.2,83,13.6,12.7,2.6,1.7,2.2,3.8,6.7,8
22103,2011-02-28,7.4,1014.9,78,9.8,12.6,2.4,1.6,1.8,3,7,8
22103,2011-03-01,9.7,1014.2,69,5.4,12.4,2.1,1.4,1.9,2.9,5.4,9.1
22103,2011-03-02,10.7,1019.8,50,3.4,12.9,2.1,1.4,1.6,2.8,4.5,5.3
22103,2011-03-03,10.7,1021.8,50,2.5,12.6,2,1.3,1.7,2.4,4.3,4.9
22103,2011-03-04,8.4,1024.4,46,3.6,11.4,1.5,1,1.5,2.4,4.1,4.6
22103,2011-03-05,2.4,1023.4,53,6.6,11.8,.7,.5,.7,1,5.3,9.1
22103,2011-03-06,5,1016.5,57,7.4,11.8,.7,.5,.9,1.4,3.6,4.9
22103,2011-03-07,10.2,1015.5,46,5.7,11,1.9,1.3,1.6,2.5,4.4,5.8
22103,2011-03-08,8.8,1021.4,42,5.4,11,1.6,1.1,1.7,2.6,4.5,7.1
22103,2011-03-09,9.5,1025.5,40,5.2,10.8,1.6,1.1,1.3,2,4.2,4.6
22103,2011-03-10,8.3,1025.3,46,5.2,10.6,1.4,.9,1.2,1.8,3.9,4.6
22103,2011-03-11,6.3,1024.3,46,8.2,11,1.1,.7,1.2,1.7,4.3,5.3
22103,2011-03-12,4.3,1021.7,55,11.1,11.8,.8,.6,.8,1.1,3.8,4.6
22103,2011-03-13,2.2,1019.8,70,11.8,13.1,.7,.4,.7,1.1,4.7,8
22103,2011-03-14,3.5,1016.9,71,11.5,12.9,.9,.6,1,1.4,7.5,9.1
22103,2011-03-15,11.1,1018.2,50,6.2,12.1,2.2,1.5,2.2,3.6,4.8,6.4
22103,2011-03-16,9.6,1022,46,3.8,11.6,2.1,1.3,2.1,3.6,4.7,6.4
22103,2011-03-17,8.5,1025.4,43,5,10.8,1.8,1.2,1.7,2.6,4.9,7.1
22103,2011-03-18,4.5,1024.5,49,9.6,11.4,1,.7,1.2,1.9,5.1,8
22103,2011-03-19,5.3,1019.1,72,11.6,11.4,1.5,1,1.4,2.3,4.9,5.8
22103,2011-03-20,7.4,1010.9,82,12.2,12.4,1.8,1.3,2,3.1,5.2,6.4
22103,2011-03-21,6.4,1016.3,66,9.1,12.5,2.1,1.3,2.2,3.5,6.3,7.1
22103,2011-03-22,11.8,1021.7,40,5.7,11.7,2.1,1.4,2.1,3.3,4.5,5.3
22103,2011-03-23,8.6,1024.4,42,5,11.5,1.6,1.1,1.5,2.2,4.1,5.3
22103,2011-03-24,7,1023.9,40,7.7,11.6,1.1,.7,1.9,2.8,3.7,6.4
22103,2011-03-25,11.7,1025.1,43,5.7,11.7,2.6,1.7,2.1,3.2,5.1,6.4
22103,2011-03-26,7.3,1027.9,40,5.1,11.3,1.2,.8,1.1,1.8,3.9,9.1
22103,2011-03-27,4.8,1027.1,39,7.6,11.8,.9,.6,1,1.6,4.5,8
22103,2011-03-28,7.7,1025.1,45,10.1,11.4,1.6,1.1,1.6,2.4,5,5.8
22103,2011-03-29,5.8,1024.3,41,8.1,11.7,.9,.6,1.2,1.8,3.5,5.8
22103,2011-03-30,8.4,1023.6,53,8.6,11.6,1.4,.9,1.2,1.9,3.9,4.6
22103,2011-03-31,4.8,1022.6,59,10.6,11.6,.8,.5,.8,1.1,3.6,5.3
22103,2011-04-01,3.5,1021.7,60,11.4,11.5,.5,.3,.5,.8,7.9,10.7
22103,2011-04-02,6.8,1019.6,57,10.9,11.6,1.2,.8,1.6,2.4,4.8,9.1
22103,2011-04-03,8.8,1020,66,9.2,11.3,2,1.4,1.8,2.8,5.7,6.4
22103,2011-04-04,8.9,1038.4,56,9.1,11.9,2.5,1.7,2.2,3.2,6.9,8
22103,2011-04-05,5.9,,59,10,12,1.8,1.2,1.9,2.6,6.2,7.1
22103,2011-04-06,3.8,1031.3,70,12.5,12.3,1.1,.7,1.1,1.9,5.4,9.1
22103,2011-04-07,6.7,1019.1,81,13.6,12.1,2.4,1.6,1.9,2.8,6,7.1
22103,2011-04-08,4.4,1018.7,78,11.5,12.3,1.7,1.1,1.6,2.6,6.5,7.1
22103,2011-04-09,3.9,1021.7,68,11.9,12.6,1.1,.7,1,2,6.4,9.1
22103,2011-04-10,3.4,1019,64,11.9,12.5,.7,.5,.6,.8,9.1,10.7
22103,2011-04-11,9.1,1016.5,45,11.3,12,1.6,1,1.6,2.9,3.9,4.6
22103,2011-04-12,6.8,1020.5,45,10.5,11.8,1.1,.7,1,1.8,3.7,6.4
22103,2011-04-13,6.8,1019,58,11.1,11.7,1,.7,.9,1.5,4.6,10.7
22103,2011-04-14,3.6,1013.7,65,12.3,12.2,.7,.5,.7,1.1,8.3,10.7
22103,2011-04-15,3.6,1007.5,88,12.9,12.7,.8,.6,.7,1.2,4.2,5.3
22103,2011-04-16,8.5,1013.2,68,11.7,12.1,2,1.3,1.9,2.8,5.4,7.1
22103,2011-04-17,7.6,1011.5,66,10.7,11.8,2.1,1.4,1.7,2.6,6,7.1
22103,2011-04-18,9.2,1007.3,61,9.3,11.7,1.9,1.2,1.8,3,5,6.4
22103,2011-04-19,9.2,1013.4,53,10,11.7,2,1.3,1.5,2.7,5.1,9.1
22103,2011-04-20,3.9,1020.3,66,11.3,12.2,1.2,.8,1,1.5,7.6,10.7
22103,2011-04-21,3.3,1018.1,71,12.8,12.5,1,.7,1,1.7,6.4,10.7
22103,2011-04-22,7.6,1009.6,82,12.9,12.4,2.3,1.6,2.1,3.4,5.7,7.1
22103,2011-04-23,8.9,1010.9,60,10.9,12,1.8,1.1,1.5,2.4,4.7,6.4
22103,2011-04-24,7.1,1011.9,63,11.2,12,1.3,.8,1,1.7,4.1,4.6
22103,2011-04-25,5.3,1012.9,68,12.3,12.3,1.3,.9,1.1,1.8,4.5,4.9
22103,2011-04-26,4.6,1004.7,80,14.4,12.9,2.8,1.8,2.6,4.6,6.5,8
22103,2011-04-27,8.4,1004.1,73,11.8,12.6,2.4,1.6,2.1,3.2,6.2,8
22103,2011-04-28,8.8,1010.6,57,11,12.3,1.8,1.2,1.4,2.2,4.8,5.8
22103,2011-04-29,4.7,1014.2,65,12.9,12.2,1.3,.9,1.8,2.7,5.2,9.1
22103,2011-04-30,9.4,1007.1,83,15.4,12.4,3.7,2.5,3,5.7,6.9,7.1
22103,2011-05-01,8.2,1008.3,74,12.9,12.5,2.7,1.8,2.6,3.7,7.7,9.1
22103,2011-05-02,5,1013.8,72,12.5,12.8,1.2,.8,1.2,1.8,7.2,8
22103,2011-05-03,4,1013.1,73,13.2,12.7,.7,.4,.7,1.3,5.3,9.1
22103,2011-05-04,4.4,1014.9,72,13,12.6,.9,.6,.8,1.5,6.1,9.1
22103,2011-05-05,7.5,1015.5,78,12.8,12.7,1.8,1.2,1.4,2.2,5.9,7.1
22103,2011-05-06,5.7,1010.9,84,13.8,12.8,1.8,1.2,1.4,2.4,5.6,7.1
22103,2011-05-07,2.2,1009.6,88,14.8,13.2,1.6,1,1.6,2.6,6.3,7.1
22103,2011-05-08,1.3,1013.4,89,14.1,13.7,.7,.5,.7,1,7.6,9.1
22103,2011-05-09,5,1011.5,89,15.5,13.4,1.1,.7,1.2,1.8,5.7,9.1
22103,2011-05-10,6,1006.3,89,16.1,13.3,1.9,1.3,1.4,2.4,5.3,5.8
22103,2011-05-11,6.9,1002.4,89,15.4,13.4,2.7,1.7,2.4,4.2,6.4,10.7
22103,2011-05-12,6.9,1003.6,80,13.9,13.4,2.5,1.7,2.3,3.6,9,10.7
22103,2011-05-13,8,1008.8,69,13.5,13.3,1.6,1,1.2,2,6.3,9.1
22103,2011-05-14,6.6,1012.9,73,13.8,13.4,1.1,.8,.9,1.4,4.2,7.1
22103,2011-05-15,4.2,1016.2,72,14.6,13.9,.7,.5,.8,1.1,4.7,10.7
22103,2011-05-16,4.8,1014.4,81,14.1,13.6,.9,.6,.8,1.4,4.3,9.1
22103,2011-05-17,4.2,1012.9,83,13.6,13.6,.7,.5,.8,1.1,4.5,8
22103,2011-05-18,3.7,1015,86,14.1,13.5,1,.7,1.1,1.5,4.1,4.6
22103,2011-05-19,3.7,1014.7,85,15.8,14,1.2,.8,1,1.6,4.4,4.9
22103,2011-05-20,3,1012.5,89,16.1,14.4,1.4,.9,1.2,1.9,5.7,7.1
22103,2011-05-21,1.4,1010.7,89,16.8,15.4,.9,.5,.7,1.2,6.1,7.1
22103,2011-05-22,5.8,1013.7,84,14.5,14.3,1.3,.9,1.2,2,5.4,6.4
22103,2011-05-23,10.8,1013.2,73,13.9,13.7,3.3,2.1,2.9,5.8,6.6,8
22103,2011-05-24,8.4,1014.3,73,14.6,13.8,2.7,1.7,2.4,3.9,6.6,8
22103,2011-05-25,8.1,1014.3,80,14.6,14,2.2,1.4,1.9,3,6,7.1
22103,2011-05-26,11.1,1011.6,83,14.3,13.8,3.2,2.2,2.8,3.9,6.7,7.1
22103,2011-05-27,4.7,1012.4,83,14.5,14,1.5,1,2,3,6.2,9.1
22103,2011-05-28,6.6,1012,83,14.9,15,1.5,1,1.6,2.6,7.3,12.8
22103,2011-05-29,4.6,1009.7,76,16,16.5,2.3,1.5,2,3.1,12.5,16
22103,2011-05-30,2.9,1012.4,82,16.4,16.1,1.4,.9,1.3,1.8,9.3,12.8
22103,2011-05-31,5,1010.2,81,15.7,15.4,1.3,.9,1.2,2,6.2,9.1
22103,2011-06-01,3.6,1010,86,16.7,15.8,1.2,.8,1.1,1.8,5.7,9.1
22103,2011-06-02,1.2,1012.7,86,16.4,16,.7,.5,.6,1,5.5,8
22103,2011-06-03,2.2,1011.6,86,17,16.3,.8,.5,.6,1,5.3,6.4
22103,2011-06-04,1.3,1009.6,86,17.3,16.6,.6,.4,.5,.8,5.2,7.1
22103,2011-06-05,2,1007.9,85,17.4,16.5,.6,.4,.5,1,6,10.7
22103,2011-06-06,1.7,1008,85,17.1,17.1,.8,.5,.7,1.2,5.8,7.1
22103,2011-06-07,2.4,1003.5,82,18.1,17.6,.9,.7,.9,1.2,6.2,7.1
22103,2011-06-08,2.8,1005.2,80,17.6,17.2,1.2,.8,1,1.8,6.7,8
22103,2011-06-09,2.1,1006.1,86,17.8,17.5,1.3,.8,1,1.8,7,8
22103,2011-06-10,3.1,1003.8,89,17.8,17.2,1.1,.7,.9,1.4,6.1,7.1
22103,2011-06-11,3.6,1004.5,83,17.4,16.9,2,1.3,1.6,2.6,6.5,8
22103,2011-06-12,2.3,1005.3,87,17.3,16.9,1.8,1.2,1.7,2.5,7.3,8
22103,2011-06-13,5.9,1006.5,86,16.6,16.6,1.4,.9,1,1.7,6.5,7.1
22103,2011-06-14,2.6,1009.5,87,16.3,16.5,1.1,.8,1,1.7,6.7,7.1
22103,2011-06-15,4.3,1008.6,87,17.1,16.3,.7,.5,.9,1.3,5.4,6.4
22103,2011-06-16,7.6,1006.8,84,17.6,16.5,1.8,1.2,1.4,2.2,5.4,7.1
22103,2011-06-17,3.7,1009.8,83,18.1,17.8,1.6,1.1,1.3,2.1,6.5,7.1
22103,2011-06-18,1.9,,88,17.4,18,1,.7,1,1.6,6.4,7.1
22103,2011-06-19,5.5,1007.4,85,17.8,16.9,1,.7,.9,1.4,5,5.8
22103,2011-06-20,2.7,1008.6,85,18.3,17.5,,.7,1,1.5,5.9,6.4
22103,2011-06-21,2.7,1011.1,88,18.6,17.5,.9,.6,.9,1.4,5.7,6.4
22103,2011-06-22,6.1,1008.2,,20,17.4,1.4,.9,1.3,2.1,5.4,8
22103,2011-06-23,5.5,1004.9,,19.9,17.6,1.8,1.2,1.5,2.5,5.2,8
22103,2011-06-24,4.2,1005.9,,,17.8,1.8,1.2,1.4,2.4,5.4,9.1
22103,2011-06-25,8.7,1007.2,,,17.8,2.8,1.9,4.3,5.7,9.2,12.8
22103,2011-06-26,8.7,1000.7,,,16.7,7,4.6,6.7,12.4,10.4,12.8
22103,2011-06-27,5.4,1007.7,,,17.2,3.5,2.4,3.3,5.2,9.1,10.7
22103,2011-06-28,3,1011,,19.3,17.7,2,1.4,1.8,3,7.6,9.1
22103,2011-06-29,4.6,1013,,,18.5,1.6,1,1.4,2.3,7.1,8
22103,2011-06-30,4.4,1011,,,18.9,1.4,.9,1.4,2.2,6.6,8
22103,2011-07-01,5,1006.9,,,19.3,1.4,1,1.4,2,5.2,6.4
22103,2011-07-02,,,,,,,,.7,1.1,,5.3
22103,2011-07-03,4.7,1001.5,91,20.8,19.7,1.3,.8,1.5,2.2,4.4,5.8
22103,2011-07-04,6,1002.6,88,19.8,19.2,1.9,1.2,1.5,2.7,6.3,7.1
22103,2011-07-05,4.6,1004.7,85,19.3,18.7,1.5,1,1.3,2.2,7,7.1
22103,2011-07-06,3.1,1001.2,90,18.9,18.5,1.5,1,1.1,2,6.8,7.1
22103,2011-07-07,5.6,1002,91,20.9,18.1,2.4,1.6,2.1,3.3,6.8,7.1
22103,2011-07-08,5.6,1006.3,92,22,19.8,1.9,1.2,1.6,2.8,6.1,7.1
22103,2011-07-09,5.4,1009.5,91,21.7,19,1.9,1.3,1.6,2.4,6.2,8
22103,2011-07-10,3.9,1011.7,92,21.5,19,1.8,1.2,1.4,2.2,7.4,9.1
22103,2011-07-11,3.4,1012.5,90,22.3,21.6,1.6,1,1.3,2.2,7.5,9.1
22103,2011-07-12,3.5,1011.9,90,23.1,21.6,1.3,.9,1,1.5,6.3,8
22103,2011-07-13,3.9,1010.3,90,23.7,21.9,1.4,.9,1,1.9,6,7.1
22103,2011-07-14,4.8,1010.5,89,23.8,21.8,1.6,1.1,1.6,2.6,5.8,8
22103,2011-07-15,3.7,1010.8,89,24.1,22.6,1.7,1.1,1.4,2.3,5.8,6.4
22103,2011-07-16,2.2,1009,90,24.7,24,1.1,.7,.9,1.4,7.1,12.8
22103,2011-07-17,3.2,1006.1,88,24.1,23.7,1.3,.9,1.3,2,11.8,12.8
22103,2011-07-18,8.8,1000.6,81,23.9,22.2,2.9,1.9,2.7,4.3,10.1,16
22103,2011-07-19,4.9,994.1,76,24.5,22.5,2.6,1.6,2.3,4.5,7.9,16
22103,2011-07-20,3.1,1000.7,77,24.9,23.8,1.5,1,1.4,2.2,9.6,10.7
22103,2011-07-21,6.7,1006,78,22.8,22.3,2.2,1.4,1.8,3.1,7.4,9.1
22103,2011-07-22,5.2,1007.8,74,22.5,22.6,1.9,1.2,1.6,2.8,7.3,9.1
22103,2011-07-23,1.9,1008.2,80,23,23.2,1.1,.7,.9,1.6,7.3,8
22103,2011-07-24,2.6,1008.9,79,24,24,.8,.5,.6,.9,6.5,7.1
22103,2011-07-25,4.4,1010.4,83,24.3,23.6,.9,.6,.7,1.1,4.7,10.7
22103,2011-07-26,6.1,1010.6,86,26.1,24.7,1.7,1.1,1.5,2.5,4.9,5.8
22103,2011-07-27,7,1011.6,83,26.2,24.2,2.5,1.7,2.1,3.5,6.7,8
22103,2011-07-28,5.5,1011.6,83,26.4,25.2,2.1,1.4,1.8,2.8,6.6,8
22103,2011-07-29,4,1009.1,83,26.6,26.4,1.5,1,1.3,2.1,7.4,9.1
22103,2011-07-30,2,1006.6,79,26.9,26.8,1.2,.8,1,1.5,8.2,9.1
22103,2011-07-31,1.9,1005.4,81,26.8,26.7,.9,.6,.8,1.2,7.6,8
22103,2011-08-01,3.9,1005.9,85,25.9,25.2,1.1,.8,.9,1.4,4.8,10.7
22103,2011-08-02,3.6,1008.5,84,25.7,25.1,1.3,.9,1.4,2.4,6.9,10.7
22103,2011-08-03,3.2,1008.4,86,26.2,25.9,1.4,.9,1.3,2.1,11.4,12.8
22103,2011-08-04,4.8,1007.2,82,26.7,27.3,2.1,1.4,1.8,2.9,12.5,12.8
22103,2011-08-05,8.6,1006.2,81,26.6,26.8,2.7,1.9,2.2,3.3,10.2,12.8
22103,2011-08-06,7.5,1005.5,80,27.5,27,4.5,3,4.4,8,11.5,12.8
22103,2011-08-07,14.6,1001.2,78,27.2,26.7,10.5,7,8.6,13.6,12.3,12.8
22103,2011-08-08,,,,,,,,3,5.4,,9.1
22103,2011-08-09,,,,,,,,1.5,2.5,,8
22103,2011-08-10,,,,,,,,1,1.7,,7.1
22103,2011-08-11,,,,,,,,.7,1.2,,8
22103,2011-08-12,5,1007,89,24.4,23.5,1,.7,.8,1.4,4.4,6.4
22103,2011-08-13,6.5,1006.8,87,24.4,23.3,1.8,1.2,2.2,3.4,5.1,7.1
22103,2011-08-14,3.3,1007.1,88,24,23.4,2,1.3,1.7,2.7,7,8
22103,2011-08-15,1.1,1007.6,86,24.5,24,1.5,1,1.2,1.9,6.8,7.1
22103,2011-08-16,3.9,,90,23.7,22.4,1.7,1.2,1.4,2.2,7.1,8
22103,2011-08-17,4,1005.1,89,23.3,22,1.9,1.3,1.6,2.6,7,8
22103,2011-08-18,5.5,1007,87,21.7,21.1,2.1,1.4,1.8,2.6,7.4,8
22103,2011-08-19,3,1011,89,21.3,21,1.2,.8,1.3,1.9,6.3,7.1
22103,2011-08-20,5.3,1010.7,86,21.2,21.9,1.1,.7,1.1,1.8,5.4,6.4
22103,2011-08-21,,,,,,,,1.3,2,,6.4
22103,2011-08-22,7.7,1009.2,80,22.4,23.7,1.7,1.1,1.3,2.1,5.4,5.8
22103,2011-08-23,10.4,1007,83,21.7,22.2,2.7,1.8,2.6,4,6,7.1
22103,2011-08-24,7.4,1010,81,22.6,21.7,1.8,1.2,1.4,2.4,5.7,6.4
22103,2011-08-25,8,1012.8,82,22.7,21.7,1.7,1.1,1.4,2.3,5.5,5.8
22103,2011-08-26,7.7,1014,86,22.8,23.1,2,1.3,1.7,2.7,5.8,6.4
22103,2011-08-27,8.7,1013.9,84,24.1,24.9,2,1.3,1.6,2.6,5.5,5.8
22103,2011-08-28,7,1013,83,24.3,24.9,2,1.3,1.5,2.3,9.6,12.8
22103,2011-08-29,4.8,1011.8,86,24.3,24.5,1.9,1.2,1.4,2.2,11,12.8
22103,2011-08-30,3,1009.4,88,24.1,24.7,1.6,1.1,1.4,1.9,10.5,10.7
22103,2011-08-31,2.7,1006.2,85,24.2,24.6,1.5,1,1.2,1.7,9.4,10.7
22103,2011-09-01,2.7,1003.8,86,24.4,24.4,1.3,.8,1,1.6,8.6,10.7
22103,2011-09-02,3.6,1001.2,87,24,23.2,1.2,.8,1,1.4,6.2,8
22103,2011-09-03,4.2,1003,89,23,22.6,1.5,1,1.2,2,8.5,10.7
22103,2011-09-04,2.5,1005.3,87,22.5,21.5,1.2,.9,1.1,1.6,9.8,10.7
22103,2011-09-05,2,1005.7,88,21.9,21.5,1.3,.9,1.2,1.8,9.1,10.7
22103,2011-09-06,3.8,1006.2,88,21,20.6,.9,.6,.7,1.2,9.2,10.7
22103,2011-09-07,,,,,,,,.6,.9,,10.7
22103,2011-09-08,1.1,1011.2,85,21.9,21.9,.6,.4,.5,.8,5.9,9.1
22103,2011-09-09,3.2,1015.4,95,23.1,22.7,.6,.4,.5,.9,5.6,10.7
22103,2011-09-10,10.1,1016,96,21.6,20.3,2.6,1.7,2.5,4.1,7.6,10.7
22103,2011-09-11,4.9,1015.1,,22.9,21.8,2.6,1.8,3,4.3,6.3,8
22103,2011-09-12,1.5,1015.8,,22.9,22.2,1.1,.7,.9,1.5,6,9.1
22103,2011-09-13,,1014.5,,22.7,22.6,1.1,.7,.9,1.6,9.1,10.7
22103,2011-09-14,1.7,1013.1,,23.5,23.4,1,.6,.8,1.3,9.2,10.7
22103,2011-09-15,2.8,1011.6,,23.9,23.4,.9,.6,.8,1.2,9,9.1
22103,2011-09-16,4.3,1007,90,24.1,24,1.3,.9,1.1,1.6,9.8,10.7
22103,2011-09-17,5.9,1006,87,24.4,24,1.8,1.2,1.9,2.5,7.6,9.1
22103,2011-09-18,8.1,1008.8,84,23.4,23.4,2.2,1.4,2.9,5.7,6.7,8
22103,2011-09-19,12.1,1012,67,21.2,23.5,4.1,2.6,3,5.3,7.5,10.7
22103,2011-09-20,9.6,1009.1,67,20,22.8,3.4,2.2,2.6,4.3,8.8,10.7
22103,2011-09-21,5.9,1007.6,60,19.9,22.4,2.4,1.6,2.3,3.5,9.1,10.7
22103,2011-09-22,4.9,1011.9,51,20.5,21.4,1.9,1.3,1.6,2.5,8.2,10.7
22103,2011-09-23,3.2,1015.4,52,20.9,22.1,1,.6,1.1,1.7,8.8,10.7
22103,2011-09-24,3.8,1018.7,62,21.8,21.3,.9,.6,.8,1.3,6.1,9.1
22103,2011-09-25,6.8,1020.5,66,21.8,21.3,1.4,.9,1.2,1.9,4.6,5.8
22103,2011-09-26,7.5,1018.7,68,21.6,21.7,1.7,1.2,1.4,2.6,5.2,5.8
22103,2011-09-27,8.1,1017.3,75,21.4,22.2,1.9,1.3,1.5,2.4,5.5,6.4
22103,2011-09-28,7.7,1016.8,75,21.9,22.5,2.1,1.4,1.6,3,7.3,12.8
22103,2011-09-29,4.9,1011.9,88,22,21.9,2.2,1.5,1.8,2.6,11.1,12.8
22103,2011-09-30,9.7,1015.8,58,20.1,21.8,1.9,1.3,1.5,2.6,5.7,10.7
22103,2011-10-01,7.6,1020.2,56,16.9,20.9,1.6,1.1,1.7,2.7,5.3,12.8
22103,2011-10-02,7.9,1022.3,47,17.2,20.3,1.4,.9,1.2,1.9,3.9,4.6
22103,2011-10-03,5.4,1023.3,49,16.9,19.8,1.1,.8,1.2,2.2,4.8,6.4
22103,2011-10-04,6.6,1021.2,57,19.1,20.9,1.6,1,1.3,2.1,5.5,5.8
22103,2011-10-05,5.2,1015.3,60,19.1,21.6,1,.7,.9,1.5,6.1,9.1
22103,2011-10-06,7.7,1015.6,66,18.5,20,1.3,.8,1,1.7,3.8,4.6
22103,2011-10-07,4.4,1019.6,58,17.2,20,.8,.6,.9,1.4,4,5.8
22103,2011-10-08,2.6,1022.1,66,18.4,20.6,.6,.4,.5,.8,6,8
22103,2011-10-09,4.1,,76,19.6,20.1,.7,.4,.6,1,4.4,8
22103,2011-10-10,3.1,1020.9,78,19.8,20.2,.7,.5,.7,1,5.3,8
22103,2011-10-11,3.7,1018.5,74,19.6,20.6,1.1,.7,1,1.7,5.8,6.4
22103,2011-10-12,3.7,1017,78,19.4,20.3,.8,.5,.7,1.1,6.5,7.1
22103,2011-10-13,2.3,1015.2,67,19.7,20.2,.5,.4,.4,.8,6.5,7.1
22103,2011-10-14,4.7,1011.5,87,18.1,20.4,.7,.5,.7,1.1,4.6,7.1
22103,2011-10-15,7.5,1011.5,73,18,19.6,1.4,.9,1.8,2.6,6.1,8
22103,2011-10-16,8,1013.2,62,17.7,18.4,1.6,1.1,1.7,2.6,5.5,8
22103,2011-10-17,6.5,1018.7,60,16.9,18.2,.9,.6,1.1,1.6,3.8,6.4
22103,2011-10-18,6.4,1023.2,58,14.9,16.7,1.3,.8,1.2,1.9,4.5,6.4
22103,2011-10-19,7.5,1023.7,69,16.9,16.7,1.7,1.1,1.6,2.3,5.6,7.1
22103,2011-10-20,8.8,1021.7,74,18.1,18.9,1.9,1.3,1.5,2.6,5.7,7.1
22103,2011-10-21,8.3,1016.1,83,17.7,18.1,2.1,1.4,1.6,2.8,6.4,7.1
22103,2011-10-22,6.1,1013.1,78,18,19.4,1.3,.9,1.3,2,7.6,10.7
22103,2011-10-23,4.1,1017.6,74,17.9,19.8,1.2,.8,1,1.8,8.6,10.7
22103,2011-10-24,,,,,,,,.6,.9,,8
22103,2011-10-26,,,,,,,,.7,1.2,,7.1
22103,2011-10-27,6.5,1024.7,71,16.3,17.3,1.3,.9,1.1,1.9,5.2,5.8
22103,2011-10-28,4.7,1023.2,75,16.5,17.1,.9,.6,.7,1.1,5.1,8
22103,2011-10-29,4.1,1019.5,76,16.6,17.3,.7,.5,.6,.9,7.4,9.1
22103,2011-10-30,4.1,1019.6,82,17,19.1,1.1,.7,.9,1.6,6,7.1
22103,2011-10-31,8.4,1023.9,71,17.5,18.7,1.9,1.2,1.9,3.3,5.8,7.1
22103,2011-11-01,7.8,1023.8,75,18.4,19.3,1.8,1.3,2,3,5.7,7.1
22103,2011-11-02,5.4,1023.4,86,19.3,20.5,1.3,.9,1,1.6,5.5,7.1
22103,2011-11-03,5.1,1024.3,89,19.2,18,1.7,1.1,1.4,2.3,6,7.1
22103,2011-11-04,6.2,1022.8,91,19.1,17.7,2,1.3,1.6,2.4,5.7,6.4
22103,2011-11-05,3.2,1017.7,92,18.5,17.8,1.8,1.2,2,3.5,6,7.1
22103,2011-11-06,5.3,1017.9,91,17.9,17.9,1.3,.9,1.2,1.7,5.8,8
22103,2011-11-07,3,1019.4,85,17.6,18.7,1.2,.8,1,1.6,6.1,8
22103,2011-11-08,6.8,1018.2,81,17.1,17.5,1.4,.9,1.5,2.2,6.2,8
22103,2011-11-09,9.3,1017.9,73,17.4,18.6,2.6,1.7,2.1,3.1,6.2,6.4
22103,2011-11-10,10.7,1015.4,69,17.5,19.7,3.3,2.2,2.8,4.2,6.6,7.1
22103,2011-11-11,6.8,1014.1,76,16.7,18.9,1.8,1.2,1.9,3,7.1,9.1
22103,2011-11-12,7.1,1018,69,15.4,18.4,1.2,.7,.9,1.5,5,9.1
22103,2011-11-13,6.3,1019.5,66,15.5,18.1,.9,.6,.9,1.5,2.9,3.8
22103,2011-11-14,8.7,1023.3,53,12.9,18,1.5,1,1.1,2,3.8,4.3
22103,2011-11-15,6.8,,44,13.5,17.1,1.3,.8,1,1.7,4.3,5.8
22103,2011-11-16,6,1029.2,58,15.3,17.5,1.2,.8,.9,1.6,5,8
22103,2011-11-17,8,1024.8,66,17.4,18.1,1.9,1.2,1.6,2.9,5.2,6.4
22103,2011-11-18,8.5,1012.8,89,19.7,19.5,4.1,2.7,3.5,5.6,7.3,8
22103,2011-11-19,9.6,1008.7,80,15.8,18.8,2.6,1.7,2.2,3.6,6.9,9.1
22103,2011-11-20,9.7,1024.4,56,8.5,16.3,2.4,1.6,2.7,3.6,4.8,6.4
22103,2011-11-21,4.6,1030.5,51,8.2,15.8,1.2,.7,.9,1.4,5.6,9.1
22103,2011-11-22,3.1,1026.3,56,11.2,16.8,.8,.5,.6,1.1,6.1,9.1
22103,2011-11-23,9.5,1020.5,63,11.8,16,2.4,1.6,2.3,3.5,5.5,8
22103,2011-11-24,7.5,1027.5,54,7.1,15.4,2,1.3,1.9,3.1,4.6,6.4
22103,2011-11-25,4.2,1029.8,51,8.4,15.8,1,.7,1,1.7,5.5,10.7
22103,2011-11-26,1.6,1027.7,59,12.1,17.2,.6,.4,.5,.7,8.1,9.1
22103,2011-11-27,2.2,1022.9,80,16.2,15.8,.7,.5,.6,.9,4.6,10.7
22103,2011-11-28,4,1020.6,91,15.7,15.9,1.4,.9,1.2,1.7,5.8,6.4
22103,2011-11-29,4.2,1020.6,90,15.9,15.9,1.5,1,1.1,1.9,7.8,9.1
22103,2011-11-30,8.5,1018.1,86,14.6,15.8,2.3,1.5,2.4,3.4,5.9,8
22103,2011-12-01,10.9,1021,75,10.8,16.5,3.6,2.5,2.9,4.4,6.7,8
22103,2011-12-02,9.4,1016.5,75,11.2,16,3.1,2,2.3,3.9,6.6,8
22103,2011-12-03,7.9,1016.7,65,11.1,15.8,2,1.3,1.6,2.9,7.2,9.1
22103,2011-12-04,7.2,1024.5,59,9.5,15.4,1.7,1.1,1.3,2,6.6,10.7
22103,2011-12-05,4.3,1027.8,56,9.4,15.2,1.3,.8,1.2,1.9,5.2,9.1
22103,2011-12-06,5.5,1026.9,64,11.7,15.2,1.2,.8,1.1,1.6,4,9.1
22103,2011-12-07,2.2,1024.3,55,10.4,15.1,.8,.5,.6,1,6.3,9.1
22103,2011-12-08,8.2,1021.4,62,8,15.1,1.7,1.2,2,3.3,4.9,9.1
22103,2011-12-09,9.5,1025.9,60,4.2,14.8,2.2,1.5,1.9,3,4.4,4.9
22103,2011-12-10,8.3,1026.6,65,4.9,14.2,1.7,1.1,1.6,2.1,4.1,5.8
22103,2011-12-11,8.6,1027.1,56,6.8,14.2,1.6,1.1,1.4,2,4.3,6.4
22103,2011-12-12,7,1026.6,56,9,14.2,.9,.6,.8,1.2,3.2,3.6
22103,2011-12-13,3.9,1026,52,9.4,14,.7,.5,.6,1.1,3.9,9.1
22103,2011-12-14,6.3,1023.6,53,10.3,13.9,.8,.5,.7,1.1,3,4.6
22103,2011-12-15,,1025.3,56,5.5,15.5,1.9,1.2,1.5,2.9,4.3,4.6
22103,2011-12-16,,1028.2,62,2.6,15,2,1.3,1.6,2.8,4.2,4.9
22103,2011-12-17,,1030.5,62,3.2,14.5,1.9,1.2,1.5,2.2,4.2,4.6
22103,2011-12-18,,1029.4,58,5.9,15,1.3,.9,1.1,1.6,3.7,4.3
22103,2011-12-19,,1029.1,56,5.1,14.7,1.4,.9,1.3,1.9,3.7,4.6
22103,2011-12-20,,1027.6,50,6.2,14.1,.8,.6,.7,1.2,3.4,8
22103,2011-12-21,,,57,8,13.7,.8,.5,.8,1.3,4.3,9.1
22103,2011-12-22,11.6,1023.3,57,4,14.6,2.2,1.5,1.8,2.7,4.6,4.9
22103,2011-12-23,10.2,1024,52,1.7,13.5,2,1.3,1.7,2.7,4.3,4.9
22103,2011-12-24,8.9,1022.6,56,3.4,13.5,1.6,1.1,1.6,2.4,3.9,7.1
22103,2011-12-25,9.6,1028.8,59,2.2,13.1,1.8,1.2,1.6,2.9,4.2,7.1
22103,2011-12-26,9.3,1033,55,1.5,13.8,1.7,1.1,1.4,2.1,3.9,4.6
22103,2011-12-27,3.6,1032.8,49,2.9,14.2,1,.7,1,1.5,7.8,10.7
22103,2011-12-28,4,1029.1,47,6.5,14.5,.8,.5,.8,1.3,8.8,12.8
22103,2011-12-29,7.3,1026.9,57,6.6,15.2,1.1,.7,1.3,2,3.4,4.3
22103,2011-12-30,6.6,1028.9,52,4.5,15.1,1.3,.9,1.1,1.9,4.5,9.1
22103,2011-12-31,6.6,1026.6,58,5.1,15.3,1.2,.8,1.1,1.8,4.4,9.1
22103,2012-01-01,10.2,1023.6,62,5.8,14.6,1.8,1.2,2.1,3.3,4.1,5.8
22103,2012-01-02,8.3,1024.9,60,2.9,13.8,1.7,1.1,1.6,2.5,5,10.7
22103,2012-01-03,8.8,1021.7,63,4.2,13.9,1.6,1.1,1.8,2.7,4.1,4.9
22103,2012-01-04,12.8,1024.5,66,1.8,13.2,2.5,1.7,2,3.8,4.6,5.3
22103,2012-01-05,9,1027.9,63,2.1,11.6,1.6,1.1,1.4,2.1,3.9,4.6
22103,2012-01-06,7.6,1029.8,58,2.9,11.6,1.3,.8,1,1.6,3.5,4
22103,2012-01-07,4.6,1033.2,50,3.3,12.3,1.1,.7,1.2,1.8,5.3,10.7
22103,2012-01-08,3.8,1030.2,49,5,13.4,.9,.6,1,1.8,6.8,10.7
22103,2012-01-09,8,1029,57,5,13.1,1.3,.9,1.4,2.4,4,6.4
22103,2012-01-10,8.6,1026.6,56,5.2,12.4,1.3,.9,1.1,1.9,3.6,4
22103,2012-01-11,9.8,1029.1,55,2.4,11,1.8,1.2,1.6,2.2,4.1,4.9
22103,2012-01-12,8.5,1028.7,61,1.4,10.5,1.6,1.1,1.4,2.3,4.7,9.1
22103,2012-01-13,7.6,1025,55,5.7,11.8,1.2,.8,1,1.6,3.7,4.6
22103,2012-01-14,6.2,1022.9,43,4.4,13,1,.7,.9,1.5,3.6,4.9
22103,2012-01-15,6,1019.2,52,5.3,12.7,1,.7,.9,1.5,4.1,7.1
22103,2012-01-16,8.5,1016.1,66,7.8,12.4,1.7,1.1,1.4,2.1,4.9,5.8
22103,2012-01-17,5.4,1019.2,75,8.7,12.2,1.5,1,1.4,2.2,5.9,8
22103,2012-01-18,6.7,1019.4,85,8.5,11.4,1.2,.8,1,1.8,4.4,7.1
22103,2012-01-19,7.2,1017.8,83,8.3,12.3,1.6,1,1.4,2.8,5.3,6.4
22103,2012-01-20,10.3,1018.3,70,10.1,12.9,3.2,2.1,2.6,4.3,6.8,9.1
22103,2012-01-21,8.6,1018.1,74,8.3,12.8,2.5,1.6,2.3,3.9,6.1,8
22103,2012-01-22,11.5,1020.6,63,2.8,12,2.3,1.5,2,3.8,4.6,5.3
22103,2012-01-23,11,1024.7,61,-1,11.8,2.2,1.4,1.7,2.8,4.4,5.3
22103,2012-01-24,6.8,1024.3,56,.5,11,1.2,.8,1.2,1.8,4.2,9.1
22103,2012-01-25,9.3,1023.5,58,.4,10,1.8,1.2,1.5,2.6,4.4,7.1
22103,2012-01-26,4.4,1026.8,48,2.4,11,.8,.5,.8,1.1,5.3,8
22103,2012-01-27,3.3,1024.3,54,6.3,12,.7,.5,.7,1,4.4,8
22103,2012-01-28,8.1,1024.2,50,6.5,12.7,1.3,.9,1.1,2,4,5.3
22103,2012-01-29,6.5,1026.2,39,6.2,12.5,1.3,.9,1.1,1.7,4.8,8
22103,2012-01-30,8.7,1026.9,37,3.5,12.1,1.8,1.2,1.9,3.2,4.8,8
22103,2012-01-31,7.1,1023.3,50,5.7,14,1.3,.9,1.8,2.9,5.4,9.1
22103,2012-02-01,11.3,1023,67,1.7,13,2.6,1.7,2.1,3.5,4.9,5.8
22103,2012-02-02,11.4,1028.1,64,-2.7,12.7,2.4,1.7,2.2,3.3,4.7,5.3
22103,2012-02-03,8.8,1026.6,63,-.1,11.7,1.6,1,1.2,2.7,4.6,10.7
22103,2012-02-04,6,1026.3,52,4.7,10.8,1,.7,.8,1.4,3.8,8
22103,2012-02-05,5,1023.2,72,5.2,11.6,.8,.5,.9,1.7,4.1,8
22103,2012-02-06,7.7,1014.6,83,7.6,13.1,1.3,.9,1.4,2.4,5.5,8
22103,2012-02-07,12.4,1016.2,66,1.2,11.4,2.6,1.7,2.2,3.9,5.1,7.1
22103,2012-02-08,10.7,1022.9,63,-.8,11.5,2.3,1.5,1.8,3,5.1,8
22103,2012-02-09,7.3,1026.3,59,1.3,11,1.4,1,1.4,2,4.9,8
22103,2012-02-10,8,1026.1,52,2.9,10.7,1.2,.8,1.2,1.9,3.5,4
22103,2012-02-11,7.2,1028.6,49,2.4,10.1,1.2,.8,1,1.8,3.4,4
22103,2012-02-12,5.5,1029.4,48,5.3,11.3,.9,.6,.8,1.1,3.7,4.6
22103,2012-02-13,8.3,1022.1,83,7.2,12.1,1.6,1,1.3,2.2,4.9,7.1
22103,2012-02-14,6.9,1018.4,84,8.2,12.8,1.6,1.1,1.4,2.4,6.6,8
22103,2012-02-15,7,1018.5,52,6.7,12.5,1.2,.8,1,1.8,3.5,4.6
22103,2012-02-16,10.1,1021.8,40,4.5,12.8,1.8,1.2,1.7,2.9,4.2,7.1
22103,2012-02-17,11.5,1023.7,58,1.1,12.5,2.3,1.4,1.7,2.9,4.6,4.9
22103,2012-02-18,10.6,1026.5,58,-.4,11.7,2.1,1.4,1.8,2.8,4.4,5.3
22103,2012-02-19,8.4,1027.5,60,.9,11.7,1.5,1,1.2,2,3.8,6.4
22103,2012-02-20,3.8,1027,47,3.2,11.8,.8,.5,.7,1.3,5.7,9.1
22103,2012-02-21,6.7,1022.8,68,5.7,11.3,1.1,.7,1.8,2.5,4.5,8
22103,2012-02-22,8.8,1015.3,80,9.4,13.2,2.3,1.6,1.9,2.9,6.1,7.1
22103,2012-02-23,8.1,1012.3,70,9.2,13,1.4,.9,1.3,2,4.4,6.4
22103,2012-02-24,9.8,1016.8,66,9.1,11.8,2.8,1.9,2.4,3.8,6.3,7.1
22103,2012-02-25,9.1,1015.8,66,5.6,11.9,1.7,1.1,1.6,2.3,5.1,8
22103,2012-02-26,7.3,1020.4,55,3.8,11.6,1.4,1,1.3,2,4.3,9.1
22103,2012-02-27,5.9,1023.8,48,4.3,11.6,1.2,.8,1.2,1.9,4.7,8
22103,2012-02-28,10.1,1021.1,70,7.9,12.1,2.5,1.6,2.3,3.5,5.7,7.1
22103,2012-02-29,8.5,1020.8,74,8.9,11.7,2.2,1.5,1.9,2.8,6.3,9.1
22103,2012-03-01,6.6,1017.1,72,10.3,12.3,1.4,1,1.1,1.8,5.6,8
22103,2012-03-02,7.4,1016,78,9.9,13.8,1.6,1.1,1.4,2.2,5.6,7.1
22103,2012-03-03,10.6,1022.3,72,10.1,13.8,2.5,1.6,2.5,4.5,5.9,8
22103,2012-03-04,12.7,,78,9.8,13.5,3.5,2.3,2.8,4.5,6.4,7.1
22103,2012-03-05,12.2,1009.6,86,10.3,14,3.4,2.2,2.7,4.3,6.4,7.1
22103,2012-03-06,9.4,1013.2,70,8.5,13.7,2.4,1.5,1.9,2.9,5.9,7.1
22103,2012-03-07,4.7,1017.2,62,6.7,12.9,1.1,.7,1.1,1.6,5,8
22103,2012-03-08,5.8,1018.1,53,8.9,12.1,1.1,.7,1.1,1.6,4.8,9.1
22103,2012-03-09,5.2,1018.3,63,8,12.1,1.5,1,1.1,1.8,5.2,7.1
22103,2012-03-10,5.6,1019.1,62,7.7,12.1,1.5,1,1.3,2,6.1,9.1
22103,2012-03-11,12.2,1022.5,56,3.4,11.9,2.4,1.6,2,3.2,4.7,5.3
22103,2012-03-12,9,1026.5,49,2.5,11.6,1.8,1.2,1.7,3.3,4,5.3
22103,2012-03-13,6.5,1026.9,51,4.5,11.5,1.3,.9,1.5,2.1,6.1,10.7
22103,2012-03-14,4.5,1026.3,58,8,12.3,.6,.4,.6,.9,7.7,10.7
22103,2012-03-15,5.4,1026.7,56,9.5,12.4,.9,.6,1.3,1.7,4.6,10.7
22103,2012-03-16,8.9,1015.1,79,12.1,13.2,2.7,1.8,3.9,6.7,5.8,8
22103,2012-03-17,8.1,1011.1,86,10.1,12.6,3.4,2.2,3.6,6.5,8.5,9.1
22103,2012-03-18,7.8,1013.5,79,9,12,1.9,1.2,1.6,2.6,5.8,8
22103,2012-03-19,5.6,1019.1,65,7,11.6,1.2,.8,1.3,1.8,5.1,7.1
22103,2012-03-20,7.5,1018.7,44,7.3,11.7,1.3,.8,1.5,2.6,4.2,9.1
22103,2012-03-21,5.2,1023.9,48,7.3,13,1.1,.7,1.4,2.2,5.2,8
22103,2012-03-22,7.2,1019.3,69,9.9,13.5,1.2,.8,1.6,3,4.2,8
22103,2012-03-23,10.8,1008.3,83,9.3,12.2,3.1,2,2.5,3.9,6.4,7.1
22103,2012-03-24,12.7,1013.7,54,7.7,11.5,3.3,2.2,2.8,4.4,6.3,8
22103,2012-03-25,11.1,1019.9,45,6.7,11.7,2.2,1.5,1.9,3.2,4.7,5.8
22103,2012-03-26,8,1024.7,52,6.5,12.4,1.4,.9,1.5,2.1,3.9,4.9
22103,2012-03-27,4.1,1024.7,59,11,13,.7,.5,.7,1.1,4,7.1
22103,2012-03-28,4.5,1024.9,82,11.7,13.3,.9,.6,.9,1.4,4.5,4.9
22103,2012-03-29,5.7,1023.8,83,14,13.2,1.3,.9,1.1,1.7,4.6,5.3
22103,2012-03-30,6.5,1015.4,87,13.8,12.6,2.3,1.5,2.1,3.8,5.6,6.4
22103,2012-03-31,10.2,1017.2,51,8.6,11.8,2.2,1.4,2.1,3.8,5.1,6.4
22103,2012-04-01,5.1,1023.4,41,7.1,12.7,1.4,.9,1.8,3,6.2,7.1
22103,2012-04-02,7.4,1017.2,73,13.1,12.6,1.8,1.2,2.4,3.9,4.7,6.4
22103,2012-04-03,15.3,1007.6,67,9.2,11.5,4.8,3.2,4.3,6.3,7.2,9.1
22103,2012-04-04,9.8,1015.7,57,10.3,12.3,2.4,1.6,2.4,3.9,5.8,8
22103,2012-04-05,6.9,1013,66,10.5,11.3,1.9,1.3,2,3.5,5.6,6.4
22103,2012-04-06,7.6,1018.6,48,8.8,11.3,1.4,1,1.5,2.5,5.3,10.7
22103,2012-04-07,7,1022.6,50,9.4,12.4,1,.7,1.1,1.8,4.1,10.7
22103,2012-04-08,3.8,1022.3,72,13,12.9,1.2,.8,1,1.5,4.5,4.9
22103,2012-04-09,3.7,1021.5,84,13.6,11.7,1,.7,.9,1.5,4.4,4.6
22103,2012-04-10,6.1,1016.1,88,14.2,12.6,1.5,1,1.8,3.4,5,6.4
22103,2012-04-11,7,1005.9,87,12.7,12.7,2.5,1.6,1.8,3.4,7.5,9.1
22103,2012-04-12,8.2,1011.2,62,10.5,12.5,1.7,1.1,1.3,2.4,6.7,9.1
22103,2012-04-13,5.7,1011.8,70,11.5,12.7,1,.6,.8,1.2,5.2,7.1
22103,2012-04-14,4.1,1013.9,76,12.2,12.8,.7,.5,.6,1,4.5,7.1
22103,2012-04-15,1.9,1012.7,81,13.5,13.5,.5,.3,.4,.6,5.8,10.7
22103,2012-04-16,4.6,1011.9,75,13.6,13.3,.8,.5,.9,1.7,5.8,10.7
22103,2012-04-17,3.9,1015.3,80,13.1,13.1,1.1,.7,1,1.4,5,6.4
22103,2012-04-18,5.3,1017.5,79,13.1,13.3,1.2,.8,.9,1.6,5.2,6.4
22103,2012-04-19,8.4,1019,85,13.3,14.3,1.7,1.1,1.4,2.2,5.2,5.8
22103,2012-04-20,12.3,1018.5,86,13.7,13.7,3.5,2.3,3.1,4.6,6.6,7.1
22103,2012-04-21,11.3,1007.8,91,14.6,14.3,5.2,3.4,5.3,9.9,8,10.7
22103,2012-04-22,8.8,1009.1,82,12.1,14.1,3.2,2.1,3.7,5.7,8.5,10.7
22103,2012-04-23,2.2,1014.1,87,14.6,14.2,1.1,.7,.8,1.4,8,9.1
22103,2012-04-24,2.9,1013.5,92,15.3,14.2,.9,.6,.7,1.2,6.2,9.1
22103,2012-04-25,8.7,1001.8,91,15.3,13.9,3.2,2.2,3.6,5.5,6.5,8
22103,2012-04-26,9.1,1008.6,67,12.7,12.9,2.5,1.6,2.4,4.6,6.3,8
22103,2012-04-27,2.7,1013.6,73,13.5,13.5,.7,.5,.8,1.1,5.8,9.1
22103,2012-04-28,1.5,1016.1,87,15,14.1,.7,.5,.6,.9,3.7,9.1
22103,2012-04-29,4.2,1014.5,92,14.6,13.8,.9,.6,.8,1.2,4,5.3
22103,2012-04-30,8.5,1009.8,89,14.6,13.9,3,1.9,2.9,4.6,7.4,9.1
22103,2012-05-01,8.1,1007.7,92,14.6,14.3,2,1.3,1.6,2.5,6.5,8
22103,2012-05-02,4.1,1004,91,15.4,14.7,1.9,1.2,1.6,2.6,6.8,8
22103,2012-05-03,5.4,1003.8,86,15.2,14.7,1.3,.9,1.4,2.1,5.7,7.1
22103,2012-05-04,4.3,1007.5,86,15.2,15.1,.9,.6,.8,1.4,5.7,8
22103,2012-05-05,7.3,1007.6,79,15.2,14.3,1.1,.8,1,1.5,3.9,4.6
22103,2012-05-06,4.7,1008.2,86,15.4,14.8,.9,.6,.9,1.4,5.2,9.1
22103,2012-05-07,4.4,1007.9,88,15.5,14.7,1.1,.7,.9,1.5,4.8,5.3
22103,2012-05-08,3.3,1008.2,87,16.2,15,1.1,.7,1,1.5,4.7,5.3
22103,2012-05-09,3.7,1011.8,85,15.6,14.8,.8,.5,.7,1,5.3,6.4
22103,2012-05-10,7.3,1015.6,82,14.9,14.2,1.8,1.2,1.8,2.9,6,7.1
22103,2012-05-11,8.6,1016.8,72,14.2,13.9,2.3,1.5,1.8,2.9,6.2,7.1
22103,2012-05-12,6.9,1015.3,73,14.4,14.7,1.9,1.2,1.6,2.5,5.6,6.4
22103,2012-05-13,4.4,1012.6,84,15.2,14.9,1.1,.7,1,1.5,5.8,9.1
22103,2012-05-14,4.7,1008.3,93,16.2,15.6,2.2,1.4,3.1,4.9,6.7,9.1
22103,2012-05-15,6.3,1006.5,89,15.6,15.7,2.1,1.4,2.4,3.4,7.3,9.1
22103,2012-05-16,3.8,1006.2,84,16.1,15.9,.9,.6,1,1.6,5.3,8
22103,2012-05-17,6.2,1005.1,79,15.9,15.6,1.3,.8,1,1.5,4.5,4.9
22103,2012-05-18,2.9,1014.5,76,15.8,15.9,.8,.5,.9,1.5,4.7,6.4
22103,2012-05-19,1.7,1016,88,15.6,15.1,.4,.3,.4,.6,4.1,5.8
22103,2012-05-20,2.7,1014.6,88,16.3,15.7,.6,.4,.6,.9,4.7,7.1
22103,2012-05-21,6,1015.6,84,16.6,15.3,1.4,.9,1.3,2.3,5.8,9.1
22103,2012-05-22,4.2,1014.5,78,16.9,16,1.3,.8,1.1,1.9,5.4,8
22103,2012-05-23,2.1,1013,81,17.4,16.9,.7,.4,.5,.9,6,12.8
22103,2012-05-24,2.8,1011.2,79,17.1,16.5,.5,.3,.4,.7,7.2,10.7
22103,2012-05-25,2.3,1010.8,86,16.1,16.5,.5,.3,.4,.7,7.9,9.1
22103,2012-05-26,2.7,1010.6,76,17.4,17.2,.7,.5,.6,.9,10.3,10.7
22103,2012-05-27,3.2,1012.6,71,17.6,16.6,.7,.5,.6,.9,9.5,10.7
22103,2012-05-28,3.7,1016.9,84,17.2,16.2,.8,.5,.8,1.1,6.4,10.7
22103,2012-05-29,2.1,1018.7,89,17.9,17.3,.8,.5,.6,1,5.7,8
22103,2012-05-30,7.1,1017.9,86,17.7,17.6,1.5,1,1.4,2.2,5.3,8
22103,2012-05-31,6.9,1017,80,17.7,18,1.9,1.2,1.5,2.5,5.9,7.1
22103,2012-06-01,4.4,1015.8,85,17.8,17.8,1.4,.9,1.1,1.9,7,8
22103,2012-06-02,7.7,1013.5,83,17.9,17.5,1.9,1.3,1.5,2.9,5.7,6.4
22103,2012-06-03,,,,,,,,1.4,2.3,,7.1
22103,2012-06-08,,,,,,,,1.2,1.9,,8
22103,2012-06-09,2.2,1001.8,91,18.8,18.5,1,.7,1,1.5,6,7.1
22103,2012-06-10,3.9,1002.4,88,19.3,19.3,.9,.6,.6,1.1,5.1,6.4
22103,2012-06-11,4.8,1000.8,87,19.8,20.4,1.2,.8,.9,1.6,5.4,8
22103,2012-06-12,3.7,1000.6,88,20.3,20.7,1.1,.7,.9,1.3,7.1,9.1
22103,2012-06-13,8.2,1006.9,83,20.4,20.5,2,1.3,1.7,2.6,5.7,9.1
22103,2012-06-14,9.8,1011.8,82,20,20.2,2.5,1.7,2,3,6,6.4
22103,2012-06-15,9.9,1008.5,85,20,19.9,2.6,1.6,2,3.5,5.7,6.4
22103,2012-06-16,2.6,1007.2,83,20.6,20.5,1.5,1,1.5,2.7,6.8,8
22103,2012-06-17,2.6,1011.4,86,20.6,20.9,1.6,1.1,1.3,2.7,7.5,8
22103,2012-06-18,4.4,1008.2,91,20.2,20.4,1.3,.9,1.6,2.5,5.6,7.1
22103,2012-06-19,4.2,999.8,89,20.8,20.6,2.1,1.4,1.7,3,10.8,16
22103,2012-06-20,3,1005.5,85,21.2,20.9,1.5,1,1.3,2.2,10.6,12.8
22103,2012-06-21,6.7,1006.1,85,20.7,20.3,2.1,1.4,1.7,2.8,7.4,9.1
22103,2012-06-22,2.1,1010.2,84,21.2,21.1,2.4,1.7,2.2,3.3,9.3,10.7
22103,2012-06-23,,,,,,,,1.5,2,,9.1
22103,2012-07-03,,,,,,,,1.2,2,,7.1
22103,2012-07-04,2.6,1005.5,92,22.2,21.8,1.7,1.1,1.5,2.3,6.8,7.1
22103,2012-07-05,5.4,1007.3,94,23.1,21.8,1.6,1,1.3,2.2,6.6,7.1
22103,2012-07-06,8.1,1002,92,22.8,21,2.6,1.7,2.3,3.8,6,7.1
22103,2012-07-07,5.2,1003.9,86,21.3,20.8,2.2,1.5,1.8,3.3,7.2,8
22103,2012-07-08,1.5,1006.8,83,21.8,22,1.2,.8,1.1,1.8,6.4,7.1
22103,2012-07-09,1.7,1006.8,85,22.4,22.6,.9,.6,.7,1,6.3,7.1
22103,2012-07-10,4.9,1004,88,22.7,21.7,1.3,.8,1.6,2.8,6,7.1
22103,2012-07-11,6.7,998.3,94,23.2,21.1,2.3,1.5,1.9,3.4,6.1,7.1
22103,2012-07-12,2.9,1001.3,95,22.5,22.2,2.1,1.4,1.7,2.7,7.4,8
22103,2012-07-13,2.7,1001.2,94,22.8,22.3,1.7,1.1,1.3,2.1,7.3,8
22103,2012-07-14,3.8,1001.6,94,22.6,21.8,1.8,1.2,1.4,2.2,7.3,8
22103,2012-07-15,5.4,1002.9,93,22.2,20.4,2.7,1.8,2.3,3.7,6.7,8
22103,2012-07-16,2.3,1009.4,90,21.8,21.4,1.5,1,1.2,2.1,7.1,8
22103,2012-07-17,7.7,1010.8,92,22,20.8,1.6,1.1,1.4,2.3,5.5,7.1
22103,2012-07-18,,,,,,,,6.6,10,,9.1
22103,2012-07-19,5.2,1008.2,94,22.2,20.9,3,2,4.9,7.6,8.1,9.1
22103,2012-07-20,2.1,1009.7,94,22.7,21.5,1.1,.7,.9,1.5,7.8,10.7
22103,2012-07-21,1.3,1010.5,94,23.4,22.5,.8,.5,.6,1,7.4,9.1
22103,2012-07-22,3.4,1010.1,93,23.9,23.4,.8,.5,.6,1.1,7.4,8
22103,2012-07-23,2.2,1011.1,92,25.6,25,1,.7,.8,1.3,7.2,9.1
22103,2012-07-24,1.4,1013.9,90,25.5,25.4,1.2,.8,.9,1.6,7.2,8
22103,2012-07-25,1.2,1013.8,92,25.1,25,1,.7,.8,1.4,7.6,10.7
22103,2012-07-26,1.4,1011.3,86,25.7,25.2,.9,.6,.7,1.1,8.9,10.7
22103,2012-07-27,1.9,1011.1,90,26.4,26.4,.7,.5,.6,.8,8.1,10.7
22103,2012-07-28,2.1,1010.8,91,25.9,25.8,.6,.4,.5,.8,7.8,9.1
22103,2012-07-29,1.7,1008.4,89,26.3,25.9,.7,.5,.5,.9,5.6,7.1
22103,2012-07-30,,,,,,,,.5,.8,,7.1
22103,2012-07-31,,,,,,,,,,,6.4
22103,2012-08-01,8.3,,84,26.8,25,,,,,8,16
22103,2012-08-02,8.7,1007.2,88,26.6,25.2,,,,,5.9,10.7
22103,2012-08-03,5.2,,91,26.6,25.8,,,,,8.4,16
22103,2012-08-04,,,,,,,,,,,16
22103,2012-08-22,,,,,,,,1.3,1.9,,5.8
22103,2012-08-23,6.4,1012.5,92,24.3,24.3,2.8,1.7,2.6,4.6,7.4,10.7
22103,2012-08-24,7.1,1013.3,89,25.8,25.6,3.8,2.3,2.9,5.2,6.9,8
22103,2012-08-25,6.4,1013.8,90,26,25.5,2.8,1.7,1.9,3.3,10.8,12.8
22103,2012-08-26,9,1010.1,88,27,27.1,3.4,2.1,2.4,4.3,11.6,12.8
22103,2012-08-27,13.3,1004.3,79,27.9,26.6,6.8,4.2,8.1,13.7,10.4,12.8
22103,2012-08-28,,,,,,,,11.1,13.7,,12.8
22103,2012-10-06,,,,,,,,.6,,,9.1
22103,2012-10-07,7.2,1021.3,64,20.4,21,,1.1,1.9,,5.2,7.1
22103,2012-10-08,,,,,,,,1.7,,,7.1
22103,2012-10-09,,,,,,,,1.2,,,6.4
22103,2012-10-10,,,,,,,,1.1,,,9.1
22103,2012-10-11,,,,,,,,1.3,,,4.3
22103,2012-10-13,,,,,,,,1.1,,,12.8
22103,2012-10-14,,,,,,,,1.1,,,12.8
22103,2012-10-15,,,,,,,,1.8,,,12.8
22103,2012-10-16,,,,,,,,1.8,,,10.7
22103,2012-10-17,,,,,,,,1.4,,,10.7
22103,2012-10-19,3.3,1021.9,49,16.9,19.7,,.8,1.1,,5.4,7.1
22103,2012-10-20,,,,,,,,.5,,,6.4
22103,2012-10-21,,,,,,,,.6,,,5.8
22103,2012-10-22,,,,,,,,2.3,,,7.1
22103,2012-10-23,,,,,,,,1.2,,,4.6
22103,2012-10-24,,,,,,,,.5,,,10.7
22103,2012-10-25,,,,,,,,.5,,,9.1
22103,2012-10-26,,,,,,,,.7,,,2.8
22103,2012-10-27,,,,,,,,1.8,,,5.8
22103,2012-10-28,,,,,,,,1.7,,,6.4
22103,2012-10-29,,,61,15.3,17.8,,,1.1,,,5.8
22103,2012-10-30,,,,,,,,1.3,,,4.3
22103,2012-10-31,,,,,,,,1.7,,,4.6
22103,2012-11-02,,,,,,,,1.2,,,9.1
22103,2012-11-03,,,,,,,,.7,,,10.7
22103,2012-11-04,,,,,,,,1.7,,,6.4
22103,2012-11-05,,,,,,,,1.4,,,7.1
22103,2012-11-06,,,,,,,,2,,,7.1
22103,2012-11-08,,,,,,,,.8,1.2,,2.1
22103,2012-11-09,,,,,,,,1.4,2.1,,5.8
22103,2012-11-10,,,,,,,,2.6,4.1,,8
22103,2012-11-11,,,,,,,,2.3,3.2,,7.1
22103,2012-11-12,,,,,,,,2.2,3.4,,6.4
22103,2012-11-13,,,,,,,,1.6,2.9,,7.1
22103,2012-11-14,,,,,,,,1.8,3,,8
22103,2012-11-15,,1026.1,56,9.8,14.8,,,1.3,2,,8
22103,2012-11-16,4.1,1021,76,12.8,14.6,1.4,.9,1.3,2.1,4.5,8
22103,2012-11-17,9.8,1015.2,66,10.8,14.8,1.9,1.3,1.7,2.9,4.1,4.9
22103,2012-11-18,5,1020.5,57,9.5,14.8,1.3,.9,1.3,2.1,4.4,7.1
22103,2012-11-19,8.1,1018.6,62,11.1,14.6,1.6,1.1,1.7,2.5,3.8,5.8
22103,2012-11-20,7.1,1021.7,54,8.4,14,1.7,1.1,1.4,2.2,3.7,4.6
22103,2012-11-21,5.1,1019.9,64,10.7,13.8,1.1,.7,.9,1.3,3.2,8
22103,2012-11-22,4.9,1017,65,12.1,14.6,.9,.6,.8,1.2,3.8,8
22103,2012-11-23,8.7,1016.1,59,9.9,13.9,1.7,1.1,1.7,2.6,4.2,7.1
22103,2012-11-24,9.1,1021.1,54,7.7,13.3,2,1.4,1.7,2.5,4.1,4.6
22103,2012-11-25,2.7,1019.8,58,7.8,13.6,.9,.6,.8,1.3,4.9,7.1
22103,2012-11-26,10.9,1014.6,65,8.2,14.3,2.3,1.5,2.1,3.2,4.5,5.3
22103,2012-11-27,4.4,1022.8,52,6.9,13.9,1.3,.9,1.6,2.1,5.7,9.1
22103,2012-11-28,6.9,1018.8,57,12.6,14,1.7,1.1,1.5,2.3,4.2,9.1
22103,2012-11-29,5.2,1020.9,51,8.8,14.6,1.3,.9,1.2,1.8,3.4,6.4
22103,2012-11-30,5.6,1022.2,47,8.6,14.4,1.2,.8,1.3,2,3.6,5.3
22103,2012-12-01,8.2,1025.8,57,6.9,15,1.7,1.1,1.5,2.3,4.1,5.8
22103,2012-12-02,7.9,1021.1,76,9.1,15.4,1.9,1.3,1.9,3.1,5.2,6.4
22103,2012-12-03,7.8,1016.4,68,10.3,16.3,1.8,1.2,2.1,3.3,4.8,6.4
22103,2012-12-04,9.7,1020.8,56,5.5,15.5,2.4,1.6,2.1,3.5,4.3,5.8
22103,2012-12-05,9.2,1017.7,61,6.4,15.3,2,1.3,2.9,4.6,3.8,6.4
22103,2012-12-06,6.9,1023.5,58,3,14.5,2.4,1.6,2.7,4.5,7,9.1
22103,2012-12-07,7.4,1018.8,61,8.2,14.4,2.2,1.5,2.5,4,5.7,10.7
22103,2012-12-08,10.9,1019.4,63,4.6,14.3,2.6,1.7,2.2,3.7,4.9,8
22103,2012-12-09,11.1,1020,63,2.9,14.8,2.5,1.6,2.3,3.8,4.9,8
22103,2012-12-10,8.8,1023.5,62,2.8,14.1,1.8,1.2,1.4,2.2,3.8,4.6
22103,2012-12-11,8,1024.9,60,3.6,13.3,1.7,1.1,1.2,2.1,3.5,4
22103,2012-12-12,6,1028.4,46,4.2,13.1,1.4,.9,1.3,1.9,3.7,9.1
22103,2012-12-13,3.2,1029.7,56,8.1,13.2,.8,.6,.8,1.3,4.9,9.1
22103,2012-12-14,,1018.8,83,14.9,15.9,,,3.9,6.8,,9.1
22103,2012-12-15,7,1016.1,77,10.9,15.6,2.5,1.7,2.6,3.7,7.6,8
22103,2012-12-16,6.4,1020,71,9.8,15.6,1.5,1,1.2,1.9,4.8,7.1
22103,2012-12-17,9.7,1018.9,69,8.2,15.4,2.1,1.4,1.8,2.5,4.4,5.8
22103,2012-12-18,11.6,1023.4,60,2.5,15.3,2.5,1.7,2.1,3,4.7,5.3
22103,2012-12-19,8.2,1026.3,59,2.3,15,1.9,1.3,1.8,2.7,4.4,8
22103,2012-12-20,4.9,1028.8,50,4.8,14.3,1.2,.8,1.1,1.7,3.2,4
22103,2012-12-21,9.5,1017.8,74,9.7,14.6,2.4,1.6,2.2,3.7,5.3,7.1
22103,2012-12-22,11.4,1020.4,68,5.7,14.6,2.5,1.7,1.9,3,5,7.1
22103,2012-12-23,11.4,1026.2,64,1.6,14.4,2.5,1.7,2,2.9,4.6,5.3
22103,2012-12-24,6.1,1027.9,64,.4,13.2,1.5,1,1.2,1.9,4.5,8
22103,2012-12-25,10,1028.3,61,3.5,13.4,2.1,1.4,1.7,2.7,4.1,5.3
22103,2012-12-26,5.8,1031.5,48,.4,13.3,1.6,1,1.7,2.7,4.4,9.1
22103,2012-12-27,3.5,1028,52,4.8,13.5,.9,.6,.7,1.1,6.7,10.7
22103,2012-12-28,7.9,1021.1,80,6.1,13.9,2.1,1.4,1.8,2.7,6.2,9.1
22103,2012-12-29,4.4,1020.4,72,7.7,14.3,1.5,.9,1.2,2,7,9.1
22103,2012-12-30,12.3,1016.9,70,2.5,13.5,2.7,1.8,2.1,3.3,4.8,7.1
22103,2012-12-31,9.1,1020.8,60,1.9,13.4,2.2,1.4,2,3,4.6,7.1
22103,2013-01-01,6.8,1020.6,61,6.2,13.9,2.1,1.4,2.1,3.2,5.5,7.1
22103,2013-01-02,9.6,1026.8,58,4.2,13.8,2.3,1.5,2,3,4.5,6.4
22103,2013-01-03,,1034.6,59,-1.6,13.1,,,1.9,2.8,,4.9
22103,2013-01-04,5.2,1029.4,47,-.4,11.8,1.5,.9,1.5,2.4,4.3,5.8
22103,2013-01-05,7.3,1024.8,54,1.5,11.3,1.4,1,1.5,2.2,3.9,8
22103,2013-01-06,6,1024.1,54,2.7,12.3,1.4,.9,1.3,2,3.3,4.3
22103,2013-01-07,5.4,1022.5,44,2.8,10.8,1.2,.8,1,1.6,2.8,4
22103,2013-01-08,6,1022.3,46,3.8,11.8,1.4,.9,1.2,1.8,3.5,4.3
22103,2013-01-09,10.3,1024.9,56,.9,11.4,2.1,1.4,1.8,2.7,4.1,4.6
22103,2013-01-10,7.6,1028.5,54,.1,11.2,1.7,1.1,1.5,2.6,3.7,4.3
22103,2013-01-11,2.3,1028.6,59,3.3,11.7,.9,.6,.8,1.2,4.2,7.1
22103,2013-01-12,4.8,1025.2,58,7.7,12.6,1.1,.7,1,1.4,2.6,7.1
22103,2013-01-13,7.5,1021.2,60,7.8,12.6,1.4,1,1.5,2.1,3.9,5.8
22103,2013-01-14,9.5,1017.9,53,6.5,11.4,2.1,1.4,1.8,2.7,5.4,7.1
22103,2013-01-15,4.5,1024,70,5.5,11.6,1.3,.9,1.2,2,5.1,9.1
22103,2013-01-16,8.4,1023.2,66,5.3,11.8,1.7,1.2,1.7,2.7,3.5,9.1
22103,2013-01-17,12.1,1026.4,61,1.7,10.1,2.6,1.7,2,3.3,4.5,4.9
22103,2013-01-18,8.5,1029.7,57,2.1,10.2,2,1.3,1.9,2.9,3.7,5.8
22103,2013-01-19,6.9,1029.6,58,4.5,11,1.5,1,1.2,2,3.1,4.3
22103,2013-01-20,,1030.1,63,7.4,10.9,,,1,1.7,,4.3
22103,2013-01-21,7.4,1019.8,84,10.1,11.3,3,1.9,2.8,5.6,5.7,7.1
22103,2013-01-22,8.3,,77,6.8,12.4,2.2,1.4,2.1,3.2,5.6,7.1
22103,2013-01-23,,1019,75,6.1,13.7,,,1.6,2.6,,8
22103,2013-01-24,,1017.5,66,6,13.7,,,2.1,3,,5.8
22103,2013-01-25,10.7,1021.2,59,1.5,11.5,2.3,1.5,2.1,3.7,4.4,5.3
22103,2013-01-26,8.7,,62,.5,10.7,1.8,1.2,1.5,2.1,3.7,4.6
22103,2013-01-27,11.1,1025.1,62,1.1,11.3,2.3,1.5,1.8,3,4.4,5.3
22103,2013-01-28,7.2,1027.2,60,3.2,10.4,1.6,1.1,1.5,2.1,4.2,10.7
22103,2013-01-29,,1027,65,7.5,11.4,,,.6,1.1,,10.7
22103,2013-01-30,,1029.8,71,9.3,10.1,,,.6,.9,,8
22103,2013-01-31,5.4,1028.7,74,11.6,11,1.3,.9,1.6,2.2,3.8,4.9
22103,2013-02-01,9.8,1019.5,87,13.1,12.7,4.1,2.7,3.6,6.3,7.3,9.1
22103,2013-02-02,9.7,1024.8,57,6.8,12.3,2.4,1.6,2.1,3.4,5.9,9.1
22103,2013-02-03,5.3,1023.4,62,7.7,11.3,1.3,.9,1.2,1.8,3.5,8
22103,2013-02-04,7.1,1017.3,79,8.5,12.9,2.1,1.4,1.8,2.9,4.8,5.8
22103,2013-02-05,8.6,1018.3,78,8.1,13,2.2,1.4,1.8,3.2,4.7,6.4
22103,2013-02-06,10.6,1017.7,73,4.7,12.9,2.4,1.5,1.6,2.9,4.5,6.4
22103,2013-02-07,11.2,1023.1,63,-.2,12.4,2.4,1.6,1.9,3.1,4.5,5.3
22103,2013-02-08,6.9,1029.3,60,-3.6,9.3,1.9,1.2,1.9,2.9,4.6,7.1
22103,2013-02-09,,,,,,,,1.4,2.1,,4.3
22103,2013-02-10,7.4,1025.8,61,3.3,11.7,1.5,1,1.2,1.9,3.2,4.3
22103,2013-02-11,5.5,1028.7,50,2.9,12.4,1.2,.8,1.3,2,3.9,5.3
22103,2013-02-12,7.1,1024.1,66,5.4,12.3,1.5,1,1.6,2.3,3.7,4.6
22103,2013-02-13,4,1027,50,3.2,13.4,1.3,.8,1.4,2.2,4.7,7.1
22103,2013-02-14,1.6,1023.5,53,6,13.2,.8,.5,.6,1,6.7,9.1
22103,2013-02-15,9.2,1021.1,49,5.9,13,1.7,1.2,1.7,2.4,3.9,8
22103,2013-02-16,7.5,1026.7,46,2.8,12.7,1.8,1.1,1.7,2.6,4.7,8
22103,2013-02-17,6.4,1019.4,72,8.9,12.5,1.5,1,1.5,2.5,3.9,4.9
22103,2013-02-18,6.7,1014.8,73,7.4,12.6,2.3,1.5,1.8,2.8,6.6,8
22103,2013-02-19,9.7,1021.6,55,3,12,2.1,1.4,1.9,2.9,4.9,9.1
22103,2013-02-20,7.7,1027.8,49,2.2,11.7,1.7,1.1,1.6,2.4,3.6,4.3
22103,2013-02-21,6.1,1029.3,48,4.7,11.2,1.2,.8,1.3,1.8,2.8,3.8
22103,2013-02-22,6.9,1027.3,45,6.7,11.7,1.3,.9,1.4,2.1,3.2,4.6
22103,2013-02-23,9.2,1028.3,47,3.6,11,1.8,1.2,1.5,2.3,3.5,4.3
22103,2013-02-24,4.5,1029.8,46,5.2,11,1.2,.8,1.4,1.9,4.8,8
22103,2013-02-25,2.8,1027.8,46,8.6,11.7,.8,.5,.6,1.1,6.8,10.7
22103,2013-02-26,6.3,1019.6,71,9.6,12,1.4,1,1.2,1.9,4.4,9.1
22103,2013-02-27,5.7,1017.3,66,9.5,13.6,1.6,1,1.2,1.9,6.9,9.1
22103,2013-02-28,5.8,1016.7,63,12.8,14.5,1.3,.9,1.1,1.9,4.5,8
22103,2013-03-01,11.2,1014.2,71,7.8,13.6,2.6,1.7,2.1,3.2,5,6.4
22103,2013-03-02,10.1,1023.8,57,3.7,11.9,2.3,1.5,2.1,3.3,4.4,5.3
22103,2013-03-03,6.9,1022.9,57,4.5,11.2,1.7,1.1,1.4,2.3,4.3,10.7
22103,2013-03-04,7.9,,55,8.1,11,1.8,1.2,1.4,2.2,3.8,5.3
22103,2013-03-05,6.1,1025.3,51,7.7,10.9,1.3,.8,1.1,1.8,2.7,3.6
22103,2013-03-06,3.9,1022.2,70,11.3,11.2,1.2,.8,1.2,2.2,3.4,4.9
22103,2013-03-07,8.5,1014.2,75,12.9,12,2.8,1.8,2.4,3.4,6.2,7.1
22103,2013-03-08,6.8,1011.1,76,12.5,12.3,2.1,1.3,1.7,2.8,5.5,7.1
22103,2013-03-09,5.8,1010.3,80,14,12.3,2.1,1.3,2.2,4.1,5.4,6.4
22103,2013-03-10,9.3,1016.1,56,9.5,11.9,2.7,1.7,2.4,3.8,5.4,7.1
22103,2013-03-11,6.6,1022.9,62,8.5,11.5,1.7,1.1,1.5,2.5,4.7,5.8
22103,2013-03-12,4.2,1016.8,77,12.3,13.7,1.3,.8,1.1,1.9,3.9,6.4
22103,2013-03-13,9.5,1012.3,79,9.6,12.1,2.7,1.8,2.1,3.5,5.2,6.4
22103,2013-03-14,7.4,1025.7,65,8,12.6,2.3,1.5,2,3.7,6.1,7.1
22103,2013-03-15,4.4,1025.4,63,8.8,12.8,1.2,.8,1,1.6,4.1,6.4
22103,2013-03-16,5.8,1023.2,53,10.1,11.8,1.2,.8,1,1.5,2.6,3.8
22103,2013-03-17,5.5,1014.3,77,12.8,12.7,1.5,.9,2,4,3.7,8
22103,2013-03-18,9,1005.5,85,11.2,12.6,3.7,2.4,3.3,5.2,7.8,9.1
22103,2013-03-19,5,1012.5,82,12.5,12.6,2,1.3,1.8,2.8,7.3,8
22103,2013-03-20,7.7,1011,72,9.2,12.1,2.1,1.4,2.1,3.8,5.6,7.1
22103,2013-03-21,5.4,1017.8,51,4.4,11.4,1.5,1,1.4,2.3,5.6,9.1
22103,2013-03-22,5,1012.6,72,9.4,11.9,1.3,.8,1.2,1.9,4.1,9.1
22103,2013-03-23,4.5,1014.7,69,9,11.9,1.2,.8,1.3,2,4.1,6.4
22103,2013-03-24,6.6,1011.4,66,9.2,11.9,1.4,.9,1.7,2.3,3.4,5.8
22103,2013-03-25,10.2,1016.2,57,6,11.1,2.2,1.5,1.7,2.5,4.4,4.9
22103,2013-03-26,5.4,1020.2,64,8.7,10.8,1.4,.9,1.1,1.9,3.8,4.9
22103,2013-03-27,2.9,1016.1,76,11.2,12.2,.8,.5,.7,1,3.4,5.3
22103,2013-03-28,6,,60,11.4,12,1.2,.7,1.1,1.7,3.4,8
22103,2013-03-29,6.6,1018,56,9.6,12.7,1.4,.9,1.3,1.8,3.5,4.9
22103,2013-03-30,,1020.4,70,10.7,12.2,,,.9,1.6,,5.3
22103,2013-03-31,5,,,,,1.1,.7,1,1.7,3.4,4.6
22103,2013-04-01,6,1020,64,12.4,13,1.9,1.2,1.5,3.6,5.3,6.4
22103,2013-04-02,9,1013.4,72,9.6,12.9,2,1.3,1.9,3,4,4.9
22103,2013-04-03,7.9,1015.7,67,9.6,12.8,1.8,1.2,1.5,2.2,3.9,6.4
22103,2013-04-04,4.2,1016.2,65,12.2,12.7,1,.7,.9,1.4,3.1,4.9
22103,2013-04-05,7.3,1012.7,85,13.1,12.8,1.8,1.1,1.3,2.1,5,5.8
22103,2013-04-06,12.6,997.6,83,9.9,12.6,3.5,2.1,3,5.2,6.9,9.1
22103,2013-04-07,12.4,1007.5,61,6.6,11.9,3.2,2,2.7,4.7,5.6,8
22103,2013-04-08,6.7,1014.8,55,9.8,12.8,1.6,1,1.4,2.2,5.4,10.7
22103,2013-04-09,9,1016.8,48,10.3,12.5,2,1.3,1.6,2.6,4.1,5.3
22103,2013-04-10,9.3,1020,55,7.2,12.6,2,1.3,1.6,2.8,3.8,4.9
22103,2013-04-11,8.9,1018.8,47,10.1,12.9,1.9,1.3,1.7,2.6,4.2,5.8
22103,2013-04-12,6.9,1019.2,51,10,13.2,1.5,1,1.2,1.8,3.8,4.9
22103,2013-04-13,7.2,1016.2,53,12.8,13.4,1.8,1.2,2.4,4.3,3.8,6.4
22103,2013-04-14,8,1009.1,66,13.6,13.1,3.1,2,2.8,4.6,6.3,7.1
22103,2013-04-15,4.6,1010.4,61,11.8,13.4,1.7,1,1.6,2.9,4.7,5.8
22103,2013-04-16,5.9,1007.6,87,15.3,13.3,2.7,1.7,2.2,3.7,5.8,6.4
22103,2013-04-17,7,1008.2,89,13,12.8,2.4,1.5,1.9,3.5,5.8,6.4
22103,2013-04-18,5.5,1010.9,76,12.5,12.8,1.8,1.2,1.9,2.9,4.8,7.1
22103,2013-04-19,8.7,1016.8,63,10.9,12.4,2.5,1.7,2.3,4,6.3,8
22103,2013-04-20,7.5,1014.8,73,9.1,11.7,2,1.3,1.9,2.9,6,7.1
22103,2013-04-21,6.4,1018,59,10,11.4,1.6,1,1.3,2.1,3.5,5.3
22103,2013-04-22,3.9,1022.3,60,11.9,12.2,1,.7,1.1,1.7,3.6,5.8
22103,2013-04-23,7.3,1014.4,84,14,12.9,2.8,1.8,3.1,5,5.5,8
22103,2013-04-24,8,1009.9,83,12.2,12.9,3.2,2.1,3.4,4.5,8.2,9.1
22103,2013-04-25,7.5,1010.4,81,11.4,13.2,1.9,1.2,1.5,2.6,5,8
22103,2013-04-26,8,1012.9,60,12.5,12.4,1.9,1.2,1.5,2.4,4.3,5.3
22103,2013-04-27,3.6,1017.3,66,13.6,13.3,1,.6,1,1.5,3.8,6.4
22103,2013-04-28,4.2,1018.8,82,15,14,1.5,1,1.4,2.1,4.1,4.9
22103,2013-04-29,5.7,1014.2,87,15.3,14.2,1.6,1.1,1.4,2.2,4.6,5.8
22103,2013-04-30,3.6,1010.8,64,14.1,13.8,1.2,.7,1,1.6,5.2,6.4
22103,2013-05-01,6.2,1010.1,65,12.3,14,1.6,1.1,1.4,2.1,5,7.1
22103,2013-05-02,4.5,1013.5,71,13,14.2,1.5,.9,1.2,2,5,10.7
22103,2013-05-03,4,1015.9,69,13.6,14.1,1,.7,1,1.4,3.7,8
22103,2013-05-04,5,1019.1,70,13.6,13.8,1,.6,.9,1.3,3.2,8
22103,2013-05-05,4.2,1020.3,73,14.1,14,.8,.5,.8,1.2,2.9,4.3
22103,2013-05-06,6.7,1017,68,14.4,13.9,1.3,.9,1.4,3.3,3.5,4.9
22103,2013-05-07,8.6,1020.1,80,13.7,13.4,2.5,1.6,2.1,3.3,5.7,7.1
22103,2013-05-08,5,1020,83,13.6,13.8,1.6,1,1.3,2.4,5.3,7.1
22103,2013-05-09,4.2,1014.4,88,15.5,14.2,1.1,.7,1.5,2.2,4.7,9.1
22103,2013-05-10,7.6,1004.3,90,14.5,13.9,2.9,1.8,2.5,4.2,7.1,8
22103,2013-05-11,5.4,1006.1,88,13.9,14.1,1.5,1,1.4,2.2,7,8
22103,2013-05-12,2.7,1009.2,92,15,14.7,1.2,.8,1,1.6,4,7.1
22103,2013-05-13,1.6,1012.4,83,16.5,15.5,1.1,.7,1.1,1.7,4.1,6.4
22103,2013-05-14,1.9,1012.9,91,16.7,15.8,.7,.5,.8,1.3,4.3,7.1
22103,2013-05-15,1.8,1012.8,91,17.5,16.9,.9,.6,.8,1.1,4.7,5.8
22103,2013-05-16,12.6,1016.3,82,14.3,14.5,3.1,2.1,2.5,4.2,6.4,8
22103,2013-05-17,9.7,1015.9,80,14.6,14.6,3,1.9,2.8,4.4,6.4,7.1
22103,2013-05-18,5.8,1010,88,15.6,15.9,1.7,1.1,1.3,2,6.8,8
22103,2013-05-19,7.9,998.9,91,15.5,14.9,2.7,1.7,2.3,3.6,6.6,9.1
22103,2013-05-20,6.1,1004.3,88,14.7,14.8,1.5,1,1.2,1.8,4.2,7.1
22103,2013-05-21,2,1008.2,83,16,15.8,.8,.5,.8,1.2,4.9,8
22103,2013-05-22,2.4,1011.4,90,16.1,16.2,.7,.5,.6,1,4.4,8
22103,2013-05-23,2.2,1013.4,87,17.3,16.5,.6,.3,.4,.7,5.4,8
22103,2013-05-24,2.5,1013.6,88,17.3,17.1,.6,.4,.5,.7,4.2,8
22103,2013-05-25,2.3,1014.9,88,17.6,17,.7,.5,.7,.9,5,8
22103,2013-05-26,4.7,1016.5,94,17.1,16.4,1.3,.8,1.1,1.7,5.3,7.1
22103,2013-05-27,,1009.6,86,19,16,,,3.3,5.2,,9.1
22103,2013-05-28,,1006.6,93,17.8,16,,,3.1,4.9,,9.1
22103,2013-05-29,4.9,1010.6,92,15.9,15.6,2,1.3,2,3,6.7,7.1
22103,2013-05-30,2.9,1012.5,86,16.2,15.8,1.1,.7,1,1.8,6.2,9.1
22103,2013-05-31,1.9,1010,89,16.4,16.3,.6,.4,.6,.8,5.6,8
22103,2013-06-01,,1007.2,85,16.3,16.1,,,.5,.7,,8
22103,2013-06-02,,1007.2,87,16.9,16.2,,,1.3,1.7,,9.1
22103,2013-06-03,,,85,16.6,15.8,,,1.1,1.7,,5.8
22103,2013-06-04,2.6,1016.5,88,17.2,16.7,1.1,.7,.9,1.5,4.4,5.3
22103,2013-06-05,1.5,1017.2,93,17,16.9,.8,.5,.7,1.1,5.4,8
22103,2013-06-06,,1015.1,92,17.1,16.4,,,1,1.3,,5.8
22103,2013-06-07,,1012.8,89,18.2,18.1,,,1.2,1.8,,5.8
22103,2013-06-08,,,88,18.7,18.1,,,2,3.4,,6.4
22103,2013-06-09,,1005.5,88,19.2,18.8,,,2.9,4.6,,9.1
22103,2013-06-10,,1005.8,86,19.3,19.1,,,2.1,3.4,,7.1
22103,2013-06-11,,,90,19.3,18.9,,,1.9,3.1,,6.4
22103,2013-06-12,,1008.7,93,19,19.1,,,1.4,2.2,,10.7
22103,2013-06-13,2.5,,,,,,,.9,1.3,,9.1
22103,2013-06-14,3.1,1013.4,94,19.9,19.5,.8,.5,.7,1.2,5,8
22103,2013-06-15,2.2,1011.7,91,20.5,21.3,.8,.5,.7,1,3.9,7.1
22103,2013-06-16,3.6,1008.4,92,20,20.4,.7,.5,.7,1,5.6,9.1
22103,2013-06-17,3.7,1003.8,93,20.5,20.9,.9,.6,.7,1.2,4.4,8
22103,2013-06-18,6.6,998.8,95,20.8,19.8,1.6,1.1,1.6,2.7,4.1,5.3
22103,2013-06-19,5.2,1000.8,95,20.1,19,2.6,1.8,2.1,3.3,6.4,7.1
22103,2013-06-20,3.6,1005.3,93,19.7,19.1,1.6,1,1.2,2,6.7,10.7
22103,2013-06-21,3.3,1006.3,92,19.7,19.3,3,2,3,4.2,10,10.7
22103,2013-06-22,.7,1008.1,93,19.6,19.1,1.6,1.1,1.7,2.4,7.6,9.1
22103,2013-06-23,1.3,1007.3,89,19,18.1,1.2,.8,1,1.6,7.9,9.1
22103,2013-06-24,1.4,1006.3,87,19.4,19,1.2,.8,1,1.8,7.3,9.1
22103,2013-06-25,3.4,1005.8,93,18.8,17.7,1.5,1,1.3,2,6.5,7.1
22103,2013-06-26,4.1,1002.1,90,19.7,19.2,1.9,1.3,1.7,2.3,6.9,9.1
22103,2013-06-27,2.1,1005.3,91,20.1,19.6,1.9,1.2,1.6,2.7,8.2,9.1
22103,2013-06-28,5,1006,88,20.6,20.3,1.6,1.1,1.2,2.1,7,8
22103,2013-06-29,5.3,1010.7,89,20.9,20.4,1.8,1.2,1.3,2.1,7.2,8
22103,2013-06-30,5.4,1010.7,91,21.2,20.5,1.6,1.1,1.2,2.1,6,8
22103,2013-07-01,2.3,1009.6,93,21.9,21.5,1.1,.7,.8,1.3,5.7,7.1
22103,2013-07-02,7,1005.7,94,22.4,20.2,2,1.3,1.8,3,5.2,6.4
22103,2013-07-03,4,1002.8,92,21.3,20.1,2.4,1.6,1.9,3.4,6.4,8
22103,2013-07-04,4.4,1001,94,21.5,20.4,2.1,1.4,1.9,3,6.7,7.1
22103,2013-07-05,8.3,999.4,91,21.7,18.9,3.7,2.4,3,5.1,7.4,8
22103,2013-07-06,3.3,1006.7,96,20.1,19,2.5,1.7,2.2,3.3,8,9.1
22103,2013-07-07,4.5,1009.9,95,21.1,18.6,2.3,1.6,2,3.4,7.1,8
22103,2013-07-08,7,1011,93,23,20,2.7,1.8,2.1,3.7,6.4,7.1
22103,2013-07-09,5.7,1009.7,93,23.3,21.8,1.9,1.3,1.8,2.6,6.2,7.1
22103,2013-07-10,3.6,1009.3,93,23,22,1.5,1,1.2,2,4.7,6.4
22103,2013-07-11,2.2,1010.7,93,23,21.6,1.5,1,1.5,2.1,9.8,12.8
22103,2013-07-12,2.3,1010.8,96,23.4,21.7,1.7,1.2,1.5,2.2,12.3,12.8
22103,2013-07-13,3,1012.1,94,25,22.6,2.3,1.5,1.9,2.9,10.9,12.8
22103,2013-07-14,3.9,1013.8,93,25,22.8,3.6,2.4,3,4.9,10.7,12.8
22103,2013-07-15,4.9,1012.7,90,24.9,22.8,2.5,1.7,2,4.1,8.9,10.7
22103,2013-07-16,6.4,1011.2,89,24.9,21.9,2.4,1.6,1.8,3.1,7,8
22103,2013-07-17,5.2,1010.8,90,24.8,22.8,2,1.4,1.7,2.7,6.7,8
22103,2013-07-18,1.8,1011.1,93,23.7,22.4,1.4,.9,1.2,1.8,5.7,6.4
22103,2013-07-19,2.2,1011.1,92,24.6,23.3,1.3,.8,1.1,1.7,4.9,7.1
22103,2013-07-20,3.8,1010.1,89,25.6,23.6,1.6,1.1,1.4,2.3,5.1,8
22103,2013-07-21,6.1,1008.8,87,26.5,25.4,2,1.3,1.4,2.4,5.2,6.4
22103,2013-07-22,4.6,1010.1,87,25.9,23.8,1.7,1.2,1.4,2.3,5.9,6.4
22103,2013-07-23,6.1,1008.2,88,25,22.4,2.2,1.4,1.8,2.9,5.5,6.4
22103,2013-07-24,3.3,1003.8,91,23.4,21.6,2.6,1.8,2.3,3.4,6.6,8
22103,2013-07-25,3.4,1003.7,92,22.5,21.4,1.6,1.1,1.7,2.4,6.6,7.1
22103,2013-07-26,3.9,1004.2,94,22.1,20.3,1.5,.9,1.1,1.9,6.2,7.1
22103,2013-07-27,2.2,1005.8,95,22.5,19.4,1.7,1.1,1.3,2,6.2,7.1
22103,2013-07-28,3.9,1005.4,93,25.2,22.2,2,1.3,1.6,2.8,5.6,7.1
22103,2013-07-29,4.6,1004.3,91,26.2,24.9,2.1,1.4,1.8,2.8,6.8,7.1
22103,2013-07-30,4,1003.4,92,25.4,24.2,1.9,1.3,1.7,2.5,6.6,7.1
22103,2013-07-31,4,1003.8,94,24.3,21.2,2.1,1.4,1.7,2.6,6.1,7.1
22103,2013-08-01,2.1,1007.3,94,23.7,22.1,2.1,1.3,1.6,2.7,6.6,7.1
22103,2013-08-02,1.5,1011.7,93,24.8,23.9,1.9,1.2,1.4,2.4,6.3,7.1
22103,2013-08-03,2.6,1010.8,93,24.7,22.2,1.6,1,1.6,2.3,5,6.4
22103,2013-08-04,2.8,1006.5,92,25.2,24.9,1.6,1.1,1.4,2.2,5.3,6.4
22103,2013-08-05,2.3,1005.2,93,24.8,23.4,1.5,1,1.6,2.5,5,6.4
22103,2013-08-06,3,1007.4,91,26.4,24.7,1.5,1,1.5,2.6,5.1,6.4
22103,2013-08-07,3.5,1008.3,92,26.2,24.5,1.8,1.2,1.6,2.5,6,7.1
22103,2013-08-08,3.1,1006.8,90,26.9,26.2,1.5,1,1.3,2,6.2,7.1
22103,2013-08-09,3.5,1007,92,26.2,24.9,1.4,.9,1.1,1.6,5.2,6.4
22103,2013-08-10,2.7,1009.6,92,26.4,24.7,1.2,.8,1,1.8,4.8,6.4
22103,2013-08-11,2.9,1011.3,89,26.5,27.8,.8,.5,.7,1.1,5.2,5.8
22103,2013-08-12,2.5,1011.3,85,26.2,26.7,.7,.4,.5,.8,4.8,5.3
22103,2013-08-13,2.3,1011.2,81,26.6,27.9,.7,.4,.6,.8,6.7,12.8
22103,2013-08-14,3.3,,,,,1.3,.8,1.6,2.3,8.3,10.7
22103,2013-08-15,2.1,1010.2,81,27.5,28.5,1.4,.8,1.4,2.3,4.5,8
22103,2013-08-16,2.4,1008,80,27.7,27.6,1.4,.9,1.2,2.1,3.2,8
22103,2013-08-17,2.9,1006.2,83,27.4,27.1,1.4,.9,1.2,1.9,3.1,4.6
22103,2013-08-18,2.4,1006.1,84,27.6,27.9,1.8,1.1,1.6,2.6,4.8,8
22103,2013-08-19,1.9,1006.6,82,28.2,28.8,1.8,1.2,1.5,2.2,6.4,8
22103,2013-08-20,1.9,1006.5,80,28.4,28.2,1.2,.8,1.2,2,4.9,7.1
22103,2013-08-21,7.2,1007.7,86,28,28.6,2.1,1.3,1.8,2.8,5.4,10.7
22103,2013-08-22,5.1,1009,81,29.2,29.3,2.9,1.9,2.2,3.5,9.1,10.7
22103,2013-08-23,5,1008.6,82,27.8,28.3,3.1,2,2.7,4.2,9.7,10.7
22103,2013-08-24,3,1006.9,89,26,27.1,2.7,1.8,2.3,3.3,7.8,9.1
22103,2013-08-25,6,1004.6,85,25.4,26.9,2.8,1.8,2.3,3.7,6.6,8
22103,2013-08-26,4.8,1004.9,74,25.4,26.2,1.9,1.3,1.8,2.6,5.3,7.1
22103,2013-08-27,4,1008.2,78,25,26,1.2,.8,1.1,1.9,5,7.1
22103,2013-08-28,3,1008.1,79,25.7,25.6,1.1,.7,1.4,2.1,3.4,5.8
22103,2013-08-29,8.7,1003.4,83,28.1,27.6,3.1,2,2.4,4,4.7,6.4
22103,2013-08-30,2.1,1003.3,88,24.1,25.8,3.1,2,2.4,3.6,8.2,10.7
22103,2013-08-31,5.1,1005.9,82,22.6,21.9,2.9,1.9,2.4,3.7,9.2,10.7
22103,2013-09-01,5,1010.5,84,22.6,21.2,2.4,1.5,1.7,3.2,7.1,9.1
22103,2013-09-02,3.7,1012.2,85,22.8,21.6,1.8,1.1,1.2,2.2,5.3,8
22103,2013-09-03,7.3,1010.1,73,22.9,23.8,2.2,1.4,2,3.1,5.3,9.1
22103,2013-09-04,5,1010.8,60,22.6,23.9,2.5,1.6,2.3,3.5,5.7,7.1
22103,2013-09-05,8,1015.7,68,23.4,24.8,2.4,1.4,2.1,3.3,5.2,7.1
22103,2013-09-06,9.3,1016.5,80,22.1,24.4,2.4,1.5,2,3.1,4.8,6.4
22103,2013-09-07,6.6,1016.2,82,21.5,24.8,2.2,1.4,2,3.3,4.9,7.1
22103,2013-09-08,4,1016.9,72,23.3,25,1.3,.8,1,1.8,3.4,6.4
22103,2013-09-09,3.9,1015.5,71,23.8,25.7,1.4,.9,1.1,1.8,3.6,5.8
22103,2013-09-10,3.4,1013.8,73,24.1,25.3,1.1,.8,.9,1.5,3.3,5.8
22103,2013-09-11,2.2,1014.6,80,24.8,24.5,1,.7,.8,1.5,3.1,4.6
22103,2013-09-12,2.8,1016,85,24.5,24.7,1,.6,.8,1.4,2.8,3.8
22103,2013-09-13,2.9,1013.2,86,26.2,26,1.6,1,1.4,2.2,3,3.8
22103,2013-09-14,4.5,1009.5,87,24.2,24.4,1.7,1.1,1.8,3,3,4
22103,2013-09-15,4.2,1006.3,77,23.9,23.9,1.5,1,1.3,1.9,3,6.4
22103,2013-09-16,4.8,1011.4,65,23.1,23.5,2,1.3,1.7,2.7,5.3,9.1
22103,2013-09-17,5.4,1017.1,71,23.1,22.7,1.7,1.1,1.3,2.2,4.6,9.1
22103,2013-09-18,6.7,1018.8,75,23.6,23.5,1.9,1.2,1.4,2.6,5.3,6.4
22103,2013-09-19,9.1,1017.5,76,23.7,24,2.7,1.7,2.2,3.5,6.1,7.1
22103,2013-09-20,3.6,1015.8,83,23.6,24.4,1.6,1.1,1.3,2,6.7,10.7
22103,2013-09-21,3.1,1014.5,84,23.7,24.3,1.4,.9,1.1,1.7,8.6,12.8
22103,2013-09-22,10,1015.3,81,23.9,23.9,2.9,1.9,2.8,4.7,10,12.8
22103,2013-09-23,8.1,1015.1,79,23.3,23.6,3,1.9,2.4,4.3,10,12.8
22103,2013-09-24,3.3,,82,23.4,24.2,1.8,1.2,1.4,2.5,8.9,10.7
22103,2013-09-25,7.6,1010.1,73,21.9,23.9,2.1,1.4,1.8,3,5.2,12.8
22103,2013-09-26,5.5,1015.4,53,20.7,23.3,2.2,1.4,1.8,3,5,8
22103,2013-09-27,6.5,1017.4,62,21.7,22.3,2.1,1.3,1.6,2.7,5.1,5.8
22103,2013-09-28,5.6,1014.7,77,22,22.5,1.9,1.2,1.9,2.9,4.2,6.4
22103,2013-09-29,4.6,1014.2,82,23.3,23.1,2.3,1.5,1.9,2.8,4.5,4.9
22103,2013-09-30,3.4,1015.7,84,22.5,22.4,2,1.3,1.5,2.4,4.7,5.8
22103,2013-10-01,6.6,1015.1,81,22.7,22.7,2.2,1.4,1.8,2.7,4.9,6.4
22103,2013-10-02,5.9,1011.6,77,21.2,22.1,1.7,1.1,1.8,2.7,3.5,5.8
22103,2013-10-03,6,1015.5,63,19.9,22,1.9,1.3,1.9,2.6,4.2,6.4
22103,2013-10-04,9.5,1017.8,64,20.8,22.8,2.7,1.7,2.5,3.8,5.4,7.1
22103,2013-10-05,11.2,1018.2,77,21.9,23,3.2,2.1,2.4,4.1,6.4,8
22103,2013-10-06,11.5,1019.1,85,23,23.6,3.5,2.2,2.7,4.3,9.1,12.8
22103,2013-10-07,11,1016.4,84,23.4,23.6,3.5,2.2,2.4,4.1,8.7,10.7
22103,2013-10-08,13.1,1006.4,89,22.7,24.4,4.9,3.3,5.8,7.4,10.6,12.8
22103,2013-10-09,7.4,1013.2,85,21.7,24.3,2.7,1.7,2.3,3.5,6.7,10.7
22103,2013-10-10,6.3,1013.7,86,23.6,24.7,2,1.3,1.5,2.6,3.5,5.3
22103,2013-10-11,8.5,1013.8,67,21.3,24.4,2.1,1.4,1.9,2.9,3.6,5.3
22103,2013-10-12,4.4,1019.7,49,19,23.6,1.6,1.1,1.7,2.6,3.5,5.3
22103,2013-10-13,6.5,1020.7,59,20.5,22.8,1.7,1.1,1.5,2.6,3.3,5.8
22103,2013-10-14,5.9,1017.8,78,21.3,22.4,2.1,1.3,1.6,2.7,6.4,10.7
22103,2013-10-15,8.6,1012.1,73,19.3,22,2.8,1.8,2.8,4.5,11.7,16
22103,2013-10-16,5.1,1020.5,51,15.6,21.2,2.8,1.8,2.6,4.1,9,16
22103,2013-10-17,5.3,1026.8,55,17.2,19.5,1.8,1.2,1.4,2.5,5.8,10.7
22103,2013-10-18,8.9,1026.3,64,18.8,20.6,2.4,1.6,1.9,3,4.9,6.4
22103,2013-10-19,8.6,1023.3,71,18.9,21.5,2.3,1.5,1.7,2.8,4.6,6.4
22103,2013-10-20,6,1018.2,67,19.2,22.6,1.9,1.2,1.5,2.6,3.7,6.4
22103,2013-10-21,6.5,1017.6,68,19,22.3,2,1.3,1.8,3.1,4,6.4
22103,2013-10-22,9.6,1019.9,68,18.9,21.3,2.9,1.8,2.4,4.2,5.2,8
22103,2013-10-23,10.2,1017.8,69,19.1,20.9,3.4,2.1,2.4,4.1,8.6,12.8
22103,2013-10-24,8.2,1014.1,66,18.6,20.7,3.2,2,2.3,4.1,11.9,12.8
22103,2013-10-25,9.8,1013.1,50,15.6,20.3,3.1,2,2.2,3.9,9.1,12.8
22103,2013-10-26,8.9,1015.9,63,14.1,21.3,2.6,1.7,2.1,3.6,4.4,7.1
22103,2013-10-27,4.4,1021.8,52,14.9,20.5,1.7,1,1.5,2.4,3.1,4.6
22103,2013-10-28,.9,1024,56,16.5,19.5,1,.6,.9,1.3,3.1,6.4
22103,2013-10-29,2.6,1023.1,62,17.4,19,.9,.6,1.1,1.7,3.1,9.1
22103,2013-10-30,5.8,1023.5,58,16.7,19.1,1.5,1,1.2,1.9,2.7,3.8
22103,2013-10-31,5.3,1024.4,66,18,19,1.5,1,1.3,1.9,3.2,4.6
22103,2013-11-01,6.1,1024.6,70,18.9,19.6,1.5,1.1,1.2,1.9,3.3,4.9
22103,2013-11-02,4.9,,76,19.1,19.3,1.6,1.1,1.3,2.2,4.2,10.7
22103,2013-11-03,4.9,1019,72,18.2,19,1.9,1.3,1.6,2.4,6.5,10.7
22103,2013-11-04,5.6,1022.3,59,16.5,19,1.7,1.1,1.7,2.6,3.4,7.1
22103,2013-11-05,5.4,,62,,18.8,1.6,1,1.4,2.3,2.6,4.9
22103,2013-11-06,4.5,1020.2,66,18.5,19.2,1.6,1,1.3,2.4,3.4,4.6
22103,2013-11-07,7.5,1019.6,64,16.8,19.1,2,1.3,2,2.9,3.1,4.6
22103,2013-11-08,5.4,1025.2,50,15.1,19,1.6,1.1,1.5,2.3,3.1,3.6
22103,2013-11-09,7,1021.1,73,18.6,17.9,2.5,1.6,2.2,4.1,4.2,5.8
22103,2013-11-10,10.6,1017.4,65,13,17.6,3.3,2.2,2.7,4.6,5.8,7.1
22103,2013-11-11,10.9,1020.4,56,9.6,17.2,2.9,1.9,2.4,4.5,4.5,5.3
22103,2013-11-12,9.2,1020.5,55,9.7,16.9,2.5,1.6,1.9,3,4,4.6
22103,2013-11-13,4.4,1022.4,57,9.7,16.7,1.6,1,1.7,2.9,3.6,8
22103,2013-11-14,2.9,1021.1,59,12.5,16.6,1,.6,.9,1.8,4.3,9.1
22103,2013-11-15,4.9,1020.6,64,13.4,16.1,1.4,.9,1.2,1.8,2.5,3.4
22103,2013-11-16,5.6,1017.8,55,12.8,15.6,1.5,1,1.4,2.4,2.8,4.3
22103,2013-11-17,10.1,1015.3,57,11.6,15.6,2.7,1.8,2.1,3.2,4.3,5.8
22103,2013-11-18,10.6,1017.3,62,7.5,15.5,2.7,1.8,2.1,3.6,4.1,6.4
22103,2013-11-19,10.7,1018.3,65,7.9,15.6,3,2,2.7,4,4.2,6.4
22103,2013-11-20,9.4,1021.2,61,8.7,17.1,2.5,1.7,2,3.1,3.6,5.3
22103,2013-11-21,8.3,1024,58,9.5,17.6,2.2,1.4,1.7,2.6,3.4,3.8
22103,2013-11-22,7.8,1025.1,56,9.7,17.1,2.2,1.4,1.8,2.8,3.6,4.3
22103,2013-11-23,5.7,1024.5,57,11,16.3,1.6,1.1,1.3,2,2.6,3.4
22103,2013-11-24,7.3,1014.7,67,14.5,16.7,2.1,1.4,4.1,5.7,3.6,8
22103,2013-11-25,12,1009.9,64,11.2,16,4.7,3,5.3,8.2,7.1,10.7
22103,2013-11-26,7.2,1019.1,54,8.8,16.6,2.1,1.4,2,3.1,3.1,5.8
22103,2013-11-27,9.6,1017.6,63,9.1,15.5,3.5,2.2,3.4,5.6,4.7,8
22103,2013-11-28,9.5,,62,4.7,14.2,3,2,2.6,3.8,3.9,4.9
22103,2013-11-29,9,1021,64,6.9,14.5,2.6,1.8,2.5,4.1,3.7,4.9
22103,2013-11-30,6.4,1022,57,10.2,15.1,1.9,1.2,1.6,2.4,2.5,3.6
22103,2013-12-01,6.5,1021.5,57,10.5,14.4,1.9,1.2,1.8,2.7,2.8,4.3
22103,2013-12-02,7.1,1021.3,59,8,15.7,1.9,1.3,1.9,2.6,3.2,4
22103,2013-12-03,6,1021.1,57,9,15.3,1.7,1.1,1.3,2.1,2.9,3.6
22103,2013-12-04,5.7,1020.7,55,10.8,15.3,1.5,1,1.3,1.8,2.7,3.6
22103,2013-12-05,5.9,1019.5,60,11.5,15.4,1.5,1,1.2,1.8,2.6,3.2
22103,2013-12-06,6.9,1018.8,55,10.3,15.4,1.9,1.3,1.9,2.7,2.8,3.6
22103,2013-12-07,4.4,1023.1,45,9.3,16,1.4,.9,1.2,2,2.8,3.6
22103,2013-12-08,3.2,1022.7,52,12,15.6,1.1,.7,1.1,1.9,2.6,7.1
22103,2013-12-09,8.7,1011.3,72,12.5,15.3,2.6,1.8,3,4.4,4.3,7.1
22103,2013-12-10,11.2,,60,6.7,15,3.2,2,2.5,5.5,4.4,6.4
22103,2013-12-11,11.2,1015,64,6.5,14.8,3.4,2.1,3.1,5.4,4.4,6.4
22103,2013-12-12,6.9,1019.9,53,7,14.1,2.3,1.5,2.6,4.1,4.6,8
22103,2013-12-13,10.2,1022.3,61,5.5,14.6,2.9,1.9,2.4,3.5,4.6,6.4
22103,2013-12-14,8.8,1026.8,54,7,15.1,2.3,1.5,1.8,3,3.4,4.6
22103,2013-12-15,7.3,1029.1,56,6.4,15.1,2.1,1.4,1.8,3,3.4,4.3
22103,2013-12-16,5.8,1027.3,55,7.2,14.7,1.7,1.1,1.3,2.1,2.8,4.6
22103,2013-12-17,10.1,1022.1,68,9.7,14.9,3,1.9,2.8,4.4,4.6,7.1
22103,2013-12-18,9.8,1019.1,70,8.5,14.6,3,2,2.7,4.2,5.8,9.1
22103,2013-12-19,11.4,1021.1,62,4.4,15,3.1,2,2.4,3.9,4.5,5.8
22103,2013-12-20,12.9,,66,5.2,14.6,3.7,2.4,3.6,6.8,4.9,6.4
22103,2013-12-21,,,,,,,,2.5,4.4,,4.9
22103,2013-12-22,7.4,1028.2,58,4.8,13.2,2.2,1.4,1.7,2.6,3.4,4
22103,2013-12-23,9,1026.6,59,5.3,13.6,2.4,1.5,1.8,3.2,3.8,4.6
22103,2013-12-24,7,1028.8,51,6,11.8,2.1,1.4,2.2,3.5,3.5,4.6
22103,2013-12-25,4.9,1026.8,62,7.9,12.6,1.8,1.2,1.5,2.3,3.8,6.4
22103,2013-12-26,9.4,1020,63,6.5,13.4,2.3,1.5,2,3.5,3.7,4.6
22103,2013-12-27,12.4,1020,60,2.7,12.9,3.6,2.3,3.1,4.8,4.9,5.8
22103,2013-12-28,8.5,1021.7,58,2.1,11.6,2.5,1.7,2.4,3.6,3.7,4.3
22103,2013-12-29,8.1,1022.3,58,3.8,12.1,2.4,1.6,2,3.2,3.5,5.3
22103,2013-12-30,8.4,1019.2,54,8.2,13.4,2.8,1.8,2.8,4.6,4,5.8
22103,2013-12-31,9.2,1015.5,54,9.8,14,3,2,2.7,4.4,4.5,7.1
22103,2014-01-01,9,1016.7,47,9.8,14.3,2.7,1.8,2.7,3.9,4.4,8
22103,2014-01-02,4.3,1020.6,39,9.4,14.2,1.4,1,1.9,2.7,3,4.9
22103,2014-01-03,3.3,1016.9,59,10.4,14.3,1.1,.7,1.1,1.7,2.7,4.3
22103,2014-01-04,7.4,1017.3,56,7.1,14.2,2.1,1.3,1.8,3,3.3,4
22103,2014-01-05,7.5,1021.5,48,6.6,13.7,2.2,1.5,1.7,3.3,3.6,7.1
22103,2014-01-06,4.1,1027,44,6.7,14.5,1.5,.9,1.3,2.4,3.1,4.9
22103,2014-01-07,4.2,1023.8,58,9.2,15.1,1.2,.8,1,1.6,2.8,3.8
22103,2014-01-08,10.5,1018,71,6.7,14.9,2.5,1.6,2.1,3.3,4,4.9
22103,2014-01-09,11.3,,56,.6,14.4,3.2,1.9,2.4,4.2,4.6,5.3
22103,2014-01-10,7.2,1031.9,58,2.4,14.7,2.2,1.4,2,3.2,3.1,4.9
22103,2014-01-11,5.9,1031.5,55,4.2,14.2,1.9,1.2,1.8,3,2.8,3.6
22103,2014-01-12,7.4,1028.3,56,5.3,13.4,2.2,1.4,1.9,3.1,3.2,4.3
22103,2014-01-13,7.7,1029.4,47,2,13.8,2.3,1.5,2.3,3.6,3.6,4.6
22103,2014-01-14,6.1,1030.5,42,3,13.6,2,1.2,1.5,2.6,3.2,4.9
22103,2014-01-15,8.3,1031.1,46,3.4,12.7,2.4,1.5,2.3,3.7,3.4,4.3
22103,2014-01-16,3.9,1028.4,51,4.1,13.6,1.6,1,1.4,2.1,2.7,3.8
22103,2014-01-17,5.8,1026.2,52,5.6,13.2,1.7,1.1,1.5,2.5,2.9,3.8
22103,2014-01-18,9.8,1026.3,60,4.7,13.2,2.8,1.8,2.6,4,3.9,4.9
22103,2014-01-19,4.7,1028.7,55,3.1,12.1,1.7,1.1,1.8,2.9,4.1,9.1
22103,2014-01-20,8.4,1020.8,63,7.1,12.6,3.1,2,2.7,4.5,4.7,6.4
22103,2014-01-21,11.5,1024.3,63,1.5,10.6,3.4,2.1,3,4.5,4.5,6.4
22103,2014-01-22,8.4,,58,2.4,12.6,2.4,1.5,2.4,3.4,3.9,4.9
22103,2014-01-23,2.8,1027,59,4.5,13.4,1.3,.8,1.4,2.1,2.7,3.6
22103,2014-01-24,5.1,1022.1,67,11.1,11.9,2.5,1.6,2.3,3.7,4.4,5.8
22103,2014-01-25,10,1016.2,71,12.8,12.2,3.7,2.4,2.9,4.9,5.7,7.1
22103,2014-01-26,7.1,1025.6,46,6.1,12.4,2.4,1.5,2.1,3.9,3.6,4.9
22103,2014-01-27,2.6,1025.1,58,8.1,12.5,1.6,1,1.1,2,3.7,9.1
22103,2014-01-28,6.9,1023.3,62,9.9,12.8,2.1,1.4,1.6,2.5,3,4.9
22103,2014-01-29,4.2,1022.5,64,11.2,13.1,1.6,1,1.2,2.1,2.7,3.6
22103,2014-01-30,7.3,1016.3,79,10.9,13.9,2.6,1.7,2.4,3.5,4.7,5.8
22103,2014-01-31,4.1,1023,57,10.7,14.7,1.7,1,1.4,2.3,3.4,6.4
22103,2014-02-01,5.2,1015.9,84,14.7,14.2,2.1,1.3,1.8,2.8,3.8,4.9
22103,2014-02-02,6.4,1009.7,88,11.9,13.8,2.3,1.5,1.8,2.7,5.2,7.1
22103,2014-02-03,10.4,1011.9,62,7.4,13.6,2.9,1.9,2.3,3.8,3.9,5.3
22103,2014-02-04,11.2,1022,55,-.2,13.3,3.2,2,2.8,4.2,4.6,5.3
22103,2014-02-05,6,1026.3,52,2.4,12.6,2.2,1.3,1.6,2.9,3.1,4.3
22103,2014-02-06,9.7,1022.3,78,5.5,12.6,2.5,1.6,2.1,3.6,4.5,5.8
22103,2014-02-07,11.3,1016.7,75,7.5,11.7,3.4,2.2,2.9,4.9,6.4,8
22103,2014-02-08,9.3,1015.9,73,6.3,12.1,3.5,2.2,3.6,5,6.3,9.1
22103,2014-02-09,8.4,1018.4,65,3.9,13.3,2.5,1.6,1.9,3.5,4.4,8
22103,2014-02-10,10.5,1021,72,5.1,13.6,3.5,2.2,3.3,5.2,5.9,8
22103,2014-02-11,11.3,,,,,3.6,2.3,3.2,4.8,6.9,9.1
22103,2014-02-12,7.1,1026,57,6.1,13.2,2.6,1.6,2,3.4,5.3,7.1
22103,2014-02-13,10.2,1026.9,65,6.7,13.4,3,2,2.6,4.2,5.9,7.1
22103,2014-02-14,11.2,1024.7,62,6.2,13.2,3.9,2.5,3.2,5,7.3,9.1
22103,2014-02-15,4.8,1026.2,52,6.1,12.6,2.2,1.4,1.8,3,6.7,8
22103,2014-02-16,1.9,1027.5,53,9,12.6,1.5,.9,1.3,2.1,5.8,9.1
22103,2014-02-17,8.6,1023.4,69,8.7,12.3,2.6,1.6,3.1,5.2,5,9.1
22103,2014-02-18,12.5,1023.6,68,6.6,12.2,4.3,2.8,3.5,5.8,7.4,9.1
22103,2014-02-19,8.8,1024.5,62,5.7,12.5,3,1.9,2.3,3.7,6.5,8
22103,2014-02-20,5.6,1026.6,56,6.2,12.5,2.1,1.3,1.7,2.9,5,7.1
22103,2014-02-21,5.2,1029.2,49,4.6,12.4,1.9,1.2,1.6,3.4,3.4,4.6
22103,2014-02-22,2.2,1029.6,51,6.8,12.3,1.4,.8,1.2,1.8,3.1,8
22103,2014-02-23,3.5,,61,8.6,11.7,1.4,.8,1,1.7,3.1,7.1
22103,2014-02-24,2.6,1028.3,55,10,12.5,1.1,.6,.8,1.4,2.5,3.8
22103,2014-02-25,4.3,1027.5,61,10.9,13.1,1.2,.7,.8,1.4,2.4,3.2
22103,2014-02-26,10.3,1021.6,78,10.7,12.9,2.9,1.9,2.9,4.4,4.8,7.1
22103,2014-02-27,7.6,1019.6,66,11,12.6,2.8,1.8,2.6,4.2,7,9.1
22103,2014-02-28,7.9,1020.6,72,10.6,12.3,2.4,1.5,2.1,3.4,4,6.4
22103,2014-03-01,7.9,1016.9,84,10.4,12.1,2.3,1.5,1.8,2.9,4.1,6.4
22103,2014-03-02,8.2,1018.8,58,8.8,11.7,2.4,1.5,1.8,2.9,3.7,4.6
22103,2014-03-03,8.1,1026,51,8.7,12.3,2.3,1.4,2,2.8,4.3,5.8
22103,2014-03-04,8.2,1021.6,66,8.9,11.8,2.5,1.6,1.8,3.6,5,6.4
22103,2014-03-05,10.7,1020.5,52,6,11.2,2.8,1.8,2.6,4.3,4.6,7.1
22103,2014-03-06,9.1,1026.8,42,4.6,11.1,2.8,1.8,2.8,4.3,4,5.3
22103,2014-03-07,8.1,1029.5,42,4.8,11.7,2.2,1.4,1.7,2.7,3.5,4
22103,2014-03-08,6.6,1025.4,47,5.4,10.7,1.9,1.2,1.6,2.5,2.9,4
22103,2014-03-09,10.4,1021.5,54,6.3,10.7,2.7,1.8,2.4,3.6,3.8,5.3
22103,2014-03-10,7.2,1026.8,48,4.9,10.8,2.3,1.4,1.8,3.1,3.5,4.6
22103,2014-03-11,5,1027.5,56,8.6,11,1.6,1,1.5,2.5,3,4.6
22103,2014-03-12,6.6,1017.5,82,13.1,12,2.8,1.8,2.2,3.5,5.5,6.4
22103,2014-03-13,7.6,1011.5,83,8,11.6,3.6,2.3,2.8,4.2,7.8,9.1
22103,2014-03-14,8,1020,61,6.1,11.5,2.5,1.6,2,3.1,4.4,9.1
22103,2014-03-15,6.2,1022.8,60,10.1,11.5,2.7,1.6,2.7,4.3,3.4,5.8
22103,2014-03-16,4.6,1023.1,73,12.4,11.6,2.7,1.7,2.1,3.6,5.2,6.4
22103,2014-03-17,6.4,1020.5,78,14.3,13.1,2.3,1.5,2.1,3.5,4.2,6.4
22103,2014-03-18,6.8,1015.3,87,13,12.4,3,1.9,2.6,4,6.6,7.1
22103,2014-03-19,9.3,1016.6,73,11,12.5,3,1.9,2.1,3.5,6.1,7.1
22103,2014-03-20,10.5,1013.5,60,8.9,12,3.3,2,3.2,5.8,4.4,6.4
22103,2014-03-21,9.1,1020.2,53,7.6,12.1,3,1.9,2.8,4.2,3.6,5.3
22103,2014-03-22,6.5,1025.1,57,9.9,13.1,2.1,1.3,1.7,2.6,3.2,5.3
22103,2014-03-23,5.6,1028.2,65,11.5,13.1,1.7,1.1,1.4,2.2,2.7,4.6
22103,2014-03-24,3.3,1024.1,74,12.6,12.7,1.3,.8,1.1,2,2.9,4
22103,2014-03-25,4.1,1016.3,91,14,12.5,1.8,1.1,1.5,2.5,3.7,5.3
22103,2014-03-26,4.5,1010.5,93,13,12.7,2.7,1.7,2.1,3.7,5.9,6.4
22103,2014-03-27,4.7,1016.8,80,12.7,12.6,1.9,1.2,1.5,2.4,4,6.4
22103,2014-03-28,2.2,1018.3,89,13.7,13.1,1.3,.8,1.1,1.7,2.8,5.8
22103,2014-03-29,6.2,1008.4,92,14,12.7,3.5,2.3,3.4,5.4,6.9,9.1
22103,2014-03-30,8.1,1008,84,12.8,12.5,3,1.9,2.4,4,6,8
22103,2014-03-31,2.1,1017,85,13,13,1.6,1,1.7,2.7,4.1,5.3
22103,2014-04-01,2.3,1016.4,91,12.4,13.4,1.1,.6,.9,1.4,2.5,3.4
22103,2014-04-02,1.8,1017,85,13.2,13.6,1.1,.6,.8,1.3,3.7,5.8
22103,2014-04-03,5.3,1013.1,71,12.6,13.3,2,1.2,2.6,3.9,4,7.1
22103,2014-04-04,9.3,1013.8,51,9.3,12.8,2.5,1.7,2.1,3.6,3.7,5.3
22103,2014-04-05,7.1,1014.9,62,9.3,12.7,2.7,1.7,3,4.9,4.9,10.7
22103,2014-04-06,10.2,1021.1,49,9.1,12.4,2.9,1.9,2.6,3.9,4.2,5.3
22103,2014-04-07,7.7,1019.3,64,11.3,12.7,2.2,1.4,1.5,2.5,3.3,4.3
22103,2014-04-08,5.2,1018,60,12.5,12.9,1.5,1,1.2,2.1,2.7,3.8
22103,2014-04-09,4.9,1017,81,12.6,12.9,1.4,.8,1.3,2.3,2.5,3.2
22103,2014-04-10,4.8,1018.8,79,12.1,13,1.8,1.1,1.7,2.6,3.1,5.8
22103,2014-04-11,5.8,1019.5,77,12.7,12.4,2.1,1.3,1.6,3.2,4.3,6.4
22103,2014-04-12,4.6,1017.4,85,13.2,13.1,1.7,1,1.1,2.1,3.3,4.9
22103,2014-04-13,7.8,1015.5,85,12.8,13.2,2.5,1.5,1.9,3.3,4.7,7.1
22103,2014-04-14,4.3,1020.1,63,13.6,13.6,1.9,1.2,1.5,2.6,5.2,7.1
22103,2014-04-15,5.9,1019.9,71,14,13.8,1.7,1.1,1.6,2.4,2.8,5.8
22103,2014-04-16,4.8,1016.4,78,13.9,13.3,1.4,.9,1.3,2.1,2.9,9.1
22103,2014-04-17,3.9,1012.4,87,13.7,13.2,1.8,1.1,2.2,3.5,4.2,9.1
22103,2014-04-18,7.3,1014.9,85,13,13.3,2.5,1.6,2,3.3,6,6.4
22103,2014-04-19,12.2,1019.5,72,12.6,13.1,3.6,2.3,3.6,6.2,6.3,8
22103,2014-04-20,9.2,1017,76,12.4,13,3.2,2,3.6,5.2,6.2,8
22103,2014-04-21,3.6,1014.7,79,13.7,13.7,1.7,1.1,1.5,2.9,4.6,7.1
22103,2014-04-22,4.1,1014.8,75,14.3,13.8,1.5,.9,1.3,2.1,2.8,4
22103,2014-04-23,2.4,1018.7,78,14.5,14.2,1.1,.7,1.1,1.7,2.8,3.8
22103,2014-04-24,2,,83,14.6,14.2,1,.6,.8,1.2,3,7.1
22103,2014-04-25,1.9,1023.6,84,14.8,14.8,1.2,.7,1.2,1.8,4,7.1
22103,2014-04-26,3.3,1023.3,89,15.2,14.7,1.7,1.1,1.6,2.6,6,7.1
22103,2014-04-27,7,1019.2,82,16,14.5,3.5,2.2,3.2,5.6,6.7,8
22103,2014-04-28,5.9,1010,89,14.6,15.1,4.1,2.6,3.6,6.5,7.2,9.1
22103,2014-04-29,5.5,1007.8,89,13.6,14.5,2.7,1.7,2.3,3.7,5.9,8
22103,2014-04-30,5.4,1010.6,85,13.7,14.3,1.9,1.2,1.5,2.5,3.5,4.9
22103,2014-05-01,,,,,,,,1.4,2.1,,4.6
22103,2014-05-02,5.9,1015.1,88,15.1,14.6,1.8,1.2,1.5,2.5,3.4,5.3
22103,2014-05-03,7.3,1019.1,69,13.3,14.2,2.1,1.4,2,3,3.7,5.3
22103,2014-05-04,3.8,1017,81,14.1,14.2,1.5,.9,1.5,3,3,4.3
22103,2014-05-05,7.2,1018.8,51,13.2,13.9,2,1.3,1.6,2.5,3.3,4.3
22103,2014-05-06,4.6,1020,51,13.4,14.2,1.4,.9,1.3,2.2,2.7,4.3
22103,2014-05-07,4.2,1015.9,67,15.3,14.7,1.6,1,1.6,2.7,3.3,4.9
22103,2014-05-08,6.2,1012.1,82,15.3,14.7,2.3,1.5,1.8,2.7,4.6,5.8
22103,2014-05-09,3.2,1018.1,73,15.2,15.2,1.3,.8,1.1,1.7,2.8,4.9
22103,2014-05-10,8.7,1020.1,75,14.9,14.3,2.5,1.6,1.9,3.1,5.3,6.4
22103,2014-05-11,8.7,1013.6,86,16.2,14.6,3,2,4.1,6.3,5.6,8
22103,2014-05-12,8.3,1008.9,84,15.4,15.2,4.2,2.8,4.6,7.2,8.3,9.1
22103,2014-05-13,4,1010.2,83,16.3,15.5,1.6,1,1.6,2.5,4.7,8
22103,2014-05-14,4.8,1002.5,88,14.8,15.2,1.7,1.1,1.7,2.6,3.6,7.1
22103,2014-05-15,6.6,1001.5,81,15.5,14.8,2.1,1.4,1.7,2.6,3.7,6.4
22103,2014-05-16,5.7,1009.9,76,15.7,14.8,1.8,1.2,1.6,2.8,3.8,8
22103,2014-05-17,2.5,1012.9,80,16.4,15.8,1.1,.7,.9,1.6,5.3,8
22103,2014-05-18,1.4,,85,16.7,16.5,1,.6,.7,1.4,4.5,10.7
22103,2014-05-19,2,1012.5,85,17.3,17.3,1.6,1,1.5,2.5,6.4,8
22103,2014-05-20,5.1,1006.1,92,16.5,17,2.1,1.3,1.6,3.2,6.1,8
22103,2014-05-21,6.8,1007.5,86,16.2,16.5,2.1,1.3,1.8,2.7,3.7,6.4
22103,2014-05-22,3.7,,,,,1.3,.8,1.2,1.9,2.7,4.3
22103,2014-05-23,4.3,1019.1,87,16.5,16.2,1.5,1,1.4,2.1,3.6,5.3
22103,2014-05-24,2.2,1018.3,92,17.3,17,1.1,.7,1.1,2,3.9,6.4
22103,2014-05-25,7.2,,93,18.1,16.5,2.5,1.6,2.7,4.5,4.5,7.1
22103,2014-05-26,6.9,1005,88,17,16.1,2.7,1.8,2.4,4.3,6.8,8
22103,2014-05-27,3.1,1004.6,86,17.7,16.7,1.7,1.1,1.4,2.4,6.1,7.1
22103,2014-05-28,7,1002.8,87,17.8,16.4,2.8,1.8,2.5,4,4.5,5.3
22103,2014-05-29,4.5,1007.8,92,16.4,16.6,1.7,1.1,1.5,2.4,2.8,4.3
22103,2014-05-30,2.4,1011.2,93,17.3,17.2,.8,.6,.7,1.1,2.8,3.8
22103,2014-05-31,2,1013.7,92,18.6,17.7,.9,.6,.8,1.1,2.6,5.8
22103,2014-06-01,1.6,1012.8,97,17.8,17.3,.7,.5,.7,1.1,2.5,4.3
22103,2014-06-02,7.8,1007,87,18.3,17.5,3.3,2.2,3.9,6.1,5.7,9.1
22103,2014-06-03,7.5,1003.6,90,18.6,17.3,4.7,3.1,4.3,7.1,8.9,10.7
22103,2014-06-04,9.3,1002.3,87,18.2,17,3,2,2.5,4.3,6.1,8
22103,2014-06-05,3.3,1003.5,87,18.4,17.9,1.6,1.1,1.8,2.8,5.2,7.1
22103,2014-06-06,1,1005.5,84,19,19.5,1.2,.8,1.1,1.6,3.6,6.4
22103,2014-06-07,2.2,1006.1,82,18.9,19.2,1.1,.7,.8,1.4,3.7,5.8
22103,2014-06-08,2.4,1007.6,81,19.2,19.3,1.1,.7,.9,1.5,3.9,5.3
22103,2014-06-09,5.8,1010,86,19,19.2,1.7,1.1,1.6,2.4,4,5.3
22103,2014-06-10,7.9,1009.4,88,19,18.5,2.2,1.5,1.7,2.8,4.9,5.8
22103,2014-06-11,3.3,1006.2,87,19.1,19.4,1.7,1.1,1.3,2.3,6,7.1
22103,2014-06-12,3.6,1003.2,82,19,19.7,1.5,1,1.3,1.9,4.5,6.4
22103,2014-06-13,6,,87,19.1,18.7,1.6,1.1,1.3,2,3.2,9.1
22103,2014-06-14,4.4,1008.4,91,19.4,19.1,1.3,.9,1.3,2.4,2.5,4
22103,2014-06-15,4.3,1007.6,87,19.4,19,1.2,.8,1.2,1.9,2.8,9.1
22103,2014-06-16,4.2,1006.8,82,19.7,18.8,1.3,.9,1.3,1.7,2.9,9.1
22103,2014-06-17,5.9,1004.7,88,18.6,18.6,1.8,1.2,2.1,3,4.1,9.1
22103,2014-06-18,4.4,1004.6,84,19.3,19.2,2.3,1.5,2,3,6.6,9.1
22103,2014-06-19,1.9,1006.7,87,20,20.4,1.4,1,1.5,2.2,7.5,9.1
22103,2014-06-20,4.9,1007.9,90,20.6,20.5,1.3,.9,1.5,2.1,5.7,8
22103,2014-06-21,9.9,1006.6,89,19.7,19.5,2.7,1.8,2,3.3,5.6,6.4
22103,2014-06-22,3.7,1007.6,84,20,20.3,1.6,1.1,1.3,2.1,5.5,6.4
22103,2014-06-23,2.5,1007.6,90,19.8,20,1.1,.8,1,1.5,5,6.4
22103,2014-06-24,4.3,1007.6,91,19.9,19.8,1.1,.7,.9,1.5,2.5,3
22103,2014-06-25,1.7,1009,91,19.9,19.7,.9,.6,.8,1.3,3.6,7.1
22103,2014-06-26,.8,1008.1,92,20.3,20,.7,.4,.7,1,3,7.1
22103,2014-06-27,2.3,1004.9,90,20.8,20.7,1.2,.8,1,1.4,5.2,7.1
22103,2014-06-28,6.6,1004,88,20.9,20.8,1.6,1.1,1.4,2,3.2,6.4
22103,2014-06-29,6.3,1006.7,91,20.6,20.3,1.5,1,1.3,1.8,3.4,5.8
22103,2014-06-30,4.6,1009.2,93,20.6,20.4,1.1,.8,1,1.6,3.4,4.9
22103,2014-07-01,2.8,1011,91,20.7,20.5,1,.7,1,1.5,3.2,4
22103,2014-07-02,3.5,1007.7,89,20.2,20,1.3,.9,1.6,2.4,3.5,5.3
22103,2014-07-03,3.9,999.9,94,21,21,2.1,1.4,1.9,2.8,5.2,5.8
22103,2014-07-04,2.8,1006.6,93,20.7,20.8,1.6,1,1.3,2.1,5.7,6.4
22103,2014-07-05,3,1010.9,90,21.1,20.9,1.2,.8,.9,1.8,4.8,6.4
22103,2014-07-06,6.7,1005.8,93,20.7,21.1,2.2,1.5,1.9,3.3,4.8,5.3
22103,2014-07-07,3.5,1005.8,93,21.6,21.2,2,1.4,1.6,2.6,9.7,16
22103,2014-07-08,4.7,1006.7,95,21.4,20.9,2.4,1.6,2.2,3.7,12.8,12.8
22103,2014-07-09,,995.7,89,23,21,6.7,4.6,6.9,10.2,12.6,12.8
22103,2014-07-10,,996.1,,,21.1,3.7,2.4,4.6,7.5,9,12.8
22103,2014-07-11,6.9,1002.4,90,22.2,20.8,2.1,1.4,1.8,3.1,6.6,9.1
22103,2014-07-12,3,1004.6,94,21.8,20.9,1.4,.9,1,1.9,7,8
22103,2014-07-13,3,1003.8,93,20.8,21.2,1.5,1,1.2,2,5.7,7.1
22103,2014-07-14,3.8,1009.4,93,21.3,21.4,1.5,1,1.2,2,7,8
22103,2014-07-15,2.4,1011,94,21.2,21,1.3,.8,1,1.6,6.7,7.1
22103,2014-07-16,2,1011.4,97,21.3,21.1,1.6,1,1.3,2.2,5.9,6.4
22103,2014-07-17,2.8,1013,97,21.8,21.1,1.3,.8,1.1,1.6,5.4,6.4
22103,2014-07-18,2.5,1013.6,97,22.1,21.3,1.3,.8,1,1.6,9.1,10.7
22103,2014-07-19,3.7,1013.2,94,22,21.6,1.1,.7,.9,1.6,7.9,9.1
22103,2014-07-20,2.7,1011.3,95,22.3,22,1,.6,.8,1.3,4.6,8
22103,2014-07-21,1.4,1010.1,93,22.8,22.9,.6,.4,.5,.9,7.5,10.7
22103,2014-07-22,1.6,1009.1,96,23.6,22.9,.8,.6,.8,1.2,5.8,9.1
22103,2014-07-23,1.9,1007.4,95,24.5,23.3,1.5,1.1,1.8,2.3,11.8,12.8
22103,2014-07-24,3,1007.3,96,24.9,22.5,2.4,1.7,2.3,3,10.6,12.8
22103,2014-07-25,5.3,1008.2,93,25.6,23.3,3.1,2,2.7,4.9,8.9,10.7
22103,2014-07-26,4.5,1010.7,91,23.8,23.3,2.9,1.9,2.6,4.1,7.8,9.1
22103,2014-07-27,3.1,1011.2,80,22.7,22.8,1.2,.9,1.2,1.7,6.9,8
22103,2014-07-28,5.1,1009.1,88,22.8,22.6,1.3,.9,1.2,1.7,4.5,6.4
22103,2014-07-29,2.9,1009.8,92,24.2,23.7,1.1,.7,.9,1.5,3.8,6.4
22103,2014-07-30,3.3,1011,94,24.3,23.7,.9,.6,.8,1.2,5.1,9.1
22103,2014-07-31,4.8,1010.3,90,25.2,24.2,2.1,1.4,2.1,3.3,8.5,10.7
22103,2014-08-01,11.4,1003.2,88,24.7,23.8,4.7,3.2,4.8,6.9,8.8,10.7
22103,2014-08-02,14.1,995.1,92,24.2,22.9,7.8,5.7,7.2,9.6,10.9,12.8
22103,2014-08-03,9.7,996.6,92,23.3,21.6,5.2,3.5,4.8,7.3,8.5,9.1
22103,2014-08-04,6.5,1001.7,95,23.5,21.2,2.7,1.8,2.5,3.8,6.2,8
22103,2014-08-05,4.2,1005.7,97,22.1,21.7,1.8,1.2,1.6,2.1,10.1,12.8
22103,2014-08-06,2.7,1006.5,,24.7,22.8,1.8,1,1.2,3.2,12.6,12.8
22103,2014-08-07,1.7,1005.6,,,23.9,1.7,1.1,1.6,2.4,11.2,12.8
22103,2014-08-08,,1004.6,,23.3,21.7,3.3,2.2,2.8,4.4,10,12.8
22103,2014-08-09,,,,,,,,2.5,3.2,,12.8
22103,2014-08-10,6,999.9,,22.6,24.1,,,,,,
22103,2014-08-11,5,1002.3,,,24.6,,,,,,
22103,2014-08-12,4.4,1004.9,,,24.6,,,,,,
22103,2014-08-13,2.8,1007.5,,,23.4,,,.5,.9,,9.1
22103,2014-08-14,7.5,1007.1,91,21.9,23,1.9,1.3,2,2.9,5.5,8
22103,2014-08-15,4.9,1007.8,90,22.5,23,1.8,1.2,1.4,2.7,6.7,9.1
22103,2014-08-16,,1010.3,84,23.2,23.6,1.3,.8,1.2,1.7,7.7,9.1
22103,2014-08-17,7.3,1010.5,89,23.2,23.3,1.8,1.1,2.1,3.3,5.2,8
22103,2014-08-18,5.5,1008.8,93,24.2,23,2.9,1.9,2.3,3.8,6.9,8
22103,2014-08-19,,1010.9,91,22.8,23.3,1.8,1.2,1.6,2.3,6.5,7.1
22103,2014-08-20,1.6,1010.8,96,22.7,22.5,1.7,1.1,1.4,2.3,6.2,7.1
22103,2014-08-21,7,1009.6,88,23.5,22.3,2.7,1.8,2.6,4.2,7.2,8
22103,2014-08-22,2.9,1011.8,89,23,23,1.3,.9,1.2,1.9,6.7,8
22103,2014-08-23,,1010.6,85,24.3,24,.8,.5,.6,1.1,6,7.1
22103,2014-08-24,,1008.7,94,24.2,23.3,.9,.6,1,1.6,4.9,5.8
22103,2014-08-25,,,91,24.8,22.9,2.3,1.4,2,3.1,5.3,6.4
22103,2014-08-26,,1010.8,89,23,22.4,1.5,1,1.4,2.1,5.9,6.4
22103,2014-08-27,,,85,22.6,22.5,1.6,1.1,1.4,2,5.4,6.4
22103,2014-08-28,,1016.1,81,22.4,23.9,1.8,1.2,1.4,2.2,5.4,6.4
22103,2014-08-29,,1014.3,81,22.5,24.1,2,1.4,1.7,2.7,5.2,6.4
22103,2014-08-30,,1013.9,76,22.7,23.3,2,1.3,1.5,2.4,5.6,6.4
22103,2014-08-31,,1013.1,76,22.4,23.7,1.7,1.1,1.5,2.2,6.1,6.4
22103,2014-09-01,,1013.3,76,22.7,23.3,1.9,1.2,1.8,3,5.8,7.1
22103,2014-09-02,,1010.8,84,23.7,24.8,2.4,1.6,1.8,2.8,5.9,6.4
22103,2014-09-03,,1005.7,87,24.4,25.2,1.7,1.2,1.4,2.3,5.4,6.4
22103,2014-09-04,,1008.8,80,23.4,24.2,.9,.6,1,1.4,5.3,5.8
22103,2014-09-05,,1012.3,80,23.4,24.3,.6,.4,.5,.9,5.4,6.4
22103,2014-09-06,4.3,1011.9,80,22.5,24,.6,.4,.6,.9,4.6,9.1
22103,2014-09-07,4.8,1008.8,80,23,24.2,1,.7,.8,1.3,4.6,5.8
22103,2014-09-08,2.8,,82,23.7,24.6,1.2,.7,.9,1.7,6,9.1
22103,2014-09-09,3.5,1007.9,76,23.6,24.5,.6,.4,.6,.9,7.4,9.1
22103,2014-09-10,4.5,1009.7,59,23.2,24.6,.7,.4,.6,.9,6,10.7
22103,2014-09-11,6.5,1012.2,75,23.6,25.1,1.3,.9,1.2,1.9,5,7.1
22103,2014-09-12,7.2,1012.9,70,23.7,25.2,1.5,1,1.2,2,5.2,5.8
22103,2014-09-13,9.7,1013.1,69,23.5,24.5,2.5,1.7,2,3.5,6.1,7.1
22103,2014-09-14,8.7,1014.3,71,22.8,24.2,2.3,1.5,2.1,3,6.2,7.1
22103,2014-09-15,4.7,1013.4,72,22.9,24.1,1.3,.8,1.2,1.8,6.5,12.8
22103,2014-09-16,4.3,1014.3,72,23.2,23.8,1.5,.9,1.3,2,12.3,12.8
22103,2014-09-17,3.3,1014.7,80,23.2,23.4,1.3,.8,1.1,1.9,9.7,10.7
22103,2014-09-18,8.1,1015.5,71,21.9,22.1,1.9,1.3,1.6,2.3,6.9,10.7
22103,2014-09-19,6.5,1013.7,67,21.7,22.4,2,1.3,1.7,2.6,6.3,7.1
22103,2014-09-20,5.1,1013.2,67,21.7,23.5,1.6,1,1.5,2.3,5.4,6.4
22103,2014-09-21,7.4,1015.9,64,22.5,22.9,1.8,1.2,1.5,2.1,8.6,10.7
22103,2014-09-22,8.7,1017.3,72,22.9,24.3,2.2,1.5,2.2,3.1,8.6,12.8
22103,2014-09-23,10.5,1015.2,80,23.2,24,3.7,2.4,2.9,4.6,9.9,12.8
22103,2014-09-24,,1005.7,87,23.6,23.4,4,2.6,3.2,5,7.6,9.1
22103,2014-09-25,3.7,1013.1,72,21.9,23.2,1.5,.9,1.8,2.8,6.8,8
22103,2014-09-26,,1015.8,71,22.3,23,1.8,1.3,1.6,2.6,5.7,6.4
22103,2014-09-27,,1016.5,67,22.1,23.7,1.2,.8,1.2,2,5.5,7.1
22103,2014-09-28,4.1,1015.3,77,22.7,23.6,.8,.6,.9,1.5,7.3,10.7
22103,2014-09-29,5.9,1012.2,75,23.2,23.5,1.3,.9,1,1.8,4.8,5.8
22103,2014-09-30,8.8,1014.8,77,21.6,23.1,1.7,1.2,2.3,3.8,4.9,8
22103,2014-10-01,,1016.5,71,21.1,22.4,2.5,1.8,2.5,3.3,6.1,7.1
22103,2014-10-02,5.1,1010.7,73,21.1,22.9,1.6,1.1,1.8,2.6,6.1,7.1
22103,2014-10-03,,1011.1,65,20.2,23.4,1.4,1,1.2,1.6,4,6.4
22103,2014-10-04,,1016.1,66,20.2,22.4,3.4,2.2,3.1,5.2,6.3,8
22103,2014-10-05,,1014.2,62,19.4,22.2,3.5,2.3,2.8,4.8,7.2,9.1
22103,2014-10-06,,1016.9,53,19.6,22.3,1.9,1.2,1.7,3.2,8.3,10.7
22103,2014-10-07,4.6,1021.2,55,19.9,21.9,1.6,1.1,1.4,2.1,6.4,9.1
22103,2014-10-08,,1020.7,61,20.1,21.4,1.3,.8,1.3,1.9,4.9,5.8
22103,2014-10-09,,1019.1,70,20.3,21.3,2.2,1.4,1.7,3.2,6,12.8
22103,2014-10-10,9.9,1018.6,75,21,22.2,2.7,1.8,3.2,4.6,10.2,12.8
22103,2014-10-11,14.7,,72,20.6,22.3,4.8,3.1,3.8,5.9,7.7,9.1
22103,2014-10-12,14.1,1012.6,78,20.6,21.8,4.8,3.1,3.7,6.1,8.9,12.8
22103,2014-10-13,12.2,1006.3,73,19.8,22.4,4.3,2.8,4.5,6.7,8.6,10.7
22103,2014-10-14,4.4,1015.9,62,18.2,21.6,2.1,1.4,1.7,2.7,10.3,10.7
22103,2014-10-15,4.4,1017.9,61,17.5,21.7,1.4,.9,1.1,1.8,8.5,10.7
22103,2014-10-16,,1019.8,54,17.8,21.2,1.5,1,1.4,3,4.6,9.1
22103,2014-10-17,3.9,1022.8,41,17,21.1,1.1,.7,1.2,2,4.7,6.4
22103,2014-10-18,2.6,1023.2,52,18.5,20.9,.5,.4,.4,.7,5.7,8
22103,2014-10-19,4,1022.2,65,20.4,20.8,.7,.5,.9,1.1,3.6,4.6
22103,2014-10-20,4.4,1018,86,21.1,20.8,1.5,1.1,1.3,1.9,5.7,6.4
22103,2014-10-21,4.8,1013,90,20.5,20.7,1.5,1,2.5,4.1,5.1,7.1
22103,2014-10-22,,1015.4,77,17.2,20.4,3.6,2.2,2.6,4.4,7.5,9.1
22103,2014-10-23,4.2,1020.8,60,16.6,20.1,1.7,1,1.7,2.9,6.6,9.1
22103,2014-10-24,2,1020.5,67,17.5,20.1,.7,.5,.6,1,6.6,8
22103,2014-10-25,1.6,1020.6,72,18.2,20.4,.4,.4,3.4,.6,6.9,10.7
22103,2014-10-26,3,,72,18.9,20.3,.6,.4,.8,1.2,4.7,9.1
22103,2014-10-27,,1020.8,60,17.6,20.1,1.2,.8,1.1,2.2,3.9,6.4
22103,2014-10-28,3.1,1024.7,59,17.3,19.9,1,.7,.9,1.5,6.3,8
22103,2014-10-29,4.1,,59,17.8,,.9,.6,.8,1.1,4.6,8
22103,2014-10-30,5.5,1023.4,67,18.6,19.3,1.2,.7,.8,1.6,4.3,4.9
22103,2014-10-31,,,83,18.8,19.3,2.2,1.3,1.9,3.2,4.9,5.8
22103,2014-11-01,5.7,1012.8,80,18,19.3,1.2,.8,1.1,1.5,4,5.8
22103,2014-11-02,,1012.9,67,16.2,18.8,2.2,1.4,2.2,3.2,4.4,6.4
22103,2014-11-03,,1018.9,49,13,18.4,2,1.3,1.6,2.6,4.2,4.9
22103,2014-11-04,2.7,1021.6,53,13.3,18,,,1,1.4,,12.8
22103,2014-11-05,2.4,1020.3,60,14.8,17.7,1,.7,.9,1.4,12.9,16
22103,2014-11-06,,1019.4,63,15.9,17.4,,,10.7,1.5,,12.8
22103,2014-11-07,,1023.7,54,15.4,17.7,1,.7,.9,1.5,5.8,10.7
22103,2014-11-08,2.2,1023.9,72,15,18,.8,.5,.6,1,7.7,9.1
22103,2014-11-09,,1021.6,62,14.8,18,1.2,.8,1.2,2,4.2,8
22103,2014-11-10,,1021,58,14.6,18.7,1.2,.8,1,1.7,4.7,5.8
22103,2014-11-11,3.9,1016,59,14.4,17.3,1,.7,.9,1.2,4.9,5.8
22103,2014-11-12,,1015.2,62,13.4,16.4,2.3,1.5,2.1,3.8,4.8,6.4
22103,2014-11-13,,1023.2,55,8.1,15.9,2.4,1.5,2,3.5,4.4,4.9
22103,2014-11-14,,1025.7,52,10.4,15.4,1,.7,1,1.5,4.5,9.1
22103,2014-11-15,5.1,1028.6,46,11.5,15,.8,.6,.8,1.1,2.6,2.9
22103,2014-11-16,3,1025.5,45,12.1,15,.6,.4,.6,.8,5,9.1
22103,2014-11-17,,1024.4,59,11.9,14.8,1.1,.7,1.3,2,3.8,9.1
22103,2014-11-18,,1026.9,56,10.4,14.7,1.6,1,1.3,2.3,3.7,4.3
22103,2014-11-19,2.3,1026.9,47,10.5,15.3,.8,.5,.8,1.2,5.1,8
22103,2014-11-20,1.5,1024.7,49,12.3,16.1,.5,.3,.4,.7,6.7,8
22103,2014-11-21,3.5,1023.4,72,14.5,17,.5,.4,.5,.8,5.8,8
22103,2014-11-22,3.7,1023.2,76,15.3,16.3,.7,.4,.6,1,6.2,8
22103,2014-11-23,5.6,1023.3,78,15.4,16.2,1,.7,.9,1.9,4.4,7.1
22103,2014-11-24,6,1015.8,88,16,15.7,1.5,1,1.8,2.8,4.7,5.8
22103,2014-11-25,,1014.3,75,13.7,15.5,2.8,1.9,2.3,3.7,6.3,8
22103,2014-11-26,,1017.7,69,13.3,16.2,1.7,1.2,1.9,2.9,6.2,9.1
22103,2014-11-27,4,,,,,.8,.5,.7,1.1,5.9,8
22103,2014-11-28,7.1,1015.9,78,16.4,16.8,1.6,1.1,1.5,2.6,4.7,6.4
22103,2014-11-29,5.4,1019.4,71,13.7,16.5,1.2,.8,1.3,1.9,6.4,7.1
22103,2014-11-30,7.5,1010.5,83,15.5,16.5,1.8,1.2,1.4,2.3,5,5.8
22103,2014-12-01,14.3,1014.3,64,8.1,15.9,3.4,2.3,3.2,5.2,5.5,7.1
22103,2014-12-02,10.6,1021.8,64,4.1,15.4,2.3,1.5,2.1,3.6,4.5,5.8
22103,2014-12-03,8.7,1021.6,64,7.4,15,1.5,1,1.3,2.1,4.3,5.8
22103,2014-12-04,11.4,1019.6,62,6.4,14.8,2,1.4,1.8,2.9,4.6,5.8
22103,2014-12-05,10.4,1020.1,67,4.1,15.1,2.2,1.4,2,3.2,4.9,8
22103,2014-12-06,9.4,1023.3,65,4.6,15.3,1.7,1.2,1.3,2.2,4,5.8
22103,2014-12-07,5.4,1025.9,60,6.1,15.6,1,.7,.9,1.6,6.7,10.7
22103,2014-12-08,8.4,1026.5,64,8.1,15.7,1.4,.9,1.4,2.3,4.3,10.7
22103,2014-12-09,6.7,1032.5,54,7,15.6,1.2,.8,1.3,2,4.4,10.7
22103,2014-12-10,7,1023.8,71,11.4,16,1.4,.9,1.3,1.9,5.4,9.1
22103,2014-12-11,9.9,1021.5,65,7.9,15.8,1.7,1.1,1.5,2.3,4.2,8
22103,2014-12-12,10.5,1022.8,64,5.8,15.6,2,1.3,1.7,3,4.5,5.8
22103,2014-12-13,10.3,1025.2,66,4.7,15.4,2.1,1.4,1.7,2.8,5,8
22103,2014-12-14,6.3,1029.4,58,4.4,14.7,1.1,.8,1.1,1.7,4.4,6.4
22103,2014-12-15,3.9,1026,58,8.5,15.5,.7,.4,.9,1.6,5.6,8
22103,2014-12-16,12.8,1017.6,71,5.8,15.3,3,2,2.5,4,5.6,9.1
22103,2014-12-17,12.4,1023.3,74,1.8,15.1,3.4,2.2,2.6,5.2,6.4,9.1
22103,2014-12-18,9.4,1031.3,56,2.9,14.5,2.2,1.5,2.2,3.4,5.6,10.7
22103,2014-12-19,2.4,1029.7,63,8,14.3,1,.7,.8,1.2,10.4,12.8
22103,2014-12-20,9.8,1020.2,66,6.7,13.8,1.9,1.2,1.9,3,4.4,5.8
22103,2014-12-21,9.3,1023.3,66,3.4,13.6,1.7,1.1,1.9,3.1,4.4,7.1
22103,2014-12-22,10,1025.5,61,4.8,14,1.9,1.3,1.5,2.4,4.6,7.1
22103,2014-12-23,4,1026.1,60,7.5,14.8,.8,.6,1,1.4,5.6,6.4
22103,2014-12-24,5.8,1022.2,64,9.5,15.1,1,.7,1.5,2.4,4.7,8
22103,2014-12-25,9.4,1025.6,57,4.9,15.1,1.8,1.1,1.5,2.6,4,4.6
22103,2014-12-26,5.5,1028.4,49,4.5,15.2,1.1,.7,1.2,2,4.5,7.1
22103,2014-12-27,4.3,1028.2,59,7.3,15,.7,.5,.7,1.2,5.3,10.7
22103,2014-12-28,4.9,1021.3,59,6.9,15,.8,.5,.7,1.2,5.2,10.7
22103,2014-12-29,7.1,1016,62,8.8,14.5,.9,.6,.9,1.3,3.5,10.7
22103,2014-12-30,7.1,1018.3,48,10.3,14.8,1.4,.9,1.3,2,5,5.8
22103,2014-12-31,11.5,1015.9,58,8.9,14.4,2.6,1.7,2.6,4.4,5.1,6.4
22103,2015-01-01,13.1,1023,68,1.4,14.1,2.9,1.9,2.2,3.7,4.9,5.8
22103,2015-01-02,11.6,1024.4,61,3.6,13.7,2.2,1.5,1.8,3.1,4.7,6.4
22103,2015-01-03,6.4,1023.7,66,4.5,13.9,1.1,.7,1,1.7,4.9,9.1
22103,2015-01-04,4.1,1017.9,73,9.5,13.5,1.1,.8,1,1.6,5.4,9.1
22103,2015-01-05,5.1,1016.4,72,12,13,1.1,.7,1.6,2.8,5.2,6.4
22103,2015-01-06,11.2,1012.2,63,7.6,12.8,2.3,1.6,2.2,3.6,4.9,6.4
22103,2015-01-07,11.8,1019.8,59,2.7,12,2.1,1.4,1.8,3.1,4.5,4.9
22103,2015-01-08,10.6,1024,62,3.9,12.2,1.8,1.2,1.4,2.6,4.3,5.8
22103,2015-01-09,9.9,1025,60,6,12.9,1.7,1.1,1.3,2.4,4.3,5.3
22103,2015-01-10,8.8,1023.9,59,6.7,12.5,1.5,1,1.4,2,3.9,4.9
22103,2015-01-11,9.8,1023.8,58,7.4,13.1,1.8,1.2,1.5,2.4,4.4,5.8
22103,2015-01-12,6.7,1032.8,57,3.7,13.4,1.2,.8,1.3,2.2,5,8
22103,2015-01-13,6.5,1032.4,65,8.6,13.6,1.2,.8,1,1.6,4.9,8
22103,2015-01-14,6.9,1025.2,79,8.5,13.8,1.1,.8,1,1.7,4.7,9.1
22103,2015-01-15,7.6,1020.4,57,8.4,14,1.7,1.2,1.4,2.4,6.4,9.1
22103,2015-01-16,8.3,1021.1,66,7.1,13.9,1.4,.9,1.3,2.1,4,6.4
22103,2015-01-17,10.6,1026.3,53,4.1,13.7,2.1,1.4,2,4,4.4,5.3
22103,2015-01-18,7.4,1023.9,56,6,13.1,1.3,.9,2,3.1,4.4,9.1
22103,2015-01-19,10.2,1022.8,55,7.1,12.6,2.2,1.5,2.6,3.6,6,8
22103,2015-01-20,4.3,1026,69,5.7,12.7,.9,.6,1.1,1.8,5,6.4
22103,2015-01-21,5.9,1020.3,84,9.2,12.5,.9,.6,.8,1.2,3.7,5.3
22103,2015-01-22,8.4,1016.8,74,7,12.5,1.3,.9,1.2,2,4.1,8
22103,2015-01-23,5.4,1022.2,68,5.8,12.8,1.3,.8,1.3,2.1,6.6,9.1
22103,2015-01-24,5.2,1025.6,66,7,14.3,.7,.5,.7,1.1,5.3,9.1
22103,2015-01-25,5.4,1023.7,73,12.7,14.7,1.2,.8,1.4,2.6,5.2,9.1
22103,2015-01-26,7.5,1017.3,88,11,14.3,1.6,1.1,1.4,2.1,4.7,5.8
22103,2015-01-27,11.1,1020.8,67,5,13.8,1.9,1.3,1.5,2.9,4.3,4.9
22103,2015-01-28,7.2,1025.4,55,3.7,13.3,1.3,.9,1.3,1.9,4.7,9.1
22103,2015-01-29,8.6,1023.8,77,7.9,13.9,2.1,1.5,2.1,3.2,5.4,6.4
22103,2015-01-30,10.6,,65,3.4,10.8,2,1.3,1.7,2.8,4.4,5.3
22103,2015-01-31,8.2,1029.6,56,2,11.6,1.8,1.2,1.6,2.7,4.2,8
22103,2015-02-01,4.2,1031.4,49,4,11.7,.8,.6,.8,1.2,6.7,9.1
22103,2015-02-02,3.2,1029.7,58,6.3,12.5,.7,.4,.5,.8,7.9,9.1
22103,2015-02-03,4.2,1027.4,64,7.2,12.6,.8,.5,.7,1,6.1,9.1
22103,2015-02-04,9.1,1023.2,62,5.4,14.1,1.6,1,1.3,2.2,3.9,5.3
22103,2015-02-05,10.4,1022.5,63,4.3,13.1,1.8,1.2,1.4,2.6,4.1,6.4
22103,2015-02-06,7.2,1025.6,64,4.6,12.5,1.3,.9,1.2,1.9,5.3,8
22103,2015-02-07,8.1,1021.2,64,6.6,13.1,1.2,.8,1.1,1.8,3.5,4.9
22103,2015-02-08,12.4,1024.2,63,.3,12.3,2.4,1.6,2.2,3.4,4.7,5.3
22103,2015-02-09,9.7,1028.7,57,-.1,12.3,1.6,1.1,1.5,2.1,4,4.6
22103,2015-02-10,9.9,1020.8,59,6.4,13.2,1.7,1.2,1.4,2.1,4.3,4.9
22103,2015-02-11,7.4,1014.7,52,9,13.3,1.4,.9,1.3,2.1,4.3,5.8
22103,2015-02-12,10,1013.4,57,5.7,12.8,1.7,1.2,1.7,2.4,4.3,4.9
22103,2015-02-13,8.4,1020.2,56,3.2,13.1,1.4,.9,1.1,1.8,3.5,4
22103,2015-02-14,4.5,1022.8,59,7.1,14.1,.8,.5,.9,1.4,4.9,8
22103,2015-02-15,5.4,1019.3,82,12.8,14.7,1.2,.8,1.6,2.8,4,5.3
22103,2015-02-16,9.3,1012.9,88,10.4,14.2,2.8,1.9,2.6,4,6.1,7.1
22103,2015-02-17,10.4,1015.8,64,7,13.1,2.1,1.3,1.7,3,5.1,7.1
22103,2015-02-18,9.5,1020.6,67,4.9,12.2,1.7,1.2,1.3,2.2,4.1,4.6
22103,2015-02-19,4.6,1025.4,60,5.2,12.1,1.3,.9,1.2,1.8,5.2,8
22103,2015-02-20,5.4,1026.2,61,8.9,13.1,1.1,.8,1.1,1.9,5.8,8
22103,2015-02-21,7.9,1017.5,83,12.3,13.8,2.6,1.7,3,5,5.9,8
22103,2015-02-22,8.8,1016.1,80,8.3,12.1,2.6,1.6,2.3,3.5,7.7,8
22103,2015-02-23,7.8,1019,65,5.6,12.5,1.3,.9,1.3,2,4.9,7.1
22103,2015-02-24,7,1017.6,58,7,12.5,1,.7,1,1.5,3.5,5.3
22103,2015-02-25,2.8,1018.9,66,9.4,12.2,.5,.3,.4,.6,4.8,8
22103,2015-02-26,8.7,1017.9,60,7.9,12.3,1.2,.8,1.4,2.3,3.4,4.6
22103,2015-02-27,8.6,1025.4,51,3.6,12.1,1.4,1,1.4,2.1,4.1,6.4
22103,2015-02-28,9.6,1023.5,72,7,11.2,2.4,1.6,2.1,3.3,5.8,6.4
22103,2015-03-01,9.6,1019,69,5.9,11.7,1.9,1.2,1.4,2.4,4.5,5.8
22103,2015-03-02,4.4,1020.3,55,5.8,12.1,1,.6,1.1,1.8,5.4,8
22103,2015-03-03,7,1012.9,78,7.8,11.4,1.1,.7,1.4,2.5,4.5,8
22103,2015-03-04,11.4,1020.1,55,3.1,11.6,2.2,1.4,1.8,3.1,4.6,5.3
22103,2015-03-05,6.6,1024.6,57,4.3,11,1.2,.8,1.3,2.2,4.3,6.4
22103,2015-03-06,7.6,1022.7,64,8.3,11.5,1.8,1.2,1.4,2.5,5.2,6.4
22103,2015-03-07,4,1022.4,62,9,12,1,.6,.8,1.3,4.6,5.8
22103,2015-03-08,5.7,1022.2,69,9.8,11.6,1.1,.7,1.3,2.6,4.9,9.1
22103,2015-03-09,11.2,1018.7,63,7.2,12.3,2.2,1.4,2.4,4.2,4.9,5.8
22103,2015-03-10,13.8,1024.6,58,1.5,11.6,3.1,2.1,2.9,4.5,5.3,6.4
22103,2015-03-11,9.9,1023.4,56,5.3,11.5,2,1.3,1.8,2.9,4.6,5.8
22103,2015-03-12,7,1021.6,52,6.6,11.8,1.3,.9,1.5,2.8,4.8,7.1
22103,2015-03-13,4.9,1019.7,65,10.4,11.7,1.2,.9,1.2,1.8,4.5,5.3
22103,2015-03-14,2.9,1023.1,46,8.6,11.8,.8,.5,.7,1.3,5.6,10.7
22103,2015-03-15,2.7,1021.8,59,9.9,11.7,.5,.3,.4,.7,9.5,10.7
22103,2015-03-16,3.7,1020,73,11.4,13.1,.6,.4,.5,.8,8.9,10.7
22103,2015-03-17,3.2,1017.2,93,12,12,.8,.6,.7,1,6.4,7.1
22103,2015-03-18,6.9,1008.8,96,13.1,12.8,2.6,1.8,2.8,4.1,6,7.1
22103,2015-03-19,5,1012.5,89,10.8,12.1,2.4,1.6,2.3,3.6,7.1,8
22103,2015-03-20,3,1017.3,84,11.7,12.5,1,.7,1,1.5,7.1,10.7
22103,2015-03-21,4.6,1016.5,83,11.5,12,.9,.6,.8,1.4,6.5,9.1
22103,2015-03-22,7.5,1019.5,62,11.4,11.7,1.2,.8,1.1,1.7,3.7,4.3
22103,2015-03-23,9.1,1025.1,48,7.7,12.2,1.3,.9,1.2,2,3.7,4.6
22103,2015-03-24,6.5,1030.4,46,7.3,12.4,1.1,.8,1.1,1.9,4.6,7.1
22103,2015-03-25,2.3,1034.8,50,9.1,13,.6,.4,.6,1,8,12.8
22103,2015-03-26,2.9,1033.2,49,10,12.3,.6,.4,.5,.8,9.9,12.8
22103,2015-03-27,3.2,1026.9,70,10.8,11.8,.5,.3,.5,.7,7.2,9.1
22103,2015-03-28,2.6,1019.3,68,11.7,12.2,1.3,.9,1.3,2.1,6.8,8
22103,2015-03-29,4.3,1017.1,78,11.6,12.4,1.2,.8,1,1.7,7.6,8
22103,2015-03-30,1.5,1019.2,94,12.1,12.2,.6,.4,.6,1,7.1,8
22103,2015-03-31,3.8,1016.2,96,13.3,11.9,1.1,.7,1.3,2.3,5.8,8
22103,2015-04-01,6.4,1013.6,93,11.9,12.2,2,1.3,2.6,3.7,5.5,8
22103,2015-04-02,8.7,1009.5,92,13.5,11.7,2.4,1.6,2.1,3.2,5.7,6.4
22103,2015-04-03,8.1,1006,91,12.4,12.5,2.7,1.9,2.7,4,6.9,7.1
22103,2015-04-04,12.1,1013,86,11.1,12.3,3.3,2.2,2.7,4.5,6.6,8
22103,2015-04-05,7.3,1013.3,96,11.2,12.3,2.2,1.5,2.1,3.3,6.5,10.7
22103,2015-04-06,5,1016.2,93,11.6,12.7,1.3,.9,1.1,1.8,8.4,10.7
22103,2015-04-07,7.6,1022.1,77,10.8,13.8,2.1,1.4,2.1,3.3,6.3,10.7
22103,2015-04-08,7.5,1024.6,72,10.3,13.9,1.9,1.3,1.5,2.6,6,7.1
22103,2015-04-09,6.2,1024.3,68,10.6,13.6,1.7,1.1,1.2,2,5.4,6.4
22103,2015-04-10,4.2,1021.8,76,11.3,13.3,1.3,.9,1.1,1.8,5.9,6.4
22103,2015-04-11,3.9,1024.9,78,12,12.6,1.2,.8,1.1,1.7,5.4,5.8
22103,2015-04-12,9.5,1022,83,12,12.4,2.5,1.6,2,3.8,5.8,6.4
22103,2015-04-13,8.4,1014.6,84,11.2,12.4,2.7,1.8,2.1,4,6.9,8
22103,2015-04-14,5.4,1008.7,67,10,12.3,1.8,1.2,1.7,2.8,6,9.1
22103,2015-04-15,6.7,1011.3,81,11.6,12.3,1.8,1.2,1.6,2.4,5.9,8
22103,2015-04-16,6.6,1011.3,81,13.1,12.3,2,1.3,1.7,3,5.5,6.4
22103,2015-04-17,3,1018.5,61,11.5,13,.9,.6,.9,1.4,6.3,7.1
22103,2015-04-18,4.2,1016.2,87,12.9,12.7,1,.7,1.4,1.9,6,7.1
22103,2015-04-19,3.9,1007.7,98,14,12.9,2.3,1.6,2.2,3,6.4,8
22103,2015-04-20,5.4,1004.2,94,11.8,12.6,2.5,1.8,2.3,3.6,7.1,8
22103,2015-04-21,2.7,1015.9,89,12.5,13.4,1.2,.8,1.4,2,7,8
22103,2015-04-22,5.9,1018.7,71,12.7,13.2,.8,.6,.8,1.4,5.8,8
22103,2015-04-23,3.3,1022.1,80,13,13.3,.6,.4,.8,1.2,4.6,8
22103,2015-04-24,4.8,1020.3,83,13.1,13.1,.5,.3,.5,.9,5.3,8
22103,2015-04-25,2.9,1020.2,77,13.9,13.8,.5,.3,.5,.8,6.4,9.1
22103,2015-04-26,3.7,1019.8,77,14,13.4,.5,.3,.4,.7,7.9,9.1
22103,2015-04-27,2.6,1017,86,14.7,14,.5,.3,.4,.6,8.6,9.1
22103,2015-04-28,5.5,1012.2,95,14.5,13.3,1.3,.8,1.7,2.8,5.1,8
22103,2015-04-29,4.4,1009.9,96,14.2,13.4,2.5,1.6,2.1,3.8,6.2,7.1
22103,2015-04-30,6.1,1011.8,93,13.9,13.4,1.6,1.1,1.6,2.3,5.5,5.8
22103,2015-05-01,1.6,1014,93,14.7,14.8,.8,.5,.8,1.5,5.3,8
22103,2015-05-02,3.6,1013.1,98,14.7,14.6,.6,.4,.9,1.3,5.7,9.1
22103,2015-05-03,5.1,1006,97,15.3,14.5,2.6,1.8,2.3,3.3,6.6,7.1
22103,2015-05-04,7.5,1008.5,71,14.9,14.3,1.6,1.1,1.4,2.1,5.3,7.1
22103,2015-05-05,5.3,1011.3,62,13,14.2,.9,.6,1.1,1.8,3.8,6.4
22103,2015-05-06,2.5,1011.5,79,13.6,14.1,.5,.3,.6,.9,4,6.4
22103,2015-05-07,2.9,1012.7,78,14.4,14.5,.4,.3,.4,.6,5.8,10.7
22103,2015-05-08,2.5,1013.2,76,15.3,15.1,.4,.3,.4,.8,6.2,9.1
22103,2015-05-09,2.7,1012.1,82,15.3,14.9,.5,.4,.6,.8,5.2,9.1
22103,2015-05-10,4.7,1017.8,91,14.7,14.6,1,.6,1,1.6,5.1,8
22103,2015-05-11,8.8,1014,93,15.7,14.5,2.5,1.7,3.2,5.1,5.6,8
22103,2015-05-12,9.1,1004.9,79,14.5,14.3,3.2,2.2,3.3,4.7,7.8,10.7
22103,2015-05-13,6.2,1009.4,79,16,14.2,2.6,1.7,2,3.3,6.1,10.7
22103,2015-05-14,3.4,1009.7,95,15.7,14.5,1.8,1.2,1.5,2.2,5.2,6.4
22103,2015-05-15,2.6,1008.8,97,15.7,15.2,1.1,.7,.9,1.6,5.4,6.4
22103,2015-05-16,3,1009.9,92,15.1,15.1,.9,.6,.8,1.3,5.5,8
22103,2015-05-17,1.7,1011.7,94,14,15.3,.8,.5,.7,1,6,6.4
22103,2015-05-18,3.5,1005.9,95,14.3,14.8,1,.6,.8,1.2,10.9,12.8
22103,2015-05-19,5.2,1005.9,98,13.4,14.6,1.2,.8,1,1.7,12.5,12.8
22103,2015-05-20,6.1,1008,80,15.2,14.7,1.3,.9,1.1,1.7,9.8,12.8
22103,2015-05-21,5.2,1014.1,83,15,15.1,.9,.6,1.1,1.6,5.1,10.7
22103,2015-05-22,3,1014.5,88,15.8,15.6,.5,.3,.5,.8,4.7,9.1
22103,2015-05-23,1.6,1011.4,81,16.2,15.7,.4,.2,.3,.5,6.8,9.1
22103,2015-05-24,2.1,1008.5,84,16.3,16.5,.8,.5,.9,1.4,6.2,8
22103,2015-05-25,3.3,1008.6,84,16.3,16.3,.7,.5,.7,1,6.4,8
22103,2015-05-26,3.5,1011,88,16.3,16.5,.7,.4,.6,.9,6.2,8
22103,2015-05-27,1.6,1010.4,89,18.3,17.5,.5,,.4,.6,7.2,8
22103,2015-05-28,3.1,1008.9,92,17.8,17.2,.6,,.5,.9,5.8,8
22103,2015-05-29,1.9,1007.7,93,17.5,17.9,1.4,.9,1.4,2.1,6.7,8
22103,2015-05-30,3,1004.4,96,17.3,17.4,.9,.6,.8,1.2,6.8,7.1
22103,2015-05-31,2.3,1007.9,89,18.1,18.2,.6,.4,.5,.7,6,8
22103,2015-06-01,1.2,1010.3,89,18.6,18.2,.7,.5,.5,.9,6.6,8
22103,2015-06-02,2.4,1007.6,96,17.9,17,.5,.4,.4,.7,5.8,7.1
22103,2015-06-03,4,1006.2,82,18.6,17.6,.6,.4,.6,.9,4.7,6.4
22103,2015-06-04,1.7,1010.7,89,18.1,18.3,1,.7,.9,1.7,6.8,8
22103,2015-06-05,4.1,1006.3,88,15.9,17.1,.9,.6,.8,1.3,5,6.4
22103,2015-06-06,2.3,1013.5,89,16.9,17.4,.7,.5,.6,1,5.8,7.1
22103,2015-06-07,4.5,1014.1,93,17.4,17.3,.8,.6,.8,1.2,4.5,6.4
22103,2015-06-08,4.3,1007.3,95,17.8,17.9,1.3,.8,1.1,1.7,5.9,7.1
22103,2015-06-09,2.1,1006.7,95,17.8,17.9,.8,.5,.7,1.2,5.5,5.8
22103,2015-06-10,2.1,1008.2,96,18.5,18.2,.8,.5,.6,1,5.9,6.4
22103,2015-06-11,3.7,1003.3,99,18.6,18.4,1.1,.7,.9,1.5,5,6.4
22103,2015-06-12,3.1,1005.1,98,18.5,18.4,1.2,.8,.8,1.4,5.6,5.8
22103,2015-06-13,3.7,1007.6,95,18.6,17.4,1.5,1,1.9,2.7,5.7,6.4
22103,2015-06-14,3.2,1007.8,98,18.6,17.4,1.4,.9,1.6,2.2,5.5,6.4
22103,2015-06-15,2.8,1007.8,95,18.7,17.7,1.1,.7,.9,1.5,5,6.4
22103,2015-06-16,3.2,1005.4,97,18,17.4,.8,.5,.7,1,5.6,5.8
22103,2015-06-17,3.3,1004.5,95,18,17.9,.7,.5,.8,1.1,5,6.4
22103,2015-06-18,6,1003.5,90,18.7,18.1,1.7,1.1,1.6,2.4,5.4,6.4
22103,2015-06-19,2.5,1008.5,87,19.7,19.7,1.2,.8,1.2,2,6.4,7.1
22103,2015-06-20,1.8,1009.8,91,19.4,19.9,.8,.6,.9,1.5,6.7,7.1
22103,2015-06-21,1.5,1010.3,93,19.3,20,.6,.4,.5,.9,6.3,9.1
22103,2015-06-22,1.4,1010.7,94,19.4,19.3,.4,.3,.3,.8,6.9,9.1
22103,2015-06-23,2.6,1010.7,94,20.2,20.5,.6,.4,.5,.8,4.3,9.1
22103,2015-06-24,5.5,1008.5,95,19.4,18.7,1.2,.8,1.1,1.7,5,7.1
22103,2015-06-25,6.9,1003.7,95,19.7,18.6,1.9,1.3,1.5,2.7,5.9,8
22103,2015-06-26,7.6,996.4,93,19.7,18.3,2.3,1.5,2.2,3.2,5.7,7.1
22103,2015-06-27,3.6,1005.6,95,18.3,17.8,1.8,1.2,1.4,2.4,7.5,8
22103,2015-06-28,5.3,1009.3,88,18.7,18.2,1.7,1.1,1.4,2.3,6.9,9.1
22103,2015-06-29,3.3,1007.5,92,18.9,19.2,1.4,1,1.2,1.8,7.1,10.7
22103,2015-06-30,4.6,1000.7,98,19.6,20,1.5,1,1.3,2.4,6.9,8
22103,2015-07-01,5.6,997.2,92,19.6,19.3,1.7,1.2,1.3,2.3,6.7,7.1
22103,2015-07-02,3.1,1002.7,90,19.8,19.8,1.5,1,1.1,1.8,7.4,8
22103,2015-07-03,3.6,,,,,1,.7,.9,1.3,7,8
22103,2015-07-04,3.8,1009.3,92,19.9,19.7,1,.7,.8,1.3,6.5,7.1
22103,2015-07-05,2.5,1011.2,93,19.6,20.6,.6,,.6,1,6.7,10.7
22103,2015-07-06,6,1011.3,89,19.9,20.6,1.3,.8,1.2,1.7,5.5,9.1
22103,2015-07-07,9.7,1008.7,95,19.5,20.3,2.6,1.7,2,3.1,5.7,6.4
22103,2015-07-08,6.3,1008.6,97,21.1,20.2,2.5,1.7,3,4.4,6.9,10.7
22103,2015-07-09,9.3,1012.3,92,21,20.2,2.6,1.8,2.6,3.9,11.9,12.8
22103,2015-07-10,10,1012.2,91,21.1,21.2,3.7,2.4,2.8,4.4,12,12.8
22103,2015-07-11,10,1008.3,94,22.1,22.4,4.4,3,4.2,6.8,10.6,10.7
22103,2015-07-12,12.1,997,93,23.3,21.9,6.1,4.3,5.1,7.5,10.3,10.7
22103,2015-07-13,7.2,999.7,92,21.1,20.6,3.7,2.5,3.7,6.5,9.2,12.8
22103,2015-07-14,2.5,1005.4,97,21.1,21.1,2.3,1.5,2,2.9,12,12.8
22103,2015-07-15,2.5,1005,95,21.4,22,1.8,1.2,1.6,2.7,11.6,12.8
22103,2015-07-16,4.8,1003.6,86,21.3,20.7,2.5,1.6,2.2,3.6,7.4,8
22103,2015-07-17,3.4,1006,82,20.6,21.2,1.7,1.1,1.4,2.6,8.8,10.7
22103,2015-07-18,3.8,1009.2,83,21.2,21.3,1.2,.8,.9,1.5,7.9,9.1
22103,2015-07-19,6.9,1009.7,89,21.3,21.1,1.4,.9,1.4,2.2,5.7,8
22103,2015-07-20,6.7,1009.1,95,21.8,21.8,1.8,1.2,1.4,2.4,8.6,9.1
22103,2015-07-21,2.6,1007.5,98,22.3,22.5,2,1.3,2,3.4,8.1,9.1
22103,2015-07-22,3.9,1006.3,97,23.3,22.7,2.4,1.6,2.1,3.2,7.5,8
22103,2015-07-23,6.5,1007.7,96,23.8,22.3,2.2,1.5,1.9,3.2,6.8,8
22103,2015-07-24,7.1,1008.1,95,23.9,22.4,2.4,1.6,1.9,3.1,7,12.8
22103,2015-07-25,4.1,1008,96,23.6,22.2,2.3,1.5,1.8,2.7,10.1,12.8
22103,2015-07-26,3.7,1008,95,23.3,23,2.7,1.8,2.6,3.9,10.7,12.8
22103,2015-07-27,2.6,1008.8,93,24.3,24.2,1.3,.9,1.3,1.9,7.2,9.1
22103,2015-07-28,3,1008.9,97,24.4,24.2,1.2,.8,1.1,2.1,6.2,7.1
22103,2015-07-29,4.1,1008.8,96,25.3,25.6,1.1,.7,.9,1.5,5.6,6.4
22103,2015-07-30,3.3,1009.4,95,25.4,25,1,.6,.9,1.3,5.6,6.4
22103,2015-07-31,2,1010.3,94,25.3,24.6,1,.6,.8,1.3,5.7,6.4
22103,2015-08-01,2.5,1011.1,94,24.9,24.8,.8,.6,.7,1.1,5.4,5.8
22103,2015-08-02,3.4,1011.7,92,25.8,25.6,.8,.5,.7,1.1,4.4,5.3
22103,2015-08-03,3.8,1010.6,92,25.6,24.5,.9,.6,.7,1.2,4.4,5.3
22103,2015-08-04,3.9,1009.5,93,25.8,24.8,1,.7,.9,1.2,4.9,5.8
22103,2015-08-05,2.5,1009.4,95,25.2,24.7,.8,.5,.7,1.3,5.9,10.7
22103,2015-08-06,1.9,1011.6,96,24.6,24.6,1,.6,.9,1.6,11.2,12.8
22103,2015-08-07,2.8,1014.1,96,24.6,23.7,1.5,1,1.4,2.3,10.8,12.8
22103,2015-08-08,2,1013.1,97,24.9,24.5,2.3,1.5,2,2.9,10.4,12.8
22103,2015-08-09,2,1010.4,92,25.8,26.4,2.6,1.8,2.7,4.1,11.4,12.8
22103,2015-08-10,2.8,1008.8,86,25.4,25.8,2.2,1.4,1.9,2.9,9.8,10.7
22103,2015-08-11,4.4,1005.7,92,24.1,24.3,1.5,1,1.6,2.6,7.9,9.1
22103,2015-08-12,5.6,1002.3,90,23.6,24.5,2.7,1.8,2.2,4.3,7.1,8
22103,2015-08-13,3.4,1005.8,87,24.4,25.4,1.4,.9,1.4,2.3,6.9,8
22103,2015-08-14,2.7,1006.4,85,24.4,25.1,.7,.5,.7,1.2,5.9,7.1
22103,2015-08-15,2.4,1007.8,87,24.9,25.9,.5,,.4,.6,5.6,7.1
22103,2015-08-16,6.3,1006,92,24.2,25.5,1.1,.7,1,1.9,5.6,7.1
22103,2015-08-17,5.5,1007.1,80,24.7,26.5,1.6,1,1.4,2.4,5.9,7.1
22103,2015-08-18,7.7,1010.9,82,25.4,26.3,1.7,1.1,1.4,2.5,6,8
22103,2015-08-19,7,1012.5,87,25.4,25.7,1.5,1,1.3,2,4.9,5.8
22103,2015-08-20,3.8,1009.2,91,25.4,25.3,1.4,.9,1.1,2.1,11.3,12.8
22103,2015-08-21,6.2,1002.3,89,24.9,25,2.3,1.5,2.2,3.3,8,12.8
22103,2015-08-22,2.4,1006,89,24.2,25.2,1.5,1,1.3,2.1,11.2,12.8
22103,2015-08-23,3.5,1006.3,89,24.5,25.3,1.7,1.1,1.3,2.2,11.1,12.8
22103,2015-08-24,10.2,1003.6,84,24.7,24.6,3.1,2,3.1,4.9,9,12.8
22103,2015-08-25,9.1,996.8,86,23,23.4,3.5,2.3,3.1,5.2,9.9,12.8
22103,2015-08-26,5.2,1004.7,82,23.2,23.8,1.8,1.2,1.5,2.5,8.8,10.7
22103,2015-08-27,4.1,1008.6,85,23.6,24.3,1,.7,1,1.6,8.3,9.1
22103,2015-08-28,2,1008.6,86,23.9,24.7,.8,.5,.6,1,7.5,8
22103,2015-08-29,1.4,1008.8,88,23.4,24.4,.6,.4,.5,.8,7.4,8
22103,2015-08-30,1.9,1010.7,85,23.7,24.7,.6,.4,.5,.8,5.9,8
22103,2015-08-31,7.1,1009.6,88,24,24.3,1.4,1,1.7,2.7,5.2,7.1
22103,2015-09-01,6,1008.8,90,22.5,24.3,1.6,1,1.7,2.7,6.5,8
22103,2015-09-02,5.6,1011.8,85,24.5,25.4,1.2,.8,1,1.9,4.6,6.4
22103,2015-09-03,4.6,1010.8,83,24.2,25.2,1,.7,.8,1.3,4.3,5.3
22103,2015-09-04,3.8,1012.7,77,23.5,24.9,.7,.5,.7,1.1,4,5.3
22103,2015-09-05,5.4,1008.7,80,23.4,25.6,.8,.6,1.3,2,3.8,4.9
22103,2015-09-06,8.5,1003.7,80,23,24.8,2.5,1.7,2.1,3.9,6.2,7.1
22103,2015-09-07,8.7,1009.6,73,22.4,24.2,2.5,1.6,2.2,3.7,6.8,9.1
22103,2015-09-08,8.9,1013.3,67,21.8,23.6,2.4,1.6,2.1,3.2,6.8,8
22103,2015-09-09,6,1014.1,67,22,23.8,2.1,1.4,1.8,3.1,7.4,9.1
22103,2015-09-10,2.6,1013.8,69,22.8,24.3,1.3,.9,1.2,1.9,7.2,9.1
22103,2015-09-11,3.7,1011.1,75,23,25.4,1,.6,.7,1.2,8.2,12.8
22103,2015-09-12,6,1009.2,79,22.1,24,.9,.6,.8,1.1,4.4,10.7
22103,2015-09-13,4.8,1016.1,62,21.6,23.5,.9,.6,.9,1.5,4.9,7.1
22103,2015-09-14,7.6,1019.5,66,22.6,24,1.6,1,1.9,3.1,4.6,7.1
22103,2015-09-15,10.2,1018.6,74,22,24.2,2.3,1.6,2,4,5.9,7.1
22103,2015-09-16,10.2,1015.4,81,21.1,23.7,2.5,1.6,2,3.6,5.9,7.1
22103,2015-09-17,7.3,1013.9,75,21.6,23.5,1.7,1.1,2,3,5.8,7.1
22103,2015-09-18,6.7,1016.3,72,21.6,23.5,1.7,1.1,1.4,2.5,6.4,8
22103,2015-09-19,2.5,1014.1,75,22.1,24,1.1,.8,1.2,1.9,5.8,7.1
22103,2015-09-20,.9,1012.3,76,22.4,24.4,.7,.4,.5,.9,6.8,10.7
22103,2015-09-21,4.2,1013.7,76,,24,.7,.5,.7,1.2,6,8
22103,2015-09-22,7.1,1014.9,78,22.7,24,1.4,1,1.1,1.9,4.8,5.3
22103,2015-09-23,9.1,1009.3,86,22,23.8,1.7,1.1,2.1,4.1,4.7,6.4
22103,2015-09-24,8.7,1004.8,82,22.4,23.4,2.5,1.7,2.5,4.7,6.7,8
22103,2015-09-25,5.5,1006.5,77,22.6,23.3,1.4,1,1.1,2,6.3,7.1
22103,2015-09-26,3.2,1010.1,80,22.9,23.5,1.2,.8,1,1.6,7.3,10.7
22103,2015-09-27,6.8,1013,81,22.6,23.6,1.4,1,1.3,2.1,9,12.8
22103,2015-09-28,7.2,1016.9,76,22.8,23.6,2,1.3,1.8,2.8,10.5,12.8
22103,2015-09-29,10,1020.6,75,22.6,23.4,2.8,1.8,2.7,4.7,7.3,12.8
22103,2015-09-30,9.6,1021,81,21,23.2,3,2,2.5,4.6,8.1,10.7
22103,2015-10-01,10.6,1005.9,88,22.7,23,3.5,2.3,2.7,4.7,7.3,9.1
22103,2015-10-02,8.8,1014.3,56,18.4,22.4,2.1,1.3,2.9,5,7.2,9.1
22103,2015-10-03,5.4,1019.3,73,20.2,21.9,.8,.5,.7,1.3,4.9,9.1
22103,2015-10-04,6.3,1023.5,66,20.6,21.8,1,.7,.9,1.6,3.9,5.8
22103,2015-10-05,4.1,1022.6,67,20.4,21.8,.8,.6,.7,1.2,4.6,5.3
22103,2015-10-06,3,1020.1,72,20.1,22,.7,.5,.7,1.2,4.7,5.8
22103,2015-10-07,5.7,1016.7,73,20.5,21.9,1.5,1,1.3,2,5.4,5.8
22103,2015-10-08,4.8,1012.7,71,20.5,22.3,1.3,.8,1.3,2.2,6.6,12.8
22103,2015-10-09,7.2,1011.5,61,19.2,21.5,1.2,.8,1,1.9,4.5,12.8
22103,2015-10-10,6.4,1011.3,60,19,21.2,1.1,.7,1.3,2,4.7,12.8
22103,2015-10-11,9.6,1014.6,59,16.9,19.9,2.1,1.3,1.6,2.7,5.3,9.1
22103,2015-10-12,7.6,1018.1,63,17.2,19.4,1.4,1,1.2,2.1,4.4,7.1
22103,2015-10-13,6.6,1020.5,67,17.5,19.1,1,.7,.8,1.4,3.2,4
22103,2015-10-14,4.5,1020.2,76,18.2,20,.6,.4,.7,1.1,3.9,6.4
22103,2015-10-15,3.1,1019.4,75,19.2,21.1,.6,.4,.5,.8,4.6,9.1
22103,2015-10-16,2.5,1018.9,77,18.6,20.4,.6,.4,.6,1,8.6,10.7
22103,2015-10-17,4.4,1020,76,19.1,20.5,1.1,.7,1.1,1.8,6.1,9.1
22103,2015-10-18,2.6,1018.9,79,18.9,20.5,1,.7,1.1,1.6,6.6,10.7
22103,2015-10-19,4.5,1016.4,84,19.1,19.1,1.1,.8,1.1,2.1,7.9,10.7
22103,2015-10-20,4.5,1015.4,83,19.1,20,1.2,.8,1.3,1.8,9.8,12.8
22103,2015-10-21,4.7,1016.7,86,18.9,19,1.5,1,1.3,2.1,7.5,10.7
22103,2015-10-22,7.6,1018.4,80,19.1,19,2.2,1.4,1.9,3.4,6.8,10.7
22103,2015-10-23,4.5,1019.2,77,18.7,20.7,1.5,1,1.5,2.1,6.3,10.7
22103,2015-10-24,4.7,1017.4,80,18.8,19.9,1,.7,.8,1.4,9.2,10.7
22103,2015-10-25,9.9,1021.1,64,18.1,19.1,2.5,1.6,2.2,3.4,6.5,10.7
22103,2015-10-26,6.7,1019.7,69,18.1,19.7,2.2,1.5,2.2,3.7,6.4,7.1
22103,2015-10-27,9.3,1011.1,71,18,19.6,1.8,1.2,1.8,2.7,5.2,8
22103,2015-10-28,5.9,1020,55,15.5,18.3,1.1,.7,1.2,1.9,4.9,7.1
22103,2015-10-29,4,1022.1,56,16.7,18.2,.5,.3,.5,.7,6.6,9.1
22103,2015-10-30,7.6,1024.8,55,13.7,18.3,1.1,.8,1.5,2.1,3.4,4.6
22103,2015-10-31,7.5,1027.8,51,12.1,17.6,1.3,.9,1.5,2.9,3.8,4.6
22103,2015-11-01,4.3,1024.7,56,13.5,18.5,.8,.5,.7,1.1,4.2,4.9
22103,2015-11-02,6.4,1022.9,63,14.3,17.7,.8,.5,.7,1.3,3.2,4.6
22103,2015-11-03,4.1,1027.9,66,15,17.3,.7,.5,.7,1.1,3.8,7.1
22103,2015-11-04,4.7,1027.6,76,16.6,17.7,.7,.5,.6,1.1,3.6,4
22103,2015-11-05,3.2,1024.4,79,17.8,18.9,.7,.5,.6,1,5.2,8
22103,2015-11-06,8.5,1023,82,17.4,17.8,1.9,1.3,2.1,3.3,5.4,7.1
22103,2015-11-07,10.1,1022.7,89,18.4,18.9,2.6,1.8,2.3,3.5,5.9,6.4
22103,2015-11-08,5.8,1014.8,89,18.6,19.4,2.4,1.6,2.2,3.4,7.1,8
22103,2015-11-09,8.2,1016.3,80,15.7,17.7,1.5,1,1.2,1.7,5.2,8
22103,2015-11-10,8,1020.9,70,14.3,18.4,1.3,.9,1.4,1.9,4.4,9.1
22103,2015-11-11,8.2,1025.2,80,16.3,18.3,1.7,1.1,1.4,2.2,5.3,6.4
22103,2015-11-12,10.3,1026.2,69,17.4,18.9,2.7,1.7,2.3,4.1,6,7.1
22103,2015-11-13,11.5,1017.3,90,16.2,18.4,3.3,2.2,2.7,4.3,6.5,7.1
22103,2015-11-14,5.3,1012.7,86,16.9,18.5,1.3,.9,1.2,2,5.5,7.1
22103,2015-11-15,4.6,1018.4,73,15.7,17.9,.8,.6,.9,1.3,4.8,7.1
22103,2015-11-16,4.6,1016.6,83,17.9,17.9,1.1,.7,1.4,2.1,4.6,7.1
22103,2015-11-17,5.2,1016.5,86,17.1,18.1,1.2,.8,1.3,2.3,5,5.8
22103,2015-11-18,10.7,1015.5,86,15.6,17.9,3.1,2,2.7,4.3,6.6,8
22103,2015-11-19,8.8,1021.2,80,15.1,18,2.4,1.6,2,3,6.4,9.1
22103,2015-11-20,4.6,1022.7,79,15.2,19.4,1,.7,1.3,2.1,5.4,8
22103,2015-11-21,4.8,1025,79,15.5,20.3,.8,.5,.6,1.1,4,9.1
22103,2015-11-22,7.4,1024.8,84,16.2,20.1,1.5,1,1.6,2.6,4.7,5.8
22103,2015-11-23,6.9,1021.8,84,16.3,20.3,1.5,1,1.5,2.3,5.2,8
22103,2015-11-24,8.5,1021.2,72,14,19.1,1.8,1.2,2.2,3.5,4.9,9.1
22103,2015-11-25,9.2,1016.8,76,11.3,17.8,2.2,1.5,2.1,3.1,6.4,10.7
22103,2015-11-26,12.3,1016.2,69,6.3,17.6,2.5,1.7,2.1,3.7,4.7,5.3
22103,2015-11-27,9.6,1023.3,64,7.2,16.8,2,1.3,1.9,2.9,4.8,7.1
22103,2015-11-28,4.9,1028.7,59,9.4,16.5,.9,.6,.9,1.4,7.3,12.8
22103,2015-11-29,5,1026.3,67,12,16.7,.7,.5,.6,1,6.4,10.7
22103,2015-11-30,6.6,1022.1,67,12.7,16.8,.9,.6,.9,1.2,4.4,10.7
22103,2015-12-01,4.6,1023.9,71,12.5,17.3,.7,.5,.7,1,3.7,8
22103,2015-12-02,6.3,1015.4,70,15.3,17.4,1,.7,1.5,2.2,3.7,4
22103,2015-12-03,13,1014.9,59,8.9,17.3,3,1.9,3,5.3,5.8,7.1
22103,2015-12-04,11.6,1020.2,61,8.3,16.4,2.8,1.9,2.3,4.2,5.6,7.1
22103,2015-12-05,8.4,1025.3,59,9.2,15.3,1.4,1,1.2,2,3.9,4.9
22103,2015-12-06,4.4,,,,,.7,.4,.7,1.2,4.6,9.1
22103,2015-12-07,4.1,1027.6,61,9.6,15.5,.7,.4,.6,1,3.4,6.4
22103,2015-12-08,5.3,1030,61,10.2,15.5,1.1,.7,1,1.8,4.8,8
22103,2015-12-09,5.6,1029,77,13.8,16,1,.7,.8,1.3,5.2,7.1
22103,2015-12-10,7.9,1017.6,90,14.8,16.6,2.2,1.4,2,3.5,5.1,6.4
22103,2015-12-11,8.4,1012.4,79,11.2,16.6,2.1,1.4,2,2.9,6.4,9.1
22103,2015-12-12,8.6,1022.6,67,11.4,16,2.2,1.5,1.9,3,6.1,9.1
22103,2015-12-13,5,1022.2,61,12.7,15.7,1.2,.7,1.1,1.9,8,9.1
22103,2015-12-14,7.2,1019.1,76,14,16,1.4,.9,1.2,1.8,4.7,5.3
22103,2015-12-15,9.4,1017.6,69,10.7,15.7,1.8,1.2,1.4,2.3,4.6,5.8
22103,2015-12-16,11.5,1019.7,62,6.8,15.9,2.3,1.6,2.1,4.1,5,6.4
22103,2015-12-17,11.3,1024.1,66,3.9,15.5,2.3,1.5,2,3.1,4.6,6.4
22103,2015-12-18,8.1,1030.7,62,5.4,15.6,1.4,.9,1.1,2,3.7,4.3
22103,2015-12-19,4,1033.4,56,7.6,15.9,.8,.5,.9,1.4,4,8
22103,2015-12-20,4.3,1028.3,72,9.7,15.4,.7,.4,.5,.9,3.8,4.9
22103,2015-12-21,4.7,1025.4,79,10.5,15.4,.7,.5,.7,1,3.7,5.8
22103,2015-12-22,4.6,1025.7,74,12,15.1,.8,.5,.7,1.1,4.4,5.3
22103,2015-12-23,5.8,1019.1,82,12.8,14.7,1.1,.8,1,1.7,4.5,5.3
22103,2015-12-24,7.2,1017.6,69,9.7,15.4,1.1,.8,1.3,2.2,4.1,5.8
22103,2015-12-25,9.1,1020.4,55,6.9,15.3,1.6,1,1.5,2.3,4,4.9
22103,2015-12-26,7,1020.5,59,10.5,15.7,1.2,.8,1.2,2.2,5.2,8
22103,2015-12-27,8.1,1026.5,62,6.4,15.5,1.3,.9,1.5,2.4,4.3,6.4
22103,2015-12-28,10.5,1030.7,67,4.1,15.3,2.1,1.3,1.6,2.5,4.4,4.9
22103,2015-12-29,7.3,1031.8,56,5.4,15.1,1.2,.8,1.1,1.8,3.6,6.4
22103,2015-12-30,4.4,1029.5,55,7,14.9,.6,.4,.6,1,3.6,8
22103,2015-12-31,7.7,1029,62,7.8,14.8,1.2,.8,1,1.7,3.6,4.6
22103,2016-01-01,5.4,1031.1,65,7.6,14.7,.9,.6,.9,1.4,3.4,6.4
22103,2016-01-02,2.2,1024,74,11.2,14.4,.6,.4,.5,.8,3.9,8
22103,2016-01-03,3.6,1020.2,75,12.2,14.5,.6,.4,.7,1.1,5.2,9.1
22103,2016-01-04,6.8,1021.1,64,11.4,14.8,1,.7,.8,1.4,3.4,4.6
22103,2016-01-05,7,1023.3,62,8.2,14.8,1,.7,.9,1.4,3.3,3.8
22103,2016-01-06,8,1023.3,58,7,15,1.2,.8,1.3,2.1,3.6,4.3
22103,2016-01-07,9.7,1023,62,5.8,14.8,1.7,1.1,1.3,2.4,4.1,4.9
22103,2016-01-08,8.2,1022.6,61,5,15.1,1.3,.9,1,1.7,3.9,5.3
22103,2016-01-09,7.1,1024.9,60,5.8,15,1.1,.7,.9,1.5,3.4,5.8
22103,2016-01-10,6,1025.4,58,6.8,15.1,.8,.6,1,1.5,3.4,10.7
22103,2016-01-11,7.5,1023.3,52,5.8,14.6,1.3,.8,1.1,1.9,3.6,4.3
22103,2016-01-12,8.6,1022,57,3.8,14.7,1.5,1,1.2,2.2,4.1,4.6
22103,2016-01-13,10.2,1020.5,63,4,15,1.9,1.2,1.5,2.3,4.4,5.8
22103,2016-01-14,7.7,1021,55,5.5,15.8,1.5,1,1.3,2.4,4.7,5.8
22103,2016-01-15,2.6,1020.9,54,6.7,14.8,.5,.4,.6,.9,5.6,8
22103,2016-01-16,4.7,1020.8,60,8.5,15,.7,.5,.7,1,3.6,6.4
22103,2016-01-17,9.3,1013.2,80,9.3,14.7,1.9,1.2,1.7,3.3,4.8,5.8
22103,2016-01-18,12.9,1010.6,69,4.1,14.5,2.6,1.8,2.2,3.5,4.9,5.8
22103,2016-01-19,14.8,1019.1,69,.8,14.2,3.5,2.2,2.6,4.7,5.2,7.1
22103,2016-01-20,9.9,1025.9,62,1,12.9,2.2,1.5,2.2,3.7,5.5,12.8
22103,2016-01-21,9.2,1026.8,57,1.7,12.8,1.7,1.1,1.6,2.6,5,12.8
22103,2016-01-22,8.9,1027.1,51,2.5,12.5,1.6,1.1,1.4,2.5,4.1,4.6
22103,2016-01-23,11.2,1027.2,61,-.8,11.9,2.1,1.3,1.8,3.6,4.5,5.3
22103,2016-01-24,13.7,1025.5,73,-3.3,11.8,3.1,2.1,2.5,4.4,6,9.1
22103,2016-01-25,10.6,1028.8,69,1.4,11.3,2.3,1.5,1.9,3,5.9,8
22103,2016-01-26,8.7,1029.4,64,4.8,11.9,1.6,1.1,1.2,2.1,5.3,8
22103,2016-01-27,4.1,1030,62,6.8,13.6,1,.7,1.1,2,5.4,6.4
22103,2016-01-28,8.1,1024.4,89,7.4,12.8,1.5,1,2.3,3.6,4.5,7.1
22103,2016-01-29,11,1021.5,89,7.1,12.4,3.3,2.1,2.6,5,7,8
22103,2016-01-30,6.3,1022.2,77,7.3,12.7,1.9,1.3,1.5,2.5,6.9,9.1
22103,2016-01-31,8.7,1026.4,69,4.3,13,1.7,1.1,1.3,2.4,4.6,8
22103,2016-02-01,10.8,1025.8,67,1.8,12.8,2,1.3,1.6,2.8,4.4,5.3
22103,2016-02-02,9.2,1026.4,61,1.6,12.8,1.7,1.1,1.8,2.9,4.1,4.9
22103,2016-02-03,8.3,1027.2,56,3,11.4,1.4,.9,1.3,2,3.8,4.6
22103,2016-02-04,8.1,1025.2,53,5.2,12.4,1.1,.8,1,1.4,3.4,4
22103,2016-02-05,8.9,1022.5,55,4.6,11.8,1.3,.9,1.1,1.7,3.7,4.3
22103,2016-02-06,9.7,1021.9,60,2.9,10.9,1.7,1.2,1.7,2.7,4.2,5.3
22103,2016-02-07,7.1,1021.9,54,2.5,11,1.3,.9,1.4,2.2,4.7,9.1
22103,2016-02-08,8.9,1019.9,56,7,11.3,1.7,1.1,2.2,3.3,4.3,5.8
22103,2016-02-09,8.3,1021.2,49,7.1,12,1.7,1.2,2.2,3.2,5.6,7.1
22103,2016-02-10,4.1,1026.1,58,7.6,12.5,.6,.4,.6,.9,4.7,7.1
22103,2016-02-11,7.3,1025.8,74,13,13,1.7,1.1,2,3.4,4.7,6.4
22103,2016-02-12,8.7,1020.4,92,14.9,14,4.2,2.7,3.5,5.5,7.6,9.1
22103,2016-02-13,5.8,1012,96,14.5,14,3.6,2.5,3.5,5.5,8.1,9.1
22103,2016-02-14,13.9,1008.4,75,4.4,13.7,3.3,2.2,3.1,4.6,6.2,8
22103,2016-02-15,12,1018.9,67,1.3,13.2,2.5,1.6,1.9,3.1,4.7,5.8
22103,2016-02-16,11,1021.5,62,4.3,12.6,2.4,1.6,2.1,3.6,5.9,7.1
22103,2016-02-17,7.5,1023.6,53,4.9,12.7,1.5,1,1.5,2.4,5.6,7.1
22103,2016-02-18,6,1023.9,57,7.6,12.6,1.1,.7,1.1,1.8,3.8,9.1
22103,2016-02-19,4.7,1025.4,63,9.8,13.2,1,.7,1,1.6,4.7,6.4
22103,2016-02-20,7.8,1020.2,65,8.5,13.8,1.3,.9,1.8,2.7,4,9.1
22103,2016-02-21,7.1,1028.8,54,4.7,13.7,1.3,.9,1.8,2.8,4.3,6.4
22103,2016-02-22,2.9,1029,62,5.8,14.7,.6,.4,.4,.7,7.1,10.7
22103,2016-02-23,8.1,1027.8,56,7.3,14.1,1.2,.8,1.3,2.2,4.6,10.7
22103,2016-02-24,10.5,1031.1,62,2.4,13.6,1.8,1.3,1.9,2.6,4.3,4.9
22103,2016-02-25,8.2,1032.9,54,3.5,13.2,1.5,1,1.8,2.6,4.8,7.1
22103,2016-02-26,6,1030.2,57,8.5,12.5,1,.6,1.5,2.8,3.8,10.7
22103,2016-02-27,5.8,1024.6,66,10.9,12.9,2.4,1.6,2.5,4.1,6.2,7.1
22103,2016-02-28,6.1,1020.3,78,11,12.8,1.9,1.2,2.1,3.6,5,6.4
22103,2016-02-29,12.2,1023.3,63,2.4,13.4,2.5,1.7,2,3.1,5.1,6.4
22103,2016-03-01,8.1,1026.2,59,2.2,11.9,1.4,1,1.2,2,3.7,4.3
22103,2016-03-02,3.6,1026,64,6.4,11.9,.8,.6,.9,1.5,8.8,12.8
22103,2016-03-03,4.2,1024.5,76,12,12,1.1,.7,.9,1.5,4.4,5.8
22103,2016-03-04,3.4,1022,92,13.7,11.6,1.2,.8,.9,1.6,4.4,5.3
22103,2016-03-05,7,1022,91,14.3,11.9,2.2,1.6,2.3,3.6,5.7,7.1
22103,2016-03-06,3.4,1018.4,91,12.5,13.2,2.3,1.6,2,3.1,7.2,8
22103,2016-03-07,4.9,1017.4,85,12.2,13.6,1.5,1.1,1.4,2.2,6.8,9.1
22103,2016-03-08,7,1018.5,75,10,13.6,1.3,.9,1.5,2.8,6.5,9.1
22103,2016-03-09,9.2,1018.5,67,6.6,13.5,1.8,1.2,1.5,2.6,5.2,7.1
22103,2016-03-10,10.7,1021.5,54,4.5,13.6,1.9,1.3,1.7,3.1,4.5,6.4
22103,2016-03-11,8.9,1023.7,56,3.6,13.2,1.6,1.1,1.9,3.1,4.4,5.3
22103,2016-03-12,4.1,1024.5,48,5.1,13.3,.9,.6,1.1,1.6,4.1,9.1
22103,2016-03-13,5.8,1022.3,55,9,12.8,.9,.6,.9,1.5,4.7,9.1
22103,2016-03-14,,1019.9,63,8.7,13.8,,,1,1.6,,4.6
22103,2016-03-15,,,,,,,,.9,1.5,,7.1
22103,2016-03-16,,,,,,,,.4,.7,,9.1
22103,2016-03-17,,,,,,,,.6,1.1,,10.7
22103,2016-03-18,,1012.2,96,14.9,14,,,2.6,4.5,,8
22103,2016-03-19,,1010,82,13.7,13.5,,,2,3.1,,9.1
22103,2016-03-20,,1018.5,71,13,13.5,,,1,1.9,,6.4
22103,2016-03-21,,,,,,,,1,1.5,,5.8
22103,2016-03-22,,,,,,,,.8,1.5,,5.8
22103,2016-03-23,,,,,,,,1.6,2.4,,5.3
22103,2016-03-24,,1022.5,60,10.1,13.8,,,1.5,2.8,,8
22103,2016-03-25,,1023.5,70,9.9,13.3,,,1.2,1.8,,7.1
22103,2016-03-26,,,,,,,,.9,1.6,,6.4
22103,2016-03-27,,,,,,,,1,1.6,,5.8
22103,2016-03-28,6.3,1022.4,57,12.5,14.2,1,.6,.9,1.4,3.9,5.8
22103,2016-03-29,,1021.4,63,14.8,14,,,2.1,3.5,,6.4
22103,2016-03-30,,,,,,,,1.6,2.8,,6.4
22103,2016-03-31,,,,,,,,.7,1.3,,5.8
22103,2016-04-01,2.7,,,,,.7,.4,.6,1.2,5.6,8
22103,2016-04-02,2.7,1017.6,88,14.6,14.6,.8,.5,.6,1,5.1,7.1
22103,2016-04-03,3.5,1012.3,95,14.6,14.7,.9,.5,.9,1.6,4.4,7.1
22103,2016-04-04,6.5,1008.1,89,12.2,14.8,2,1.2,1.8,3.2,6.4,7.1
22103,2016-04-05,3.4,1013.8,79,12.8,14.5,1,.6,.8,1.3,6.2,8
22103,2016-04-06,5.2,1017.6,81,13.1,13.6,1.1,.6,1.7,3.2,6.1,9.1
22103,2016-04-07,6,1016.9,91,13.4,13.8,3.6,2.2,3.2,5.4,7.3,8
22103,2016-04-08,4.7,1019.4,86,13.2,14.1,1.7,1,1.7,3.3,7.1,8
22103,2016-04-09,2.6,1017.4,86,14,14.6,.7,.4,.7,1.2,6,6.4
22103,2016-04-10,2.5,1014.5,86,13.9,14.4,.8,.5,1.1,1.9,6.6,9.1
22103,2016-04-11,8.1,1017.1,78,12.4,14.4,2.1,1.4,1.9,3.1,5.9,7.1
22103,2016-04-12,7.9,1020.3,76,13.5,14.3,2.2,1.4,1.8,3,5.8,6.4
22103,2016-04-13,5.8,1023.6,94,14.8,14.7,3.2,2,2.7,4.4,7.4,8
22103,2016-04-14,5.2,1014.7,88,14.3,14.3,1.2,.8,1.2,2,5.9,8
22103,2016-04-15,7,1018.8,80,13.7,13.7,1.7,1.1,1.9,3.1,5.1,6.4
22103,2016-04-16,8.2,1022.8,90,15.8,14,3.2,2,4.5,7.8,5.9,9.1
22103,2016-04-17,11.4,1020.1,77,12.9,14.3,4.3,2.7,4.7,8.5,8.2,9.1
22103,2016-04-18,6.6,1019.7,71,13,14.1,1.3,.8,1,1.8,5.7,8
22103,2016-04-19,3.8,1023.3,73,13.4,14.4,1,.6,1,1.7,5.4,10.7
22103,2016-04-20,3.9,1022.3,82,14.7,14.3,.7,.4,.8,1.4,6.5,9.1
22103,2016-04-21,8.6,1005.5,93,14.6,14.1,3.3,2,2.4,4.7,7.1,9.1
22103,2016-04-22,5.4,1010.2,92,12.8,14.2,1.8,1.1,1.6,2.7,7.5,8
22103,2016-04-23,3.1,1010.9,90,14,14.3,1,.6,.9,1.4,6.3,9.1
22103,2016-04-24,4.7,1012,75,14.6,14.4,.8,.5,.9,1.4,7,10.7
22103,2016-04-25,4.7,1013.7,73,14.6,14.5,1.2,.8,.9,1.5,5.2,5.8
22103,2016-04-26,5.4,1015.7,83,14.4,14.4,1.1,.7,1.5,2.5,4.8,5.8
22103,2016-04-27,12.7,1010.7,90,12.7,14.3,3.9,2.4,3.3,5.4,7.2,9.1
22103,2016-04-28,5.1,1011.8,90,13.4,14.5,1.6,1,1.5,2.7,8,9.1
22103,2016-04-29,2.8,1014,83,14.3,15.1,1.2,.8,1.1,1.9,7.6,9.1
22103,2016-04-30,4.1,1015.8,81,15.2,15,1,.6,1.1,1.8,5.4,8
22103,2016-05-01,3,1015.5,88,15.9,15.2,1.1,.7,1.1,1.8,4.1,4.9
22103,2016-05-02,5.4,1012.7,95,16.6,15.3,1.3,.8,1.6,2.7,4.4,5.8
22103,2016-05-03,11.6,1006.8,86,15.5,14.7,5.3,3.2,4.3,7.7,8.1,9.1
22103,2016-05-04,7.9,1006.9,79,15.2,14.5,2.9,1.8,2.2,3.6,6.7,9.1
22103,2016-05-05,3.4,1015.2,91,15.3,14.7,1.2,.8,1.2,1.7,5.7,7.1
22103,2016-05-06,4.6,1011.7,97,15.3,14.9,2.8,1.7,2.8,4.3,6.9,9.1
22103,2016-05-07,5.2,1008.8,75,15.2,14.7,1.4,.9,1.5,2.3,7.1,8
22103,2016-05-08,5.3,1009.7,86,15.1,14.8,1.1,.7,.9,1.5,5,6.4
22103,2016-05-09,4.3,1009.3,89,14.3,14.6,1.2,.7,.9,1.5,5.1,6.4
22103,2016-05-10,3.2,1007.3,96,13.9,14.6,1.1,.6,1.1,1.8,5.3,6.4
22103,2016-05-11,2.3,1009.9,91,14.1,15.4,1.3,.8,1,1.7,6.6,8
22103,2016-05-12,2.5,1014.3,90,15.5,15.9,.8,.5,.7,1.2,6.8,8
22103,2016-05-13,2.9,1018.7,88,15.6,15.8,.7,.4,.9,1.4,7.4,9.1
22103,2016-05-14,7.6,1025.4,88,15.2,15.3,2,1.2,1.4,2.5,5.6,6.4
22103,2016-05-15,4.9,1019.1,96,17.1,15.9,1.4,.8,1.1,1.9,5.1,6.4
22103,2016-05-16,8.4,1006.4,79,14.4,15.2,1.8,1.1,1.8,2.6,4.4,5.8
22103,2016-05-17,4.4,1013.4,84,15.5,16,.9,.5,.7,1.1,3.7,5.3
22103,2016-05-18,1.6,1017.5,86,16.9,17.5,.5,.3,.4,.8,6.4,9.1
22103,2016-05-19,2.7,1016.9,91,17,17.5,.6,,.5,.7,6.4,9.1
22103,2016-05-20,5.6,1015.3,86,17.4,16.6,1,.6,.9,1.7,6,8
22103,2016-05-21,7.9,1018.2,79,17.2,16.5,1.9,1.2,1.4,2.5,5.6,8
22103,2016-05-22,7.7,1020.2,89,16.9,16.8,1.7,1.1,1.3,2.1,5.4,6.4
22103,2016-05-23,4.2,1021.3,92,17.6,17.5,1.5,.9,1,1.9,6.2,7.1
22103,2016-05-24,4.8,1008.3,94,17.5,17.1,1.9,1.2,1.6,2.8,6.5,8
22103,2016-05-25,3.6,1008.4,88,17.2,17.5,.9,.6,1,1.7,6.3,7.1
22103,2016-05-26,3.1,1009.3,87,18.1,18.2,.5,.3,.4,.7,5.7,7.1
22103,2016-05-27,1.9,1011,86,18.6,18.9,.5,.3,.4,.7,6.1,8
22103,2016-05-28,2.1,1008.4,88,17.3,18.5,.4,.3,.3,.5,6.4,8
22103,2016-05-29,3.4,1004.5,90,17.2,17.8,.5,.3,.5,.9,4.7,7.1
22103,2016-05-30,4.4,1006.3,84,18.2,18.2,.8,.5,.6,.9,4.6,7.1
22103,2016-05-31,4.8,1007.2,84,17.9,18.2,.9,.5,.6,1,6.8,7.1
22103,2016-06-01,8.2,1006.3,82,18.1,17.7,1.9,1.2,1.8,3.1,6.2,7.1
22103,2016-06-02,4.4,1010.7,83,17.6,17.4,1.5,.9,1.5,2.8,6.3,9.1
22103,2016-06-03,2.5,1011,90,18.1,18.1,.9,.6,.7,1.2,7.7,8
22103,2016-06-04,6.4,1007.5,91,17.8,17.7,2.2,1.3,2.2,3.6,6,7.1
22103,2016-06-05,7.3,1009.5,84,18.7,18.7,2.5,1.5,2.1,3.3,6.5,7.1
22103,2016-06-06,8.5,1011.4,93,18.4,19.4,2,1.2,1.5,3.1,5.4,6.4
22103,2016-06-07,3.3,1010.3,94,19.3,20.2,.8,.5,.8,1.4,5.7,7.1
22103,2016-06-08,2.3,1009.7,93,19.1,20,.5,.3,.3,.7,5.6,7.1
22103,2016-06-09,1,1010.8,88,19.8,20,.4,.2,.3,.5,5,7.1
22103,2016-06-10,3.9,1012.4,89,20.2,20.3,.7,.4,.5,.9,3.7,5.3
22103,2016-06-11,2.7,1010.7,94,20.7,20.4,.6,.4,.4,.8,6.3,8
22103,2016-06-12,2.8,1005.3,95,20.5,20,1,.6,.7,1.3,5.8,6.4
22103,2016-06-13,1.8,1002.2,93,20.3,20.7,1.3,.8,1.3,1.8,7.5,8
22103,2016-06-14,2,1003.8,88,20.6,21.4,1.3,.8,1.1,1.9,7.9,9.1
22103,2016-06-15,3.2,1002.4,91,21,20.6,1.6,1,1.2,2,7.4,8
22103,2016-06-16,6.5,1000.6,91,19.5,19.5,1.4,.9,1.1,1.8,6.9,8
22103,2016-06-17,4.2,1009.2,89,19.1,19.7,1.4,.9,1,1.7,7.1,8
22103,2016-06-18,3,1012,94,19.9,19.3,1.2,.8,1,1.5,7.3,8
22103,2016-06-19,2.7,1008.6,95,20.7,19.7,1.2,.8,1,1.5,5.2,7.1
22103,2016-06-20,3.3,1006.1,96,20.3,19.1,1.4,.9,1.5,2.3,5.8,6.4
22103,2016-06-21,3.4,1007,96,19.4,19.3,1.8,1.1,1.6,2.9,6.2,7.1
22103,2016-06-22,5.6,1004.2,95,20.2,20.5,1.5,.9,1.1,2,5.8,7.1
22103,2016-06-23,3.4,1006.3,92,21,21.3,1.5,1,1.1,1.9,6.5,7.1
22103,2016-06-24,7.2,1000.4,93,21.8,20.7,2.2,1.4,2.1,3.6,6,8
22103,2016-06-25,7.4,1006.5,92,20,19.9,2,1.2,1.7,2.6,6.8,7.1
22103,2016-06-26,6.4,1009.9,94,19,19.5,1.5,1,1.4,2.5,5.2,6.4
22103,2016-06-27,2.3,1010.1,88,18.8,19.6,.9,.5,.7,1.1,6,12.8
22103,2016-06-28,2.7,1010.9,88,19.4,19.4,1.1,.6,.8,1.4,5.7,6.4
22103,2016-06-29,3.9,1011,95,19.2,18.8,1.1,.7,.8,1.2,5.7,6.4
22103,2016-06-30,2.3,1011.6,95,20.6,19.7,1.3,.8,.9,1.6,6,6.4
22103,2016-07-01,6.7,1008,95,22.2,20.1,1.7,1.1,1.6,2.6,5.1,6.4
22103,2016-07-02,7,1006.5,95,20.9,18.9,3,1.9,2.6,4.5,6.4,7.1
22103,2016-07-03,3.1,1009.4,96,19.6,18.9,1.6,.9,1.2,2.4,6.3,7.1
22103,2016-07-04,4.8,1009.9,96,21.3,19.1,1.6,1,1.1,2,5.4,5.8
22103,2016-07-05,5.3,1012.8,96,22.6,20.4,1.5,.9,1.2,1.8,5.6,6.4
22103,2016-07-06,3.1,1014.9,96,22.7,21.1,1.1,.7,1,1.5,5.4,6.4
22103,2016-07-07,2.3,1014.1,96,22,22.3,.9,.5,.6,1,6.2,12.8
22103,2016-07-08,4.7,1008.7,94,22.2,22.7,1.8,1.1,1.6,2.6,9.5,12.8
22103,2016-07-09,2.2,1006.2,90,23,24.3,1.9,1.2,1.6,2.5,9.5,12.8
22103,2016-07-10,1.6,1004.5,92,22.9,23.5,1.4,.9,1.1,1.9,8.5,9.1
22103,2016-07-11,2.5,1004,94,21.8,22.1,1.7,1,1.3,2.1,8.2,9.1
22103,2016-07-12,2.7,1002.4,94,21.9,22.1,2.4,1.5,1.9,3.4,8.2,9.1
22103,2016-07-13,2.5,1000.9,96,21.8,21.1,3.2,2,2.3,4,8.3,9.1
22103,2016-07-14,4.4,1001.5,91,21.8,20.9,2.5,1.5,1.9,3.8,8.2,9.1
22103,2016-07-15,4.9,1004,86,22.1,21.3,2,1.2,1.4,2.6,7.6,9.1
22103,2016-07-16,6.1,1001.6,90,23.6,23.3,2,1.2,1.4,2.6,7,8
22103,2016-07-17,4.5,1007.7,87,23.3,23.5,1.9,1.2,1.4,2.6,7.8,8
22103,2016-07-18,2.3,1009.5,83,23.3,23.9,1.2,.7,.9,1.6,7.3,8
22103,2016-07-19,4.5,1010.6,89,23.8,24,1,.6,.9,1.5,5.1,7.1
22103,2016-07-20,7.3,1011.6,88,23.6,24.2,1.8,1.1,1.3,2.3,5.2,6.4
22103,2016-07-21,7,1011.4,85,24.1,24.8,1.9,1.2,1.4,2.5,5.7,6.4
22103,2016-07-22,6.5,1010.2,84,24.4,24.9,1.7,1,1.2,2,5.2,7.1
22103,2016-07-23,4.2,1010,84,24.8,25.1,1.1,.7,.9,1.5,5.6,6.4
22103,2016-07-24,2.3,1011,92,27.5,26.4,.9,.5,.6,1.1,5,6.4
22103,2016-07-25,1.3,1011.2,89,27.6,26.7,.7,.4,.5,.9,4.6,5.8
22103,2016-07-26,3,1008.6,91,27.5,26.3,1.1,.7,.8,1.4,4.5,5.3
22103,2016-07-27,3.7,1006.8,91,27.1,26,1.3,.8,.9,1.9,4.6,4.9
22103,2016-07-28,3.1,1007.6,92,27,25.6,1.2,.7,1,1.6,4.7,5.8
22103,2016-07-29,2.3,1009.8,92,27.3,25.9,1.1,.6,.8,1.5,4.6,6.4
22103,2016-07-30,1.3,1011.4,91,27.7,26.5,.9,.6,.8,1.3,5.1,6.4
22103,2016-07-31,1.9,1011,88,27.8,27.8,.8,.5,.6,1.1,5.5,7.1
22103,2016-08-01,1.9,1009.8,86,27.9,27.7,.7,.4,.5,.9,5.7,7.1
22103,2016-08-02,1.7,1008.6,84,27.7,27.6,.8,.5,.8,1.4,8.5,10.7
22103,2016-08-03,4.1,1008.8,88,27.3,28.7,1.4,.9,1.2,1.8,9.5,10.7
22103,2016-08-04,7,1008.6,87,28.1,28.7,1.5,.9,1.1,1.9,6.4,9.1
22103,2016-08-05,6,1009.3,85,28.5,29.2,1.4,.9,1.1,1.9,4.7,5.3
22103,2016-08-06,4.6,1008,84,28.6,29.1,1,.6,.8,1.3,4.6,4.9
22103,2016-08-07,1.6,1007.2,83,29.3,29.3,.8,.5,.6,.9,4.7,9.1
22103,2016-08-08,2.3,1006.7,82,28.7,29.2,.8,.5,.6,1,5.9,9.1
22103,2016-08-09,5.8,1007.7,86,28.7,27.8,1.4,.9,1.2,2,5.6,7.1
22103,2016-08-10,3.5,1009.6,84,28.4,28.1,1.2,.7,1,1.8,5.2,6.4
22103,2016-08-11,2,1009.4,82,28.9,28.9,.8,.5,.5,.9,7.6,9.1
22103,2016-08-12,2.2,1007.4,83,29.2,29,.8,.5,.5,1,8.1,9.1
22103,2016-08-13,3.3,1005.9,83,29,28.7,.7,.4,.5,.9,8.2,12.8
22103,2016-08-14,4.8,1004.2,86,28,28,.9,.6,.8,1.3,7.8,10.7
22103,2016-08-15,5.1,1002,90,27,26.2,.9,.5,.6,1.1,7.6,9.1
22103,2016-08-16,3.2,1001.4,86,26.6,25.6,.8,.5,.6,1.2,7.6,10.7
22103,2016-08-17,2.8,1003.3,86,27.5,27.3,.8,.5,.6,1.1,6.6,10.7
22103,2016-08-18,5.5,1005.1,84,28.3,28.4,1.3,.8,1.2,2,5.1,8
22103,2016-08-19,6.1,1006,83,29,29.7,1.5,.9,1.1,1.8,5.2,6.4
22103,2016-08-20,6.8,1005.6,79,28.8,29.1,1.6,1,1.3,2.1,5,5.8
22103,2016-08-21,6.7,1005,77,28.5,28.5,1.8,1.1,1.4,2.4,5.9,7.1
22103,2016-08-22,4,1006,81,28.7,29.6,1.2,.7,1,2,5.4,8
22103,2016-08-23,7.4,1005.7,77,28.8,29.8,1.8,1.1,1.6,2.6,5.3,5.8
22103,2016-08-24,8.6,1005.7,76,28.1,28.4,2.2,1.4,1.7,2.7,6,6.4
22103,2016-08-25,4.8,1005.2,84,27.8,28.4,1.5,.9,1.5,2.6,7.1,9.1
22103,2016-08-26,8.4,1006,78,27,28,2.3,1.4,2.7,5.3,8,9.1
22103,2016-08-27,11.9,1006.2,72,25.2,26,3.4,2.1,2.4,4,6.3,7.1
22103,2016-08-28,9.9,1000.9,81,22.8,26.1,2.6,1.6,2,3.3,6.2,8
22103,2016-08-29,8.6,1000.8,65,24.1,26.3,2.1,1.3,1.6,3,6.6,9.1
22103,2016-08-30,11.8,996,64,24.9,26.4,2.7,1.7,2.2,3.7,5.7,7.1
22103,2016-08-31,11.8,997.7,70,25.4,26.2,3.1,1.9,2.3,3.9,6.1,7.1
22103,2016-09-01,7.7,1003.8,81,25.7,25.8,2.4,1.4,2.1,3.5,5.7,6.4
22103,2016-09-02,5.1,1005.2,91,23.4,25.2,2.1,1.2,1.8,2.9,5.9,6.4
22103,2016-09-03,3.4,1007.4,90,24.7,24.8,2.4,1.5,2,3.2,6.6,9.1
22103,2016-09-04,4.7,1009.1,88,25.2,24.4,1.6,1,1.3,2.3,6.9,10.7
22103,2016-09-05,2.6,1009.7,90,25.5,25.3,1.2,.7,1,1.6,5.6,6.4
22103,2016-09-06,2.7,1008.2,92,25.8,26,.7,.4,.5,.9,5.8,8
22103,2016-09-07,3.6,1005.5,86,25.9,25.5,.9,.5,.8,1.4,7.8,10.7
22103,2016-09-08,5.3,1006.8,78,25.3,24.5,1,.6,.7,1.2,7.3,9.1
22103,2016-09-09,4.6,1009.5,87,24.9,24.5,.9,.5,.7,1.3,7.5,8
22103,2016-09-10,2.7,1011.4,90,25.4,24.4,.8,.5,.6,1.1,7.8,10.7
22103,2016-09-11,5.4,1013.6,86,25.6,24.3,1,.6,.8,1.4,5.6,10.7
22103,2016-09-12,6.9,1015.2,85,23.9,23.8,1.5,.9,1.1,1.8,4.8,6.4
22103,2016-09-13,5.3,1017.2,81,24.8,24.1,1.4,.9,1.1,2,6.9,12.8
22103,2016-09-14,4.7,1017.1,83,24.7,24.2,1.8,1.1,1.3,2.3,10.9,12.8
22103,2016-09-15,3.3,1015.8,88,24.8,24.2,1.6,1,1.2,2.1,10.8,12.8
22103,2016-09-16,5.6,1013.4,88,25.3,24.4,1.7,1,1.2,2,9.5,10.7
22103,2016-09-17,6.8,1007.2,93,26.4,24.6,2.7,1.7,2.1,3.6,5.8,7.1
22103,2016-09-18,11,1007.6,91,24.1,25,3.6,2.1,2.7,4.3,8.7,10.7
22103,2016-09-19,12.3,1007.5,78,23.8,24.5,3.9,2.4,2.8,4.8,8.4,10.7
22103,2016-09-20,8.1,1013.4,62,23.2,23.8,2.7,1.6,2.3,4,7.7,10.7
22103,2016-09-21,8,1018.6,66,23.2,23.5,2,1.3,1.6,2.6,5.6,9.1
22103,2016-09-22,5.2,1016.9,74,23.4,23.1,1.4,.8,1.2,2.7,5.2,6.4
22103,2016-09-23,5.1,1016.3,80,23.6,23.3,1.1,.7,.8,1.3,4.9,6.4
22103,2016-09-24,6,1015.2,84,23.9,23.3,1.4,.9,1,1.8,5,5.3
22103,2016-09-25,5.7,1015.4,89,24.2,23.6,1.1,.6,.8,1.3,5.2,10.7
22103,2016-09-26,6.5,1014.8,95,24.6,23.6,2.1,1.3,1.6,2.7,11.8,12.8
22103,2016-09-27,4.3,1014.5,96,24.8,23.9,2.3,1.5,1.8,3.1,10.9,12.8
22103,2016-09-28,5,1012.8,96,24.4,24.1,2.3,1.4,1.6,2.7,11.8,12.8
22103,2016-09-29,10.9,1014.5,86,23.1,23.6,3.5,2.2,2.5,4.5,8.8,12.8
22103,2016-09-30,9.8,1013.6,91,22.2,23.4,2.6,1.6,1.8,3.3,6.2,9.1
22103,2016-10-01,7.6,1016.2,93,23.3,23.2,1.8,1.1,1.2,2.1,5.9,8
22103,2016-10-02,6.1,1014.3,95,24.3,23.2,1.3,.8,1,1.8,4.9,8
22103,2016-10-03,2,1010.1,97,25.3,23.7,1,.6,.7,1.3,4.6,9.1
22103,2016-10-04,10.3,1011.3,89,24.4,23.4,3,1.9,3.5,5.3,8.3,12.8
22103,2016-10-05,12.5,1003.5,90,23.6,22.8,5.6,3.8,11.2,16.6,10.1,12.8
22103,2016-10-06,6.2,1018.4,80,23.2,22.8,1.5,.9,1.5,2.2,6.3,8
22103,2016-10-07,9.4,1018.2,78,23.3,22.6,2.8,1.7,2.5,4.2,6.1,7.1
22103,2016-10-08,6.3,1011.2,87,22.2,22.2,2,1.2,1.6,2.7,5.8,8
22103,2016-10-09,8,1016.1,62,18.8,22,1.8,1.1,1.6,2.6,4.6,5.8
22103,2016-10-10,7.3,1018.2,69,20.3,21.9,1.8,1.1,1.3,2.4,5.2,6.4
22103,2016-10-11,6.1,1018.4,67,20.8,21.9,1.6,1,1.3,2.2,6.2,7.1
22103,2016-10-12,4.7,1020.2,63,21.4,22.1,1,.6,.8,1.3,4.8,6.4
22103,2016-10-13,5,1021.4,70,21.8,21.7,1.1,.7,.7,1.3,4.9,7.1
22103,2016-10-14,6.1,1023.2,75,21.8,22.1,1.3,.8,1,1.8,5,5.8
22103,2016-10-15,8.5,1023.2,76,21.9,21.4,2.4,1.4,1.9,3,5.7,7.1
22103,2016-10-16,5.2,1018,90,22.4,21.2,1.7,1.1,1.3,2.2,5.1,6.4
22103,2016-10-17,3.8,1016.2,88,22.1,21.5,1.3,.8,1.1,1.8,7.4,12.8
22103,2016-10-18,4.8,1018.2,81,21.9,21.7,1.2,.8,1.1,1.6,10.2,10.7
22103,2016-10-19,3.8,1017.3,80,21.6,21.5,1.1,.7,.8,1.4,7.7,12.8
22103,2016-10-20,6.2,1017.3,79,21.8,21.1,1.4,.9,1.8,3.2,11.7,12.8
22103,2016-10-21,11.3,1017.5,77,20.8,20.9,3.7,2.3,2.8,4.6,6.9,12.8
22103,2016-10-22,8.9,1012.2,83,20.4,21.2,2.7,1.7,2.2,3.9,8.1,10.7
22103,2016-10-23,12,1012.5,75,20.2,21.8,3.7,2.3,2.7,4.8,7,10.7
22103,2016-10-24,9.2,1016.4,73,19.5,21.5,2.5,1.5,2.1,3.8,5.7,7.1
22103,2016-10-25,6.9,1012.5,80,21,20.6,2,1.2,1.7,3.1,5.5,7.1
22103,2016-10-26,2.9,1017.8,79,19.3,20.9,.9,.5,.7,1.2,5.4,6.4
22103,2016-10-27,10.4,1019.8,75,20.8,20.7,2.8,1.7,3.1,5.3,5.6,7.1
22103,2016-10-28,9.9,1013.4,86,19.3,20.8,2.5,1.6,2.6,4.1,5.8,8
22103,2016-10-29,7.2,1022.5,68,16.8,20.4,1.7,1,1.3,2.6,4.7,7.1
22103,2016-10-30,5.8,1026.7,59,16,20.3,1.5,.8,1.1,2.1,5,9.1
22103,2016-10-31,5.9,1024.4,65,17.1,20,1,.6,.9,1.6,3.9,5.8
22103,2016-11-01,9.6,1027.2,58,11.9,19.6,2,1.2,1.9,3.1,4.2,4.9
22103,2016-11-02,8.6,1026.1,57,12.4,19.2,1.7,1,1.3,2.4,4,4.9
22103,2016-11-03,5.2,1022.7,60,15.4,18.8,.9,.5,1,1.4,4.8,7.1
22103,2016-11-04,3.9,1018,65,16.2,19,.6,.4,.5,.8,5.4,8
22103,2016-11-05,5,1014.8,72,19,18.8,.9,.5,.6,1,4.9,9.1
22103,2016-11-06,9.2,1021.3,77,18.6,19.4,2.4,1.4,2.6,4.8,6.4,9.1
22103,2016-11-07,7.1,1022.4,65,18.5,19.9,2.2,1.4,2.1,3.4,6.2,9.1
22103,2016-11-08,8.9,1020.9,68,14.5,18.6,1.8,1.1,1.8,3,4.4,7.1
22103,2016-11-09,7.8,1025.4,57,12.3,18.1,1.8,1.1,1.6,2.8,5.2,10.7
22103,2016-11-10,7.9,1018.7,68,16.1,17.6,2.3,1.4,2,3.4,5.6,7.1
22103,2016-11-11,7.1,1019.7,59,16,17.4,1.6,1,1.3,2.1,5.4,8
22103,2016-11-12,3.3,1022.6,69,17.6,17.3,.8,.5,.7,1.2,5.6,9.1
22103,2016-11-13,5,1020.8,91,18.7,19.3,.9,.5,.8,1.3,4,9.1
22103,2016-11-14,8.5,1014.5,91,19.2,21,2.5,1.6,2.5,4,5.7,7.1
22103,2016-11-15,8.9,1017.3,62,16.3,19.4,1.7,1,1.5,2.7,4.3,5.8
22103,2016-11-16,3.7,1021.2,57,16,18.7,1,.6,.8,1.4,5,8
22103,2016-11-17,6.1,1022.3,63,17.4,17.5,1.1,.6,.8,1.5,4.8,8
22103,2016-11-18,6.7,1016.6,88,18.3,18.2,1.7,1,1.5,2.7,4.7,5.8
22103,2016-11-19,6.1,1013.9,93,18.5,21.6,1.7,1.1,1.5,2.5,5.8,7.1
22103,2016-11-20,5.6,1018.5,81,18.6,19.2,.9,.5,1,1.8,4.6,6.4
22103,2016-11-21,7.8,1016,85,18.4,18.3,1.9,1.1,1.4,2.6,5.3,5.8
22103,2016-11-22,8.7,1018.8,73,13.3,17.9,1.9,1.1,1.7,3.1,4.6,5.3
22103,2016-11-23,9.1,1022.4,56,9.5,17.4,2.1,1.3,1.9,2.6,4.7,5.3
22103,2016-11-24,11.1,1024.7,64,7.8,16.9,2.3,1.4,1.8,3,4.5,5.3
22103,2016-11-25,5.9,1026.2,59,9.5,16,1.2,.7,1.2,1.9,5.1,8
22103,2016-11-26,5,1021.9,73,12.2,15.8,1,.6,1.2,1.8,4.9,7.1
22103,2016-11-27,7.9,1019.9,68,12.2,15.4,1.4,.9,1.1,1.9,3.8,4.6
22103,2016-11-28,9.2,1025.6,59,10.8,15.5,1.6,1,1.2,2.2,3.8,4.6
22103,2016-11-29,7.3,1030.3,55,11.3,15.3,1.4,.8,1.3,2.2,4.1,4.9
22103,2016-11-30,7.4,1025.6,78,14.1,15.3,1.4,.9,1.1,1.8,4.4,4.9
22103,2016-12-01,9.5,1025.7,64,12.6,,1.7,1.1,1.5,2.6,4.2,4.9
22103,2016-12-02,6.5,1028.9,48,10.2,15.5,1.3,.8,1.3,2.8,3.9,5.8
22103,2016-12-03,1.8,1025.4,64,12.5,16.5,.7,.4,.6,.9,5.6,9.1
22103,2016-12-04,4.5,1018.7,75,13.5,17,.8,.5,.8,1.3,5.8,9.1
22103,2016-12-05,5.9,1018.3,75,14.4,14.5,1.1,.7,1.3,2.4,4.8,9.1
22103,2016-12-06,8.2,1024.2,57,8.7,14.6,1.8,1.1,1.7,3.2,4.3,6.4
22103,2016-12-07,6.8,1022.1,62,11,14.3,1.3,.8,.9,1.7,4.8,9.1
22103,2016-12-08,2.8,1018.8,63,11.6,14.6,.7,.4,.7,1.1,6.8,9.1
22103,2016-12-09,8.8,1018.3,65,11.8,14.7,1.9,1.2,1.5,2.5,4.5,8
22103,2016-12-10,6.2,1023.6,46,9.2,14.8,1.4,.8,1.1,2,4.1,6.4
22103,2016-12-11,5.5,1025.8,55,10.3,14.8,1.1,.7,.9,1.6,4.6,8
22103,2016-12-12,6.4,1021.5,77,14.6,15.4,1.3,.8,1,1.8,4.4,5.8
22103,2016-12-13,7.4,1015.7,78,13.2,16,1.5,.9,1.3,2.4,6.2,8
22103,2016-12-14,11.3,1017.9,66,7.6,15.2,2.6,1.6,1.9,3.1,4.8,6.4
22103,2016-12-15,12.7,1022.2,67,5.9,14.6,2.8,1.7,2,3.1,4.7,5.3
22103,2016-12-16,10.4,1026.6,65,5.5,14.8,2.2,1.4,1.8,2.9,4.6,6.4
22103,2016-12-17,5.6,1029.7,67,8.8,15.7,1.1,.6,1.1,1.7,5.3,9.1
22103,2016-12-18,4.2,1028.6,79,12.8,15.9,.7,.4,.9,1.8,5.5,8
22103,2016-12-19,5.7,1023.3,85,17.3,17.7,1.7,1,1.4,2.9,4.8,5.3
22103,2016-12-20,5.5,1024.6,89,14.4,17,1.2,.8,1.3,2.2,5.6,7.1
22103,2016-12-21,8.9,1020.7,90,17.7,17.1,2.7,1.6,2.9,4.8,5.7,7.1
22103,2016-12-22,12.4,1012.6,78,13.2,15.8,4.2,2.7,3.3,5.5,7.3,8
22103,2016-12-23,12.8,1020.2,68,8,15,3.3,2,2.4,4.3,5.8,7.1
22103,2016-12-24,5.4,1027.7,64,7.1,13.4,1.6,1,1.4,2.4,8.4,12.8
22103,2016-12-25,5.5,1027.5,76,11.4,14.1,1.2,.7,.8,1.4,10.5,12.8
22103,2016-12-26,7.7,1017.4,90,12.6,14.4,1.8,1.1,1.5,2.5,5.5,10.7
22103,2016-12-27,12.3,1020.7,68,7.2,14.3,2.7,1.7,2,3.2,4.9,6.4
22103,2016-12-28,6.8,1027.3,63,6,14.2,1.7,1,1.4,2.3,6.6,9.1
22103,2016-12-29,10.3,1028.4,64,5.8,13.5,2,1.2,1.6,2.4,4.2,4.6
22103,2016-12-30,5.7,1031,53,6,13,1.3,.8,1.5,2.9,5.1,8
22103,2016-12-31,5.6,1029.7,65,8,12.8,.9,.5,.8,1.4,4.7,9.1
22107,2008-11-15,6,1016.9,72,18,22.8,1.2,.7,1.2,1.9,3.3,7.1
22107,2008-11-16,8.3,1016.2,66,16.9,22.8,1.6,1,1.2,2.1,2.9,5.8
22107,2008-11-17,10.2,1019.1,63,13.8,22.5,2.2,1.3,1.7,3,2.7,6.4
22107,2008-11-18,10.8,1023.2,69,10,22.2,3.4,2.1,2.7,4.6,4.1,8
22107,2008-11-19,11.8,1026.3,75,8.6,21.8,5,3.1,3.5,5.9,5,9.1
22107,2008-11-20,7.3,1026.8,61,10.8,21.5,2.8,1.8,2.8,4.4,4.2,8
22107,2008-11-21,8.7,1026.5,54,13.8,21.6,2.3,1.4,1.9,3.3,3.1,4.3
22107,2008-11-22,2.9,1026.8,61,13.3,21.8,1.4,.8,1.6,2.6,2.7,3.4
22107,2008-11-23,5.1,1023.8,62,15.6,21.8,1.3,.8,1.1,1.8,2.9,4.6
22107,2008-11-24,10.1,1020.1,76,14.4,21.7,2.6,1.6,2.3,3.7,2.8,4.3
22107,2008-11-25,7.6,1025.3,59,14.6,21.5,2,1.3,1.6,2.4,2.7,3.4
22107,2008-11-26,3,1025.3,55,14.1,21.6,1.2,.7,1.3,2.2,3.1,5.3
22107,2008-11-27,9,1018,64,13.3,21.4,3.4,2.2,4.8,8,4.2,9.1
22107,2008-11-28,11.4,1020.3,61,12.5,21,4.7,3,4.7,7.2,5,9.1
22107,2008-11-29,11.1,1022.2,58,12.8,20.7,3.6,2.2,3,4.7,3.7,7.1
22107,2008-11-30,7,1027.7,55,11.4,20.4,2.3,1.4,2.2,3.6,3.3,7.1
22107,2008-12-01,3.4,1024.2,55,14.4,20.4,1,.6,.8,1.2,4.2,8
22107,2008-12-02,5.9,1020.8,56,16.6,20.2,1.7,1,1.4,2.5,2.8,5.3
22107,2008-12-03,4.5,1021.3,55,14.9,20.4,1,.6,1,1.5,3,4.6
22107,2008-12-04,8.3,1019.8,75,15,20.3,2.6,1.6,3,5.1,3.1,4
22107,2008-12-05,14.7,1026.5,75,6.6,19.9,6.6,4.2,5.5,8.2,4.9,9.1
22107,2008-12-06,10.5,1029.5,74,5.4,19.8,4.6,2.9,4.1,7,5.4,9.1
22107,2008-12-07,3.3,1027.8,56,10.1,19.9,1.8,1.1,1.7,2.6,3.8,8
22107,2008-12-08,7.3,1022.4,51,14.9,20,2.5,1.6,2.3,4.2,3.2,6.4
22107,2008-12-09,3.8,1020.1,47,16,19.6,1.8,1.1,1.5,2.2,3.3,6.4
22107,2008-12-10,4.5,1020.4,62,17.2,19.5,1.3,.8,.9,1.8,2.8,4.9
22107,2008-12-11,9.7,1018.9,70,14,19.6,2.4,1.5,1.8,3.1,2.6,4.9
22107,2008-12-12,5.4,1021.1,69,12.4,19.7,1.5,.9,1.6,2.5,3,5.8
22107,2008-12-13,10.1,1021,67,11.4,19.5,2.1,1.3,2.1,3.4,3.4,5.3
22107,2008-12-14,12.6,1022.8,65,8.5,19.2,3.3,2.1,2.5,4,3.7,4.3
22107,2008-12-15,7.7,1024.1,57,10.5,19,2.1,1.3,1.6,2.8,3,3.8
22107,2008-12-16,2.8,1023.8,56,11.9,18.9,1.1,.7,.9,1.5,3.7,5.3
22107,2008-12-17,6.3,1021,60,14.4,18.8,1.5,.9,1.4,2.4,3.2,4.9
22107,2008-12-18,10.9,1023.1,64,9.8,18.7,2.9,1.7,2.1,4.1,3.4,5.8
22107,2008-12-19,5.6,1023.1,58,10.8,18.9,1.5,.9,1.5,2.5,3.8,5.3
22107,2008-12-20,7.4,1019.8,74,15.8,19,2.6,1.6,2.1,3.5,3.3,6.4
22107,2008-12-21,9.7,1021.6,71,11.2,18.8,2.7,1.6,2.6,4.7,3.5,5.8
22107,2008-12-22,13.4,1028.7,74,5.8,18.5,4.9,3.2,4.4,6.6,4.9,9.1
22107,2008-12-23,7.7,1028.2,63,8.4,18.4,2.6,1.6,2.2,3.5,3.8,6.4
22107,2008-12-24,5.2,1022.3,66,10.8,18.2,1.4,.9,1.1,2.2,3.1,8
22107,2008-12-25,13.3,1022.7,64,9,17.8,4,2.7,3.2,5.1,3.7,8
22107,2008-12-26,10.6,1027.8,66,6.4,17.6,2.9,1.8,2.9,4.6,3.5,4.3
22107,2008-12-27,3.8,1025,64,8.7,17.7,1.6,1,1.4,2.4,3.6,5.3
22107,2008-12-28,6.1,1022,74,10.7,17.5,1.5,.9,1.2,2.2,2.5,5.3
22107,2008-12-29,9.2,1020.8,72,10.7,17.7,2,1.2,1.8,3.3,3.3,9.1
22107,2008-12-30,12.3,1024.7,64,7.8,17.8,3.9,2.4,3.2,5.3,4.2,8
22107,2008-12-31,11.6,1024.7,71,6,17.4,3.8,2.4,3.1,5.4,4,7.1
22107,2009-01-01,14,1025.4,71,6,17,4.8,2.9,3.7,5.9,4.6,8
22107,2009-01-02,11.9,1028,65,7.7,17,3.5,2.1,2.5,4.8,4.2,8
22107,2009-01-03,10.4,1027.5,70,8.4,17.2,2.4,1.5,1.8,3,3.3,7.1
22107,2009-01-04,9.8,1025.3,70,8.9,17.5,1.8,1.1,1.3,2.3,2.3,3.8
22107,2009-01-05,9.8,1026.4,67,8.2,17.4,2.1,1.3,1.9,2.8,2.8,4.9
22107,2009-01-06,8.1,1026.6,68,7.8,17.1,2.2,1.4,1.8,2.9,2.8,4
22107,2009-07-23,6.2,1003.2,77,25.8,26.4,1.3,1.1,1.7,2.2,3.7,7.1
22107,2009-07-24,8.1,998.1,88,25.9,,2.3,1.9,2.3,3.1,4,8
22107,2009-07-25,3.6,1004.1,82,25.5,,1.7,1.4,2,2.3,4.7,8
22107,2009-07-26,3.9,1004.8,82,26.1,,1.4,1.1,1.4,1.6,3.8,7.1
22107,2009-07-27,6.3,1005.5,76,26.4,,1.1,1,1.3,1.4,3.5,7.1
22107,2009-07-28,8.9,1002,82,25.6,,1.6,1.3,2.1,2.4,3,5.3
22107,2009-07-29,6.8,1005.7,78,24.9,,1.4,1.1,1.5,2.1,3.6,6.4
22107,2009-07-30,6.5,1009.1,78,26.3,,1.2,.8,1.1,2,2.9,6.4
22107,2009-07-31,5.5,1008.9,78,26.2,26.2,1.3,.8,1,1.6,2.8,5.8
22107,2009-08-01,2.8,1007,79,26.1,26.2,1.1,.7,.8,1.3,3.1,4.9
22107,2009-08-02,6.1,1005.7,77,26.1,25.9,1.4,.9,1.1,1.7,2.8,8
22107,2009-08-03,7.7,1006.2,83,26.2,25.9,1.9,1.1,1.5,2.8,2.9,6.4
22107,2009-08-04,8.4,1006.3,86,26.4,25.7,2.1,1.4,1.7,3,3.5,5.8
22107,2009-08-05,9.4,1005.8,83,26.4,26,2.7,1.7,1.8,3.3,5.2,10.7
22107,2009-08-06,10.8,1006.7,90,26.7,26.1,3.2,2,2.5,4,5.3,10.7
22107,2009-08-07,9.2,1007.2,92,27.4,26.3,3.5,2.2,2.6,4.1,6,10.7
22107,2009-08-08,8.4,1006.3,89,27.3,26.5,4.2,2.7,3.1,4.9,6.5,10.7
22107,2009-08-09,10.2,1003.7,88,26.8,26.5,4.4,2.8,3.1,5.4,8,12.8
22107,2009-08-10,9.2,1004.1,92,27.2,26.3,4,2.6,2.9,5.1,5.9,10.7
22107,2009-08-11,7.5,1003.6,93,28.2,26.4,3.8,2.4,2.7,4.3,5.7,9.1
22107,2009-08-12,8.7,1001.2,92,27.4,26.6,4.4,2.7,3.2,5.5,4.6,8
22107,2009-08-13,5.7,1006.7,86,27.1,26.8,2.5,1.6,2.1,3.3,4.4,8
22107,2009-08-14,3,1008.6,90,25.6,26.6,1.3,.8,1.1,1.9,3.9,6.4
22107,2009-08-15,5,1010.2,87,26.6,26.7,1.5,.9,1.3,2.2,3.9,6.4
22107,2009-08-16,2.1,1013,80,27.4,27.2,.9,.6,.7,1.1,3.1,5.8
22107,2009-08-17,2.7,1013.2,85,27.7,27.6,.9,.5,.8,1.4,2.8,4.9
22107,2009-08-18,3.7,1012.9,84,28.6,27.8,.7,.4,.5,.9,3,5.3
22107,2009-08-19,3.8,1012.1,86,28.9,28,1,.6,.7,1.2,2.6,4.6
22107,2009-08-20,4.9,1008.5,86,28.8,28.1,1.1,.7,.8,1.3,2.6,4.6
22107,2009-08-21,4.1,1007.2,87,29.1,28.4,1,.6,.7,1.3,3.5,7.1
22107,2009-08-22,4,1007.6,75,28.2,28.3,.9,.6,.7,1.2,4.7,8
22107,2009-08-23,7.2,1009.8,73,26.8,27.1,1.2,.7,1.1,1.8,2.9,7.1
22107,2009-08-24,6.2,1011.6,81,25.9,26,1.3,.8,1.1,1.8,3.3,9.1
22107,2009-08-25,1.3,1012,73,27.6,26.9,.8,.5,.6,1,5.1,5.8
22107,2009-08-26,3.8,1009.8,69,27.9,28.2,.8,.5,.6,1.2,4.2,5.8
22107,2009-08-27,7,1006.2,87,28.7,27.8,1.9,1.2,1.5,2.3,2.9,5.8
22107,2009-08-28,7.8,1006.9,82,27.6,27.6,1.8,1.1,1.5,2.6,3.2,5.3
22107,2009-08-29,8.2,1010.8,77,25.6,26.9,2.3,1.4,1.7,3.1,3.9,7.1
22107,2009-08-30,9.9,1010.7,83,26.7,26.3,2.5,1.6,1.9,3.1,3.4,6.4
22107,2009-08-31,7.3,1012.8,84,24.9,26.3,2.6,1.6,1.8,3.2,3,5.3
22107,2009-09-01,9.4,1014.8,73,26.1,26.6,2.8,1.8,2,3.6,3.7,5.3
22107,2009-09-02,7.8,1014.9,75,26,26.8,2.7,1.7,2,3.4,3.9,7.1
22107,2009-09-03,8.1,1013.6,81,26.4,26.7,2.3,1.4,1.7,2.9,3.4,5.3
22107,2009-09-04,4.5,1010.7,82,26.8,26.6,1.7,1.1,1.3,2.3,4.6,10.7
22107,2009-09-05,3.9,1008.3,79,26.6,26.6,1.9,1.2,1.5,2.4,4.6,9.1
22107,2009-09-06,5.6,1007.4,79,26.3,26.6,1.6,1,1.1,2,4.8,9.1
22107,2009-09-07,8.4,1007,80,26.2,27,2,1.2,1.7,2.8,3.7,5.3
22107,2009-09-08,9.5,1007,72,25.1,26.1,2.7,1.7,1.9,3.4,3.6,6.4
22107,2009-09-09,7.9,1009.4,72,24.3,25.4,2.3,1.4,1.8,3.2,3.7,8
22107,2009-09-10,5.7,1010.8,70,24.3,26.3,1.5,.9,1.2,2.1,3.3,5.8
22107,2009-09-11,3.8,1010.4,67,24.7,26.3,.8,.5,.7,1.2,3.9,8
22107,2009-09-12,7.2,1008.7,77,24.4,25.9,1.8,1.1,1.9,3.2,3.1,6.4
22107,2009-09-13,6.5,1015,70,23.7,25.7,2.1,1.3,1.8,2.9,3.9,7.1
22107,2009-09-14,3.1,1013.7,69,24.7,25.8,1,.6,.8,1.5,4.9,10.7
22107,2009-09-15,7.3,1011.8,69,24.1,25.4,1.7,1,1.2,2.2,4.9,10.7
22107,2009-09-16,6.7,1013.7,77,23.7,25,1.4,.9,1.3,2.3,4.1,8
22107,2009-09-17,3.7,1013.9,70,25,25.2,1,.6,.7,1.3,5.8,12.8
22107,2009-09-18,6.6,1013.3,72,24.7,25.3,1.6,1,1.3,2.2,6.8,12.8
22107,2009-09-19,5.8,1012.4,68,24.7,25.1,2.9,1.8,2.3,3.9,7,12.8
22107,2009-09-20,6.1,1013.3,70,24.1,24.7,2.7,1.7,2.3,3.8,7,12.8
22107,2009-09-21,5.8,1013.1,78,24.8,24.8,1.6,1,1.5,2.5,4.8,10.7
22107,2009-09-22,3.4,1015.1,79,25,24.7,1.4,.8,1.1,1.9,2.8,5.3
22107,2009-09-23,3.5,1016.3,82,25.5,24.8,1.2,.8,1,1.7,3.9,6.4
22107,2009-09-24,4.3,1017.2,85,25.8,25.9,1.3,.8,1,1.8,3.5,5.8
22107,2009-09-25,5.6,1014.9,84,25.7,26.3,1.3,.8,1.5,2.2,3,4
22107,2009-09-26,8,1014.3,79,26,26,1.8,1.1,1.5,2.7,2.5,4.6
22107,2009-09-27,7.7,1012.8,84,26.1,25.6,1.9,1.2,1.5,2.5,2.6,4.9
22107,2009-09-28,6.8,1013.8,85,24.5,25.8,1.8,1.2,1.4,2.2,3.1,5.3
22107,2009-09-29,5.7,1016.7,83,25.1,25.8,2,1.2,1.6,2.5,2.9,4.9
22107,2009-09-30,5.4,1017.8,85,24.7,25.4,1.5,.9,1.3,2.1,3.4,8
22107,2009-10-01,5.4,1014.2,89,25,25.2,1.6,1,1.2,2,3.6,5.8
22107,2009-10-02,10.4,1008.7,78,23.6,25.4,2.4,1.5,2.4,3.5,3.1,5.3
22107,2009-10-03,8.6,1014.7,55,22.7,24.6,2.6,1.6,2.5,4,4,7.1
22107,2009-10-04,4.1,1017.3,62,23.4,24.3,1.1,.7,1.1,1.8,5.3,10.7
22107,2009-10-05,7.6,1016.6,61,22.8,23.5,1.8,1.1,1.3,2.3,5.9,10.7
22107,2009-10-06,8,1016.4,56,22.7,23.5,2.2,1.3,1.8,3.1,6.2,12.8
22107,2009-10-07,9.4,1011.1,67,22.4,23.6,4.3,2.6,3.2,5.9,6.1,8
22107,2009-10-08,6.6,1011.9,61,20.9,23.6,2.6,1.6,2.8,4.7,5.9,12.8
22107,2009-10-09,6,1014.7,60,21.1,23.3,1.7,1,1.2,2.2,4.6,10.7
22107,2009-10-10,6.1,1018.9,64,21.1,23.3,1.3,.8,1.1,1.7,3.4,5.3
22107,2009-10-11,5.4,1020.8,62,21.1,23.5,1.3,.8,1.1,2,3.8,9.1
22107,2009-10-12,6.1,1018.8,61,20.7,23.1,1.1,.7,.8,1.3,3,4.9
22107,2009-10-13,5.2,1017.2,60,21.3,23.3,1.1,.7,.8,1.5,2.4,4.3
22107,2009-10-14,8.9,1018.2,59,20.9,23.6,3,1.9,2.2,4.4,3.9,8
22107,2009-10-15,4.7,1019.8,48,21.3,23.1,1.5,.9,1.7,2.6,3.3,6.4
22107,2009-10-16,4.5,1014.9,57,21.8,22.5,1,.6,1,1.5,3.2,5.8
22107,2009-10-17,8.3,1009.4,59,21,21.8,2.6,1.7,2.2,3.7,3.4,6.4
22107,2009-10-18,5.8,1011.3,56,20.4,21.7,2.1,1.4,2.2,3.5,3.8,7.1
22107,2009-10-19,9.3,1012,62,20.4,21.6,2.9,1.9,3,4.6,4.1,8
22107,2009-10-20,7.2,1019.1,57,18.4,21.7,3,1.9,2.8,4.7,4.7,8
22107,2009-10-21,2.9,1021.4,64,20.5,21.6,1.4,.9,1.3,1.8,6.3,12.8
22107,2009-10-22,3.1,1020.2,55,21.6,21.4,1.4,.9,1.2,2.1,6.6,12.8
22107,2009-10-23,4.1,1018.1,61,21.5,21.2,1.7,1.1,1.5,2.6,6.7,12.8
22107,2009-10-24,7.2,1016.8,69,21.7,21.4,2.8,1.7,2.1,4,6.3,10.7
22107,2009-10-25,7.2,1016.6,69,21,21.5,3.1,1.9,2.2,4.2,4.8,7.1
22107,2009-10-26,8.2,1016.2,69,20.4,21.3,2.3,1.5,1.7,2.7,4.2,8
22107,2009-10-27,6.3,1019.5,77,20.4,21.3,1.4,.9,1.1,1.9,2.9,5.3
22107,2009-10-28,5,1022.6,74,21.5,21.2,1,.6,.9,1.5,3.6,6.4
22107,2009-10-29,3.6,1022,82,22.5,21.4,.8,.5,.5,.9,3,5.8
22107,2009-10-30,4.8,1022.2,82,22.3,21.4,1,.6,.9,1.5,2.7,4.3
22107,2009-10-31,4.4,1018.5,89,22.7,21.6,1.5,.9,1.1,2,4.9,6.4
22107,2009-11-01,11.1,1017.7,73,18.1,21.4,4.1,2.5,3.2,5.5,4.1,8
22107,2009-11-02,13.5,1027.7,68,12.5,21.1,6,3.8,5.5,9.9,4.9,10.7
22107,2009-11-03,6.9,1033.1,63,12.8,20.8,3,1.9,3.7,5.6,4.3,8
22107,2009-11-04,3.7,1029.3,58,17.5,20.5,1.2,.7,1,1.6,3.5,6.4
22107,2009-11-05,4.4,1023.7,68,20.7,20.5,1.2,.8,1,1.8,2.8,4.3
22107,2009-11-06,2.7,1018.9,84,21.3,20.5,1,.6,.8,1.3,3.3,8
22107,2009-11-07,4,1017.9,88,22.2,20.8,1.2,.7,.9,1.5,3.1,8
22107,2009-11-08,6.3,1014.8,91,21,20.9,2.6,1.6,2.1,3.5,3.7,7.1
22107,2009-11-09,5.8,1012.5,87,21.4,21.1,2.3,1.4,2,3.5,3.9,7.1
22107,2009-11-10,12.8,1005.7,85,20.1,21.3,3.8,2.4,3.1,5,3.9,7.1
22107,2009-11-11,9.2,1014.5,72,18.2,21.1,4.8,2.9,3.3,5.7,5,8
22107,2009-11-12,9.5,1022.6,73,17.3,21.2,4.4,2.7,3.1,5.3,5.1,8
22107,2009-11-13,9.6,1012.4,84,18.9,22.2,3.2,1.9,2.9,4.4,4.2,8
22107,2009-11-14,11.4,1016.5,66,15,21.9,4.7,3,3.5,5.5,4.9,9.1
22107,2009-11-15,9.6,1023.1,65,12.5,21.8,3.7,2.3,2.6,4.7,4.6,8
22107,2009-11-17,12.5,1024.7,76,10.2,21.4,4.4,2.8,3.3,5.4,4.2,7.1
22107,2009-11-18,8.3,1028.4,72,10.7,21.1,2.8,1.8,2.7,4.6,4,7.1
22107,2009-11-19,7.5,1029.7,63,12,20.8,1.8,1.1,1.4,2.6,2.9,5.3
22107,2009-11-21,,1028.1,60,11.3,20.4,,,,,,
22107,2009-11-23,2.2,1025.5,56,14.7,20.6,.8,,,1.2,,
22107,2009-11-24,3.5,1020.1,62,16.4,20.7,1.1,.6,.9,1.3,2.8,4.6
22107,2009-11-25,4.3,1019.6,66,17.2,20.8,1.3,.8,1,2,3.2,4.3
22107,2009-11-26,3,1021.8,68,17.8,20.9,1.4,.9,1.2,2,3.1,6.4
22107,2009-11-27,8.3,1023,77,15.6,20.8,2.1,1.2,2,3.8,3.2,5.8
22107,2009-11-28,10.2,1023.4,74,13.3,20.7,3.2,2,2.2,4.6,3.6,6.4
22107,2009-11-29,9,1022.9,71,13.3,20.4,2.8,1.7,2,3.7,4.1,6.4
22107,2009-11-30,8.5,1023.8,61,13.1,20.2,2.6,1.6,2,3.5,4.4,7.1
22107,2009-12-01,8.1,1025.1,60,13.5,20.1,1.9,1.2,1.5,2.5,2.9,5.3
22107,2009-12-02,5.4,1023.6,64,13.2,20,1.2,.8,1,1.6,2.7,5.3
22107,2009-12-03,10.8,1020.6,67,13,19.8,3.4,2.1,3.5,5.9,3.6,8
22107,2009-12-04,5.8,1020.7,64,12.8,19.9,2.1,1.3,2.3,3.7,4.2,8
22107,2009-12-05,,,,,,,,4.1,6.4,,9.1
22107,2009-12-08,,1024.9,61,14.6,19.2,,,.6,1.2,,4.9
22107,2009-12-09,8,1018.9,81,16.4,19.2,1.8,1.1,1.9,3.3,3,4.9
22107,2009-12-10,4,1015.8,75,16.7,19.2,1.5,.9,1.3,2.4,3,5.3
22107,2009-12-11,8.2,1018.2,73,15.3,19.1,2.1,1.2,1.7,3.1,3.1,5.3
22107,2009-12-12,8.5,1021.3,70,13.5,19,2,1.2,1.8,3.2,3,7.1
22107,2009-12-13,9.2,1020.5,65,12.3,18.8,2.7,1.6,2,3.9,3.6,7.1
22107,2009-12-14,11.1,1024.8,63,11.1,18.7,3.1,1.9,2.2,3.9,4.1,7.1
22107,2009-12-15,12.6,1025,70,8.7,18.5,3.3,2.1,2.7,3.9,3.5,7.1
22107,2009-12-16,11.1,1026,69,7.3,18.3,3.8,2.4,3,4.9,4,7.1
22107,2009-12-17,10.6,1024.1,70,7.8,18.2,3.7,2.2,3.4,6.1,3.6,8
22107,2009-12-18,12.4,1026.2,69,6,18.1,5.1,3.3,4.2,6.3,4.9,9.1
22107,2009-12-19,11.6,1027,72,6.7,17.9,5,3,3.5,6.3,4.5,8
22107,2009-12-20,11.3,1023.4,70,7.5,17.8,4.4,2.8,3.7,5.4,4,7.1
22107,2009-12-21,8.2,1027,62,8.6,17.6,3.7,2.3,3.9,5.8,4,4.3
22107,2009-12-22,5.7,1023.7,56,12.4,17.6,1.8,1.1,1.8,2.7,3.1,7.1
22107,2009-12-23,5.8,1020.9,62,14.2,17.6,2.2,1.3,2.1,3.1,3.2,6.4
22107,2009-12-24,2.6,1019.5,70,12.9,17.6,.9,.5,.7,1.2,2.9,5.3
22107,2009-12-25,6.8,1017.3,73,11.9,17.7,1.9,1.2,3.2,5.1,3.5,5.8
22107,2009-12-26,11,1021.6,74,6.7,17.5,4.4,2.7,3.6,6,4.8,9.1
22107,2009-12-27,10.1,1020,74,7.4,17.6,3,1.8,2.3,3.8,3.7,6.4
22107,2009-12-28,7.6,1020.5,63,7.1,17.4,3,1.9,2.5,4.2,4,8
22107,2009-12-29,,,,,,,,1.1,1.7,,5.3
22107,2009-12-30,11.3,,63,8.7,17,3.4,2.2,3.5,5.4,4,8
22107,2009-12-31,12.1,,72,4.6,16.8,5,3.1,3.9,6.6,5,9.1
22107,2010-01-01,4.4,,57,7.4,16.9,1.8,1.1,1.9,2.6,3.4,4
22107,2010-01-02,8.7,,65,12.8,16.9,2.2,1.4,2.2,3.3,3,5.3
22107,2010-01-03,7.6,,64,7.8,16.7,2.7,1.7,2.7,4.3,4.2,8
22107,2010-01-04,10.7,,67,11,16.6,3.6,2.4,4.2,7.2,3.8,9.1
22107,2010-01-05,12,,71,4.8,16.4,5.3,3.4,4.3,6.8,4.8,9.1
22107,2010-01-06,11.1,,71,5.2,16.6,4,2.5,2.8,5,4.1,7.1
22107,2010-01-07,11.1,,72,5.8,16.6,3.9,2.4,2.7,4.4,4,7.1
22107,2010-01-08,8.7,,65,7,16.5,2.7,1.7,2.1,3.6,3.8,7.1
22107,2010-01-09,5.6,,66,9.3,16.4,1.5,.9,1.3,2.1,3.3,5.8
22107,2010-01-10,5.8,,70,9.6,16.2,1.2,.7,.9,1.4,2.8,4.9
22107,2010-01-11,9.7,,70,8.2,16.1,2.4,1.5,2.6,4.1,2.8,5.8
22107,2010-01-12,12.2,,66,5.6,16,4.4,2.8,3.3,5.2,4.5,8
22107,2010-01-13,13.3,,79,3.3,15.8,6.5,4.1,5.1,8.5,5.6,9.1
22107,2010-01-14,7,,64,6.5,15.7,3.2,2,3.3,5.2,4.3,8
22107,2010-01-15,8,,60,9.7,15.7,2.3,1.4,1.8,2.9,3.1,5.8
22107,2010-01-16,9.1,,71,6.5,15.7,2.2,1.4,1.7,2.7,3.1,6.4
22107,2010-01-17,7.2,1031.8,70,8.3,15.5,1.4,.9,1.1,2,2.5,4.6
22107,2010-01-18,2.8,1030.4,61,10.8,15.5,.6,.4,.4,.8,4.4,5.3
22107,2010-01-19,6.8,1027.3,74,15.7,15.4,1.3,.8,1.4,2.4,2.9,5.8
22107,2010-01-20,7.6,1018.9,90,16.6,15.4,2.6,1.6,2.4,4.1,3.1,3.8
22107,2010-01-21,13.5,1021.5,82,7.4,15.3,5.2,3.1,3.9,6.9,4.1,5.3
22107,2010-01-22,12.6,1027.7,71,5.9,15.2,4.5,2.7,3.4,5.4,3.9,4.9
22107,2010-01-23,9.8,1027.6,68,6.2,15.4,3.8,2.3,2.7,4.7,3.8,4
22107,2010-01-24,4.1,1025.2,61,8.3,15.4,1.4,.8,1.4,2.3,3.2,4.6
22107,2010-01-25,10.7,1025.5,69,8.1,15.3,3.2,2,2.9,5,3.2,4.3
22107,2010-01-26,8.2,1030.2,72,6.5,15.2,2.6,1.5,2.3,4.1,3.5,4.6
22107,2010-01-27,8.8,1019.9,76,13.2,15.4,2.1,1.3,1.9,3.6,2.7,3.2
22107,2010-01-28,10.7,1018.8,73,9.6,15,2.9,1.7,2,3.3,3,3.4
22107,2010-01-29,6,1025.5,66,8.3,14.9,1.6,.9,1.6,3,3.1,3.8
22107,2010-01-30,5,1022.2,73,11.4,14.9,1.1,.7,1.3,1.8,2.7,4.3
22107,2010-01-31,8,1017.8,82,13,15,2.2,1.3,1.7,2.8,2.8,3.4
22107,2010-02-01,10.7,1016.2,75,9.1,15,2.8,1.8,2.7,4.2,3,3.8
22107,2010-02-02,10.2,1022.5,68,6,14.9,3.4,1.9,2.3,4.5,3.5,6.4
22107,2010-02-03,9.8,1026.2,69,4.6,14.8,2.6,1.5,2,3.3,2.9,3.6
22107,2010-02-04,7.4,1026.8,60,5.5,14.7,1.5,.9,1.2,2,2.3,3
22107,2010-02-05,6.7,1026.1,63,7.4,14.6,1.3,.7,1.2,2.1,2.2,2.9
22107,2010-02-06,8.5,1027.8,60,7.1,14.6,2,1.2,1.5,2.5,2.6,2.9
22107,2010-02-07,8.7,1024.2,72,11.4,14.6,2.1,1.2,1.5,2.7,2.6,2.9
22107,2010-02-08,4.3,1018.4,90,14.9,14.7,2.4,1.4,1.8,2.9,3.8,4.3
22107,2010-02-09,4,1014.6,95,15.2,14.6,1.7,1.1,1.5,2.8,3.7,4.3
22107,2010-02-10,6.9,1013.2,95,13,14.6,2.5,1.5,2.6,4.4,3.7,4.6
22107,2010-02-11,8.9,1012.2,90,12.4,14.6,4,2.4,3.1,5.3,4,4.9
22107,2010-02-12,10.4,1022.5,76,7.5,14.7,4.1,2.5,3,5.1,4.1,4.9
22107,2010-02-13,10.2,1026.4,68,5.5,14.7,3,1.7,1.9,3.5,3.3,6.4
22107,2010-02-14,7.9,1024.9,77,7.5,14.6,2.3,1.3,1.7,3.2,3,3.6
22107,2010-02-15,11.1,1022,73,7.5,14.7,3.5,2.1,3,4.8,3.3,4
22107,2010-02-16,12.1,1026.3,68,5,14.6,4.2,2.5,3.3,5.5,3.6,4.3
22107,2010-02-17,8.9,1025.9,62,6.1,14.5,2.3,1.4,1.9,3.3,2.9,4.3
22107,2010-02-18,10.3,1024.8,63,5.3,14.4,3.8,2.3,3.1,5.5,3.7,4.3
22107,2010-02-19,6.3,1023.5,55,7.3,14.2,2.3,1.4,1.6,2.8,3.1,4
22107,2010-02-20,2.3,1022.6,47,9.5,14.5,.9,.6,.9,1.5,2.5,3.2
22107,2010-02-21,2.9,1020.9,52,10.6,14.6,.6,.4,.5,.9,2.5,5.8
22107,2010-02-22,2.4,1018.6,58,13.7,14.6,,,,,,
22107,2010-02-23,5,1016.4,77,15,14.5,1.2,.7,1.2,2,3.7,5.3
22107,2010-02-24,7.8,1013.7,91,16.5,14.6,1.7,1,1.8,2.9,2.7,3.6
22107,2010-02-25,8.2,1008.8,94,16.2,14.5,3.6,2.1,2.7,5.3,3.3,3.8
22107,2010-02-26,7.2,1009.7,93,13.8,14.4,3.4,2,2.4,4.1,4,4.3
22107,2010-02-27,8.7,1014,83,13,14.6,3,1.8,2.2,3.9,3.7,4.6
22107,2010-02-28,4.5,1018.4,75,13.6,14.7,1.6,.9,1.3,2.2,3.7,6.4
22107,2010-03-01,9.2,1011.3,90,13.5,14.6,2.7,1.6,2.7,4.9,2.7,4
22107,2010-03-02,8.1,1015.9,88,11.2,14.7,2.8,1.6,2.3,4,3.2,4.6
22107,2010-03-03,10.5,1019.1,77,11.3,14.7,2.7,1.6,2.7,4.3,3.1,4
22107,2010-03-04,10.1,1011,90,13.4,14.7,3.2,1.8,2.5,4,3.1,4.6
22107,2010-03-05,7.5,1015.1,91,12.3,14.8,2.2,1.3,1.7,3,2.8,4
22107,2010-03-06,10.5,1017.1,91,11.4,14.8,4,2.3,2.7,4.9,4,4.9
22107,2010-03-07,8.4,1021.5,75,10.8,14.8,3.8,2.2,2.8,5.4,3.9,4.9
22107,2010-03-08,7,1026,65,11.1,14.8,3,1.7,2.3,4.6,3.7,4.9
22107,2010-03-09,9.8,1022,74,8,14.7,3.4,2,4.3,6.8,3.6,4.6
22107,2010-03-10,11.1,1022.5,72,4.3,14.8,6.6,3.9,5.1,8.4,4.6,4.9
22107,2010-03-11,5.3,1026.4,57,8.3,15.3,2.3,1.3,2,3.5,3.4,4.3
22107,2010-03-12,9.8,1020.8,79,14.1,15.2,3.7,2.2,3,5,3.4,4
22107,2010-03-13,7.3,1023.1,75,13.9,15.2,2.4,1.4,1.7,3,2.8,3.6
22107,2010-03-14,9.6,1020.9,89,16.2,15.3,2.1,1.2,1.7,2.8,2.5,3
22107,2010-03-15,11.3,1011.9,83,13.4,15.2,4.8,2.9,4.3,7,3.9,4.6
22107,2010-03-16,10.6,1024.2,57,8.8,14.8,4.3,2.6,3.3,7.2,4,4.6
22107,2010-03-17,5.3,1025,56,11.1,15.1,1.5,.9,1.3,2,2.8,3.6
22107,2010-03-18,10,1020.6,71,8.8,14.9,2.9,1.6,2.4,4.7,2.9,3.6
22107,2010-03-19,6.4,1014.6,75,12.4,14.9,1.9,1.1,2.2,3.9,2.9,4.9
22107,2010-03-20,11.3,1005.3,80,15.4,15,4.5,2.8,3.8,5.8,3.8,4.3
22107,2010-03-21,9.8,1017.5,59,8.9,14.8,3.8,2.3,3.2,5.4,3.9,4.9
22107,2010-03-22,6,1016.8,67,12.6,14.7,1.5,.9,1.1,1.9,2.7,3.8
22107,2010-03-23,7.6,1014,88,12.5,14.5,2.4,1.4,1.8,3.5,2.7,4.9
22107,2010-03-24,5.7,1015.9,78,12.3,14.4,2.6,1.5,1.9,3.1,3.6,4.6
22107,2010-03-25,11,1018.4,69,9.9,14.6,3.4,2.1,3.2,5.5,3.3,4
22107,2010-03-26,7,1026.8,44,7.6,14.5,2.9,1.7,3.4,5.7,3.7,4.6
22107,2010-03-27,2.4,1027.6,52,10,14.4,1,.6,.9,1.5,2.8,3.4
22107,2010-03-28,5.9,1026.3,65,10.7,14.4,1.2,.7,1.3,2.1,3.1,4.9
22107,2010-03-29,7.3,1028.6,56,10.6,14.4,1.5,.9,1.2,2.2,2.4,2.7
22107,2010-03-30,9.2,1027.3,67,13.2,14.3,2,1.2,1.7,2.8,2.6,3.2
22107,2010-03-31,6.7,1017,93,14.8,14.4,2.7,1.6,2.5,4.3,3.4,4.3
22107,2010-04-01,6.9,1011.6,92,13,14.4,2.8,1.7,2.8,4.2,3.6,4.3
22107,2010-04-02,9.5,1021.3,48,11,14.4,3.1,1.9,3.4,5.6,3.2,4.3
22107,2010-04-03,6.7,1025.3,46,10.7,14.4,1.6,.9,1.4,2.7,2.5,3
22107,2010-04-04,4.9,1019.7,62,13.2,14.4,.9,.5,.7,1.2,2.8,4.9
22107,2010-04-05,4.2,1015.1,89,14.9,14.6,1.7,1,1.6,2.5,3.6,4.6
22107,2010-04-06,7.9,1016.6,85,13.3,14.6,2.4,1.4,3.2,4.7,3.7,4.3
22107,2010-04-07,10.6,1023.4,61,10.4,14.5,3.8,2.3,3.5,5.8,3.7,4.3
22107,2010-04-08,6.1,1022.7,66,12.8,14.6,1.8,1.1,1.5,2.6,2.6,3.2
22107,2010-04-09,6.7,1016.9,79,15,14.6,1.9,1.1,1.6,2.6,2.9,3.8
22107,2010-04-10,4.3,1013.4,90,15.8,14.8,2,1.1,1.4,2.6,3.8,5.3
22107,2010-04-11,6.4,1012.4,93,15.5,14.8,2,1.2,1.8,3.2,4,5.8
22107,2010-04-12,8.7,1009.3,89,15.3,14.9,2.7,1.6,2,3.6,3.1,4
22107,2010-04-13,13,1018.7,70,9.9,14.8,4.6,2.7,3.7,6.6,3.8,4.6
22107,2010-04-14,10.1,1026.4,60,8.4,14.6,3.5,2.1,3.4,5.1,3.7,4.3
22107,2010-04-15,7.8,1023.9,60,9.1,14.6,2.3,1.3,1.9,3.2,2.9,3.6
22107,2010-04-16,5.7,1024,66,10.8,14.7,1.3,.8,.9,1.6,2.4,3.4
22107,2010-04-17,2.9,1026.8,54,12.3,15,.7,.4,.6,1,3.4,5.3
22107,2010-04-18,6.3,1023.8,72,16.1,15,1,.6,1.1,1.9,3.2,5.8
22107,2010-04-19,9.9,1014,92,16.7,15,2.8,1.7,3.1,4.8,3.1,5.8
22107,2010-04-20,3.5,1012.7,90,16.6,15.4,2.7,1.6,2.3,3.8,3.9,4.6
22107,2010-04-21,10.2,1011.2,90,16.3,15.4,2.9,1.7,2.7,4.5,3.3,4
22107,2010-04-22,10.1,1008.5,85,14.1,15.3,3.1,1.9,2.5,4.1,3.4,4.9
22107,2010-04-23,8.1,1017.6,76,12.8,15.4,2.1,1.3,1.9,3.3,2.6,4.6
22107,2010-04-24,7,1023,58,13.2,15.1,1.5,.9,1.3,2.3,2.5,4.6
22107,2010-04-25,5.5,1024.3,62,15.7,15.3,.9,.5,.9,1.5,2.5,5.3
22107,2010-04-26,6.4,1017.6,88,16.2,15.4,1.6,.9,1.3,2.4,2.5,3.6
22107,2010-04-27,8,1013.5,67,13.2,15.3,3.1,1.8,2.7,5.1,3.5,4.6
22107,2010-04-28,10.3,1012.6,63,13.5,15.2,3.8,2.3,3.4,5.8,3.7,4.9
22107,2010-04-29,7.5,1018.3,51,13,15.2,3.1,1.9,3,5.1,4,8
22107,2010-04-30,7.2,1018.3,74,14.6,15.3,2,1.2,1.7,2.7,2.7,4.9
22107,2010-05-01,3,1019.1,63,15.5,15.6,.8,.4,.7,1.1,3.3,4.9
22107,2010-05-02,4.2,1016.7,86,17.2,15.4,.7,.4,.7,1.1,2.8,4.9
22107,2010-05-03,4.5,1017.1,93,17.6,15.8,1.2,.7,.8,1.4,2.4,3.8
22107,2010-05-04,4.5,1015,93,18,16.3,1.4,.8,1,1.9,3.6,4.6
22107,2010-05-05,6.8,1009.7,93,18.5,16.4,1.7,1,1.4,2.5,3,4.3
22107,2010-05-06,6.9,1007.3,89,16.5,16,2,1.2,1.6,2.8,2.6,3
22107,2010-05-07,8.2,1010.3,71,15.5,15.8,1.5,.9,1.4,2.5,2.4,2.9
22107,2010-05-08,3.6,1010.8,65,17.5,16.2,.7,.4,.6,1,3.2,4.6
22107,2010-05-09,3.6,1008.7,78,17.6,16,.6,.3,.4,.7,3.9,5.3
22107,2010-05-10,7.3,1007.8,82,16.1,16,1.9,1.1,1.7,3.3,2.8,4
22107,2010-05-11,7.2,1013.3,66,16.1,16.2,1.4,.9,1.4,2.2,2.4,3.6
22107,2010-05-12,7,1016.5,76,15.1,16.1,1,.6,.9,1.6,2.1,2.3
22107,2010-05-13,6.7,1016.8,78,15.1,16.1,1,.6,.8,1.5,2.1,2.3
22107,2010-05-14,6.9,1017.8,79,17.1,16.2,1.4,.8,1.3,2.1,2.5,3.2
22107,2010-05-15,6.4,1018.2,84,17.6,16.6,1.3,.8,1.1,1.9,2.7,4.3
22107,2010-05-16,4.2,1018.5,91,18.6,17.2,1,.6,.8,1.4,3.1,4
22107,2010-05-17,7.3,1015.1,91,19.2,17.3,1.9,1.1,1.8,3.2,3.1,4.3
22107,2010-05-18,6.7,1008.1,97,18.8,17.2,3.3,1.9,2.3,4.9,4.1,4.6
22107,2010-05-19,2.9,1008.6,97,18,17.5,1.8,1.1,1.6,2.5,3.9,4.3
22107,2010-05-20,1.5,1013,98,17.5,18.1,1.1,.6,.9,1.4,3.4,4
22107,2010-05-21,2.2,1012.6,87,18.6,18.5,.8,.5,.6,1,3.8,8
22107,2010-05-22,7.1,1002.9,92,19.2,17.9,1.7,1,1.7,2.9,3,4.3
22107,2010-05-23,7.3,995.6,92,17.4,17.3,2.7,1.5,2.1,3.9,3,3.6
22107,2010-05-24,7.3,1000.1,87,17.7,17.1,2.8,1.7,2.3,3.7,3.4,3.6
22107,2010-05-25,9,1004.8,80,18,17,2.7,1.6,1.8,3.6,3,3.8
22107,2010-05-26,5.2,1010.3,85,17.3,17.1,1.6,.9,1.6,2.6,3.2,3.8
22107,2010-05-27,7.8,1015.8,77,17.8,17.4,1.7,1,1.4,2.4,2.6,3.2
22107,2010-05-28,4.9,1015.6,75,17.5,17.5,1.3,.8,1,1.6,2.9,4
22107,2010-05-29,3.2,1011.5,76,17.7,17.8,1.1,.7,.9,1.6,2.5,3.4
22107,2010-05-30,6.3,1010.5,75,18,17.9,1.9,1.1,1.5,2.8,2.6,3.4
22107,2010-05-31,8,1012.8,73,17.8,17.9,2.2,1.3,1.6,2.8,2.8,3.8
22107,2010-06-01,4.8,1015.1,72,17.9,18.2,1.5,.9,1.1,1.9,2.7,3.6
22107,2010-06-02,3.6,1016.9,82,18.8,18.3,1.2,.7,.8,1.4,2.6,4.6
22107,2010-06-03,4.7,1018.1,87,19.8,18.6,1.7,.9,1.3,2.3,4,4.9
22107,2010-06-04,2.2,1016.3,84,20.1,19.2,1.5,.9,1.2,2,4.1,4.6
22107,2010-06-05,3.2,1013.5,87,20,19.5,1.3,.8,.9,1.6,3.9,4.3
22107,2010-06-06,1.9,1012.6,84,21.1,20,1.4,.8,1,1.8,4.1,4.6
22107,2010-06-07,2.9,1014,81,21.3,20.4,1.3,.8,1.2,1.9,4.1,7.1
22107,2010-06-08,3.3,1014.5,79,21.1,20.3,1.7,1,1.2,2.1,3.7,4.3
22107,2010-06-09,6.8,1014.1,85,21.1,20,1.4,.8,1.3,2,2.7,4
22107,2010-06-10,6.8,1013.5,90,21,19.9,1.2,.7,.9,1.5,2.8,4.3
22107,2010-06-11,7.3,1011.2,93,21.2,19.7,1.7,1,1.3,2.2,2.5,3
22107,2010-06-12,8.5,1007,92,21.5,19.6,2.8,1.7,2.3,4.1,3.7,4.3
22107,2010-06-13,3.2,1007.5,88,22,20.4,2.7,1.6,2.2,4,3.9,4.6
22107,2010-06-14,2,1008.5,88,21.7,20.8,1.1,.6,.9,1.5,3.1,4.9
22107,2010-06-15,2.9,1006.4,90,21.7,21.4,.6,.4,.6,.9,3.9,4.9
22107,2010-06-16,2.1,1008.1,86,22.3,21.5,.9,.5,.8,1.4,3.6,4.3
22107,2010-06-17,4.9,1005.3,93,22.3,21.4,1.2,.7,1,1.8,3.3,4
22107,2010-06-18,3.9,1002.3,94,22.1,21.8,1.8,1,1.4,2.3,3.6,5.8
22107,2010-06-19,1.9,1005.6,94,22.3,22,1.9,1.2,1.3,2.3,3.7,4.3
22107,2010-06-20,3.2,1004.3,96,22.5,22,1.6,.9,1.1,2,3.6,4
22107,2010-06-21,5.3,1006.7,88,21.4,21.6,1.4,.8,1.2,2.1,3.3,6.4
22107,2010-06-22,2.5,1008.5,86,22.5,22,1,.6,.7,1.2,3.1,3.6
22107,2010-06-23,4,1008.8,85,22.5,21.9,.9,.5,.6,1.1,3.1,5.8
22107,2010-06-24,3.8,1009.1,90,22.9,22.2,.9,.5,.6,1,3,5.8
22107,2010-06-25,8.4,1006.3,92,23.1,22.2,1.8,1,2,3.5,2.7,3.4
22107,2010-06-26,7.5,1004.4,96,23.3,22.3,2.2,1.3,1.9,3.7,3,3.6
22107,2010-06-27,5,1008.6,97,22.6,22.1,2.2,1.3,1.8,3.3,3.5,4
22107,2010-06-28,5.4,1007,98,22.9,21.9,1.9,1.1,1.3,2.5,3.1,5.8
22107,2010-06-29,2.7,1007.4,98,22.7,21.8,1.3,.8,.9,1.6,2.8,4.6
22107,2010-06-30,2.6,1006.5,98,23.1,22.2,1,.6,.7,1.3,2.8,4.6
22107,2010-07-01,3.3,1005.1,99,23.2,22.9,.8,.5,.6,1,3,4.6
22107,2010-07-02,3.8,1002.2,99,21.1,23.1,.9,.5,.7,1.2,2.8,5.3
22107,2010-07-03,3.2,1000.2,96,24.9,23.4,1.4,.8,1,1.7,2.7,3.2
22107,2010-07-04,2.8,1000.5,96,24.8,24,1.5,.9,1.1,1.9,3.6,7.1
22107,2010-07-05,3.2,1000.4,93,25,24.4,1.6,1,1.1,2,3.7,4.3
22107,2010-07-06,3.4,1002.7,82,26,24.6,1.5,.9,1,2,4.2,8
22107,2010-07-07,2.8,1006.4,91,26.1,25.3,1.4,.9,1.1,1.8,3.9,4.6
22107,2010-07-08,2.7,1008.4,85,25.4,25.4,1.4,.8,1,1.6,3.8,4.3
22107,2010-07-09,4.1,1007.6,83,25.1,25.3,1.3,.8,1,1.7,3.6,4
22107,2010-07-10,7.1,1006.5,91,25.5,24.9,1.8,1,1.4,2.5,3.1,3.8
22107,2010-07-11,9,1002.2,91,25.4,23.8,3.7,2.1,2.6,4.8,3.8,4.6
22107,2010-07-12,3.1,1008,90,23.7,23.5,2.3,1.3,1.7,3.2,3.8,6.4
22107,2010-07-13,4.8,1007.2,95,24.3,23.3,1.9,1.1,1.5,2.8,3.4,7.1
22107,2010-07-14,3.8,1009.5,90,23.3,23.3,1.6,.9,1.2,2,3.1,3.4
22107,2010-07-15,5.4,1011.4,91,24.4,23.6,1.4,.8,1.1,1.9,3.1,5.8
22107,2010-07-16,6.7,1011.6,94,25.6,23.8,2,1.2,1.5,2.5,3.3,5.3
22107,2010-07-17,5.9,1014.8,93,25.8,24.3,1.7,1,1.4,2.6,2.7,3.2
22107,2010-07-18,5.7,1014.6,93,26.1,24.8,1.4,.8,1,1.9,2.5,3.2
22107,2010-07-19,6.4,1013.8,92,26.8,25.5,1.7,1,1.4,2.6,3.2,4.9
22107,2010-07-20,8.6,1012,90,27.3,26,3,1.8,2.6,4.1,3.7,4.6
22107,2010-07-21,6.4,1013.8,92,27.3,26.1,2.5,1.4,2.3,4.3,3.4,4.3
22107,2010-07-22,4.9,1014.8,92,27.5,26.6,1.4,.8,1,1.8,2.8,5.3
22107,2010-07-23,4.2,1014.2,90,27.9,27.1,1.2,.7,.8,1.3,2.5,3
22107,2010-07-24,3.1,1014.7,89,27.5,27.5,1,.6,.7,1.3,2.9,4
22107,2010-07-25,4.2,1015.7,80,27.3,27.5,1.2,.7,.9,1.6,3.6,7.1
22107,2010-07-26,5,1015.1,83,28.1,27.7,1.3,.8,.9,1.5,3.4,3.8
22107,2010-07-27,8.4,1010.6,82,26.8,27.1,2.7,1.6,3.3,5.9,3.4,4.6
22107,2010-07-28,9.8,1002.3,88,26.5,26.2,4.6,2.7,3.9,7,4.5,4.9
22107,2010-07-29,5,1002.7,87,26.6,26.3,2.6,1.6,2.4,3.8,4.1,8
22107,2010-07-30,3.2,1005.4,90,27.4,27,1.8,1.1,1.3,2.3,4,4.6
22107,2010-07-31,5.3,1007.4,90,27.8,27.1,1.9,1.1,1.3,2.4,3.5,3.8
22107,2010-08-01,4.6,1008.5,90,28,27.3,2.3,1.3,1.6,2.9,3.5,3.8
22107,2010-08-02,1.9,1007.7,91,28.7,27.9,1.6,.9,1.3,2.1,3.3,6.4
22107,2010-08-03,2.4,1005.9,89,29.3,28.6,1,.6,.8,1.4,2.9,5.8
22107,2010-08-04,4.5,1007.9,87,29.3,28.5,.8,.5,.6,1,2.6,4.3
22107,2010-08-05,6,1011.4,86,29.2,28.3,1.6,.9,1.3,2.2,2.4,3
22107,2010-08-06,6.5,1015.4,84,29.3,28.8,2.3,1.4,1.5,2.8,3.1,3.6
22107,2010-08-07,6,1013.5,74,29.1,29.4,2.3,1.3,1.6,2.8,3.8,4.3
22107,2010-08-08,7.2,1010.1,77,29,29.2,2.4,1.5,1.9,3.2,3.7,4.9
22107,2010-08-09,8,1007.1,83,29.2,29,2.5,1.4,1.8,3.3,4.1,7.1
22107,2010-08-10,12,998.3,87,28.3,28,7.1,4.1,6.6,13.7,5.3,6.4
22107,2010-08-11,8.5,1001.1,90,27.8,26.7,4.3,2.6,3.6,6.7,4.5,5.3
22107,2010-08-12,3.4,1007.1,93,27.8,27.2,1.8,1.1,1.3,2.3,3.5,4.3
22107,2010-08-13,5.2,1005.4,92,28.5,27.5,2,1.2,1.5,2.4,3.3,4
22107,2010-08-14,6.8,1006.3,90,28.8,27.8,2.3,1.4,2,3.6,3.3,3.8
22107,2010-08-15,8.5,1007.6,89,28.7,27.5,3.3,2,2.3,3.9,3.7,4
22107,2010-08-16,6.8,1010.4,88,28.7,27.7,2.6,1.6,1.9,3,3.5,7.1
22107,2010-08-17,5.5,1012,85,28.9,28.2,1.9,1.2,1.6,2.7,3,3.2
22107,2010-08-18,4.8,1015.3,85,29,28.5,1.4,.8,1,1.8,2.6,2.9
22107,2010-08-19,4.2,1018.2,82,29.1,28.9,1.4,.8,1.1,1.8,3.2,5.3
22107,2010-08-20,4.4,1018,85,29.2,29.1,1.1,.6,.8,1.6,2.4,2.9
22107,2010-08-21,4.7,1016,83,29.6,29.4,.9,.5,.8,1.2,2.7,4.9
22107,2010-08-22,5.7,1014.3,81,29.8,29.8,1.4,.8,1,1.9,2.8,3.8
22107,2010-08-23,4.6,1013.8,78,29.7,30.2,1.1,.6,.8,1.4,2.3,3
22107,2010-08-24,4.5,1013.2,77,29.7,30.2,1,.6,.8,1.7,2.4,3.4
22107,2010-08-25,5.8,1012.4,80,29.8,30,1.3,.7,1,1.7,2.3,2.5
22107,2010-08-26,6.5,1012.8,79,29.4,29.7,1.5,.9,1.1,1.9,2.4,3.6
22107,2010-08-27,6.9,1011.5,83,28.1,29.2,2.1,1.2,2,3.2,2.9,3.8
22107,2010-08-28,7.4,1008.5,83,28.7,29.1,4.4,2.5,3.8,6.5,4.9,9.1
22107,2010-08-29,3.4,1010.2,83,28.3,29.2,2.5,1.4,1.8,3.9,4,4.9
22107,2010-08-30,4.1,1010.1,84,28.1,29.1,1.6,.9,1.2,2,3.7,4.3
22107,2010-08-31,6.1,1010.3,85,28.9,28.9,2.1,1.2,1.7,3.1,3.6,4.3
22107,2010-09-01,13.3,1007.6,85,28.5,27.8,6.2,3.7,6.6,11,4.5,6.4
22107,2010-09-02,4.6,1014.1,93,26.7,25.8,3.8,2.2,3.9,6.3,4,4.9
22107,2010-09-03,4.3,1014.8,92,27.5,26.7,2,1.2,1.3,2.3,3.6,4
22107,2010-09-04,5.1,1013.4,87,28.3,27.5,1.5,.9,1.1,1.9,4.1,6.4
22107,2010-09-05,8.8,1009.1,87,27.7,26.2,3.9,2.3,3.5,5.6,5.1,5.8
22107,2010-09-06,11.7,1000.3,90,26.5,24.2,5.7,3.4,4.8,7.8,4.9,5.3
22107,2010-09-07,6.2,1005.4,90,25.6,26.2,2.5,1.5,2.3,4.3,3.6,4.6
22107,2010-09-08,3.2,1013.3,86,26.9,27.2,1.6,1,1.2,2,3.6,4.3
22107,2010-09-09,4.2,1013.8,93,27,26.4,1.5,.9,1.2,2.1,3.6,4
22107,2010-09-10,3.9,1011.4,95,27,26.3,1.3,.8,.9,1.7,3.6,3.8
22107,2010-09-11,6.3,1010,95,26.9,25.5,2.5,1.4,1.9,3.5,3.6,4.3
22107,2010-09-12,5.4,1010.3,89,25.6,24.6,2.8,1.7,2.8,5.2,3.7,4.3
22107,2010-09-13,2.9,1013.2,84,25.1,24.7,1.3,.8,1.3,2.3,3.1,3.6
22107,2010-09-14,3.1,1014.6,82,25.2,25,.7,.4,.5,.9,2.8,3.8
22107,2010-09-15,6,1012.4,83,24.6,24.6,1.3,.7,1,1.7,2.6,4.9
22107,2010-09-16,4.9,1012.3,81,24.6,24.4,1.1,.6,.8,1.4,2.5,5.3
22107,2010-09-17,2.6,1012.8,77,25.3,24.9,1,.6,.8,1.3,3.6,5.3
22107,2010-09-18,3.5,1012.3,85,25.8,25.4,1.7,1,1.4,2.4,5.4,5.8
22107,2010-09-19,2.3,1012.4,96,27.2,26.4,2.6,1.5,2,3.5,5.4,5.8
22107,2010-09-20,2.6,1013.7,96,27.9,27.2,3,1.8,2.2,4.3,5.2,5.8
22107,2010-09-21,5.7,1012.9,94,28.2,27.2,2.5,1.5,1.7,3.1,4.4,4.9
22107,2010-09-22,10.1,1009.8,87,24.6,26.4,3.2,1.9,2.5,4.9,3.6,5.3
22107,2010-09-23,9.6,1014.1,73,21.9,24.8,3,1.8,2.4,4.3,3.5,4
22107,2010-09-24,7.1,1015.3,65,22.9,24.7,2.1,1.2,1.6,2.7,3.4,4.6
22107,2010-09-25,5.4,1016.1,61,23.3,24.4,1.9,1.1,1.5,2.3,4.6,7.1
22107,2010-09-26,6.4,1017.3,86,21.6,24.2,1.8,1,1.5,2.5,3.7,7.1
22107,2010-09-27,3.8,1014.1,80,23.3,23.8,1.3,.7,.9,1.8,2.8,5.3
22107,2010-09-28,9,1016.5,70,22.1,23.6,2.2,1.3,2.3,4.1,2.8,3.4
22107,2010-09-29,7,1018.9,73,21.1,24.5,2.2,1.3,1.9,3.4,3.2,3.8
22107,2010-09-30,7.4,1019.2,76,20.9,24.9,1.7,1,1.2,2.1,2.5,3
22107,2010-10-01,4.8,1019.6,76,23,24.7,1.1,.7,.8,1.4,2.1,2.3
22107,2010-10-02,6.6,1015.2,83,24.6,24.4,1.3,.8,1,1.8,2.4,3
22107,2010-10-03,7.6,1013.4,74,22.7,24.5,1.9,1.2,1.7,2.6,2.8,3.2
22107,2010-10-04,10.3,1013.9,63,21,23.9,4,2.4,3,5.4,3.9,4.3
22107,2010-10-05,7.9,1015.9,59,20.5,23.8,3.1,1.8,2.5,4.2,4,4.6
22107,2010-10-06,4.2,1018.3,66,20.3,24,1.3,.8,1.4,2.3,3.1,4
22107,2010-10-07,6.7,1018.2,70,23.3,23.9,1.4,.9,1.6,2.5,2.5,3.6
22107,2010-10-08,5.5,1015.7,73,21.5,23.7,.9,.5,.9,1.5,2.5,4.9
22107,2010-10-09,6.8,1012.1,73,21.3,23.9,1.1,.6,1,1.8,2.3,3.2
22107,2010-10-10,6.6,1014.6,72,21.5,24.2,1.3,.8,1.1,1.9,2.3,3
22107,2010-10-11,2.2,1015.4,71,23,23.9,.6,.3,.4,.9,3.3,4.6
22107,2010-10-12,6.1,1016.1,72,21.8,23.4,.9,.5,.9,1.5,2.9,4.6
22107,2010-10-13,8.6,1014.2,75,19.8,23.2,1.8,1,1.3,2.5,2.4,3.6
22107,2010-10-14,9.2,1014.8,68,19.9,23.7,2.2,1.2,1.6,2.9,2.6,3
22107,2010-10-15,7.5,1018.1,63,19.5,23.7,1.9,1.2,1.5,2.5,2.9,3.8
22107,2010-10-16,1.7,1020.7,65,20.4,22.5,.8,.5,.8,1.4,3.1,3.6
22107,2010-10-17,4.7,1022.5,66,21.3,21.5,.8,.4,.6,1.1,2.9,5.8
22107,2010-10-18,5,1023.2,74,21,21.5,1.6,.9,1.3,2.3,5.6,7.1
22107,2010-10-19,5.9,1021.3,76,22.1,21,2.4,1.4,1.6,2.8,3.1,3.8
22107,2010-10-20,8.2,1018.9,80,21.1,21,2.7,1.6,2,3.3,4.6,7.1
22107,2010-10-21,9.4,1017,84,20.2,21.9,3,1.8,2,3.7,3.2,3.6
22107,2010-10-22,9.4,1018.5,75,21.8,22.3,3.3,1.9,2.3,4.2,3.9,8
22107,2010-10-23,9.5,1016,88,22.3,22.5,2.8,1.7,2.2,3.7,3.1,4.6
22107,2010-10-24,8,1010.4,98,21.6,21.8,3.6,2.1,3.1,5.6,3.9,4.6
22107,2010-10-25,13.7,1012.8,85,17.4,21.8,4.8,2.9,4.6,8,3.9,5.3
22107,2010-10-26,15.5,1022,68,12.6,20.6,7.3,4.1,5,9.5,4.8,9.1
22107,2010-10-27,8.4,1025.4,71,14.3,20.7,3.3,1.9,3,5.2,4.1,9.1
22107,2010-10-28,11.2,1022.2,70,14.6,20.5,3.6,2.1,2.9,5.9,3.3,5.8
22107,2010-10-29,9.7,1023.3,72,16.1,21.3,3.3,1.9,2.3,3.7,3.7,4.6
22107,2010-10-30,8.8,1024.1,72,17.7,22.1,3.2,1.9,2.4,4.2,4.1,4.9
22107,2010-10-31,8.4,1022.5,70,17.2,21.3,2.7,1.5,2,4,3.6,8
22107,2010-11-01,10,1021.4,52,17,19.6,2.8,1.6,2.2,3.4,2.8,3.2
22107,2010-11-02,10,1023,68,14.5,19.6,3.2,2,2.7,4.2,3.3,4.3
22107,2010-11-03,8.2,1026.2,64,13.8,20.1,2.5,1.5,2.4,4.1,3.2,4
22107,2010-11-04,4.5,1025.6,58,16.1,20.2,1,.6,.9,1.5,2.7,3.2
22107,2010-11-05,5.4,1024.1,64,17,19.4,1,.6,.7,1.4,2.4,2.9
22107,2010-11-06,3.3,1022.2,48,17.8,19.4,.7,.4,.7,1.1,3.7,5.3
22107,2010-11-07,2.9,1018.7,57,17.9,19.5,.6,.3,.6,.9,4.2,5.3
22107,2010-11-08,10.1,1017.9,67,16.3,19.6,3.1,1.8,3.1,5.2,3,4.6
22107,2010-11-09,10,1021.1,56,13.7,20,4.1,2.5,3.2,5.6,4.4,5.3
22107,2010-11-10,6.6,1020.5,65,17.8,20.3,2.3,1.4,2,3.3,3.3,4.6
22107,2010-11-11,9.4,1017.4,77,19.9,20.3,3.1,1.8,2.5,4.4,3.4,3.8
22107,2010-11-12,5,1021.1,50,16.5,19.8,2.5,1.5,2,3.6,3.7,4.3
22107,2010-11-13,4.8,1024.8,66,18.7,19.9,1.1,.6,.9,1.5,2.8,3.8
22107,2010-11-14,8.4,1026,71,16.3,19.7,2.2,1.3,2.5,5.2,2.9,3.8
22107,2010-11-15,12.5,1027.1,66,11.5,19.6,4.7,2.8,3.2,6.6,3.9,4.6
22107,2010-11-16,7.7,1026.2,67,10.8,20.2,2,1.2,2,2.9,2.8,3.8
22107,2010-11-17,4.7,1025,58,13.7,20.1,.9,.5,.8,1.4,2.9,4.9
22107,2010-11-18,3.7,1024.5,53,14.4,20,.9,.5,.7,1.4,2.6,4.3
22107,2010-11-19,1.9,1020.4,55,14.9,20.1,.5,.3,.4,.8,4.4,4.9
22107,2010-11-20,1.7,1017.8,54,17.2,19.9,,,.4,.7,,4.6
22107,2010-11-21,3.1,1014.7,60,18.9,20,.7,.4,.7,1.1,5.8,9.1
22107,2010-11-22,11.2,1013,72,15.3,19.9,3.5,2.2,3.8,6.8,6.9,9.1
22107,2010-11-23,7.4,1019.6,66,14.4,20.2,2.9,1.8,3.1,5.1,7,8
22107,2010-11-24,5.8,1020.4,65,16.9,20.1,1.7,1.1,1.3,2.1,5.5,7.1
22107,2010-11-25,9.3,1021.7,67,13.9,19.9,2.4,1.5,2.5,4.5,5,7.1
22107,2010-11-26,8.8,1021.6,60,11.5,19.9,2.7,1.7,2.4,4.4,6.2,7.1
22107,2010-11-27,8.3,1019.3,64,15.4,19.8,2.6,1.6,2.9,4.9,5.8,7.1
22107,2010-11-28,6.4,1025,62,11.3,19.6,3.1,2,3,4.8,7.7,9.1
22107,2010-11-29,3.9,1023.9,52,16.3,19.7,1,.6,.9,1.4,5.3,8
22107,2010-11-30,4.3,1019.7,68,18.6,19.5,1,.6,.8,1.5,4.3,5.8
22107,2010-12-01,3.9,1019.1,65,19.3,19.3,1.5,.9,1.1,1.9,6.7,8
22107,2010-12-02,5.5,1015.3,67,18.7,19,1.7,1.1,1.3,2.3,7.7,9.1
22107,2010-12-03,12.4,1020.8,62,11.6,18.8,4.8,3.2,4.6,6.9,7.6,10.7
22107,2010-12-04,4.1,1022.5,62,12.4,18.9,1.7,1.1,2.1,3.8,6.7,8
22107,2010-12-05,4.2,1018.3,65,16.4,19.5,1.4,.9,1.1,1.8,5.1,5.8
22107,2010-12-06,9.4,1017.4,70,13.6,19.1,3.5,2.2,4.6,7.2,6.6,9.1
22107,2010-12-07,12.2,1017.4,63,9.3,19,4.9,2.9,3.6,6.4,7.4,9.1
22107,2010-12-08,8.5,1013.2,58,11.2,18.9,2.6,1.7,3,4.8,5.9,7.1
22107,2010-12-09,8.2,1018.2,54,9.8,18.3,3.7,2.4,3.9,6,7.9,9.1
22107,2010-12-10,7.7,1014.4,61,15,18.3,2.3,1.4,2.6,3.9,6,8
22107,2010-12-11,10.8,1019.1,63,10.5,18,3.7,2.4,3,5.6,7.4,9.1
22107,2010-12-12,8.6,1020.5,71,12.2,17.9,2.4,1.5,2.1,3.2,5.8,9.1
22107,2010-12-13,11.3,1011.4,88,14.6,17.9,3.4,2.1,2.5,4.7,6.4,8
22107,2010-12-14,13.3,1020.3,75,9.6,17.7,4.9,3,3.7,7,7.2,9.1
22107,2010-12-15,11.4,1023.1,74,6.3,17.5,4.6,2.9,3.8,6.9,7.9,9.1
22107,2010-12-16,9.6,1019.9,67,6.7,17.4,4.2,2.6,3.3,5.2,7.8,8
22107,2010-12-17,8.9,1018,58,10,17.5,3.6,2.3,2.9,5.1,7.1,8
22107,2010-12-18,3.9,1021.9,54,12.4,17.7,1.8,1.1,2,3.4,6,7.1
22107,2010-12-19,7.7,1019.6,64,16.4,17.6,2.1,1.4,1.8,3,5.1,6.4
22107,2010-12-20,7.3,1017.3,66,13.5,17.4,1.8,1.1,1.4,2.3,4.7,5.3
22107,2010-12-21,5.5,1012.8,69,13.1,17.5,1.3,.8,1.3,2.3,4.5,5.8
22107,2010-12-22,7.9,1016.1,67,11.8,17.4,1.7,1,1.6,2.7,4.7,5.3
22107,2010-12-23,9.2,1020.9,69,11.4,17.2,2,1.3,3.5,5.9,4.6,8
22107,2010-12-24,13.5,1025.4,74,5,17.1,5.3,3.2,3.6,6.5,7.8,9.1
22107,2010-12-25,11,1022.1,70,5.3,16.9,4.1,2.6,3.2,5.2,7.4,9.1
22107,2010-12-26,12.5,1015.9,75,6.6,16.9,5.1,3.2,4.5,6.7,7.5,8
22107,2010-12-27,9.4,1015.7,60,10.5,17.1,4.3,2.7,4.4,7.1,7.7,9.1
22107,2010-12-28,13.7,1013.9,62,11.2,17.2,6,3.8,5.2,7.6,8,9.1
22107,2010-12-29,7.6,1019.4,63,8.1,17.1,3.9,2.4,4.2,7.1,8.3,10.7
22107,2010-12-30,14.2,1016.2,71,6.9,16.9,6.7,4.3,6.5,10.8,8.4,10.7
22107,2010-12-31,14.2,1015.9,79,4.7,16.9,8.1,5.2,6.6,10.3,9.7,10.7
22107,2011-01-01,12.8,1020.5,70,6.5,17,6.2,3.8,4.7,8.1,8.9,9.1
22107,2011-01-02,10.7,1025.5,66,7.3,16.8,3.3,2,2.6,3.9,6.9,8
22107,2011-01-03,10.5,1022.5,76,6.7,16.4,3.2,2,2.5,4.6,6.3,7.1
22107,2011-01-04,9.5,1023,67,7.5,16.5,3.3,2.1,2.8,4.3,6.8,7.1
22107,2011-01-05,9,1022.8,67,8.2,16.6,2.8,1.8,2.4,3.9,6.3,7.1
22107,2011-01-06,12,1025.3,74,6.5,16.4,4.7,2.8,3.7,6.2,7.2,8
22107,2011-01-07,10.6,1028.1,66,6.1,16.1,3.7,2.3,3,4.5,6.8,8
22107,2011-01-08,5.9,1026,62,8.1,16,1.5,1,1.4,2.3,5.2,7.1
22107,2011-01-09,11.2,1024.2,64,7,15.9,3.7,2.3,3.9,6.2,6.3,9.1
22107,2011-01-10,10,1025,67,4.3,15.8,3.7,2.3,3.4,5.4,6.9,9.1
22107,2011-01-11,8.7,1019.3,70,6,15.8,2.5,1.6,2.3,3.8,5.5,6.4
22107,2011-01-12,8.9,1021.3,68,5.6,15.7,3.6,2.3,3.1,4.5,7.1,8
22107,2011-01-13,5.3,1025.5,68,6.1,15.7,1.5,1,1.4,2.3,5,7.1
22107,2011-01-14,7.2,1025.2,66,8.2,15.8,1.3,.8,1.2,1.9,4.1,5.3
22107,2011-01-15,13.4,1025.6,73,4.4,15.4,5.1,3.2,5.1,7.8,7.3,9.1
22107,2011-01-16,12.9,1026.5,73,3.4,15.8,6.9,4.1,4.7,9.5,9.2,10.7
22107,2011-01-17,8.5,1029.8,66,5.7,15.7,4.3,2.6,3.6,6.3,7.7,9.1
22107,2011-01-18,,,,,,,,1.8,2.8,,7.1
22107,2011-03-12,,,,,,,,1.3,2.2,,5.3
22107,2011-03-13,2.4,1019.7,75,14,14.2,1,.6,.9,1.4,5.4,8
22107,2011-03-14,5.8,1017.4,79,12.5,13.9,1.7,1,1.8,3.3,6.7,9.1
22107,2011-03-15,12.6,1021.1,68,7.3,13.8,4.6,2.8,3.4,5.6,6.9,8
22107,2011-03-16,10.5,1023.9,58,6.8,13.9,4.1,2.5,3.4,5.4,7.1,8
22107,2011-03-17,8.2,1027.2,60,6.8,13.9,2.5,1.6,2.6,4.5,6.3,8
22107,2011-03-18,5.9,1024.8,62,11.1,14,1.2,.8,1.2,1.8,4.7,6.4
22107,2011-03-19,5.5,1019.8,85,13.2,13.9,1.5,.9,1.4,2.1,4.5,5.3
22107,2011-03-20,9.2,1011.5,92,12.4,13.8,2.3,1.4,1.9,3.4,5,7.1
22107,2011-03-21,9.9,1016.2,84,10.8,13.9,3,1.8,2.4,4.2,6,7.1
22107,2011-03-22,13.7,1024.1,59,7.3,13.8,4.6,2.9,4,6.8,7.1,8
22107,2011-03-23,9.8,1026.1,58,6.9,13.7,2.8,1.7,2.6,3.4,5.7,7.1
22107,2011-03-24,6,1025.1,49,9.5,13.8,1.4,.9,2,3.2,4.9,5.8
22107,2011-03-25,11.4,1027.7,54,7.6,13.6,3.9,2.5,3.1,5.4,6.8,8
22107,2011-03-26,7.7,1029.3,54,7.3,13.6,1.9,1.2,1.8,2.9,4.9,7.1
22107,2011-03-27,4.8,1027.6,52,9.5,13.9,.9,.6,1.2,1.7,4.4,8
22107,2011-03-28,5.8,1026.3,53,10.9,13.9,1.6,1,1.6,2.3,4.5,5.3
22107,2011-03-29,7.1,1025.2,60,9.6,13.8,1.6,1,1.7,2.9,4.6,9.1
22107,2011-03-30,6.7,1025.4,58,10.4,13.8,1.3,.8,1.3,2.1,4.1,4.9
22107,2011-03-31,5.4,1023.5,65,12,13.8,1,.6,.8,1.2,4.8,9.1
22107,2011-04-01,1.9,1022.2,70,12.9,14,.6,.4,.4,.7,8.5,10.7
22107,2011-04-02,5.4,1019.6,78,13.1,13.9,.9,.6,.8,1.2,6.2,10.7
22107,2011-04-03,8,1019.2,86,10.9,13.8,2.5,1.5,1.8,3.2,5.7,7.1
22107,2011-04-04,7,1023.6,61,11.5,14,2.7,1.7,1.9,3.1,7.3,9.1
22107,2011-04-05,5.4,1025.9,61,12.3,14.1,2.2,1.4,1.8,3.1,7.4,9.1
22107,2011-04-06,5,1023.5,78,14.4,13.9,1.4,.9,1.2,1.7,7.5,9.1
22107,2011-04-07,8.1,1019,92,14.2,13.7,2.7,1.7,2,3.9,6.6,9.1
22107,2011-04-08,7.7,1019.7,91,10.9,13.8,2,1.3,1.4,2.6,5.2,7.1
22107,2011-04-09,4.5,1022.5,83,11.5,14.2,1.2,.7,1,1.6,6.4,9.1
22107,2011-04-10,2.7,1019.3,76,13.1,14.6,.7,.5,.5,.9,8.7,10.7
22107,2011-04-11,10.5,1019.1,65,11.5,14.2,2.9,1.8,2.6,4,5.8,10.7
22107,2011-04-12,,,,,,,,1.5,2.6,,5.8
22107,2011-04-13,3.5,1019.6,57,12.5,14.4,.8,.5,.6,1.1,9.4,10.7
22107,2011-04-14,4.6,1013.4,84,14.2,14.7,.9,.5,.7,1.2,8.8,10.7
22107,2011-04-15,3.9,1008.4,96,13.9,14.9,1.1,.7,.9,1.5,4.8,10.7
22107,2011-04-16,8.7,1013.2,78,13.2,14.6,2.9,1.7,2.1,3.9,6.1,7.1
22107,2011-04-17,5,1011.3,76,13.6,14.7,2.1,1.2,1.7,2.9,6.9,8
22107,2011-04-18,10.3,1009.8,71,11.5,14.5,2.7,1.7,2.6,4.3,5.5,7.1
22107,2011-04-19,10.5,1016.1,69,11.2,14.4,3.6,2.2,2.9,4.9,6.6,8
22107,2011-04-20,4.1,1021,71,12.6,14.5,1.4,.8,1.4,2.3,5.4,8
22107,2011-04-21,,,,,,,,.5,.8,,7.1
22107,2011-04-23,,,,,,,,1.8,2.5,,6.4
22107,2011-04-24,5.9,1013.4,76,12.7,14.4,1.2,.8,1.2,2.1,4.3,5.8
22107,2011-04-25,7.3,1012.8,74,14,14.3,1.5,.9,1.6,2.7,4.1,4.9
22107,2011-04-26,10.8,1003.7,93,15.3,14.3,4.5,2.8,3.8,6.2,6.8,7.1
22107,2011-04-27,7.4,1006,85,12.8,14.5,2.4,1.5,2,3.1,5.9,6.4
22107,2011-04-28,8,1013,64,12.3,14.7,2.5,1.6,2,3.2,6.2,7.1
22107,2011-04-29,7.6,1013.5,71,14.9,14.9,1.9,1.2,2.2,3.6,5.3,6.4
22107,2011-04-30,9.7,1007.5,95,16.1,14.6,3.9,2.5,3.2,4.9,6.8,8
22107,2011-05-01,6.9,1010.3,80,14.1,14.6,2.7,1.6,1.9,3.3,7.4,8
22107,2011-05-02,5.8,1014.6,73,14.2,14.9,1.4,.9,1.3,2.2,6.9,8
22107,2011-05-03,6.8,1014.1,77,14.7,14.9,1.1,.7,1,1.6,4,8
22107,2011-05-04,6,1015,77,14.5,14.9,1.1,.7,1.1,1.6,4.5,8
22107,2011-05-05,7.4,1014.5,88,16.1,15.1,1.5,.9,1.2,2.5,5.2,9.1
22107,2011-05-06,6.3,1010.1,95,16.5,15.6,2.2,1.3,1.6,2.6,5.8,8
22107,2011-05-07,3.1,1009.3,98,16.4,15.8,1.7,1,1.5,2.3,6.5,8
22107,2011-05-08,3.5,1013.2,96,17,16.2,.9,.6,.8,1.3,6.7,9.1
22107,2011-05-09,7.4,1011,99,17.9,16.2,1.5,.9,1.3,2.5,4.8,9.1
22107,2011-05-10,7.6,1006.5,98,17.7,16.1,2.2,1.3,1.6,2.7,5.3,9.1
22107,2011-05-11,7.9,1001.8,97,17,16,2.9,1.8,2.3,3.6,7.3,10.7
22107,2011-05-12,,,,,,,,1.4,2.6,,10.7
22107,2011-05-13,7.8,1011.1,71,16.7,16.1,1.9,1.2,1.4,2.5,5.9,9.1
22107,2011-05-14,5.1,1014.5,81,16.8,16.2,1.4,.9,1.4,2.2,5.2,5.8
22107,2011-05-15,4.2,1016.7,84,17.1,16.4,.9,.6,.9,1.4,4.3,8
22107,2011-05-16,3.8,1015.3,91,17,16.5,.9,.5,.7,1.1,4,4.9
22107,2011-05-17,4.1,1013.8,90,16.4,16.6,.8,.5,.7,1.1,4.3,6.4
22107,2011-05-18,6.7,1014.2,87,18,17,1.3,.8,1.2,1.8,3.9,4.9
22107,2011-05-19,6.4,1013.9,92,18.7,17.1,1.6,1,1.1,2.1,4.7,5.8
22107,2011-05-20,3.9,1012.1,99,18.5,17.5,1.5,.9,1.1,1.8,6,7.1
22107,2011-05-21,2.8,1010.7,99,18.9,18.3,1.1,.6,1,1.5,5.9,7.1
22107,2011-05-22,8.4,1012.5,88,17.4,17.4,2.1,1.3,1.7,3,5.2,6.4
22107,2011-05-23,10.1,1011.6,80,16.2,16.7,4.1,2.5,3.5,5.8,7,9.1
22107,2011-05-24,5.6,1013.4,81,17.2,15.9,3.1,2,2.7,4.3,7.3,9.1
22107,2011-05-25,7.7,1012.4,91,17.6,15.3,2.3,1.5,1.9,2.9,6.3,8
22107,2011-05-26,,1009.4,94,17.3,16,3.3,2.1,2.6,5,7,8
22107,2011-05-27,,1012.1,93,17.3,16.7,1.7,1.1,1.5,2.4,7.8,10.7
22107,2011-05-28,,1011.1,89,18.1,17.5,1.7,1.1,1.6,2.5,10.3,12.8
22107,2011-05-29,,1010.4,90,17.8,17.4,2.4,1.5,2.1,3.3,11.6,16
22107,2011-05-30,,,,,,,,1.1,1.7,,10.7
22107,2011-05-31,,,,,,,,.7,1.3,,4.3
22107,2011-06-01,3.3,1010,96,17.9,17.5,1.1,.6,.8,1.5,2.7,2.9
22107,2011-06-02,2.2,1012.5,96,17.5,18.3,.8,.5,.6,1,3,5.3
22107,2011-06-03,3.1,1011.6,95,18.9,18.8,1,.5,.6,1.4,3,5.8
22107,2011-06-04,4.2,1010.3,94,19.1,18.9,.8,.5,.6,1,4.4,6.4
22107,2011-06-05,4.2,1008.2,92,19,19.2,1,.5,.7,1.4,3.4,5.8
22107,2011-06-06,,,,,,,,.7,1.2,,2.3
22107,2011-06-08,3.1,1006.1,89,18.9,19.4,1.8,1,1.3,2.5,6.6,7.1
22107,2011-06-09,4.4,1006,97,19,19.6,1.6,1,1.2,2,6.7,8
22107,2011-06-10,4.2,1003.2,98,19.6,19.6,1.5,.9,1.2,1.9,5.8,7.1
22107,2011-06-11,4.2,1004.1,94,18.8,19.2,2.5,1.6,2,3.5,6.8,8
22107,2011-06-12,3.2,1005.9,97,18.7,19.4,1.9,1.2,1.8,2.9,7,8
22107,2011-06-13,4.2,1008,91,18.4,19.4,1.5,.9,1.1,1.8,6.6,7.1
22107,2011-06-14,4.1,1009.3,90,18.2,19.2,1.2,.8,.9,1.5,6.4,7.1
22107,2011-06-15,6.7,,,,,1.4,.9,2,2.9,5.3,6.4
22107,2011-06-17,,,,,,,,1.2,1.8,,7.1
22107,2011-06-18,2.8,1007,95,19,19.4,1.1,.7,1.1,1.5,6.1,7.1
22107,2011-06-19,4.6,1006.7,92,19.4,19.5,1.4,.9,1.2,2.2,5.6,6.4
22107,2011-06-20,2.9,1009,92,19.6,20.4,1.3,.8,1,1.8,5.7,6.4
22107,2011-06-21,4.1,1011,95,19.9,20.7,1,.6,.7,1.3,6.6,9.1
22107,2011-06-22,6.3,1007.7,98,21.1,20.9,1.9,1.1,1.4,2.5,6.6,8
22107,2011-06-23,7.9,1004.7,98,21.4,20.9,2.2,1.4,1.5,2.8,5.8,8
22107,2011-06-24,5.2,1005.5,98,21.4,21.2,1.9,1.2,1.4,2.7,6.1,9.1
22107,2011-06-25,9.8,1003.2,96,22.2,21.5,4.1,2.5,4.6,8.4,10.5,12.8
22107,2011-06-26,,,,,,,,5.9,8.4,,10.7
22107,2011-07-02,,,,,,,,.6,1,,5.3
22107,2011-07-03,5.8,1002.2,96,21.6,21.4,1.3,.8,1.3,2.2,4.7,6.4
22107,2011-07-04,4.2,1004.1,96,20.9,21.5,2,1.2,1.4,2.5,6.5,7.1
22107,2011-07-05,3.2,1005.4,88,21,22,1.8,1.1,1.3,2.4,6.8,7.1
22107,2011-07-06,4.8,1000.8,96,21.5,21.8,1.7,1.1,1.6,2.5,6.8,7.1
22107,2011-07-07,8.6,1002.1,96,22.4,21.7,2.9,1.8,2.2,3.7,6.7,8
22107,2011-07-08,5.2,1005.8,97,22.1,21.9,2.1,1.3,1.8,2.9,6.3,9.1
22107,2011-07-09,5.6,1008.7,96,22.8,22.3,2.1,1.3,1.5,2.9,7.2,9.1
22107,2011-07-10,4.5,1011.1,97,23,22.9,2.4,1.5,1.8,2.8,7.6,9.1
22107,2011-07-11,5.3,1011.1,96,23.7,23.7,2.3,1.4,1.8,2.9,7.8,9.1
22107,2011-07-12,5.9,1010.7,95,24.4,24.3,1.9,1.2,1.3,2.3,6.7,8
22107,2011-07-13,5.5,1009.6,95,24.8,24.7,1.8,1.1,1.2,2.1,6.5,7.1
22107,2011-07-14,6.1,1009.3,94,25.2,25.2,1.8,1.2,1.5,2.5,6.1,8
22107,2011-07-15,4.7,1010.2,95,25.5,25.6,1.9,1.2,1.3,2.3,6.1,7.1
22107,2011-07-16,4.8,1008.5,92,25.9,26.3,1.4,.9,1,1.7,5.9,10.7
22107,2011-07-17,4.8,1005.5,85,26,26.8,1.8,1.1,1.7,2.5,12.2,12.8
22107,2011-07-18,,,,,,,,2.7,4,,16
22107,2011-07-19,,,,,,,,1.2,1.9,,12.8
22107,2011-07-20,2.4,1000.9,84,26.3,27.1,1.4,.9,1.2,1.9,9.6,12.8
22107,2011-07-21,6.7,1005.2,86,25.4,26.7,2.1,1.3,1.5,2.5,8.2,9.1
22107,2011-07-22,5.8,1007.2,81,24.5,26.4,1.8,1.1,1.3,2.2,7.5,8
22107,2011-07-23,2.3,1008.1,81,24.8,27,1.3,.8,1,1.8,6.8,8
22107,2011-07-24,2.3,1008.5,81,25.7,27.3,.9,.6,.6,1.2,5.8,10.7
22107,2011-07-25,6,1009.2,81,27.2,27,1.1,.7,1,1.6,4.2,9.1
22107,2011-07-26,6.8,1009.5,88,29,27,1.9,1.2,2,2.9,5.4,6.4
22107,2011-07-27,7.9,1011.2,85,29.2,27.5,3.6,2.3,2.8,4.4,7.1,8
22107,2011-07-28,7.6,1011.1,79,29.6,28.6,3.1,1.9,2.3,4,6.9,8
22107,2011-07-29,5.1,1009,80,29.4,28.9,2.1,1.3,1.6,2.6,7.2,9.1
22107,2011-07-30,4.7,1006.5,78,29.5,29.1,1.7,1,1.2,2.1,8.1,9.1
22107,2011-07-31,5.4,1005.2,78,29.8,29.1,1.6,1,1,1.9,6.2,8
22107,2011-08-01,4.2,1006,84,28.3,28.6,1.4,.9,1.1,1.9,5.8,10.7
22107,2011-08-02,3,1008.3,80,27.7,28.1,1.3,.8,1,1.7,9.8,12.8
22107,2011-08-03,6.4,1007.6,79,29.4,28.2,2.1,1.3,2.3,3.4,11.3,12.8
22107,2011-08-04,6.5,1006.3,75,29.7,28.4,3.7,2.4,3.5,4.7,12.1,12.8
22107,2011-08-05,7.3,1004.7,79,29.5,28.7,3.7,2.3,2.7,4.7,10.6,12.8
22107,2011-08-06,,,,,,,,8.1,12.1,,12.8
22107,2011-08-07,,,,,,,,8.6,13.7,,12.8
22107,2011-08-08,,,,,,,,2.5,3.6,,8
22107,2011-08-09,6.1,1009.7,95,23.2,21.5,2.1,1.3,2,3,6.8,8
22107,2011-08-10,4.9,1010.9,95,23.6,22.2,1.4,.9,1,1.5,6,6.4
22107,2011-08-11,4,1009.5,94,23.8,22.4,1.2,.7,.8,1.4,5.5,8
22107,2011-08-12,5.5,1006.9,95,24.5,22.4,1.2,.7,.9,1.5,4.8,5.3
22107,2011-08-13,6.6,1006.3,94,24.1,22.4,2.2,1.4,1.8,2.9,6.4,8
22107,2011-08-14,4.1,1007.2,93,24.3,22.5,2.1,1.3,1.6,2.4,7,8
22107,2011-08-15,3.5,1007.8,92,24.9,23.2,1.8,1.2,1.4,2.3,6.8,8
22107,2011-08-16,4.6,1005.9,94,25.3,23.5,2,1.3,1.6,2.4,7,8
22107,2011-08-17,5.2,1005.5,92,25.6,23.7,2.4,1.4,1.7,3.5,7,8
22107,2011-08-18,4.8,1008.4,90,24.4,23.4,2.2,1.4,1.7,2.8,6.7,8
22107,2011-08-19,3,1011.4,89,24.2,23.5,1.2,.8,1,1.7,6,6.4
22107,2011-08-20,2.6,,94,24.2,24.3,1,.6,.8,1.4,5.2,5.8
22107,2011-08-21,,,,,,,,.8,1.3,,5.8
22107,2011-08-22,4.9,1007.8,91,23.1,24.3,1.4,.9,1.2,2.1,5,8
22107,2011-08-23,8.7,1004.3,93,22.5,22.5,2.4,1.5,1.9,3.8,5.3,6.4
22107,2011-08-24,4.7,1009.3,93,22.2,21.9,1.3,.8,1,1.8,4.1,8
22107,2011-08-25,5.5,1011.5,94,23.3,23,1.2,.7,.9,1.6,4.4,8
22107,2011-08-26,8.1,1012.5,94,23.8,23.8,1.8,1.1,1.5,2.3,5.7,9.1
22107,2011-08-27,7.2,1012.7,94,24.3,23.8,2.2,1.3,1.6,2.9,10.3,12.8
22107,2011-08-28,,,,,,,,1.8,2.9,,12.8
22107,2011-08-29,,,,,,,,1.8,3.1,,12.8
22107,2011-08-30,2.8,,92,24.5,25.6,2.5,1.5,2,3,10.4,10.7
22107,2011-08-31,4.2,1006.1,88,24.5,25.9,2.1,1.2,1.5,3,9.7,12.8
22107,2011-09-01,7.3,1003.8,91,24.1,25.7,1.9,1.2,1.7,2.7,7.4,10.7
22107,2011-09-02,9.8,1002.1,91,23.1,25.3,2.4,1.5,2.3,4,5.6,12.8
22107,2011-09-03,8.6,1004.2,90,22.8,24.7,2.5,1.6,2,3.3,6.3,9.1
22107,2011-09-04,5.3,1005.9,89,22.7,23.7,1.9,1.1,1.3,2.3,6.4,10.7
22107,2011-09-05,8.2,1006.3,84,22.7,24.2,2.2,1.4,1.6,2.7,5.3,5.8
22107,2011-09-06,6.8,1006.9,80,22.1,25.4,1.8,1.1,1.3,2.3,5.9,7.1
22107,2011-09-07,4.4,1008,76,21.8,24.9,1.5,.9,1.1,2,5.8,6.4
22107,2011-09-08,1.9,1011.5,75,23.6,25.9,.7,.4,.7,1.1,7.6,9.1
22107,2011-09-09,4.5,1014.7,86,24.7,26.4,.9,.6,.9,1.4,5.5,9.1
22107,2011-09-10,8.9,1014.4,90,24,26.2,2.8,1.8,2.6,4.4,7.4,10.7
22107,2011-09-11,5.2,1014.7,91,23.9,24.9,2.5,1.5,2.7,4.6,6.6,8
22107,2011-09-12,3,1015.5,92,24.2,24.8,1.2,.8,1.2,2,6,9.1
22107,2011-09-13,2.4,1014.2,92,25.3,25.6,1.6,.9,1.2,1.9,9.2,10.7
22107,2011-09-14,4.1,1012.6,91,25.7,26,1.5,.9,1.2,2,9.1,10.7
22107,2011-09-15,3.5,1010.9,89,26.1,26.2,1.5,1,1.3,2,9.4,10.7
22107,2011-09-16,4.8,1006.6,85,25.5,26,2.2,1.3,1.8,2.7,10.3,12.8
22107,2011-09-17,6.1,1005.6,89,25.3,25.9,2.2,1.3,1.6,2.7,7.8,10.7
22107,2011-09-18,10.8,1008.8,90,22.2,23.7,4.2,2.7,3.3,5.6,7.5,10.7
22107,2011-09-19,10,1010.8,78,23,25.4,4.8,2.9,3.7,6.7,8.5,10.7
22107,2011-09-20,9.8,1009.2,76,21.2,26.7,3.8,2.3,2.9,4.7,10,12.8
22107,2011-09-21,9.9,1008.6,68,20.3,27.1,3.6,2.2,2.8,4.3,6.6,10.7
22107,2011-09-22,8.1,1012.7,58,20.7,26.8,2.6,1.6,2,3.6,5.7,6.4
22107,2011-09-23,5.6,1015.7,63,21,26.7,1.3,.8,1.2,2.2,5.4,9.1
22107,2011-09-24,5.3,1018,55,23.3,26.8,1.1,.7,.9,1.5,5,9.1
22107,2011-09-25,8.7,1018.8,67,23.9,26.6,2.2,1.3,1.9,3.1,5.3,7.1
22107,2011-09-26,9,1017.3,69,23.5,26.3,2.6,1.6,1.8,2.9,6.6,8
22107,2011-09-27,7.4,1016.1,73,23.5,26,2.2,1.3,1.6,2.7,6.7,10.7
22107,2011-09-28,8.8,1015.2,80,24.5,25.9,2.7,1.7,2,3.3,9.9,12.8
22107,2011-09-29,7.6,1012.3,89,24.5,26.2,2.7,1.7,1.9,4,10,12.8
22107,2011-09-30,12.3,1016.7,70,20.6,25.1,3.9,2.3,2.7,5.1,6.3,8
22107,2011-10-01,11.1,,69,18.4,24.4,3.3,2,2.3,4.2,6.2,8
22107,2011-10-02,11.8,1022.7,58,18.4,24.1,3,1.9,2.4,4.2,6,7.1
22107,2011-10-03,8,1023,58,17.7,24.1,2.4,1.4,2.2,3.8,5.6,7.1
22107,2011-10-04,5.2,1020.3,55,20.6,24.8,1.7,1.1,1.5,2.3,5.6,6.4
22107,2011-10-05,6.8,1015.7,62,19.9,25.1,1.6,1,1.5,2.5,5.2,8
22107,2011-10-06,7.4,1016.8,71,20.3,24.8,1.8,1.1,1.4,2.8,4.7,5.3
22107,2011-10-07,7.7,,66,18.7,24.7,1.6,1,1.2,2,4.3,5.3
22107,2011-10-08,5.2,1021.9,66,20.3,24.4,1.1,.7,.9,1.5,4,8
22107,2011-10-09,3.6,1021.7,61,23.4,24.3,.7,.4,.5,.9,3.6,7.1
22107,2011-10-10,5.5,1020.2,80,24.1,24.3,1.2,.7,1.1,1.9,3.7,5.8
22107,2011-10-11,8.4,1019,76,21.8,24.5,2,1.3,1.7,2.8,5.1,6.4
22107,2011-10-12,4.8,1017,70,21.9,24.6,1.5,.9,1.5,2.4,5.4,6.4
22107,2011-10-13,3.8,1015.1,60,23.4,24.8,.9,.6,.9,1.5,5.9,7.1
22107,2011-10-14,5.9,1011.4,86,21.6,24.5,1.1,.7,1.3,2,4.1,6.4
22107,2011-10-15,7.6,1012.7,64,22,24.2,2.1,1.3,2.7,4.5,5.5,8
22107,2011-10-16,7.1,1014.8,53,21.5,23.9,3.2,1.9,2.9,5.2,7,8
22107,2011-10-17,7.8,1019.7,57,20.5,24,2.1,1.3,1.7,2.8,5.5,6.4
22107,2011-10-18,8.3,1023.2,57,17.8,23.6,2.4,1.5,1.9,3.5,5.7,6.4
22107,2011-10-19,6.7,1023,67,20.6,23.3,1.9,1.2,1.6,2.6,5,6.4
22107,2011-10-20,5.9,1020.8,65,22.4,23.1,2,1.2,1.8,2.8,5.3,7.1
22107,2011-10-21,7.8,1015.6,82,22.3,23,2.2,1.4,1.8,2.8,5.4,7.1
22107,2011-10-22,9.6,1014.9,78,20.6,23.1,2.7,1.6,2,4.2,5.7,6.4
22107,2011-10-23,4.6,1017,71,21.6,23.1,1.2,.7,1.3,2,4.9,8
22107,2011-10-24,7.9,1016.6,75,20.6,23.3,1.7,1,2.1,3,5.2,8
22107,2011-10-25,14,1022.5,64,15.8,23.2,5.1,3.2,4.2,6.9,7.8,9.1
22107,2011-10-26,7.5,1024.1,65,16.2,22.9,2.6,1.5,2.6,4.7,6,7.1
22107,2011-10-27,5.1,1024.1,66,19.8,22.8,1.4,.8,1.1,1.7,5,6.4
22107,2011-10-28,5.1,1022.4,60,21.2,22.6,1.3,.8,.9,1.6,4.9,8
22107,2011-10-29,7.8,,,,,1.6,1,1.2,2.1,6.8,10.7
22107,2011-10-30,9.5,1019.5,77,19.2,22.4,2.5,1.5,2.1,3.6,5.4,6.4
22107,2011-10-31,6.8,1023.2,66,20.7,22.1,2.4,1.4,1.8,2.9,5.7,7.1
22107,2011-11-01,7.7,1022.7,74,22.6,22.4,2.3,1.4,1.8,3.2,6.5,9.1
22107,2011-11-02,5.9,1022.2,86,23.8,22.7,1.9,1.2,1.4,2.1,6.6,8
22107,2011-11-03,6.1,1023.1,87,23.5,22.7,2.3,1.4,1.6,3.1,6.4,9.1
22107,2011-11-04,8.1,1021.5,88,23.9,22.6,2.2,1.4,1.8,2.9,5.6,7.1
22107,2011-11-05,3.6,1018.2,83,22.4,22.6,1.9,1.2,1.8,2.7,6.4,9.1
22107,2011-11-06,6.8,,,,,1.6,1,1.4,2.4,5.9,9.1
22107,2011-11-07,7.3,1019.6,81,20.1,22.6,1.9,1.2,1.3,2.4,5.3,6.4
22107,2011-11-08,8.3,1018.3,77,19.4,22.4,2.1,1.3,1.6,2.7,5.2,6.4
22107,2011-11-09,8.4,1017.4,80,20,22.3,2.6,1.6,1.9,3.2,6,7.1
22107,2011-11-10,11.1,1014.3,70,20.8,22.6,3.3,2.1,2.6,4.3,6.7,8
22107,2011-11-11,8.1,1014.7,78,19.1,22.9,2.5,1.5,2,2.8,6.8,9.1
22107,2011-11-12,7.3,1019.1,65,18.2,22.8,1.7,1.1,1.4,2.3,5.1,6.4
22107,2011-11-13,6,1020.4,62,18.7,22.6,1.3,.8,1,1.8,4.3,5.8
22107,2011-11-14,10,1024.8,61,15.8,22.4,2.5,1.6,2,3.4,5.5,6.4
22107,2011-11-15,9,1028.1,53,17.4,22,2,1.2,1.5,2.4,4.9,5.8
22107,2011-11-16,8.6,1027.6,60,19.6,21.9,,1.1,1.5,1.9,4.8,5.8
22107,2011-11-17,10.9,1022.2,78,20.6,21.8,,1.7,2.7,4.5,5.4,6.4
22107,2011-11-18,8.7,1012.9,93,22.4,21.5,3.7,2.4,2.9,4.7,7.5,8
22107,2011-11-19,11.4,1011.3,80,17.9,21.5,4.2,2.6,3.9,6.4,7.2,9.1
22107,2011-11-20,,,,,,,,4.1,7,,8
22107,2011-11-22,,,,,,,,1,1.5,,9.1
22107,2011-11-23,12.4,1022,65,15.8,20.5,4.5,2.8,4,7.1,7,9.1
22107,2011-11-24,8.3,1028.5,58,11.3,20.3,3.4,2.1,3.2,5.7,7.7,9.1
22107,2011-11-25,4.1,1029.5,56,12.4,20.3,1.2,.7,1,1.5,5.8,10.7
22107,2011-11-26,4.8,1027.1,61,16.3,20.3,.8,.5,.9,1.4,7.3,10.7
22107,2011-11-27,4.2,1022.3,72,19.8,20.1,1,.6,.8,1.3,4.7,9.1
22107,2011-11-28,3.2,1020,84,20.7,20.1,1.7,1,1.4,2.4,6.4,8
22107,2011-11-29,4.5,1020.1,87,20.1,20.1,2.1,1.3,1.6,2.7,8.1,9.1
22107,2011-11-30,7.8,1017.9,88,18.4,20,3,1.8,3.3,5.8,7.6,9.1
22107,2011-12-01,10.9,1019.5,82,14.6,19.8,4.3,2.7,3.1,5.2,8.5,9.1
22107,2011-12-02,8.1,1015.6,71,14.8,20,3.4,2,2.5,4.2,7.1,9.1
22107,2011-12-03,10.1,1018.5,65,14,20.1,4.1,2.4,3.5,6.3,7.3,9.1
22107,2011-12-04,8,1025.6,60,13,19.8,2.7,1.7,2.6,3.7,6.8,8
22107,2011-12-05,7.3,1027.8,60,12.4,19.7,2.3,1.4,1.9,3.5,5.7,6.4
22107,2011-12-06,7,1027.3,67,14.9,19.9,1.6,1,1.3,2.1,4.9,5.8
22107,2011-12-07,8.3,1024,71,13.5,19.8,1.7,1.1,1.3,2.2,4.7,5.3
22107,2011-12-08,11.7,1022.8,71,11.2,19.5,4,2.3,4.2,8.3,6.4,9.1
22107,2011-12-09,12.1,1027.5,66,8.3,19.3,5.4,3.3,4.5,6.7,8.4,9.1
22107,2011-12-10,10.1,1027.2,64,9.6,19.3,3.9,2.4,2.9,4.6,7.1,9.1
22107,2011-12-11,7.6,1027.5,57,11,19.1,3,1.8,2.7,4.2,6.9,8
22107,2011-12-12,6.2,1026.7,59,12.5,19,1.4,.9,1.1,1.9,4.9,6.4
22107,2011-12-13,5.5,1025.8,55,12.8,19,1.2,.7,1,1.8,4.5,6.4
22107,2011-12-14,5.8,1024.3,54,13.8,18.9,.9,.5,.9,1.5,3.3,4.3
22107,2011-12-15,11.5,1026.6,64,9.5,18.7,3.8,2.4,3.1,5,6.6,8
22107,2011-12-16,11.6,1029.5,72,7.4,18.5,4.5,2.7,3.4,5.9,7.4,8
22107,2011-12-17,9.4,1031,61,8.1,18.2,3,1.9,2.5,3.8,6.8,8
22107,2011-12-18,7.3,1030.1,58,9.8,18,1.9,1.1,1.5,2.4,5.2,6.4
22107,2011-12-19,7.4,1029.4,58,9.2,18.1,1.7,1,1.4,2.4,4.7,5.8
22107,2011-12-20,7.1,1027.7,61,10.5,18,1.3,.8,1,1.7,4.1,4.6
22107,2011-12-21,5.9,1024.4,61,11.8,17.8,1.1,.7,1.3,2.1,4.6,9.1
22107,2011-12-22,12.9,1024.8,62,8.2,17.5,4.8,2.9,4.1,6.4,7.2,9.1
22107,2011-12-23,9.8,1024.7,69,6.5,17.4,3.1,1.9,2.7,4.6,6.2,8
22107,2011-12-24,10.6,1023.7,67,7.9,17.4,3.8,2.3,3.7,6.7,6.2,8
22107,2011-12-25,10.4,1029.4,61,7.6,17.2,3.8,2.4,3.5,5.7,7,8
22107,2011-12-26,10.2,1033.2,68,7.1,17.2,3,1.9,2.2,3.5,6.2,7.1
22107,2011-12-27,7.8,1032.3,63,7.4,17.1,2.3,1.4,1.9,3.5,5.6,7.1
22107,2011-12-28,2.9,1028.5,64,10.6,17.1,.9,.6,.8,1.1,4.4,5.8
22107,2011-12-29,9.3,1027.9,59,10.1,17,2.2,1.4,2.1,3.4,5.1,6.4
22107,2011-12-30,10.4,1029.5,66,8,17,3.1,1.9,2.2,4.2,6.1,7.1
22107,2011-12-31,7.6,1027.1,63,8.9,17,1.7,1.1,1.4,2.6,4.6,5.8
22107,2012-01-01,10.4,1025.1,64,9.4,16.9,3.2,1.9,3.4,5.4,6,8
22107,2012-01-02,8.4,1025.7,60,7.7,16.7,3.2,2,3,5.2,7.8,9.1
22107,2012-01-03,9.7,1022.3,65,8.5,16.6,3,1.9,3.5,5.7,5.8,8
22107,2012-01-04,12.8,1025.9,77,5.2,16.5,5.8,3.7,4.4,6.9,8.7,9.1
22107,2012-01-05,8.5,1028.6,64,6.9,16.6,3,1.9,2.9,4.6,7,9.1
22107,2012-01-06,8.2,1030.1,62,7.5,16.6,1.8,1.1,1.6,2.2,4.5,5.3
22107,2012-01-07,9.8,1033.2,66,7.4,16.4,2.3,1.4,1.7,2.8,5.2,6.4
22107,2012-01-08,7.1,1030.8,69,8,16.3,1.4,.9,1.2,1.9,4.4,4.9
22107,2012-01-09,8.9,1029.4,62,8.8,16.2,1.8,1.1,1.4,2.3,4.7,5.3
22107,2012-01-10,9,1027.5,59,9.1,16.1,1.8,1.2,1.5,2.4,4.8,5.8
22107,2012-01-11,11.5,1029.9,63,7.3,15.9,3.7,2.3,3,4.8,6.5,8
22107,2012-01-12,7.3,1029.5,63,6.1,15.8,2.1,1.4,2.3,3.6,6.2,8
22107,2012-01-13,6.2,1025.4,56,9.3,15.8,1.3,.8,1,1.7,4.2,4.9
22107,2012-01-14,9.4,1022.8,56,8.6,15.8,2,1.2,1.6,2.7,5,5.8
22107,2012-01-15,9.2,1019.2,61,9,15.7,2.2,1.3,1.7,3,5.1,5.8
22107,2012-01-16,6.9,1016.2,63,10.7,15.7,1.9,1.2,1.3,2.1,5.6,6.4
22107,2012-01-17,5.2,1019.6,67,10.8,15.7,1.6,1,1.3,2,5.5,8
22107,2012-01-18,4.4,1019.5,71,11.2,15.7,1.5,.9,1.2,2,5.3,6.4
22107,2012-01-19,8.7,1018,79,11.9,15.7,2.3,1.4,2,3.3,5.9,6.4
22107,2012-01-20,7.4,1017.8,76,13,15.9,2.8,1.7,2.3,4,6.3,9.1
22107,2012-01-21,10.2,1018.3,76,11.2,16.1,3.8,2.3,3.4,5.1,6.9,8
22107,2012-01-22,14.9,1022.5,73,5.8,16,6,3.6,4.5,7.1,8.1,9.1
22107,2012-01-23,11.9,1025.4,68,4.2,16,4.2,2.7,3.5,5.5,7.4,8
22107,2012-01-24,8.8,1024.1,65,5.1,15.9,2.6,1.5,2.1,4.2,6,7.1
22107,2012-01-25,10.6,1024.1,66,4.6,15.8,3.7,2.4,3.2,5.3,7.1,8
22107,2012-01-26,4,1026.4,50,6.4,15.7,1.6,1,1.6,2.7,5.6,7.1
22107,2012-01-27,3.7,1024.1,53,9.8,15.7,.9,.6,.8,1.2,4.8,5.8
22107,2012-01-28,8.9,1023.3,53,10,15.5,2.2,1.4,1.8,3,5.2,6.4
22107,2012-01-29,9.5,1025.5,51,9.8,15.4,2.8,1.6,2.1,3.7,5.7,6.4
22107,2012-01-31,,,,,,,,1.3,2.5,,7.1
22107,2012-02-01,11.7,1024.5,71,5.8,15.2,3.9,2.5,3.3,5,6.8,8
22107,2012-02-02,12.7,1029.4,72,1.9,15,5.9,3.6,4.2,8.6,8.3,9.1
22107,2012-02-03,7.5,1027.5,67,3.8,14.9,2.7,1.7,2.4,4.1,6.7,9.1
22107,2012-02-04,5.1,1026.5,55,7.9,14.9,1.4,.8,1.1,1.8,5.4,6.4
22107,2012-02-05,5.9,1021.7,76,11,,1.4,.8,1.3,2.3,4.8,5.8
22107,2012-02-06,9.5,1013.3,84,12.9,14.8,2.1,1.3,1.9,3.4,5.6,8
22107,2012-02-07,,,,,,,,3.2,5.2,,6.4
22107,2012-02-10,,,,,,,,1.3,1.8,,4.9
22107,2012-02-11,8.6,1028.8,58,5.8,14.6,1.8,1.1,1.5,2.7,4.8,5.3
22107,2012-02-12,8,1028,60,9.2,14.6,1.5,.9,1.4,2.1,4.4,4.9
22107,2012-02-13,7.9,1020.5,89,12.5,14.9,1.9,1.2,1.5,3.2,5,6.4
22107,2012-02-14,8.3,1018.7,84,11.5,15,2.1,1.3,1.6,2.6,6.1,7.1
22107,2012-02-15,12,1020,63,8.7,14.9,3.7,2.3,3.2,4.9,6.7,7.1
22107,2012-02-16,11.2,1023.3,56,6.9,14.8,3.3,2,2.9,4.8,6.3,7.1
22107,2012-02-17,12.1,1025.3,59,5.1,14.7,4.2,2.7,4,6.7,6.6,8
22107,2012-02-18,10.4,1027.9,64,3,14.5,4.4,2.7,3.6,5.6,7.7,8
22107,2012-02-19,8.3,1028.5,55,4.5,14.5,2.6,1.6,2,3.3,6.2,7.1
22107,2012-02-20,3.1,1027.2,57,6.7,14.6,1.1,.6,1.3,2.2,5.2,8
22107,2012-02-21,5.5,1020.8,83,9.7,14.5,1.3,.8,2.3,3.5,5.2,9.1
22107,2012-02-22,10.9,1013.6,83,13.7,14.5,2.6,1.6,1.9,3.2,5.7,7.1
22107,2012-02-23,11.4,1012.6,83,10.7,14.4,2.8,1.7,2.7,4.9,5.8,8
22107,2012-02-24,9.1,1015.8,70,12.3,14.3,3.1,1.9,2.5,4,7.3,9.1
22107,2012-02-25,11.7,1017.3,72,8,14.4,3.8,2.4,3.7,6.3,6.7,8
22107,2012-02-26,11.9,893.8,66,6.2,14.4,4.2,2.6,3.3,5,7.2,8
22107,2012-02-27,9.4,1024,62,6.6,14.6,3.2,2,2.8,4.4,6.7,8
22107,2012-02-28,8.2,1019.8,71,10.3,14.8,2.1,1.3,2,3.3,5.5,7.1
22107,2012-02-29,4.2,1020.3,69,11.9,14.8,2.7,1.7,2.2,3.7,7.9,9.1
22107,2012-03-01,5.6,1017,73,13.6,14.6,1.8,1.1,1.7,3.2,6,9.1
22107,2012-03-02,8.6,1015.9,87,11.4,14.6,2.3,1.4,2,3.2,5.6,8
22107,2012-03-03,10.1,1020.8,76,13.3,14.7,3,1.9,2.6,4.1,6.1,8
22107,2012-03-04,13.3,1016.2,82,13.7,14.8,3.7,2.3,2.8,4.7,6.4,8
22107,2012-03-05,10.3,1009.4,89,13.2,14.8,2.8,1.7,2.6,4.3,5.9,7.1
22107,2012-03-06,9.2,1015.1,71,10.4,14.6,2.9,1.9,2.3,3.5,6.4,7.1
22107,2012-03-07,9.7,1017.2,73,9.2,14.4,2.4,1.6,1.9,3.2,6.1,7.1
22107,2012-03-08,10,1018.3,67,10.4,14.6,2.9,1.8,2.5,4.1,6.3,7.1
22107,2012-03-09,10.9,1019.2,67,8,14.6,3.6,2.2,2.7,4.5,6.9,8
22107,2012-03-10,10.7,1020.5,67,8.2,14.8,2.9,1.8,2,3.4,6.1,7.1
22107,2012-03-11,12.4,1024.9,63,6.4,14.6,3.8,2.4,3.4,6.1,6.5,8
22107,2012-03-12,10.8,1028,61,5.4,14.6,3.8,2.4,3.3,6.1,7.1,9.1
22107,2012-03-13,6.2,1027.3,54,7.4,14.7,1.4,.9,1.4,2.4,5.3,10.7
22107,2012-03-14,1.9,1026.6,52,11,14.8,.6,.4,.5,.7,8.9,12.8
22107,2012-03-15,5.7,1026.3,61,13,14.6,.9,.6,1,1.7,6.7,10.7
22107,2012-03-16,9.4,1014.5,87,14.4,14.5,2.8,1.7,2.6,4.1,5.7,9.1
22107,2012-03-17,6.9,1012.7,85,12,14.6,3.2,2,2.8,4.4,8.4,9.1
22107,2012-03-18,9.8,1015.4,84,10.1,14.9,2.9,1.8,3,5.1,6.5,8
22107,2012-03-19,10.2,1019.8,68,8.7,14.9,3.1,1.9,2.5,3.9,7.4,9.1
22107,2012-03-20,11.5,1019.9,58,9,14.8,3,1.9,2.5,4.1,6,7.1
22107,2012-03-21,8.2,1023.7,58,10.1,14.7,2.4,1.5,2.8,4.9,5.9,6.4
22107,2012-03-22,7.6,1017.3,81,13.7,14.4,1.8,1,2.1,3.4,3.7,5.3
22107,2012-03-23,10.3,1010.2,86,11.9,14.3,3.2,2,3.4,5.9,3.3,5.3
22107,2012-03-24,12.7,1017.2,58,10.4,14.2,4.6,2.7,3.8,6.5,3.9,4.6
22107,2012-03-25,8.9,1022.6,48,9.2,14.3,2.5,1.5,2.1,3.7,2.9,3.8
22107,2012-03-26,6.9,1025.9,59,8.5,14.4,1.7,1,1.5,2.5,2.8,3.6
22107,2012-03-27,4.6,1025.4,66,13,14.6,.9,.5,1,1.9,2.5,3.4
22107,2012-03-28,2.8,1025.4,84,14.2,14.9,.9,.6,.9,1.5,3.5,4.6
22107,2012-03-29,6.8,1023.1,85,16.4,14.8,1.1,.7,1.2,2.2,3.9,4.9
22107,2012-03-30,8.8,1016,85,15.6,14.7,2.3,1.4,1.9,3.4,5.1,5.8
22107,2012-03-31,10.9,1020.1,53,11.4,14.6,3.1,2,2.8,5.4,5.9,7.1
22107,2012-04-01,7,1023.9,56,10.7,14.7,2.4,1.5,2.3,3.6,6.9,8
22107,2012-04-02,10.1,1015.7,76,15.8,14.7,2.5,1.6,2.3,3.8,5.2,6.4
22107,2012-04-03,14.9,1012.6,68,11.5,14.6,7.2,4.4,6.7,12,8.6,10.7
22107,2012-04-04,9,1017.6,61,12.8,14.6,3.3,2,3.3,5.9,6.8,9.1
22107,2012-04-05,7,1014.4,70,13.5,14.7,2,1.2,1.9,3.4,5.1,5.8
22107,2012-04-06,6.1,1020.3,53,12,14.6,1.3,.8,1.7,2.9,4.4,5.3
22107,2012-04-07,5.6,1023.8,48,13,14.7,.9,.6,.9,1.3,4.1,5.8
22107,2012-04-08,6.3,1022.5,71,15.8,14.7,1.1,.7,1,1.5,4.2,4.6
22107,2012-04-09,4.4,1021.8,86,16.2,14.9,1,.6,.9,1.6,4.6,6.4
22107,2012-04-10,7.4,1014.9,93,16.2,14.7,1.6,1,1.8,2.5,5.4,7.1
22107,2012-04-11,8.4,1007.9,91,13.8,14.7,2.7,1.7,2.4,3.7,6.2,8
22107,2012-04-12,6.6,1013.3,60,12.3,14.8,2,1.2,1.9,3.6,6.8,8
22107,2012-04-13,4.9,1012.2,70,13.3,14.7,1.1,.6,.8,1.5,4.8,7.1
22107,2012-04-14,6.2,1014.7,80,13.3,14.9,1.2,.7,1,1.7,4.2,4.6
22107,2012-04-15,2.6,1013.3,82,15.1,15.6,.6,.3,.5,.8,6.1,10.7
22107,2012-04-16,7.3,1013.2,80,14.2,15.5,1.2,.8,1.5,2.4,4.8,10.7
22107,2012-04-17,7.3,1015.5,67,14.2,15.3,1.5,.9,1.3,2.3,4.6,5.3
22107,2012-04-18,6.9,1016.7,79,16.5,15.3,1.1,.7,.9,1.5,4.1,6.4
22107,2012-04-19,9.5,1016.6,86,16.4,15.2,2,1.3,1.7,3.1,4.9,6.4
22107,2012-04-20,13.2,1014.9,91,17,15.1,3.9,2.4,2.9,4.8,7.2,8
22107,2012-04-21,10.4,1005.3,94,16.6,15.2,5.1,3.2,3.8,6,8.6,10.7
22107,2012-04-22,6.4,1010.6,85,15,15.3,3,1.9,2.9,5,7.9,10.7
22107,2012-04-23,4.4,1014,88,17,15.7,1.3,.8,1.1,1.7,8,9.1
22107,2012-04-24,6.9,1012.1,93,18.6,16,1.3,.8,1.1,1.8,5.4,8
22107,2012-04-25,11.2,1001.8,93,16.7,15.8,3.8,2.3,3.1,5.6,6.5,8
22107,2012-04-26,8.7,1011.4,63,15.1,15.7,3.2,2,3,4.9,7.2,8
22107,2012-04-27,3.5,1013.9,66,16.5,15.9,.9,.5,.7,1.2,6.2,8
22107,2012-04-28,4.7,1015.6,80,17.2,16,.9,.6,.6,1.1,4.3,5.3
22107,2012-04-29,8.5,1012.2,94,18.2,16,1.7,1.1,2.5,3.9,4.8,8
22107,2012-04-30,11.7,1006.8,92,17.8,15.7,4.3,2.6,3.4,5.5,7.7,9.1
22107,2012-05-01,9.6,1005,93,18.6,15.8,2.6,1.6,2.1,3.4,6.2,8
22107,2012-05-02,5.2,1004.4,91,17.8,16.4,2.3,1.4,1.9,3.5,6.8,8
22107,2012-05-03,7.5,1005.9,84,16.9,16.8,1.5,.9,1.3,1.9,5.1,7.1
22107,2012-05-04,4.8,1008.9,90,17,17.4,1,.6,1.2,1.7,5.1,7.1
22107,2012-05-05,3.8,1009.7,81,18.3,17.8,.5,.3,.4,.7,6.3,10.7
22107,2012-05-06,4.7,1009.3,87,18.3,17.8,.8,.5,.7,1.3,3.7,4.3
22107,2012-05-07,5.2,1008.7,86,19.3,17.9,1,.6,.9,1.4,4,4.3
22107,2012-05-08,5.5,1008.4,88,19.3,18.1,1.2,.7,1.3,2.3,4.3,5.8
22107,2012-05-09,6.9,1012.2,87,17.8,17.7,1.4,.9,1.1,2,5.9,7.1
22107,2012-05-10,5.8,1015,86,18.8,17.6,1.4,.9,1.3,2,5.9,7.1
22107,2012-05-11,10.1,1015.4,76,18.4,18.3,2.4,1.4,1.7,3.1,5.4,6.4
22107,2012-05-12,10.6,1013.9,77,18,17.7,2.5,1.6,1.9,3,5.3,6.4
22107,2012-05-13,6.7,1011.4,86,19.2,17.6,1.2,.7,1.2,2,4.3,7.1
22107,2012-05-14,7.8,1006.8,96,18.5,17.3,3.1,1.9,3,5.5,7.2,9.1
22107,2012-05-15,7.1,1008.3,90,17.4,16.9,2.2,1.3,2.2,3.9,7.6,9.1
22107,2012-05-16,4.9,1006.8,91,18.2,16.7,1.1,.7,.9,1.4,4.6,8
22107,2012-05-17,5.7,1007.2,79,18.5,17.7,1.3,.8,1.1,2,4.2,5.3
22107,2012-05-18,4.1,1014.6,77,18.1,18.3,1.2,.7,1.2,1.8,5.4,6.4
22107,2012-05-19,3.6,1015.5,84,18.6,17.1,.6,.4,.5,.7,4.1,6.4
22107,2012-05-20,2.9,1014.4,88,19.4,17.4,.8,.5,1.1,1.7,5.5,9.1
22107,2012-05-21,4.9,1014.9,82,19.6,17.9,2.1,1.3,1.7,2.9,7.7,10.7
22107,2012-05-22,2.7,1014.3,83,19.8,17.8,1.8,1.1,1.4,2.2,8.7,10.7
22107,2012-05-23,1.9,1013.2,87,19.8,18.2,1,.6,.8,1.3,8,10.7
22107,2012-05-24,2.3,1011.8,83,19.3,18,.7,.5,.6,1,8.5,10.7
22107,2012-05-25,3.5,1010.8,89,18.3,17.9,.7,.4,.6,.9,7.4,9.1
22107,2012-05-26,4.4,1010.9,81,19.7,18.3,1.1,.7,1.1,1.5,8.3,12.8
22107,2012-05-27,3.3,1013.4,81,20,18.7,1.1,.7,.9,1.4,9.6,10.7
22107,2012-05-28,3.3,1016.9,86,20.5,18.7,.9,.6,.7,1.1,8.7,10.7
22107,2012-05-29,3.2,1018.3,92,21.1,19.5,.9,.6,.7,1.2,7.3,9.1
22107,2012-05-30,7.7,1016.8,88,21.2,19.5,1.7,1.1,1.6,2.7,5.3,8
22107,2012-05-31,6.2,1016.4,82,20.9,19.5,2,1.3,1.7,2.6,5.9,8
22107,2012-06-01,3.3,1015.4,82,20.9,19.7,1.7,1.1,1.2,2,7.1,8
22107,2012-06-02,4.3,1013,86,21.1,19.8,1.7,1,1.2,2.1,6.9,9.1
22107,2012-06-03,4,1012,84,21.1,20,1.7,1,1.2,2,7.3,9.1
22107,2012-06-04,6.4,1010.6,89,21.9,20.1,1.6,1,1.6,2.6,9.2,12.8
22107,2012-06-05,4.5,1007.8,90,22.1,20.5,3,1.8,2.3,3.6,10.5,12.8
22107,2012-06-06,4.5,1006.4,91,21.8,20.8,1.5,.9,1.3,2.5,9.5,10.7
22107,2012-06-07,5,1005.4,93,21.4,20.8,1.2,.8,1.4,2.1,7.1,10.7
22107,2012-06-08,4.2,1001.1,94,21.9,20.8,1.7,1,1.4,2.5,6.2,8
22107,2012-06-09,3.7,1001.9,91,21.8,20.8,1,.6,.7,1.2,5.7,7.1
22107,2012-06-10,6.6,1001.7,87,22.4,21,1.2,.8,.9,1.6,4.7,8
22107,2012-06-11,5.5,1000.2,87,22.4,21.2,1.3,.8,1,1.8,7,9.1
22107,2012-06-12,3.4,1000.6,89,22.7,21.8,1.6,1,1.5,2.5,6.9,8
22107,2012-06-13,6.3,1006.3,87,23,21.8,1.7,1.1,1.3,2.2,6.6,8
22107,2012-06-14,10.5,1010.3,87,22.9,21.8,2.3,1.4,1.7,3.1,4.8,5.8
22107,2012-06-15,11.4,1006.7,88,22.5,21.3,3.1,1.9,2.6,4,6.3,8
22107,2012-06-16,3.4,1007.4,86,22.5,21.3,1.9,1.2,1.7,2.8,7.4,9.1
22107,2012-06-17,2.7,1011.4,89,22.5,21.5,1.7,1.1,1.4,2.3,7.1,8
22107,2012-06-18,7.1,1007.1,95,22.3,21.2,1.7,1,1.7,2.8,6.2,12.8
22107,2012-06-19,5.2,1000.2,91,22.5,21.5,2.6,1.6,1.9,3.3,11.3,16
22107,2012-06-20,4.5,1005.1,86,23.3,21.8,1.7,1.1,1.4,2.4,10.5,12.8
22107,2012-06-21,3.9,1005.8,82,23.6,22.1,2.2,1.4,1.7,3,8.2,10.7
22107,2012-06-22,3.6,1010.1,88,23.2,22.1,2.7,1.7,2.5,3.7,9.3,10.7
22107,2012-06-23,7.8,1006.7,89,23.1,22,2.1,1.3,2.2,4.3,7,9.1
22107,2012-06-24,5.5,1003.2,94,23.2,,2.3,1.4,2.1,3.4,6.7,7.1
22107,2012-06-25,10,1006.4,85,23.2,,2.6,1.7,2.2,3.4,6.5,7.1
22107,2012-06-26,11,1008,87,22.6,,3,1.8,2.1,3.5,5.6,7.1
22107,2012-06-27,9.7,1008.5,87,23.4,,2.9,1.8,2.1,3.7,6.2,8
22107,2012-06-28,6.8,1011.6,85,23.3,,2,1.2,1.8,3,5.8,7.1
22107,2012-06-29,6.5,1009.7,94,23.5,,1.2,.8,1,1.7,4.7,8
22107,2012-06-30,6.7,1006,98,24.2,,2,1.2,1.5,2.3,5.3,9.1
22107,2012-07-01,3,1006.7,96,23.2,22.4,2.2,1.4,1.7,3.1,7,8
22107,2012-07-02,2.4,1004.1,97,23.6,22.5,1.8,1.1,1.3,2.6,6.9,8
22107,2012-07-03,3.4,1002.6,95,23.6,22.7,1.6,1,1.3,2.2,6.7,7.1
22107,2012-07-04,4.4,1005.5,94,24.4,22.9,1.7,1.1,1.4,2.2,6.8,7.1
22107,2012-07-05,5.6,1007,98,24.9,,1.9,1.1,1.4,2.3,6.7,7.1
22107,2012-07-06,7.8,1002.8,95,25.2,,2.7,1.7,2.2,3.6,6.6,8
22107,2012-07-07,4.6,1004.5,90,24.1,,2.1,1.3,1.7,2.8,6.9,8
22107,2012-07-08,3.7,1006.7,86,24.5,,1.3,.8,1,1.8,6.3,7.1
22107,2012-07-09,4.4,1006.5,86,25,,1,.6,.7,1.1,6.2,7.1
22107,2012-07-10,6.2,1002.8,93,25.7,,1.2,.8,1,1.6,5.9,7.1
22107,2012-07-11,5.7,999,96,25.7,,2.1,1.3,1.8,3,6.2,8
22107,2012-07-12,3.4,1001.4,97,25.8,24.6,2.3,1.5,1.8,3.1,7.5,8
22107,2012-07-13,3.7,1001.2,96,25.9,24.7,2.1,1.3,1.6,2.5,7.2,8
22107,2012-07-14,4.7,1001.1,96,26,24.4,2,1.3,1.6,2.6,7.1,8
22107,2012-07-15,5.3,1002.9,95,25.7,24.3,2.6,1.6,1.8,3.6,7.4,8
22107,2012-07-16,2.4,1009.2,90,25.2,24.3,1.6,1,1.5,2.3,6.6,7.1
22107,2012-07-17,6.6,1009,94,26.4,24.6,1.2,.8,1.1,1.7,5.5,7.1
22107,2012-07-18,10.9,1002.4,93,26.4,24.4,4.5,2.7,5.6,10,8.5,12.8
22107,2012-07-19,3.6,1008.1,96,25.5,24,2.5,1.6,2.2,3.4,8.1,10.7
22107,2012-07-20,2.4,1009.9,96,25.5,24.5,1.1,.7,.8,1.2,8,9.1
22107,2012-07-21,3.2,1010.3,96,26.1,24.9,.9,.6,.8,1.3,7.8,9.1
22107,2012-07-22,4.9,1009.4,98,26.5,25.6,1.1,.7,.8,1.4,6.6,8
22107,2012-07-23,4.7,1010.6,95,27.6,26.8,1.5,.9,1.1,1.9,6.8,8
22107,2012-07-24,4.5,1013.5,93,28.1,27.5,1.6,1,1.2,1.8,7,8
22107,2012-07-25,3.7,1014,91,28.3,28,1.4,.9,1,1.6,7,9.1
22107,2012-07-26,4.3,1011,89,28.4,28.5,1.2,.8,.9,1.6,6.6,10.7
22107,2012-07-27,3.6,1010.2,86,29.5,28.9,.9,.6,.8,1.3,6.1,9.1
22107,2012-07-28,3.3,1010.9,85,30,29.4,.9,.6,.8,1.3,5.2,8
22107,2012-07-29,4.2,1008.5,81,30.2,29.6,1.1,.7,.8,1.3,5.4,6.4
22107,2012-07-30,4.3,1006.9,79,30.5,29.7,1,.6,.7,1.1,5.1,7.1
22107,2012-07-31,6,1006.7,77,30.5,29.9,1.7,1.1,1.7,2.8,7.2,9.1
22107,2012-08-01,6.4,1004,74,30.4,29.6,3,1.9,2.4,4,9.2,12.8
22107,2012-08-02,11.5,1003.4,90,27.2,24.9,5.7,3.6,7.7,11.9,9.3,12.8
22107,2012-08-03,8,1008.5,91,26.5,23.3,4.6,2.8,3.2,5.2,9.4,10.7
22107,2012-08-04,3.8,1008.3,88,27.1,24.1,3.5,2.1,2.7,4.5,8.9,10.7
22107,2012-08-05,4.1,1005.1,84,27.3,24.1,2.6,1.7,2,3.2,10.2,12.8
22107,2012-08-06,5.9,1004.7,89,27.2,23.9,3.1,2,2.3,3.8,9.3,10.7
22107,2012-08-07,8.6,1005.5,88,27.8,24.5,4.2,2.7,3.3,5.1,10.2,10.7
22107,2012-08-08,8.5,1005.4,91,27.6,24.9,5,3.2,4,6.3,10.5,12.8
22107,2012-08-09,5.4,1005.8,93,27.2,25,2.9,1.8,2.6,4,8.7,10.7
22107,2012-08-10,4.2,1005.5,93,27.1,25.6,1.9,1.2,1.5,2.6,7.7,8
22107,2012-08-11,3.4,1006.6,94,27.7,26.4,1.5,.9,1,1.9,6.5,8
22107,2012-08-12,4.3,1005.4,92,28.7,27.1,1.8,1.1,1.4,2.2,6.6,8
22107,2012-08-13,5,1004.2,91,28.8,27.3,2.1,1.3,1.6,2.4,5.9,7.1
22107,2012-08-14,4.9,1007.7,91,28.9,27.4,1.7,1,1.4,2.5,5.9,6.4
22107,2012-08-15,6.3,1008.7,90,29.3,27.6,1.9,1.2,1.4,2.4,5.2,5.8
22107,2012-08-16,3.4,1010.9,90,29.5,28,1.8,1.1,1.3,2.1,6.3,9.1
22107,2012-08-17,3.8,1011.6,87,29.8,28.8,1.5,.9,1,1.7,8.4,9.1
22107,2012-08-18,4.5,1011.5,83,30.2,29.3,1.6,1,1.2,2.2,8.7,9.1
22107,2012-08-19,6.1,1009.7,83,30.3,29.3,1.4,.9,1.1,1.7,7.9,9.1
22107,2012-08-20,6.4,1009,81,30.2,29.2,1.4,.9,1.1,1.7,4.7,7.1
22107,2012-08-21,5.7,1009.6,80,30,29.2,1.2,.7,1,1.6,4.6,4.9
22107,2012-08-22,5.7,1009.8,85,28.7,29.2,1.8,1.1,1.6,2.6,5.4,8
22107,2012-08-23,8,1009.8,92,26.8,28.9,3.4,2,3.2,5.2,8,10.7
22107,2012-08-24,9,1011.3,88,27.8,27.4,3.7,2.2,2.7,4.6,7.9,12.8
22107,2012-08-25,4.9,1012.9,82,29.2,27.5,3.4,2.1,2.6,4,11.1,12.8
22107,2012-08-26,8.3,1008.7,80,29.3,27.6,3.9,2.5,3.2,5.1,12.6,12.8
22107,2012-08-27,15.6,998.8,82,29.1,28.1,8.5,5.2,10.2,13.7,12.9,16
22107,2012-09-01,,1014,81,24.4,23.2,,,,,,
22107,2012-09-02,,1012.9,82,25.1,23.4,,,,,,
22107,2012-09-13,,,,,,,,1.1,2.2,,6.4
22107,2012-09-14,9.2,1013.7,78,23.2,25.2,2,1.2,1.6,2.5,5.1,6.4
22107,2012-09-15,8.2,1015.2,79,23.3,25.1,2.1,1.3,2,3.5,5.1,7.1
22107,2012-09-16,11.5,1007.5,88,23.3,24.9,4.2,2.6,4.1,6.5,9.7,12.8
22107,2012-09-17,16.5,998.2,84,22.5,23.5,7.2,4.4,6.2,10.3,9,16
22107,2012-09-18,7.2,1007.9,68,23.7,23.5,2.7,1.6,2.2,3.7,7.3,9.1
22107,2012-09-19,5.6,1012,65,23.2,22.4,1.8,1.1,1.5,2.3,6,7.1
22107,2012-09-20,2.3,1016.5,66,22.6,21.8,.9,.6,.8,1.3,5.7,8
22107,2012-09-21,2.2,1016.4,72,22.4,21.9,.6,.4,.5,.8,6.8,9.1
22107,2012-09-22,2.8,1013.2,71,22.5,21.8,.4,.3,.3,.6,7.5,9.1
22107,2012-09-23,6.2,1011.8,78,22.3,22,.9,.6,.9,1.5,3.6,4.3
22107,2012-09-24,4.8,1014,78,23.1,22.6,1.2,.7,1.1,1.7,4.1,4.9
22107,2012-09-25,9.2,1018.2,69,23.6,23.6,2.6,1.6,2.2,3.3,6.2,8
22107,2012-09-26,8.7,1019.1,73,23.7,24.1,2.6,1.5,2.1,3.9,7.8,12.8
22107,2012-09-27,5.6,1016.7,75,23.7,24.3,2.3,1.5,1.7,2.8,11.3,12.8
22107,2012-09-28,5.2,1013.8,74,23.6,24.7,2.2,1.4,1.7,2.8,12,12.8
22107,2012-09-29,10,1012.3,62,21.7,24.3,3.7,2.3,2.7,4.8,8.5,12.8
22107,2012-09-30,10.7,1011.4,68,21.7,24.2,3.6,2.2,2.5,4.2,6.6,8
22107,2012-10-01,7.1,1015.6,66,21.6,23.3,2.2,1.3,2,4,6.6,7.1
22107,2012-10-02,6.3,1016.4,67,21.7,22.4,1.2,.7,.9,1.5,5.1,6.4
22107,2012-10-03,6.1,1013.4,71,22,22.8,1.2,.7,.9,1.6,4.9,6.4
22107,2012-10-04,6.7,1013,74,22.3,23.5,1.5,.9,1,1.7,6.4,10.7
22107,2012-10-05,5.7,1017.5,70,22.3,23.6,1.1,.7,.9,1.4,9.6,12.8
22107,2012-10-06,7.7,1019.8,73,22.8,24.1,1.6,.9,1.3,2.1,6.8,10.7
22107,2012-10-07,8.4,1020.9,70,22.4,23.5,2.2,1.3,1.6,2.8,5.5,7.1
22107,2012-10-08,6.2,1019.7,58,22.4,23.8,2.1,1.4,1.5,2.5,5.9,8
22107,2012-10-09,4.3,1016.8,61,21.6,23.5,1.5,1,1.2,2,6.8,7.1
22107,2012-10-10,6.2,1015.5,68,21.6,23.5,1.4,.9,1.6,2.9,6.8,9.1
22107,2012-10-11,10.9,1016.6,55,19.8,23.3,3.6,2.2,2.7,4.4,6.8,8
22107,2012-10-12,5.7,1017.3,56,20.6,23.5,2.2,1.4,2.2,3.4,7.1,12.8
22107,2012-10-13,5.3,1017,59,22.5,23.6,1.9,1.1,1.4,2.2,7.2,12.8
22107,2012-10-14,7.4,1017.3,63,22.8,23.4,1.9,1.2,1.4,2.4,10.2,12.8
22107,2012-10-15,9.5,1019.7,63,22.2,23.2,3.1,2,2.4,3.6,9.4,12.8
22107,2012-10-16,8.9,1017.2,67,22.9,23.5,2.9,1.8,2.4,4.1,8.5,12.8
22107,2012-10-17,9.5,1015.3,73,20.3,23.5,3.6,2.2,3.7,6.5,8.4,10.7
22107,2012-10-18,12.6,1017.2,57,17.9,23,3.9,2.4,3.3,5.6,6.9,8
22107,2012-10-19,5,1021.7,51,19.8,22.8,1.8,1.1,1.6,2.7,6.3,10.7
22107,2012-10-20,2.6,1022,55,21.5,22.8,.7,.5,.6,.9,8.4,10.7
22107,2012-10-21,4.8,1022.6,67,22.7,22.9,.8,.5,.9,1.4,4.8,10.7
22107,2012-10-22,10.2,1015.8,80,22.3,22.8,2.7,1.6,2.5,4.3,5.3,6.4
22107,2012-10-23,10.1,1018.5,63,17.4,22.4,3.8,2.4,3.3,5.2,7.9,9.1
22107,2012-10-24,3.2,1020.1,60,17.9,22.7,1.3,.8,1.4,2.2,6.6,8
22107,2012-10-25,3.1,1020.4,66,21.2,22.7,.7,.5,.5,.9,8.1,9.1
22107,2012-10-26,6.1,1020.6,75,22.8,22.7,1.1,.7,1,1.8,6.1,9.1
22107,2012-10-27,8.3,1017.1,85,23.2,22.7,1.9,1.2,1.8,2.9,5,5.8
22107,2012-10-28,9.4,1020.9,73,19.9,22.5,2.5,1.6,1.8,3.1,6.1,7.1
22107,2012-10-29,8.8,1019,70,17.8,22.3,2.1,1.3,1.6,2.6,5.5,7.1
22107,2012-10-30,10.7,,,,,3.1,1.9,2.5,4.3,6.4,8
22107,2012-10-31,9.2,1017.8,58,15.6,22,2.6,1.6,2.1,3.8,5.7,8
22107,2012-11-01,10.1,1021.4,57,14.7,21.6,3.4,2,3,4.8,6.8,8
22107,2012-11-02,7.1,,,,,1.6,1,1.4,2.5,5.6,7.1
22107,2012-11-03,5.5,1023.1,58,17.6,21.3,1.1,.7,1,1.6,4.9,10.7
22107,2012-11-04,8.4,1016.8,62,18.6,21.3,2.5,1.5,2.1,3.9,5.4,8
22107,2012-11-05,8.6,1017.5,53,16.6,21.2,3.1,1.9,2.3,4,6.9,8
22107,2012-11-06,10.1,1018.5,59,16.6,21.2,4.2,2.6,3.3,5.3,7.6,9.1
22107,2012-11-07,8.3,1018.8,60,16.5,21,2.9,1.8,2.4,4.4,6.9,8
22107,2012-11-08,4.8,1018.8,62,17.1,20.9,1.2,.7,1.1,1.8,5.4,7.1
22107,2012-11-09,7.6,1020.4,59,18.6,20.9,1.3,.8,1.4,2.5,3.9,5.8
22107,2012-11-10,14.8,1015.3,80,19,20.7,4.2,2.6,3.1,5.7,6.6,8
22107,2012-11-11,12.8,1013.9,69,17,20.6,6.3,3.9,5.1,8.4,8.7,10.7
22107,2012-11-12,9.1,1018.3,54,15.6,20.4,4.3,2.7,4.1,6.3,8.5,9.1
22107,2012-11-13,11.3,1013.4,54,16,20.3,4.2,2.5,3.4,7.1,7,8
22107,2012-11-14,10.9,1019.1,55,13.3,20.1,4.8,3,4.1,6.7,7.9,9.1
22107,2012-11-15,8.2,1026,60,13.5,20,2.5,1.5,2,3.6,6.5,8
22107,2012-11-16,5.6,1021.2,66,17.1,19.9,1.2,.7,.9,1.6,5.1,6.4
22107,2012-11-17,11.5,1016.9,64,14.4,19.7,3.6,2.2,3.3,5,6.4,8
22107,2012-11-18,7,1020.7,60,13.9,19.7,2.2,1.4,2.1,3.3,6.4,7.1
22107,2012-11-19,8.4,1020,62,14.8,19.7,2,1.2,2.2,4,5.4,7.1
22107,2012-11-20,9.7,1022,68,12.4,19.4,2.6,1.6,2.1,3.6,6.3,8
22107,2012-11-21,4.7,1018.9,68,15.4,19.3,1.2,.8,1.1,1.7,4.4,5.8
22107,2012-11-22,5.4,1016.1,70,16.6,19.2,1.3,.8,1.3,2.3,4.9,9.1
22107,2012-11-23,12.1,1017.2,67,13.3,19.1,3.4,2.1,2.8,4.9,6.5,8
22107,2012-11-24,8.9,1022.3,57,11.5,19.2,3,1.8,2.6,4.6,7,8
22107,2012-11-25,4.4,1018.6,68,13,19.2,1.2,.7,1.2,2,5.1,6.4
22107,2012-11-26,12.8,1016.1,64,12.5,18.9,4.5,2.8,4,6.3,6.9,9.1
22107,2012-11-27,5.4,1022.7,49,11.3,18.8,2.7,1.7,3,4.8,7.2,8
22107,2012-11-28,7,1018.9,59,15.8,18.7,1.8,1.1,1.5,2.4,5.4,6.4
22107,2012-11-29,9.7,1020.7,67,12.2,18.5,2.5,1.5,2,3.8,5.6,7.1
22107,2012-11-30,9.3,1022.1,53,12.2,18.2,2.3,1.4,2.1,3.3,5.4,6.4
22107,2012-12-01,8.8,1025.2,64,10.7,18,2.8,1.7,2.4,3.6,6.6,8
22107,2012-12-02,8.1,1020.7,69,13.2,17.9,1.8,1.1,1.5,2.4,5.1,7.1
22107,2012-12-03,8.9,1018.1,64,13.2,17.9,2.6,1.6,3.9,6.1,5.3,8
22107,2012-12-04,9.4,1021.8,56,9.5,17.7,4.2,2.6,4,6.4,8.6,9.1
22107,2012-12-05,8.3,1019.1,56,10.9,17.8,3.1,1.9,4.8,8,6.7,8
22107,2012-12-06,8.4,1024,52,7.6,17.8,5.5,3.4,5.8,9.8,9,10.7
22107,2012-12-07,9.1,1019.6,60,13,17.7,3.1,1.9,3,5.2,6.3,8
22107,2012-12-08,11.3,1020.8,62,8.9,17.6,4.5,2.7,3.5,5.6,7.5,8
22107,2012-12-09,10.5,1020.9,63,7.2,17.7,4.8,3.1,4.1,6.4,8.2,9.1
22107,2012-12-10,8.2,1023.5,67,8.1,18,2.7,1.6,2.2,4,6.6,8
22107,2012-12-11,9.2,1025.2,64,8.6,17.9,2.4,1.5,2.1,4.2,5.4,6.4
22107,2012-12-12,8,1028.5,56,8.6,17.7,2.3,1.4,2,3.3,5.9,7.1
22107,2012-12-13,4.9,1028.5,59,12.9,17.7,1.1,.7,1.1,1.8,4.9,6.4
22107,2012-12-14,10.6,1017.9,82,17.8,17.6,3.6,2.3,3.1,5,7,9.1
22107,2012-12-15,9,1017,80,13.5,17.5,3.2,1.9,2.5,4.4,7,9.1
22107,2012-12-16,7.7,1019.6,80,12.7,17.6,2.3,1.4,1.9,3.4,6,7.1
22107,2012-12-17,11.2,1020.8,68,11.1,17.6,3.4,2,3.1,5.4,6.1,8
22107,2012-12-18,13.3,1025,70,6.8,17.3,5.7,3.6,4.5,6.8,8.2,9.1
22107,2012-12-19,9.4,1027,65,6.9,17.4,3.3,2,2.9,5.1,7,9.1
22107,2012-12-20,7.8,1028,72,9.2,17.5,1.8,1.1,1.4,2.7,4.7,7.1
22107,2012-12-21,10.9,1016.4,82,14.4,17.5,3,1.8,2.6,4.6,5.7,7.1
22107,2012-12-22,13.1,1022.5,69,9.5,17.3,4.9,2.9,3.4,6.7,7.3,8
22107,2012-12-23,12.2,1027.4,71,6.1,17.1,5.1,3.1,3.9,7,7.4,9.1
22107,2012-12-24,6.6,1027.6,70,5.8,16.9,2.9,1.8,3,4.4,7.2,8
22107,2012-12-25,9.6,1029.4,66,7.7,16.9,2.8,1.7,2.4,3.9,6,7.1
22107,2012-12-26,11,1031,73,5.2,16.7,3.1,1.9,2.3,3.7,6.2,8
22107,2012-12-27,,1027.2,70,9.7,16.7,,,1.3,2.3,,9.1
22107,2012-12-28,9.6,1020.8,82,10.9,16.6,2.7,1.7,2.2,3.6,6.4,9.1
22107,2012-12-29,6.1,1020.6,74,11.1,16.6,1.8,1.1,1.6,2.7,6.7,9.1
22107,2012-12-30,13.9,1019,73,6.5,16.4,5.5,3.4,4.6,7.3,7.9,10.7
22107,2012-12-31,9.7,1021.7,63,6.3,16.4,4.5,2.7,4.1,6.4,7.9,9.1
22107,2013-01-01,9.1,1021.8,50,10.1,16.5,3,1.9,2.5,4.2,6.4,8
22107,2013-01-02,9.9,1028.9,61,7.5,16.5,3,1.9,2.4,3.6,6.4,7.1
22107,2013-01-03,11,1034.7,66,3.7,16.3,3.5,2.2,2.6,4.3,6.9,8
22107,2013-01-04,9.4,1029.5,67,4.4,16.2,2.5,1.5,1.9,3.1,5.9,7.1
22107,2013-01-05,8.2,1025.4,64,6,16.1,1.7,1,1.3,2,4.8,5.8
22107,2013-01-06,8,1024.4,63,6.8,16,1.7,1.1,1.3,2.2,5.1,5.3
22107,2013-01-07,9.2,1023.1,68,6.5,15.9,1.9,1.1,1.4,2.7,4.9,5.3
22107,2013-01-08,11.8,1022.9,64,7.2,15.8,2.8,1.7,2,3.6,5.7,6.4
22107,2013-01-09,10.8,1025.7,65,6,15.6,3,1.8,2.2,3.5,6,6.4
22107,2013-01-10,9,1028.8,64,5,15.5,2.1,1.3,1.7,2.6,5.5,6.4
22107,2013-01-11,4.1,1028.2,63,7.8,15.5,1.1,.7,1.4,2.3,5.1,9.1
22107,2013-01-12,4.3,1025.5,61,11.1,15.4,.8,.5,.7,1,5.2,9.1
22107,2013-01-13,7.6,1020,69,11.5,15.4,1.4,.9,1.2,2.2,4.1,5.8
22107,2013-01-14,11.4,1020.3,65,9.8,15.4,3.3,2,2.7,4.8,6,7.1
22107,2013-01-15,6.5,1024.1,69,8.9,15.3,2.1,1.3,2,3.8,6.7,8
22107,2013-01-16,8.3,1024.3,64,9.3,15.2,2,1.3,2.1,3.7,5.3,9.1
22107,2013-01-17,12.7,1028.7,68,5.8,15.1,4.9,3,3.7,6,7.6,9.1
22107,2013-01-18,8.5,1030.9,63,6.3,15.1,3.1,1.9,3.1,5.5,7,8
22107,2013-01-19,4.9,1030,60,8.6,15.1,1.3,.8,1,1.8,4.7,7.1
22107,2013-01-20,5.9,1028.5,68,11.8,15,1.1,.7,1.5,2.1,4.7,5.8
22107,2013-01-21,9,1019.7,88,14.6,15,2.8,1.7,2.2,3.5,5.7,6.4
22107,2013-01-22,9.7,1021.5,73,9.2,15,3.6,2.2,3,4.9,6.8,8
22107,2013-01-23,8,1020.1,66,9,14.9,2.3,1.4,1.7,3.1,6,7.1
22107,2013-01-24,8.5,1019,64,9.5,15,2.4,1.5,2.7,3.8,5.6,6.4
22107,2013-01-25,9.2,1022.5,61,6.5,14.9,3.3,2,2.7,4.8,6.6,8
22107,2013-01-26,9.3,1022.8,71,6,14.8,2.6,1.5,2.1,4,5.8,8
22107,2013-01-27,11.6,1026.5,64,5.9,14.7,3.6,2.3,3.2,5.2,6.4,8
22107,2013-01-28,5.2,1027.8,58,7.9,14.6,1.9,1.2,2.6,4,6.6,8
22107,2013-01-29,2.9,1026.8,58,11.4,14.6,1,.6,.7,1.2,4.6,6.4
22107,2013-01-30,3.2,1028.7,62,13.7,14.5,.6,.4,.5,.8,5,9.1
22107,2013-01-31,8.4,1027,76,15.4,14.4,1.5,.9,1.2,2.3,4.3,5.3
22107,2013-02-01,9.8,1020.1,91,15,14.5,3.7,2.3,3.7,5.3,7.2,8
22107,2013-02-02,12.1,1026.9,73,8.5,14.4,3.8,2.4,2.9,4.6,6.5,8
22107,2013-02-03,8.6,1022.4,73,11.3,14.3,2.2,1.3,1.9,3.3,5.9,8
22107,2013-02-04,11.1,1018.9,82,11.1,14.2,3.1,1.9,3,5.2,5.6,7.1
22107,2013-02-05,6.1,1018.2,83,10.9,14.3,2.2,1.4,1.9,3.3,6.8,8
22107,2013-02-06,10.8,1019.8,74,7.9,14.2,3.2,2.1,2.7,4.1,6.3,7.1
22107,2013-02-07,12.2,1024.4,72,4.2,13.9,4.3,2.7,3.9,6.1,7,9.1
22107,2013-02-08,11.6,1029.5,70,2,13.9,4.7,2.8,3.5,5.8,8.2,9.1
22107,2013-02-09,8.3,1027.7,66,4.2,14.1,2.2,1.3,1.7,2.9,5.9,9.1
22107,2013-02-10,7.8,1026.6,66,6.5,14,1.3,.8,1.1,1.9,4.2,4.9
22107,2013-02-11,9.4,1028.5,70,6.5,13.9,2.2,1.4,1.7,3.2,5.3,6.4
22107,2013-02-12,8.2,1024.9,70,8,14,2.2,1.4,2.5,4,5.7,7.1
22107,2013-02-13,7.1,1027.2,63,6.6,14,2.1,1.3,2,3.5,6,6.4
22107,2013-02-14,4.5,1023.1,69,8.9,14,.9,.6,.7,1.1,5,9.1
22107,2013-02-15,11.4,1022.9,64,7.9,13.9,2.9,1.8,2.6,4.1,5.5,6.4
22107,2013-02-16,8.9,1026.8,64,6.4,13.7,2.4,1.5,2.4,3.9,5.6,7.1
22107,2013-02-17,6.9,1018.2,79,12.6,13.7,1.6,1,1.4,2.1,4.4,5.8
22107,2013-02-18,10.5,1015.8,76,9.9,13.4,3.4,2.1,3.2,4.7,6.2,8
22107,2013-02-19,13.6,1023.3,68,5.3,13.5,5.2,3.2,4,7.3,7.6,8
22107,2013-02-20,10.9,1028.7,61,5.8,13.1,3.3,2,2.9,4.9,6.2,8
22107,2013-02-21,7,1029.7,56,8.1,13.2,1.4,.8,1.3,2.2,4,5.8
22107,2013-02-22,6.6,1028,53,9.5,13.2,1.1,.7,1.1,1.8,5.6,10.7
22107,2013-02-23,8.5,1029.8,64,6.7,13.1,1.9,1.2,1.4,2.3,5,5.8
22107,2013-02-24,5.1,1029.8,53,8.8,13.1,1.1,.7,1.2,1.8,4.8,9.1
22107,2013-02-25,5.7,1026.9,58,12.6,13.3,.9,.6,.9,1.5,5.1,9.1
22107,2013-02-26,8.6,1017.7,82,13.2,13.1,2.1,1.3,1.7,2.5,4.8,5.8
22107,2013-02-27,9.7,1018.2,80,10.3,13.1,2.3,1.4,1.8,3.2,5.1,8
22107,2013-02-28,5.8,1016.3,78,14.3,13.3,1.4,.8,1.1,2,4.4,6.4
22107,2013-03-01,13.4,1017.1,79,8.5,13.3,4.8,2.9,5.5,8.5,6.7,10.7
22107,2013-03-02,13.8,1026.4,70,6,13.3,5.4,3.3,4.2,8.5,8,10.7
22107,2013-03-03,8.7,1024.7,63,6.9,14,2.3,1.5,1.9,3.5,5.5,8
22107,2013-03-04,7.5,1022.9,63,11.3,14.5,1.7,1.1,1.3,2.2,4.9,5.8
22107,2013-03-05,5.1,1026.3,59,10,14.4,1.1,.7,1.1,1.8,4.8,5.8
22107,2013-03-06,6.1,1022.8,72,13.9,14.4,1.1,.7,1.1,1.6,4,5.3
22107,2013-03-07,8.1,1015.2,81,13.8,14.3,2.5,1.6,2.4,4.2,5.6,6.4
22107,2013-03-08,6,1012.3,78,14.4,14.2,1.7,1,1.5,2.8,5,5.8
22107,2013-03-09,6.8,1011.1,80,16,14.4,1.9,1.2,2.2,4,5,6.4
22107,2013-03-10,13.6,1018.5,74,9.1,14.3,5,3.1,3.9,6.3,7.9,10.7
22107,2013-03-11,7.3,1022.8,69,11.6,14.6,2.7,1.6,2.7,4.4,6.7,8
22107,2013-03-12,6.5,1016.2,79,15.2,14.8,1.2,.7,1,1.5,4.8,9.1
22107,2013-03-13,12.7,1014.8,82,10.6,14.5,4.1,2.6,4.3,6.8,6.7,9.1
22107,2013-03-14,8.4,1025.8,73,9.9,14.8,3.5,2.3,3.7,5.7,8.6,10.7
22107,2013-03-15,4.1,1026.1,74,11.2,15.1,1.3,.8,1.3,2.1,6.1,8
22107,2013-03-16,3.6,1024.1,74,11.6,15.3,.7,.4,.5,.9,8,9.1
22107,2013-03-17,6.9,1013.8,83,14.6,15.1,1.4,.9,2.4,4,5.9,9.1
22107,2013-03-18,8,1006.9,86,12.9,14.8,2.9,1.8,2.5,4.3,6.9,8
22107,2013-03-19,4.6,1012.9,85,14.6,15.1,1.8,1.1,1.4,2.4,7.1,8
22107,2013-03-20,9.5,1013.1,80,11,14.9,3.8,2.3,5.1,8,7.2,9.1
22107,2013-03-21,7.2,1018.7,65,7.1,14.8,3.2,1.9,3.5,5.8,8.2,9.1
22107,2013-03-22,6.4,1013.3,75,11.5,14.6,1.5,1,1.6,2.4,4.9,7.1
22107,2013-03-23,6.5,1014.8,70,11.8,14.7,1.9,1.2,1.6,2.6,6.1,7.1
22107,2013-03-24,9.2,1013,68,10.9,14.6,2.1,1.3,2.7,4,5.4,7.1
22107,2013-03-25,12.5,1018.7,67,7.4,14.5,4.2,2.6,3.2,5.2,7,8
22107,2013-03-26,4.7,1020.4,62,10.5,14.6,1.8,1.1,2.1,3.4,5.9,8
22107,2013-03-27,3.6,1016.2,74,13.2,14.5,.8,.5,.6,1,4.7,9.1
22107,2013-03-28,7.4,1016.2,64,12.8,14.6,1.1,.7,1.4,2,5.3,9.1
22107,2013-03-29,10.7,1019.4,62,10.6,14.5,2.8,1.7,2.2,3.9,6,7.1
22107,2013-03-30,4.7,1019.9,69,13.8,14.7,1.6,1,1.7,2.7,5.5,7.1
22107,2013-03-31,8.6,1021.7,72,11.9,14.7,2.1,1.3,1.7,2.8,5.3,6.4
22107,2013-04-01,6.4,1019.2,67,15,15.1,1.4,.9,1.4,2.3,5.8,7.1
22107,2013-04-02,10.2,1015.9,75,11.4,15.1,2.8,1.7,3.1,5.2,6.3,9.1
22107,2013-04-03,8.1,1017,65,11.5,15.2,2.1,1.3,2.2,3.6,6.5,8
22107,2013-04-04,5.4,1015.7,71,15.2,15.3,.9,.6,.7,1.3,4.2,8
22107,2013-04-05,9.5,1010.1,87,16.8,15.2,1.8,1.1,1.7,2.9,4.6,6.4
22107,2013-04-06,14,1000.6,87,11.9,15,6.9,4.1,5.5,10.2,8.3,10.7
22107,2013-04-27,,,,,,,,.8,1.4,,5.3
22107,2013-04-28,6.9,1017.9,78,17.5,15.4,1.3,.8,1,1.6,4.4,5.3
22107,2013-04-29,5.7,1014.6,90,16.9,15.4,1.4,.9,1.1,1.7,4.8,5.8
22107,2013-04-30,5.9,1011,74,15.8,15.4,1.4,.9,1.1,2.1,5.1,5.8
22107,2013-05-01,7.9,1011.6,78,13.5,15.2,2,1.3,1.6,2.8,5.3,5.8
22107,2013-05-02,4.9,1014.8,76,14.2,15.3,1.2,.8,1,1.5,4.9,5.8
22107,2013-05-03,4.7,1016.8,71,15.5,15.4,.8,.5,.7,1.1,3.9,8
22107,2013-05-04,6.4,1019.8,73,15.5,15.3,1,.7,.9,1.5,3.9,8
22107,2013-05-05,4.7,1021.4,77,15.7,15.5,.8,.5,.9,1.7,3.5,4.3
22107,2013-05-06,4.3,1018.9,67,16.5,15.5,.5,.3,.5,.9,3.3,8
22107,2013-05-07,8.8,1018.7,79,17,15,1.7,1.1,1.6,2.6,4.5,6.4
22107,2013-05-08,8.4,1018.8,83,17.2,15,1.9,1.1,1.5,2.9,5.2,7.1
22107,2013-05-09,6.4,1013.5,93,17.7,15.2,1.1,.7,1.2,2.3,5.5,9.1
22107,2013-05-10,7.9,1005.8,93,16.1,15.3,2.5,1.6,2.1,3.8,6.3,7.1
22107,2013-05-11,3.5,1007.3,92,16.2,15.8,1.3,.8,1.2,1.9,6.8,7.1
22107,2013-05-12,4.7,1009.9,92,17.1,16.1,1,.7,.9,1.4,4.3,7.1
22107,2013-05-13,3.2,1012.4,85,18.2,16.7,.8,.5,.6,1,4.9,7.1
22107,2013-05-14,4.6,1012.4,87,19.4,17.1,.6,.4,.5,.8,6.2,8
22107,2013-05-15,2.6,1012.7,96,18.6,17.9,1,.6,.7,1.2,5.2,5.8
22107,2013-05-16,11.4,1013.5,87,18.4,16.4,2.8,1.7,2.6,4.4,5.6,7.1
22107,2013-05-17,11.7,1013.8,81,17.9,15.6,3.2,2,2.4,3.9,6.5,8
22107,2013-05-18,7.4,1007.5,92,18.5,15.8,2.2,1.4,1.6,2.7,7.3,8
22107,2013-05-19,7.4,1001,93,16.8,15.9,2.8,1.7,2.1,3.5,7,8
22107,2013-05-20,4.2,1005.6,93,16.6,16.2,1.5,.9,1.5,2.7,5.5,9.1
22107,2013-05-21,3.2,1008.4,94,17,16.7,.7,.4,.6,.9,6.7,8
22107,2013-05-22,1.5,1011.6,98,16.9,17.2,.6,.3,.4,.8,6.8,8
22107,2013-05-23,1.8,1013.3,88,19.7,17.9,.5,.3,.4,.7,6.9,9.1
22107,2013-05-24,1.3,1014.2,90,20,18.6,.5,.3,.4,.7,7.2,9.1
22107,2013-05-25,1.9,1014.7,89,20.8,19.4,.7,.4,.5,.9,6.4,7.1
22107,2013-05-26,6.6,1014.5,91,21.4,18.6,1.4,.9,1.4,2.6,6.3,8
22107,2013-05-27,11.6,1006.8,95,20.6,17.2,4.7,2.9,3.7,6.5,7.9,9.1
22107,2013-05-28,4.5,1007,95,19.2,17.4,3.5,2.2,2.9,5.1,7.6,9.1
22107,2013-05-29,3.2,1011.4,93,18.9,17.7,1.9,1.1,1.6,2.8,6.3,7.1
22107,2013-05-30,3.9,1013.3,89,18.5,17.6,.9,.6,.7,1.1,6.4,9.1
22107,2013-05-31,3.6,1010.1,88,18.2,17.9,.7,.4,.6,1,5.7,9.1
22107,2013-06-01,4.3,1007.7,84,18.6,18.4,.7,.4,.6,1,4.7,9.1
22107,2013-06-02,4.9,1007.4,86,19.2,18.6,1,.6,1,1.6,3.6,5.8
22107,2013-06-03,2.1,1011.7,88,19.9,18.9,1.3,.8,1.1,1.6,5.8,7.1
22107,2013-06-04,2.5,1015.9,92,20.4,19.3,.8,.5,.6,1.1,6.8,8
22107,2013-06-05,2.7,1016.8,96,20.3,19.4,1.1,.7,.9,1.6,6.3,8
22107,2013-06-06,2,1014.6,94,20.2,19.6,1.2,.7,.9,1.4,5.7,7.1
22107,2013-06-07,6.5,1011.4,92,21,19.3,1.3,.8,1.1,1.6,4.9,7.1
22107,2013-06-08,10.2,1005.8,90,21.2,19.2,3.1,1.9,3.4,5.9,6.1,9.1
22107,2013-06-09,12,1002.8,91,20.8,18.6,5.1,3.1,3.8,6.6,8.8,9.1
22107,2013-06-10,8.7,1004.5,92,21,18.3,3.1,1.9,2.4,3.9,7.8,9.1
22107,2013-06-11,5.5,1004.4,94,21,18.3,2,1.2,1.6,2.6,7.2,9.1
22107,2013-06-12,3.7,1009.8,96,20,18.8,1.2,.7,1,1.4,8.5,10.7
22107,2013-06-13,2.7,1013.2,94,20.3,19.2,.9,.6,.7,1.1,7.4,9.1
22107,2013-06-14,2.9,1013.4,97,20.5,19,.8,.5,.7,1,6.7,9.1
22107,2013-06-15,1.7,1011.9,98,21.1,19.8,.7,.4,.6,.9,6.3,8
22107,2013-06-16,1.8,1009.1,97,21.2,20.6,.9,.5,.6,1.1,7.1,9.1
22107,2013-06-17,2.3,1003.9,98,22.3,20.9,.9,.6,.7,1.1,7,9.1
22107,2013-06-18,6,999.2,97,22.8,20.5,1.6,1,1.5,2.5,5.2,8
22107,2013-06-19,5.2,1001.2,97,22.6,20.1,2.5,1.5,1.9,3.1,6.2,6.4
22107,2013-06-20,3.3,1004.5,96,22.6,20.8,2,1.2,1.6,2.6,6.9,10.7
22107,2013-06-21,3.6,1005.9,93,22.7,21.1,3.4,2.2,3.1,4.6,9.6,10.7
22107,2013-06-22,1.5,1008.2,93,22.3,21.5,1.7,1.1,1.3,2.3,7.7,9.1
22107,2013-06-23,3.8,1006.8,92,22.5,21.3,1.6,.9,1.2,1.9,7.7,9.1
22107,2013-06-24,1.9,1006.5,84,22.5,21.8,1.5,1,1.1,1.9,7,9.1
22107,2013-06-25,5.7,1004.6,90,22.7,21.2,1.7,1.1,1.4,2.3,6.5,7.1
22107,2013-06-26,5.3,1002.5,91,21.9,21.3,2.6,1.6,2,3.3,8.1,9.1
22107,2013-06-27,3,1005,90,22.9,21.6,2,1.2,1.4,2.4,7.7,9.1
22107,2013-06-28,3.4,1005.4,86,23.5,21.9,1.8,1.1,1.3,2.3,7.5,9.1
22107,2013-06-29,4.6,1009.8,91,23.4,22,1.8,1.1,1.2,2.1,7.6,8
22107,2013-06-30,4.6,1009.9,93,24.1,22.4,1.4,.9,1.1,1.9,6.7,8
22107,2013-07-01,3.1,1009.2,95,24.6,23.1,1,.6,.7,1.3,6.2,7.1
22107,2013-07-02,6.6,1006,95,25.5,23.3,1.8,1.2,1.7,2.7,5.2,6.4
22107,2013-07-03,7.1,1003.5,93,25.4,23,3.1,1.8,2.3,4,6.7,8
22107,2013-07-04,8.1,1000.9,94,25.4,23,2.8,1.8,2.1,3.5,6.8,8
22107,2013-07-05,9.5,1000.3,93,25.2,22.7,4.1,2.6,3.1,5,7.5,9.1
22107,2013-07-06,3.1,1007,96,24.2,22.6,2.9,1.8,2.3,4,7.7,8
22107,2013-07-07,7.3,1008.7,95,25.5,22.8,2.8,1.7,2.1,3.6,7.1,8
22107,2013-07-08,9.4,1010.1,95,25.9,23.1,3.4,2.1,2.6,4.3,7.1,8
22107,2013-07-09,6.5,1009.6,97,25.8,23.6,2.3,1.4,1.7,2.8,6.4,7.1
22107,2013-07-10,5.8,1009.1,98,25.8,24.1,1.7,1,1.2,2.1,5.5,6.4
22107,2013-07-11,4,1010.7,97,26.2,24.7,2,1.3,1.9,3.2,10.7,12.8
22107,2013-07-12,3.5,1010.3,97,27.1,25.5,2.2,1.4,1.6,3.1,11.8,12.8
22107,2013-07-13,5.1,1011.4,94,27.9,25.9,3.7,2.4,3.9,5.7,11.2,12.8
22107,2013-07-14,6.2,1013,93,27.7,25.6,4.9,3,3.6,6.2,10.6,12.8
22107,2013-07-15,7.6,1011.8,91,27.6,25.9,3.4,2.1,2.4,4.2,8.4,9.1
22107,2013-07-16,8,1010.7,89,27.8,26.1,3.4,2.1,2.5,4.3,7.4,8
22107,2013-07-17,5.5,1010.9,89,27.8,26.2,2.4,1.5,2,3,6.6,7.1
22107,2013-07-18,4.2,1010.9,90,28.1,26.7,1.6,1,1.1,2,5.7,7.1
22107,2013-07-19,5.2,1010.9,90,28.4,27,1.6,1,1.1,2,5.6,7.1
22107,2013-07-20,6.7,1009.7,88,28.6,27.2,1.9,1.2,1.4,2.5,5.9,6.4
22107,2013-07-21,7.6,1008.6,89,28.7,27.3,2.4,1.5,1.7,3.3,6.3,6.4
22107,2013-07-22,6.9,1010,87,28.7,27.5,2.3,1.4,1.6,2.7,6.2,6.4
22107,2013-07-23,8.9,1008.2,86,28.6,27.5,3,1.8,2.1,4.1,6.5,7.1
22107,2013-07-24,8.1,1004.5,89,28.5,27.3,3.3,2.1,2.5,4.3,7.1,8
22107,2013-07-25,3.9,1004.3,91,28.4,27.4,1.8,1.1,1.6,2.6,6.2,7.1
22107,2013-07-26,3.8,1004.9,92,28.7,27.6,1.8,1.1,1.4,2.5,6.4,7.1
22107,2013-07-27,4.8,1006.1,89,28.7,27.8,2,1.2,1.5,2.4,6.4,7.1
22107,2013-07-28,5.8,1005.9,90,29,28,2.1,1.3,1.5,2.7,6.5,7.1
22107,2013-07-29,6.6,1004.9,91,29,27.9,2.3,1.4,1.7,2.8,6.8,7.1
22107,2013-07-30,7.6,1003.8,90,28.9,27.9,2.5,1.5,1.8,3.1,6.4,7.1
22107,2013-07-31,5.8,1004,90,29,28,2.4,1.5,1.7,2.9,6.6,7.1
22107,2013-08-01,6.1,1007.4,88,29.1,27.9,2.6,1.6,1.9,3.4,6.9,7.1
22107,2013-08-02,6.6,1011.6,88,29.3,28.2,2.2,1.4,1.7,2.8,6.1,6.4
22107,2013-08-03,5.8,1011.1,89,29.4,28.3,1.8,1.1,1.3,2.4,5.6,6.4
22107,2013-08-04,4.9,1007.1,89,29.6,28.5,1.9,1.1,1.3,2.2,5.7,6.4
22107,2013-08-05,5.5,1006,87,29,28.5,1.6,1,1.4,2.3,4.9,5.8
22107,2013-08-06,4.7,1007.2,91,29.7,28.6,1.9,1.1,1.7,2.6,6,7.1
22107,2013-08-07,5.6,1008.4,87,29.7,28.9,2.3,1.4,1.7,2.7,6.8,7.1
22107,2013-08-08,4.5,1007.2,88,29.6,29.2,1.9,1.2,1.3,2.4,6.3,6.4
22107,2013-08-09,4.3,1007.4,89,30,29.3,1.5,.9,1.2,2,6,6.4
22107,2013-08-10,4.1,1009.8,87,30.3,29.7,1.2,.8,.9,1.6,5.5,6.4
22107,2013-08-11,3.1,1011.6,80,30.1,29.9,1.3,.8,1,1.7,5.3,6.4
22107,2013-08-12,3.3,1011.4,75,30.3,30.2,1.1,.7,.8,1.4,5,5.8
22107,2013-08-13,3.3,1011.1,74,30.5,30.2,1.1,.7,1,1.6,7.2,12.8
22107,2013-08-14,3.8,1011.2,75,30.7,30.3,1.5,1,1.2,1.8,9.7,10.7
22107,2013-08-15,3.5,1010,75,30.7,30.4,1.3,.8,.9,1.9,8,9.1
22107,2013-08-16,4,1007.4,73,30.8,30.5,1.3,.8,.9,1.7,7.4,9.1
22107,2013-08-17,3.9,1005.9,75,31.1,30.5,1.1,.7,.8,1.4,5.7,9.1
22107,2013-08-18,5.7,1005.5,78,31.3,30.4,1.8,1.1,1.8,3.3,6.2,9.1
22107,2013-08-19,5.3,1006.2,81,31.1,30.4,2,1.3,1.5,2.5,6.5,8
22107,2013-08-20,3.8,1006.5,78,31.1,30.7,1.4,.9,1.2,2,6.2,7.1
22107,2013-08-21,6.7,1006.7,80,31.4,30.5,2.4,1.5,2.5,3.8,7.3,9.1
22107,2013-08-22,7,1008,81,31.1,30.3,4.1,2.5,2.9,5.2,9.7,10.7
22107,2013-08-23,6.5,1008.5,82,31,30.3,4,2.5,3.2,5.5,9.8,10.7
22107,2013-08-24,8.4,1006.9,81,30.7,30.2,3.3,2.1,2.5,4.1,8,9.1
22107,2013-08-25,6.6,1004.6,86,29.1,29.8,2.7,1.7,2.4,4.1,6.8,8
22107,2013-08-26,5.8,1005.3,78,28,29.6,1.6,1,1.2,2,6.3,7.1
22107,2013-08-27,2.3,1008.7,67,28.6,29.9,.9,.6,.8,1.3,5.6,6.4
22107,2013-08-28,4.3,1008,74,29.2,29.8,.9,.6,.9,1.4,4.9,12.8
22107,2013-08-29,9.5,1003.8,82,30.4,29.6,3.2,2,2.4,4.4,7,12.8
22107,2013-08-30,6.9,1003.1,82,28.5,29.2,3.8,2.3,2.5,4.9,9,12.8
22107,2013-08-31,9.2,1007.1,67,26.5,29,3.3,2.1,2.6,4.6,8.4,9.1
22107,2013-09-01,8.4,1010.2,73,27,28.7,2.2,1.4,1.6,2.6,6.2,8
22107,2013-09-02,9.2,1011.5,75,26.9,28.3,2.2,1.3,1.6,3,4.9,5.8
22107,2013-09-03,11.2,1009.6,67,26.1,27.9,3,1.8,2.3,3.9,5.7,7.1
22107,2013-09-04,9,1011.2,60,25.3,27.2,3,1.8,2.7,4.7,6.4,7.1
22107,2013-09-05,6.3,1015,65,26.9,27.1,1.7,1,1.5,2.4,6,8
22107,2013-09-06,7.1,1015.7,76,25.7,26.7,1.7,1.1,1.3,2.1,4.9,7.1
22107,2013-09-07,3.7,1016,78,24.9,26.3,1.2,.7,.9,1.8,5.4,8
22107,2013-09-08,4.9,1016.9,74,25.8,26.2,1,.6,.8,1.3,4.1,7.1
22107,2013-09-09,2.7,1015.5,68,26.3,26.4,.9,.5,.7,1.1,4.8,9.1
22107,2013-09-10,3.9,1013.6,70,26.7,26,.7,.4,.6,1.2,5.2,6.4
22107,2013-09-11,3.2,1014.7,81,27.4,26.5,.6,.4,.4,.8,4,6.4
22107,2013-09-12,2.6,1015.7,80,27.8,27.2,.6,.4,.5,.9,4.6,8
22107,2013-09-13,4.1,1013,90,28.2,27.2,.8,.5,.6,1.1,3.5,4
22107,2013-09-14,5.2,1009.8,85,26,26.8,1,.7,1,1.4,4.1,5.8
22107,2013-09-15,10.2,1007,80,25.9,25.9,2.4,1.5,2.4,4.2,4.9,6.4
22107,2013-09-16,8.9,1012,63,25.3,25.2,2.7,1.7,2.1,3.5,6.2,7.1
22107,2013-09-17,5.9,1016.4,66,26.1,25.4,2,1.2,1.5,2.7,5.7,7.1
22107,2013-09-18,7.9,1017.8,69,27.3,26.5,1.9,1.2,1.4,2.4,5.5,7.1
22107,2013-09-19,9.3,1016.4,72,27.4,26.6,2.3,1.4,1.9,3.2,6,8
22107,2013-09-20,4.5,1015.3,72,27.5,26.4,1.7,1,1.4,2.4,7.1,8
22107,2013-09-21,4.3,1014,73,27.5,26.5,2,1.3,1.5,2.6,8.6,12.8
22107,2013-09-22,8.4,1014,80,27.7,26.3,3.2,1.9,2.4,4.2,12.1,12.8
22107,2013-09-23,9.6,1014,83,27.5,26.6,3.2,2,2.4,4.2,9.2,10.7
22107,2013-09-24,3.4,1012,81,27.4,26.7,2.2,1.4,1.6,2.7,9.6,12.8
22107,2013-09-25,11.3,1011.3,73,23.9,26.5,3.7,2.3,3.2,5.1,8.6,16
22107,2013-09-26,11.2,1015.9,57,22.5,26.5,4.1,2.5,3.4,6.2,7.3,9.1
22107,2013-09-27,6.7,1016.8,60,24.1,25.7,1.9,1.2,1.7,2.6,5.4,6.4
22107,2013-09-28,5.2,1013.4,75,25.8,25.2,1.7,1.1,1.4,2.2,5.6,7.1
22107,2013-09-29,2.7,1014,89,24.4,24.4,1.3,.8,1.2,1.9,5,5.8
22107,2013-09-30,6,1015.2,85,24.7,25.5,2,1.3,1.7,2.8,5.4,6.4
22107,2013-10-01,5.7,1014.3,80,26.3,25.7,1.9,1.2,1.6,2.7,5.2,6.4
22107,2013-10-02,9.2,1012.6,78,24,26.3,2.3,1.4,3.1,5.4,5.5,7.1
22107,2013-10-03,11.4,1015.7,63,21.8,26,3.9,2.4,3.3,6.2,7.5,9.1
22107,2013-10-04,7.2,1017,62,23.8,25.7,2.6,1.6,2.1,3.5,5.9,7.1
22107,2013-10-05,10.5,1016.5,73,25.6,25.4,3.3,2.1,2.6,4.5,7,9.1
22107,2013-10-06,12.1,1016.9,82,26.7,25.4,4.1,2.5,2.9,4.8,9,12.8
22107,2013-10-07,10.9,1014.9,83,27,25.3,4.7,2.8,3.5,5.7,9.5,10.7
22107,2013-10-08,12.5,1006.9,84,25.5,25.4,6.2,3.9,5.7,8.8,11,16
22107,2013-10-09,7,1012.9,82,24.1,24.9,2.9,1.8,2.6,4.7,6.9,10.7
22107,2013-10-10,2.9,1013.9,88,25,23.9,1.3,.8,1.1,1.9,8.2,10.7
22107,2013-10-11,7.9,1015.3,71,23.6,24.1,1.8,1.1,2,3.5,5.5,9.1
22107,2013-10-12,8.5,1019.6,53,22.2,23.9,2.3,1.3,1.8,3.2,5.9,7.1
22107,2013-10-13,6.8,1019.8,61,22.9,22.8,2,1.2,1.8,2.9,5.1,6.4
22107,2013-10-14,5,1017.4,76,24.2,23,2.3,1.4,2.2,3.5,7.7,9.1
22107,2013-10-15,12.9,1013.8,75,20.4,23,5.3,3.2,5.1,8.6,9.2,12.8
22107,2013-10-16,10.9,1020,64,18.2,23.7,4.9,3,4.9,8.6,7.9,9.1
22107,2013-10-17,4.5,1026.4,56,19.8,23.4,1.9,1.2,1.6,2.9,6.1,10.7
22107,2013-10-18,6.9,1025.4,60,21.9,22.3,1.9,1.2,1.5,2.9,5.5,7.1
22107,2013-10-19,3.3,1022.7,64,22.2,22.1,1.8,1.1,1.4,2.4,6,8
22107,2013-10-20,8.1,1019.1,70,21,22.3,2,1.2,1.5,2.7,6,10.7
22107,2013-10-21,9.3,1018,67,20.3,22.3,2.1,1.3,1.5,2.7,6.3,12.8
22107,2013-10-22,5.5,1019.2,68,21.7,22.3,2.4,1.5,2.1,3,8.4,12.8
22107,2013-10-23,7.9,1017.2,72,21.5,22.2,3.5,2.1,2.3,4.2,11.4,12.8
22107,2013-10-24,12.7,1014.4,73,20,22,4.6,2.8,4,6.5,9.6,12.8
22107,2013-10-25,14.7,1014.4,69,16.9,22.2,5.7,3.6,3.9,6.8,7.9,9.1
22107,2013-10-26,12.2,1017.3,63,17.3,22.2,4.7,2.9,3.6,6.5,7.3,9.1
22107,2013-10-27,7.5,1022.5,61,17.5,21.9,2.4,1.5,2.3,3.9,6.6,8
22107,2013-10-28,1.7,1023.7,58,18.6,22.6,.9,.5,.8,1.5,5.8,9.1
22107,2013-10-29,3.1,1023.4,65,18.7,22.5,.7,.4,.6,1.1,6.8,10.7
22107,2013-10-30,8.1,1023.7,68,17.3,20.9,1.6,1.1,1.5,2.3,4.6,5.8
22107,2013-10-31,5.7,1024.4,70,17.5,20.1,1.4,.9,1.3,2.3,5.2,6.4
22107,2013-11-01,4.4,1023.9,70,20.6,21.7,1.2,.7,1,1.7,5.6,10.7
22107,2013-11-02,5.7,1020.9,67,21.5,22.3,1.6,1,1.2,2.1,8.7,10.7
22107,2013-11-03,6.8,1019.3,71,19.8,22.1,2.1,1.3,1.5,2.7,7.1,9.1
22107,2013-11-04,9.1,1023.4,65,17.3,22.5,2.6,1.6,2.2,3.6,6.1,8
22107,2013-11-05,4.8,1024.8,62,19.3,22.5,1.7,1.1,1.6,2.6,6.3,7.1
22107,2013-11-06,4.5,1020.4,69,19.8,22,1,.6,.8,1.5,4.3,9.1
22107,2013-11-07,5.8,1020.8,66,18.3,22.5,1.5,1,1.3,2.3,5,5.8
22107,2013-11-08,6,1024.4,63,18.2,22.6,1.3,.8,1,1.7,5.2,6.4
22107,2013-11-09,8,1019.8,78,21.1,20.6,2.3,1.4,2,3.3,5,5.8
22107,2013-11-10,12.5,1019.4,70,14.6,21.1,5,3.1,4.1,6.9,7.3,9.1
22107,2013-11-11,11.9,1021.1,62,12.6,21,4.4,2.8,3.6,5.8,7.4,9.1
22107,2013-11-12,10.4,1021,62,12.4,21.5,3.8,2.4,2.9,5,7.1,8
22107,2013-11-13,7,1021.9,63,12.7,21.5,2,1.2,1.5,2.4,5.4,6.4
22107,2013-11-14,2.2,1020.8,66,15.4,21.1,,,.8,1.2,,9.1
22107,2013-11-15,6.3,1021.4,62,16.1,19.9,1.3,.8,1.1,2,5.1,9.1
22107,2013-11-16,4.9,1018.5,55,16.8,20.2,1.1,.7,1.3,2.2,4.8,5.8
22107,2013-11-17,10.8,1017.2,62,14.7,20.1,4,2.4,2.8,5.1,7.3,9.1
22107,2013-11-18,12.7,1019.2,67,11.3,20.2,5.7,3.3,4.2,7.5,8.3,9.1
22107,2013-11-19,11.8,1020.1,53,12.4,19.9,5.8,3.5,4.6,7.6,8.4,9.1
22107,2013-11-20,8.9,1022.4,55,13.2,20.3,3.3,2.1,2.8,4.7,7,8
22107,2013-11-21,6,1024.7,55,,,1.5,.9,1.1,1.9,4.9,6.4
22107,2013-11-22,8.4,1025.9,51,,,1.8,1,1.2,2.2,4.5,5.3
22107,2013-11-23,4.6,1024.7,44,,,1.1,.4,.7,1.3,3.9,8
22107,2013-11-24,9.4,1014.9,61,,,2.8,1.6,4.1,7.4,5.4,9.1
22107,2013-11-25,12.8,1013.5,59,,,6.7,4,4.8,8.5,9,10.7
22107,2013-11-26,6.4,1019.6,54,13.6,19.1,3.1,1.9,3.2,6.2,7.8,9.1
22107,2013-11-27,12,1019.1,60,12.8,19.1,4.5,2.8,5.1,8.1,6.9,9.1
22107,2013-11-28,12.3,1022.5,62,8.5,19.1,6.2,3.7,5.1,8.8,8.9,10.7
22107,2013-11-29,9.8,1022.2,56,11,19.2,4.4,2.6,3.6,6.8,7.7,9.1
22107,2013-11-30,6,1022.4,51,14.1,19.3,2,1.2,1.9,3.1,6,7.1
22107,2013-12-01,6.7,1022.3,53,14.3,19.2,1.6,1,1.3,1.9,5,5.8
22107,2013-12-02,6.1,1022,52,13.1,19,1.3,.8,1.1,1.8,4.4,5.3
22107,2013-12-03,4,1021.5,54,14.3,18.9,.7,.4,.6,1.2,4.1,6.4
22107,2013-12-04,6.3,1021.3,54,,,1,.6,.9,1.7,3.7,4.9
22107,2013-12-05,5.4,1020.2,51,,,.9,.5,.8,1.2,4.2,9.1
22107,2013-12-06,7.8,1019.4,71,,,1.7,.9,1.3,2.2,4.7,5.8
22107,2013-12-07,6.4,1022.9,58,,,1.3,.7,1.1,2.2,4.1,5.3
22107,2013-12-08,3.5,1021.6,62,,,.9,.4,.9,1.8,3.7,8
22107,2013-12-09,8.3,1012.6,69,15.5,18.4,2.8,1.7,5,7.8,5.5,9.1
22107,2013-12-10,10.8,1016,59,10.7,18.4,5.4,3.2,4.9,8.4,8.8,9.1
22107,2013-12-11,11.9,1017,55,11.2,18.5,5.1,3.1,4,6.7,7.9,9.1
22107,2013-12-12,7.3,1020.6,48,11.4,18.6,3.3,2,3.5,5.9,7.4,9.1
22107,2013-12-13,10.6,1023.6,55,10.3,18.6,3.7,2.3,2.6,4.2,6.8,8
22107,2013-12-14,6.8,1028.1,51,10.5,18.5,2.2,1.4,2,3.2,6.2,7.1
22107,2013-12-15,8.8,1029.2,60,11,18.3,2.1,1.3,1.6,2.8,5.4,6.4
22107,2013-12-16,6.4,1026.7,66,10.5,18.2,1.7,1,1.7,2.4,5.1,5.8
22107,2013-12-17,9.9,1021,77,12.1,18.2,2.7,1.6,2.9,4.6,5.6,8
22107,2013-12-18,12.3,1019.5,68,11.9,18.2,4.1,2.4,2.9,5.2,7.6,9.1
22107,2013-12-19,12.8,1023,62,8.3,17.9,4.8,3,3.9,7.7,7.3,8
22107,2013-12-20,12.5,1024.4,59,8.9,17.9,5.6,3.3,4.8,7.2,8.1,9.1
22107,2013-12-21,11.1,1026.6,59,9.1,18,4.6,2.7,3.6,5.6,7.7,9.1
22107,2013-12-22,8.8,1028.8,57,9.3,17.9,2.7,1.6,2.2,3.7,6.1,8
22107,2013-12-23,8.5,1027.4,57,9.8,17.8,2,1.2,1.4,2.5,5,6.4
22107,2013-12-24,8.7,1029.1,57,9.7,17.7,2.1,1.3,1.5,2.7,5.2,5.8
22107,2013-12-25,6,1026.9,67,10.5,17.6,1.3,.8,1,1.8,4.5,6.4
22107,2013-12-26,9.6,1020.6,63,10.7,17.5,2.4,1.5,3.4,6,5,7.1
22107,2013-12-27,13.6,1022.3,62,7.1,17.3,6.4,3.9,4.8,7.8,8.6,9.1
22107,2013-12-28,10.3,1022.3,72,6.5,17.2,4.1,2.5,2.8,5,7,8
22107,2013-12-29,9.5,1023,53,8.9,17.1,3.3,2.1,2.8,3.9,6.8,7.1
22107,2013-12-30,8.5,1020.5,50,10.9,16.9,2.5,1.5,2.3,4,5.9,7.1
22107,2013-12-31,10,1017.2,48,13.1,16.9,3.4,2.2,3.3,4.9,6.8,8
22107,2014-01-01,8,1018.5,42,13.8,16.8,2.8,1.7,3,4.5,6.4,8
22107,2014-01-02,4.2,1020.3,52,13.8,16.8,1.3,.7,1.2,2.3,4.5,5.8
22107,2014-01-03,2.8,1016.6,48,15.1,16.8,.7,.4,.5,.9,6.9,9.1
22107,2014-01-04,10.4,1018.5,64,10,16.7,2.5,1.5,2.2,3.9,5.4,7.1
22107,2014-01-05,10,1022.6,54,9.5,16.6,2.5,1.5,2,3.5,5.5,6.4
22107,2014-01-06,4.8,1026.6,47,10.5,16.5,1.2,.7,1.2,1.9,4.6,7.1
22107,2014-01-07,5.2,1022.7,59,13.7,16.5,.9,.5,.9,1.6,4.7,9.1
22107,2014-01-08,13.6,1017.9,77,10.6,16.4,4.2,2.6,4.7,7.4,6.1,9.1
22107,2014-01-09,12.9,1027.7,62,5.2,16.3,5.7,3.4,4.1,7.1,8.2,9.1
22107,2014-01-10,6.8,1032,61,6.7,16.2,2.2,1.3,2.2,3.7,6,9.1
22107,2014-01-11,6.7,1031.5,56,8.2,16.2,1.6,.9,1.4,2.3,4.5,5.8
22107,2014-01-12,7.8,1029.1,57,9,16.1,1.8,1,2.1,4.3,4.4,6.4
22107,2014-01-13,11.5,1029.7,62,5.9,15.9,3.5,2.1,2.5,4.7,6.7,8
22107,2014-01-14,10.9,1030.4,55,6.6,15.8,3.1,1.8,2.1,3.6,6.1,7.1
22107,2014-01-15,9.7,1031.6,52,7.2,15.8,2.2,1.3,1.6,2.9,5,5.8
22107,2014-01-16,7.5,1029,58,7.8,15.6,1.4,.8,1.3,2.3,4.2,5.3
22107,2014-01-17,6.1,1026.5,57,9.1,15.5,1.1,.6,1,1.6,5.6,10.7
22107,2014-01-18,12.5,1028.2,61,8.9,15.4,3.8,2.3,3.2,5.3,6.3,8
22107,2014-01-19,6.3,1029,63,8.1,15.3,2.3,1.4,2.7,4.7,6.6,8
22107,2014-01-20,11,1022.6,60,10.6,15.3,3.6,2.2,4,6,6.1,8
22107,2014-01-21,12.6,1026.2,68,5.5,15.1,5.8,3.5,4.1,6.8,8.7,9.1
22107,2014-01-22,9,1028.5,58,6.6,15.3,2.8,1.7,2.7,4.2,6.8,9.1
22107,2014-01-23,3.7,1026.8,60,9.3,15.5,.9,.5,.8,1.4,4.8,6.4
22107,2014-01-24,8.2,1022,67,14.3,15.4,2.1,1.3,1.9,3.3,5.1,6.4
22107,2014-01-25,11.2,1017.4,70,,,3.3,2,2.7,4.4,6,6.4
22107,2014-01-26,11.4,1026.3,58,,,4.6,2.7,3.9,6.8,7.8,9.1
22107,2014-01-27,2.8,1025.1,48,,,1.6,.9,1.5,2.9,7,9.1
22107,2014-01-28,7.4,1023.8,59,,,1.7,1,1.6,2.9,4.7,9.1
22107,2014-01-29,5.8,1021.5,62,,,1.7,1,1.8,2.6,6.5,9.1
22107,2014-01-30,8.8,1017.9,76,,,2.2,1.3,1.7,3.1,5.2,6.4
22107,2014-01-31,6.4,1022.3,67,,,1.3,.7,1.3,2.1,5,9.1
22107,2014-02-01,6.6,1015.5,86,,,1.4,.8,1.2,2.1,5,10.7
22107,2014-02-02,6.2,1011,88,,,1.6,.9,1.1,1.9,5.7,8
22107,2014-02-03,13.3,1014.2,65,,,4.3,2.6,4.4,7.2,6.7,9.1
22107,2014-02-04,13.8,1023.5,62,,,5.6,3.3,4.2,7.5,7.9,9.1
22107,2014-02-05,7.8,1025.2,57,,,2.5,1.5,2.2,3.7,6.2,7.1
22107,2014-02-06,7.5,1020.9,69,,,2.6,1.6,2.3,4.2,5.7,7.1
22107,2014-02-07,6.1,1015.3,66,,,3,1.8,2.1,3.9,7.1,8
22107,2014-02-08,9.2,1016,69,,,3.2,1.9,2.3,3.9,5.9,8
22107,2014-02-09,11.8,1020,63,,,4.3,2.5,3.2,5.3,7.2,9.1
22107,2014-02-10,11.5,1021.5,67,,,4.5,2.7,3.1,5.7,8.3,9.1
22107,2014-02-11,9.4,1022.2,55,,,3.6,2.2,2.6,4.4,7.9,9.1
22107,2014-02-12,7.7,1025.4,50,,,2.4,1.4,1.6,2.9,5.9,8
22107,2014-02-13,7.9,1026.1,50,,,2.6,1.6,2.2,3.5,6,8
22107,2014-02-14,8.3,1024.4,47,,,3.4,2,2.6,4.2,8.2,10.7
22107,2014-02-15,7.1,1026.1,44,,,2,1.2,1.6,2.8,6.8,9.1
22107,2014-02-16,4.7,1026.7,46,,,1.2,.6,.9,1.6,7.4,10.7
22107,2014-02-17,10.9,1021.3,69,,,3.2,1.9,3,5.3,6.1,8
22107,2014-02-18,9.2,1022.1,59,,,4.2,2.5,3.1,5.4,8.3,9.1
22107,2014-02-19,6.6,1023.8,51,,,2.6,1.5,2.1,3.7,7.6,9.1
22107,2014-02-20,8.6,1027.4,52,,,2,1.2,1.5,2.6,5.5,8
22107,2014-02-21,8.7,1029.9,51,,,2.1,1.2,1.4,2.5,5.4,5.8
22107,2014-02-22,7.2,1029.6,51,,,1.7,1,1.3,2.4,5,9.1
22107,2014-02-23,3.8,1029.5,52,,,1.3,.7,.9,2,5.2,9.1
22107,2014-02-24,3.6,1028,70,,,.9,.4,.6,1,5,10.7
22107,2014-02-25,5.4,1027.1,70,,,.9,.5,.8,1.3,5,9.1
22107,2014-02-26,10.7,1020,86,,,3,1.8,2.6,4.7,6,8
22107,2014-02-27,8,1021.4,72,,,2.3,1.4,2.1,3.6,7.4,9.1
22107,2014-02-28,6.6,1020.7,83,,,1.8,1.1,1.5,2.4,5.8,8
22107,2014-03-01,8.2,1017.1,88,,,2.1,1.2,2.1,3.6,6,7.1
22107,2014-03-02,12.5,1019.9,61,,,3.6,2.2,2.6,4.4,6.4,7.1
22107,2014-03-03,9.1,1025.2,57,,,2.6,1.6,2.2,3.5,5.7,7.1
22107,2014-03-04,8.7,1020.7,76,,,2.3,1.3,1.9,3.5,6.4,8
22107,2014-03-05,14.2,1022.5,60,,,4.7,2.8,3.8,7.5,7,8
22107,2014-03-06,10,1027.5,42,,,3.2,1.9,2.9,4.7,6.2,8
22107,2014-03-07,8.8,1030.5,43,,,2,1.2,1.5,2.6,5,5.8
22107,2014-03-08,7.5,1026,42,,,1.5,.9,1.2,1.9,4.4,10.7
22107,2014-03-09,9.9,1023.5,52,,,2.7,1.6,2.4,4.3,5.3,6.4
22107,2014-03-10,8,1028.2,54,,,2.7,1.5,2.7,4.3,6.5,7.1
22107,2014-03-11,4.5,1027.5,54,,,1.1,.6,1,1.8,5.4,6.4
22107,2014-03-12,8.1,1015.5,79,,,2.5,1.5,1.8,3.3,5.5,6.4
22107,2014-03-13,13.4,1013.4,65,,,5.3,3.3,4.3,6.8,7.8,9.1
22107,2014-03-14,8.9,1021.5,48,,,3.6,2.1,3.2,6,6.9,9.1
22107,2014-03-15,7.6,1023.3,55,,,2.3,1.3,2,3.4,5.4,6.4
22107,2014-03-16,7.9,1023.5,68,,,2.5,1.5,2.2,4.1,5.5,6.4
22107,2014-03-17,,,,,,,,.9,1.6,,5.3
22107,2014-03-23,,,,,,,,.5,.9,,10.7
22107,2014-03-24,5.6,1023.7,73,15.3,14.6,1,.5,.8,1.4,4.1,9.1
22107,2014-03-25,6.4,1015.7,93,16.2,14.5,1.5,.9,1.4,2.3,4.4,5.8
22107,2014-03-26,7.1,1011.8,,14.5,14.7,2.1,1.3,1.8,3,5.5,6.4
22107,2014-03-27,5.9,1018,,13.8,14.9,1.3,.7,1,1.9,5.3,8
22107,2014-03-28,5.6,1017.3,91,16.4,15,1,.5,1.4,2.2,5.5,9.1
22107,2014-03-29,6.8,1007,,16.1,14.9,3.7,2.2,3,5.3,7.3,9.1
22107,2014-03-30,10.7,1011.8,,13.5,14.9,3.2,2,2.7,4.2,6.7,8
22107,2014-03-31,4.1,1016.8,85,15.6,15.2,1.4,.8,1.6,2.8,5.9,7.1
22107,2014-04-01,3.5,1016.1,82,16.3,15.4,.9,.4,.5,1.2,4.8,8
22107,2014-04-02,2.6,1017.1,71,16.6,15.9,.9,.4,.5,1.1,5.2,7.1
22107,2014-04-03,7.7,1015,66,14.7,15.5,1.9,1,3.2,5.5,6.1,7.1
22107,2014-04-04,9.5,1015.8,54,11.5,14.9,3.7,2.2,3.9,7.4,7.3,8
22107,2014-04-05,11.1,1016.9,66,12,14.8,3.3,2,3.2,5.2,6.2,8
22107,2014-04-06,9.2,1023.5,57,11.2,14.8,3.6,2.1,3.2,5.7,7.2,8
22107,2014-04-07,4.1,1020.9,60,13.6,15,1.1,.6,1.1,1.5,3,7.1
22107,2014-04-08,2,1018.5,70,14.7,15.3,.8,.4,.5,1,3.9,9.1
22107,2014-04-09,4,1017.8,84,15.1,15.5,.6,.2,.3,.8,5.6,9.1
22107,2014-04-10,5.1,1019,84,14.5,15.5,.8,.4,.6,1.2,4.5,9.1
22107,2014-04-11,6.9,1018.6,82,16.6,15.6,1.3,.7,.9,1.7,4.3,7.1
22107,2014-04-12,6.2,1015.8,90,16.8,15.6,1.2,.7,1.1,1.8,5,9.1
22107,2014-04-13,9.6,1014,88,15.7,15.4,3.5,2.1,3,5,6.7,8
22107,2014-04-14,5.1,1020.4,68,16.3,15.5,1.8,1.1,1.7,2.8,6.9,8
22107,2014-04-15,4.5,1021,63,16.6,15.8,.8,.4,.7,1.2,7.2,9.1
22107,2014-04-16,2.9,1017.2,72,17.1,15.9,.7,.3,.5,1.1,8.4,10.7
22107,2014-04-17,6.8,1011.4,96,16.8,15.9,1.7,1,1.5,2.3,5.2,9.1
22107,2014-04-18,6.3,1014.3,93,16.2,15.8,1.8,1.1,1.4,2.3,5.7,6.4
22107,2014-04-19,11.2,1016.5,77,16,16,2.8,1.7,2.5,4,6.1,8
22107,2014-04-20,7.3,1015.8,82,15.5,16,3.3,1.9,2.6,4.6,7.3,9.1
22107,2014-04-21,8,1015.2,80,16,15.9,1.9,1.1,1.4,2.3,5.8,8
22107,2014-04-22,7.7,1015.8,72,16.4,15.9,1.5,.9,1.1,2.1,4.2,4.6
22107,2014-04-23,3.7,1018.7,68,17.9,16.6,.8,.4,.7,1.4,4.6,8
22107,2014-04-24,4.2,1021,81,18.2,16.7,.8,.3,.6,1.2,5.3,9.1
22107,2014-04-25,5.5,1022.7,84,18.5,16.9,1.3,.7,1.1,1.9,5.7,7.1
22107,2014-04-26,7.3,1021.5,91,19.1,16.9,2.1,1.2,1.6,3,6.3,7.1
22107,2014-04-27,9.8,1016.3,91,18.1,16.8,3.6,2.2,2.9,4.8,7.5,8
22107,2014-04-28,6.6,1009.8,95,16,16.6,3.6,2.2,3,5.6,8,9.1
22107,2014-04-29,8.9,1009.7,92,15.7,16.6,2.8,1.6,2.1,3.8,6.2,8
22107,2014-04-30,8,1012,82,16.1,16.6,2,1.2,1.8,2.8,5.3,5.8
22107,2014-05-01,5,1015.7,85,17.2,16.9,1,.5,.8,1.4,5.5,9.1
22107,2014-05-02,6.2,1016.3,89,17.9,16.9,1.2,.6,1.1,1.9,3.7,4.9
22107,2014-05-03,7.6,1020.2,75,15.3,16.8,2.4,1.4,2.1,3.5,6.2,8
22107,2014-05-04,4.7,1017.4,79,16.3,16.6,1,.5,.8,1.3,7.8,10.7
22107,2014-05-05,7.2,1020.4,48,15.4,16.5,1.6,.9,1.6,2.7,4.6,5.8
22107,2014-05-06,4,1020.5,56,16.2,16.7,.9,.4,.7,1.2,4.5,5.8
22107,2014-05-07,7.1,1015.4,64,17.7,16.8,1.4,.7,1.3,2.4,4.4,9.1
22107,2014-05-08,7.4,1013.4,91,16.8,16.7,1.8,1.1,1.3,2.7,4.7,5.3
22107,2014-05-09,5.5,1017.6,80,17.7,17.2,1.5,.8,1.2,2.1,4.8,5.8
22107,2014-05-10,11,1018.1,83,18.4,17.2,2.8,1.7,2,3.7,5.8,7.1
22107,2014-05-11,10.9,1011.1,95,19.4,17.3,3.4,2,3.3,5.7,6.2,8
22107,2014-05-12,5.8,1010.5,88,18,17.4,2.9,1.7,3,5.1,8.1,9.1
22107,2014-05-13,2.8,1010.5,82,19.5,18,1.2,.6,1.1,1.9,7,8
22107,2014-05-14,8.3,1001,91,17.8,17.5,1.8,1,1.9,3.1,5.2,7.1
22107,2014-05-15,7.3,1004.4,84,17.8,17.3,1.8,1,1.3,2.5,5.6,8
22107,2014-05-16,2.8,1011.2,78,19.1,17.9,1.2,.6,1,1.8,7.5,8
22107,2014-05-17,2.8,1013.1,84,19,17.8,.8,.3,.5,1,6.9,8
22107,2014-05-18,3.6,1013.2,81,19.5,17.9,.7,.3,.4,.8,5,7.1
22107,2014-05-19,3.9,1012.2,92,19.8,18.4,2,1.2,1.9,2.8,7.3,8
22107,2014-05-20,8,1004.9,98,18.9,17.9,2.4,1.4,2.2,3.6,6.7,8
22107,2014-05-21,5.2,1009.6,93,18.7,18.3,1.2,.6,1.1,2.3,4.7,7.1
22107,2014-05-22,2.9,1013.3,96,18.8,18.9,.7,.2,.4,.9,5,8
22107,2014-05-23,4,1018.6,94,19.4,19,.7,.3,.6,1.1,4.9,7.1
22107,2014-05-24,5.4,1017.7,97,20.4,19,1,.5,.7,1.3,5.2,7.1
22107,2014-05-25,8.9,1009.4,97,20.5,19,2.4,1.5,2.2,3.6,5.3,7.1
22107,2014-05-26,5,1006.8,95,20.4,19.2,2.1,1.2,1.5,3,6.5,7.1
22107,2014-05-27,6,1005,92,20.5,19.2,1.5,.9,1,1.7,5.5,6.4
22107,2014-05-28,6.4,1004.1,91,20.9,19.3,1.5,.9,1.2,2.1,4.8,5.3
22107,2014-05-29,3.4,1008.5,93,21,19.8,1,.5,.8,1.5,4.7,5.3
22107,2014-05-30,3,1011.3,90,21.7,20.1,.6,.2,.3,.8,5.7,8
22107,2014-05-31,2,1013.8,92,22.4,20.9,.6,.1,.3,.7,5.3,7.1
22107,2014-06-01,6.1,1011.5,98,22,20.5,1,.4,.8,1.5,3.9,6.4
22107,2014-06-02,12.5,1003.3,96,21,19.6,4.6,2.9,4.9,7.1,7,9.1
22107,2014-06-03,5.1,1002.5,96,20.2,19.6,4.5,2.7,3.5,6.8,9.1,10.7
22107,2014-06-04,4.9,1001.7,95,20.5,19.7,2,1.2,1.5,2.8,6.9,8
22107,2014-06-05,4.6,1003.7,95,20.9,19.7,1.4,.7,1.2,2.7,6.5,8
22107,2014-06-06,1.8,1005.6,93,20.8,20.4,.8,.3,.5,1.1,5.2,7.1
22107,2014-06-07,1.7,1005.9,91,21.4,20.6,.6,.1,.3,.8,,7.1
22107,2014-06-08,1.1,1007.5,90,21.6,20.7,.6,.1,.3,.8,4.5,6.4
22107,2014-06-09,4.4,1009.2,93,21.5,20.5,.8,.3,.7,1.2,4.4,8
22107,2014-06-10,7,1008.3,98,21.7,20.2,1.5,.8,1.2,2.1,4.3,6.4
22107,2014-06-11,4,1006.1,94,21.8,20.6,1.8,1,1.3,2.7,7.3,8
22107,2014-06-12,6.2,1004.3,89,21.5,20.7,1.2,.7,.8,1.5,5.6,9.1
22107,2014-06-13,4.6,1006.9,92,22.1,21,1,.5,.7,1.5,6.8,9.1
22107,2014-06-14,2.5,1008.9,97,22.8,21.4,.8,.4,.6,1,6.4,8
22107,2014-06-15,2.5,1008.5,96,23.1,21.7,.7,.3,.4,.9,6.9,9.1
22107,2014-06-16,2.7,1007.6,89,22.7,21.6,.9,.3,.5,1.2,8,9.1
22107,2014-06-17,9.9,1003.4,96,20,21.1,2.8,1.7,2.7,4.6,6,8
22107,2014-06-18,6.1,1004.8,88,21.8,20.9,2.3,1.4,2,3.4,7.2,8
22107,2014-06-19,3.1,1007,95,22.2,21.1,1.3,.7,1,1.8,7.3,8
22107,2014-06-20,5.8,1006.7,97,22.4,20.8,1.2,.6,1.1,2,5.7,8
22107,2014-06-21,9.2,1005.2,96,22.1,19.8,2.4,1.4,1.8,3.2,5.5,6.4
22107,2014-06-22,1.9,1008,96,21.7,20,1.4,.7,1,1.8,5.6,7.1
22107,2014-06-23,1.9,1008.2,98,21.8,20.5,1,.5,.7,1.2,6.1,7.1
22107,2014-06-24,3.5,1008.5,95,21.8,20.5,.8,.3,.4,1,6.5,7.1
22107,2014-06-25,1.6,1009.2,94,21.9,20.7,.7,.2,.4,.8,6.4,7.1
22107,2014-06-26,5.7,1007.7,95,21.7,20.5,1.1,.5,1.2,2,5.1,8
22107,2014-06-27,4.1,1005.2,95,22.7,21.6,1.5,.8,1.1,2.4,6.3,7.1
22107,2014-06-28,4.9,1005.9,97,22.9,21.8,1.1,.6,.7,1.4,5.8,6.4
22107,2014-06-29,4.9,1007.7,96,22.8,22,1.1,.6,.7,1.3,4.8,5.8
22107,2014-06-30,3.7,1010,96,23.6,22.5,.9,.4,.7,1.2,5.7,8
22107,2014-07-01,2.5,1011.4,92,23.8,22.7,.9,.4,.6,1.1,4.2,7.1
22107,2014-07-02,7.6,1006.3,95,22.6,22.1,1.7,1,1.9,3.3,5.1,6.4
22107,2014-07-03,6,1001,98,23,21.8,1.8,1,1.3,2.7,5.6,6.4
22107,2014-07-04,3.7,1007,97,23.3,21.9,1.4,.7,1,1.9,5.5,6.4
22107,2014-07-05,8.3,1009.9,92,22.8,22,1.5,.8,1.4,2.5,4.4,6.4
22107,2014-07-06,8.1,1004.4,98,22.7,22.2,2.1,1.2,1.7,3.1,5.3,5.8
22107,2014-07-07,4.4,1005.6,97,23.3,22.3,1.9,1.1,1.6,2.4,9.6,16
22107,2014-07-08,5.9,1004.8,97,25.2,22.7,3.3,2,3.1,5.2,12.4,16
22107,2014-07-09,15.7,990.1,94,24.7,21.3,8.6,5.9,8.5,11.5,12.3,12.8
22107,2014-07-10,7.4,999,98,23.4,21.7,3.2,2,2.9,4.9,9.1,10.7
22107,2014-07-11,3.8,1004.2,95,23.1,21.9,1.8,1,1.5,2.5,8,9.1
22107,2014-07-12,2.5,1004.6,97,23.3,21.8,1.3,.7,.9,1.6,7.4,8
22107,2014-07-13,3.2,1004.5,97,22.8,21.2,1.4,.8,1,1.9,6.5,8
22107,2014-07-14,1.9,1009.7,94,23.5,22,1.6,.9,1.3,1.9,6.7,7.1
22107,2014-07-15,4,1010.5,97,23.8,22.4,1.1,.6,.8,1.4,6.3,7.1
22107,2014-07-16,3,1011.2,98,23.8,22.6,1.3,.7,1,1.7,5.5,5.8
22107,2014-07-17,4.3,1012.7,98,24.4,22.6,1.1,.6,.7,1.3,6,10.7
22107,2014-07-18,3.7,1013.4,98,25.2,23.6,1.3,.7,1,1.6,10,10.7
22107,2014-07-19,1.9,1013.5,98,25.8,24.3,1.2,.5,.7,1.4,7.9,9.1
22107,2014-07-20,2.2,1011.7,94,26,24.9,.9,.4,.5,1.2,7.3,9.1
22107,2014-07-21,3,1010,93,26.4,25.6,.7,.2,.3,.9,8,10.7
22107,2014-07-22,3.8,1009,96,27.2,25.7,.9,.4,.7,1.3,8.7,12.8
22107,2014-07-23,3.7,1007.4,98,28.1,26.7,1.9,1.1,1.6,2.9,11.9,12.8
22107,2014-07-24,6,1006.7,96,28.7,26.9,3.4,2.1,2.6,4.6,10.4,10.7
22107,2014-07-25,9.9,1006.8,95,28.3,26.1,4.2,2.5,3,5,8.7,9.1
22107,2014-07-26,3.8,1011.4,92,26.8,25.5,3,1.9,2.5,4.2,7.6,9.1
22107,2014-07-27,3.5,1011.2,86,25.8,25.5,1.7,1,1.6,2.6,6.7,8
22107,2014-07-28,7,1008.1,89,26.1,25.5,1.3,.7,1,1.5,4.3,6.4
22107,2014-07-29,1.8,1009.3,95,27.8,26.4,.8,.3,.5,1.2,4.5,8
22107,2014-07-30,6.7,1009.7,93,28.1,26.2,1.2,.6,1.3,2.4,5.5,9.1
22107,2014-07-31,9,1007.3,86,28.7,26.4,3.7,2.2,3.8,6.5,8.3,10.7
22107,2014-08-01,14.6,998.4,83,28.2,25.4,6.9,4.4,6.4,9.9,10.5,12.8
22107,2014-08-02,,,,,,,,7,10.1,,12.8
22107,2014-09-04,,,,,,,,.9,1.5,,6.4
22107,2014-09-05,2.9,1012.2,82,26.5,26.4,.7,.4,.5,.9,5.6,9.1
22107,2014-09-06,5,1011.4,81,26.4,26.5,1,.6,.8,1.6,4,8
22107,2014-09-07,5.9,1008.5,80,26.1,26.8,1.2,.7,.9,1.5,5,9.1
22107,2014-09-08,5.5,1007.4,78,26.1,26.9,1.2,.7,.9,1.5,6.4,9.1
22107,2014-09-09,5.4,1008.7,76,26,27,1,.6,.9,1.3,6.8,9.1
22107,2014-09-10,8.1,1010.5,64,25.5,27.1,1.5,.9,1.5,2.6,4.8,8
22107,2014-09-11,5.7,1012,74,25.7,26.8,1.3,.8,1,1.8,4.9,9.1
22107,2014-09-12,7.4,1012.1,66,26.5,26.7,1.6,1,1.4,2.3,5.5,7.1
22107,2014-09-13,10.2,1011.6,66,26.3,26,2.5,1.5,2.3,3.8,5.9,7.1
22107,2014-09-14,9.1,1013.4,68,25.8,25.9,2.6,1.6,2.1,3.3,5.8,8
22107,2014-09-15,6.5,1013.5,70,25.5,25.8,1.7,1.1,1.3,2.1,7.6,12.8
22107,2014-09-16,6.7,1014.6,71,25.3,26,2.6,1.6,2.1,3.3,10.8,12.8
22107,2014-09-17,6.2,1015.3,69,24.9,25.7,2.1,1.3,1.9,2.6,8.7,10.7
22107,2014-09-18,7,1015,73,24.6,25.7,2.2,1.4,1.6,2.6,5.8,7.1
22107,2014-09-19,8.9,1013,73,23.2,25.1,2.2,1.3,1.6,2.8,5.3,7.1
22107,2014-09-20,6.3,1012.5,73,23.7,25.2,2.3,1.4,1.8,3.1,6.4,8
22107,2014-09-21,8.3,1015,66,25.1,24.4,2.6,1.6,1.9,3.1,9.9,10.7
22107,2014-09-22,9.8,1015.7,72,25.5,24.6,2.9,1.8,2.2,3.7,7.7,12.8
22107,2014-09-23,9.9,1012.5,91,25.2,23.4,3.8,2.4,2.9,4.5,9.7,10.7
22107,2014-09-24,10.3,1006.7,90,24.5,23.3,4.3,2.6,3.6,5.6,7.6,9.1
22107,2014-09-25,7.9,1013.7,79,23.7,22.7,2.3,1.4,2.6,3.9,6.1,7.1
22107,2014-09-26,4.8,1015.6,81,23.8,22.2,1.3,.8,1.2,1.8,5.4,6.4
22107,2014-09-27,3.2,1016.6,76,24,22.5,1,.6,.8,1.4,6.5,9.1
22107,2014-09-28,3.8,1015,88,23.9,22.7,.9,.6,.9,1.4,8.8,10.7
22107,2014-09-29,4.6,1011.4,90,24.5,23,1.2,.7,.9,1.5,9.8,12.8
22107,2014-09-30,8,1014.7,86,23.1,23.3,2.5,1.5,2.2,3.7,6.5,10.7
22107,2014-10-01,9.3,1015.2,76,24.2,23.5,2.6,1.7,2,3.3,6.9,9.1
22107,2014-10-02,3.9,1011.1,77,23.7,23.3,1.3,.8,1.1,1.7,5.4,7.1
22107,2014-10-03,10.3,1012.5,70,21.5,23.4,3,1.8,2.6,4.2,5.9,8
22107,2014-10-04,8,1015.4,68,22.4,23.5,3.9,2.4,3.2,5.9,8.4,12.8
22107,2014-10-05,10.6,1014.1,70,21.1,22.8,4.8,2.9,3.7,7.6,12.2,16
22107,2014-10-06,10.2,1017.6,67,21.2,22.2,3.4,2.1,3,5.8,6.7,7.1
22107,2014-10-07,5.8,1021.1,63,21.7,22.2,1.9,1.2,1.7,2.9,6.4,9.1
22107,2014-10-08,5.6,1020.1,69,21.7,21.8,1.3,.8,1.4,2.2,6.4,12.8
22107,2014-10-09,3.3,1018.2,74,22.6,21.6,1.9,1.2,2.2,3.1,12.6,16
22107,2014-10-10,5.4,1017.7,80,23.2,21.9,2.7,1.7,2.7,3.9,9.7,12.8
22107,2014-10-11,13.2,1017,74,23,21.6,4.4,2.8,3.3,5.7,8.4,10.7
22107,2014-10-12,12.2,1010.4,81,22.6,21.7,5.8,3.7,4.3,7.4,12.2,12.8
22107,2014-10-13,12.8,1009.2,85,21.1,21.5,6.8,4.3,5.5,8,10.5,12.8
22107,2014-10-14,7.6,1016.6,67,20.5,21.2,3.1,1.9,3,5.1,7.8,9.1
22107,2014-10-15,5.1,1018.9,63,19.1,20.8,1.5,.9,1.5,2.4,5.7,7.1
22107,2014-10-16,8,1021.3,59,19.9,21.3,2.1,1.3,2.4,4.2,4.7,7.1
22107,2014-10-17,6.1,1022.8,50,19.5,21,1.9,1.1,2.1,3.5,6.7,8
22107,2014-10-18,3.1,1023.2,59,20.2,21,.6,.4,.5,.8,4,9.1
22107,2014-10-19,5.9,1021.1,78,22,20.8,.9,.6,.7,1.2,3.5,4.3
22107,2014-10-20,4.1,1017.2,94,22.8,20.9,1.7,1,1.3,2.5,5.9,7.1
22107,2014-10-21,4.3,1012.5,97,22.7,20.9,1.3,.8,1.3,1.8,5.4,6.4
22107,2014-10-22,9.1,1017.2,79,19.8,20.9,2.9,1.8,2.5,4.1,6.9,8
22107,2014-10-23,3.2,1020.8,62,19.6,20.9,1.5,.9,1.6,2.3,6.1,8
22107,2014-10-24,1.4,1020.9,67,19.7,20.8,.8,.5,.6,1,6.6,9.1
22107,2014-10-25,1.5,1020.7,74,20.1,20.9,.6,.4,.4,.8,8.4,10.7
22107,2014-10-26,4.6,1019.1,79,21.2,20.9,.8,.5,.7,1,5.6,10.7
22107,2014-10-27,10.1,1021.6,68,18.8,21.2,2.9,1.8,2.7,4.2,6.3,9.1
22107,2014-10-28,5.1,1024.7,66,19.2,22.1,2,1.3,1.8,3,7,8
22107,2014-10-29,6.3,1024.9,69,20.2,20.9,1.4,.9,1.1,1.9,4.9,6.4
22107,2014-10-30,8.6,1021.9,74,21.5,20.5,1.7,1,1.3,2.2,4.3,4.9
22107,2014-10-31,6,1015.9,91,21.8,20,2.1,1.2,1.6,2.7,5.1,5.8
22107,2014-11-01,6.2,1014.2,81,20.2,20.5,1.6,1,1.2,2,4.6,5.3
22107,2014-11-02,10.4,1015.6,66,18.2,20.5,3.6,2.3,4,6,6.4,9.1
22107,2014-11-03,9.8,1020.3,52,16.4,20,4.2,2.5,3.5,6.1,7.9,9.1
22107,2014-11-04,5.1,1021.8,59,16.6,20.3,1.6,1,1.5,2.5,8,12.8
22107,2014-11-05,4,1020.7,62,17,21.7,1.4,.9,1.1,2,13.3,16
22107,2014-11-06,8.2,1020.4,68,18.4,20.1,1.8,1.1,1.4,2.4,8.4,12.8
22107,2014-11-07,8.3,1024.5,65,17.2,21.8,2.3,1.5,1.9,3,5.8,8
22107,2014-11-08,4.7,1024,77,16.9,20.6,1.4,.9,1.2,2.1,6.2,7.1
22107,2014-11-09,10.3,1022.5,68,17,21,2.5,1.6,2.3,3.5,5.6,7.1
22107,2014-11-10,8.6,1021.1,66,16.6,21.4,2.1,1.3,1.9,2.9,5.5,6.4
22107,2014-11-11,6.4,1017.7,65,16.5,21.3,1.3,.8,1,1.7,4.4,5.3
22107,2014-11-12,11.6,1017.7,60,16.6,20.7,4,2.5,3.9,6.2,6.6,9.1
22107,2014-11-13,9.4,1024.1,66,12.3,20.3,4.1,2.5,4,6.1,8.5,9.1
22107,2014-11-14,6.1,1026.3,49,14.6,19.1,1.9,1.2,1.8,2.9,6.2,8
22107,2014-11-15,4.7,1028.8,53,14.9,19.9,1.2,.7,1,1.6,4.7,5.8
22107,2014-11-16,2.7,1025.5,59,15.9,20.1,.7,.4,.6,.9,5,9.1
22107,2014-11-17,8.7,1025.1,62,15.4,19.7,2.1,1.3,2.2,4,5.2,8
22107,2014-11-18,9.4,1027.8,59,13.9,19.9,3,1.8,2.2,4,6.4,7.1
22107,2014-11-19,7.4,1026.6,56,14.1,19.9,1.7,1,1.3,2.4,4.8,5.8
22107,2014-11-20,2.7,1024.6,60,15.6,19.5,.7,.4,.6,.9,6.9,9.1
22107,2014-11-21,2.4,1023,62,18.7,19.3,.7,.4,.5,.8,7.1,8
22107,2014-11-22,4.8,1022.7,72,19.2,19.5,1,.6,.9,1.4,6,7.1
22107,2014-11-23,6.6,1022.5,73,19.9,19.8,1.3,.8,.9,1.7,4.2,6.4
22107,2014-11-24,7.7,1015.6,89,20.2,19.9,1.5,.9,1.5,2.5,4.3,8
22107,2014-11-25,8.4,1014.1,82,17.2,20.1,2.8,1.7,2,3.9,6.7,9.1
22107,2014-11-26,6.7,1017.6,73,16.6,19.9,1.9,1.2,2,3.1,6.6,9.1
22107,2014-11-27,4.4,1021.8,64,18.2,19.9,1,.6,.9,1.5,4.6,5.8
22107,2014-11-28,9.3,1016.6,78,18.9,19.6,2.5,1.6,1.9,3.2,5.4,7.1
22107,2014-11-29,8,1019.3,70,16.6,19.6,2.4,1.5,2.2,3.6,6.5,8
22107,2014-11-30,9.4,1010.8,84,18.5,19.6,2.5,1.6,3.5,5.5,5.1,7.1
22107,2014-12-01,14.5,1018.2,66,11.2,19.3,7.2,4.7,6,9.1,9.4,10.7
22107,2014-12-02,10.1,1023.3,69,8.7,18.9,5.2,3.2,4.7,7.8,8.6,10.7
22107,2014-12-03,8,1022.6,63,10.9,18.8,2.7,1.7,2.1,3.4,6.8,8
22107,2014-12-04,12.1,1021.7,67,9.5,18.9,4.9,3.1,4.1,7.2,7.5,9.1
22107,2014-12-05,13.1,1022.1,66,8.8,18.8,6.4,4,4.9,8.1,8.6,9.1
22107,2014-12-06,10.8,1024.4,58,9.7,18.8,4.9,3.1,4.7,7.2,8.2,9.1
22107,2014-12-07,4,1025.4,57,11.1,18.7,2,1.2,2,3.7,7.1,10.7
22107,2014-12-08,9.8,1027.4,64,12.2,18.3,2.8,1.7,2.3,3.8,5.7,8
22107,2014-12-09,7.8,1031.8,62,10.4,17.9,2.5,1.6,2.1,3.9,5.9,7.1
22107,2014-12-10,6.3,1024.4,70,14.2,17.7,1.5,.9,1.1,1.8,5.4,9.1
22107,2014-12-11,10.2,1023.2,67,11.1,17.8,3.3,2.1,3.1,4.8,6.4,8
22107,2014-12-12,11.1,1024.6,62,9.5,18,3.9,2.4,2.8,5.2,6.9,8
22107,2014-12-13,10.6,1027.1,59,9,17.9,5.1,3,3.9,7.8,7.7,9.1
22107,2014-12-14,6.8,1029.3,57,9.6,18,2.7,1.6,2.3,4.1,6.6,8
22107,2014-12-15,4.8,1024.8,64,13,17.8,1.3,.8,1.2,2.2,4.6,6.4
22107,2014-12-16,14.2,1021.3,71,8.6,17.2,6.7,4.3,6.8,9,8.2,10.7
22107,2014-12-17,14.1,1025.9,73,6.7,17.2,7.8,4.7,5.6,9,9.3,10.7
22107,2014-12-18,10.8,1032.4,67,7.4,17.4,4.2,2.7,4,6.7,7.7,9.1
22107,2014-12-19,3.9,1027.6,59,11.7,17.1,1.2,.7,1.2,2,5,7.1
22107,2014-12-20,10.7,1022.3,63,10.6,17.3,3.5,2.2,3.2,5.7,6.3,8
22107,2014-12-21,11,1024.2,65,7.7,17.2,4,2.5,3.7,5.7,7.2,9.1
22107,2014-12-22,9.9,1026.7,59,8.8,17.3,4.2,2.7,4.6,7.4,7.5,9.1
22107,2014-12-23,3.8,1026.1,55,11.7,17.1,1.6,1,1.6,2.6,6,7.1
22107,2014-12-24,7.2,1023.1,64,13.1,16.9,1.8,1.1,2.2,3.7,5.2,9.1
22107,2014-12-25,11.1,1026.9,65,8.7,16.7,3.5,2.2,2.8,4.7,6.9,8
22107,2014-12-26,10.1,1028.8,66,8.2,16.5,2.5,1.6,2,3,5.6,7.1
22107,2014-12-27,4.9,1028.6,69,9.5,16.5,1.3,.8,1.3,2.1,5.4,5.8
22107,2014-12-28,6.2,1021.9,65,10.1,16.5,1.1,.7,1,1.6,4,4.6
22107,2014-12-29,7.1,1017,57,12.3,16.5,1.6,1,1.2,2.2,4.6,5.3
22107,2014-12-30,5.4,1019.2,40,13.8,16.5,1.7,1.1,1.6,2.7,5.4,5.8
22107,2014-12-31,12.1,1018.7,65,11.7,16.4,4.2,2.6,4.3,7.4,6.3,9.1
22107,2015-01-01,12.7,1025.6,69,5.9,16.4,6.9,4.4,5.8,8.5,8.9,10.7
22107,2015-01-02,10.9,1026.2,61,8.2,16.4,4.5,2.8,3.4,5.7,7.7,9.1
22107,2015-01-03,5.1,1024,63,9.1,16.3,2,1.2,2.1,3.8,6.6,8
22107,2015-01-04,5.3,1018.7,61,14.1,16.5,1.8,1.1,1.4,2.4,5.5,6.4
22107,2015-01-05,6.8,1016,75,15.9,16.5,1.4,.9,1.7,2.9,4.9,6.4
22107,2015-01-06,13.5,1016,75,9.6,16.2,5,3,4.3,7.7,7.3,9.1
22107,2015-01-07,12.3,1022.1,69,7.4,15.9,4.5,2.9,3.3,5.6,7.5,9.1
22107,2015-01-08,11.1,1026.3,66,8.4,15.8,4,2.4,3.5,5.1,7.1,8
22107,2015-01-09,,1026.7,70,10.6,15.8,2.6,1.6,2,3.5,5.8,8
22107,2015-01-10,,1025.4,65,11.7,15.8,2.1,1.3,1.6,2.7,5.5,6.4
22107,2015-01-11,,1025.9,75,11.3,15.8,2.8,1.7,2.8,4.7,5.6,7.1
22107,2015-01-12,,1032.6,78,8.4,15.7,3.3,2,2.6,4.7,6.7,8
22107,2015-01-13,,1031,73,13,15.6,1.9,1.1,1.3,2.5,5.4,8
22107,2015-01-14,,1023,96,11.8,15.7,2.7,1.7,2.1,4,5.4,7.1
22107,2015-01-15,,1022.4,81,10.5,15.6,3.4,2.1,2.7,4.2,6.2,7.1
22107,2015-01-16,,1022.6,81,10.8,15.4,2.4,1.5,2.6,4,5.5,6.4
22107,2015-01-17,,1028.8,89,7.4,15.3,4.7,2.9,3.6,6.6,7.7,9.1
22107,2015-01-18,,1024.9,78,9.5,15.3,2.4,1.4,2.7,4.5,6,8
22107,2015-01-19,,1024.9,75,10.1,15.2,3.7,2.4,3.1,4.6,7.3,8
22107,2015-01-20,,1025.6,80,10.5,15.2,1.8,1.1,1.9,2.8,6.5,7.1
22107,2015-01-21,,1019.9,80,12.3,15.2,.8,.5,.9,1.6,5.2,9.1
22107,2015-01-22,10.7,1019,68,9.4,15.1,3.1,1.9,2.8,4.9,5.8,7.1
22107,2015-01-23,4.7,1023.2,61,8.3,15,1.8,1.1,1.7,2.7,6.3,7.1
22107,2015-01-24,2,1026,64,10.7,15.1,.8,.5,.7,1.1,5.8,9.1
22107,2015-01-25,7.5,1022.7,79,14.8,15,1.5,.9,1.3,2.2,4.9,8
22107,2015-01-26,8.4,1020.1,85,12,15,2.1,1.3,2.1,3.4,5,6.4
22107,2015-01-27,12.8,1023.7,75,7.6,14.9,4.5,2.9,3.9,6.6,7.2,9.1
22107,2015-01-28,10,1026,67,6.8,14.7,3.9,2.4,3.2,5.3,7.8,9.1
22107,2015-01-29,6.7,1024.2,77,9.3,14.6,2,1.2,1.7,3.1,6,8
22107,2015-01-30,12,1025.6,66,7.4,14.4,3.8,2.3,3.1,5.4,6.2,7.1
22107,2015-01-31,11.3,1030.9,65,5.7,14.4,4.1,2.6,3.4,5,7.3,8
22107,2015-02-01,8.7,1031.8,64,6.9,14.3,2.4,1.5,2.2,3.7,6,8
22107,2015-02-02,8.6,1030,67,8.4,14.2,1.8,1.1,1.3,2.3,4.7,5.3
22107,2015-02-03,7.9,1028.3,64,8.5,14.2,1.6,1,1.3,2.1,4.9,5.8
22107,2015-02-04,9.5,1024.3,58,8.6,14.2,2.4,1.5,1.9,2.9,5.4,6.4
22107,2015-02-05,11.1,1024.9,65,7.3,14.1,3.8,2.4,3.1,5.1,7,8
22107,2015-02-06,6.1,1026.5,61,7.8,14.1,2.2,1.4,2.2,4.4,6.8,8
22107,2015-02-07,6.8,1022.6,57,9.5,14,1.3,.8,1.1,1.7,4.6,6.4
22107,2015-02-08,13.1,1027,71,4.1,13.8,5.2,3.4,4.5,7.1,7.6,9.1
22107,2015-02-09,9.7,1029.4,63,4.1,13.7,3.5,2.3,3.1,5,7.3,9.1
22107,2015-02-10,7.5,1022.8,57,8.4,13.8,2.4,1.5,1.7,3.1,6.3,7.1
22107,2015-02-11,5.8,1015.9,53,10.3,14.3,2,1.2,1.5,2.6,6.1,7.1
22107,2015-02-12,9.9,1015.8,64,8.6,14.2,2.6,1.6,2.4,3.8,5.4,6.4
22107,2015-02-13,7.3,1021.6,60,6.7,14.4,2.1,1.3,2,3.2,6,7.1
22107,2015-02-14,4.2,1022.9,61,10.7,14.5,.9,.5,.8,1.3,4.1,5.8
22107,2015-02-15,8.2,1018.1,90,14.9,14.5,2,1.3,1.9,3.5,4.9,5.8
22107,2015-02-16,7.8,1014.2,90,12.9,14.5,2.5,1.6,1.9,3.5,5.6,7.1
22107,2015-02-17,10.1,1019.1,66,9.5,14.2,2.9,1.8,2.3,4.3,6.2,7.1
22107,2015-02-18,11.5,1022.9,68,8.3,14,3.3,2.1,2.9,4.7,6.4,8
22107,2015-02-19,8.1,1026.5,64,7.5,14,3.2,1.9,3,5,7.2,8
22107,2015-02-20,6.8,1024.7,61,12,14.1,1.4,.9,1.3,2.1,5.8,8
22107,2015-02-21,9,1016.5,92,13.3,14,2.7,1.7,2.3,3.6,6.1,8
22107,2015-02-22,8.9,1018.9,79,10,14,2.8,1.7,2,4,6.7,8
22107,2015-02-23,8.5,1020.3,69,8.2,13.9,2.2,1.4,1.7,2.8,6.1,7.1
22107,2015-02-24,8.7,1018.5,63,9.5,14,1.7,1.1,1.4,2.3,4.8,5.8
22107,2015-02-25,2.6,1018.6,69,12,13.9,.7,.4,.7,1,6.5,10.7
22107,2015-02-26,10.2,1020.1,68,10.2,13.8,2.5,1.5,2.5,4.2,5.4,10.7
22107,2015-02-27,11.1,1026.3,64,6.5,13.7,3.5,2.2,2.6,4.5,6.4,7.1
22107,2015-02-28,8.4,1022.5,68,10.8,13.6,2.6,1.6,1.8,3.1,6,7.1
22107,2015-03-01,9.3,1020.9,69,9.1,13.8,3.1,1.9,2.6,3.9,5.9,7.1
22107,2015-03-02,3.8,1020.4,55,8.9,13.8,1.7,1.1,1.7,3.1,6,7.1
22107,2015-03-03,5.6,1014,73,10.5,13.3,1.3,.8,2.7,4.2,4.1,8
22107,2015-03-04,,1023.1,93,5.3,13.5,5,3.1,4,6.9,7.7,9.1
22107,2015-03-05,,1025.1,72,7.5,13.4,2.6,1.6,2.6,4.3,6.4,8
22107,2015-03-06,,1022.3,75,11.1,13.6,1.5,.9,1,1.8,5.1,7.1
22107,2015-03-07,,1022.4,75,11.7,13.7,1.5,.9,1.1,2,4.3,7.1
22107,2015-03-08,,1021.7,69,12.8,13.7,1.2,.7,1.1,1.9,4.2,5.3
22107,2015-03-09,,1022.1,90,8.9,13.6,3.4,2.1,4.1,6.8,6,9.1
22107,2015-03-10,,1027.9,91,4.5,13.4,5.9,3.7,5.1,8.1,8.6,10.7
22107,2015-03-11,,1025.5,69,8.4,13.4,2.8,1.8,2.3,3.9,6.3,8
22107,2015-03-12,,1022.8,66,10.7,13.5,1.9,1.1,1.7,2.8,6.4,7.1
22107,2015-03-13,,1020.5,81,12.5,13.4,1.7,1,1.2,2.4,4.5,5.8
22107,2015-03-14,,1023.4,64,12.2,13.4,1.4,.9,1.2,2,4.8,10.7
22107,2015-03-15,,1021.9,69,13.1,13.5,.9,.6,.7,1.1,6.4,10.7
22107,2015-03-16,,1020,73,15,13.6,1.1,.7,.8,1.5,6.5,10.7
22107,2015-03-17,,1016.4,94,15.7,13.6,1.2,.8,1.3,2.1,6.4,10.7
22107,2015-03-18,8.1,1006.5,98,14.6,13,2.6,1.6,2.3,3.8,6.1,12.8
22107,2015-03-19,5.9,1013.3,95,13,13.1,2.4,1.5,2,3.5,7,8
22107,2015-03-20,6.5,1018,77,12.8,13,1.4,.9,1,2,5.9,9.1
22107,2015-03-21,5.7,1018.2,81,13.4,12.8,.9,.6,.7,1.2,5.5,10.7
22107,2015-03-22,7.8,1022.5,67,12.5,13.1,1.5,.9,1.2,2,4.5,5.3
22107,2015-03-23,9.7,1027.9,50,10.2,13,2.4,1.5,2.1,3.3,5.7,7.1
22107,2015-03-24,9.4,1031.8,51,9.5,12.8,2.4,1.5,1.9,3.5,5.5,6.4
22107,2015-03-25,3.6,1034.9,55,10.2,12.4,.9,.5,.8,1.4,5.1,5.8
22107,2015-03-26,2.6,1033.3,53,11.5,12.1,.6,.3,.4,.7,4.9,9.1
22107,2015-03-27,2.2,1027,68,12.2,11.5,.7,.4,.5,1,3.3,4.9
22107,2015-03-28,2.4,1019.8,84,12.7,11.3,2,1.2,1.5,2.6,5.1,8
22107,2015-03-29,1.9,1018.2,94,12.6,11.2,1.5,.8,1.1,2.1,4.3,7.1
22107,2015-03-30,2.9,1019.1,97,13.6,11.5,.7,.4,.5,.9,6.4,9.1
22107,2015-03-31,5.7,1014.2,98,14.5,11.7,1.2,.7,.9,1.7,4.7,9.1
22107,2015-04-01,4.1,1013.6,98,13.7,11.7,1.4,.9,1.7,2.5,5.2,5.8
22107,2015-04-02,10.9,1006.6,97,15.2,12.2,2.9,1.7,2.4,3.9,5.6,6.4
22107,2015-04-03,7.2,1007.9,93,12.2,12.1,3.1,1.9,2.4,3.7,7.3,8
22107,2015-04-04,8.6,1011.2,96,14.4,12.1,2.6,1.6,2,3.2,7.3,12.8
22107,2015-04-05,4.2,1013.6,98,12.5,12.1,1.9,1.2,1.5,2.6,9.5,12.8
22107,2015-04-06,8.6,1016.6,93,12.9,12.3,2.3,1.4,2,3.2,7.4,10.7
22107,2015-04-07,10.2,1022.9,76,10.7,13.1,3.7,2.2,2.6,4.5,7.6,9.1
22107,2015-04-08,7.7,1025.1,82,10.9,12.2,2.8,1.7,2.4,4.5,7,9.1
22107,2015-04-09,4.6,1024,67,13.1,12.7,1.6,1,1.2,1.9,6.4,7.1
22107,2015-04-10,7.9,1022.2,78,12.7,13.1,1.8,1.1,1.4,2.2,4.7,7.1
22107,2015-04-11,4.1,1025.1,80,13.8,13.4,1.2,.8,.9,1.7,5.1,6.4
22107,2015-04-12,8.4,1020.7,80,14.9,13,2.1,1.3,1.9,2.9,5.6,7.1
22107,2015-04-13,7.8,1015.7,85,13.5,13.4,2.7,1.7,2.3,3.6,7,9.1
22107,2015-04-14,6.9,1009.6,72,11.2,13.8,2.7,1.7,2.4,3.7,6.9,9.1
22107,2015-04-15,7.5,1012.7,83,14.5,13.5,2,1.2,2.2,3.5,5.5,8
22107,2015-04-16,8,1012.5,84,14.8,13.6,1.7,1.1,1.3,2.2,4.9,5.8
22107,2015-04-17,5.8,1018.3,58,14.8,13.8,1.3,.8,1.1,1.8,6.4,7.1
22107,2015-04-18,8.1,1013.5,92,15.8,13.8,1.7,1,1.5,2.7,5.4,7.1
22107,2015-04-19,5.7,1005.6,98,14.9,13.3,2.9,1.8,2.6,4.5,7,8
22107,2015-04-20,7.9,1006,96,13.6,13.7,2.7,1.7,2.1,3.5,7.4,8
22107,2015-04-21,5.8,1016.9,85,14.4,14.1,1.7,1.1,1.8,2.7,6.6,8
22107,2015-04-22,5.1,1020.7,68,14.9,13.8,.8,.5,.8,1.1,5.4,8
22107,2015-04-23,2.3,1022.6,86,15.2,14.2,.5,.3,.4,.7,5.7,9.1
22107,2015-04-24,2.2,1021.4,92,14.8,14,.4,.3,.3,.5,7.7,9.1
22107,2015-04-25,2.3,1021,89,16,14.1,.5,.3,.4,.6,6.2,9.1
22107,2015-04-26,1.7,1020.8,91,16.3,14.4,.5,.3,.3,.5,7.1,9.1
22107,2015-04-27,3.9,1017.4,91,16.8,14.6,.6,.4,.6,.9,8.4,9.1
22107,2015-04-28,7.3,1010.9,97,17.2,14.3,1.6,1,1.8,2.6,4.8,9.1
22107,2015-04-29,3.1,1009.8,98,15.3,13.9,2,1.2,1.6,2.6,6.4,7.1
22107,2015-04-30,3,1011.7,97,16.2,14.4,1.8,1.1,1.3,2.5,6,9.1
22107,2015-05-01,2.5,1014.2,97,16.4,15,.9,.5,.8,1.3,6.2,9.1
22107,2015-05-02,6.5,1011.2,98,17.5,15.4,.9,.6,1,1.6,6,9.1
22107,2015-05-03,6.2,1006,98,16.4,15.4,2.5,1.5,2,3.6,6.3,7.1
22107,2015-05-04,9.8,1011.9,81,15.3,15.5,2.4,1.5,2,3.2,5.7,6.4
22107,2015-05-05,7.5,1013,58,15.1,15.5,1.5,.9,1.7,3,5.2,9.1
22107,2015-05-06,2.1,1012.2,74,15.8,15.5,.5,.3,.4,.8,7.9,10.7
22107,2015-05-07,3.7,1013.5,74,17,15.8,.5,.3,.5,.8,7.2,10.7
22107,2015-05-08,2.7,1013.5,76,17.4,15.8,.4,.3,.3,.5,9,10.7
22107,2015-05-09,4.9,1012.7,81,17.2,15.8,.9,.6,.8,1.3,5,9.1
22107,2015-05-10,5,1017.3,93,17.7,15.8,1.1,.7,1,1.5,7.9,12.8
22107,2015-05-11,9.8,1010.5,96,18.3,15.6,2.6,1.6,2.5,4.2,7,12.8
22107,2015-05-12,9,1007.7,82,16.8,15.6,3.6,2.2,2.8,4.6,7.3,12.8
22107,2015-05-13,7.8,1010.6,85,17.8,15.5,2.7,1.7,2.1,3.2,6,7.1
22107,2015-05-14,4.7,1010.1,97,17.9,15.5,1.9,1.2,1.4,2.7,5.9,6.4
22107,2015-05-15,2.8,1009.5,98,17.5,15.8,1.1,.7,.9,1.5,4.9,6.4
22107,2015-05-16,6.6,1010.8,84,17,15.7,1.3,.8,1.1,1.8,4.8,5.8
22107,2015-05-17,3,1011.2,84,18.2,16.3,1.1,.7,.8,1.4,8,12.8
22107,2015-05-18,4.9,1005.3,96,17.4,16.3,1.4,.9,1.1,1.7,12.1,12.8
22107,2015-05-19,3.2,1008,98,16,16.2,1.6,1,1.2,1.9,12.4,12.8
22107,2015-05-20,7.2,1010.6,84,16.8,16.3,1.7,1.1,1.3,2.4,,12.8
22107,2015-05-21,6.5,1015.9,84,17,16.1,1.4,.8,1.4,2.6,5.4,10.7
22107,2015-05-22,2.3,1015.3,85,18.3,16.6,.5,.3,.4,.7,7.8,10.7
22107,2015-05-23,3.1,1011.4,81,18.8,16.8,.5,.3,.6,1,6.9,9.1
22107,2015-05-24,4.1,1009.4,76,18.7,16.7,1.5,.9,1.4,2.1,6.7,8
22107,2015-05-25,5.9,1010.2,84,18,16.7,1.2,.7,.9,1.6,6,8
22107,2015-05-26,4.8,1012,87,18,16.3,.9,.5,.7,1.1,6.2,8
22107,2015-05-27,2,1010.6,90,19,17.1,.6,.4,.4,.9,6.9,8
22107,2015-05-28,5.4,1008.2,79,20.4,17.2,1.1,.7,1.3,1.9,5.2,7.1
22107,2015-05-29,3.4,1007.7,90,20.3,18,2.6,1.6,2.1,3.9,7.4,8
22107,2015-05-30,7.2,1004.4,93,19.3,17.8,1.5,.9,1.2,1.9,5.5,7.1
22107,2015-05-31,4.7,1008.6,92,18.8,17.4,1.1,.7,.9,1.7,5.1,8
22107,2015-06-01,2.3,1010.7,91,19.7,18.2,.7,.4,.6,1,6.7,8
22107,2015-06-02,4.6,1007.5,96,20.4,17.9,.7,.4,.5,.8,5.1,7.1
22107,2015-06-03,7.7,1007.9,86,19.7,17.5,1.5,.9,1.9,3,4.7,8
22107,2015-06-04,4.3,1010.6,88,19.9,17.9,1.2,.7,1.2,2.2,6.5,8
22107,2015-06-05,5.4,1007,87,17.8,18.2,.8,.5,.7,1.2,4.5,6.4
22107,2015-06-06,3.8,1013.4,85,19.6,18.4,.7,.4,.5,.9,6.1,7.1
22107,2015-06-07,6.2,1012.9,91,20.6,18.6,.9,.6,.7,1.2,4.2,6.4
22107,2015-06-08,5.9,1006.3,96,20.4,18.6,1.7,1,1.3,2.1,6.6,8
22107,2015-06-09,2.9,1007.5,96,20.3,19,1.1,.7,.8,1.5,5.2,7.1
22107,2015-06-10,4.1,1007.3,96,21,19.5,1,.6,.7,1.2,5.5,6.4
22107,2015-06-11,3.9,1003.5,98,21.3,19.6,1.1,.7,.8,1.3,4.9,5.8
22107,2015-06-12,3.2,1006.1,94,22.3,20.1,1.2,.8,.9,1.5,5.7,6.4
22107,2015-06-13,4.9,1007.6,95,22,20.2,1.6,1,1.7,3,5.8,6.4
22107,2015-06-14,3.5,1007.9,97,21.9,20.3,1.4,.9,1.4,2.5,5.7,7.1
22107,2015-06-15,2.5,1008.6,93,22.2,20.9,1.2,.7,.9,1.5,5.5,6.4
22107,2015-06-16,2.4,1006.5,91,21.9,20.9,.8,.5,.7,1.2,5.5,7.1
22107,2015-06-17,6.6,1003.5,92,20.8,20.4,1.3,.8,1.6,3.2,5.3,6.4
22107,2015-06-18,4.1,1004.3,86,21.9,20.4,2,1.2,1.6,2.6,6.2,7.1
22107,2015-06-19,2.5,1009,90,22.1,21.1,1.2,.7,.9,1.7,6.4,7.1
22107,2015-06-20,2,1010.1,87,22.5,21.7,.9,.5,.7,1.1,6.9,7.1
22107,2015-06-21,3.4,1010.6,85,22.2,22,.7,.4,.6,1,5.7,7.1
22107,2015-06-22,3.5,1010.6,91,21.8,21.6,.6,.4,.6,.9,5.1,9.1
22107,2015-06-23,5.9,1009.9,93,22.4,21.2,1.1,.7,.9,1.4,4.5,5.3
22107,2015-06-24,7,1007.7,94,22.3,21,1.6,1,1.5,2.3,4.9,7.1
22107,2015-06-25,8.5,1001.3,96,22.5,20.9,1.9,1.2,1.5,2.5,5.5,7.1
22107,2015-06-26,7.4,999.5,93,23,21,2.5,1.5,2,3.2,6.4,7.1
22107,2015-06-27,3.5,1006.2,92,21.8,21.1,1.9,1.2,1.7,3.4,7.4,8
22107,2015-06-28,7.4,1009.3,84,22.2,21.1,1.9,1.1,1.4,2.7,6.2,8
22107,2015-06-29,5.5,1007.3,87,22.3,21.3,1.7,1,1.2,2.3,7.1,8
22107,2015-06-30,5.7,998,97,22.6,21.4,1.4,.9,1.2,2.6,6.5,7.1
22107,2015-07-01,5.6,1000,89,22.7,21.2,2.2,1.3,1.5,2.7,6.9,8
22107,2015-07-02,1.9,1003.5,86,22.8,21.5,1.7,1.1,1.3,2.2,7.6,8
22107,2015-07-03,3.6,1006.4,91,22.6,21.2,1.3,.8,1,1.6,7.1,8
22107,2015-07-04,3.1,1009.8,85,22.2,20.7,1,.6,.7,1.3,6.8,8
22107,2015-07-05,1.7,1011.5,89,22.4,21.4,.8,.5,.6,1,7.1,9.1
22107,2015-07-06,3.6,1010.5,85,22.4,21.4,1.3,.8,1.1,1.8,9.3,10.7
22107,2015-07-07,7.1,1006,95,22.7,21.6,2.5,1.5,2.1,4,7.2,10.7
22107,2015-07-08,3.6,1008.1,98,23.8,21.8,2.4,1.5,1.7,2.8,8.4,12.8
22107,2015-07-09,8.3,1011.2,94,24.5,22.1,3.1,2,2.8,4.1,13.5,16
22107,2015-07-10,10.9,1009.8,91,24.4,22.4,4.6,2.9,3.6,5.8,12.1,12.8
22107,2015-07-11,13.2,1003.2,93,24.9,22.7,6.7,4.3,5.6,8.2,11.6,12.8
22107,2015-07-12,13.5,993.6,94,24.4,22.3,7.6,4.7,5.9,8.5,9.9,10.7
22107,2015-07-13,6,1001.9,91,23.9,22.5,4.5,2.8,3.8,6,8.8,12.8
22107,2015-07-14,2.8,1005.1,94,24.5,23.2,2.8,1.7,2.3,4.2,12.5,12.8
22107,2015-07-15,2.5,1005.2,94,24.7,23.7,2.2,1.5,1.9,2.6,12.5,12.8
22107,2015-07-16,6.9,1004.1,85,24.4,23,2.4,1.5,2.3,3.7,10.3,12.8
22107,2015-07-17,2.9,1005.8,88,24.2,23.2,1.2,.8,.9,1.5,8.1,12.8
22107,2015-07-18,7.6,1008.5,83,24,23.1,1.5,1,1.2,1.9,7.5,9.1
22107,2015-07-19,7.6,1008.4,91,25.1,23.3,1.6,1,1.1,2.1,5.6,9.1
22107,2015-07-20,4.4,1007.6,94,25.2,24.1,1.9,1.2,1.5,2.5,8.1,9.1
22107,2015-07-21,2.4,1007,96,25.3,24.5,2.2,1.2,1.5,3.4,4.2,4.6
22107,2015-07-22,5.8,1006.7,96,25.8,24.5,2.7,1.5,1.9,4,5.8,8
22107,2015-07-23,7.8,1008.2,95,26.4,24.2,2.9,1.8,2.2,3.9,7,8
22107,2015-07-24,8.1,1007.3,94,26.3,24.3,3.5,2.2,2.7,4.4,9,12.8
22107,2015-07-25,6.6,1007.8,94,26.3,24.5,3.4,2.2,2.7,4.3,11,12.8
22107,2015-07-26,2.6,1007.8,90,26.9,25.3,2.9,1.8,2.4,4,10.5,12.8
22107,2015-07-27,3.2,1009.4,97,26.8,25.7,1.5,.9,1.1,1.8,7,9.1
22107,2015-07-28,3.5,1009.5,97,27.2,26.1,1.4,.8,1.1,1.9,6.4,7.1
22107,2015-07-29,4.5,1009.3,96,27.6,26.5,1.4,.8,1,1.9,6,6.4
22107,2015-07-30,4.1,1010.2,94,27.8,26.5,1.3,.8,1,1.7,5.9,6.4
22107,2015-07-31,4.3,1010.5,93,28.1,26.8,1.3,.8,.9,1.7,6,6.4
22107,2015-08-01,4.3,1011.4,89,28.3,27,1.2,.7,.9,1.4,5.6,5.8
22107,2015-08-02,5.1,1011.9,90,28.4,27,1.3,.8,1,1.6,5.2,5.8
22107,2015-08-03,5.2,1011,88,28.4,26.8,1.5,.9,1.1,1.9,5.5,5.8
22107,2015-08-04,5.2,1009.2,91,28.6,27.2,1.5,.9,1.2,1.8,5.6,5.8
22107,2015-08-05,4,1009.2,88,29,27.6,1.1,.6,.8,1.6,4.9,5.8
22107,2015-08-06,5.2,1011.2,86,29.2,28,1.6,.9,1.4,2.2,9.1,12.8
22107,2015-08-07,6.7,1013.4,86,29.6,28.3,2.5,1.6,2,3,11.1,12.8
22107,2015-08-08,4.5,1013.1,87,29.4,28.6,3.4,2.1,3,4.9,10.8,12.8
22107,2015-08-09,2.6,1011,83,29.2,29.1,3.8,2.4,3,4.4,11,12.8
22107,2015-08-10,2.5,1009.7,78,29.1,28.9,2.5,1.6,2.1,3.5,9.3,10.7
22107,2015-08-11,6.6,1005.2,84,29.2,28.6,2.7,1.6,3,5.2,7.9,9.1
22107,2015-08-12,7.6,1002.5,84,27.7,28,3.3,2.1,3,4.2,7.5,9.1
22107,2015-08-13,5.6,1006.7,79,27.7,27.5,1.6,1,1.6,2.5,6.4,7.1
22107,2015-08-14,3.1,1007,78,27.7,27.9,.9,.5,.8,1.4,4.5,7.1
22107,2015-08-15,3.8,1007.7,76,28.1,28.1,.7,.4,.6,1.1,5.6,7.1
22107,2015-08-16,4.8,1005.3,84,27.5,28.1,1.3,.8,1.3,2.4,5.5,8
22107,2015-08-17,5.2,1007.2,83,26.9,27.9,1.6,.9,1.2,2.1,6.4,8
22107,2015-08-18,6.4,1010.7,79,28.2,27.9,1.7,1,1.3,2.1,6.2,8
22107,2015-08-19,6.3,1011.4,84,28.3,27.4,1.5,.9,1.1,2.3,7.3,16
22107,2015-08-20,3,1008.3,85,28.7,28.1,1.8,1.1,1.3,2.3,9.9,12.8
22107,2015-08-21,7.9,1004.4,85,27.4,27.6,2.6,1.6,2.1,3.7,9.3,12.8
22107,2015-08-22,4.7,1006.3,80,27,27.6,2.6,1.6,1.9,3.6,12.5,12.8
22107,2015-08-23,5.4,1006.3,79,27.2,27.4,2.6,1.7,2.1,3.1,12.5,12.8
22107,2015-08-24,11.6,1001.4,83,27.2,26.9,4.1,2.5,4,6.6,10,12.8
22107,2015-08-25,7.8,998.9,86,25.1,25.9,4.1,2.5,3.9,7.5,10,12.8
22107,2015-08-26,6.5,1007.1,77,25.5,25.7,2.2,1.3,1.7,3,8.7,10.7
22107,2015-08-27,4.4,1009.4,82,26.3,25.6,1.3,.8,.9,1.6,8,9.1
22107,2015-08-28,2.6,1009.3,80,26.4,26.3,1,.6,.8,1.3,6.8,9.1
22107,2015-08-29,2.2,1008.9,79,25.9,25.4,.7,.5,.6,1,6.5,8
22107,2015-08-30,3.1,1010.6,78,25.3,25.1,.7,.5,.6,1,6,8
22107,2015-08-31,4.4,1009.6,77,25.4,25.3,1.4,.8,1.2,1.8,5.7,7.1
22107,2015-09-01,4.5,1009.7,76,25.2,25.5,1.2,.8,1.2,2.1,6.3,7.1
22107,2015-09-02,,,,,,,,.5,.9,,5.8
22107,2015-09-10,,,,,,,,1.1,1.4,,
22107,2015-09-11,,,,,,,,.8,1.4,,12.8
22107,2015-09-12,5.8,1012,72,23.2,24.8,1.6,1,1.7,2.4,5.1,12.8
22107,2015-09-13,6.9,1017.3,57,22.6,24.8,2.5,1.6,2,3.1,6.9,8
22107,2015-09-14,6.9,1019.6,61,23.6,24.8,1.7,1.2,1.9,3.5,5.7,7.1
22107,2015-09-15,9,1017.1,68,23.7,24.7,2.3,1.4,1.7,3.2,5.4,7.1
22107,2015-09-16,7.9,1014.1,80,22.2,24.5,2.1,1.4,1.8,2.6,6.1,7.1
22107,2015-09-17,7.5,1015,70,22.9,24.8,1.7,1.1,1.4,2.1,5.4,8
22107,2015-09-18,3.4,1016.2,68,23.2,24.7,1.6,1,1.3,2.6,6.5,8
22107,2015-09-19,4,1014.3,66,22.8,24.5,1.1,.7,.9,1.5,7.1,12.8
22107,2015-09-20,3.3,1012.8,67,23,24.5,1,.7,.8,1.2,10.9,12.8
22107,2015-09-21,4.7,1013.7,72,23.5,24.5,1,.6,1,1.5,5.8,10.7
22107,2015-09-22,,,,,,,,1,1.9,,9.1
22107,2015-09-23,6.7,1006.9,84,23.2,24.5,1.9,1.2,1.9,2.8,4.9,6.4
22107,2015-09-24,8.3,1005.1,77,23.4,24.8,2.3,1.5,2,3.1,5.4,8
22107,2015-09-25,4.4,1006.8,74,23.8,24.7,1.5,1,1.2,2.1,5.8,8
22107,2015-09-26,6.9,1010.5,76,23.4,24.6,1.6,1.1,1.3,1.9,6.8,9.1
22107,2015-09-27,5.6,1013.1,74,23.9,24.5,2.2,1.4,1.8,2.9,7,12.8
22107,2015-09-28,7.5,1016.2,62,24.6,24.2,2.9,1.8,2.2,3.8,9.1,12.8
22107,2015-09-29,9.5,1020.1,73,24.3,24.4,3.7,2.5,3,4.4,11.7,12.8
22107,2015-09-30,12.7,1017.9,84,22.2,24,3.7,2.4,2.9,4.7,8.1,10.7
22107,2015-10-01,12.1,1007.5,82,23.7,26.8,4.4,2.9,4.9,6.5,7.4,9.1
22107,2015-10-02,7.5,1016.8,54,19.9,,4.1,2.8,5.1,7.1,8.7,10.7
22107,2015-10-03,3.8,1021.1,64,21.6,25.8,1.2,.8,1,1.5,5.7,7.1
22107,2015-10-04,6.7,1024.1,63,22.2,27.1,1.3,.9,1.2,1.9,4.4,5.8
22107,2015-10-05,3.7,1022.8,63,21.9,,1.1,.7,.9,1.5,5.2,6.4
22107,2015-10-06,2.4,1020.2,61,21.7,,1,.6,.7,1.3,4.8,5.8
22107,2015-10-07,4.2,1016.9,58,22.2,,1.4,.9,1.2,2,5.4,12.8
22107,2015-10-08,5.1,1013.3,61,21.5,,1.6,1,1.3,2,8.1,12.8
22107,2015-10-09,6.8,1013.1,58,20.2,,2.1,1.4,1.7,2.8,5.9,7.1
22107,2015-10-10,5.9,1012.8,54,20.6,,1.8,1.1,2.3,4.2,5.3,7.1
22107,2015-10-11,8.8,1017,51,18.7,22.3,3.7,2.4,3.2,5.5,7.4,9.1
22107,2015-10-12,8.6,1020.1,56,19.2,22.1,3,1.9,2.5,4.1,7.1,8
22107,2015-10-13,6.6,1022.1,58,19.5,21.9,1.5,1,1.8,2.8,5.8,6.4
22107,2015-10-14,5.9,1020.9,64,20.1,21.9,.9,.6,.7,1.1,4.1,5.8
22107,2015-10-15,3.1,1019.8,65,21.2,22.2,.8,.5,.9,1.5,3.4,5.3
22107,2015-10-16,4.7,1019.4,76,21.4,22.2,1.7,1,2,3,3.1,9.1
22107,2015-10-17,3.5,1019.9,68,21.8,22.2,,,1.8,3.4,3.8,9.1
22107,2015-10-18,4.2,1019.3,77,21.8,22,,,1.8,3,3.5,5.8
22107,2015-10-19,4.2,1016.8,74,22.2,22.3,,,1.2,2.1,5.4,10.7
22107,2015-10-20,2.8,1016,70,22.4,22,,,,,6,10.7
22107,2015-10-21,4.7,1017.4,78,23,22.3,,,,,5.4,10.7
22107,2015-10-22,7.8,1018.8,75,22.9,22.7,,,,,4.7,8
22107,2015-10-23,5.3,1018.8,76,22.3,22.7,,,,,4.8,9.1
22107,2015-10-24,5.4,1019.1,80,21.4,21.9,,,,,5.3,9.1
22107,2015-10-25,9.4,1021.5,69,21.5,22.6,,,,,3.7,4.9
22107,2015-10-26,5.9,1019.2,67,21.4,22.5,,,,,3.5,7.1
22107,2015-10-27,9.5,1014.3,73,20.4,22.2,,,,,5.3,8
22107,2015-10-28,5.4,1021.1,54,18.9,22.4,,,,,5,7.1
22107,2015-10-29,3.2,1022.6,61,20.5,22.6,,,.5,.9,4.7,8
22107,2015-10-30,10.1,1025.2,65,17.9,22.7,2.4,1.5,2.4,3.8,4.8,7.1
22107,2015-10-31,9.8,1028.5,60,16.1,22.4,2.4,1.5,1.9,3.7,5.3,5.8
22107,2015-11-01,4,1025.1,65,16.7,22.2,1.4,.8,1.2,2,4.8,5.8
22107,2015-11-02,5.9,1024.1,60,18.1,21,1,.7,.8,1.4,3.7,4.9
22107,2015-11-03,4.7,1028.2,61,18.8,20.3,1,.6,.8,1.5,3.7,4.6
22107,2015-11-04,4.8,1026.9,67,21.2,19.9,1,.6,.8,1.2,3.7,4.6
22107,2015-11-05,5.1,1023.6,86,22.1,19.7,1.3,.8,1,1.8,4.4,5.3
22107,2015-11-06,7.5,1022.4,85,22.5,20,1.8,1.1,1.7,3,4.7,7.1
22107,2015-11-07,6.9,1018.6,93,22.5,19.7,2.2,1.3,1.8,2.9,4.9,6.4
22107,2015-11-08,5.2,1017.1,88,21.1,19.8,2.3,1.4,1.5,2.8,6,7.1
22107,2015-11-09,9.2,1019.1,77,18.5,20,2.7,1.6,2.3,3.7,5.7,6.4
22107,2015-11-10,9.3,1023.3,64,16.8,20.5,2.9,1.7,2.1,3.6,6.4,7.1
22107,2015-11-11,8.1,1024.9,76,19.1,21,2,1.2,1.5,2.5,5.6,7.1
22107,2015-11-12,10.4,1024.7,72,21,21.3,2.1,1.3,1.7,2.7,4.6,5.3
22107,2015-11-13,7.8,1016.2,90,21.1,21.1,2.6,1.6,2.2,3.6,5.8,7.1
22107,2015-11-14,6.7,1015.2,80,19.9,20.5,2,1.2,1.4,2.3,5.7,6.4
22107,2015-11-15,6.5,1020,74,19.2,21,1.2,.8,1.1,1.8,4.4,8
22107,2015-11-16,6.9,1016.7,81,21.4,21.1,1.4,.8,1.2,2.2,4,8
22107,2015-11-17,6.1,1017.2,84,20,20.9,1.9,1.1,1.4,2.5,5.5,6.4
22107,2015-11-18,5.5,1016.1,88,20,20.7,2.3,1.4,1.8,4.3,5.6,7.1
22107,2015-11-19,5.7,1020.8,86,18.5,20.7,2.1,1.3,1.7,2.8,5.8,7.1
22107,2015-11-20,7.6,1022.3,78,18.9,20.8,1.5,.9,1.2,2.2,4,4.9
22107,2015-11-21,6.5,1024.9,75,18.8,20.4,1.2,.8,1,1.7,4,4.9
22107,2015-11-22,6.3,1024.6,78,20,19.9,1.6,.9,1.2,2.2,4.4,5.3
22107,2015-11-23,8.1,1021.6,86,19.6,19.7,1.8,1.2,1.9,3.4,5.1,5.8
22107,2015-11-24,9.8,1022,74,16.4,19.7,3.5,2.1,2.6,5.7,7.1,8
22107,2015-11-25,10,1018.8,75,14.7,20.1,3.4,2.1,2.5,4.5,6.5,8
22107,2015-11-26,12.1,1019.3,80,9.3,19.7,5.3,3.3,4.5,7.9,7.5,9.1
22107,2015-11-27,8.8,1026.1,62,11.1,19.1,4.3,2.6,4.3,6.6,8.1,9.1
22107,2015-11-28,2.8,1029,52,13.9,18.4,1.3,.8,1.3,2.1,5.5,7.1
22107,2015-11-29,2.6,1025.6,64,16.6,18,.7,.4,.5,.8,4,9.1
22107,2015-11-30,6.4,1024,66,16,18.2,1.2,.8,.9,1.6,3.8,4.6
22107,2015-12-01,5.4,1023.7,68,16.3,18.7,1.1,.6,.9,1.4,4,7.1
22107,2015-12-02,7.8,1017.5,70,17.5,18.4,1.7,1,2.6,4.2,4.7,8
22107,2015-12-03,13.1,1019,57,12.9,18.3,6,3.7,5.3,8.2,7.7,9.1
22107,2015-12-04,10.1,1024.7,59,12.2,18.5,5.5,3.3,4.5,7.8,8.2,9.1
22107,2015-12-05,6.4,1026.6,60,13.2,18.1,2.3,1.4,2.3,3.4,6.3,7.1
22107,2015-12-06,7.3,1027.1,70,13,18.5,1.6,1,1.3,2.1,4.5,5.8
22107,2015-12-07,9.6,1028.6,70,12.5,,2,1.2,1.5,2.6,4.5,5.3
22107,2015-12-08,9.3,1030.5,68,13.4,,2.2,1.3,1.8,3.1,4.8,5.8
22107,2015-12-09,6.1,1027.3,69,17.8,18.2,1.2,.8,1.1,1.7,4,5.3
22107,2015-12-10,5.5,1014.1,94,17.9,17.8,2.2,1.3,1.7,3.3,5.6,7.1
22107,2015-12-11,11,1016.5,71,14.6,17.7,3.7,2.3,3.3,5.8,6.8,8
22107,2015-12-12,7.4,1021.6,70,16.2,17.9,2.4,1.5,1.8,3.4,6.3,8
22107,2015-12-13,7.9,1021,67,17.6,18.1,1.6,1,1.2,2.1,4.8,8
22107,2015-12-14,7.3,1019,79,16.8,18.5,1.7,1.1,1.4,2.2,4.5,6.4
22107,2015-12-15,9.2,1019.9,69,14.1,18.1,2.8,1.7,2.1,3.8,5.8,6.4
22107,2015-12-16,11.8,1022.3,64,10.5,18.1,4.7,3,4.4,6.7,7.2,9.1
22107,2015-12-17,11.7,1027.4,68,8.5,17.6,5.5,3.3,4.2,7.3,7.8,9.1
22107,2015-12-18,7.3,1032,61,10.3,18.5,2.4,1.4,2.2,3.3,5.9,8
22107,2015-12-19,5.9,1033.4,60,11.9,18.8,1.3,.9,1.3,1.8,4.4,4.9
22107,2015-12-20,2.8,1027.8,75,14.2,18.6,.8,.5,.7,1.2,4,5.8
22107,2015-12-21,6,1026,75,14.8,18.3,1.5,.9,1.3,2.2,4.3,5.3
22107,2015-12-22,3,1025.5,75,15.4,18.5,1.1,.7,1.1,1.6,4.6,5.3
22107,2015-12-23,5.7,1019.6,88,16.4,18.5,1.4,.9,1.3,1.9,4.4,5.8
22107,2015-12-24,10.5,1019.8,70,13.2,18.4,2.5,1.5,2,3.2,5.2,5.8
22107,2015-12-25,8.9,1022.2,61,11.6,18.2,2.5,1.5,2.1,3.5,5.7,7.1
22107,2015-12-26,7.2,1021.8,56,14.3,18.1,2.1,1.3,1.6,2.7,5.5,6.4
22107,2015-12-27,9.7,1028,72,10.7,17.9,3,1.8,2.8,4.6,5.9,8
22107,2015-12-28,10,1032.5,67,9.1,17.7,3.2,1.9,2.4,4.2,5.9,7.1
22107,2015-12-29,6.6,1032.1,60,10.4,17.6,1.8,1.1,1.6,2.6,5,6.4
22107,2015-12-30,3.3,1029.7,54,11.7,17.5,.7,.4,.6,1,5.1,10.7
22107,2015-12-31,8.8,1030.4,62,12.4,17.3,2.4,1.5,1.9,3,5.4,6.4
22107,2016-01-01,3.8,1031.6,59,11.9,17.3,1.3,.8,1.4,2.1,5.4,6.4
22107,2016-01-02,2.8,1023.9,68,16.2,17.2,.7,.5,.6,1,5.7,9.1
22107,2016-01-03,3.9,1020.5,66,16.2,17.1,.9,.6,.6,1.1,4.8,9.1
22107,2016-01-04,7.7,1021.9,68,15.1,17,1.5,.9,1.3,2.3,4.5,9.1
22107,2016-01-05,10,1023.4,72,12.2,16.9,2.5,1.5,1.9,2.9,5.3,6.4
22107,2016-01-06,11.3,1023.8,70,10.8,16.9,2.9,1.9,2.3,3.5,5.4,5.8
22107,2016-01-07,10,1024.8,64,10.2,16.7,2.7,1.7,2.1,3.3,5.6,6.4
22107,2016-01-08,8.7,1023.9,63,9,,2.5,1.6,2,3.1,5.5,6.4
22107,2016-01-09,5.9,1026,57,9.7,16.7,1.7,1.1,1.7,2.8,5.5,6.4
22107,2016-01-10,5.1,1025.9,59,10.9,16.7,1,.6,.8,1.6,4.1,5.3
22107,2016-01-11,12,1023.7,69,9.7,16.8,2.6,1.7,2.3,3.7,5,6.4
22107,2016-01-12,10.5,1023.6,63,8.3,16.8,3.1,1.9,2.5,3.9,5.7,7.1
22107,2016-01-13,9.4,1022.6,63,8.1,16.5,2.9,1.8,2.4,3.7,5.8,7.1
22107,2016-01-14,6.8,1022.8,53,9.4,16.4,2.6,1.6,2.2,3.9,6.1,7.1
22107,2016-01-15,2.9,1020.7,48,10.9,16.5,.9,.6,.9,1.3,4.9,6.4
22107,2016-01-16,2.5,1021,55,12.2,16.9,.7,.4,.5,1,3.8,5.8
22107,2016-01-17,9.4,1013.1,78,12.9,16.8,2,1.3,2.5,4,4.4,5.3
22107,2016-01-18,13.2,1016.4,71,8,16.6,5,3,4.1,6.7,7,8
22107,2016-01-19,12.9,1023.9,74,5.4,16.1,6.2,3.9,4.6,8.3,8.2,9.1
22107,2016-01-20,10.2,1028.9,70,6.4,16.2,3.9,2.4,3.6,6.1,7,8
22107,2016-01-21,10.6,1026.4,71,7.3,16.1,2.6,1.6,2,3.3,5.5,7.1
22107,2016-01-22,,1027.8,,,16,3.7,2.3,3,4.8,6.1,7.1
22107,2016-01-23,,1028.6,,,15.5,4.9,3,4.8,8.1,6.7,8
22107,2016-01-24,,1027.4,,,15.4,8,5.2,7.2,10.3,9,10.7
22107,2016-01-25,,1029.7,,,15.5,5.2,3.2,4.8,7.5,8,9.1
22107,2016-01-26,,1029.4,,,15.6,2.8,1.7,2.2,4.8,5.8,6.4
22107,2016-01-27,,,,,,,,1.5,2.3,,6.4
22107,2016-01-28,6.6,1022.7,88,14.5,15.8,1.6,1,2,2.9,2.9,6.4
22107,2016-01-29,9,1019,85,13.6,15.9,3.3,2.1,2.6,4.5,3.7,6.4
22107,2016-01-30,9,1024.2,74,11.8,15.9,3.2,2,2.3,4.1,4.3,8
22107,2016-01-31,10.8,1028.6,70,8.8,15.8,3.1,1.9,2.1,4.3,3.7,6.4
22107,2016-02-01,12.1,1028.2,67,7.5,15.7,4,2.4,2.9,4.9,3.7,7.1
22107,2016-02-02,10,1027.5,64,7.4,15.5,3.1,2,2.7,4.7,3.4,4
22107,2016-02-03,8.2,1028.1,59,9.8,13.5,2,1.2,1.5,2.7,2.9,5.8
22107,2016-02-04,7.3,1026.8,54,10.6,15.3,1.6,1,1.2,1.9,2.4,2.8
22107,2016-02-05,8.9,1024.2,60,9.8,15,1.9,1.1,1.4,2.7,2.5,4.9
22107,2016-02-06,10.5,1024.7,63,8.4,15.2,3.2,2,2.8,4.9,3.6,8
22107,2016-02-22,,,,,,,,.8,1.4,,8
22107,2016-02-23,11.4,1028.2,72,,15,2.6,1.6,2.7,4.7,4.8,7.1
22107,2016-02-24,11.3,1033.2,64,,14.8,3.8,2.3,2.6,4.7,6.2,7.1
22107,2016-02-25,7.3,1035.1,54,,14.7,2.3,1.3,2.4,4,5.3,6.4
22107,2016-02-26,6.1,1030,55,,14.9,1.5,.9,1.8,2.9,5.4,10.7
22107,2016-02-27,8.5,1024.7,76,13.3,15,2.8,1.7,2.3,3.9,5.6,6.4
22107,2016-02-28,9.1,1022,73,13.2,15.2,2.2,1.4,2.3,3.8,4.8,5.8
22107,2016-02-29,12.5,1027.5,64,6.1,15.1,5.1,3,4,7,7.1,8
22107,2016-03-01,6.7,1029.1,63,5.9,14.9,2.8,1.7,2.8,4.9,7,8
22107,2016-03-02,4,1026.9,62,10.4,14.7,1.1,.7,.8,1.4,4.4,5.8
22107,2016-03-03,6.3,1023.4,81,14.7,14.5,1.6,1,1.1,2,4.2,4.6
22107,2016-03-04,6.3,1022.9,89,16.6,14.5,1.7,1,1.2,2.2,4.4,5.3
22107,2016-03-05,6.5,1019.6,96,16.9,14.6,2.1,1.3,2.1,3.4,5.5,7.1
22107,2016-03-06,6.3,1017.8,89,13.9,14.8,2.9,1.7,1.9,3.7,7.1,8
22107,2016-03-07,1.8,1017.5,89,15.4,15,1.8,1.1,1.3,2.4,7.2,9.1
22107,2016-03-08,10.9,1016.9,82,12.8,14.6,3.1,1.9,4,6.3,6.6,9.1
22107,2016-03-09,14.4,1019.1,77,8.1,14.2,5.8,3.4,4.2,7,7.5,9.1
22107,2016-03-10,14.3,1024.4,69,6.5,14.2,5.4,3.1,3.8,7.5,7.2,8
22107,2016-03-11,10.2,1025.3,59,6.7,14.3,2.9,1.8,2.9,5.2,5.6,7.1
22107,2016-03-12,5.3,1024.4,51,8.5,14.5,1.6,.9,1.7,2.9,4.8,9.1
22107,2016-03-13,4.1,1021.1,72,13,14.3,.9,.5,1.1,1.7,4.3,9.1
22107,2016-03-14,11.1,1021.7,68,12.6,14.3,2.9,1.8,2.3,3.9,5.5,6.4
22107,2016-03-15,5.1,1023.5,67,14.3,14.3,1.7,1.1,1.7,3.1,5.4,6.4
22107,2016-03-16,4.3,1021.6,68,17.4,14.2,.9,.5,.6,1,5.3,9.1
22107,2016-03-17,6.5,1019,86,18.4,14.2,1.3,.8,1.2,2.1,4.4,9.1
22107,2016-03-18,,,,,,,,1.1,1.6,,4.9
22107,2016-03-19,10.2,1015.5,83,15.1,14.3,2.5,1.5,1.7,3,5.7,8
22107,2016-03-20,8,1020.6,83,14.8,14.2,1.8,1.1,1.5,2.6,5,5.3
22107,2016-03-21,4.1,1023,69,17.1,14.3,1.5,.9,1.1,2,5.3,6.4
22107,2016-03-22,4.3,1020.4,72,15.5,14.1,.9,.6,.8,1.2,4.9,9.1
22107,2016-03-23,11.6,1019,74,13.7,13.9,2.8,1.7,3.6,5.9,5.2,8
22107,2016-03-24,11.3,1023.6,69,12.6,14.1,4.6,2.8,3.9,6.3,7.6,9.1
22107,2016-03-25,8.1,1024.5,65,12.6,14.9,2.4,1.5,2.1,3.6,5.7,7.1
22107,2016-03-26,8.4,1023.1,55,12.6,14.9,2,1.2,1.6,2.7,4.9,5.8
22107,2016-03-27,5.8,1021.9,59,14,14.9,1.4,.9,1.3,2,4.8,5.8
22107,2016-03-28,5.1,1023.8,66,16.5,14.9,1.2,.7,1,1.6,4.7,5.8
22107,2016-03-29,9.4,1022.1,72,18.1,14.8,2.6,1.6,2.2,3.6,5.3,5.8
22107,2016-03-30,3.6,1020,88,17.9,15,1.5,.9,1.5,2.5,4.8,5.8
22107,2016-03-31,4.9,1016.6,89,17.6,14.9,1,.6,.8,1.2,4.1,5.3
22107,2016-04-01,5.9,1016,91,16.9,15,1.1,.6,.8,1.4,3.8,7.1
22107,2016-04-02,3.7,1018.7,,17.9,15.4,.8,.5,.7,1.2,4.6,6.4
22107,2016-04-03,5.7,1014.2,99,19.3,15.5,1,.6,1.2,2.1,4.3,7.1
22107,2016-04-04,6.9,1013.4,93,16.7,15.6,2.4,1.4,1.9,3.4,5.6,6.4
22107,2016-04-05,5,1017,79,17.6,15.7,1.2,.7,1.2,1.8,5.5,9.1
22107,2016-04-06,8,1012.9,,19.6,15.6,1.7,1,1.9,3.7,5.1,8
22107,2016-04-07,9.5,1009.6,94,17.4,15.3,3,1.9,2.5,4.2,6.7,7.1
22107,2016-04-08,6,1016.5,96,16,15.2,1.7,1,1.4,2.3,6.8,7.1
22107,2016-04-09,2.2,1015.1,90,17.5,15.9,.7,.4,.6,1.1,6.3,9.1
22107,2016-04-10,4,1013.5,82,18.4,15.8,.8,.5,.8,1.5,7,10.7
22107,2016-04-11,7.7,1017.9,83,18.4,15.6,1.6,1,1.5,2.4,5.4,7.1
22107,2016-04-12,9.5,1015.1,85,18.7,15.6,2.3,1.4,2,3.3,5.5,7.1
22107,2016-04-13,6.4,1006.7,,18.7,15.6,2.7,1.6,1.9,3.1,7.5,8
22107,2016-04-14,7.1,1012.6,,16.7,15.7,1.7,1,1.5,2.6,6,8
22107,2016-04-15,9.2,1018.2,84,19.5,15.7,2,1.3,1.6,2.8,4.8,5.8
22107,2016-04-16,11.2,1007.9,95,20.8,15.7,3,1.9,3.5,5.5,5.4,8
22107,2016-04-17,10.3,1013.1,79,16.8,15.6,5.1,3.1,4.4,7.3,8,9.1
22107,2016-04-18,5,1018.7,69,17.5,15.6,1.7,1,1.6,2.8,6,8
22107,2016-04-19,3.4,1023.6,75,18.5,16,1.1,.7,1,1.6,5.1,9.1
22107,2016-04-20,7.1,1018.5,86,20.2,15.8,1.3,.8,1.4,2.1,4.6,9.1
22107,2016-04-21,8.3,1007,,18.2,15.7,2.8,1.7,2.3,3.7,6.6,8
22107,2016-04-22,3.8,1011.7,97,17.1,15.9,1.8,1.1,1.5,2.6,7,8
22107,2016-04-23,3.7,1013.1,95,19.2,16,1,.6,.8,1.5,6.3,9.1
22107,2016-04-24,4.2,1014.3,73,20.4,16.2,1.1,.7,.8,1.5,5.4,9.1
22107,2016-04-25,2.3,1016.5,78,20.3,16.5,1.2,.8,.9,1.7,5.6,9.1
22107,2016-04-26,5.9,1013.4,87,20.7,16.4,1.2,.8,1.1,2,4.7,6.4
22107,2016-04-27,11.1,1003.7,91,19.4,16,3.2,1.9,2.4,4.8,5.8,8
22107,2016-04-28,6.3,1008.6,89,18.1,,1.7,1,1.4,2.4,5,7.1
22107,2016-04-29,4.8,1014.4,79,18,15.9,1.3,.8,1.1,2,4.5,4.9
22107,2016-04-30,4.4,1015.3,71,19.9,16.1,.9,.6,.8,1.2,4.2,5.8
22107,2016-05-01,4.7,1015.5,88,20.4,16.4,1,.6,.7,1.1,3.8,4.9
22107,2016-05-02,8.1,1011.9,95,21.3,16.3,2.1,1.3,2.5,4.1,4.6,6.4
22107,2016-05-03,10.3,1004.1,91,19.8,16.1,4.8,3.1,3.8,5.8,7.9,9.1
22107,2016-05-04,7.4,1012.1,80,20.6,16.1,3.1,2,2.7,4.7,7.2,9.1
22107,2016-05-05,5.8,1014.2,94,20.5,16.1,1.6,1,1.6,2.3,5.3,7.1
22107,2016-05-06,4.2,1008.2,,20.1,16.5,2.7,1.7,2.2,3.8,7.1,8
22107,2016-05-07,8.7,1014.6,83,19.1,16.3,1.9,1.2,1.6,2.6,6,8
22107,2016-05-08,5.8,1015,83,20.2,16.4,1.2,.7,.9,1.6,4.9,6.4
22107,2016-05-09,3.4,1010.9,97,19.3,16.5,1.1,.7,1,1.7,5.1,6.4
22107,2016-05-10,7.4,1005.8,,18.2,16.4,1.8,1.1,2.2,3.4,5.3,6.4
22107,2016-05-11,5.7,1011.1,88,18.8,17,1.8,1.1,1.7,3,5.6,7.1
22107,2016-05-12,4.4,1014.5,88,20.6,17.5,.9,.5,.6,1.1,7.1,9.1
22107,2016-05-13,5.3,1019.8,91,20.1,17.7,1.1,.7,.9,1.5,5.2,9.1
22107,2016-05-14,7.2,1021,91,21.5,17.9,1.6,1,1.2,1.8,5,6.4
22107,2016-05-15,6.8,1012.3,,21.5,18,1.3,.8,1.5,2.4,4.6,8
22107,2016-05-16,8.6,1013.8,80,18.8,17.4,2.6,1.7,2.7,4.3,6,7.1
22107,2016-05-17,4.3,1017.1,79,21.1,17.5,.9,.5,.8,1.2,4.3,5.3
22107,2016-05-18,2.6,1017.6,80,22.8,18.5,.6,.4,.5,.9,7.1,9.1
22107,2016-05-19,3.8,1017.2,88,22.7,18.3,.7,.4,.6,.9,6.6,9.1
22107,2016-05-20,4.9,1016.1,83,23.2,18.4,1.4,.9,1.1,2.1,6.2,7.1
22107,2016-05-21,8.1,1016,85,22.7,18.2,2.2,1.3,1.6,2.8,6.9,8
22107,2016-05-22,7.8,1014.6,90,22.6,18,1.9,1.2,1.5,2.4,6.4,8
22107,2016-05-23,6.9,1012.7,92,22.7,18.1,1.8,1.2,1.4,2.5,6.8,8
22107,2016-05-24,5.8,1008.9,,21.5,18.1,1.8,1.1,1.3,2.4,7.4,8
22107,2016-05-25,3,1010.9,91,21.7,18.5,1.1,.6,.9,1.7,6.2,7.1
22107,2016-05-26,2,1010.8,87,23.4,19.3,.6,.3,.4,.7,6.6,8
22107,2016-05-27,2.1,1011.9,88,21.9,19.6,.5,,.4,.6,6.4,7.1
22107,2016-05-28,4.1,1008.4,91,22,19.2,1.1,.7,1.1,2.1,4.7,6.4
22107,2016-05-29,5.1,1005.6,94,21.3,19,.8,.5,.9,1.6,3.4,4.6
22107,2016-05-30,7.2,1008.2,91,22.1,18.4,1.3,.8,1.1,1.8,4.2,7.1
22107,2016-05-31,3.9,1008.6,90,22.7,18.5,.7,.5,.7,1,6.8,9.1
22107,2016-06-01,4.9,1006.5,86,23,18.5,.9,.5,1.1,2.2,5.4,7.1
22107,2016-06-02,3.5,1010.9,81,23,19,1.7,1.1,1.5,2.3,6.4,8
22107,2016-06-03,5.4,1010.4,86,23.6,19.4,1.3,.8,1,1.6,5.2,8
22107,2016-06-04,10.8,1006.1,91,22.3,19.6,3.1,1.9,3.2,5.1,6.2,8
22107,2016-06-05,5.7,1010.1,88,22.7,19.6,1.9,1.2,1.9,3.2,6.8,8
22107,2016-06-06,2.5,1011.6,94,23,19.6,1.1,.7,.9,1.5,6,8
22107,2016-06-07,3.1,1010.8,97,23,19.9,.6,.4,.5,.8,6.1,7.1
22107,2016-06-08,1.8,1010.5,97,23.1,20.1,.5,.3,.3,.6,6.5,8
22107,2016-06-09,2.2,1011.3,93,23.4,20.4,.4,.2,.4,.6,4.9,8
22107,2016-06-10,4.5,1012.2,95,24.6,21.1,.6,.4,.6,.9,4.4,8
22107,2016-06-11,4.7,1010.2,,25.4,21.5,.7,.4,.5,.9,6.4,8
22107,2016-06-12,2.8,1005.5,,25.5,21.6,1.1,.7,1.2,2.2,5.9,8
22107,2016-06-13,5.7,1002.9,,24.4,21.5,1.5,1,1.3,2.2,7.3,8
22107,2016-06-14,3.5,1004.5,84,24.5,22,1.5,.9,1.1,2,8.2,9.1
22107,2016-06-15,5.3,1002.6,93,26,22.2,1.5,.9,1,1.8,6.9,8
22107,2016-06-16,6.3,1003,87,24.9,22,1.6,1,1.2,2,6.3,8
22107,2016-06-17,3.8,1010.1,84,25.1,22.2,1.6,.9,1.1,2,7.1,8
22107,2016-06-18,5.4,1011.6,93,25.8,22.3,1.4,.9,1,1.8,7.1,8
22107,2016-06-19,3.6,1009.3,97,26.1,22.7,1.3,.8,1,1.7,5.3,6.4
22107,2016-06-20,6.3,1006.5,96,26.6,22.6,2,1.2,1.9,3,5.6,6.4
22107,2016-06-21,3.7,1007.4,95,26.3,22.9,1.7,1,1.6,2.9,5.9,6.4
22107,2016-06-22,5.3,1004.7,,26.8,23,1.7,1.1,1.6,2.7,6.2,7.1
22107,2016-06-23,4.7,1006.2,,26.3,22.9,1.7,1,1.2,2.2,6.3,7.1
22107,2016-06-24,8.2,1002.3,95,26.4,22.5,2.2,1.4,2,3.1,6.2,7.1
22107,2016-06-25,6.1,1008.8,89,25.3,21.5,2,1.2,1.5,2.4,6.1,7.1
22107,2016-06-26,4.6,1011.7,95,25.6,21.9,1.6,.9,1.3,2.3,5,5.8
22107,2016-06-27,4.9,1010.5,94,24,22,1.1,.7,1.2,2,4.2,5.3
22107,2016-06-28,8.2,1010.4,93,23.9,21.6,1.8,1.2,1.5,2.4,5.5,6.4
22107,2016-06-29,2.7,1011.3,99,25.2,21.8,1.3,.8,1,2.1,5.8,6.4
22107,2016-06-30,4.6,1011.8,98,26,22.1,1.5,.9,1.1,1.8,5.8,6.4
22107,2016-07-01,8.3,1007.6,,27.2,22.3,2.2,1.4,2.5,3.5,5.3,6.4
22107,2016-07-02,5.9,1007.7,,26.7,22.4,2.9,1.8,2.5,3.8,6.9,7.1
22107,2016-07-03,4.5,1009,,26.5,22.5,1.8,1.1,1.4,2.2,6,6.4
22107,2016-07-04,6.5,1009.9,,27.2,22.9,1.8,1.1,1.3,2.1,5.8,6.4
22107,2016-07-05,6.4,1012.8,,27.7,23.6,1.8,1.1,1.3,2.2,5.7,6.4
22107,2016-07-06,3.8,1015.2,,28.4,24.7,1.2,.8,.9,1.6,5.4,5.8
22107,2016-07-07,4.8,1013.7,94,28.9,25.3,1.2,.7,1,1.6,6.2,12.8
22107,2016-07-08,5,1008.6,90,28.7,25.4,2.6,1.6,2,3.6,8.9,10.7
22107,2016-07-09,3,1006.5,87,28.4,26.1,2.3,1.5,2,3.5,9,10.7
22107,2016-07-10,3.6,1005.1,86,28.5,26.3,1.6,1,1.3,2,8.1,9.1
22107,2016-07-11,4,1004.4,93,28.5,25.9,2.3,1.4,1.6,2.8,8.5,10.7
22107,2016-07-12,6.5,1002.3,95,29.7,,3.1,1.9,2.3,3.9,8.3,9.1
22107,2016-07-13,4.1,1002.1,97,29.4,25.6,3.5,2.1,2.7,4.3,8.2,9.1
22107,2016-07-14,5.1,1003.2,85,28.7,25.9,2.6,1.6,2.1,3.6,7.9,8
22107,2016-07-15,7.8,1003,87,28.7,25.7,2.2,1.4,1.6,2.9,6.3,8
22107,2016-07-16,6.4,1002.6,87,28.9,25.6,2.1,1.3,1.8,3,6.3,8
22107,2016-07-17,3.2,1008.9,79,28.6,25.8,2.2,1.3,1.9,3.2,6.7,8
22107,2016-07-18,3.9,1010,87,28.5,25.8,1.2,.7,.9,1.5,6.3,7.1
22107,2016-07-19,5.7,1009.9,92,29.6,26.3,1.1,.7,.9,1.4,5,5.8
22107,2016-07-20,9,1010.8,89,30.4,26.7,1.6,1,1.3,2.4,4.1,4.9
22107,2016-07-21,8.2,1010.4,91,30.3,26.9,2.2,1.3,1.5,3,6.5,7.1
22107,2016-07-22,6.3,1009.6,92,30.5,27.2,1.7,1.1,1.2,2.1,6.3,7.1
22107,2016-07-23,6.2,1009.5,91,31,28.1,1.3,.8,1,1.6,5.7,6.4
22107,2016-07-24,4.1,1010.9,84,32.4,28.9,1,.6,.7,1.3,5.1,5.8
22107,2016-07-25,3.5,1011.3,81,32.9,29.2,.8,.5,.6,1.1,4.7,5.3
22107,2016-07-26,4.4,1008.6,83,33.2,29.4,1.1,.7,.9,1.4,4.6,5.3
22107,2016-07-27,7.2,1006.9,84,33.3,29.2,1.9,1.2,1.3,2.3,5,5.8
22107,2016-07-28,5.7,1007.8,86,33.2,29.3,1.5,.9,1.2,2.1,5.1,5.8
22107,2016-07-29,5,1009.8,84,33.6,29.6,1.2,.7,.8,1.5,4.6,5.8
22107,2016-07-30,4.6,1011.4,79,33.5,29.9,1.1,.7,.8,1.4,4.8,5.8
22107,2016-07-31,2,1011.4,77,33.3,30.5,1,.6,.8,1.3,5.4,6.4
22107,2016-08-01,2,1010.3,78,33.2,30.8,.9,.5,.6,1.2,5.7,7.1
22107,2016-08-02,3.1,1008.6,80,32.7,30.4,1.4,.8,1.2,2.5,8.7,10.7
22107,2016-08-03,3.2,1008.8,84,31.5,29.8,1.6,1.1,1.3,1.9,9.1,10.7
22107,2016-08-04,7.6,1007.8,86,32.2,29.3,1.7,1.1,1.3,2.1,6.7,9.1
22107,2016-08-05,5.1,1008.8,81,33,29.3,1.2,.7,.9,1.6,4.9,8
22107,2016-08-06,4.8,1007.7,82,33,29.8,1,.6,.7,1.2,4.6,6.4
22107,2016-08-07,4.4,1007.1,78,33.3,30.2,1.2,.7,.9,1.5,5.8,10.7
22107,2016-08-08,3.7,1007.1,77,33.4,30.7,1.4,.9,1,1.9,6.3,10.7
22107,2016-08-09,4.3,1007.4,77,33.8,30.7,1.5,.9,1,1.9,7.5,12.8
22107,2016-08-10,6.1,1009.3,79,33.8,30.5,1.5,.9,1.1,1.9,5.4,6.4
22107,2016-08-11,1.9,1009.8,76,33.8,31,1,.6,.7,1.4,7.7,9.1
22107,2016-08-12,1.4,1008,72,34.3,31.3,1,.6,.7,1.1,8,9.1
22107,2016-08-13,2.2,1006.8,70,34.3,31.4,1,.5,.6,1.2,8,12.8
22107,2016-08-14,4,1005.5,75,33.9,31.4,1,.6,.7,1.3,7.7,9.1
22107,2016-08-15,4.1,1003.4,76,34,31.4,1,.6,.7,1.3,6.7,8
22107,2016-08-16,5.3,1002.5,75,32.9,31,1.2,.7,.9,1.7,4.4,9.1
22107,2016-08-17,2.8,1003.5,70,32.5,31,1.1,.6,.9,1.4,6.4,10.7
22107,2016-08-18,4.6,1004.8,77,33.4,30.8,1.2,.6,.8,1.6,7,10.7
22107,2016-08-19,2.8,1005.7,71,33.9,31.2,1,.6,.7,1.3,6.2,8
22107,2016-08-20,3.7,1005.4,76,33.9,31.3,1,.5,.7,1.5,6.8,9.1
22107,2016-08-21,4.9,1005.2,75,33.5,30.8,1.5,.9,1.1,2.1,6.1,10.7
22107,2016-08-22,5.4,1006.2,81,33.7,30.8,1.3,.8,1,1.6,7,10.7
22107,2016-08-23,4.1,1005.7,79,33.8,31.2,1.3,.8,1,1.8,6,9.1
22107,2016-08-24,7.3,1005.4,75,33.6,30.6,1.8,1.1,1.3,2.2,5.3,7.1
22107,2016-08-25,3.5,1005.2,77,33.4,30.6,1.6,.9,1.2,2.2,8.2,9.1
22107,2016-08-26,5.7,1006.1,80,32.8,30.6,1.8,1.1,1.9,3.5,8.2,9.1
22107,2016-08-27,11.7,1005.4,82,31,29.9,3.1,1.8,2.1,3.8,6.2,9.1
22107,2016-08-28,9.2,1001.9,79,28.8,29,2.8,1.7,2.5,3.7,6.2,8
22107,2016-08-29,10.8,1003.3,65,29.1,27.8,3.7,2.2,2.7,4.9,6.5,8
22107,2016-08-30,11.7,999.8,61,29.7,27,4.2,2.6,3.2,5.4,7.3,9.1
22107,2016-08-31,10.6,1000.6,71,29.5,25.9,4.1,2.5,3.1,5,8.1,9.1
22107,2016-09-01,8.1,1003.5,84,30,26.2,2.7,1.6,2,3.8,6.4,7.1
22107,2016-09-02,5.2,1004.8,89,28.1,26.4,2,1.2,1.7,2.8,5.9,6.4
22107,2016-09-03,3.8,1007.6,88,28.7,26.4,1.9,1.2,2,2.9,6.8,10.7
22107,2016-09-04,5.1,1009.4,88,29.7,26.6,2.2,1.3,1.9,3.5,8.4,10.7
22107,2016-09-05,4.4,1010.5,87,29.8,26.5,1.2,.7,1.1,1.8,6.6,8
22107,2016-09-06,5.6,1009,83,29.8,26.7,1,.6,.8,1.7,5.3,7.1
22107,2016-09-07,7.1,1006.5,79,29.7,26.4,1.6,1,1.6,2.4,7.3,9.1
22107,2016-09-08,5,1008.2,73,29,26.4,1.3,.8,1,1.7,6.9,8
22107,2016-09-09,6,1010.7,78,29.1,25.9,1.4,.9,1.1,1.9,6.1,8
22107,2016-09-10,4.6,1011.8,82,28.6,25.3,.8,.5,.7,1.2,5.8,7.1
22107,2016-09-11,3.2,1013.6,81,29.2,25.6,.7,.4,.7,1.2,5.2,10.7
22107,2016-09-12,4.8,1015.1,81,27.9,25.8,1.5,.9,1.1,2.2,4.7,8
22107,2016-09-13,5.6,1017.3,77,28.8,25.8,1.6,1,1.4,2.2,9.7,12.8
22107,2016-09-14,5.1,1017.2,77,29.2,25.5,2,1.2,1.5,2.7,10.9,12.8
22107,2016-09-15,5.6,1015.9,78,28.5,25.4,2.3,1.4,1.7,2.9,10.8,12.8
22107,2016-09-16,8.3,1012.3,86,29.3,25.3,2.2,1.4,1.9,3.3,7.7,10.7
22107,2016-09-17,7.6,1006.8,93,29.6,25.3,2.8,1.7,2.2,3.7,6.9,10.7
22107,2016-09-18,3.9,1007,89,28.6,25.4,3.1,1.9,2.2,3.9,10.1,12.8
22107,2016-09-19,9.4,1007.2,83,27,25.1,3.5,2.2,2.9,4.5,8.2,10.7
22107,2016-09-20,5.8,1014.4,65,26.8,24.4,3,1.9,2.6,4,8.8,10.7
22107,2016-09-21,4.5,1019.1,63,27.2,24.3,1.9,1.1,1.4,2.4,7.5,9.1
22107,2016-09-22,5.7,1017.6,70,27.2,24.4,1.3,.8,1.1,1.8,5.9,8
22107,2016-09-23,4.7,1016.6,76,27.4,24.5,.9,.6,.7,1.1,4.5,7.1
22107,2016-09-24,4,1015.4,78,27.9,24.7,1.1,.7,.9,1.7,4.8,6.4
22107,2016-09-25,5.3,1015.1,84,28,24.5,1.2,.7,1,1.6,4.7,5.8
22107,2016-09-26,5.6,1014.4,92,28.6,24.5,1.8,1,1.3,2.4,10.3,12.8
22107,2016-09-27,6.3,1013.8,90,29,24.8,2.9,1.9,2.7,3.6,11.5,12.8
22107,2016-09-28,8,1012.7,93,27.8,24.7,3.9,2.5,3.1,4.6,11.8,12.8
22107,2016-09-29,9.9,1013.4,90,27.5,24.6,4,2.5,3,5.3,9.3,12.8
22107,2016-09-30,10.3,1012.3,89,28.1,25.7,2.9,1.8,2.3,3.9,7,9.1
22107,2016-10-01,7.3,1015.6,93,28.8,25.9,1.9,1.1,1.6,2.5,7.4,8
22107,2016-10-02,6.5,1013.6,93,29.9,26.1,1.3,.8,1,1.8,6.6,9.1
22107,2016-10-03,4.4,1010.4,91,29.6,26.3,1.2,.7,1.1,1.8,5.4,9.1
22107,2016-10-04,10.3,1009.2,87,29.1,26,3.5,2.1,4.8,7.2,9.4,12.8
22107,2016-10-05,13.7,1007.2,86,27.2,25.1,5.6,3.6,9.3,13.7,9.1,12.8
22107,2016-10-06,9.3,1018.9,73,27,24.8,2.8,1.7,2,3.4,6.5,8
22107,2016-10-07,9.3,1017.2,83,28.4,25,2.5,1.5,2,3.2,6.4,8
22107,2016-10-08,9.7,1012.3,86,26.5,24.4,2.8,1.7,2.9,5.1,6.3,7.1
22107,2016-10-09,12.6,1016.9,64,22,22.8,5.1,3.1,3.9,7.2,8.4,9.1
22107,2016-10-10,7,1018.6,67,23.4,22.1,3,1.8,2.5,4.6,7.2,9.1
22107,2016-10-11,6.1,1018.8,64,24.7,22,2.1,1.3,1.6,2.6,6,8
22107,2016-10-12,8.9,1020.6,69,24.7,21.7,2.3,1.4,1.8,3.3,5.2,5.8
22107,2016-10-13,5,1021.4,71,25.1,22,1.8,1.1,1.3,2.3,5.3,6.4
22107,2016-10-14,6.7,1022.8,72,25.6,22.1,2,1.2,1.4,2.5,5.5,6.4
22107,2016-10-15,9.8,1022.4,70,26.3,22.5,2.7,1.6,2.1,3.8,5.9,7.1
22107,2016-10-16,5.4,1018,89,25.9,22.2,2,1.2,1.6,2.6,6.5,8
22107,2016-10-17,6.5,1017.4,84,24.7,22.8,1.7,1.1,1.5,2.4,6.4,10.7
22107,2016-10-18,6.1,1018.7,79,25,23.6,1.8,1.1,1.6,2.5,8.2,10.7
22107,2016-10-19,2.3,1017.7,77,26.2,22.9,1,.6,.7,1.2,7.9,12.8
22107,2016-10-20,4.7,1017.6,81,25.2,22.6,1.4,.9,1.2,1.6,11.9,12.8
22107,2016-10-21,12,1015.9,86,25.5,22.4,3.2,2,2.5,4.2,10.8,12.8
22107,2016-10-22,7.2,1011.1,87,25.2,21.8,3.3,2,2.4,4,8.4,10.7
22107,2016-10-23,10.9,1011.7,77,25.1,22,3.4,2.1,2.4,4.3,6.6,8
22107,2016-10-24,,,,,,,,2.1,3.8,,9.1
22107,2016-10-26,,,,,,,,1.5,2.6,,7.1
22107,2016-10-27,9.9,1019.3,73,26.3,23.9,2.8,1.7,2.4,4.3,5.8,8
22107,2016-10-28,10.8,1014.7,85,24.6,23.8,3.1,1.9,3.1,5.1,7,9.1
22107,2016-10-29,12.6,1024.3,65,19.8,23.2,4.8,2.9,3.5,5.5,8,9.1
22107,2016-10-30,9.4,1027.1,59,20.3,22.6,2.8,1.8,2.9,4.8,6.4,8
22107,2016-10-31,8.1,1025.1,68,21.2,22,1.5,.9,2.1,3.1,4.2,6.4
22107,2016-11-01,12.4,1028.6,66,16.7,21.5,4.1,2.4,3.2,6,6.9,8
22107,2016-11-02,9.3,1027.3,65,17.2,21.2,2.3,1.4,2,3.3,5.3,6.4
22107,2016-11-03,5.6,1023.7,63,19.5,20.8,1.5,.9,1.2,2.2,5,6.4
22107,2016-11-04,3.2,1018.5,58,20.6,20.9,1,.6,.8,1.4,5.6,9.1
22107,2016-11-05,4.2,1015.6,67,23.1,20.9,1.3,.8,.9,1.7,4.9,5.3
22107,2016-11-06,5.7,1020.6,71,23.7,20.9,1.4,.9,2.2,3.8,7,10.7
22107,2016-11-07,9.5,1021.5,69,23.8,20,2.7,1.7,2.2,3.8,6.6,9.1
22107,2016-11-08,12.7,1022.9,75,18,20.9,4.6,2.8,4,6.8,7,9.1
22107,2016-11-09,10.9,1026.1,64,16.3,21.2,4.6,2.8,4.5,7.1,8.1,9.1
22107,2016-11-10,8.5,1019.8,72,19.5,20.9,2.5,1.5,1.8,2.9,6.2,8
22107,2016-11-11,5.9,1021.1,60,20.2,20.6,2.6,1.5,2.2,3.8,6,7.1
22107,2016-11-12,4,1022.5,67,22.5,19.9,1.1,.7,1.1,1.9,5,6.4
22107,2016-11-13,4.4,1020.2,82,23.7,19.5,1.1,.7,.9,1.4,4.7,9.1
22107,2016-11-14,5.2,1014.4,95,22.8,19.4,1.3,.8,1.1,1.8,4.9,5.8
22107,2016-11-15,11.6,1019.7,71,18.8,19.5,3.9,2.4,3.2,4.8,7,9.1
22107,2016-11-16,5.7,1021.6,66,19.2,19,2.1,1.3,2.5,4.3,6.2,8
22107,2016-11-17,6.2,1021.8,66,22.7,18.7,1.3,.8,1.1,2,4.2,6.4
22107,2016-11-18,8.1,1016.3,81,24.3,20.3,1.6,1,1.4,2.1,4.8,6.4
22107,2016-11-19,5.6,1015.4,89,22.3,20.8,1.5,.9,1.2,2.4,5.2,7.1
22107,2016-11-20,7.2,1018.8,84,22.6,20.9,2,1.2,1.9,3.3,5.6,8
22107,2016-11-21,6.4,1015.4,84,24.1,20,2,1.2,1.5,2.4,6.3,8
22107,2016-11-22,13.5,1020.9,79,16.9,19,4.9,3,4.5,8.2,7.2,9.1
22107,2016-11-23,13.1,1024.3,68,14.2,19,5,3.1,4,6.4,7.7,9.1
22107,2016-11-24,10.6,1026,63,14.1,21.1,3.7,2.3,3.7,5.5,7,8
22107,2016-11-25,,,,,,,,1.6,2.4,,6.4
22107,2016-11-30,,,,,,,,1.2,2.1,,5.3
22107,2016-12-01,9.8,1027.3,64,16.4,19.9,2.7,1.7,2.8,4.2,5.4,7.1
22107,2016-12-02,10,1030,67,14.5,19.5,2.7,1.7,2.3,3.6,5.5,7.1
22107,2016-12-03,5.4,1025.7,70,17,19.6,1.3,.8,1.1,1.9,4.6,9.1
22107,2016-12-04,4.2,1019.8,71,17.9,19.8,.8,.5,.6,1,5.5,9.1
22107,2016-12-05,6.9,1019.8,69,19,19.4,1.6,1,1.5,2.6,4.9,8
22107,2016-12-06,10.8,1025.9,69,12.8,18.8,3.9,2.4,3.5,5.3,7.7,9.1
22107,2016-12-07,5.8,1023.2,62,15.7,17.7,1.5,1,1.4,2.4,5.6,8
22107,2016-12-08,4.6,1019.3,63,17.3,17.2,1.2,.8,1,1.6,4.7,6.4
22107,2016-12-09,10.7,1020.1,68,15.3,17.5,3,1.8,2.5,4.3,5.9,8
22107,2016-12-10,11,1024.2,62,12.7,18,3,1.8,2.3,4,6,8
22107,2016-12-11,8.1,1025.6,57,14.2,17.9,2.1,1.3,1.7,3,5.3,6.4
22107,2016-12-12,3.7,1021.3,63,20.5,17.7,1.1,.7,.8,1.5,4.8,5.8
22107,2016-12-13,10.7,1016.4,77,16.2,18,2.7,1.7,2.9,5,5.9,7.1
22107,2016-12-14,13.6,1021,65,10.3,17.8,5,3.2,3.9,6.1,7.8,9.1
22107,2016-12-15,12.2,1024.3,65,8.9,18.3,4.6,2.8,3.5,5.5,7.6,9.1
22107,2016-12-16,10.5,1028.5,61,9,18.5,4.1,2.5,3.8,7.3,7.1,8
22107,2016-12-17,3.5,1030.6,62,12,18.6,1.3,.9,1.6,2,5.6,7.1
22107,2016-12-18,5.3,1028.1,64,19.9,18.7,1.1,.7,1.1,1.6,4.8,6.4
22107,2016-12-19,5.9,1023.2,81,21.4,18.7,1.6,1,1.2,2,5,5.3
22107,2016-12-20,7.2,1024.5,80,17.9,18.5,1.7,1,1.3,2.3,4.6,5.3
22107,2016-12-21,8.2,1019.1,88,22,18.4,1.9,1.2,2.1,3,5.3,6.4
22107,2016-12-22,12.2,1016.3,72,13.7,17.9,4.7,2.9,4.3,6.4,7.1,8
22107,2016-12-23,12.5,1022.7,65,10.7,18.2,5.7,3.5,3.9,7,8.4,9.1
22107,2016-12-24,7.8,1027.9,67,11.3,18.2,3.3,2,3.5,5.5,8.2,9.1
22107,2016-12-25,4.9,1027,66,15.8,18.3,1.5,.9,1.3,2.1,7.1,10.7
22107,2016-12-26,8.9,1017.7,86,14.5,18.5,2.2,1.4,3,4.7,6.4,10.7
22107,2016-12-27,13.8,1023.9,67,10.3,18,5.8,3.6,4.7,7.6,8,9.1
22107,2016-12-28,9.3,1028.4,63,9.5,17.8,3.4,2.1,3.9,5.9,7.4,9.1
22107,2016-12-29,11.2,1030.1,66,10.8,17.7,3.4,2.1,2.8,4.5,6.2,7.1
22107,2016-12-30,8,1031.5,65,9.8,17.5,2.1,1.3,2.1,3.6,5.7,7.1
22107,2016-12-31,5.2,1030.4,60,13,17.5,.9,.6,.8,1.2,4.4,9.1
