지점,일시,평균 풍속(m/s),평균기압(hPa),평균 상대습도(%),평균 기온(°C),평균 수온(°C),평균 최대 파고(m),평균 유의 파고(m),최고 유의 파고(m),최고 최대 파고(m),평균 파주기(sec),최고 파주기(sec)
22103,2017-01-01,3.5,1027.8,68,10.5,14.8,.5,.3,.4,.6,6.3,10.7
22103,2017-01-02,4.2,1022.5,71,12.6,15.9,.6,.3,.6,1,6.9,9.1
22103,2017-01-03,6.1,1023.1,64,10.7,15.5,1,.6,.7,1.3,3.5,9.1
22103,2017-01-04,5.5,1022.6,63,11.5,15.7,.8,.5,.8,1.2,3.7,9.1
22103,2017-01-05,9.1,1023.4,75,12.4,16.1,2,1.3,2.8,4.8,5,9.1
22103,2017-01-06,10,1024.4,72,12,16,3,1.8,2.6,4.7,6.4,8
22103,2017-01-07,8.3,1018.7,80,12.4,15.7,1.9,1.1,1.3,2.1,5,5.8
22103,2017-01-08,9.3,1012,78,12.3,15.5,2.2,1.4,1.9,3.4,5.8,9.1
22103,2017-01-09,10.6,1016.1,67,9.4,14.9,2.1,1.3,1.7,2.6,4.4,5.8
22103,2017-01-10,10.1,1021.3,64,6.9,13.9,2,1.2,1.5,2.6,4.2,4.9
22103,2017-01-11,9.5,1024.5,59,4.5,13.6,1.8,1.1,1.5,2.8,4,4.9
22103,2017-01-12,8.3,1019.3,62,8.1,13.5,1.4,.9,1.1,1.8,3.8,4.9
22103,2017-01-13,10,1016.4,64,6.5,15,2,1.3,2.2,3.4,4.4,6.4
22103,2017-01-14,12.9,1022.1,67,3.3,14.8,2.6,1.6,1.9,3,4.8,5.3
22103,2017-01-15,10.7,1025.5,63,3,13.9,2.2,1.3,1.6,3.3,4.4,4.9
22103,2017-01-16,7.3,1027,50,5.1,12.1,1.6,1,1.4,2.4,5.3,9.1
22103,2017-01-17,3.3,1029.6,61,7.6,12.1,1,.6,.8,1.3,9.1,12.8
22103,2017-01-18,4.7,1027.7,61,7.9,13.3,.9,.6,.8,1.2,6.4,10.7
22103,2017-01-19,5.8,1022.2,63,7.5,14.6,1.1,.7,1.1,2,4.1,4.9
22103,2017-01-20,13.5,1021,68,5.3,12.6,3.5,2.2,3,5,5.6,8
22103,2017-01-21,8.3,1026.7,66,5,14.5,1.8,1.1,1.6,2.8,6,10.7
22103,2017-01-22,12.3,1025.6,65,4.7,15.3,2.8,1.7,2,3.3,5.1,6.4
22103,2017-01-23,11.5,1029.2,68,2.5,14.2,2.4,1.4,1.9,3.1,4.5,6.4
22103,2017-01-24,9.2,1032.7,64,3.1,11.4,1.7,1,1.4,2.4,4.1,9.1
22103,2017-01-25,6.3,1032.2,62,3.5,10.6,1.2,.8,.9,1.7,4.5,9.1
22103,2017-01-26,3.9,1028.2,61,6.2,11.4,.8,.5,.7,1.4,4.1,8
22103,2017-01-27,8.8,1025.4,61,8.5,11.7,1.9,1.2,1.6,2.7,5.1,6.4
22103,2017-01-28,3.4,1025.1,67,8.3,14.8,.8,.5,.9,1.3,5.5,8
22103,2017-01-29,5.2,1016.4,90,12.4,16.2,1.3,.8,1.2,2,5.5,9.1
22103,2017-01-30,11.5,1022.1,69,5.4,15.3,2.7,1.7,2,3.5,4.8,7.1
22103,2017-01-31,4.3,1026.3,60,4.4,15,1.2,.8,1.2,2,7.3,10.7
22103,2017-02-01,9.9,1026.2,58,5.3,14.5,2,1.2,1.5,2.6,4.3,4.9
22103,2017-02-02,9.7,1028.1,51,6.1,13.7,1.6,1,1.2,2.2,3.8,4.6
22103,2017-02-03,6.7,1025.3,57,8.2,12.8,1,.6,.9,1.7,3.1,4.3
22103,2017-02-04,4.2,1019.3,68,12.1,13.5,.8,.5,1.2,1.9,5.3,9.1
22103,2017-02-05,9.2,1013.2,81,9.8,13.7,2.1,1.3,2,3.2,5,6.4
22103,2017-02-06,10.9,1020.3,63,6.4,15.1,2.2,1.3,1.7,3.1,4.4,5.8
22103,2017-02-07,4.1,1023.2,59,6.2,14.6,1.2,.8,1.4,2.2,6.6,9.1
22103,2017-02-08,6.5,1017.7,62,7.4,15.2,1.2,.8,1.3,2.3,6.2,9.1
22103,2017-02-09,13.8,1014.6,69,3.8,14.2,3.1,1.9,2.3,3.6,5,5.8
22103,2017-02-10,12.8,1017.6,71,2.4,13.9,3.1,1.8,2,3.5,4.8,5.3
22103,2017-02-11,12.3,1023.4,69,3.3,12,2.6,1.6,2,3.4,4.8,7.1
22103,2017-02-12,8.9,1028,62,5.1,12.1,1.6,1,1.6,2.5,4,5.8
22103,2017-02-13,7.2,1030.3,56,7.2,10.1,1.2,.7,1.1,2.1,3.7,9.1
22103,2017-02-14,7.4,1031.4,57,7.7,10.6,1.6,.9,1.3,2.2,4.8,5.8
22103,2017-02-15,3.3,1029.6,57,9.5,12.3,.7,.4,.7,1.2,5.6,9.1
22103,2017-02-16,8.5,1021.3,73,15.5,15.9,2,1.2,2.3,3.6,4.9,7.1
22103,2017-02-17,10.1,1019.1,67,11.6,15.1,2.9,1.8,2.3,4,5.5,7.1
22103,2017-02-18,9.9,1024.2,57,5.8,15,2.1,1.3,1.6,2.8,4.4,5.8
22103,2017-02-19,7.3,1018.1,59,10.5,14.1,2.1,1.3,3.2,6.3,5.6,8
22103,2017-02-20,11.8,1014,69,9.6,12.9,4.1,2.5,3.8,7.9,6.5,8
22103,2017-02-21,7.3,1027.7,68,7.4,13.9,1.6,1,1.4,2.1,5.6,9.1
22103,2017-02-22,9.2,1013.8,87,13,15.8,3.2,1.9,2.6,4.5,6.6,8
22103,2017-02-23,12.4,1016.7,68,6.2,14.5,3.2,1.9,2.3,4.1,5.1,8
22103,2017-02-24,9.1,1023.5,59,5.3,13.6,2,1.2,1.8,3,4.2,5.3
22103,2017-02-25,7.8,1022.8,65,8.3,11.9,1.3,.8,1,1.7,4.1,4.6
22103,2017-02-26,5.4,1023.6,57,8.9,11.4,.9,.6,.7,1.2,4,5.8
22103,2017-02-27,4.4,1025.4,64,9.8,13.1,.9,.5,.8,1.2,4.2,5.8
22103,2017-02-28,2.9,1024.6,53,10.6,15.8,.7,.4,.6,1,5.5,7.1
22103,2017-03-01,4.5,1016.7,63,11.9,14.3,.9,.5,2.1,3.7,4.1,5.8
22103,2017-03-02,12.1,1014.9,69,6.8,12.5,3.2,2,3,5,6,8
22103,2017-03-03,5.1,1019.8,58,8.1,12.3,1.4,.8,1.4,2.3,5.7,9.1
22103,2017-03-04,2.2,1018.3,66,10.9,12.4,.6,.4,.5,1,6.8,10.7
22103,2017-03-05,4,1015.3,66,11.4,13.2,.6,.4,.7,1.2,6.9,10.7
22103,2017-03-06,10.7,1014.5,54,7.5,12.9,2.2,1.3,1.7,3.4,4.3,4.9
22103,2017-03-07,9.2,1016.6,62,5.2,13.2,1.8,1.1,1.8,3.3,4,4.9
22103,2017-03-08,9.9,1016.4,62,6.3,13.5,2.4,1.4,1.8,3.1,5.1,6.4
22103,2017-03-09,10.2,1015.3,54,9.5,13.6,2.2,1.4,1.7,3.1,5.6,7.1
22103,2017-03-10,6.6,1018.9,53,11,13.6,1.4,.9,1.5,2.5,5,6.4
22103,2017-03-11,3,1022.7,53,12,13.4,.5,.3,.5,.8,4.5,6.4
22103,2017-03-12,2.8,1020.6,72,13,13.8,.5,.3,.4,.7,5.1,9.1
22103,2017-03-13,5.2,1015.9,59,12.5,13.8,.8,.5,1,1.5,4.5,8
22103,2017-03-14,9.6,1016.7,59,10.3,12.7,1.9,1.2,1.8,2.9,4.7,6.4
22103,2017-03-15,4.1,1022.4,47,9.1,13.2,1.4,.8,1.4,2.6,6.6,10.7
22103,2017-03-16,3.3,1021.4,62,10.8,14.1,1.1,.6,.8,1.6,8.8,10.7
22103,2017-03-17,3.5,1022.7,55,10.9,13.6,.8,.5,.6,1.4,6.4,9.1
22103,2017-03-18,3.1,1023.5,63,12.7,14.7,.5,.3,.4,.7,7,12.8
22103,2017-03-19,5.1,1024.1,63,13.6,14.7,.7,.5,.7,1.2,6,12.8
22103,2017-03-20,9.1,1016.6,81,13.5,15,2.2,1.3,2,3.1,5.6,7.1
22103,2017-03-21,10.4,1015.3,67,10.9,14.3,2.3,1.4,1.9,3.1,5.6,8
22103,2017-03-22,3.9,1020.3,65,10.6,13.8,1.2,.7,1.2,1.9,6.3,8
22103,2017-03-23,5.7,1019,57,13.1,13.8,.8,.5,.8,1.2,3.8,8
22103,2017-03-24,7.2,1019.8,71,13.4,13.7,1.4,.8,1.1,1.9,4.6,5.8
22103,2017-03-25,6.7,1018.3,76,11.6,13.7,1.6,1,1.3,1.9,4.9,5.8
22103,2017-03-26,6.3,1018,68,10.5,13.8,1.1,.7,1.2,1.8,4,5.3
22103,2017-03-27,8.4,1020.9,68,10.6,13.9,1.7,1.1,1.4,2.2,5.2,5.8
22103,2017-03-28,3.6,1023.2,55,11.8,14.4,.8,.5,.9,1.4,5.1,7.1
22103,2017-03-29,7.2,1020.3,88,12.7,15.2,1.7,1.1,1.8,3.1,4.9,7.1
22103,2017-03-30,3.1,1020.1,78,13.1,14.8,1,.6,1,1.8,5.3,5.8
22103,2017-03-31,6.1,1017.2,78,12.3,14.1,1.3,.8,1.1,1.8,5.4,7.1
22103,2017-04-01,6,1015.1,73,11.9,14.1,1.4,.8,1.3,2.3,5.8,7.1
22103,2017-04-02,7.1,1018.4,56,12.6,13.9,1.2,.7,1.1,1.9,4.3,6.4
22103,2017-04-03,7.3,1022.9,60,13.8,13.7,1.2,.8,1.1,1.7,3.8,5.8
22103,2017-04-04,3.3,1023.9,71,15.5,14.5,.8,.5,.8,1.3,3.7,5.3
22103,2017-04-05,5.9,1018.3,89,16.9,14.2,1.8,1.1,2.4,3.7,4.8,7.1
22103,2017-04-06,5.5,1012.6,97,16.1,14.3,3.4,2.1,2.9,5.1,7.1,8
22103,2017-04-07,3.9,1013,94,14.9,14.6,1.9,1.2,1.5,2.7,7.3,8
22103,2017-04-08,4.8,1011.1,89,15.6,14.7,1.6,.9,1.4,2.3,7,8
22103,2017-04-09,8.9,1011.8,79,15.2,14.6,2.2,1.4,2.5,4.1,5.5,7.1
22103,2017-04-10,13.9,1009.8,84,13.8,14.4,4.2,2.5,3.1,5.3,7,8
22103,2017-04-11,8.7,1005.6,78,14.1,14.2,2.1,1.3,1.8,3,5.7,8
22103,2017-04-12,7.7,1013.8,49,15,14.3,1.5,.9,1.4,2.2,4.7,7.1
22103,2017-04-13,6.5,1018.9,67,14.8,14.2,1.2,.7,.9,1.5,4,4.9
22103,2017-04-14,5.7,1015.4,79,16.8,14.2,1.7,1,1.5,2.7,4.6,5.3
22103,2017-04-15,3.3,1014.9,94,16.3,14.4,1.4,.8,1.3,2.5,5.1,5.8
22103,2017-04-16,2,1014.8,,15.1,14.8,.8,.5,.6,.9,5.2,5.8
22103,2017-04-17,7.5,1001,97,16.3,14.5,2.1,1.3,2.4,3.6,6,8
22103,2017-04-18,7,1001.6,85,15.4,14.4,2.5,1.5,1.8,3,6.8,8
22103,2017-04-19,7.7,1010.5,61,14.8,14.2,1.7,1,1.4,2.4,5.2,7.1
22103,2017-04-20,2.3,1011.7,79,15.5,14.5,.7,.4,.6,.9,6.2,9.1
22103,2017-04-21,3.3,1009.8,81,15.3,14.7,1.2,.8,.9,1.6,5.8,7.1
22103,2017-04-22,3.9,1012.7,85,15.4,14.6,1,.6,.8,1.4,4.9,6.4
22103,2017-04-23,1.6,1017.7,83,16,15.4,.7,.4,.6,.9,4.3,5.3
22103,2017-04-24,2.6,1019.8,88,16.6,15.3,.5,.3,.7,1.1,5,9.1
22103,2017-04-25,2.1,1018.9,97,17.5,14.9,2.1,1.3,1.6,2.6,6.7,7.1
22103,2017-04-26,3.3,1014.7,,16.2,15,1.2,.7,1,1.5,6.3,7.1
22103,2017-04-27,8,1012.3,57,15.2,14.1,1.5,.9,1.2,2.1,5.9,9.1
22103,2017-04-28,7,1009.3,80,15.2,14.3,1.3,.7,.9,1.8,4,4.6
22103,2017-04-29,4.8,1008.9,87,15.7,14.3,1.3,.8,1.1,1.7,5.2,5.8
22103,2017-04-30,3.4,1010.8,76,17.1,14.4,1.6,1,1.4,2.3,5,5.8
22103,2017-05-01,5.6,1016.5,92,15.8,14.6,1.7,1.1,1.5,2.3,5.2,5.8
22103,2017-05-02,7.7,1021.1,87,15.9,14.6,1.7,1,1.2,2.1,5.2,5.8
22103,2017-05-03,4.9,1021,92,16.1,14.6,1.3,.8,1,1.8,5.4,6.4
22103,2017-05-04,3.8,1016.3,94,16.4,14.8,1.5,1,1.3,2.1,7,9.1
22103,2017-05-05,4.3,1013.8,98,16.5,14.8,1.9,1.1,1.3,2.3,7.5,9.1
22103,2017-05-06,5.6,1015.6,75,17,15,1.2,.8,1.1,1.7,6.4,9.1
22103,2017-05-07,7,1016.1,80,16.2,14.9,1.1,.7,1,1.9,3.9,8
22103,2017-05-08,3.8,1014.7,84,16.6,14.9,.8,.4,.8,1.7,5.5,9.1
22103,2017-05-09,6.5,1010,91,15.4,14.3,1.8,1.1,1.8,3.1,4.6,6.4
22103,2017-05-10,5.7,1011.2,93,15.3,14.1,2.1,1.3,1.7,2.6,6.5,8
22103,2017-05-11,4.3,1013.3,93,16.8,14.3,1.5,.9,1.4,2.3,5,6.4
22103,2017-05-12,3.6,1009.9,96,16.7,14.4,1,.6,.9,1.7,4.2,5.3
22103,2017-05-13,3.3,1007.9,95,16.4,14.9,1.1,.7,1,1.6,6.3,7.1
22103,2017-05-14,6.6,1011.1,92,15.7,14.5,1.2,.8,.9,1.6,5.3,7.1
22103,2017-05-15,5.6,1013.9,80,15.9,14.5,.8,.5,.7,1.1,3.3,5.3
22103,2017-05-16,5.4,1011,84,16.1,14.9,.8,.5,.7,1.2,4.3,8
22103,2017-05-17,3.9,1011.3,86,16.7,15.4,.6,.3,.5,.7,5.6,8
22103,2017-05-18,3.3,1015.7,87,17.3,15.9,.5,.3,.4,.7,3.4,7.1
22103,2017-05-19,3.9,1016.8,83,17.7,15.9,.5,.3,.4,.6,4.8,8
22103,2017-05-20,3.1,1015.9,88,18,15.9,.4,.3,.3,.5,6.3,8
22103,2017-05-21,1.6,1015.2,89,19,16.3,.6,.3,.7,1.4,5.8,7.1
22103,2017-05-22,1.8,1014.2,94,19.1,17.7,1.2,.7,.8,1.9,6.1,7.1
22103,2017-05-23,2.5,1011.1,98,18.2,17.1,1,.6,.7,1.3,6.7,8
22103,2017-05-24,1.5,1007.7,98,18.7,17.3,.9,.5,.7,1.1,7.4,8
22103,2017-05-25,4.4,1006.1,86,18,16.4,.9,.5,.9,1.4,6.4,8
22103,2017-05-26,7.1,1008,68,17.1,15.4,1.4,.8,1.1,1.7,3.9,4.9
22103,2017-05-27,3.1,1012.6,80,17,16.1,.8,.5,.8,1.1,6.2,9.1
22103,2017-05-28,1.9,1014,88,18.1,16.2,.6,.4,.6,1.1,6.7,9.1
22103,2017-05-29,4.7,1012.8,89,18.5,16.3,.8,.5,.8,1.2,3.6,7.1
22103,2017-05-30,4.1,1009.9,86,18.9,16.3,.6,.3,.5,.8,4.3,9.1
22103,2017-05-31,2.4,1003.9,99,18.9,16.5,.7,.4,.6,1,4.9,9.1
22103,2017-06-01,4.7,1000.1,96,18.5,16.2,1,.6,1,1.7,3.9,4.6
22103,2017-06-02,4.7,1003.6,84,17.9,16.4,.8,.5,.6,.9,4.2,6.4
22103,2017-06-03,4.1,1007.6,86,18.3,16.7,.8,.5,.7,1.1,5.3,10.7
22103,2017-06-04,2.4,1010.8,85,19,17.5,.9,.5,.6,1,8.7,10.7
22103,2017-06-05,3.7,1014.9,91,19.2,17.8,.8,.5,1.1,1.7,7.5,10.7
22103,2017-06-06,7.6,1012.9,92,18.9,17,2.2,1.4,3.1,4.8,5.4,7.1
22103,2017-06-07,7,1007.1,93,18.9,17.4,3.6,2.2,3.4,5.9,7.8,9.1
22103,2017-06-08,6.4,1010.3,90,18.2,16.7,1.3,.8,1.1,1.8,5.3,7.1
22103,2017-06-09,4.9,1009.4,91,18.4,16.9,.7,.4,.7,1,3.1,4.9
22103,2017-06-10,1.7,1007.8,97,19.5,17.2,.7,.4,.6,1,3.6,4.6
22103,2017-06-11,2.4,1008.3,93,18.7,17.3,1.1,.7,.8,1.5,5,8
22103,2017-06-12,7.7,1013.7,83,18.7,17.3,2.3,1.4,2,3.5,6.6,8
22103,2017-06-13,5.2,1014.2,87,18.6,17.9,1.9,1.1,1.5,2.5,6,7.1
22103,2017-06-14,2.7,1010.8,87,19.5,18.6,.8,.5,.6,1,5.9,9.1
22103,2017-06-15,6.4,1008.5,86,19.8,17.8,1.1,.7,.9,1.4,4.5,9.1
22103,2017-06-16,4.3,1010.4,92,19.2,17.5,1.1,.7,.8,1.4,5.9,9.1
22103,2017-06-17,3.9,1010.7,93,19.1,17.9,1.4,.8,1.1,1.8,5.7,6.4
22103,2017-06-18,3.3,1010.2,91,20.7,20.1,.7,.5,.6,1,5.6,7.1
22103,2017-06-19,3.4,1009.6,92,21.5,20.1,.8,.5,.6,1.1,6.9,8
22103,2017-06-20,5.3,1004.3,95,20.7,18.5,1.7,1,1.9,3.7,6.2,8
22103,2017-06-21,3.5,1006.2,94,20.5,18.7,1.9,1.1,1.5,2.6,7.7,9.1
22103,2017-06-22,2.2,1008.6,96,20.9,19.5,1.2,.7,.9,1.6,6.8,7.1
22103,2017-06-23,1.5,1006.6,96,21.3,20.5,.8,.5,.6,1.2,6,7.1
22103,2017-06-24,2.8,1002.8,97,22.1,21.8,.9,.6,.6,1.2,5.9,6.4
22103,2017-06-25,1.1,1002.7,96,21,20.1,1.2,.7,1.2,1.9,5.9,6.4
22103,2017-06-26,2.8,1006.4,98,20.9,18.5,1.2,.7,1,1.6,6.2,7.1
22103,2017-06-27,3.2,1009.8,97,21.1,19.6,1.2,.7,.8,1.7,6.7,8
22103,2017-06-28,1.4,1012.3,98,21.5,21.1,.8,.5,.6,1,6.8,8
22103,2017-06-29,2.8,1011.2,98,22,20.7,.9,.5,.9,1.7,5.3,7.1
22103,2017-06-30,1.7,1009,96,23.5,22.2,.9,.5,.7,1.4,3.9,4.6
22103,2017-07-01,3.1,1009,99,23.2,20,1,.6,.9,1.4,4.8,8
22103,2017-07-02,5.4,1009.5,98,23.9,19.5,1.3,.8,1,1.6,4.3,7.1
22103,2017-07-03,4.8,1008.8,98,23.8,20.2,1.6,1,1.2,2,5.1,6.4
22103,2017-07-04,2.7,1007,99,23.1,20.2,1.9,1.2,1.9,3,7.8,12.8
22103,2017-07-05,2.3,1010.3,98,23.8,20.6,1.4,.9,1.2,1.9,6.6,8
22103,2017-07-06,2.6,1010.9,98,22.5,21.2,1,.6,.7,1.3,5.3,5.8
22103,2017-07-07,4.2,1009.4,97,26.4,23.9,1.3,.8,1.2,1.9,5.4,6.4
22103,2017-07-08,4,1008.5,96,26,24.2,2,1.3,1.6,2.4,6.5,7.1
22103,2017-07-09,3.9,1007.2,96,26.4,24.9,1.9,1.2,1.4,2.3,7,7.1
22103,2017-07-10,8.1,1004.4,94,26.6,22.8,2.7,1.7,2.2,3.3,6.8,8
22103,2017-07-11,2.9,1008.5,97,23.7,22.7,2.3,1.5,2.2,3.7,7.3,8
22103,2017-07-12,1.9,1010.4,97,24.2,23.5,1.3,.8,1,1.8,6.5,7.1
22103,2017-07-13,1.5,1008.5,96,25.1,22.4,.9,.5,.7,1.2,5.5,6.4
22103,2017-07-14,2.1,1008.9,97,25.2,22.8,.9,.6,.7,1.1,5.1,5.8
22103,2017-07-15,4.3,1011,95,27.7,24.5,1.3,.8,1,1.6,5,5.8
22103,2017-07-16,4.5,1013,94,28.2,26.3,1.4,.8,1.1,1.9,5.7,6.4
22103,2017-07-17,2.4,1012.9,94,27.2,25.6,1.2,.8,.9,1.8,5.6,5.8
22103,2017-07-18,2.6,1010.1,97,24.9,23.2,1.1,.7,.9,1.5,5.4,5.8
22103,2017-07-19,2.4,1006.8,95,25.1,22.7,1.2,.7,.9,1.6,6.2,7.1
22103,2017-07-20,1.7,1007.5,95,26.2,23.8,1,.6,.7,1.2,5.9,6.4
22103,2017-07-21,1.5,1009.4,98,27.2,24.4,1,.6,.8,1.3,5.2,5.8
22103,2017-07-22,1.9,1010.2,97,26.7,24.2,1.1,.6,.9,1.5,5.3,5.8
22103,2017-07-23,2.4,1006.4,97,27.3,25.8,.8,.5,.6,1.1,5,5.8
22103,2017-07-24,3.9,1003.4,97,27.6,26.6,.8,.5,.6,1,4.8,5.8
22103,2017-07-25,4.6,1003.1,94,26.7,25.3,.9,.5,1.2,2.2,4.5,5.8
22103,2017-07-26,10.1,1006.3,86,25.8,25.1,2.6,1.6,1.9,3.7,5.9,6.4
22103,2017-07-27,6,1007.9,86,26.4,26.7,1.9,1.1,1.6,2.9,6.1,7.1
22103,2017-07-28,2.4,1008.1,90,27.6,27.1,.8,.4,.6,.9,5.6,12.8
22103,2017-07-29,3.7,1007,95,27.6,26.6,1,.6,1.1,1.8,10.1,10.7
22103,2017-07-30,5,1006.9,92,28,27.5,2.1,1.3,1.5,2.6,11,12.8
22103,2017-07-31,5.4,1007.9,90,29,28.4,2.1,1.3,1.7,2.7,10,12.8
22103,2017-08-01,4.9,1009,92,29,27.8,2.2,1.3,1.6,3,9.6,12.8
22103,2017-08-02,6.6,1006.9,84,28.5,26.8,1.9,1.2,1.4,2.7,7.4,9.1
22103,2017-08-03,6.9,1004.4,88,28.2,26.7,2,1.2,1.5,2.7,5.5,6.4
22103,2017-08-04,6.6,1003.8,92,28.8,27.9,1.9,1.1,1.3,2.4,5.3,5.8
22103,2017-08-05,8.3,1001.2,87,29.8,29.3,2.3,1.4,1.7,3.2,5.6,6.4
22103,2017-08-06,6.4,998.7,83,30.7,29.6,2.5,1.5,2.1,3.4,6.4,7.1
22103,2017-08-07,7.2,999,86,29.7,29.3,1.3,.8,1,1.9,6.5,8
22103,2017-08-08,4.1,999.9,90,29,28.5,1.3,.8,1.1,1.7,7,8
22103,2017-08-09,6.7,996.6,90,28.8,27.8,2.2,1.3,1.9,3,6.5,8
22103,2017-08-10,4.9,999.9,84,28,27.4,2.1,1.3,1.8,2.7,8,9.1
22103,2017-08-11,3.3,1005.1,86,28,27.3,1.8,1.1,1.4,2.4,7.7,8
22103,2017-08-12,6.8,1009.5,80,28.3,27.6,2,1.2,1.5,2.3,7.1,8
22103,2017-08-13,8.6,1008.8,80,27.7,26.8,2.1,1.3,1.5,2.6,5.7,6.4
22103,2017-08-14,6.7,1003.9,92,27.6,27.6,2.2,1.4,1.7,2.8,5.9,7.1
22103,2017-08-15,5.3,1003.1,91,28.1,27.9,1.9,1.1,1.5,2.7,6.5,8
22103,2017-08-16,5.7,1004.8,83,27.9,27.2,1.5,.9,1.1,1.8,6.6,7.1
22103,2017-08-17,3.8,1007.4,82,27.7,27.4,1.1,.7,.8,1.7,6.3,7.1
22103,2017-08-18,2.6,1010.4,81,27.4,27.6,.8,.5,.8,1.2,5.5,5.8
22103,2017-08-19,3.2,1011.2,82,28.5,28,.7,.4,.7,1.1,4.5,7.1
22103,2017-08-20,5.4,1008.8,85,28.9,27.9,1.4,.8,1.1,2,4.3,4.9
22103,2017-08-21,7.1,1008,87,28.7,27.4,2.3,1.4,2.4,3.9,5.4,7.1
22103,2017-08-22,3.9,1011.7,90,29.1,27.6,2,1.2,2,2.9,6.1,7.1
22103,2017-08-23,4.1,1013,92,29.9,28,1.9,1.2,1.4,2.5,7.1,9.1
22103,2017-08-24,5,1009.3,90,29.4,28,2.2,1.4,1.6,2.7,7.1,10.7
22103,2017-08-25,4.3,1007.6,91,28.8,27.6,1.8,1.1,1.3,2.3,6.8,9.1
22103,2017-08-26,4.2,1012,62,27.7,27.3,1,.6,1.1,1.7,6.9,8
22103,2017-08-27,3.7,1014.2,69,27.2,26.9,.9,.5,.7,1.3,5,7.1
22103,2017-08-28,1.9,1011.9,79,27.8,26.3,.7,.4,.6,1,5.5,9.1
22103,2017-08-29,5.6,1011,79,26.9,26,.8,.5,.6,1.1,4.9,8
22103,2017-08-30,5.2,1010.5,71,25.6,26.8,1.1,.7,.9,1.5,4.4,5.3
22103,2017-08-31,6.1,1009.8,66,25.7,27.6,1.4,.8,1,1.7,5,6.4
22103,2017-09-01,7.9,1010.2,68,25.7,26.7,2.4,1.4,2,3.4,6.3,7.1
22103,2017-09-02,6.6,1011.4,64,24.8,25.7,1.9,1.2,1.8,2.8,6.1,8
22103,2017-09-03,7.2,1013.6,69,25.3,25.2,1.7,1,1.1,2.1,5.5,7.1
22103,2017-09-04,8.2,1013.3,77,26,26.5,2,1.2,1.5,2.6,5.2,5.8
22103,2017-09-05,5.6,1010.1,82,26.4,26.6,2,1.2,1.6,2.6,6.5,8
22103,2017-09-06,2.2,1007,91,26.9,26.6,.9,.5,.8,1.2,6.2,7.1
22103,2017-09-07,4.8,1006.5,84,25,26,.9,.6,.7,1.1,5,6.4
22103,2017-09-08,4.4,1010.6,78,25.6,25.5,1,.6,.8,1.4,6.3,8
22103,2017-09-09,2.7,1012,79,26.1,25.8,.8,.5,.6,1,6.6,7.1
22103,2017-09-10,4.6,1012.3,77,26.7,25.8,.8,.5,.6,1,4.4,6.4
22103,2017-09-11,8.2,1005.1,89,26.4,25.1,2.9,1.7,2.3,4.4,6.1,8
22103,2017-09-12,6.1,1012.6,79,25,24.7,1.4,.8,1.5,2.2,5.8,7.1
22103,2017-09-13,4.7,1016.8,61,25.2,24.8,1.6,1,1.2,2.3,12.3,12.8
22103,2017-09-14,8.9,1016.5,72,25.3,25.2,3,1.9,2.4,4.1,9.3,12.8
22103,2017-09-15,14.6,1014.1,65,24.4,23.5,5.6,3.4,4.3,6.9,8.8,12.8
22103,2017-09-16,14.1,1008.2,74,20.8,23.1,4.6,2.8,3.4,5.3,7.7,10.7
22103,2017-09-17,7.8,1002.8,81,22.2,23.5,2.9,1.7,2.4,4.1,9,10.7
22103,2017-09-18,5.5,1008.8,80,21.2,23.6,1.8,1.1,1.4,2.2,8.4,9.1
22103,2017-09-19,4.9,1011.4,87,22.3,24.1,.9,.5,.7,1.2,7.1,9.1
22103,2017-09-20,5.6,1011.8,77,21.2,24.2,1,.6,.8,1.3,3.5,4
22103,2017-09-21,3.5,1012.8,72,20.3,24.4,.8,.5,.7,1.1,3.7,4.6
22103,2017-09-22,4.1,1012,77,21.1,24,1,.6,.7,1.3,4.4,5.8
22103,2017-09-23,3,1015.4,76,21,23.3,.6,.4,.5,.9,5.6,7.1
22103,2017-09-24,2.8,1015,84,21.3,23.2,.5,.3,.3,.7,4.6,7.1
22103,2017-09-25,3.9,1013.5,83,21.6,23.8,.7,.4,.7,1.3,4.1,6.4
22103,2017-09-26,8,1010.6,83,21.9,24.7,2.1,1.2,1.4,2.6,5.3,5.8
22103,2017-09-27,6.1,1003.6,91,21.9,23.8,2.3,1.4,2.3,4,6.1,7.1
22103,2017-09-28,6.1,1009.6,71,23.2,23.6,1.3,.8,1.2,2,5.6,8
22103,2017-09-29,6.4,1017.4,59,20.6,23.4,1.2,.7,1.2,1.9,4.2,7.1
22103,2017-09-30,3.8,1021.6,64,22.6,22.7,.6,.4,.6,.9,4.2,7.1
22103,2017-10-01,7.2,1015,81,24.2,22.7,2.5,1.6,3.6,5.4,5.4,8
22103,2017-10-02,6.5,1008.5,95,23.1,21.9,3.7,2.3,3.6,5.8,7.5,8
22103,2017-10-03,3.6,1015.5,84,22.9,22.7,1.3,.8,1.2,1.9,5.9,7.1
22103,2017-10-04,8.7,1020.1,76,22,22.5,2.3,1.4,2.1,3.3,6,7.1
22103,2017-10-05,9.9,1020.6,70,21.7,22.7,3.3,2,2.5,4.7,6.7,8
22103,2017-10-06,8.4,1015.7,91,20.8,22.8,2.2,1.3,1.7,3.2,5.4,6.4
22103,2017-10-07,4.3,1018.5,87,21.7,22.5,.9,.6,.8,1.5,5.3,10.7
22103,2017-10-08,4.6,1021.6,90,22.6,22.6,1.2,.7,1,1.6,4.8,5.8
22103,2017-10-09,2.6,1021.2,93,23.1,23.3,.6,.4,.5,.7,4.9,8
22103,2017-10-10,2.8,1018.7,88,24.1,24.7,.6,.4,.4,.7,6.1,9.1
22103,2017-10-11,4.5,1016.6,89,22.5,23.4,.8,.5,.9,1.4,5.4,8
22103,2017-10-12,7.2,1017.1,87,18.8,22.3,1.5,.9,1.4,2.3,4.8,8
22103,2017-10-13,5.8,1019,61,18.7,22,1.4,.8,1,1.6,5.9,8
22103,2017-10-14,8.8,1021.5,65,19.6,21.4,2.1,1.3,1.8,3.1,5.3,8
22103,2017-10-15,11.5,1022.6,78,19.4,21.6,3.1,1.9,2.8,4.6,6.2,7.1
22103,2017-10-16,10.6,1022.3,72,20.7,23.3,3.4,2,2.4,4.2,6.8,8
22103,2017-10-17,10.4,1021.3,72,19.9,20.7,2.9,1.8,2.4,3.9,6.5,8
22103,2017-10-18,11.6,1019.1,71,19.7,20.5,4,2.4,2.8,5.1,6.9,8
22103,2017-10-19,8.2,1016.4,71,19.8,20.8,2,1.3,1.8,2.9,5.8,7.1
22103,2017-10-20,8.3,1016.3,73,20,20.7,1.8,1.1,1.5,2.4,5.8,7.1
22103,2017-10-21,9.7,1013.6,68,20.2,20.3,2.9,1.8,2.5,4.3,7.2,12.8
22103,2017-10-22,11.4,1006.9,63,20,20.1,3.7,2.3,2.8,5.1,7.5,9.1
22103,2017-10-23,6.3,1015.7,56,18.3,20.6,2.6,1.6,2.3,3.4,8.6,10.7
22103,2017-10-24,4.1,1022.5,67,18.3,20.6,1.5,1,1.2,2.1,7.3,10.7
22103,2017-10-25,3.4,1023.8,58,17.9,20.8,.9,.5,.7,1.2,7.1,10.7
22103,2017-10-26,3.8,1020.2,72,18.7,20.6,.8,.5,.6,1,4.9,8
22103,2017-10-27,6,1017.9,76,19.6,20.3,1,.6,1.1,1.9,4,5.3
22103,2017-10-28,9.1,1016.2,80,20.3,20.4,2.4,1.4,1.9,3.3,6.5,12.8
22103,2017-10-29,11.4,1014.5,68,18.2,21,2.9,1.8,2.2,3.9,8.3,12.8
22103,2017-10-30,8.6,1023.2,53,14.1,20.9,2.1,1.4,2.2,3.3,6,9.1
22103,2017-10-31,2.6,1024.5,53,15.2,19.6,1.1,.6,.9,1.6,7.5,10.7
22103,2017-11-01,4.1,1021.5,64,16.8,19.5,.6,.4,.5,.8,6.7,10.7
22103,2017-11-02,4.2,1018.3,74,17.4,19.3,.6,.4,.5,.8,5.4,9.1
22103,2017-11-03,7.8,1019,74,17.3,19.2,1.1,.7,1.4,2.1,3.7,7.1
22103,2017-11-04,7.2,1026.6,57,13.2,18.6,1.9,1.2,1.7,2.8,5.8,9.1
22103,2017-11-05,2.8,1027.7,62,14,18.3,1,.6,.8,1.5,8,10.7
22103,2017-11-06,1.7,1024.5,67,17.1,19,.6,.4,.4,.8,7.5,9.1
22103,2017-11-07,3.5,1020.8,87,19.4,19.1,.8,.5,1.1,1.9,5.5,8
22103,2017-11-08,6.8,1018.2,76,18.9,19.2,1.5,.9,1.2,2.2,4.3,5.3
22103,2017-11-09,6.1,1022.2,66,17.3,21.6,1.3,.8,1.3,2.1,4.4,6.4
22103,2017-11-10,7.1,1016.6,72,19.4,19.2,1.4,.9,1.7,2.2,4.4,4.9
22103,2017-11-11,8,1019.5,52,13.2,18.6,1.8,1.1,1.8,3.1,4.7,8
22103,2017-11-12,3.8,1020.2,65,14.4,18.5,.8,.5,.6,1.1,4.5,8
22103,2017-11-13,3.6,1017.7,71,15.4,18,.8,.5,.6,1,9.5,12.8
22103,2017-11-14,6.9,1018.2,57,15.8,17.7,1,.6,.8,1.3,3.2,3.6
22103,2017-11-15,8.2,1021.4,54,12.8,17,1.3,.8,1,1.7,3.6,4
22103,2017-11-16,4.1,1023.6,60,10.9,16.5,.7,.4,.7,1,4,5.8
22103,2017-11-17,3.4,1018.6,64,14.4,16.3,.6,.4,.6,.9,5,8
22103,2017-11-18,12.5,1017.8,60,9.2,16.1,2.4,1.5,1.9,3,4.6,5.3
22103,2017-11-19,8.6,1025.6,56,7.3,15.8,1.8,1.1,2,3.3,6,9.1
22103,2017-11-20,6.9,1025.7,56,9.7,15.6,1.1,.7,.9,1.6,3.8,9.1
22103,2017-11-21,3.1,1025.9,61,11.1,16.7,.7,.5,.5,.9,6.1,9.1
22103,2017-11-22,5,1018.8,62,13.6,19.2,.8,.5,1,1.5,5.6,8
22103,2017-11-23,10,1021.1,53,10,16.8,2,1.2,1.5,2.7,4.6,6.4
22103,2017-11-24,9.3,1024.9,53,10.9,15.9,2,1.2,1.8,3,4.6,5.8
22103,2017-11-25,4.5,1026.8,61,11.7,15.5,1,.6,1.1,1.8,5.5,7.1
22103,2017-11-26,6.5,1022.8,70,15.6,14.7,1.6,1,1.3,2.3,5,6.4
22103,2017-11-27,4,1024.6,73,12.2,14.5,1,.6,.8,1.4,5,6.4
22103,2017-11-28,2.6,1021.8,86,14.3,14.6,.7,.4,.6,1,7.1,9.1
22103,2017-11-29,5.8,1021.7,66,14.8,19.2,1,.6,.9,1.4,3.9,4.9
22103,2017-11-30,9.8,1022.9,51,10.2,16.2,1.9,1.2,1.4,2.5,4.4,4.9
22103,2017-12-01,8.4,1028.8,52,6.7,15.4,1.6,1,1.7,2.6,3.9,4.9
22103,2017-12-02,3.7,1027.8,56,8.5,14.8,.8,.5,.7,1.2,5.6,9.1
22103,2017-12-03,3.3,1023.8,64,11.6,14.5,.6,.3,.5,.8,6.6,10.7
22103,2017-12-04,9.2,1020.5,70,10.3,15.4,1.6,.9,1.7,2.8,3.7,4.9
22103,2017-12-05,9.1,1021.7,65,5.5,15.6,1.7,1.1,1.3,2.1,4.1,7.1
22103,2017-12-06,3.5,1023.7,54,8.9,16.5,1,.6,.9,1.5,7.1,9.1
22103,2017-12-07,6.8,1020.7,58,11.1,17.2,1.2,.7,1,1.7,4.9,8
22103,2017-12-08,11.5,1022.4,64,5.2,16.1,2.4,1.5,1.7,3.4,4.6,5.3
22103,2017-12-09,5,1020.6,58,8.4,16,1.2,.8,.9,1.5,6.9,10.7
22103,2017-12-10,8.4,1014.9,62,11.7,16.6,2.2,1.4,2.2,3.6,5.6,8
22103,2017-12-11,11.2,1021.9,63,5.3,15.6,2.6,1.6,2.1,3.4,4.7,7.1
22103,2017-12-12,9.3,1027.7,62,1.9,14.4,1.9,1.1,1.5,2.5,4,4.9
22103,2017-12-13,9,1029.2,57,2.7,13.5,1.7,1,1.3,2.1,3.9,4.3
22103,2017-12-14,4.6,1028.8,53,5.6,13.3,1,.6,.9,1.4,7.1,9.1
22103,2017-12-15,5.7,1025.1,43,7.8,13.2,1,.6,.8,1.5,5.8,9.1
22103,2017-12-16,10.2,1025,68,5.4,14.9,2,1.2,1.8,3.3,4.4,6.4
22103,2017-12-17,8.2,1029.5,67,2.9,15.3,1.7,1,1.3,2.1,4.6,8
22103,2017-12-18,6.9,1028.6,60,7.3,15,1.3,.8,1,1.7,4.6,7.1
22103,2017-12-19,9.5,1029.1,63,6.3,15,2,1.2,1.4,2.6,4.4,6.4
22103,2017-12-20,6.7,1030.8,58,5.5,14.9,1.4,.8,1.5,2.2,4.7,8
22103,2017-12-21,6.3,1030.2,60,7,15.1,1.1,.7,.9,1.4,3.5,5.8
22103,2017-12-22,5.1,1027.3,60,8.6,15.2,.8,.5,.7,1.1,3.1,8
22103,2017-12-23,2.8,1023.4,71,11.7,15.4,.5,.3,.5,.8,7.3,9.1
22103,2017-12-24,10.4,1013.5,78,11.7,14.8,2.7,1.7,2.8,4.7,5.4,8
22103,2017-12-25,10.1,1021.9,57,5.5,14.2,2.4,1.5,2.2,4.5,4.5,7.1
22103,2017-12-26,10.5,1024.2,57,6.7,14.5,2.1,1.3,1.6,3.3,4.1,4.9
22103,2017-12-27,9.5,1027.9,53,3.8,14.7,1.8,1.2,1.7,2.7,4.4,10.7
22103,2017-12-28,5.5,1027.7,54,5.6,14.1,1.1,.7,1,1.8,5.6,10.7
22103,2017-12-29,7.7,1026.2,69,8.9,14.9,1.1,.7,1,1.5,3.7,10.7
22103,2017-12-30,4,1024.2,64,9.3,14.3,.7,.4,.6,1,5.7,9.1
22103,2017-12-31,8.9,1022.6,63,7.2,13.4,1.7,1,1.4,2.3,4.3,9.1
22103,2018-01-01,7,1026.8,54,5.9,13.3,1.2,.8,1.1,1.6,3.8,6.4
22103,2018-01-02,6.2,1027.6,54,7.5,14,1,.6,.8,1.4,4.1,9.1
22103,2018-01-03,9.5,1027.6,57,5.2,14.6,1.7,1,1.6,2.3,4,4.6
22103,2018-01-04,5,1024.7,60,3.9,14.4,1.3,.8,1.4,2,7.6,12.8
22103,2018-01-05,8.2,1019.2,68,5.5,14.3,1.4,.9,1.5,2.4,5.2,10.7
22103,2018-01-06,8,1021.7,56,6.3,14.7,1.6,1,1.5,2.7,4.5,6.4
22103,2018-01-07,5,1019.3,67,9.8,14.5,1.1,.6,.8,1.4,4,5.8
22103,2018-01-08,9.3,1010.2,81,9.1,14.5,1.7,1.1,1.8,3,4.3,7.1
22103,2018-01-09,12.6,1014.6,65,5.1,14.2,3.4,2.1,2.5,4,6.5,9.1
22103,2018-01-10,12.8,1017.7,69,3.7,14,3.7,2.3,3.1,5.3,6.7,8
22103,2018-01-11,10.3,1025.3,66,.3,13.3,2.6,1.5,1.8,3.3,4.8,9.1
22103,2018-01-12,9.9,1030,65,.1,12.4,2,1.2,1.5,2.6,4.2,4.9
22103,2018-01-13,7.2,1031.8,57,4.4,12,1.1,.7,1,1.4,3.9,10.7
22103,2018-01-14,4.4,1029,70,8.1,12,.8,.5,.7,1.1,4.7,9.1
22103,2018-01-15,4.4,1023.9,73,11.5,11.5,1.3,.8,1.1,1.8,4.8,5.3
22103,2018-01-16,4.6,1016.1,90,11.6,12.7,1.3,.9,1.5,2.5,4.8,7.1
22103,2018-01-17,6.9,1016,80,9.3,12.9,2.1,1.3,2,3.3,7.3,8
22103,2018-01-18,6.6,1021.7,67,9.3,13.9,1.2,.7,.9,1.5,5.1,8
22103,2018-01-19,5.2,1021.8,54,7.8,14,1,.6,.9,1.5,4.5,9.1
22103,2018-01-20,4.5,1021.7,46,7.8,14.9,.9,.5,.7,1.3,4.9,9.1
22103,2018-01-21,6.2,1021.2,54,9.2,15.4,1,.6,.8,1.3,3.6,4.9
22103,2018-01-22,7.1,1015.6,65,9.5,15.5,1.4,.9,1.8,2.8,4.4,8
22103,2018-01-23,10.4,1021.3,65,1.9,15,2.4,1.4,1.9,3.4,4.5,5.8
22103,2018-01-24,9.7,1025.6,67,-1.6,14.9,1.8,1.1,1.4,2.5,4,4.6
22103,2018-01-25,11.4,1025.7,64,-2,13.4,2.3,1.4,1.6,2.8,4.5,4.9
22103,2018-01-26,11.3,1025.7,69,-1.9,13.2,2.6,1.6,2,3,4.9,5.3
22103,2018-01-27,3.4,1025.6,56,.6,13.8,1.3,.8,1.4,2.4,6.6,10.7
22103,2018-01-28,7.3,1020.3,57,3.8,13.6,1.4,.8,1.3,2.5,5.3,9.1
22103,2018-01-29,10.3,1021.9,67,1.1,13.1,2,1.2,1.6,2.5,4.4,6.4
22103,2018-01-30,6.5,1025.9,61,1.1,12.2,1.2,.8,1.2,1.9,4.1,7.1
22103,2018-01-31,6.1,1026.6,58,4.5,12.1,.9,.6,1,1.5,3.5,5.8
22103,2018-02-01,6.6,1026.1,49,4.8,11.2,1,.6,1,1.6,3.2,3.8
22103,2018-02-02,7.1,1026,46,4.6,11.5,1.2,.8,1,1.8,3.7,4.9
22103,2018-02-03,11.3,1026.2,60,2.3,12,2.3,1.4,1.9,3.2,4.4,5.3
22103,2018-02-04,11.5,1026.9,67,-.8,12.8,2.3,1.5,1.7,2.7,4.5,5.3
22103,2018-02-05,8.8,1025.7,63,-.3,13.1,1.7,1,1.5,2.2,5.2,10.7
22103,2018-02-06,9.3,1024.5,65,-1.5,11.3,1.8,1.2,1.5,2.5,4.7,7.1
22103,2018-02-07,8,1025,61,.8,11.9,1.4,.9,1.2,2,7.4,10.7
22103,2018-02-08,5.9,1022.9,55,5.3,12.5,1.1,.7,.8,1.4,6.9,10.7
22103,2018-02-09,5.2,1022,63,9.4,13.4,1.3,.8,1.1,1.9,4.4,5.8
22103,2018-02-10,7.9,1019.8,60,7.8,12.8,1.3,.8,1.6,2.6,3.9,4.9
22103,2018-02-11,11.3,1022.7,62,2.3,11.9,2.2,1.4,1.7,2.8,4.9,7.1
22103,2018-02-12,12.8,1022.9,60,2.7,13.1,3.3,2,2.4,4.6,6.3,8
22103,2018-02-13,8.3,1024.1,51,5.2,14.6,2.3,1.3,2.3,4.1,6.6,8
22103,2018-02-14,7.7,1019.2,68,11.6,13.9,2.7,1.6,2.3,4.4,5.6,7.1
22103,2018-02-15,4.6,1018.4,59,9.4,13.4,1.4,.8,1.5,2.5,5.5,6.4
22103,2018-02-16,5.1,1016.6,50,7.6,12.8,1.1,.7,1.1,1.8,5,6.4
22103,2018-02-17,,,,,,,,1.5,2.4,,4.6
22103,2018-02-18,3.5,1023.6,47,7.2,14,.8,.5,.7,1.2,5.7,10.7
22103,2018-02-19,4.8,1021.5,52,9.4,13.9,.8,.5,.8,1.3,8.4,12.8
22103,2018-02-20,4.8,1020.7,50,9.6,13.2,.9,.5,.8,1.2,5.9,10.7
22103,2018-02-21,7.1,1020.9,44,6.7,13.1,1.3,.8,1.1,1.9,3.6,4.3
22103,2018-02-22,6,1022.5,40,5.4,12.9,1.1,.7,1.1,1.8,4,7.1
22103,2018-02-23,6.2,1023.6,60,9.5,12,1.2,.7,1,1.6,4.2,5.8
22103,2018-02-24,3.8,1026,60,10.4,12.1,.8,.5,.8,1.3,4.5,6.4
22103,2018-02-25,3.8,1022.6,67,10.7,12.6,.7,.4,.7,1.2,4.8,9.1
22103,2018-02-26,3.8,,,,,.9,.6,.7,1.2,4.8,8
22103,2018-02-27,2.7,1023,74,11.3,13.6,.7,.4,.5,.8,5.8,8
22103,2018-02-28,10.8,1005.7,79,12,12.9,3.3,2.2,4.9,6.8,6,9.1
22103,2018-03-01,12.8,1010.9,64,6.4,11.8,3.9,2.4,4.1,6.5,6.8,9.1
22103,2018-03-02,4.7,1017.3,61,3.7,12.6,1.2,.7,1.3,2.2,5.5,8
22103,2018-03-03,3.5,1014.6,78,10.3,12.6,1,.6,.9,1.5,5.7,8
22103,2018-03-04,5.5,1013,93,12.8,12.7,2.1,1.3,2.2,3.9,6.4,7.1
22103,2018-03-05,8.4,1011.1,88,10.8,13.5,3.5,2.2,3,4.9,7.2,9.1
22103,2018-03-06,9.5,1027,70,8.4,14.2,2.7,1.7,2.3,3.8,6.7,10.7
22103,2018-03-07,12.1,1024.5,74,9.7,13.2,3.6,2.2,2.5,4.1,6.7,8
22103,2018-03-08,11.7,1015.5,80,7.5,12.3,2.9,1.8,2.2,4,5.6,8
22103,2018-03-09,4.5,1022.7,72,6.5,12.3,1.9,1.1,1.5,2.9,7.1,10.7
22103,2018-03-10,5.3,1023.9,66,8.9,13.1,1.3,.8,1.1,2.1,8,10.7
22103,2018-03-11,4.7,1025,63,9.2,11.9,.9,.5,.8,1.3,6,9.1
22103,2018-03-12,3.1,1023.1,75,12.4,12.8,.7,.4,.6,1.1,7.9,10.7
22103,2018-03-13,4.7,1020.7,82,14.4,13.1,1.1,.7,.8,1.4,4.3,10.7
22103,2018-03-14,3.6,1020.4,91,15.3,13.7,.8,.5,.6,1.2,4.4,9.1
22103,2018-03-15,6.7,1013.8,92,15.4,13.6,2.3,1.5,2.2,3.5,5.5,7.1
22103,2018-03-16,11.3,1021,75,8.2,12.9,3.9,2.4,3.6,5.9,7.5,9.1
22103,2018-03-17,8.2,1026.6,72,7.2,12.8,2.4,1.5,2.1,3.4,5.9,8
22103,2018-03-18,5,1019.8,85,12.1,14,1.4,.9,1.2,1.7,5.6,8
22103,2018-03-19,8.6,1010.8,89,12.1,13.3,2.8,1.7,3.4,5.1,5.9,9.1
22103,2018-03-20,16.7,1016.4,74,8.3,12.9,6.1,3.7,4.4,7,8.5,10.7
22103,2018-03-21,10.6,1012.4,82,5.2,12.8,3.6,2.2,3.6,5.5,8.2,10.7
22103,2018-03-22,6.6,1014,72,9,12.7,1.7,1.1,1.2,2.2,9,10.7
22103,2018-03-23,7.2,1019,69,10.3,12.7,1.3,.8,1.1,1.7,5.6,9.1
22103,2018-03-24,6.1,1022.7,72,13,12.6,.9,.6,.9,1.4,3.7,9.1
22103,2018-03-25,5.1,1024.6,95,13,12.6,.8,.5,.7,1.2,3.4,4.9
22103,2018-03-26,4.7,1021.8,,14.3,12.5,.6,.4,.5,.9,3.7,10.7
22103,2018-03-27,3.9,1019.1,,14.3,13.2,.5,.3,.4,.7,6,10.7
22103,2018-03-28,2.4,1018.1,,14,13.5,.6,.3,.4,.8,8.2,10.7
22103,2018-03-29,1.9,1019.5,,15.9,13.9,.7,.4,.5,.9,7.2,9.1
22103,2018-03-30,9.5,1022.9,79,15.1,13.4,2.5,1.5,1.8,3.2,5.8,7.1
22103,2018-03-31,4.3,1020.8,86,15.7,14.3,1.3,.8,1.4,2.4,6.7,10.7
22103,2018-04-01,1.6,1017.4,95,16.1,15.2,1,.6,.7,1.3,8.4,9.1
22103,2018-04-02,2.3,1016.7,93,15.9,14.6,1.1,.7,.8,1.4,9.5,10.7
22103,2018-04-03,2.5,1017.5,95,16.5,14.9,1,.6,.7,1.2,9.9,10.7
22103,2018-04-04,4.6,1017,95,15.3,14.1,1.4,.9,2.4,3.4,7.7,10.7
22103,2018-04-05,8.9,1015.2,85,13.8,13.8,2.7,1.6,2.3,3.8,6,7.1
22103,2018-04-06,11.3,1011,67,12.1,14.3,2.4,1.5,2.4,3.8,4.8,6.4
22103,2018-04-07,12.1,1017.1,53,7.4,13.3,3,1.9,2.3,3.9,5.4,6.4
22103,2018-04-08,8.1,1017.8,53,11,13.1,2.4,1.5,2.7,4.4,5.6,7.1
22103,2018-04-09,5.5,1017.7,71,13.4,13.4,3,1.8,3.3,5.2,7.2,8
22103,2018-04-10,6,1015.2,84,16,13.6,1.8,1.1,1.8,2.6,5.3,6.4
22103,2018-04-11,6.5,1011.4,78,15.5,13.7,2.3,1.4,2.1,3.3,6.2,6.4
22103,2018-04-12,3.8,1017.7,59,14.9,13.9,.9,.6,1,1.6,6.2,7.1
22103,2018-04-13,9.2,1020.3,64,14.6,13.3,2.3,1.5,2.8,4.5,5.4,7.1
22103,2018-04-14,9.9,1006.8,85,14.2,13.4,3.9,2.3,3.2,5.6,7.1,8
22103,2018-04-15,9.1,1012.5,61,12.3,13.7,2,1.2,1.6,3.1,4.4,6.4
22103,2018-04-16,5.6,1018.7,71,12.5,13.9,1.2,.8,1.3,2.1,4.8,7.1
22103,2018-04-17,4.1,1019.3,79,13.9,14.4,1.1,.7,.9,1.5,5.2,5.8
22103,2018-04-18,5.3,1017.6,73,13.5,14,.7,.5,.6,1,4,9.1
22103,2018-04-19,5.8,1017.8,72,13.8,13.6,.8,.5,.6,1,3,3.8
22103,2018-04-20,2.1,1019.6,73,15.5,14.8,.6,.4,.5,1,6,8
22103,2018-04-21,1.9,1018.9,91,16,14.9,.6,.4,.5,.8,5.3,9.1
22103,2018-04-22,5.6,1016.7,91,16.3,14.8,1.5,.9,2,3.5,4.6,8
22103,2018-04-23,11.3,1012,92,14.3,14.4,3.4,2.1,2.6,4,6.2,7.1
22103,2018-04-24,8.2,1007.5,89,13.8,15,3,1.9,2.6,4.2,7,8
22103,2018-04-25,2.6,1013,55,14.8,15.4,1.9,1.1,1.6,2.9,7.3,9.1
22103,2018-04-26,3.7,1014,74,15.2,16.1,1,.6,.8,1.5,6.2,8
22103,2018-04-27,7.1,1014.4,71,15,15.2,1.3,.8,1,1.6,3.9,4.6
22103,2018-04-28,2.3,1016.8,89,16,15.6,.7,.5,.6,.9,6,9.1
22103,2018-04-29,3,1014.6,87,15.6,15.5,.6,.4,.7,1.1,7.5,9.1
22103,2018-04-30,3.9,1014.9,89,16.8,15.1,1.3,.8,1.2,2.4,4.6,9.1
22103,2018-05-01,4.2,1013.5,94,16.5,15.4,1.1,.7,.9,1.6,4.8,5.3
22103,2018-05-02,5.9,1006.2,89,16.1,15.5,1.9,1.2,2,3.4,5.6,7.1
22103,2018-05-03,9.7,1011.8,61,14.4,14.8,2.2,1.4,1.9,2.9,5,5.8
22103,2018-05-04,7.9,1016.6,64,14.9,14.8,1.9,1.1,1.3,2.6,5,5.8
22103,2018-05-05,4.6,1017.4,83,16.2,15.2,1.4,.9,1,1.9,4.6,4.9
22103,2018-05-06,7.5,1007.4,91,16.6,15,3.1,1.8,2.6,4.8,6.1,7.1
22103,2018-05-07,6.6,1005,91,15.4,15,2.7,1.7,2.4,3.7,7,7.1
22103,2018-05-08,11.4,1011.5,77,15,14.9,3.3,2.1,2.6,4.9,7,8
22103,2018-05-09,7.7,1020.6,68,14.2,15,2.4,1.5,2,3.8,7.1,8
22103,2018-05-10,2.6,1022.9,73,14.9,16.1,1.1,.7,1.2,2.2,5.4,8
22103,2018-05-11,2,1018.6,85,16.5,16.2,.5,.3,.4,.7,7.1,9.1
22103,2018-05-12,4.3,1012,90,17.4,15.7,1.2,.7,1.2,2,4.7,8
22103,2018-05-13,5.8,1008,91,16.2,15.7,1.6,1,1.3,2.2,4.9,5.8
22103,2018-05-14,2.7,1011.5,87,17.3,16.6,.7,.4,.7,1.2,4.9,9.1
22103,2018-05-15,3.6,1011,93,18.1,16.4,.7,.4,.7,1,5.3,10.7
22103,2018-05-16,5.4,1008.4,95,18.5,16.2,1.5,.9,1.3,2.2,4.4,5.3
22103,2018-05-17,6,1006.2,96,19.1,16.2,2.2,1.3,1.9,3.1,5.3,6.4
22103,2018-05-18,4.6,1005.6,96,17.4,16.3,1.8,1.2,1.6,2.8,6.2,7.1
22103,2018-05-19,13.4,1013.5,77,15.4,15.5,3.8,2.4,2.8,4.6,6.9,8
22103,2018-05-20,14,1015.6,75,15.6,16,4.6,2.9,3.4,5.9,7.2,8
22103,2018-05-21,9.6,1016.3,83,16.3,16.3,2.8,1.7,2.8,4.2,6.4,8
22103,2018-05-22,5.8,1012.3,91,17.3,17.2,1.7,1,1.6,2.8,5.8,7.1
22103,2018-05-23,6.4,1005.8,79,18.8,17.8,1.5,.9,1.1,1.9,5,7.1
22103,2018-05-24,3.6,1010.3,79,18,17.6,.8,.5,.7,1.4,4.9,6.4
22103,2018-05-25,2.1,1008.1,80,18.7,18.1,.5,.3,.3,.6,7.3,9.1
22103,2018-05-26,3.2,1008.6,79,17.5,17.4,.9,.5,1,1.5,5.2,9.1
22103,2018-05-27,2,1010.4,92,18.5,17.9,1.3,.8,1.1,1.7,6.7,7.1
22103,2018-05-28,3.3,1010,95,18.3,17.6,1.3,.8,1.1,1.9,6.4,7.1
22103,2018-05-29,2.3,1011,93,18.7,18.3,1.1,.6,.8,1.4,6,6.4
22103,2018-05-30,3,1011.9,94,18.4,17.8,.6,.4,.5,.7,4.3,5.8
22103,2018-05-31,4,1013.4,88,17.4,16.8,.6,.4,.5,.8,2.9,3.8
22103,2018-06-01,1.8,1016.7,,18.5,18.1,.4,.2,.3,.6,3.6,6.4
22103,2018-06-02,1.5,1016.9,,19.5,18.2,.4,.2,.3,.5,5,8
22103,2018-06-03,1.7,1015.7,,19.2,17.9,.5,.3,.4,.6,6.2,8
22103,2018-06-04,1.5,1015.4,,19.6,18.7,.6,.4,.4,.8,6.3,9.1
22103,2018-06-05,4.7,1013.8,,18.7,18.1,1.1,.7,1.2,1.8,4.8,6.4
22103,2018-06-06,2.1,1014.3,,19.1,18.8,1,.6,.9,1.6,5.7,6.4
22103,2018-06-07,1.6,1013.6,,19.9,19.1,.5,.3,.4,.6,7.9,9.1
22103,2018-06-08,3.5,1009.9,93,19.7,19.2,.6,,.5,.8,6.9,9.1
22103,2018-06-09,9,1008.4,88,19.4,18.3,2.2,1.3,2.4,3.9,6.2,9.1
22103,2018-06-10,9.8,1004.8,84,18.9,17.8,3.4,2.1,2.4,4.7,7,8
22103,2018-06-11,4.5,1002.8,,18.6,20.4,2.1,1.3,1.8,2.7,8.6,12.8
22103,2018-06-12,2.2,1005.3,90,19.4,20.4,1.1,.7,.8,1.3,8,10.7
22103,2018-06-13,4.8,1009.1,83,20.4,19.9,1.2,.7,1.1,1.6,7.9,9.1
22103,2018-06-14,9.4,1009.2,83,20.3,20.7,2.6,1.6,2.1,3.2,5.6,6.4
22103,2018-06-15,11.1,1011.4,75,19.8,20.7,3.2,1.9,2.6,4.4,6.5,7.1
22103,2018-06-16,10.9,1013.8,78,19.3,20.8,3.1,1.9,2.1,3.9,6.4,7.1
22103,2018-06-17,6.4,1011.9,85,19.8,20.9,2,1.2,1.8,2.7,6.8,9.1
22103,2018-06-18,1.8,1009.4,87,21.1,21.2,1.1,.7,1,1.7,8.2,9.1
22103,2018-06-19,2.6,1006.9,94,20.7,20.7,1,.6,.8,1.3,7.1,8
22103,2018-06-20,3.7,1005.5,89,21.2,21.1,1.2,.8,1,1.5,6.8,7.1
22103,2018-06-21,5,1008.5,88,21.5,21,1.9,1.2,1.5,2.4,8.3,9.1
22103,2018-06-22,2.3,1010.2,89,21.8,21.4,1.3,.8,1,1.8,7.4,8
22103,2018-06-23,5,1008,89,20.9,21,.9,.6,.8,1.5,6,7.1
22103,2018-06-24,5.5,1010.4,91,21.3,20.7,1.3,.8,1.1,1.8,5.7,7.1
22103,2018-06-25,2.5,1013.3,94,22,21.2,1.2,.8,1,1.4,6.4,7.1
22103,2018-06-26,8.4,1010.1,96,23.7,21.8,2.1,1.3,2.2,3.6,5.3,6.4
22103,2018-06-27,7.3,1006.7,96,22.9,21.9,2.7,1.7,2.4,3.6,6.4,7.1
22103,2018-06-28,5.7,1003.7,97,22.1,20.6,2.4,1.5,2,3.2,6.4,7.1
22103,2018-06-29,2.7,1006.2,98,21.7,20.5,1.9,1.2,1.4,2.7,6.5,7.1
22103,2018-06-30,4,1012,97,21.7,20.4,1.7,1,1.3,2.2,6.3,7.1
22103,2018-07-01,6.6,1011.2,96,23.5,20.9,2.4,1.5,1.8,3.2,6,8
22103,2018-07-02,5.2,1008.8,95,23.5,21.7,2.7,1.7,2.2,3.7,7.9,10.7
22103,2018-07-03,11.1,996.5,94,22.7,21.3,5.6,3.5,4.9,9,10.5,12.8
22103,2018-07-04,5.9,1000.9,96,22.2,20.8,2.4,1.5,1.8,3.2,8.2,10.7
22103,2018-07-05,3.6,1004.4,97,22.2,21.4,1.8,1.1,1.5,2.4,7.8,9.1
22103,2018-07-06,10.1,1006.6,93,22,21.7,2.9,1.9,2.2,3.8,7.2,9.1
22103,2018-07-07,10.5,1010.7,82,21.4,22,3.8,2.4,2.9,4.5,7.5,9.1
22103,2018-07-08,11.4,1013.4,88,20.8,21.8,3.6,2.2,2.6,5.1,6.8,8
22103,2018-07-09,7.7,1016.1,97,22,21.7,2.5,1.6,2.1,3.8,7.9,12.8
22103,2018-07-10,6.4,1017.1,96,22.1,22,2.6,1.5,1.8,3.3,12.6,12.8
22103,2018-07-11,3.7,1017.5,95,23.6,22.5,2.8,1.7,2,3.7,11.1,12.8
22103,2018-07-12,1.8,1016.2,96,24.7,23.8,2.5,1.6,2.1,3,9.5,10.7
22103,2018-07-13,2.2,1014.8,96,24.9,24.1,1.6,.9,1.3,2.6,7.5,9.1
22103,2018-07-14,3,1013.7,97,24.4,23.8,.9,.6,.7,1.4,6.5,7.1
22103,2018-07-15,2.8,1014.1,95,24.9,24.4,.7,.4,.5,.9,6.5,9.1
22103,2018-07-16,1.6,1014.6,92,25.6,24.8,.7,.4,.5,.8,8.1,9.1
22103,2018-07-17,1.1,1014.4,94,26.3,25.4,.7,.4,.5,.8,7.9,9.1
22103,2018-07-18,1.7,1013.7,91,26.7,26.7,.7,.4,.4,.8,7.5,9.1
22103,2018-07-19,2,1012.5,88,26.7,26.4,.7,,.4,.8,7.7,9.1
22103,2018-07-20,1.7,1010.9,92,26.6,26.4,.6,.4,.5,.8,7.9,9.1
22103,2018-07-21,3.6,1010.5,93,27.3,26.3,1.5,.9,2.1,3.9,9.2,10.7
22103,2018-07-22,4.7,1010.4,89,27.5,25.6,4.3,2.6,3.6,5.4,10,10.7
22103,2018-07-23,1.9,1011.1,95,26.7,25.9,2.4,1.5,2.2,3.4,7.7,9.1
22103,2018-07-24,2.1,1010.4,95,26.9,26.3,1.5,.9,1.3,2.2,7.1,9.1
22103,2018-07-25,2.7,1010,95,26.9,26.2,1.3,.8,1.2,1.9,6.9,8
22103,2018-07-26,2.7,1009.4,94,26.8,26.3,.8,.5,.6,1,6.2,8
22103,2018-07-27,3.3,1008.5,92,27,26.5,.7,.4,.5,.8,7.7,9.1
22103,2018-07-28,2.4,1007.5,91,27.4,26.6,.7,.4,.6,.9,6.7,9.1
22103,2018-07-29,3.6,1003.6,92,26.7,26,1,.6,1,1.7,6.2,8
22103,2018-07-30,8,1003.8,86,27.2,25.8,2.1,1.3,1.6,2.9,6.6,9.1
22103,2018-07-31,7.1,1004.9,83,27.5,27.3,1.6,1,1.4,2.3,5.5,7.1
22103,2018-08-01,7.3,1004.5,84,28.3,28,1.6,1,1.1,1.8,5.3,6.4
22103,2018-08-02,7.4,1007,90,28.3,27.8,1.8,1.1,1.3,2.2,5.4,7.1
22103,2018-08-03,6.2,1009.6,89,28.4,27.7,3,1.8,2.3,4.2,7.6,9.1
22103,2018-08-04,3.7,1010.5,93,28,27.3,1.9,1.1,1.6,2.7,6.8,7.1
22103,2018-08-05,5.2,1009.1,91,27.4,26.9,1.2,.7,.9,1.4,6.2,7.1
22103,2018-08-06,2.8,1008,90,28.2,27.8,.8,.5,.7,1.2,5.3,6.4
22103,2018-08-07,5.7,1008.9,86,28,27.2,1.3,.8,1.2,1.9,4.8,5.8
22103,2018-08-08,3.6,1008.6,84,27.8,27.7,1.3,.8,1.1,1.9,5.5,6.4
22103,2018-08-09,2.5,1006.7,86,28.1,27.7,.8,.4,.5,1.1,4.5,5.8
22103,2018-08-10,3.5,1005.3,90,27.9,27.8,.7,.4,.5,.8,6.4,9.1
22103,2018-08-11,7.4,1006.1,88,27.6,27.5,1.6,1,1.4,2.4,4.8,5.8
22103,2018-08-12,6.8,1008.4,92,28.3,27.8,2,1.2,1.5,2.7,7.1,10.7
22103,2018-08-13,4.4,1012.1,88,28.9,28.5,2.7,1.7,2.2,3.5,7.8,9.1
22103,2018-08-14,3.1,1011.5,92,28.5,28.1,2.1,1.3,1.6,2.8,7.5,8
22103,2018-08-15,6.1,1008.5,89,28.8,28.7,1.7,1,1.2,2.2,7.2,9.1
22103,2018-08-16,9.3,1008.8,88,27.4,27.7,3.9,2.4,3.7,5.9,8,10.7
22103,2018-08-17,13.4,1011.5,72,26.4,26.1,5,3.1,3.8,6.6,7.7,9.1
22103,2018-08-18,8.5,1012.1,72,25.6,26.4,2.5,1.5,2.4,4.5,6.7,8
22103,2018-08-19,4.4,1012.4,76,25.9,26.3,1.4,.8,1,1.6,7.2,8
22103,2018-08-20,3.8,1009.6,87,26.6,26.2,1.5,.9,1.1,2,6.9,10.7
22103,2018-08-21,3.2,1005.9,85,26.9,27,1.4,.9,1.1,1.9,10.1,16
22103,2018-08-22,10.1,1003,87,27.9,26.9,5.4,3.5,6.7,10.1,12.6,16
22103,2018-08-23,14.7,995.3,88,27.1,26,8.7,5.4,6.2,11.1,9.7,10.7
22103,2018-08-24,10.6,1001.8,93,25.4,25.4,3.9,2.4,4.4,7.1,6.8,9.1
22103,2018-08-25,3.1,1011.5,97,24.7,24.8,1.4,.9,1.1,1.9,8.2,10.7
22103,2018-08-26,4.9,1012.7,95,25.6,24.7,2.5,1.5,2.2,3.6,8.1,9.1
22103,2018-08-27,5.3,1014.2,97,25.1,24.6,2.4,1.5,1.7,2.9,7.3,8
22103,2018-08-28,3.3,1015.1,97,25.9,25.5,2.3,1.4,1.8,3,7.7,8
22103,2018-08-29,3.6,1013.5,94,26.5,26,1.9,1.2,1.5,2.7,7.8,9.1
22103,2018-08-30,5.2,1013.4,96,26.1,25.7,1.5,.9,1.3,2,6.6,8
22103,2018-08-31,4.3,1013.1,96,25.6,24.7,1.5,.9,1.1,1.8,6.8,7.1
22103,2018-09-01,7.6,1011.7,93,23.9,24.1,2.2,1.4,2,3.3,6.1,7.1
22103,2018-09-02,8,1010.1,94,23.4,23,3,1.8,2.5,4.6,5.9,6.4
22103,2018-09-03,4.8,1005.7,94,24.9,23.2,2.5,1.6,2.3,3.8,11.8,12.8
22103,2018-09-04,6.4,999,88,24.1,23,2.1,1.3,1.8,3.1,12,12.8
22103,2018-09-05,5,1007.1,88,24.1,23.4,1,.7,.9,1.4,9.2,12.8
22103,2018-09-06,2,1009,88,24,23.5,.9,.5,.8,1.5,6.5,9.1
22103,2018-09-07,4.2,1009.1,85,23.1,23.1,1.1,.6,.8,1.3,4.5,8
22103,2018-09-08,5.3,1014.2,70,22.8,22.6,.9,.5,1,1.4,4.2,7.1
22103,2018-09-09,4.5,1016.8,80,22.9,21.8,1.1,.6,.9,1.8,4.6,7.1
22103,2018-09-10,8.4,1020.8,73,22.9,22.3,2.6,1.5,2.2,4.3,6,8
22103,2018-09-11,11.3,1020.1,76,22.3,22.7,3.4,2,2.5,4.6,5.8,7.1
22103,2018-09-12,8.5,1018,85,23,23.1,2.3,1.4,2,3.3,5.6,7.1
22103,2018-09-13,10.1,1016.5,93,23.6,24.3,2.5,1.5,2.3,3.3,4.9,6.4
22103,2018-09-14,6.9,1014.3,94,24.8,24.8,2.5,1.5,2.3,3.9,7.8,12.8
22103,2018-09-15,2.5,1016,93,24.5,24.4,1.7,.9,1.1,2.4,8.6,12.8
22103,2018-09-16,4,1017.3,91,24.3,25.1,1.7,1.1,1.7,2.3,11.8,12.8
22103,2018-09-17,3.8,1018.6,83,24.3,24.4,1.9,1.1,1.5,2.3,9.8,12.8
22103,2018-09-18,3.2,1017.9,78,24,23.8,1.6,.9,1.4,2,8.9,10.7
22103,2018-09-19,3.3,1015.4,84,23.4,23.8,1,.6,.8,1.4,7.8,9.1
22103,2018-09-20,5.7,1010.4,94,23,23,1.4,.9,1.6,2.4,4.4,6.4
22103,2018-09-21,6.4,1010.2,92,23.5,22.9,1.6,1,1.4,1.9,4.9,5.8
22103,2018-09-22,4.9,1017.2,84,22.9,22.9,1,.6,.9,1.6,5.4,8
22103,2018-09-23,2.4,1018.1,78,23.5,22.9,.5,.3,.4,.7,5.2,9.1
22103,2018-09-24,5.1,1019.9,62,22,21.6,.8,.5,.8,1.3,4.1,12.8
22103,2018-09-25,7.9,1018.8,68,21.3,22.2,1.7,1,2.2,3.3,4.2,10.7
22103,2018-09-26,10.8,1017.7,75,22.1,23.2,3.4,1.8,2.6,4.5,5.8,7.1
22103,2018-09-27,10,1018.1,72,21.8,24.5,2.9,1.7,2.9,3.8,6.3,12.8
22103,2018-09-28,9.8,1018,75,22.3,23.9,3.2,1.9,2.7,3.9,7.6,12.8
22103,2018-09-29,10.1,1013,85,21.1,23.1,3.4,2,3,4.3,7.6,12.8
22103,2018-09-30,10.8,1005.8,70,22.1,23.1,3.2,1.9,2.7,4,7.7,12.8
22103,2018-10-01,9.3,1012.4,62,20.8,22.1,2.1,1.3,2,3.1,4.6,8
22103,2018-10-02,6,1018.5,71,20.2,21.4,1.2,.7,1,1.8,4.8,9.1
22103,2018-10-03,4.2,1022.6,69,20.2,21.5,1,.6,.9,1.5,8.6,12.8
22103,2018-10-04,10.8,1021.9,80,21.4,21.3,3.1,1.9,3.1,5.3,9,12.8
22103,2018-10-05,13.7,1011.2,94,21.7,21,5.1,3.1,6.8,9.3,9,12.8
22103,2018-10-06,13.2,1000.5,88,22.2,21.6,7.7,4.2,9.2,17.2,9.2,12.8
22103,2018-10-07,6.8,1017.5,77,21.1,22.2,1.6,1,1.8,2.9,6.2,8
22103,2018-10-08,5.9,1019.3,61,19.9,21.6,1.3,.7,1.2,2.2,4.2,8
22103,2018-10-09,5.7,1017.7,74,20.6,21.4,1.3,.8,1.1,1.7,4.6,5.8
22103,2018-10-10,7.4,1018.5,69,18.9,22.1,1.4,.8,1.4,2.4,4,5.8
22103,2018-10-11,7.7,1024.2,56,16,21.5,1.3,.8,1.4,1.9,3.4,5.3
22103,2018-10-12,5.1,1027,57,15.6,21.1,1,.6,1.5,1.9,4,7.1
22103,2018-10-13,4.6,1025.8,65,18.1,21.4,.9,.5,.7,1.1,4.1,7.1
22103,2018-10-14,4.9,1023.6,73,19.5,20.7,1.1,.7,1,1.5,4.3,5.3
22103,2018-10-15,4.2,1021.2,62,19.3,20.7,.8,.5,.6,1.1,3.9,9.1
22103,2018-10-16,4.5,1017.7,65,18.7,20.2,.7,.4,.8,.9,3.3,6.4
22103,2018-10-17,5.5,1017.1,61,18.2,19.9,.9,.5,.8,1.2,3.3,5.3
22103,2018-10-18,8.2,1019.8,61,16.6,19.7,1.5,.9,1.1,1.9,3.7,6.4
22103,2018-10-19,4,,65,17,19.5,1.4,.8,1.1,1.8,6.1,9.1
22103,2018-10-20,3.8,1026.8,59,18.1,19.5,1.1,.6,.9,1.5,6,8
22103,2018-10-21,3.7,1024.7,62,18.3,19.3,1,.6,.8,1.3,4.3,6.4
22103,2018-10-22,4.1,1021.7,73,18.6,19.3,.7,.4,.7,.9,3.8,4.9
22103,2018-10-23,3.7,1019.7,72,19,19,.6,.4,.5,.9,5.1,9.1
22103,2018-10-24,4.7,1021.8,67,17.1,18.7,.8,.5,.8,1.3,4.1,8
22103,2018-10-25,4.5,1021.8,71,18.3,19.1,.7,.4,.5,1,3.6,8
22103,2018-10-26,7.1,1015.2,75,19.3,19.4,1.3,.8,1.5,2.4,3.8,5.3
22103,2018-10-27,10.5,1018.2,59,15.8,18.8,2.4,1.5,2.1,3.5,5.1,12.8
22103,2018-10-28,8.6,1015.6,62,17.1,18.2,2.1,1.2,2.2,3.3,5.4,12.8
22103,2018-10-29,6.5,1016.9,66,17.3,17.7,1.8,1.1,1.7,2.5,9.5,12.8
22103,2018-10-30,7.5,1022.5,63,13.8,18.1,1.3,.8,1,1.6,5.8,12.8
22103,2018-10-31,6,1024.5,66,13.8,16.8,1.3,.8,1.2,1.9,7.1,12.8
22103,2018-11-01,4.2,1027.1,59,13.5,16.2,1.3,.8,1.5,2,8.5,12.8
22103,2018-11-02,4.3,1029.1,56,15.5,17.4,.8,.5,.6,1,5.2,9.1
22103,2018-11-03,4.2,1027,60,16.2,17.9,.8,.5,.6,1.1,4.7,9.1
22103,2018-11-04,2.8,1023.6,65,16.1,16.6,.6,.3,.4,.7,5.3,8
22103,2018-11-05,3.2,1024.1,81,16.1,16,.6,.4,.5,.9,5.9,8
22103,2018-11-06,3.7,1026,86,16.6,15.9,.7,.4,.6,1,4.2,8
22103,2018-11-07,5.4,1024.2,86,17.3,16,1.2,.7,1.1,1.7,4.5,7.1
22103,2018-11-08,8.5,1017,87,19.1,18.4,2.1,1.3,3.7,4.6,4.5,6.4
22103,2018-11-09,7.7,1021.7,71,15.6,16.7,2.1,1.2,2.3,3.8,6.7,9.1
22103,2018-11-10,3.6,1026.6,74,15.2,16.9,.8,.5,.7,1.1,5.1,8
22103,2018-11-11,3.4,1023,77,15.7,16.5,.5,.3,.5,.8,4.5,8
22103,2018-11-12,5.7,1019.3,81,14.5,16.4,.8,.5,.8,1.1,3.7,7.1
22103,2018-11-13,6,1019.6,70,14.8,18.5,1.5,.9,1.3,1.9,5.3,6.4
22103,2018-11-14,4.7,1023.8,68,15.3,16.5,1.4,.9,1.3,2,5.6,6.4
22103,2018-11-15,5.8,1025.4,74,16.3,16.7,1.2,.7,1,1.5,4.2,7.1
22103,2018-11-16,5.4,1022.3,72,16,16.7,1.2,.7,.9,1.5,3.8,4.9
22103,2018-11-17,5,1023,65,13.2,17,1.1,.7,1,1.6,4.5,7.1
22103,2018-11-18,5.3,1022,53,13.1,15.6,1,.6,.8,1.3,4.2,8
22103,2018-11-19,5.3,1023.8,58,13,15.5,.9,.6,.8,1.3,3.6,5.3
22103,2018-11-20,4.8,1026.7,49,12.8,14.8,.8,.5,.7,1.4,3.2,4.6
22103,2018-11-21,4.9,1023.5,61,14.2,15.1,.7,.4,.7,1,3.3,5.3
22103,2018-11-22,9.2,1025.8,55,10.6,14.7,1.8,1.1,1.9,3.4,3.9,4.9
22103,2018-11-23,5.1,1029.7,51,9.9,15.1,.9,.6,.8,1.3,4.5,7.1
22103,2018-11-24,5.5,1026.4,71,14.5,15.8,1.4,.8,1.4,2.3,4.5,7.1
22103,2018-11-25,3.7,1025.8,66,13.6,16.4,.8,.5,.9,1.2,5.8,12.8
22103,2018-11-26,5.2,1025.6,78,14.5,16.5,.8,.5,.6,1.1,7.2,10.7
22103,2018-11-27,4.3,1024,76,15,16.8,.9,.5,.7,1.2,7.6,10.7
22103,2018-11-28,5.5,1021.4,66,14.3,16.1,1.1,.7,1,1.5,5.2,9.1
22103,2018-11-29,3.6,1026.7,62,14.1,16.3,1,.6,.9,1.4,6,9.1
22103,2018-11-30,3.8,1027.5,62,14,16,.6,.3,.4,.7,5.6,9.1
22103,2018-12-01,6.4,1027.4,59,13.8,15.3,1,.6,1,1.9,3.4,7.1
22103,2018-12-02,6.7,1024.2,87,16,15.6,1.7,1,1.3,2.4,4.1,5.3
22103,2018-12-03,2,1019.1,96,17.2,16.7,2.2,1.3,2.2,3,6,7.1
22103,2018-12-04,7.1,1018.8,83,14.6,16.3,1.8,1.1,1.8,2.6,4.9,7.1
22103,2018-12-05,6.9,1024.9,65,11,15.3,1.5,.9,1.6,2.3,4.7,8
22103,2018-12-06,8.4,1022.4,76,9.8,16,1.6,.9,1.5,2.6,4.4,9.1
22103,2018-12-07,10.5,1030.7,66,4.3,15.4,2.4,1.4,2.3,3.7,4.3,5.8
22103,2018-12-08,6,1033.6,66,2.6,15.3,1.2,.7,1,1.8,5.6,10.7
22103,2018-12-09,6.5,1035.4,56,3.3,15.2,1.3,.8,1.1,2,4.9,8
22103,2018-12-10,6.3,1032.4,58,7.7,15.8,1.1,.6,.8,1.6,4.3,8
22103,2018-12-11,8.9,1026.2,82,9.8,15.9,2,1.2,1.6,2.8,4.5,5.8
22103,2018-12-12,10.3,1028.6,66,6.7,15,2,1.3,1.7,2.9,4,7.1
22103,2018-12-13,9.1,1030.8,65,7,15.2,1.7,1.1,1.5,2.4,4.5,9.1
22103,2018-12-14,8.6,1034.4,62,5.4,15.2,1.7,1.1,2,2.6,3.7,4.6
22103,2018-12-15,2.7,1032.5,61,6.6,14.9,.8,.5,.8,1.2,4.6,8
22103,2018-12-16,4.9,1022.8,74,9.7,15.2,.8,.5,.7,1.2,3.9,9.1
22103,2018-12-17,10.3,1020.9,59,10,14.5,2,1.2,1.8,3.1,3.9,6.4
22103,2018-12-18,6.9,1024.5,58,9.3,14.4,1.4,.9,1.9,2.5,4,7.1
22103,2018-12-19,4,1023.7,69,13.2,13.8,1.1,.7,1.1,1.7,4,6.4
22103,2018-12-20,6.2,1023,82,14.1,14.5,1.2,.7,1.2,1.9,4.1,5.3
22103,2018-12-21,6.7,1022.9,84,13.6,14.1,1.7,1.1,1.7,2.6,4.9,7.1
22103,2018-12-22,3.5,1023.5,79,12.8,13.4,1,.6,.8,1.9,6.2,9.1
22103,2018-12-23,9.2,1024,65,10.4,15.8,1.7,1,1.4,2.5,4.3,9.1
22103,2018-12-24,8.1,1027.5,63,6.6,16,1.7,1,1.8,2.6,4.3,6.4
22103,2018-12-25,4.6,1025.4,58,7.7,15.5,.9,.5,.7,1.1,4.7,9.1
22103,2018-12-26,5.7,1023.3,58,9.2,15.9,.9,.5,1.1,1.7,3.5,9.1
22103,2018-12-27,11.9,1026.5,59,3.3,15.6,2.3,1.3,1.6,2.7,4.3,5.8
22103,2018-12-28,11.5,1031.7,71,1.3,15.6,2.4,1.5,2.1,3,4.2,5.3
22103,2018-12-29,11.3,1034.9,66,2.4,15.4,2.5,1.4,2.3,3.4,4.3,5.3
22103,2018-12-30,7.5,,60,2.6,13.6,1.7,1,1.6,3,4.1,6.4
22103,2018-12-31,5.2,1036.5,50,5,12.3,1.1,.7,1,2.1,4,5.8
22103,2019-01-01,10.7,,67,4.7,12.2,2.2,1.3,1.7,2.8,4.1,5.3
22103,2019-01-02,9.9,1034.5,65,4.7,13.6,1.7,1,1.3,2.4,3.7,4.6
22103,2019-01-03,6.5,1035,55,5.6,14.2,1.4,.9,1.7,2.4,4.2,7.1
22103,2019-01-04,3.6,1031.4,62,7.8,14.5,.7,.4,.6,.9,4.4,8
22103,2019-01-05,8,1026,60,7.9,14.4,1.2,.8,1.2,1.6,3.4,7.1
22103,2019-01-06,7.4,1027.9,50,6.6,14.6,1.3,.8,1.2,1.5,3.5,5.8
22103,2019-01-07,7.2,1028.3,60,6.9,14.5,1.2,.7,1,1.5,3.2,4.3
22103,2019-01-08,9.4,1026.4,67,6,14.8,1.8,1.1,1.5,2.4,3.8,4.6
22103,2019-01-09,6.4,1032.4,65,3.9,14,1.5,.9,1.5,2.2,4.4,7.1
22103,2019-01-10,6.6,1026.9,57,7,14.7,1.2,.7,1.2,1.8,5.1,9.1
22103,2019-01-11,5.8,1025.4,73,7.7,15,.9,.6,.9,1.3,3.2,3.8
22103,2019-01-12,6.7,1022.5,76,9.1,14.4,1.1,.6,1.1,1.5,3.3,4
22103,2019-01-13,6.5,1025.3,66,8.5,14.3,1.1,.7,1,1.5,3.9,5.8
22103,2019-01-14,3.7,1026.3,60,8.2,14.6,.9,.5,.7,1.3,4,5.8
22103,2019-01-15,9.1,1024.5,68,7.7,14.4,1.6,.9,1.5,2.3,3.6,4.6
22103,2019-01-16,9.4,1026.8,63,2.8,14.1,2,1.2,1.6,2.9,4,4.9
22103,2019-01-17,9.9,1025.9,64,5.1,14.1,1.8,1.1,1.5,2.1,3.7,5.3
22103,2019-01-18,6.4,1028.8,59,7.3,13.8,1.2,.7,1.1,1.8,4,6.4
22103,2019-01-19,3.1,1024.2,75,10.1,14.3,.7,.4,.7,1,5.5,9.1
22103,2019-01-20,11.1,1021.8,70,6.9,13.5,2.3,1.3,2.4,3.5,4.7,5.8
22103,2019-01-21,9.8,,65,6.1,12.4,1.9,1.2,1.7,2.3,3.9,4.6
22103,2019-01-22,8.9,1022.5,62,8.6,14.1,1.7,1,1.4,2.2,4,6.4
22103,2019-01-23,8.8,1022.2,60,9.3,15,1.6,1,1.3,2,3.6,4.9
22103,2019-01-24,6.2,1025,52,7.3,14.6,1.1,.6,1,1.8,3.7,5.8
22103,2019-01-25,9.3,1024.5,58,6.8,14.2,1.5,1,1.7,2.6,3.5,4.6
22103,2019-01-26,11.1,1028,57,3.9,14.7,2.4,1.4,2,3,4.1,5.3
22103,2019-01-27,7.3,1028.9,64,5.7,15.1,1.4,.8,1.3,2.3,5.1,9.1
22103,2019-01-28,9.7,1024.1,61,8.3,14.3,1.9,1.2,1.7,2.5,3.9,5.3
22103,2019-01-29,3.5,1028.7,62,6.4,14.5,1,.6,1.4,1.9,4.2,7.1
22103,2019-01-30,3.9,1025.7,63,9.2,14.4,.7,.4,.7,.9,6.2,10.7
22103,2019-01-31,9.9,1020.2,76,5.4,13.7,2,1.2,1.7,3.1,4.1,9.1
22103,2019-02-01,10,1026.3,65,4.4,12.7,2.2,1.3,1.8,3,4.3,8
22103,2019-02-02,5.6,1024.9,68,9.5,13.5,1.3,.7,1.4,2.2,4.7,8
22103,2019-02-03,10.4,1015.6,87,13.6,13.6,3.7,1.9,3.4,5.4,6.1,8
22103,2019-02-04,7,1025.5,48,8.1,14.6,1.8,1,1.8,3.3,4.9,7.1
22103,2019-02-05,5.1,1023,61,9.9,14.3,.9,.5,.6,1.3,4.7,8
22103,2019-02-06,3.5,1018.4,61,11.9,15.4,.6,.4,.6,.9,4.5,9.1
22103,2019-02-07,8.5,1020.1,69,8.7,14.5,1.4,.9,1.9,2.7,3.5,4.9
22103,2019-02-08,5.2,1024.4,51,4.4,14.3,1.4,.9,1.9,2.9,4.7,9.1
22103,2019-02-09,8.9,1026.6,62,3.9,14.2,1.7,1.1,1.6,2.4,4.1,8
22103,2019-02-10,5.8,1029.5,59,4.4,14.1,1.2,.8,1.2,1.9,5.5,9.1
22103,2019-02-11,9.8,1031.7,65,3.9,13.2,1.8,1.1,1.7,2.6,3.8,4.9
22103,2019-02-12,5,1033.7,55,5.8,12.6,1.1,.7,1.1,1.5,4,6.4
22103,2019-02-13,5.7,1031.6,54,6.8,12.7,.9,.5,.9,1.2,3.4,9.1
22103,2019-02-14,4.9,1030.7,62,6.4,14.1,1,.6,.9,1.5,4.1,8
22103,2019-02-15,6,1025,65,8.1,14.8,1.2,.7,1,1.5,4.1,7.1
22103,2019-02-16,10.6,1024.1,69,4.6,14.4,2.1,1.3,1.8,2.8,4,4.9
22103,2019-02-17,7.8,1026.6,60,4.8,13.8,1.7,1,1.6,2.5,3.8,4.9
22103,2019-02-18,3.9,1025.8,66,7.7,14.1,.8,.4,.9,1.4,5,10.7
22103,2019-02-19,8.7,1018.4,88,9.6,14.1,2.3,1.3,2,3.6,5.4,8
22103,2019-02-20,7.8,1026,69,7.5,14,1.4,.9,1.5,2.4,4.8,8
22103,2019-02-21,4.2,1027,65,7.5,14.7,.9,.5,.8,1.4,4,7.1
22103,2019-02-22,5.9,1021.5,67,10.4,15.2,1,.6,1,1.4,4.1,7.1
22103,2019-02-23,7.3,1023.7,67,11.1,15.1,1.7,1.1,2.4,2.8,4.8,6.4
22103,2019-02-24,5.3,1024.2,60,11.5,15.4,1.7,1,1.9,3.7,5.2,7.1
22103,2019-02-25,7.2,1021.8,59,10.9,14,1.1,.7,1.1,1.6,2.9,3.4
22103,2019-02-26,5.2,1024,59,10.1,13.5,1.2,.7,1.1,1.7,6.5,12.8
22103,2019-02-27,6.6,1021.7,75,11.9,13.7,1.7,1.1,1.8,2.4,7.3,12.8
22103,2019-02-28,5.5,1019.6,70,11.1,14.5,1.3,.8,1.2,2,7.7,12.8
22103,2019-03-01,6.2,1022.3,56,10.6,13.4,1.2,.7,.9,1.6,5.8,10.7
22103,2019-03-02,6.7,1019.5,69,12.5,12.9,1.6,1,1.7,2.6,5.7,12.8
22103,2019-03-03,6.9,1013.5,73,12.3,12.6,1.6,1,1.4,2,4.9,8
22103,2019-03-04,7,1015.8,67,11.7,12.5,1.3,.8,1.1,1.7,4.3,6.4
22103,2019-03-05,3.9,1022.3,68,11.6,13,.9,.6,1,1.4,4.5,6.4
22103,2019-03-06,6.7,1016.8,75,11,12.3,1.1,.6,1.2,2.2,4.1,8
22103,2019-03-07,9.9,1020.9,70,9.5,12,1.9,1.1,1.4,2.7,4.2,6.4
22103,2019-03-08,3.7,1026.7,65,9.9,12.2,1,.6,1.1,1.7,5.3,7.1
22103,2019-03-09,3.5,1023.6,74,12.5,12.2,.9,.6,1.1,1.7,4.9,7.1
22103,2019-03-10,10.3,1012.1,88,10.9,12.2,3.6,2,4.2,5.5,6.3,8
22103,2019-03-11,7.9,1012.4,71,10.6,12.9,1.7,1,1.9,2.6,5.3,8
22103,2019-03-12,9.4,1015.2,74,9.8,13.3,2,1.3,1.8,3.1,5.2,7.1
22103,2019-03-13,10.5,1023.7,59,7.7,13.1,2.3,1.4,2,3.3,4.2,5.8
22103,2019-03-14,5.4,1026.6,48,9.7,13,1,.6,1.1,1.9,4,7.1
22103,2019-03-15,9.2,1021.6,69,10.7,12.8,2.1,1.2,2.2,3.3,4.4,6.4
22103,2019-03-16,7.5,1023.3,70,8.4,12.5,1.8,1.1,2.3,3.1,5.7,8
22103,2019-03-17,5.7,1024.8,66,10.8,12.6,1.5,.9,1.6,2,4.7,5.8
22103,2019-03-18,2.6,1022.7,72,11.4,11.9,.7,.4,1,1.3,4.5,9.1
22103,2019-03-19,5.6,1018.7,74,12.4,12.3,1,.6,1.3,1.7,3.9,8
22103,2019-03-20,6,1012.9,85,15.3,13.1,1.8,1.1,3.4,5.5,5.7,9.1
22103,2019-03-21,10.6,1010.2,83,11.6,13.2,3.3,1.9,3.7,5.6,5.9,8
22103,2019-03-22,10.3,1018.6,65,8.4,12.7,2,1.2,1.9,2.7,4.1,5.3
22103,2019-03-23,10,1023.3,57,7.9,12.6,2.2,1.3,1.9,2.7,4,5.3
22103,2019-03-24,6.9,,58,7.1,12.8,1.4,.9,1.7,1.9,4.3,8
22103,2019-03-25,3.3,1021,66,10,12.9,.7,.4,.8,1.1,4.7,8
22103,2019-03-26,6.3,1020.7,82,12.7,12.7,1.3,.8,1.2,2.2,3.7,4.9
22103,2019-03-27,5.3,1018.6,82,14.5,13.3,1.7,1,1.7,2.9,4.4,5.8
22103,2019-03-28,3.4,1014.9,88,13.7,13.7,1.1,.7,1.3,2,4.5,5.8
22103,2019-03-29,3,1015.1,84,13.8,14,1,.6,.8,1.3,5.8,8
22103,2019-03-30,8.8,1015.8,70,11.1,13.4,1.5,.9,1.6,2.7,4.3,6.4
22103,2019-03-31,11.4,,53,8.3,13.1,2.7,1.6,2,3.2,4.7,7.1
22103,2019-04-01,9,1025.6,58,9,11.8,1.8,1.1,1.4,2.2,3.9,4.9
22103,2019-04-02,6.1,1024.8,65,10.3,12.2,1.3,.7,1.3,1.9,4.1,5.8
22103,2019-04-03,6.8,,44,10.4,12.6,1.1,.7,1.1,1.7,3.1,4.3
22103,2019-04-04,7.1,1022.3,57,10.8,13.5,1,.6,.8,1.3,3.1,4
22103,2019-04-05,8,1014.3,84,12.8,13.3,1.3,.8,1.2,1.7,3.8,4.6
22103,2019-04-06,3.8,1014.2,73,13.7,13.5,1.2,.7,1.1,1.5,6,8
22103,2019-04-07,2.5,1012.1,92,14.4,13.9,1.1,.7,.9,1.4,4.4,7.1
22103,2019-04-08,4.3,1016.2,83,13.9,13.8,.7,.4,.5,.8,4.8,8
22103,2019-04-09,11.9,1014.3,79,13,13.4,3.5,2,3.8,6.2,5.6,7.1
22103,2019-04-10,9.7,1009.6,84,11,13,3.9,2.4,4.7,6.1,7.1,8
22103,2019-04-11,4.7,,74,11.7,13.8,1.4,.9,1.3,1.9,5.9,8
22103,2019-04-12,4.7,1020,64,13,15.2,.9,.5,.8,1.2,4.1,7.1
22103,2019-04-13,1.4,1022.6,66,13.9,13.8,.5,.3,.5,.6,3.9,5.8
22103,2019-04-14,4.4,1018.3,79,14.2,13.3,.7,.4,.8,1.3,3.3,9.1
22103,2019-04-15,5.5,,57,12.6,12.7,1,.7,1,1.5,3.7,5.8
22103,2019-04-16,2.6,1019.4,84,14.2,13.6,.5,.3,.6,.9,4.8,9.1
22103,2019-04-17,4,1015.4,84,14.7,14.1,1,.7,1.4,1.8,4.8,6.4
22103,2019-04-18,2.8,1015.4,88,15.3,14.7,1.1,.6,1,1.7,6.8,9.1
22103,2019-04-19,6.2,1017.8,88,14.8,14.4,1.5,.9,1.7,2.9,5.8,8
22103,2019-04-20,4.6,1017.7,81,14.2,14.8,1.4,.9,1.5,2.2,5.5,9.1
22103,2019-04-21,2.2,1014.9,88,16,15.7,.5,.3,.4,.7,5.7,9.1
22103,2019-04-22,5,1016.6,92,15.9,14.8,.9,.5,1,1.4,5,8
22103,2019-04-23,7.1,,,,,2.2,1.3,3.4,4.8,5.4,8
22103,2019-04-24,4.9,1008.6,97,16.2,15.4,2.8,1.6,2.4,3.9,6.8,8
22103,2019-04-25,5.7,1009.7,91,15.1,14.8,1.6,1,1.8,2.6,5.3,7.1
22103,2019-04-26,8,1012.9,81,12.7,14.4,1.5,.9,1.3,2.1,4,7.1
22103,2019-04-27,5.7,,72,13,14.1,1.5,.9,1.1,1.8,5.7,8
22103,2019-04-28,6.3,1021.7,72,14.6,14.6,1.6,1,1.2,2,4.7,7.1
22103,2019-04-29,8.1,1014.2,94,14.7,14.7,2.2,1.3,2.6,3.9,,7.1
22103,2019-04-30,4.4,1010.2,89,15.2,15.4,2.2,1.3,2.2,4.2,,
22103,2019-05-01,6.9,1008.6,84,15.2,15.1,1.2,.7,1.2,1.9,4.7,8
22103,2019-05-02,7.9,1014.1,72,15.4,14.4,1.5,.9,1.4,2.1,4.1,4.9
22103,2019-05-03,3.3,1018.8,79,15.8,14.8,.8,.5,.9,1.2,4,8
22103,2019-05-04,2,,,,,.5,.3,.3,.6,5.5,9.1
22103,2019-05-05,2.3,1019,86,17.3,16.1,.4,.2,.3,.5,6,9.1
22103,2019-05-06,5.3,1016.9,78,15.9,15.1,.9,.6,1.6,2.2,3.5,9.1
22103,2019-05-07,5.2,1019,71,15.2,15.9,1.5,.9,1.5,2.1,5.6,8
22103,2019-05-08,3.1,1016.1,63,16.1,15.8,.6,.4,.6,1,6.4,9.1
22103,2019-05-09,3,1012.8,71,16.3,15.6,.8,.5,.9,1.2,6.6,9.1
22103,2019-05-10,2,1014.7,76,16.7,16.2,.6,.4,.6,1.1,5.1,9.1
22103,2019-05-11,1.5,1015.7,82,17.1,16.6,.5,.3,.3,.6,5.9,8
22103,2019-05-12,3.5,1017.5,86,17.4,16.3,.7,.4,1.1,1.5,4.1,8
22103,2019-05-13,5.1,1017.3,93,17,16.2,1.3,.8,1.2,1.9,4.7,7.1
22103,2019-05-14,2.1,1015,95,18.7,18.3,.8,.5,.7,1,4,5.3
22103,2019-05-15,2.5,1014.9,92,18.6,17.6,.8,.5,.8,1.2,5.3,8
22103,2019-05-16,2,1014.4,95,19.2,18.3,.9,.5,.6,1,5.9,7.1
22103,2019-05-17,4.6,1013.8,94,18.9,17.3,1.2,.7,1.1,1.8,5.9,8
22103,2019-05-18,10.9,1010.2,93,18.3,17,4.3,2.5,4.3,5.9,6.5,8
22103,2019-05-19,7.6,1010.3,96,19.1,18.6,3.1,1.9,2.8,4.3,6.8,9.1
22103,2019-05-20,7.8,1008.8,77,17.3,17,1.8,1.1,1.9,2.5,5.7,10.7
22103,2019-05-21,6.5,1010.8,76,16.5,16.1,1.3,.8,1.4,2.2,3.7,5.8
22103,2019-05-22,4.2,1010.7,84,17.8,16.5,.7,.4,.6,1,3.9,9.1
22103,2019-05-23,4.3,1012.6,88,18.2,16.7,1.1,.7,1.1,1.6,3.9,9.1
22103,2019-05-24,3.5,1015.4,80,19.4,17.1,1,.6,.9,1.3,4.2,9.1
22103,2019-05-25,2.8,1018.2,92,19,17.6,.8,.5,.7,1.1,4.4,10.7
22103,2019-05-26,3.2,1017.7,96,19.4,17.4,.8,.5,.8,1.2,5.7,9.1
22103,2019-05-27,8.5,1009.9,95,19,16.6,3.5,2.1,4.2,5.5,5.8,7.1
22103,2019-05-28,5.6,1012.6,72,18.1,16.7,1.8,1,1.9,3.1,5.2,7.1
22103,2019-05-29,5.5,1013.8,85,17.6,16.4,.9,.6,.9,1.2,4.4,7.1
22103,2019-05-30,3.7,1014,83,18.5,16.9,.6,.4,.7,1.1,4.1,8
22103,2019-05-31,4.6,1013.2,81,16.9,16.6,.8,.5,1,1.7,3.9,8
22103,2019-06-01,1.8,1012.4,89,17.9,17.3,.5,.3,.4,.6,4.4,8
22103,2019-06-02,1.2,1009.6,91,18.5,17.3,.5,.3,.4,.6,4.6,7.1
22103,2019-06-03,1.2,1010.6,86,19.8,18.5,.4,.3,.3,.7,4.6,8
22103,2019-06-04,2.1,1011.2,91,20.1,18.8,.5,.3,.5,.7,5.5,7.1
22103,2019-06-05,2.8,1013.7,92,19.5,18.3,.7,.4,.6,.9,6.3,8
22103,2019-06-06,4.1,1011.1,97,19.8,17.6,1.1,.7,2.7,3.9,4.6,6.4
22103,2019-06-07,8.4,1003.7,95,18.4,16.6,3.7,2.3,3.3,4.6,6.4,7.1
22103,2019-06-08,2.8,1010.5,94,18.1,16.9,1.8,1.1,1.8,3,5.7,8
22103,2019-06-09,5,1008.2,88,18.2,16.9,1.3,.8,1,1.7,5.2,7.1
22103,2019-06-10,5.1,1008.4,86,18.4,17.3,1.4,.8,1.1,1.7,4.8,5.8
22103,2019-06-11,3.5,1011,86,18.5,17.6,1.5,.8,1.2,2.4,5.7,8
22103,2019-06-12,1.3,1013,87,19.1,18,.9,.5,.9,1.3,5.2,7.1
22103,2019-06-13,3.7,1012.2,91,19.1,18.2,.9,.5,.7,1.1,4.1,6.4
22103,2019-06-14,5.1,1006.3,94,19.1,18.4,.8,.5,.8,1.2,4.1,6.4
22103,2019-06-15,7.2,1002.4,86,19.7,18.2,1.5,.9,1.3,2,5.2,8
22103,2019-06-16,5.1,1009.4,90,18.9,18.7,1.3,.8,1.1,2,4.6,9.1
22103,2019-06-17,2.7,1015,92,19.5,19.3,.8,.5,.7,1.1,6.7,10.7
22103,2019-06-18,2.3,1013.6,94,20,19.2,.7,.4,.5,.9,7.7,12.8
22103,2019-06-19,1.7,1009.1,93,20,19.3,.8,.5,.7,1.1,4.8,8
22103,2019-06-20,2.3,1009,93,20.1,18.7,.8,.5,.7,1,5.5,7.1
22103,2019-06-21,2.5,1007.4,91,20.5,19.1,.7,.4,.6,.9,6,7.1
22103,2019-06-22,4.9,1008.3,90,20,18.5,1.4,.8,1.5,1.9,5,6.4
22103,2019-06-23,4.2,,86,20.1,19.6,1.3,.8,1,1.7,5,7.1
22103,2019-06-24,1.1,1015,86,20.8,20.9,.8,.5,.8,1.1,4.4,7.1
22103,2019-06-25,4,1016.7,91,21,20.1,.8,.5,.7,1.1,4.1,6.4
22103,2019-06-26,5.9,1010.3,97,21.6,20.3,1.8,1,1.6,2.6,4.7,7.1
22103,2019-06-27,5,1003.2,98,21.5,20.5,2.6,1.5,2.1,3.5,7,9.1
22103,2019-06-28,2.1,1004.8,93,21.9,21.5,1.3,.7,1.1,1.8,6.4,8
22103,2019-06-29,6,999.7,98,22.6,20.4,1.8,1.1,2.8,4.2,5.5,8
22103,2019-06-30,5.7,1003.2,97,20.5,18.8,2.6,1.5,3.1,4.6,6.4,7.1
22103,2019-07-01,3.1,1008.4,97,20.8,19.8,1.3,.7,1.1,1.7,6,7.1
22103,2019-07-02,3.4,1011.3,97,20.6,19.4,.9,.5,.7,1.2,5.4,6.4
22103,2019-07-03,1.9,1009.8,97,20.5,19.6,.8,.5,.6,1,6.1,8
22103,2019-07-04,1.9,1008.4,94,21,19.7,1.6,.9,1.8,2.5,6.8,9.1
22103,2019-07-05,1.8,1005,94,21.6,20.2,1.2,.7,1.1,1.6,6.8,8
22103,2019-07-06,7.8,1005.4,90,21.7,20.1,1.7,1,1.5,2.9,5.6,8
22103,2019-07-07,10.1,1008.4,85,22.5,22.1,2.8,1.6,1.8,4,6,8
22103,2019-07-08,9.1,1007.9,87,22.1,22.7,2.4,1.5,1.9,3.1,5.4,7.1
22103,2019-07-09,9.2,1007.1,83,22.6,22.7,2.2,1.3,2.2,3,5.2,7.1
22103,2019-07-10,12.2,1003.6,93,22.7,22.5,3.4,2,2.9,4.3,5.9,7.1
22103,2019-07-11,7.5,1006.9,92,22.5,22.5,2.3,1.4,1.9,3,6.3,8
22103,2019-07-12,5.5,1009.3,88,22.6,22.8,1.4,.8,1.1,1.9,6.7,8
22103,2019-07-13,2.4,1004.7,90,22,22.1,1,.6,.8,1.2,5.3,7.1
22103,2019-07-14,1.8,1004.4,87,23.4,23.3,1.5,.8,1.2,1.8,6,7.1
22103,2019-07-15,2,1009.2,91,23.7,23.2,1.4,.8,1.1,1.8,6.7,8
22103,2019-07-16,4,1012.6,92,,23.1,1,.6,.8,1.3,5.6,7.1
22103,2019-07-17,5.8,1013.2,93,23.4,22.6,1.4,.8,1.2,1.9,4.7,6.4
22103,2019-07-18,6.4,1010.7,98,23.1,22.1,1.8,1.1,1.9,2.5,5.5,9.1
22103,2019-07-19,6.8,1006.9,98,23.5,22.1,3.8,2.3,3.6,6.1,8.2,10.7
22103,2019-07-20,12.9,999.9,96,24,22.1,7.5,4.3,6.5,11.3,8.8,10.7
22103,2019-07-21,6.1,1008.1,96,23.2,21.7,3.3,1.9,4.6,7.1,7.6,10.7
22103,2019-07-22,2.7,1009.7,98,23.6,22.1,1.6,1,1.6,2.2,6.1,8
22103,2019-07-23,3.9,1008.7,98,23.5,22.3,1.2,.7,1,1.5,5.1,7.1
22103,2019-07-24,4.4,1008,98,23.7,22.1,1.4,.8,1.1,2,5.2,6.4
22103,2019-07-25,4.2,1008.9,98,24,22.3,1.4,.8,1.3,1.9,4.7,5.8
22103,2019-07-26,4.2,1007.8,98,24.3,22.5,1.1,.7,.8,1.3,4.3,6.4
22103,2019-07-27,4.9,1008.6,98,25.1,23,1.1,.6,.9,1.4,3.9,8
22103,2019-07-28,4.8,1012.4,98,25,22.4,1.3,.8,1,1.5,4.6,5.8
22103,2019-07-29,2.8,1013.3,98,25.7,23.9,1.2,.7,.9,1.6,4.9,5.8
22103,2019-07-30,4.5,1012,97,26.3,23.9,1.4,.8,1.2,1.6,4.9,5.8
22103,2019-07-31,,,,,,,,1,1.3,,5.8
22103,2019-08-01,1.3,1014.3,96,27.4,26.1,.8,.5,.7,1.1,4.1,5.3
22103,2019-08-02,1.4,1013.3,97,26.9,26,.7,.4,.6,.8,4.9,8
22103,2019-08-03,3.2,1012.6,97,26.5,25.2,1,.6,.8,1.5,6.4,8
22103,2019-08-04,,,,,,,,.9,1.5,,9.1
22103,2019-08-05,3.8,1011,93,27,27.5,1,.6,.8,1.6,6.1,9.1
22103,2019-08-06,5.6,1007.1,86,27.5,27.2,1.5,.9,1.3,2.2,5,6.4
22103,2019-08-07,,,,,,,,1,1.5,,12.8
22103,2019-08-08,,,,,,,,1.1,2.4,,12.8
22103,2019-08-09,,,,,,,,2,3.2,,12.8
22103,2019-08-10,,1006.8,93,27.8,26.2,,,3.9,5.2,,12.8
22103,2019-08-11,8.1,1003.3,88,27.9,25.8,4.9,2.9,4.1,6.4,7.5,10.7
22103,2019-08-12,5.2,1003.3,95,27.1,25.1,3.5,2.2,3.5,4.6,8,10.7
22103,2019-08-13,3.8,1003.7,91,27.6,26.1,2,1.1,1.7,2.5,7.7,10.7
22103,2019-08-14,,,,,,,,1.2,2.2,,9.1
22103,2019-08-15,8.2,993,91,27.2,26.7,1.8,1.1,1.6,2.6,5.5,7.1
22103,2019-08-16,7.3,999.9,91,25.9,25.4,1.7,1,1.4,2.3,5.3,7.1
22103,2019-08-17,,,,,,,,1,1.9,,9.1
22103,2019-08-18,,,,,,,,1.1,1.7,,8
22103,2019-08-19,2.7,,,,,1,.6,.9,1.5,7.1,9.1
22103,2019-08-20,8,1010.4,91,26.8,26.9,1.8,1,1.5,2.6,5.1,8
22103,2019-08-21,4.7,,,,,1.8,1,1.3,2.5,5.1,6.4
22103,2019-08-22,7.1,1009.1,92,27,26.1,2.4,1.5,2.4,3.5,5.4,6.4
22103,2019-08-23,4.6,1011.3,87,26,25.7,.9,.6,.8,1.3,4.9,6.4
22103,2019-08-24,3.6,1013.3,77,25.7,25.9,.7,.4,.7,1.1,6.9,10.7
22103,2019-08-25,2.5,1015.3,77,24.3,23.8,1.4,.8,1.2,2,9.4,10.7
22103,2019-08-26,3.3,1014.1,84,23.6,23,2.1,1.3,1.9,2.4,8.7,10.7
22103,2019-08-27,3.6,1009.2,97,24.5,23,2.4,1.3,2.1,3.1,6.8,9.1
22103,2019-08-28,2.4,1009.4,97,24,23.6,2,1.1,1.7,2.4,6.5,8
22103,2019-08-29,3.8,1010.1,87,23.7,24.4,1.2,.7,.9,1.5,5.6,7.1
22103,2019-08-30,5,1012.4,86,24,23.4,.8,.5,.6,1,4.5,7.1
22103,2019-08-31,3.3,1016.6,85,23.6,22.9,.7,.4,.6,1,6.3,9.1
22103,2019-09-01,3,1018.7,91,23.2,23.6,.7,.5,.8,1.2,5.7,8
22103,2019-09-02,6.4,1017,94,23.8,23.8,1.6,1,1.8,2.7,4.2,5.3
22103,2019-09-03,5.5,1015.9,96,24.9,25,1.3,.8,1,1.7,4.3,7.1
22103,2019-09-04,3.8,1014.5,94,26.1,25,1.5,.9,1.3,1.9,4.2,5.8
22103,2019-09-05,3,1013.3,95,26.3,25,1.8,1.1,1.5,2.5,7.8,10.7
22103,2019-09-06,7.9,1007.6,94,26.1,24.2,3.7,2.2,5.4,7.8,9.3,12.8
22103,2019-09-07,9.3,1004.2,94,24.6,21.5,7.1,4.4,8.9,11.9,8.9,12.8
22103,2019-09-08,1.5,1010.2,98,22.6,21.8,2.1,1.2,2.4,4.3,5.9,8
22103,2019-09-09,6,1010.3,96,24.2,22,2.5,1.4,2.4,4.1,6.8,9.1
22103,2019-09-10,2.2,1014.9,94,25.6,24.1,1.7,1,1.5,2.6,5.9,8
22103,2019-09-11,3,1015.8,96,25.2,24.6,1,.7,1.6,2,4.2,6.4
22103,2019-09-12,11.1,1016.2,84,23.5,22.9,2.8,1.7,2.3,3.6,5.4,7.1
22103,2019-09-13,8.3,1014.4,79,23.6,22.9,2.1,1.2,1.6,2.8,5.6,8
22103,2019-09-14,3.8,1013.2,82,23.9,23.9,1.2,.7,1.2,1.9,6.7,9.1
22103,2019-09-15,4.7,1011.4,89,24.7,24.3,1,.6,1.3,2.1,8.1,12.8
22103,2019-09-16,6.2,1011.6,79,24.4,24.9,2.1,1.2,1.9,3.1,5.5,10.7
22103,2019-09-17,8.1,1015,72,23.9,23.6,3,1.6,2.7,3.9,6.1,8
22103,2019-09-18,5.2,1016.4,77,23.9,23.7,1.7,1,1.6,3.2,5.9,8
22103,2019-09-19,9,1018,73,23.3,24,2.5,1.4,2,3.4,5.9,7.1
22103,2019-09-20,10.1,1016.3,76,23,23.4,3.4,1.9,2.6,4.5,6,7.1
22103,2019-09-21,14.8,1014.2,87,21.6,23.3,5.4,3.2,5.2,6.9,6.6,8
22103,2019-09-22,18.6,1000.8,92,20.9,22.7,8,4.8,6.6,10.1,9.3,12.8
22103,2019-09-23,3.5,1015.3,84,20.8,22.7,2.4,1.4,2.6,4.2,7.9,10.7
22103,2019-09-24,2.7,1020,76,21.5,22.8,1.3,.7,1.1,1.7,8,10.7
22103,2019-09-25,5.7,1022.6,78,22.3,22.7,1.2,.7,1.2,2.2,5.6,8
22103,2019-09-26,8.6,1023.5,88,23.2,23,2.1,1.2,1.6,2.4,5,5.8
22103,2019-09-27,8.2,1022.6,94,23.1,23.1,1.7,1.1,1.6,2.2,4.6,5.8
22103,2019-09-28,4.1,1019.5,97,23.4,22.9,1.2,.7,1.1,1.9,4.4,5.3
22103,2019-09-29,1.8,1017.9,94,24,23.6,.6,.4,.5,.8,4.8,7.1
22103,2019-09-30,1.6,1018.3,96,24.1,23.4,.6,.4,.6,.8,4.1,10.7
22103,2019-10-01,6.2,1019.2,88,24.2,23.7,1.7,1,1.6,2.5,9.7,12.8
22103,2019-10-02,11.9,,94,24.9,24.2,5.8,3.6,6,8.6,9.7,12.8
22103,2019-10-03,10.1,1008.2,88,23.5,23,3.7,2.3,5.2,8.5,7.4,9.1
22103,2019-10-04,3,1015.1,90,22.9,23.3,1.1,.7,1.2,1.9,6.9,10.7
22103,2019-10-05,6.4,1017.1,83,21.7,22.8,1.5,.9,1.2,1.8,6.7,10.7
22103,2019-10-06,11.7,1022.1,80,21.6,23.6,3.4,2,2.9,4.7,5.6,7.1
22103,2019-10-07,7.7,1018.7,81,22.1,24,1.9,1.1,1.7,2.8,4.9,6.4
22103,2019-10-08,8,1019.7,70,20.2,22.5,1.3,.8,1.1,1.8,3.4,4.6
22103,2019-10-09,4.2,1020.4,52,18.9,21.8,.9,.6,1.2,1.6,4.1,7.1
22103,2019-10-10,2.5,1017.1,71,20.3,21.8,.9,.5,1,1.6,,7.1
22103,2019-10-11,5.1,1014.4,70,21.8,21.7,1.3,.9,1.6,2.3,,16
22103,2019-10-12,7.9,1014.9,67,21.9,21.6,2.4,1.4,1.9,3.2,6.6,10.7
22103,2019-10-13,9.8,1021.7,66,20,21.3,3,1.8,2.5,4.2,6.9,10.7
22103,2019-10-14,6.6,1025,70,19.6,22.5,1.7,1,1.6,2.3,5.8,10.7
22103,2019-10-15,10,1027.1,75,19.1,22,2.6,1.5,2.1,3.8,5.1,7.1
22103,2019-10-16,6.2,1026.9,62,18.9,22.5,1.8,1.1,1.6,2.7,5.3,7.1
22103,2019-10-17,8,1023.9,73,19.8,22.5,1.9,1.1,1.8,3.3,5,5.8
22103,2019-10-18,10,1020.2,86,19.4,21.8,2.3,1.4,1.8,3.1,5.1,6.4
22103,2019-10-19,4.9,1021,79,20.4,21.8,1.6,.9,1.5,2.4,6.6,8
22103,2019-10-20,5.6,1021.9,76,20.8,22.2,1.4,.8,1.1,1.7,5.5,8
22103,2019-10-21,8,1018.4,74,20.5,21.8,2.2,1.3,2.3,3,5.1,6.4
22103,2019-10-22,9,1017.4,75,20.6,21.6,2.2,1.3,2.6,3.5,5.4,6.4
22103,2019-10-23,9.9,1017.7,79,20.6,21.1,2.3,1.5,2.5,3.8,5.2,6.4
22103,2019-10-24,9,1017.5,75,20.7,21.5,2.4,1.4,2.9,4,5.6,7.1
22103,2019-10-25,4.7,1018.6,75,20.6,20.8,1.1,.6,1,1.5,5.4,7.1
22103,2019-10-26,9.7,1019.2,72,16.7,20.7,1.7,1,1.4,2.3,4.1,5.8
22103,2019-10-27,7.3,1020.4,62,16,20.7,1.4,.9,1.6,2,4,7.1
22103,2019-10-28,2.1,1019.4,63,16.7,20.2,.6,.4,.5,.7,5.6,9.1
22103,2019-10-29,6.5,1018.3,65,18.4,20.4,1,.5,1,1.8,3.8,8
22103,2019-10-30,6.4,1023.2,65,16.5,19.8,1,.6,1,1.6,3.3,5.8
22103,2019-10-31,6,1023.3,67,17.8,19.6,.8,.5,.7,1.2,3,3.6
22103,2019-11-01,4.9,1023,81,18.9,19.6,.7,.4,.7,1.1,3.2,4.9
22103,2019-11-02,4.9,1021.3,76,19.5,19.6,1,.6,.9,1.3,4.3,4.9
22103,2019-11-03,2.6,1020.4,75,18.6,19.4,.6,.3,.4,.7,5.8,8
22103,2019-11-04,8,1022.5,74,18.1,19.7,1.7,1.1,1.3,2.2,5.1,7.1
22103,2019-11-05,4.9,1020.7,69,17.8,20.2,1.1,.7,1.1,1.6,4.8,5.8
22103,2019-11-06,4,1018.4,67,17.1,19.4,.7,.4,.6,1,3.2,4.9
22103,2019-11-07,8.2,1018.6,68,16.3,18.9,1.3,.8,1.2,1.9,3.7,4.6
22103,2019-11-08,6.8,1020.7,59,14.6,18.9,1.4,.9,1.3,1.9,3.8,4.3
22103,2019-11-09,4.7,1021.8,52,15.7,18.5,.9,.6,.8,1.3,3.8,9.1
22103,2019-11-10,5.3,1014.8,64,17.5,18.2,1.1,.7,1.9,2.9,6.1,10.7
22103,2019-11-11,9.3,1014.5,68,16.8,17.7,2.4,1.5,2.1,3.6,5.9,8
22103,2019-11-12,3.6,1022,67,15.1,17.8,.9,.6,.9,1.5,4.9,8
22103,2019-11-13,4.8,1020.3,70,16.6,17.9,.8,.5,1.2,1.9,4.5,7.1
22103,2019-11-14,7.3,1024.7,54,10.9,17.1,2,1.2,1.8,3,5.9,9.1
22103,2019-11-15,3.6,1023.1,55,14.3,17.1,.7,.4,.5,.9,6.3,9.1
22103,2019-11-16,2.3,1022.3,70,17.5,18.1,.8,.5,.7,1.1,4.8,7.1
22103,2019-11-17,7.3,1019.9,79,20.5,18.2,2,1.2,2.1,3.9,4.7,6.4
22103,2019-11-18,11.1,1019.6,74,14.5,19.4,2.9,1.7,2.5,4.4,5.3,7.1
22103,2019-11-19,9.9,1026.4,63,10.3,18.5,2.3,1.3,1.5,2.9,4.5,5.3
22103,2019-11-20,5.6,1031.4,56,9.7,16.6,1.1,.7,1.2,1.9,4.8,7.1
22103,2019-11-21,7.4,1031.1,67,13.9,16.2,1.4,.8,1.4,2.5,4.4,7.1
22103,2019-11-22,8.9,1027.3,82,16.3,17,2.1,1.3,1.4,2.4,5.3,5.8
22103,2019-11-23,7.8,1024.6,85,16.7,17.2,2,1.2,1.3,2.3,5.3,5.8
22103,2019-11-24,6.9,1020.5,91,16.7,17.4,1.5,1,1.3,2.1,5.7,8
22103,2019-11-25,9.7,1026.8,70,11.5,16.5,2.1,1.3,1.9,3.2,4.6,7.1
22103,2019-11-26,10.3,1028.1,76,14.6,16.5,3,1.8,2.6,4.2,6.6,8
22103,2019-11-27,7.2,1026.6,70,12.3,16.9,1.5,.9,1.1,2.1,4.4,6.4
22103,2019-11-28,7.2,1028.1,70,12.3,17.4,1.9,1.2,1.6,2.7,5.3,8
22103,2019-11-29,6.2,1031.1,54,11,17.7,1.4,.9,1.2,2,5.3,10.7
22103,2019-11-30,4.8,1029.3,63,14.5,19,1,.6,.7,1.4,7.3,10.7
22103,2019-12-01,6.8,1020.8,87,13,19.2,1.4,.8,1.5,3,7.8,10.7
22103,2019-12-02,11.2,1022.6,68,9.6,17.3,2.4,1.4,1.8,3.1,4.8,7.1
22103,2019-12-03,7.4,1028.3,60,8.9,17.7,1.6,1,1.7,2.9,4.7,7.1
22103,2019-12-04,6.5,1030.8,56,11.1,16.8,1,.6,.8,1.5,5.8,10.7
22103,2019-12-05,8.8,1034.5,58,8.4,15.9,1.4,.9,1.4,2.4,4.2,10.7
22103,2019-12-06,7.7,1034.8,52,4.2,15.8,1.6,1,1.3,2.2,4.3,9.1
22103,2019-12-07,8.1,1030.8,59,6.9,15.2,1.5,.9,1.3,2.2,3.9,4.9
22103,2019-12-08,5.2,1029.5,64,8.2,14.9,1,.6,.9,1.5,4.8,9.1
22103,2019-12-09,4.1,1026.6,65,10.5,14.8,.7,.4,.6,1.1,7.8,10.7
22103,2019-12-10,2.8,1022.9,75,14.4,15.6,.8,.5,.6,1.2,6.4,9.1
22103,2019-12-11,7.3,1020.1,74,13.6,17.4,1.2,.8,1.5,2.3,4.5,9.1
22103,2019-12-12,7.3,1028.9,54,8.1,15.7,1.4,.9,1.3,2.3,4.5,9.1
22103,2019-12-13,2.2,1028.9,67,9.8,15.7,.7,.5,.6,1.1,7.6,9.1
22103,2019-12-14,7.1,1028.2,63,11.7,15.7,1.1,.7,1,1.7,3.8,8
22103,2019-12-15,8,1029.1,72,13.3,15.6,1.9,1.1,1.3,2.4,5,5.8
22103,2019-12-16,5.6,1024.5,78,14.2,15.4,1.1,.7,1.1,1.7,4.5,5.8
22103,2019-12-17,5.8,1017.8,90,14.1,15.5,1.4,.8,1.3,2.4,5.4,6.4
22103,2019-12-18,9.8,1022.4,72,9.4,15.5,1.9,1.1,1.4,2.1,4.2,4.9
22103,2019-12-19,10.2,1025.3,61,8,15.7,1.8,1.1,1.4,2.5,4.1,4.9
22103,2019-12-20,7,1030.2,64,7.9,15.4,1.2,.7,1.2,1.8,3.9,9.1
22103,2019-12-21,6.3,1027.7,64,8.9,15.5,1.1,.7,.9,1.9,4.5,8
22103,2019-12-22,8,1021.3,64,10.9,15.6,2,1.2,1.5,2.5,5.5,6.4
22103,2019-12-23,6.5,1023.3,65,10.8,15.6,1.2,.8,1,1.6,4.2,6.4
22103,2019-12-24,4.2,1027.1,67,9.4,15.6,.9,.6,.8,1.4,5.9,9.1
22103,2019-12-25,5.3,1022.9,79,12.8,16.2,.9,.6,.7,1.1,7.3,9.1
22103,2019-12-26,9.5,1016.1,75,11.2,16.8,1.9,1.1,2.1,3.1,5.1,7.1
22103,2019-12-27,9.7,1025.6,62,6.5,15.3,2,1.2,1.9,3.1,4.3,7.1
22103,2019-12-28,4.5,1030.2,57,7.1,15.3,1.1,.7,1,1.7,6.9,9.1
22103,2019-12-29,6.3,1026.1,74,12.1,14.8,1.4,.9,2.1,3.5,5.7,9.1
22103,2019-12-30,6.5,1024,84,11.5,15.1,2,1.2,2.1,3.4,5.5,6.4
22103,2019-12-31,11.3,1033.1,63,2.6,14.6,2.6,1.6,2.4,4.2,4.8,5.8
22103,2020-01-01,8.3,1033.2,66,4.6,14.4,1.4,.9,1.3,2,3.8,4.6
22103,2020-01-02,7.8,1030.6,69,7.7,15.2,1.2,.7,.9,1.5,3.3,3.8
22103,2020-01-03,7.9,1027.8,69,8.7,13.2,1.2,.7,.9,1.5,3.4,4
22103,2020-01-04,7.3,1026.7,64,8.4,13.1,1.1,.7,1,1.5,3.5,4.3
22103,2020-01-05,3.3,1031,64,9.3,12.5,.7,.5,.6,1,4.4,8
22103,2020-01-06,5.2,1026,84,13.7,12.9,1.3,.8,1.3,2.2,4.5,7.1
22103,2020-01-07,9.4,1014.6,91,16.6,13.6,3.6,2.3,3.4,6,6.5,8
22103,2020-01-08,12.8,1018.4,75,8.7,13.9,4.4,2.7,4,6.1,7.2,9.1
22103,2020-01-09,8.6,1024.1,70,7.1,14.1,1.7,1.1,1.3,2.2,4.3,10.7
22103,2020-01-10,5,1023.6,63,7.6,12.2,1.1,.7,1.1,1.8,7.5,10.7
22103,2020-01-11,6,1020.1,63,8.1,12.1,1,.6,.9,1.7,4.7,9.1
22103,2020-01-12,10.5,1019.5,65,6.7,12.4,1.9,1.2,1.5,2.3,4.3,5.3
22103,2020-01-13,8,1024.6,64,6.3,13.1,1.4,.9,1.4,2.1,4,4.9
22103,2020-01-14,6.1,1026.4,69,5.4,14.4,1,.6,1,1.8,3.8,9.1
22103,2020-01-15,6.8,1028.7,63,5.5,15.4,1.1,.7,.9,1.6,3.4,4
22103,2020-01-16,3,1026.6,57,6.5,15.9,.8,.5,.6,1.1,6.3,9.1
22103,2020-01-17,5.6,1022.7,53,7.7,15.3,1,.6,1.1,1.7,4.4,9.1
22103,2020-01-18,9.3,1021.5,57,7.4,15.2,1.9,1.2,1.4,2.6,4.3,9.1
22103,2020-01-19,8.4,1022.1,69,8.4,15.1,1.6,1,1.3,2.2,4.3,5.3
22103,2020-01-20,9.3,1024.9,58,8.2,15,1.7,1.1,1.3,2.3,4.5,5.8
22103,2020-01-21,5.2,1030.4,61,7.5,13.9,1.1,.7,1.1,1.7,4.1,6.4
22103,2020-01-22,5.5,1023.9,88,12.4,13.4,1.2,.7,1.5,2.3,3.9,4.9
22103,2020-01-23,5.3,1023.1,94,11,13.6,1.6,1,1.2,2.6,5.8,7.1
22103,2020-01-24,6.4,1028.9,77,11.6,13.9,1.3,.8,1.5,2.5,5.6,7.1
22103,2020-01-25,9.3,1028.6,81,12.3,14.7,2.7,1.7,2,3.9,6.1,7.1
22103,2020-01-26,10.9,1024.4,81,12,15,2.9,1.8,3.5,5.9,6.2,8
22103,2020-01-27,13.7,1014.6,90,10.1,13.2,5.5,3.5,5,7.9,8.8,10.7
22103,2020-01-28,5.3,1017.7,76,10.2,12.5,2.1,1.3,2.1,3.2,9.6,10.7
22103,2020-01-29,5.2,1016.6,82,9.6,14,1.6,1,1.4,2,8,10.7
22103,2020-01-30,8.1,1015.9,76,8.4,13,2,1.2,1.6,2.8,6.4,8
22103,2020-01-31,7.7,1021.5,69,7.3,12.8,1.7,1,1.2,2.1,6.5,10.7
22103,2020-02-01,7.4,1026.3,70,7.7,11.8,1.5,.9,1.2,2,6.9,12.8
22103,2020-02-02,6.2,1027,68,7.6,11.8,1.1,.6,.8,1.3,7.3,10.7
22103,2020-02-03,6.6,1027.6,67,6.9,11,1.1,.7,.9,1.5,3.4,4
22103,2020-02-04,6.1,1027.8,56,6.3,11.4,1,.6,.9,1.4,3.5,8
22103,2020-02-05,9,1029.9,61,3.8,14,1.6,1,1.5,2.3,3.9,4.9
22103,2020-02-06,5.5,1033.3,56,2.9,14.4,1.3,.8,1.3,2.2,5.3,9.1
22103,2020-02-07,6.1,1029.4,56,7.1,14.5,1,.6,1.4,2.4,6.2,9.1
22103,2020-02-08,9.9,1027.7,64,6.6,14.4,1.9,1.2,1.4,2.6,4.2,4.6
22103,2020-02-09,8.7,1027.3,65,6,13.8,1.8,1.1,1.7,2.7,4.1,5.3
22103,2020-02-10,6.8,1026,71,10.4,13.8,1.4,.9,1.1,1.8,5.3,5.8
22103,2020-02-11,3.9,1029,67,12.6,13.6,.8,.5,.7,1.2,5.6,8
22103,2020-02-12,7.4,1018.9,91,13.8,13.5,2.9,1.9,3,5,6.3,8
22103,2020-02-13,4.6,1021.1,85,11.1,13.1,2.2,1.4,2,3.1,7.3,8
22103,2020-02-14,2.3,1021.5,88,11.7,14.1,1.1,.7,1.1,1.7,6.5,7.1
22103,2020-02-15,6.3,1019.6,89,14.5,14.3,1.6,1,1.5,2.1,5.4,7.1
22103,2020-02-16,12.1,1015.9,79,6.7,13,2.9,1.8,2.3,3.9,5.8,8
22103,2020-02-17,13.4,1020.8,75,3.3,13.5,3.5,2.2,2.5,4.1,5.6,7.1
22103,2020-02-18,9.6,1028.2,63,4.7,11.9,2.5,1.5,2.4,4,4.7,7.1
22103,2020-02-19,4.3,1030.8,63,7.3,12.2,1.2,.7,1.1,1.7,8,12.8
22103,2020-02-20,3.6,1034.3,63,10.3,11.8,.7,.4,.5,1,8.9,10.7
22103,2020-02-21,3.9,1031.9,77,12.7,12.2,.9,.6,1.1,1.7,5.6,10.7
22103,2020-02-22,9.3,1028.3,66,10.9,13.5,2.4,1.5,1.8,3.1,5.7,6.4
22103,2020-02-23,6.1,1031.9,63,7.5,13.7,1.3,.8,1.4,2.3,5.7,9.1
22103,2020-02-24,3.9,1026.5,74,13.3,15.5,1,.6,1,1.9,6.6,9.1
22103,2020-02-25,8.3,1016.9,94,15.9,15.7,2.3,1.5,2,3.2,5.6,6.4
22103,2020-02-26,7.1,1023.3,82,11.6,15.4,1.8,1.1,1.7,2.5,6,8
22103,2020-02-27,7.8,1028.7,72,10.3,15.3,1.9,1.2,1.6,2.7,5.6,7.1
22103,2020-02-28,7.1,1023.9,74,10.9,14.5,1.7,1.1,1.5,2.2,5.3,5.8
22103,2020-02-29,7.2,1018.1,84,12,15.1,1.7,1,1.2,2.1,5.1,6.4
22103,2020-03-01,6.9,1019.5,82,12.3,14.9,1.5,1,1.3,1.9,5,5.8
22103,2020-03-02,7.1,1024.2,63,9,14.6,1.4,.9,1.4,2.5,5.1,9.1
22103,2020-03-03,6.6,1024.9,69,12.3,14.5,1.6,1,1.3,2.1,5.5,9.1
22103,2020-03-04,10.1,1023.9,65,8.7,13.9,2,1.2,1.9,2.9,4.8,9.1
22103,2020-03-05,8.1,1026.6,58,6.8,14,1.7,1,1.7,2.9,4.2,6.4
22103,2020-03-06,2.3,1024,65,9.4,14.1,.9,.5,.7,1.2,9.1,10.7
22103,2020-03-07,6.2,1018.4,83,12.1,14,1.5,.9,1.3,2.1,5.7,10.7
22103,2020-03-08,6.5,1019.9,77,11.8,14.1,1.4,.9,1,1.8,5,5.8
22103,2020-03-09,7.7,1013.5,85,14.1,14.6,1.8,1.1,2.1,3.4,5,5.8
22103,2020-03-10,11,1008.6,85,10.6,14.6,3.1,1.9,2.8,4.5,6.3,9.1
22103,2020-03-11,10.3,1020.2,57,8.7,14.5,1.9,1.2,1.6,2.6,4.2,5.3
22103,2020-03-12,3.6,1024.6,59,10.6,14.2,.9,.6,1,1.8,6.3,10.7
22103,2020-03-13,5.6,1021.7,69,11.7,13.8,.9,.5,1,1.7,6,10.7
22103,2020-03-14,9.2,1018.7,54,8.1,13.5,1.8,1.1,1.5,2.4,4.4,5.3
22103,2020-03-15,11.4,1015.2,58,10.4,13.8,2.8,1.8,2.4,4,6.1,7.1
22103,2020-03-16,6.3,1024.5,57,7.1,13.8,1.8,1.1,2.6,4.2,6,8
22103,2020-03-17,7.6,1020.3,77,12.4,13.7,1.7,1,1.4,2.3,4.8,9.1
22103,2020-03-18,4,1017.3,80,13.4,14.1,1.2,.8,1.5,2.5,4.7,5.8
22103,2020-03-19,10.9,1012.7,69,13.1,14,2.7,1.7,2.3,3.8,5.3,6.4
22103,2020-03-20,6.6,1018.6,51,11.6,13.8,1.3,.8,1.5,2.6,5.5,8
22103,2020-03-21,4.5,1016.1,85,14.8,13.7,1.8,1.1,1.4,2.2,5.1,5.8
22103,2020-03-22,2.7,1014.3,96,14.6,13.7,1.2,.7,1,1.8,5.1,6.4
22103,2020-03-23,7.2,1019.6,58,13,13.6,1.4,.9,1.3,2,4.8,7.1
22103,2020-03-24,5,1022.3,73,12.9,14.1,1,.6,1,1.4,4.3,5.8
22103,2020-03-25,5,1022.7,73,15,14.4,1.1,.7,.9,1.5,4.9,5.8
22103,2020-03-26,6.6,1017.4,95,16.2,14.6,1.8,1.1,1.9,3.3,4.7,7.1
22103,2020-03-27,7.7,1014.4,89,13.4,14.2,3.1,1.9,2.6,4.2,7.4,9.1
22103,2020-03-28,7.2,1020.4,64,10.8,13.5,1.8,1.1,1.4,2.5,5.3,7.1
22103,2020-03-29,6.7,1022.6,71,12,14,1.6,1,1.2,2.1,5.7,7.1
22103,2020-03-30,6,1021.8,77,12.9,13.9,1.6,1,1.2,2,5.5,6.4
22103,2020-03-31,5.3,1018.7,79,13.2,14.2,1.3,.8,1,1.6,5.2,5.8
22103,2020-04-01,9.2,1016,68,12.9,14.8,1.6,1,1.5,2.4,4.3,5.8
22103,2020-04-02,5,1023.9,60,11.7,14.9,1.2,.7,1.4,2.2,5.2,8
22103,2020-04-03,5.1,1022.8,53,13.3,14.7,.9,.5,.8,1.3,4.6,8
22103,2020-04-04,9,1021.1,59,12.4,14.5,1.6,1,1.6,2.9,3.9,4.6
22103,2020-04-05,6.9,1023.7,51,9.9,14,1.6,1,1.5,2.4,4.8,7.1
22103,2020-04-06,4.1,1022.4,60,11.5,14.3,.9,.5,.8,1.3,4.2,9.1
22103,2020-04-07,7.8,1018.7,59,13.3,14.4,1.3,.8,1,1.8,3.7,4.6
22103,2020-04-08,7.5,1019.9,59,13.4,14.4,1.2,.8,1,1.6,4,4.6
22103,2020-04-09,7.4,1023.6,52,12.5,14.3,1.1,.7,.8,1.3,3.4,4
22103,2020-04-10,6.5,1026.2,72,12.9,14.2,1.4,.9,1.1,2.2,4.7,5.8
22103,2020-04-11,6.5,1021.2,84,11.8,14.3,1.1,.7,1,1.7,4.1,9.1
22103,2020-04-12,9.3,1012.6,81,11.3,14.1,2,1.3,1.9,3.2,5.5,8
22103,2020-04-13,7.8,1014.8,64,11.9,14.1,2.3,1.4,2,3,8.6,9.1
22103,2020-04-14,5.6,1018.9,66,13.7,14,1.5,.9,1.4,2.6,9.8,10.7
22103,2020-04-15,4.5,,,,,.8,.5,.7,1.2,8.5,10.7
22103,2020-04-16,6.5,1019.7,79,14.2,14.1,1.3,.9,1.2,2,5.1,8
22103,2020-04-17,7.1,1015.6,95,15,14.1,2.4,1.5,2.3,3.9,5.7,7.1
22103,2020-04-18,6.5,1018.2,84,13.4,14,1.8,1.1,2,3.3,6.1,7.1
22103,2020-04-19,9.2,1013.9,93,13.9,14,2.5,1.6,2.4,3.7,5.9,7.1
22103,2020-04-20,8.4,1014.2,88,13.4,14,2.1,1.4,1.9,3.1,6,7.1
22103,2020-04-21,9.3,1018.7,55,12.5,14.4,1.9,1.2,1.9,3.3,4.3,5.3
22103,2020-04-22,10.7,1020.2,55,10.7,13.6,2.2,1.4,1.8,2.9,4.6,5.8
22103,2020-04-23,10.2,1019.8,61,10.7,13.4,1.9,1.2,1.6,2.8,4.5,5.8
22103,2020-04-24,7.8,1020,57,12,13.5,1.5,.9,1.3,2,4.7,5.8
22103,2020-04-25,8.6,1016.5,80,15.3,13.6,3,1.8,2.5,4.4,5.7,7.1
22103,2020-04-26,6.5,1019.4,74,13.4,13.8,1.9,1.2,2.2,3.5,5.7,7.1
22103,2020-04-27,5.7,1022.2,66,14.2,14.1,.9,.6,1,1.7,4,6.4
22103,2020-04-28,7.3,1023.7,67,13.7,14,1.1,.7,.9,1.4,3.5,4.6
22103,2020-04-29,4.6,1022.6,74,14.8,14.2,.8,.5,.8,1.3,3.6,4.9
22103,2020-04-30,3.6,1020,92,16.5,14.4,1.1,.7,.9,1.6,4.1,4.9
22103,2020-05-01,4.3,1017.7,96,17.1,15,1.4,.9,1.1,1.9,4.7,5.3
22103,2020-05-02,3.4,1014.7,98,16.9,14.8,1,.6,1,1.5,4.9,9.1
22103,2020-05-03,3.7,1007.5,98,16.7,15,1.7,1.1,1.5,2.5,5.4,7.1
22103,2020-05-04,5.2,1009.8,98,16.3,15,1.5,.9,1.5,2.7,6.1,9.1
22103,2020-05-05,5.7,1013.2,98,15.4,14.7,1.5,.9,1.3,2.1,5.1,9.1
22103,2020-05-06,6,1014,96,15.9,14.8,1.3,.8,1.7,3,6.4,9.1
22103,2020-05-07,10.6,1019,82,15.6,14.3,3,1.9,2.1,3.9,6.6,7.1
22103,2020-05-08,6.9,1017,91,17,14.9,2.5,1.5,2.2,3.7,6.6,7.1
22103,2020-05-09,8.7,1008.9,96,17.5,14.8,4.1,2.5,3.2,5.8,7.6,9.1
22103,2020-05-10,7.8,1010.5,94,14.9,14.3,2.2,1.3,1.9,3.4,6.7,8
22103,2020-05-11,7.1,1011.7,97,14,14.2,1.3,.8,1,1.8,4,5.8
22103,2020-05-12,7.8,1010.2,89,15.4,14.4,1.5,1,1.4,2.4,4.4,5.3
22103,2020-05-13,5.3,1018.9,80,15.4,14.6,1,.6,1,1.6,4.3,6.4
22103,2020-05-14,2.1,1018.9,90,16.6,15.4,.5,.3,.4,.7,5.3,9.1
22103,2020-05-15,4.2,1010.9,98,17,15,2.4,1.5,2.3,4.3,6,8
22103,2020-05-16,3.3,1008.5,98,15.5,15.2,1.7,1.1,1.7,2.7,6.8,7.1
22103,2020-05-17,2.6,1008.3,98,15.7,15.3,1.3,.8,1,1.8,6.3,7.1
22103,2020-05-18,5.4,1002.7,96,16.4,15,1.3,.8,1.3,2.3,5.9,9.1
22103,2020-05-19,9.2,1004.2,87,15.4,14.5,2.3,1.4,2.2,3.6,5.3,7.1
22103,2020-05-20,5.6,1012.6,92,15,14.7,1.4,.8,1,1.8,7.1,8
22103,2020-05-21,5.1,1017.2,93,15.7,15,1.2,.7,.9,1.5,5.8,10.7
22103,2020-05-22,8.1,1015.4,92,15.9,15,1.9,1.2,1.4,2.5,5.1,5.8
22103,2020-05-23,4.5,1014.4,96,16,15.3,1.4,.9,1,1.6,5.2,6.4
22103,2020-05-24,2.4,1013.2,98,17.5,16.8,1,.6,.8,1.2,7.4,8
22103,2020-05-25,3.6,1013.4,97,16.9,16,1,.6,.7,1.3,7.7,9.1
22103,2020-05-26,5.5,1011.4,96,16.4,15.7,.9,.6,.7,1.4,5.7,8
22103,2020-05-27,5.1,1010.9,94,16.8,15.8,.9,.5,.7,1.3,4.7,8
22103,2020-05-28,5,1012.1,94,16.8,16,.8,.5,.7,1.3,4.2,8
22103,2020-05-29,3.2,1016.8,94,17.1,16.3,.7,.4,.8,1.3,4.8,9.1
22103,2020-05-30,5,1018.4,97,17.4,16,.8,.5,.6,1,4.3,7.1
22103,2020-05-31,4.4,1014.4,98,17,15.7,1.5,.9,1.3,2.5,5.2,7.1
22103,2020-06-01,4.4,1012.4,97,17.3,15.8,1.2,.8,1,1.9,5.6,7.1
22103,2020-06-02,2.9,1010.7,95,17.6,16.8,.8,.5,.7,1.4,5.8,7.1
22103,2020-06-03,1.8,1007.2,98,18.5,17.1,.7,.5,.6,.9,4,5.3
22103,2020-06-04,2.2,1007.4,97,19.4,17.5,.9,.5,.9,1.3,4.9,6.4
22103,2020-06-05,3,1009.2,98,18.6,16.8,1.1,.7,.8,1.6,6.5,7.1
22103,2020-06-06,4.9,1010.9,98,18.4,17,1.2,.8,1,1.6,5.8,7.1
22103,2020-06-07,3.1,1014.2,96,18.7,17.8,1.2,.7,1,1.5,5.7,6.4
22103,2020-06-08,3.2,1016.7,96,19.3,18.2,.8,.5,.6,1.1,5.7,8
22103,2020-06-09,2.9,1016.7,95,20.5,18.9,1.1,.7,.9,1.6,6.4,7.1
22103,2020-06-10,2.1,1011.7,92,21.4,19.4,1.4,.8,1.2,1.9,6.3,7.1
22103,2020-06-11,3.6,1005.6,98,20.1,18.4,1.9,1.2,1.5,2.3,6,7.1
22103,2020-06-12,2.8,1007.3,98,20.8,19.3,1.9,1.1,1.4,2.4,6.7,7.1
22103,2020-06-13,4.1,1007.6,98,20.8,18.7,2,1.2,1.5,3,6.2,7.1
22103,2020-06-14,5.9,1008.2,98,20.1,17.9,2.3,1.4,1.6,2.8,6.5,7.1
22103,2020-06-15,5.2,1009.5,98,19.1,17.6,1.7,1.1,1.4,2.1,7,8
22103,2020-06-16,4.2,1008.2,98,19.5,18.2,1.2,.7,.9,1.5,6.3,8
22103,2020-06-17,2.3,1008.1,98,19.3,18.5,1.1,.7,.8,1.3,6.5,7.1
22103,2020-06-18,8.4,1003,98,18.3,17.9,1.8,1.1,1.4,2.5,5.3,7.1
22103,2020-06-19,4.3,1007.9,97,19.8,19.2,2,1.2,1.5,2.8,7.6,8
22103,2020-06-20,4.3,1012.8,96,20.3,19.8,1.4,.9,1.2,2.3,7.2,8
22103,2020-06-21,6.4,1009.9,96,20.6,20.3,1.7,1.1,1.3,2.4,5.6,8
22103,2020-06-22,3.5,1011,97,20.9,20.8,1,.6,.9,1.6,6.1,7.1
22103,2020-06-23,3.2,1011.4,98,21.8,21.5,1,.6,.7,1.2,6.4,7.1
22103,2020-06-24,6,1006.7,98,23.2,21.1,2.1,1.2,1.9,3.5,5.7,7.1
22103,2020-06-25,3.2,1005.7,98,20.9,19.8,1.8,1.1,1.6,2.4,6.1,6.4
22103,2020-06-26,4.2,1009.6,98,20.8,20.1,1.2,.7,.9,1.4,6,6.4
22103,2020-06-27,2.4,1006.7,98,21.2,20.4,1.3,.8,.9,1.6,6.5,7.1
22103,2020-06-28,4.2,1006.4,97,21.3,20.4,1.6,1,1.3,2.3,7.1,8
22103,2020-06-29,5.6,1003.4,97,21.4,19.5,2.4,1.5,3,5,6.8,8
22103,2020-06-30,11,998,97,19.4,17.6,4.3,2.8,4.7,7.1,7.9,9.1
22103,2020-07-01,5.6,1007,97,19,17.4,2.2,1.3,2,3.1,7.6,8
22103,2020-07-02,2.3,1012.8,97,19.7,18.2,1.2,.7,.8,1.7,6.9,8
22103,2020-07-03,7.6,1011.1,98,19.3,17.5,1.6,1,1.3,2.1,6,8
22103,2020-07-04,3.3,1009,97,19.5,18.5,1.9,1.2,1.6,2.3,6.9,8
22103,2020-07-05,3.4,1006.7,98,20.1,19,1.5,.9,1.3,2.1,6.7,7.1
22103,2020-07-06,2.8,1003.3,98,21,19.7,1.6,1,1.5,2.4,6.5,8
22103,2020-07-07,2.3,1006.6,98,21.2,20.4,2.1,1.3,1.8,2.9,7.2,8
22103,2020-07-08,3.5,1007.2,98,20.2,20,1.6,1,1.4,2.3,7.1,8
22103,2020-07-09,5.9,1005.3,98,21.2,20.3,1.7,1.1,1.5,2.4,6.2,7.1
22103,2020-07-10,6,1002.9,98,22.6,21.7,3.2,2,3.1,5.3,7.3,8
22103,2020-07-11,3.7,1009.1,98,21.3,20.2,2.3,1.4,1.9,3.6,7.6,8
22103,2020-07-12,7.7,1011.1,98,21.4,19.7,2.2,1.3,1.7,3.1,5.7,7.1
22103,2020-07-13,6.2,1004.3,98,22.2,19.6,2.6,1.5,1.8,3.5,5.7,6.4
22103,2020-07-14,7,1005.2,98,20,19.2,2.1,1.3,1.6,2.8,6.4,7.1
22103,2020-07-15,2.9,1007.6,98,19.8,19.5,1.1,.7,.8,1.6,5.4,8
22103,2020-07-16,3.4,1008.9,98,20.5,19.3,1,.6,.7,1.2,5.1,8
22103,2020-07-17,2.3,1011,96,21.1,20.5,.9,.6,.7,1.1,7.1,8
22103,2020-07-18,5,1011.2,98,21.4,20.2,1.3,.8,1,1.6,7.2,8
22103,2020-07-19,5.6,1008.9,98,23.5,20.1,1.9,1.1,1.8,2.8,5.7,7.1
22103,2020-07-20,5.1,1010.6,98,22.6,19.9,2.7,1.6,2,3.7,6.7,8
22103,2020-07-21,1.9,1013.9,98,22.4,20.7,1.7,1,1.5,2.4,6.7,8
22103,2020-07-22,2.8,1012.2,98,22.8,21,1.1,.7,.9,1.5,5.7,7.1
22103,2020-07-23,5.7,1007.1,97,23.9,21.4,1.5,.9,2.2,3.4,5.1,8
22103,2020-07-24,9.3,1000.5,97,21.6,19.7,3.6,2.2,2.9,4.8,6.7,7.1
22103,2020-07-25,7.3,1005.1,98,20.8,20,2,1.3,1.7,2.7,6.6,7.1
22103,2020-07-26,1.8,1009.6,98,21.5,20.7,1.1,.7,.9,1.7,5.5,8
22103,2020-07-27,3.8,1009.6,98,22.5,20.6,1.4,.9,1.3,2,6.4,7.1
22103,2020-07-28,3.8,1012.3,98,23.9,20.8,1.9,1.2,1.5,2.5,6.2,7.1
22103,2020-07-29,2.2,1014.8,98,24.3,21.5,1.2,.7,.9,1.5,5.8,6.4
22103,2020-07-30,2.2,1015,97,24.6,22.7,.8,.5,.5,.9,5.1,6.4
22103,2020-07-31,1.5,1014.4,97,24.1,22.4,.7,.4,.5,.8,6.1,8
22103,2020-08-01,2.6,1012.2,94,25.2,24.3,.7,.5,.6,.9,6.1,7.1
22103,2020-08-02,4.4,1010.9,94,25.4,23.6,1.2,.7,.9,1.7,4.4,5.3
22103,2020-08-03,4.1,1010.9,92,25.5,23.5,1.4,.9,1,1.6,5.3,9.1
22103,2020-08-04,3.6,1012.5,92,26.2,24.4,2.2,1.4,2,3.3,9,10.7
22103,2020-08-05,4.4,1012.9,93,26.1,24,3.1,1.9,2.5,4,8.7,9.1
22103,2020-08-06,,1009.7,93,25.3,22.3,,,2.3,3.9,,8
22103,2020-08-07,,,,,,,,1.4,2.4,,6.4
22103,2020-08-08,6.9,1004.6,93,25.2,22.3,2.7,1.6,2.1,3.1,6.6,8
22103,2020-08-09,,,,,,,,2,3.6,,8
22103,2020-08-11,,,,,,,,2.1,3.3,,7.1
22103,2020-08-13,,,,,,,,1.3,2.1,,8
22103,2020-08-16,,,,,,,,.5,.9,,4.9
22103,2020-08-17,2.4,1013.3,88,27.6,27.4,.6,.4,.5,.8,4.8,5.3
22103,2020-08-18,3.4,1012.4,86,26.8,27.4,.5,.3,.4,.7,4.4,4.9
22103,2020-08-19,4.1,1010.8,87,25.7,25.3,.4,.3,.3,.6,3.6,5.3
22103,2020-08-20,3.3,1011.7,88,25.6,25.1,.5,.3,.4,.6,3.3,5.8
22103,2020-08-21,4.3,1013.3,90,26.4,27.9,.7,.4,.6,1.1,4.5,9.1
22103,2020-08-22,6.6,1011.7,84,27.1,28.5,1.3,.9,1.1,2,5,5.8
22103,2020-08-23,3.3,1008,87,27.3,28,.8,.5,.7,1.3,5.5,8
22103,2020-08-24,3.6,1005.3,83,28.4,28.5,2.2,1.3,2.1,3.6,9.8,10.7
22103,2020-08-25,7.3,1003.5,80,29.9,29.2,4.8,3,4.2,6.9,10.2,10.7
22103,2020-08-26,12.8,999.7,85,28.5,27.7,7.4,4.4,5.1,8.9,10.3,10.7
22103,2020-08-27,4.5,1003.8,93,26.1,24.4,3.6,2.2,3.8,5.9,7.7,9.1
22103,2020-08-28,3.1,1007.5,92,25.8,25.1,2,1.2,1.6,2.6,6.9,8
22103,2020-08-29,2.7,1009.4,92,26.8,26.2,1.7,1.1,1.3,2.3,7,8
22103,2020-08-30,1.3,1010.7,92,26.7,27,1.1,.7,.9,1.4,6.5,8
22103,2020-08-31,7.9,1010.7,85,26.4,25.5,1.7,1.1,1.9,2.9,5.7,7.1
22103,2020-09-01,9,1007,86,25.9,25.2,2.7,1.7,2.5,3.8,8.3,12.8
22103,2020-09-02,15,989.3,92,25.8,24.4,7.5,5,9,13.7,11.4,12.8
22103,2020-09-03,10.7,1002.3,84,24.6,24,3.8,2.4,6.3,10,7.3,10.7
22103,2020-09-04,2.2,1013.2,71,25.2,25.4,1.3,.8,1.1,1.7,7.1,12.8
22103,2020-09-05,7.7,1012.4,80,22.5,24.7,2.2,1.3,2.3,3.7,12.6,16
22103,2020-09-06,11.2,1001.5,87,23,24.1,3.8,2.4,2.9,5.4,13.3,16
22103,2020-09-07,13.8,993.5,86,23,23.4,4.3,2.7,3.7,7,7.8,16
22103,2020-09-08,6.5,1012.5,86,25.3,24.8,1.6,1,1.3,2.4,6.8,9.1
22103,2020-09-09,4.6,1011.1,83,25.1,25.2,1,.6,.9,1.5,4.9,7.1
22103,2020-09-10,2.8,1009,83,24.2,24.8,.8,.5,.6,1.1,5.2,6.4
22103,2020-09-11,5.6,1011.4,84,24.4,24.6,1.2,.7,1.4,2.3,4.7,6.4
22103,2020-09-12,6.3,1012,81,23.8,23.7,2.2,1.3,1.8,3,6.5,8
22103,2020-09-13,6.5,1014.6,79,23.3,23.5,1.9,1.2,1.5,2.6,5.9,7.1
22103,2020-09-14,2.2,1014.1,80,23.3,23.9,1,.6,.8,1.2,9.4,12.8
22103,2020-09-15,2.3,1012.5,82,23.8,23.9,.7,.4,.5,.9,8.8,10.7
22103,2020-09-16,4.3,1009.4,91,23.3,23.8,1,.6,.9,1.5,4.8,9.1
22103,2020-09-17,3.5,1010.7,84,22,23.2,.7,.4,.7,1.3,4.3,5.3
22103,2020-09-18,5.4,1014.9,70,21.8,23.1,.7,.4,.6,1,3.1,5.3
22103,2020-09-19,3.8,1016.8,69,22.6,23.1,.6,.4,.6,.9,4.8,7.1
22103,2020-09-20,5.2,1016.5,63,23,23.1,.6,.4,.5,.9,4.6,9.1
22103,2020-09-21,6.3,1016.5,62,22.7,23.1,1,.6,1.3,2.4,3.9,5.3
22103,2020-09-22,10.2,1015.4,68,22,23,2.8,1.7,2,3.6,6.5,8
22103,2020-09-23,9.9,1014,74,21.8,23.1,3,1.8,2.1,3.9,7.1,8
22103,2020-09-24,9.2,1011.9,76,22.2,22.8,2.9,1.8,2.1,3.5,6.4,7.1
22103,2020-09-25,4.1,1010.5,71,22.6,23.3,1.5,1,1.6,2.5,6.6,8
22103,2020-09-26,5.2,1013.8,69,22.3,23.2,1.8,1.1,1.3,2.2,7.3,9.1
22103,2020-09-27,9,1016.6,71,21.6,23,2.5,1.5,2,4,7,9.1
22103,2020-09-28,8.4,1015.6,70,21.3,23,2.4,1.5,1.9,3.4,6.4,8
22103,2020-09-29,4.8,1010.7,65,21.5,22.9,1.3,.8,1.5,2.5,6,9.1
22103,2020-09-30,3.3,1009.7,67,22,23.5,.9,.6,.7,1.3,6.5,9.1
22103,2020-10-01,4.7,1013.5,71,21.9,23.5,1.1,.6,.7,1.3,5.4,9.1
22103,2020-10-02,1.8,1015.5,71,22.4,23.9,.7,.5,.6,1,6.3,10.7
22103,2020-10-03,2.6,1015,74,22.8,24,.5,.3,.3,.6,7.3,9.1
22103,2020-10-04,5.2,1012.1,72,22.3,23.6,.7,.4,.8,1.3,5.1,9.1
22103,2020-10-05,10,1016,56,18.7,23.5,2,1.2,1.6,2.8,4.4,4.9
22103,2020-10-06,5.3,1020,58,19,23.1,1.1,.7,1.1,1.9,4.5,5.3
22103,2020-10-07,9.7,1021.9,63,20.8,22.7,2.3,1.4,1.9,3.3,6.1,7.1
22103,2020-10-08,13.5,1021.2,64,20.5,21.9,4.3,2.7,3.8,5.6,7.8,9.1
22103,2020-10-09,11,1019.1,62,20.8,21.7,3.6,2.3,2.9,4.4,7.6,9.1
22103,2020-10-10,6.1,1017.4,70,20.4,21.9,2.2,1.3,1.9,3.4,7.4,9.1
22103,2020-10-11,6.5,1015.1,67,20.2,21.8,2.2,1.3,2.3,3.3,7.8,9.1
22103,2020-10-12,5.7,1014.5,68,20.7,21.8,1.1,.7,1,1.9,5.3,8
22103,2020-10-13,8.2,1018.4,55,18.9,21.6,1.5,.9,1.3,2.3,3.8,4.3
22103,2020-10-14,6.9,1022.7,51,19.3,21.4,1.3,.8,1,1.5,4.4,5.8
22103,2020-10-15,5.6,1023,50,18.8,21.2,1.1,.7,.9,1.6,4.2,5.8
22103,2020-10-16,6.5,1021.8,63,18.7,21.1,1.4,.9,1.1,1.9,5.3,6.4
22103,2020-10-17,3,1021.9,55,18.8,21.2,.8,.5,.7,1.1,5.1,6.4
22103,2020-10-18,,,,,,,,.5,.7,,5.3
22103,2020-10-19,5.7,1023.5,59,19.2,21.1,1,.6,.7,1.4,4.3,8
22103,2020-10-20,7.6,1024.2,67,19.8,21,1.6,1,1.6,2.4,5.3,5.8
22103,2020-10-21,5.7,1017.9,79,19.1,20.3,1.7,1,1.5,2.3,4.9,5.8
22103,2020-10-22,8.4,1012.6,72,17.8,20.8,1.6,1,1.7,2.4,4.8,7.1
22103,2020-10-23,12,1014.1,58,14.9,19.8,2.5,1.6,1.8,3,4.6,5.8
22103,2020-10-24,10,1018.6,57,14.7,19.4,1.9,1.2,1.7,3,4.3,4.9
22103,2020-10-25,7.7,1019.7,67,16.8,19.1,1.3,.8,1.1,1.7,3.5,4
22103,2020-10-26,3.4,1018.9,62,17.2,19.8,.7,.4,.7,1.1,3.8,7.1
22103,2020-10-27,2.5,1020.1,69,17.7,19.6,.5,.3,.4,.6,5,10.7
22103,2020-10-28,5.8,1021.2,67,18.3,19.9,.8,.5,1.1,1.7,6.3,10.7
22103,2020-10-29,5.5,1021.9,51,16.2,19.8,1.1,.7,1.2,2,4,6.4
22103,2020-10-30,6.9,1023.3,61,17.1,19.2,1.7,1,1.9,4.5,4.9,7.1
22103,2020-10-31,6.3,1024.4,61,17.2,19.1,1.8,1.1,1.6,2.7,5.9,8
22103,2020-11-01,2.7,1020.8,73,17.8,19.2,.8,.5,.6,1.1,7.2,9.1
22103,2020-11-02,5.1,1019.4,66,16.9,19.6,.8,.5,.8,1.3,6.4,10.7
22103,2020-11-03,10.3,1020.1,55,13.5,18.9,1.9,1.1,1.6,2.7,4.1,4.9
22103,2020-11-04,7.1,1024.1,50,12.2,18.9,1.3,.8,1.3,2.3,4.8,7.1
22103,2020-11-05,4,1025.9,57,14.9,19.4,.7,.5,.5,.9,4.6,8
22103,2020-11-06,4.7,1021.2,79,18,18.6,.9,.5,.9,1.5,5.6,9.1
22103,2020-11-07,5.6,1018.4,76,18,18.4,1.3,.8,1.1,1.7,6.8,9.1
22103,2020-11-08,8.6,1021.5,55,15.1,17.6,1.5,.9,1.7,2.5,4.2,8
22103,2020-11-09,8.9,1024.6,49,12.5,18.5,1.8,1.1,1.5,3,4,4.9
22103,2020-11-10,5.9,1027.1,53,14.3,19.1,.9,.6,.9,1.5,3.7,9.1
22103,2020-11-11,5.8,1030.6,55,14.5,17.4,1,.6,.8,1.3,4.2,8
22103,2020-11-12,5,1029.2,68,15.9,17.2,1,.6,.9,1.4,4.4,4.9
22103,2020-11-13,3.8,1026.9,63,16.1,17.4,.8,.5,.6,.9,9.5,12.8
22103,2020-11-14,6.9,1027.7,74,17,17.1,1.7,1.1,1.5,2.5,6.6,10.7
22103,2020-11-15,3.9,1026.5,73,16.5,17.5,1.4,.9,1.4,2.6,6.1,9.1
22103,2020-11-16,5.5,1024.3,82,16.7,18.3,1.2,.7,1.1,2,6.2,9.1
22103,2020-11-17,6,1023.4,89,18.3,17,1.7,1.1,1.5,2.5,5.3,9.1
22103,2020-11-18,5.6,1017.9,86,20.3,17.5,2.5,1.5,2.2,3.7,5.8,7.1
22103,2020-11-19,10.3,1010.5,85,20.3,19.2,3.7,2.3,3.1,5.2,7.1,8
22103,2020-11-20,10.4,1017,69,12.8,18,2.3,1.4,1.7,3,5,7.1
22103,2020-11-21,7.8,1021.8,72,13.9,17.3,1.7,1,1.3,2.1,4.9,6.4
22103,2020-11-22,8.4,1020.4,77,14,17.1,1.7,1,1.4,2.5,5.4,10.7
22103,2020-11-23,8.7,1025.3,62,10.2,17.7,1.9,1.2,1.8,2.7,4.2,4.9
22103,2020-11-24,3.2,1025.9,55,11.1,17.2,.9,.5,.7,1.4,6.4,8
22103,2020-11-25,5.5,1025,48,12.7,16.8,.9,.5,.7,1.3,3.1,3.8
22103,2020-11-26,3.7,1024.9,56,12.5,16.5,.7,.5,.7,1.2,4.4,9.1
22103,2020-11-27,9.3,1024.7,62,11.4,16.1,1.6,1,1.7,3,3.9,5.3
22103,2020-11-28,10.1,1027,58,8.4,15.8,2.1,1.3,1.6,2.7,4.3,4.9
22103,2020-11-29,8.4,1028.4,62,8.8,15.9,1.6,1,1.2,2.1,4.4,9.1
22103,2020-11-30,7.4,1032.7,59,8.5,15.8,1.3,.8,1.2,2.1,3.6,4.6
22103,2020-12-01,5.5,1032,54,9,16,1,.6,1,1.6,3.9,4.9
22103,2020-12-02,6.8,1027.5,56,11,15.7,1.4,.9,1.1,1.8,4.8,5.8
22103,2020-12-03,8.9,1027.5,55,9,15.5,1.5,.9,1.2,2.1,3.7,4.3
22103,2020-12-04,9.4,1028.2,56,7.4,15.7,1.8,1.1,1.4,2.3,4,4.9
22103,2020-12-05,6.7,1029.1,55,8.9,15.2,1.1,.7,1.1,1.7,4,9.1
22103,2020-12-06,6.3,1027.5,56,9.9,15.2,1,.6,.9,1.5,4.5,9.1
22103,2020-12-07,6.3,1026.8,61,10.8,15,1,.6,.9,1.4,3.6,9.1
22103,2020-12-08,6.9,1027.2,60,7.8,14.6,1.1,.7,.9,1.5,3.4,3.8
22103,2020-12-09,3,1025.1,60,8.4,14.8,.7,.4,.5,1,5.3,9.1
22103,2020-12-10,3.6,1021.8,49,11,14.4,.6,.3,.4,.7,6.1,8
22103,2020-12-11,3.8,1019.2,63,11.8,14.7,.6,.3,.5,.8,6.6,9.1
22103,2020-12-12,7.1,1017.7,53,10.6,14.7,1.1,.7,.9,1.8,4,9.1
22103,2020-12-13,7.4,1018.2,50,9.9,14.5,1.3,.8,1.7,2.9,4.2,9.1
22103,2020-12-14,10.3,1026.2,60,3.1,14.7,2.1,1.3,1.7,2.9,4.2,4.6
22103,2020-12-15,8,1029.2,60,2.4,14.8,1.5,.9,1.4,2.3,3.8,4.3
22103,2020-12-16,8.2,1029.5,64,2.9,15,1.5,.9,1.3,2.4,4.3,9.1
22103,2020-12-17,7.3,1029.6,63,4.2,15,1.3,.8,1.1,1.6,3.5,4
22103,2020-12-18,7.8,1028,59,6.9,14.8,1.3,.8,1.3,3.4,4.3,9.1
22103,2020-12-19,10.7,1030.2,51,4.2,14.5,2.2,1.4,1.8,3.2,4.4,5.3
22103,2020-12-20,7.9,1031.1,60,5.6,14.7,1.4,.9,1.6,2.3,3.6,4.6
22103,2020-12-21,6.4,1029.3,55,7.1,14.7,1.1,.7,.8,1.4,3.3,5.3
22103,2020-12-22,4.3,1026.8,57,9.1,14.2,.7,.5,.7,1.2,3.9,9.1
22103,2020-12-23,3.2,1023.4,63,10.1,13.7,.5,.3,.4,.8,8.1,9.1
22103,2020-12-24,9,1017.7,61,10.4,14.2,1.4,.9,1.5,2.3,4.1,9.1
22103,2020-12-25,9,1023.3,57,6.9,14.5,2,1.2,1.7,3.7,4.5,7.1
22103,2020-12-26,3.1,1025.6,47,8.2,14.7,.8,.5,.6,1.1,7.1,9.1
22103,2020-12-27,7,1020.4,69,11.4,15.2,1.5,.9,1.7,3.2,6.1,9.1
22103,2020-12-28,5.1,1022.4,71,11.3,15.5,1,.6,1,1.5,5,6.4
22103,2020-12-29,7.6,1017.6,78,10.7,15.5,1.2,.8,1.7,2.6,4.3,9.1
22103,2020-12-30,14.8,1020.2,71,1.8,15.3,3.6,2.3,3.1,4.5,5.4,6.4
22103,2020-12-31,11.3,1025.3,67,2.3,14.7,2.5,1.5,1.9,3.7,5.5,9.1
22103,2021-01-01,7.7,1026.2,59,5.1,14.5,1.6,1,1.4,2.3,5.6,9.1
22103,2021-01-02,8.3,1027,59,5.8,14.4,1.5,.9,1.2,1.9,4.1,5.8
22103,2021-01-03,8,1032,55,4.3,14.5,1.4,.8,1.4,2.3,3.9,9.1
22103,2021-01-04,4.9,1030.1,54,7,15.3,.8,.5,.9,1.3,4.6,9.1
22103,2021-01-05,8.4,1026.7,62,6.4,15.6,1.4,.8,1.3,2.2,4.3,8
22103,2021-01-06,8.7,1024.1,66,2.8,15.1,1.7,1.1,1.5,2.7,4.4,7.1
22103,2021-01-07,12.5,1023.5,70,-1,14.9,3.4,2,2.9,5.2,5.6,8
22103,2021-01-08,9.1,1023,74,-2.2,14.7,2.1,1.3,1.7,2.9,5.7,9.1
22103,2021-01-09,8.4,1023.3,68,-.1,14.1,2.2,1.3,1.7,2.8,6.5,9.1
22103,2021-01-10,7.3,1026.9,65,2.6,12.8,1.6,1,1.4,2.4,6,8
22103,2021-01-11,4.6,1024.8,60,4.5,12.8,1,.6,.8,1.5,5.2,6.4
22103,2021-01-12,7.7,1019.1,60,5.3,12.6,1.4,.9,1.2,1.9,5.1,7.1
22103,2021-01-13,8.7,1017.3,55,12,13.2,2.4,1.5,2.1,3.6,5.5,7.1
22103,2021-01-14,5,1020.7,69,12.4,15.1,1.4,.9,1.5,2.5,5.7,6.4
22103,2021-01-15,7.8,1017.1,69,15.1,15.8,2.1,1.3,1.8,2.8,5.2,6.4
22103,2021-01-16,10.2,1022.4,67,5.7,16.4,2.1,1.2,1.5,2.6,4.3,4.9
22103,2021-01-17,9.5,1027.3,63,3,15.7,1.9,1.2,1.8,2.5,4.6,6.4
22103,2021-01-18,10.6,1022.2,63,6.9,15.4,2.5,1.5,2.6,4.2,5.7,10.7
22103,2021-01-19,6.3,1029.6,58,4.1,15.5,1.3,.9,1.6,2.5,5.6,7.1
22103,2021-01-20,6,1028.5,69,10,15.1,1.2,.7,.9,1.5,5,9.1
22103,2021-01-21,4.7,1022.7,75,13.6,15.2,1,.6,1,1.7,5.5,9.1
22103,2021-01-22,4.1,1017.4,92,12.4,15.6,1.6,.9,1.3,2.4,6.7,7.1
22103,2021-01-23,11.1,1015.1,81,13.1,13.5,3,1.9,3.4,5.2,6.5,9.1
22103,2021-01-24,9.7,1023.2,65,11.7,13.2,3.4,2,3.1,5,7.9,9.1
22103,2021-01-25,10.9,1023.7,71,12.7,15.8,3.7,2.2,2.5,4.4,6.8,8
22103,2021-01-26,9.6,1017.4,81,11,14.9,2.3,1.4,1.8,3.2,5.5,8
22103,2021-01-27,6.7,1020.5,55,9.1,14.3,1.4,.8,1.4,2.2,4.4,5.8
22103,2021-01-28,10.5,1017.4,63,7.3,14.2,2.3,1.4,2.6,4.1,5.2,6.4
22103,2021-01-29,11.2,1025.1,62,2.1,13.6,2.8,1.7,2.6,4,4.7,5.3
22103,2021-01-30,5.4,1027.1,64,8.3,13.5,1.4,.9,1.3,2.1,7.3,12.8
22103,2021-01-31,5.6,1026.9,67,12.4,14.1,1.4,.9,1.8,2.9,5.3,12.8
22103,2021-02-01,8.3,1017.6,79,12.9,14.2,3.8,2.3,3.1,5.4,7.5,8
22103,2021-02-02,10.2,1024.2,59,4.2,14.4,2.1,1.3,1.8,3,4.7,8
22103,2021-02-03,5.8,1026.5,57,4.5,14.4,1.3,.7,1.4,2.2,5.6,8
22103,2021-02-04,7.9,1025,55,7.8,14.3,1.5,.9,1.3,2.4,4.2,6.4
22103,2021-02-05,3.6,1022,53,8.5,14.9,.8,.5,.8,1.3,6,9.1
22103,2021-02-06,6.3,1017.3,73,11.6,14.4,1,.6,.7,1.2,3.6,6.4
22103,2021-02-07,6.9,1019.8,67,11.5,14.5,1.4,.9,1.2,2.1,4.9,5.8
22103,2021-02-08,10.9,1025.4,55,5.1,14.3,2.1,1.3,1.6,2.5,4.4,4.9
22103,2021-02-09,8.1,1027.5,54,5.4,13.9,1.5,.9,1.4,2.2,4.9,9.1
22103,2021-02-10,5.8,1024.9,53,8.7,14.2,.9,.5,.8,1.1,5.3,9.1
22103,2021-02-11,5.5,1023.9,67,10.8,14,.8,.5,.7,1.1,3.6,9.1
22103,2021-02-12,4,1023.8,64,11.7,14.5,.9,.5,.7,1.2,5.1,9.1
22103,2021-02-13,3.2,1022.9,72,12.8,14.9,1.6,1,1.3,2,9.5,10.7
22103,2021-02-14,5,1014.4,86,13.7,15.3,1.7,1.1,1.3,2,10.4,10.7
22103,2021-02-15,11.5,1011.3,74,8.6,14.9,2.5,1.5,2.2,3.9,6.7,10.7
22103,2021-02-16,10.2,1016.4,60,5.1,14.6,2.3,1.5,2.2,3.6,5.4,8
22103,2021-02-17,13.5,1018.5,69,1.3,14.2,3.1,1.9,2.4,4.1,5.1,6.4
22103,2021-02-18,13.4,1021.4,69,2.3,13.5,3,1.8,2.1,3.9,4.9,6.4
22103,2021-02-19,8.8,1020,66,8,13,1.8,1.1,1.4,2.3,4.3,4.9
22103,2021-02-20,9.2,1013.8,70,14.7,13.7,3.3,2.1,2.9,4.9,6.3,7.1
22103,2021-02-21,7,1014.1,76,16.2,13.8,2.7,1.7,2.2,3.3,6.2,7.1
22103,2021-02-22,8,1013.8,76,15.5,15,2.4,1.4,2,3.1,5.8,6.4
22103,2021-02-23,8,1022.4,49,9,15.5,1.4,.9,1.2,2,3.8,4.6
22103,2021-02-24,6.8,1023.3,60,10.6,14.3,1.2,.7,.8,1.3,4.7,9.1
22103,2021-02-25,9.2,1020.4,79,11.4,14.5,1.8,1.1,1.8,2.9,4.7,5.8
22103,2021-02-26,13.7,1018.4,75,11.8,15.3,4.2,2.7,3.5,6.2,7.3,8
22103,2021-02-27,15.6,1024.7,67,11.4,13.5,5.6,3.5,4,7,8.3,9.1
22103,2021-02-28,9.8,1024.2,81,12.8,13.5,3,1.9,2.9,5.3,6.9,9.1
22103,2021-03-01,8.5,1014.3,88,15.3,15.5,3.1,1.9,2.7,4.1,7,9.1
22103,2021-03-02,9.1,1021.8,67,9.1,15.2,2.4,1.4,2,3.4,6.6,10.7
22103,2021-03-03,5.8,1028.7,60,9.4,14.8,1.6,1,1.3,2.3,7.5,10.7
22103,2021-03-04,7.7,1021.9,83,11.4,14.5,1.9,1.1,1.8,2.9,6.1,10.7
22103,2021-03-05,5.6,1018.6,80,12.7,14.3,2,1.2,1.6,3,6.8,8
22103,2021-03-06,10.3,1023.7,74,12,13.8,2.6,1.6,3.3,5.1,6.7,10.7
22103,2021-03-07,8.4,1027,72,9.6,13.5,2.7,1.6,2.7,4.6,6.7,8
22103,2021-03-08,4.9,1026.1,73,10.7,12.8,1.2,.7,1.1,2.1,5.4,7.1
22103,2021-03-09,5.4,1024.5,63,11.3,13.6,1.3,.8,1.2,2.1,5.5,9.1
22103,2021-03-10,8.7,1026.9,64,12,14,1.7,1.1,1.9,3.3,4.9,7.1
22103,2021-03-11,6.7,1025.3,79,12.8,13.8,1.6,1,1.4,2.3,5.5,8
22103,2021-03-12,8.9,1016.9,87,12.2,13.5,2.5,1.5,2.5,4,6.2,8
22103,2021-03-13,5.2,1020.9,69,12,14.6,1.3,.8,1,1.6,7.2,8
22103,2021-03-14,5.6,1019.8,70,12.6,14.1,.9,.6,.8,1.3,6.3,8
22103,2021-03-15,4.1,1017.4,75,14.7,13.7,.9,.6,1,1.7,5.1,8
22103,2021-03-16,7.1,1013.6,81,13.9,13.7,1.9,1.2,1.6,2.7,5.4,6.4
22103,2021-03-17,6,1017.7,70,12.5,14.2,1.3,.8,1.1,1.9,5,5.8
22103,2021-03-18,8.9,1018.6,78,13.3,15.5,2.4,1.4,1.8,3.2,6.1,7.1
22103,2021-03-19,11.3,1017.5,76,13.6,15.7,3.1,1.9,2.3,3.7,6.6,7.1
22103,2021-03-20,9.4,1011.1,90,13.2,16.3,2.6,1.6,2.2,3.6,6.5,7.1
22103,2021-03-21,11.8,1014.6,67,9.8,15.3,2.5,1.6,2.1,3.3,4.9,7.1
22103,2021-03-22,10.6,1022.1,55,9.3,14.6,2.3,1.4,1.7,2.9,4.8,7.1
22103,2021-03-23,7,1023.2,62,12.4,14.4,1.5,.9,1.2,2,5.1,6.4
22103,2021-03-24,3.9,1021.2,74,13.3,13.7,1.1,.7,.9,1.5,4.4,5.8
22103,2021-03-25,3.3,1020.8,78,13.7,13.4,.8,.5,.7,1.1,4.8,5.8
22103,2021-03-26,3.5,1020.9,76,15,15.4,.7,.4,.5,1,6.8,9.1
22103,2021-03-27,7.1,1011.9,89,16.8,14.7,2.3,1.4,2.9,5.8,5.1,8
22103,2021-03-28,8.1,1006.3,86,13.2,13.6,3.3,2.1,3.4,5.7,8.2,9.1
22103,2021-03-29,6.3,1009,77,13.7,13.6,1.4,.9,1.3,2.1,6.9,8
22103,2021-03-30,2.9,1011.1,60,13.7,13.6,.7,.4,.6,1,7.2,9.1
22103,2021-03-31,5.3,1013.8,80,14.3,14.8,1,.6,1,1.5,5.8,9.1
22103,2021-04-01,13.1,1015.8,77,15.1,15.8,3.5,2.2,3.1,4.8,6.5,8
22103,2021-04-02,12,1017.3,84,15.6,15.4,3.9,2.4,2.8,5.2,7.4,9.1
22103,2021-04-03,7.4,1012.8,92,16.8,16,2.9,1.8,2.1,3.4,7.2,8
22103,2021-04-04,8.5,1013,87,13.4,16.1,2.7,1.6,2.1,3.6,6.2,8
22103,2021-04-05,7.9,1020.5,61,12.7,15.8,2.2,1.4,2,3,6.6,8
22103,2021-04-06,5.7,1019.8,64,13.8,15,1.7,1,1.9,3.3,6.4,8
22103,2021-04-07,4.3,1019.2,68,14.5,13.9,.8,.5,.9,1.4,4.4,9.1
22103,2021-04-08,6.5,1017.5,59,14.7,14.5,1.1,.7,1.2,2,4.3,6.4
22103,2021-04-09,8.5,1022.9,65,13.9,14.3,1.9,1.1,2.5,4.7,4.6,7.1
22103,2021-04-10,9.4,1029.7,67,13.2,14.4,2.6,1.6,2.6,4.4,6,7.1
22103,2021-04-11,7.3,1029.2,73,14.8,16.2,1.8,1.2,1.3,2.2,5.4,6.4
22103,2021-04-12,8.3,1019,82,16.9,15.8,2.8,1.7,2.7,5,5.8,7.1
22103,2021-04-13,10.5,1014,77,12.8,15,2.6,1.7,2.6,3.8,6.5,9.1
22103,2021-04-14,8.7,1018.1,55,11.6,14.5,1.7,1,1.6,2.8,3.9,4.9
22103,2021-04-15,4.5,1019,54,13.4,14.7,.8,.5,.7,1.2,4.8,8
22103,2021-04-16,2.8,1017,79,15.2,15.3,.9,,.9,1.4,5.8,7.1
22103,2021-04-17,8.1,1015.4,61,13.9,14.8,1.8,1.1,1.8,3.4,4.7,6.4
22103,2021-04-18,10.6,1017.1,55,13,14.6,2.3,1.4,1.8,3.5,4.9,5.8
22103,2021-04-19,7.6,1018,62,13.9,14.4,1.3,.8,1.1,1.7,5.3,12.8
22103,2021-04-20,3.3,1020.2,69,14.8,14.7,1.2,.7,.9,1.6,12.8,12.8
22103,2021-04-21,2.2,1021.5,86,15.7,15.2,1.1,.7,.8,1.3,12.4,12.8
22103,2021-04-22,5.2,1018.4,85,16.2,15.1,1.5,.9,1.4,2.3,12.8,12.8
22103,2021-04-23,11.3,1016.6,77,15.9,14.6,3.2,2,2.6,4.6,7.5,12.8
22103,2021-04-24,8,1018.9,84,15.3,14.7,3.2,1.9,2.4,4.8,7.4,9.1
22103,2021-04-25,6.8,1019.1,79,15,15.1,3.3,2,2.4,3.9,9.1,12.8
22103,2021-04-26,8.9,1021.4,66,14.8,15.7,2.9,1.7,2.3,3.7,6.9,10.7
22103,2021-04-27,4.7,1019.2,80,15.8,17.3,1.7,1,1.4,2.1,7,9.1
22103,2021-04-28,2.2,1016.4,84,16.4,17,1,.6,1,1.7,6.4,9.1
22103,2021-04-29,5.4,1007.9,86,15.8,15.3,.9,.6,1.1,1.9,4.7,9.1
22103,2021-04-30,8.1,1006.6,76,15.2,15,2.4,1.5,2.3,3.5,5.9,7.1
22103,2021-05-01,9.1,1007.4,71,13.2,14.8,1.9,1.2,1.5,2.7,5.7,7.1
22103,2021-05-02,7.6,1016.4,69,13.9,14.8,1.7,1.1,1.5,2.4,4.9,7.1
22103,2021-05-03,3.1,1019.2,78,15.2,15.6,1,.6,.8,1.4,6.3,9.1
22103,2021-05-04,7,1011.5,89,17.5,15.4,2.7,1.7,4,5.9,5.6,8
22103,2021-05-05,8.1,1014.1,78,15.5,15.1,3.1,1.9,3.3,5.3,8,9.1
22103,2021-05-06,2,1017.5,70,16.5,16.1,.9,.6,1,1.5,6.7,8
22103,2021-05-07,4.4,1009.7,80,17,15.7,1.2,.8,1.1,1.9,4,4.9
22103,2021-05-08,3.9,1007.4,76,16.1,15.9,1,.6,1,1.7,5,8
22103,2021-05-09,3.5,1010.4,78,16.3,15.9,1.1,.7,1.2,1.7,5.1,5.8
22103,2021-05-10,4.8,1011.8,82,16.7,15.8,1,.6,1,1.6,5.5,8
22103,2021-05-11,11,1011.7,85,16.2,15.5,2.7,1.7,2.3,3.9,5.7,7.1
22103,2021-05-12,10.5,1009.9,80,16.7,15.5,3,1.9,2.2,3.5,6.8,8
22103,2021-05-13,4.5,1011.5,84,17.9,18.2,1.5,.9,1.4,2.4,6.1,7.1
22103,2021-05-14,5.3,1011.5,91,18.5,18.9,1.2,.7,.8,1.4,5.3,6.4
22103,2021-05-15,4.1,1007.3,95,20.5,18.7,1.3,.8,1.1,1.6,4.8,5.8
22103,2021-05-16,7.8,1003.7,96,19.9,17.5,2.5,1.5,1.8,3.5,6.1,7.1
22103,2021-05-17,8.3,1007.2,90,16.2,17.1,2.4,1.5,1.8,2.9,6.7,7.1
22103,2021-05-18,4.6,1010.7,86,16.3,16.8,1.2,.8,1.1,1.7,6.4,7.1
22103,2021-05-19,1.8,1011.5,88,17.8,17.6,.7,.4,.6,.9,5.9,8
22103,2021-05-20,6.6,1004.2,94,17.5,17,1.5,.9,1.9,3.3,5.6,8
22103,2021-05-21,8.3,1008,81,16.8,16.2,2.3,1.4,2,3,6.2,7.1
22103,2021-05-22,5.3,1000.1,85,16.8,16.6,1.1,.6,.8,1.4,5.4,6.4
22103,2021-05-23,2,1010.7,87,18.7,17.9,.6,.4,.6,1,4.9,9.1
22103,2021-05-24,4.3,1008.4,87,18,17.4,.8,.5,.9,1.5,5.9,9.1
22103,2021-05-25,6.4,1009.2,83,17.3,16.4,1.4,.9,1.5,2.5,4.6,5.8
22103,2021-05-26,4,1009.7,84,17.2,16.3,1,.6,1.1,2,4.4,5.3
22103,2021-05-27,5,1004,91,17,16.6,1.8,1.1,1.4,2.3,6,8
22103,2021-05-28,6.8,1003.6,86,18.3,16.6,2.1,1.3,2,3.6,6.2,7.1
22103,2021-05-29,5.1,1007.5,82,17.5,16.8,1.3,.8,1.4,2.1,6,7.1
22103,2021-05-30,1.7,1009.5,85,18.6,17.8,.7,.4,.5,1,5.1,8
22103,2021-05-31,2.6,1011.5,91,19.1,18.8,.6,.4,.5,.8,5.5,8
22103,2021-06-01,3.9,1014.2,91,19,18.8,.9,.6,.7,1.2,4.8,7.1
22103,2021-06-02,3.2,1013.3,92,19.9,19,1,.6,.8,1.3,6.6,8
22103,2021-06-03,5.7,1003.5,95,20,18.6,2.3,1.4,1.7,3.2,6.2,8
22103,2021-06-04,6.5,1003.2,82,18.9,18.1,1.5,.9,1.2,2,5.8,7.1
22103,2021-06-05,3.9,1004.7,89,19.5,18.7,1.2,.7,1,1.6,5.7,9.1
22103,2021-06-06,3.2,1008.6,89,20.1,18.8,1.4,.9,1.4,2.2,5.1,9.1
22103,2021-06-07,1.8,1014.4,93,20.7,20,1,.6,.7,1.3,7.7,9.1
22103,2021-06-08,2.5,1015.4,94,21.5,20.9,.7,.4,.5,.9,6.6,8
22103,2021-06-09,4.9,1015.2,91,21.1,20.5,.9,.6,.7,1.2,5.1,7.1
22103,2021-06-10,5.3,1012.9,90,22,20.4,1.2,.7,1.6,2.8,4.7,5.8
22103,2021-06-11,4.4,1010.2,96,21.9,20.5,3.2,1.9,2.5,4.9,6.8,7.1
22103,2021-06-12,2.4,1010.9,96,21.2,20.7,1.7,1,1.5,2.4,6.3,7.1
22103,2021-06-13,3.6,1008.9,94,20.7,21,.8,.5,.7,1.2,6.1,7.1
22103,2021-06-14,2.9,1006.5,94,20.4,21.1,.5,.3,.4,.7,5.9,7.1
22103,2021-06-15,7,1002.1,95,21.5,20.5,1.6,.9,2.2,4,4.9,7.1
22103,2021-06-16,10.5,1001.8,88,21,20.2,3.2,1.9,2.3,4.3,6.5,7.1
22103,2021-06-17,7.4,1005.8,87,21,20.7,1.9,1.2,1.5,2.5,6.1,8
22103,2021-06-18,3.2,1002.5,94,20.9,20.8,1.5,1,1.1,1.9,8,9.1
22103,2021-06-19,5,1001.2,91,21.3,20.8,1.3,.8,.9,1.7,7.8,9.1
22103,2021-06-20,2.2,1002.6,87,22.1,21.7,1,.6,.7,1.4,7.5,8
22103,2021-06-21,3.8,1004,83,22.4,21.7,.7,.5,.6,.9,7.4,8
22103,2021-06-22,6.2,1008.9,85,21.8,21.1,1.6,1,1.2,2.1,5.1,5.8
22103,2021-06-23,3.6,1010.9,86,21.9,21.2,1.1,.7,.8,1.5,5.6,8
22103,2021-06-24,3.4,1011.6,86,22.4,22.5,.9,.5,.6,1,6.8,8
22103,2021-06-25,2.4,1011.2,81,23.1,23.2,.5,.4,.4,.7,6.4,8
22103,2021-06-26,4,1010,87,23.3,23.2,.7,.4,.6,1,5.2,7.1
22103,2021-06-27,5.4,1006.7,89,23.3,23.1,1.8,1.1,1.7,2.5,6.8,9.1
22103,2021-06-28,7.3,1004.3,87,23.5,23.4,1.7,1.1,1.2,2.2,5.2,5.8
22103,2021-06-29,4.6,1005.6,83,23.8,24,1.4,.9,1.1,1.7,6.6,9.1
22103,2021-06-30,5.7,1006.5,85,24.1,24,1.6,1,1.1,2.3,8.1,9.1
22103,2021-07-01,5.4,1006,84,24,23.5,1.6,1,1.2,2.2,7.1,8
22103,2021-07-02,6.8,1008.2,86,24.1,23.1,2,1.2,1.6,2.6,5.8,8
22103,2021-07-03,8.3,1006.2,92,24.6,23.2,2.6,1.6,1.9,3.2,5.8,6.4
22103,2021-07-04,6.3,1007.8,93,23.2,22.8,2.9,1.8,2.5,4.5,6.9,8
22103,2021-07-05,4.8,1010,94,23.4,22.9,1.8,1.2,1.4,2.3,6.4,7.1
22103,2021-07-06,7.1,1008.7,93,24.8,22.4,2.5,1.6,1.8,3.6,6.1,7.1
22103,2021-07-07,5.5,1008.2,95,25.1,22.9,2.1,1.3,1.5,2.8,6,6.4
22103,2021-07-08,3.2,1006,95,24.5,22.9,2.3,1.4,1.6,2.9,7.3,8
22103,2021-07-09,3.7,1006.4,93,24.9,23.6,1.8,1.1,1.4,2.5,7,8
22103,2021-07-10,2.8,1008.9,93,25.3,24.2,1.6,1,1.2,2.1,6,7.1
22103,2021-07-11,3.1,1011,92,26.4,25.3,1.6,1,1.3,2.1,6.3,7.1
22103,2021-07-12,5,1010.7,92,27.2,26.2,1.4,.8,1,1.9,5.2,6.4
22103,2021-07-13,5.7,1010.9,92,27.5,26.1,1.5,.9,1.2,1.9,5.7,6.4
22103,2021-07-14,3.9,1012.8,94,27.2,25.7,1.4,.9,1.1,1.7,6.2,6.4
22103,2021-07-15,2.6,1014.5,92,27.5,26.7,1,.6,.8,1.2,5.8,6.4
22103,2021-07-16,3.5,1013.9,90,27.2,26.5,.8,.5,.8,1.2,4.8,5.8
22103,2021-07-17,6.4,1011,84,27.1,26.6,1.4,.8,1,1.6,4.8,5.3
22103,2021-07-18,5.4,1010.4,87,27.3,26.2,1.8,1.1,1.3,2.4,5.5,7.1
22103,2021-07-19,5.5,1012.3,89,27.3,26.7,1.6,1,1.1,1.9,6.6,10.7
22103,2021-07-20,5.9,1012.9,88,27.4,26.1,1.8,1.1,1.6,2.4,10.1,10.7
22103,2021-07-21,8.5,1010.9,88,27.3,26.2,2.9,1.7,2,3.7,9.5,10.7
22103,2021-07-22,9.6,1009.3,88,27.3,26,2.7,1.7,1.9,3.3,7.8,10.7
22103,2021-07-23,8.5,1007.9,88,27.4,26.3,2.5,1.5,1.6,3.2,7,9.1
22103,2021-07-24,8.2,1006.7,88,27.5,26.3,2.7,1.6,1.9,3.3,9,10.7
22103,2021-07-25,7,1005.2,85,27.5,26.2,4.8,2.9,4,6.7,10.8,12.8
22103,2021-07-26,5.6,1003.7,86,27.5,26,3.8,2.4,3.5,5.9,9.1,10.7
22103,2021-07-27,4.5,1002.5,91,27.2,26.2,2.2,1.4,1.6,2.6,8.2,9.1
22103,2021-07-28,3.9,1002.7,89,27.4,26.7,1.7,1.1,1.4,2.4,8.3,9.1
22103,2021-07-29,3.1,1002.5,85,27.6,27.1,1.3,.8,1,1.8,8.5,9.1
22103,2021-07-30,3.8,1001.7,87,28,27.1,1.1,.7,.8,1.4,8.5,9.1
22103,2021-07-31,2.7,1001,92,28.2,27.7,1.1,.7,.8,1.3,8,9.1
22103,2021-08-01,2.7,1000.8,91,28.2,27.6,1,.6,.7,1.2,8,9.1
22103,2021-08-02,3.5,1003.1,89,28.4,27.3,1.2,.7,1,1.6,6.8,8
22103,2021-08-03,3.9,1007.5,86,28.6,27.9,1.8,1.1,1.5,2.4,6.4,8
22103,2021-08-04,4.1,1008.6,84,29.1,28.6,1.6,1,1.2,2,6.8,8
22103,2021-08-05,2.3,1005.6,82,29.2,28.7,1.3,.8,1.1,2.1,6.3,7.1
22103,2021-08-06,3.8,1002.4,86,29.2,28.7,1.2,.8,.9,1.5,7.2,9.1
22103,2021-08-07,2.8,1001.9,84,29.7,29.3,1.2,.7,1,1.5,9.1,10.7
22103,2021-08-08,6.6,1000.6,83,28.4,28.9,1.9,1.1,1.7,2.8,8.4,10.7
22103,2021-08-09,4.8,1002.6,82,28.2,28.5,1.9,1.2,1.6,2.8,9.3,10.7
22103,2021-08-10,2.8,1008.1,79,28.3,28.3,1.6,1,1.3,2,8.4,10.7
22103,2021-08-11,5.7,1009.7,82,26.7,27,1.8,1.1,1.6,2.7,6.7,10.7
22103,2021-08-12,5.3,1008.6,86,27.3,26.2,1.9,1.2,1.4,2.3,6.3,7.1
22103,2021-08-13,,,,,,,,1.7,2.6,,8
22103,2021-08-14,8.6,1005.4,85,25.4,26,2.9,1.8,2.2,4.4,7.2,8
22103,2021-08-15,6.3,1012.3,79,26.3,25.7,2.2,1.3,1.8,3.1,7.5,8
22103,2021-08-16,10.5,1011.8,80,26.3,25.5,2.9,1.8,2.1,3.5,5.8,6.4
22103,2021-08-17,5.7,1007.8,79,25.7,25.4,1.9,1.1,1.9,3,6.2,7.1
22103,2021-08-18,3.6,1008.5,83,25.1,25.6,1.4,.9,1.2,1.7,6.7,7.1
22103,2021-08-19,2.9,1011.1,75,26.2,25.9,1.2,.7,1,1.8,6.7,8
22103,2021-08-20,5.2,1011.6,84,26.9,26,1.1,.7,1.2,2.1,4.8,7.1
22103,2021-08-21,9.5,1006.6,90,26,25.8,3.1,2,3,4.6,6.2,7.1
22103,2021-08-22,3.2,1009.3,88,26.5,26,2.2,1.3,2.1,3.3,6.6,7.1
22103,2021-08-23,6.4,1006.8,92,27.1,26,2.5,1.6,5.1,7.9,7.5,10.7
22103,2021-08-24,7.9,1003.1,91,27.1,25.4,4.8,2.9,5,8.1,8.5,10.7
22103,2021-08-25,5.3,1007.2,91,26.7,25.6,2.9,1.8,2.2,4.1,7.4,8
22103,2021-08-26,2.9,1013.1,89,26.9,26.6,2,1.2,1.8,2.9,6.8,8
22103,2021-08-27,5.6,1013,91,27.3,26.4,1.5,.9,1.2,2,5.3,7.1
22103,2021-08-28,3.8,1013.5,88,27.3,26.8,1.4,.8,1.2,2,5,5.8
22103,2021-08-29,4.2,1013.6,88,27.5,26.3,.9,.6,.7,1.1,4.6,5.3
22103,2021-08-30,2.1,1014.9,91,26.9,25.9,.7,.4,.6,1,4.3,5.3
22103,2021-08-31,,,,,,,,.6,.8,,6.4
22103,2021-09-01,6.4,1009.9,88,26.7,25.6,1.4,.9,1.2,2,3.6,4.1
22103,2021-09-02,5.2,1009.1,90,24.4,24.4,1.5,.9,1.2,2,4.2,4.9
22103,2021-09-03,8.3,1007.8,87,23.5,25.2,1.9,1.2,1.3,2.4,4.2,4.4
22103,2021-09-04,8.3,1013.5,79,24.5,25.6,1.9,1.2,1.4,2.3,4.3,4.5
22103,2021-09-05,9.8,1016.1,78,24.6,25.6,2.4,1.5,1.8,3.2,4.5,4.9
22103,2021-09-06,10.2,1015,80,24.8,25.6,2.6,1.6,1.8,3.2,4.6,4.9
22103,2021-09-07,6.3,1010.1,86,25.4,25.4,1.5,.9,1.6,2.5,4,4.9
22103,2021-09-08,6.2,1010.7,77,24.2,25,1,.7,.9,1.4,3.6,4.2
22103,2021-09-09,2.5,1013.7,82,24.8,25.4,.5,.4,.5,.7,3.8,4.1
22103,2021-09-10,4.5,1013.4,88,24.1,24.9,.9,.6,1.1,1.6,3.8,4.4
22103,2021-09-11,3.4,1012.4,90,24.6,25.1,.9,.6,.8,1.4,4.5,5.3
22103,2021-09-12,5.1,1012.3,86,25.3,26.2,1.3,.9,1.3,2.1,5.2,6.3
22103,2021-09-13,11.3,1013.9,87,25.3,26,3.9,2.4,3.9,7.2,5.9,7.5
22103,2021-09-14,13.4,1009.9,93,24.3,25.2,5.7,3.5,4.2,7.1,6.7,7.8
22103,2021-09-15,16.5,1011.4,77,24,25,5.4,3.3,3.7,6.9,6,6.5
22103,2021-09-16,,,,,,,,3.4,5.7,,6.2
22103,2021-09-17,11.7,1003.5,87,23.8,25.2,4.2,2.7,3.8,6.1,5.7,6.3
22103,2021-09-18,5.4,1013.7,76,23.8,25.1,1.6,1,1.3,2.5,4.6,5.3
22103,2021-09-19,8.1,1015,76,23.8,24.8,1.8,1.2,1.4,2.2,4.2,4.4
22103,2021-09-20,7.5,1011.4,82,24.9,24.8,1.9,1.2,1.4,2.8,4.2,4.7
22103,2021-09-21,6.3,1007.9,84,24.5,24.7,2.1,1.3,2.2,3.1,4.6,5.3
22103,2021-09-22,5.3,1010.8,88,24.7,24.7,1.2,.8,1,1.7,3.8,4.3
22103,2021-09-23,5.5,1016.9,72,23.8,24.7,.8,.6,.7,1.2,3.3,3.7
22103,2021-09-24,7.3,1020.8,75,23.7,24.7,1.1,.7,1.4,2.3,3.4,4.3
22103,2021-09-25,9.5,1020,81,23.8,24.4,2.3,1.4,1.8,3.1,4.5,4.8
22103,2021-09-26,10.3,1018.3,75,23.5,24.5,2.7,1.7,1.9,3.8,4.8,5.1
22103,2021-09-27,9.2,1014.5,78,23.3,24.5,2.6,1.7,2.1,3.3,4.9,5.4
22103,2021-09-28,7.1,1012.2,87,23.4,23.7,2.1,1.4,2,3,5,5.8
22103,2021-09-29,3.4,1008.7,93,24.7,24,1.7,1.1,1.5,2.6,5.9,6.8
22103,2021-09-30,6.4,1007.2,87,23.5,24.8,2.4,1.7,2.2,3.4,6.5,7.4
22103,2021-10-01,3.9,1008.9,82,23.6,25.2,1.5,1,1.6,2.3,5.7,6.6
22103,2021-10-02,4,1014.3,83,23.4,24,.7,.5,.6,1,3.7,4.1
22103,2021-10-03,3.9,1020,89,24.3,24.2,.6,.4,.6,1,3.7,4.4
22103,2021-10-04,5.2,1021.5,83,25.6,24.3,2.2,1.3,1.7,3.1,4.6,5.1
22103,2021-10-05,1.6,1021.2,90,24.9,24.6,1.3,.9,1,1.6,4.6,4.9
22103,2021-10-06,4.8,1018.7,90,24.1,24.6,1.2,.8,.9,1.6,4.4,5.2
22103,2021-10-07,2.9,1016.8,82,24.4,24.6,1.1,.7,.9,1.4,4.7,5.3
22103,2021-10-08,4.7,1019.1,83,24.4,24.6,1,.7,1,1.7,4.3,5.3
22103,2021-10-09,6.9,1020.6,90,24.4,24.7,1.6,1,1.3,2.2,4.3,4.9
22103,2021-10-10,4,1018.3,92,25,24.6,1.6,1,1.3,2.1,4.8,5.3
22103,2021-10-11,6.4,1017.4,90,22.9,23.9,1.9,1.2,1.9,3.2,5.2,6.1
22103,2021-10-12,,,,,,,,2.4,3.9,,5.6
22103,2021-10-13,,,,,,,,2,3.3,,5.2
22103,2021-10-14,5.2,1019,82,23,24.2,2,1.3,1.7,2.9,5.7,6.5
22103,2021-10-15,4.5,1016.3,72,23.1,24.7,1.2,.7,1,1.8,4.9,5.4
22103,2021-10-16,10.9,1019.1,70,17.8,23.9,2,1.3,1.8,3.2,4,4.4
22103,2021-10-17,8.9,1024,51,13.2,24,2.2,1.4,2.1,3.4,4.4,4.9
22103,2021-10-18,3.5,1022.6,45,15.4,24.5,1,.7,.9,1.4,4.4,4.9
22103,2021-10-19,7.4,1019.1,59,16.9,23.3,1.1,.7,1.2,1.7,3.5,5.1
22103,2021-10-20,4.8,1020.3,55,14.4,22.3,1.1,.8,1.2,1.8,4.2,5.1
22103,2021-10-21,5.8,1018.3,55,15.6,21.5,1.1,.7,1.2,2,3.9,4.3
22103,2021-10-22,10.1,1020.7,53,16.1,21.6,1.9,1.2,1.4,2.4,3.9,4.1
22103,2021-10-23,6.6,1026.8,55,17.5,21.6,1.5,1,1.1,2,4.2,4.6
22103,2021-10-24,5.6,1024.8,63,18.7,22.8,1.2,.8,1,1.5,4,4.7
22103,2021-10-25,4.9,1021.1,54,18.6,22.3,.8,.6,.8,1.3,3.7,4.1
22103,2021-10-26,3.3,1019.7,56,17.8,20.4,.6,.4,.5,1,3.5,4.3
22103,2021-10-27,6.7,1019.1,65,18,20.4,.9,.6,.9,1.5,3.1,3.5
22103,2021-10-28,6.4,1021.5,61,17.8,20.3,1.2,.8,1.3,2.2,3.8,4.3
22103,2021-10-29,9.3,1023.4,65,18.6,20.2,2.3,1.4,1.7,2.8,4.5,4.8
22103,2021-10-30,5.7,1023,66,18.6,20.2,1.5,1,1.3,2.1,4.2,4.6
22103,2021-10-31,4,1023.4,65,18.4,20.1,.8,.6,.7,1.2,3.8,4.3
22103,2021-11-01,6.2,1022.9,66,18.1,20.1,.9,.6,.9,1.4,3.2,3.4
22103,2021-11-02,7.2,1020.9,62,15.9,19.6,1.2,.8,1,1.6,3.4,3.6
22103,2021-11-03,6.1,1018.9,61,16.2,20.3,1.1,.7,.9,1.4,3.4,3.6
22103,2021-11-04,4.8,1019.6,67,17.4,20.5,.8,.5,.8,1.4,3.3,3.7
22103,2021-11-05,6.1,1019.4,68,18.6,19.9,.9,.6,1,1.6,3.3,3.8
22103,2021-11-06,10.6,1017.9,65,19.2,19.8,2.7,1.7,2,3.3,4.6,5
22103,2021-11-07,9.7,1017.9,71,18.9,19.5,2.6,1.7,2,3.5,4.8,5.5
22103,2021-11-08,10.9,1013.6,73,15.4,19.5,3.1,2,3.2,4.6,5,6.3
22103,2021-11-09,11,1013.5,63,12.5,19.2,3,1.9,2.1,3.7,4.8,5.3
22103,2021-11-10,10.9,1010.1,62,13.2,18.4,3.4,2.1,2.3,4.4,5.1,5.4
22103,2021-11-11,8.7,1013.1,64,12.9,18,2.1,1.4,1.7,2.7,4.4,4.9
22103,2021-11-12,8.4,1018.5,64,11.4,17.6,1.7,1.2,1.5,2.2,4.1,4.4
22103,2021-11-13,5,1020.2,58,13.5,16.8,1,.7,1,1.8,3.8,4.3
22103,2021-11-14,5.8,1019.8,58,16,19.8,.9,.6,.9,1.4,3.3,3.8
22103,2021-11-15,4.2,1021.5,63,15.1,16.8,.6,.4,.5,.8,3.2,3.6
22103,2021-11-16,5.4,1023.4,59,14.9,16.7,.6,.4,.6,.9,2.8,3.1
22103,2021-11-17,4.3,1023.2,56,14,17.6,.6,.4,.6,.9,3.2,3.8
22103,2021-11-18,3,1019.8,54,14.4,17.8,.6,.4,.6,.9,3.8,4.7
22103,2021-11-19,3.7,1018.5,77,14.6,16.1,.5,.3,.4,.6,3.9,5.2
22103,2021-11-20,3.5,1020,84,14.9,15.5,.7,.5,.5,.8,3.7,5.1
22103,2021-11-21,3.7,1016.1,88,15.4,15.3,.8,.5,.7,1.1,4.3,5.3
22103,2021-11-22,11.7,1015.9,64,10.1,15.4,2.7,1.6,2.2,4,4.4,5
22103,2021-11-23,10.5,1018.8,65,9.1,15.4,2.1,1.4,1.9,3.3,4,4.7
22103,2021-11-24,9.3,1019.6,59,12.3,16,1.8,1.2,1.4,2.5,3.9,4.2
22103,2021-11-25,8,1019.4,60,14.2,15.6,1.6,1.1,1.4,2.5,3.8,4.3
22103,2021-11-26,6.8,1025.9,57,11.5,15.8,1.1,.7,.8,1.4,3.2,3.6
22103,2021-11-27,5.4,1032.7,56,11,15.6,.9,.6,.8,1.3,3.3,3.8
22103,2021-11-28,5.1,1032.7,64,13.2,15.8,1,.7,.8,1.3,3.8,4.3
22103,2021-11-29,4,1026.9,70,13.9,16.2,.9,.6,.6,1.1,4.4,5.2
22103,2021-11-30,11.1,1013.7,76,13.6,16.4,3.1,1.9,2.8,5.2,4.8,5.5
22103,2021-12-01,13,1020.9,62,7.1,15.6,2.9,1.9,2.7,4.3,4.6,5.6
22103,2021-12-02,6.6,1020.9,59,8.1,16.2,1.1,.7,1.1,1.7,3.7,4.3
22103,2021-12-03,10.1,1019.1,59,10.6,15.9,2,1.2,1.7,2.9,3.9,4.3
22103,2021-12-04,6.1,1026.1,59,9.6,16.1,1.1,.7,1.2,2.1,3.6,4.3
22103,2021-12-05,4.6,1027.5,71,10.5,16.1,.9,.6,.7,1.2,3.8,4
22103,2021-12-06,4.7,1025.4,75,12.8,16.5,.8,.5,.7,1.2,3.8,4.6
22103,2021-12-07,6.8,1026.4,62,12.7,16.6,1,.6,.8,1.3,3.2,3.5
22103,2021-12-08,7.2,1030.5,63,12.4,16.4,1.7,1.1,1.4,2.3,4.4,5.1
22103,2021-12-09,8.3,1027.7,74,13.4,17.1,2,1.3,1.5,2.5,4.6,5.3
22103,2021-12-10,5,1024.7,77,14,16.4,1.1,.7,1,1.5,3.8,4.2
22103,2021-12-11,5.4,1025.1,70,11.7,16.1,.8,.6,.7,1.2,3.3,3.5
22103,2021-12-12,10.5,1023.7,68,9.9,16.3,1.8,1.2,1.9,3.1,3.6,4.3
22103,2021-12-13,8.8,1026.1,61,5.1,15.9,1.8,1.2,1.8,3.2,3.9,4.3
22103,2021-12-14,5.4,1023.5,61,7.7,15.7,.9,.6,.9,1.3,3.4,3.8
22103,2021-12-15,2,1021.7,73,12.7,15.7,.6,.4,.5,.9,3.8,4.2
22103,2021-12-16,5.3,1018,79,11.2,16,.8,.5,.9,1.6,3.7,4.6
22103,2021-12-17,13.7,1021.6,67,5.6,16.2,2.9,1.9,2.5,4.2,4.4,5.1
22103,2021-12-18,8.5,1026.7,63,2.8,15.8,1.7,1.1,1.9,3.1,4,4.3
22103,2021-12-19,9.5,1023,58,7.9,15.8,1.9,1.2,1.7,2.7,4,4.7
22103,2021-12-20,7,1020.1,57,12.2,15.7,1.4,.9,1.3,2.4,3.8,4
22103,2021-12-21,7.8,1017.4,63,13.5,15.5,1.6,1,1.3,2,3.9,4.4
22103,2021-12-22,3.7,1021,54,11.4,15.9,.7,.5,.8,1.1,3.4,4.2
22103,2021-12-23,2.6,1023,52,11.8,18,.7,.4,.5,.8,4.1,4.8
22103,2021-12-24,8,1020,65,10.3,16,1.3,.8,1.7,3.1,3.6,4.5
22103,2021-12-25,14,1027.8,73,1.1,15.5,3.2,2,2.3,4.3,4.6,4.9
22103,2021-12-26,10,1032.3,68,-.5,15.3,1.9,1.3,1.6,2.8,3.9,4.3
22103,2021-12-27,8.9,1031,66,2.4,15.1,1.5,1.1,1.5,2.3,3.8,4.2
22103,2021-12-28,6.6,1028,60,7.2,14.3,1.1,.8,1,1.7,3.6,3.9
22103,2021-12-29,7.5,1021.4,63,9.3,14.8,1.6,1,1.8,3,4,4.5
22103,2021-12-30,12.9,1024.5,60,5.7,14.2,2.9,1.9,2.3,4.4,4.5,4.9
22103,2021-12-31,11.4,1029.4,63,3.2,14.5,2.4,1.5,1.9,3.5,4.1,4.5
22103,2022-01-01,3.6,1029,57,4.4,14.7,1,.7,1.2,1.8,4.1,4.4
22103,2022-01-02,6.5,1026.3,58,7.7,14.8,.9,.6,.9,1.4,3.5,4.8
22103,2022-01-03,6.3,1025.3,54,6.5,15,.9,.6,.8,1.2,3.1,3.4
22103,2022-01-04,7.5,1026.1,59,7.1,14.9,1.1,.7,.9,1.5,3.2,3.5
22103,2022-01-05,5.8,1024.7,68,6.8,15.7,1.1,.7,1,1.9,3.6,4
22103,2022-01-06,8.7,1025.6,53,7.5,15.5,1.5,1,1.2,1.9,3.7,3.8
22103,2022-01-07,3.9,1028.1,53,7.3,15.3,.8,.6,.8,1.3,3.8,4.2
22103,2022-01-08,6.4,1024,59,7,16,1,.7,.9,1.6,3.4,3.7
22103,2022-01-09,5.6,1021.8,61,7.9,15.7,.8,.5,.7,1.2,3.1,3.4
22103,2022-01-10,3.8,1019.2,66,8,15.4,.7,.5,1,1.6,3.4,3.8
22103,2022-01-11,12.4,1018.6,69,3.2,14.7,2.8,1.7,2.2,3.8,4.3,4.8
22103,2022-01-12,10.2,1021.7,69,1.9,14.5,2.1,1.3,1.6,3,3.9,4.3
22103,2022-01-13,10.9,1020.4,70,2.8,13.7,2.3,1.4,2.3,3.8,4.1,4.8
22103,2022-01-14,7.1,1024.7,58,3.2,13.4,1.7,1.1,1.7,3.2,4.3,5.3
22103,2022-01-15,4.6,1023.2,57,6.7,13.4,.9,.6,.6,1.1,4,5.3
22103,2022-01-16,8.7,1024.5,65,5.7,13,1.6,1,1.4,2.7,3.8,4.1
22103,2022-01-17,10.2,1026.6,65,3.9,12.3,1.7,1.1,1.6,2.5,3.6,4.1
22103,2022-01-18,7.5,1026.5,49,2.7,12.5,1.5,1,1.6,2.5,3.8,4.2
22103,2022-01-19,5.6,1023.7,53,4.9,12.6,1,.7,1.3,1.8,3.6,4.3
22103,2022-01-20,6.1,1026.7,61,2.4,13.1,1.4,.9,1.5,2.3,4.3,5.8
22103,2022-01-21,5.9,1028.5,61,7,13.3,1.2,.8,.9,1.5,4.1,5.6
22103,2022-01-22,6.3,1024.8,64,10.6,14.2,1.3,.9,1,1.7,3.9,4.3
22103,2022-01-23,7.6,1018.7,73,10.9,14.5,1.8,1.1,1.4,2.4,4.3,5.4
22103,2022-01-24,10.3,1019.7,69,9.3,13.8,3.1,1.9,2.6,4.3,5.1,5.5
22103,2022-01-25,5.9,1021.2,71,8.5,13.7,1.4,.9,1.6,2.6,4.2,4.8
22103,2022-01-26,7.4,1023.5,61,7,15.2,1.1,.8,1.1,1.7,3.3,3.6
22103,2022-01-27,6.2,1022.7,58,6.6,15.1,1,.7,1.2,2,3.3,3.7
22103,2022-01-28,9,1022.3,57,5.2,14.7,1.7,1.1,1.3,2.2,3.7,4.1
22103,2022-01-29,9.1,1019.6,52,4.7,14.2,1.7,1.1,1.3,2.2,3.7,3.9
22103,2022-01-30,8.3,1020,49,4.5,14.4,1.5,1,1.6,2.7,3.6,4
22103,2022-01-31,8.1,1024.2,53,5,14.2,1.4,.9,1.6,2.4,3.6,4
22103,2022-02-01,10.3,1025.8,61,5.5,14,1.8,1.2,1.4,2.4,3.8,4.1
22103,2022-02-02,8.6,1027.1,61,4.3,14,1.4,.9,1.2,1.8,3.5,4
22103,2022-02-03,9,1025.2,57,4.3,14,1.4,.9,1.2,1.8,3.4,3.8
22103,2022-02-04,10.5,1024.3,59,3.7,14,1.9,1.2,1.6,3.4,3.7,4.2
22103,2022-02-05,11.6,1025.9,66,2,14.5,2.2,1.4,1.8,3,3.9,4.4
22103,2022-02-06,9.3,1028.6,62,3.2,14.5,1.7,1.1,1.8,2.6,3.7,4.5
22103,2022-02-07,6.3,1026.8,56,3,13.8,1.1,.8,1.2,2,3.5,3.8
22103,2022-02-08,6,1025.8,55,5,12.7,1,.6,.8,1.2,3.2,3.4
22103,2022-02-09,5.7,1023.6,59,7.8,12.4,1.1,.8,.9,1.4,3.7,4.2
22103,2022-02-10,8,1021.5,56,7.3,12.3,1.2,.8,1,1.7,3.3,3.9
22103,2022-02-11,4.7,1024.7,50,7.6,11.5,.9,.6,.9,1.5,3.6,4
22103,2022-02-12,5.9,1023.1,56,9.9,13.1,1,.6,.7,1.3,3.4,3.8
22103,2022-02-13,6.6,1019.3,67,10,11.4,1.6,1.1,1.4,2.1,4.3,4.9
22103,2022-02-14,6.5,1019.9,69,9.5,12.9,1.3,.9,1.1,1.9,4.2,5
22103,2022-02-15,11.1,1021.6,66,3.2,12.5,2.2,1.5,1.8,3.1,4,4.6
22103,2022-02-16,11.4,1023.1,68,1.1,13.5,2.2,1.4,1.7,2.7,3.9,4.4
22103,2022-02-17,8.4,1026.8,57,.3,13.6,1.7,1.2,1.8,2.8,4,4.4
22103,2022-02-18,8.3,1027.3,67,6.2,13,1.7,1.1,1.4,2.8,4.1,4.3
22103,2022-02-19,8.6,1022.1,67,5.7,13.6,1.7,1.1,1.4,2.5,4,4.4
22103,2022-02-20,12.3,1025.8,63,1.2,13.8,2.6,1.7,2,3.5,4.3,4.6
22103,2022-02-21,8.8,1029.3,54,4.2,13.5,1.5,1,1.5,2.5,3.7,4.3
22103,2022-02-22,9.1,1031,54,3,12.6,1.5,1,1.2,1.9,3.5,3.9
22103,2022-02-23,9.4,1030.9,56,1.1,11.1,1.6,1.1,1.3,2.5,3.7,3.9
22103,2022-02-24,9.9,1030.3,58,2.7,10.1,1.7,1.2,1.8,2.7,3.7,4.3
22103,2022-02-25,8.2,1028,60,6.3,11.4,1.3,.9,1.1,1.7,3.3,3.6
22103,2022-02-26,6.5,1021.8,72,9.1,11.8,1.2,.7,1.8,2.8,3.4,4.4
22103,2022-02-27,8.2,1022.9,52,6.7,11,1.8,1.1,1.8,3.5,3.9,4.4
22103,2022-02-28,3.2,1021.6,63,9.6,11.4,.7,.4,.7,1.2,3.6,4.7
22103,2022-03-01,5.3,1015.1,87,9.7,10.8,1.2,.8,1,1.6,3.8,4.1
22103,2022-03-02,9.8,1018.6,61,5.6,10.7,1.8,1.2,1.6,2.9,3.8,4.3
22103,2022-03-03,6,1019.5,69,9.3,11.8,1,.7,1.1,1.5,3.3,3.7
22103,2022-03-04,5.2,1015.7,78,12,13.4,1.3,.8,1.6,2.9,3.7,4.5
22103,2022-03-05,10.6,1016.1,58,7.9,12.4,2.1,1.4,1.6,2.8,4,4.4
22103,2022-03-06,7.9,1021.1,53,5.2,12.2,1.5,1,1.4,2.4,3.6,4.1
22103,2022-03-07,4.8,1019.9,57,7.7,12.2,.9,.6,1,1.3,3.6,4.2
22103,2022-03-08,5.5,1019.1,55,9.7,13.2,.8,.5,.7,1,3.2,3.6
22103,2022-03-09,3.4,1021.8,67,10.5,12.9,.6,.4,.7,1.1,3.3,4
22103,2022-03-10,3.8,1021.5,69,13.4,13.6,.6,,.5,.9,3.3,4
22103,2022-03-11,2.9,1018.3,88,15.2,13.7,.7,,.6,.9,3.4,3.8
22103,2022-03-12,3.3,1017.2,92,15,13.8,.7,.5,.5,.8,3.5,3.8
22103,2022-03-13,5.9,1012.8,94,14.3,13.1,2.1,1.4,1.7,2.8,4.6,5.1
22103,2022-03-14,4.5,1012.8,96,11.6,11.8,1.7,1.1,1.4,2.5,4.6,5.1
22103,2022-03-15,4.1,1014.2,77,9.6,11.4,1,.7,1.1,1.7,3.9,4.7
22103,2022-03-16,2.2,1015.7,84,12.5,12.7,.6,.4,.4,.7,4.8,5.1
22103,2022-03-17,10.7,1016,87,11.8,13.5,2.5,1.5,3.2,5.2,4.5,5.8
22103,2022-03-18,9.4,1007.6,83,10.4,14.5,3.8,2.5,3.5,5.9,6,6.7
22103,2022-03-19,8.2,1010.5,76,7.8,13.7,2.1,1.4,1.9,3.1,4.7,5.6
22103,2022-03-20,5.3,1019.2,69,7.7,13.2,1.2,.8,.9,1.5,4.2,4.7
22103,2022-03-21,5.4,1022.4,68,9,13.6,1,.6,.8,1.4,3.5,3.8
22103,2022-03-22,5.7,1020.5,65,9.9,13.4,1.1,.7,1.5,2.8,3.8,4.5
22103,2022-03-23,6.3,1018,66,10.2,13.1,1.5,1,1.8,3.4,4.1,4.9
22103,2022-03-24,3.3,1021,59,11.3,13.7,.6,.4,.7,1,3.6,4.3
22103,2022-03-25,8,1015.3,83,15.1,12.8,2.7,1.6,4.7,7.2,4.4,7.1
22103,2022-03-26,11.8,1005.2,87,12.2,12.9,5.7,3.5,6.2,9.8,6.4,8
22103,2022-03-27,7.9,1016,63,11.3,,1.6,1.1,1.4,2.3,4.2,4.9
22103,2022-03-28,8,1024.6,58,10.2,12.4,1.9,1.2,1.6,2.7,4.1,4.8
22103,2022-03-29,5,1025.1,75,11.2,12.4,1.2,.8,1.1,1.7,4.1,4.4
22103,2022-03-30,3.7,1020.5,95,12.5,13,1.1,.7,1,1.6,4.3,5.2
22103,2022-03-31,4.8,1022.3,88,12.4,13.3,1.3,.8,1.2,2.4,4.3,5
22103,2022-04-01,7.6,1027.9,65,10.8,13.2,2,1.3,1.7,2.7,4.6,5.1
22103,2022-04-02,3.4,1027.3,60,10.7,13.1,1.1,.7,1,1.5,4.6,5.2
22103,2022-04-03,3.3,1027.4,61,10.6,14.2,.7,.5,.7,1,3.9,4.6
22103,2022-04-04,3.2,1027.7,69,11.9,14,.7,.4,.5,.9,4.1,5.1
22103,2022-04-05,5.1,1023.3,60,12.1,13.3,.7,.5,.7,1.1,3.4,3.8
22103,2022-04-06,5.4,1020.9,76,12.6,13.8,.8,.5,.7,1.1,3.3,3.7
22103,2022-04-07,7.5,1018.2,77,12.3,13.5,1.2,.8,1,1.6,3.5,3.7
22103,2022-04-08,3.1,1020.1,78,13,13.2,.6,.5,.7,1,4.2,5.3
22103,2022-04-09,2.6,1017.8,90,14.7,13.6,.9,.6,.9,1.3,3.6,4.1
22103,2022-04-10,2.5,1017.9,91,15.2,13.4,.8,.5,.6,1.2,3.7,4
22103,2022-04-11,2.5,1014.4,97,15.3,14.7,1.4,.9,1.2,2.5,4.4,5.1
22103,2022-04-12,2.2,1012.2,97,16.1,15.3,1.6,1,1.3,2.6,5,5.3
22103,2022-04-13,8.1,1013.1,93,14.1,13.9,2.3,1.4,2.9,4.9,4.9,5.6
22103,2022-04-14,12.2,1014.4,84,12.7,13.5,3.7,2.4,2.8,4.7,5.5,6
22103,2022-04-15,5.6,1016.2,76,12.4,13.5,2.3,1.5,2.2,3.3,5.6,6.7
22103,2022-04-16,4,1017.8,68,12.5,13.7,1.8,1.2,1.7,2.7,5.5,6.3
22103,2022-04-17,5.8,1018.6,69,12.9,13.6,1.1,.7,.9,1.5,3.7,4.2
22103,2022-04-18,2.7,1017.6,77,13.7,13.6,.7,.5,.7,1.1,4.4,5.6
22103,2022-04-19,3.2,1017.5,71,14.3,13.8,.5,.3,.5,.7,3.7,4.4
22103,2022-04-20,2.6,1017.1,81,13.9,14,.5,.3,.4,.8,3.7,4.5
22103,2022-04-21,2.6,1014.3,84,13,13.7,.5,.3,.4,.6,3.8,4.7
22103,2022-04-22,3.3,1013.7,90,14.8,13.9,1.2,.8,1.2,2.1,4.1,5.1
22103,2022-04-23,3.4,1012.4,96,14.5,14.3,1,.6,.8,1.5,4,4.4
22103,2022-04-24,3.6,1011.6,94,15.1,14.6,1,.6,.8,1.4,4.2,4.8
22103,2022-04-25,4,1010.5,95,16.5,15,1.1,.7,1.8,3.2,4.8,5.8
22103,2022-04-26,6.5,1003.8,98,16.2,14.6,3.7,2.3,2.8,5.1,5.7,6
22103,2022-04-27,6.7,1013.9,80,15.5,14.6,1.7,1.2,1.4,2.5,4.7,5.3
22103,2022-04-28,7.7,1015.5,81,14.8,14.7,1.8,1.1,1.7,2.7,4.3,4.8
22103,2022-04-29,7.7,1014.5,78,13,14.9,2.3,1.5,2,3.6,4.9,5.3
22103,2022-04-30,5.4,1017.9,73,13.7,15.2,1.6,1,1.6,2.5,4.8,5.2
22103,2022-05-01,7.8,1014.6,68,13.6,14.4,1.3,.8,1,1.9,3.4,3.7
22103,2022-05-02,6.7,1014.8,73,14.2,14.3,1.1,.7,1,1.6,3.4,3.8
22103,2022-05-03,2.6,1020.7,75,14,14.7,.8,.6,1,1.4,4.1,4.7
22103,2022-05-04,1.7,1021,85,14.9,15.2,.5,.4,.5,.9,3.6,4
22103,2022-05-05,2.5,1019.7,88,15.6,15.3,.6,.4,.6,1.1,3.7,4.3
22103,2022-05-06,2.6,1016.7,92,16.3,16.2,1.1,.7,.9,1.5,4.8,5.7
22103,2022-05-07,3.4,1016.8,86,16.8,16.3,1.1,.7,.9,1.6,5.3,6.2
22103,2022-05-08,8.4,1018,81,15.3,15.4,2.2,1.4,1.9,3.1,4.5,4.8
22103,2022-05-09,8.1,1017,72,15.4,15.9,1.8,1.2,1.7,2.7,4.3,4.9
22103,2022-05-10,8.6,1015.7,80,15.5,15.9,2.4,1.6,1.8,3,4.8,5
22103,2022-05-11,4.3,1014.8,91,15.5,15.7,1.2,.8,1.2,2,4.2,4.5
22103,2022-05-12,3.8,1010.8,97,16.2,15.9,.8,.5,.8,1.2,4,4.5
22103,2022-05-13,4.6,1008.2,93,15.8,15.9,1.3,.9,1,1.6,4.4,4.8
22103,2022-05-14,6.6,1012.8,69,15.6,15.4,1.1,.7,1,1.8,3.4,3.8
22103,2022-05-15,6,1014.1,62,14.8,15.5,.9,.6,.8,1.4,3.3,3.8
22103,2022-05-16,5.1,1013.7,68,15.3,15.5,.7,.5,.7,1,3.2,3.4
22103,2022-05-17,2.9,1015.9,87,16.2,16.2,.5,.3,.4,.7,3.4,4
22103,2022-05-18,2.1,1019.4,84,17.3,16.8,.5,.3,.4,.7,3.6,4.1
22103,2022-05-19,1.7,1019,84,17.3,16.5,.5,.3,.4,.7,3.8,4.7
22103,2022-05-20,1.9,1014.3,92,17.1,16.7,.6,.4,1,1.6,4,4.9
22103,2022-05-21,3.9,1009.3,85,17,16.6,1.4,.9,1.2,1.8,4.9,6
22103,2022-05-22,6.9,1009.3,92,15.5,16.3,1.2,.8,1.1,1.7,3.7,4.2
22103,2022-05-23,4.6,1012.9,88,16.9,16.6,.6,.4,.6,.9,3.4,3.8
22103,2022-05-24,2.9,1013.6,83,17.5,17.1,.5,.4,.7,.9,3.4,4.2
22103,2022-05-25,2.6,1010,93,17.9,17.3,.6,.4,.5,.8,4.6,5
22103,2022-05-26,5.2,1005.6,86,16.6,16.5,1.1,.7,.9,1.3,4.1,5.2
22103,2022-05-27,6.4,1004.6,89,16.6,16.1,1.1,.7,1,1.6,3.5,3.8
22103,2022-05-28,2.5,1008.1,90,17.7,16.7,.9,.6,.7,1.2,3.6,3.9
22103,2022-05-29,3.1,1005.8,93,17.6,16.8,1,.6,1.3,2.9,3.6,4.5
22103,2022-05-30,5.4,1002.3,95,17.3,17.4,1.7,1.1,1.7,2.4,4.6,5.3
22103,2022-05-31,3.9,1008.8,77,18,17.7,.9,.6,.8,1.2,4.2,5.4
22103,2022-06-01,1.8,1007.3,86,18.8,17.6,.7,.5,.6,.9,4.8,5.6
22103,2022-06-02,3.6,1008.4,93,18.7,18.4,.7,.4,.6,1,3.8,4.3
22103,2022-06-03,4.2,1010.4,98,17.4,18.4,.7,.5,.6,1,4,4.8
22103,2022-06-04,7.8,1010.5,92,18.8,18.3,1.9,1.2,1.4,2.7,4.2,4.6
22103,2022-06-05,10.6,1000.3,92,18.3,19,3.7,2.3,3.4,5.8,5.2,6.5
22103,2022-06-06,6.3,1000.3,87,19,19.4,1.9,1.2,2.3,3.6,4.7,5.8
22103,2022-06-07,7.7,1007.3,85,19,19.4,2.2,1.4,1.6,2.7,4.8,5.2
22103,2022-06-08,7.4,1011.7,81,18.8,19.1,2,1.3,1.6,2.5,4.6,4.9
22103,2022-06-09,5.3,1013.5,86,18.9,19.2,1.5,1,1.2,2.2,4.2,4.5
22103,2022-06-10,3.2,1013.8,94,19.4,19.5,.7,.5,.5,1,3.6,4
22103,2022-06-11,5.7,1011.5,88,20,20.6,1.1,.7,1.4,2.3,3.8,4.6
22103,2022-06-12,8.5,1012.6,82,20.1,20.5,2.1,1.3,1.6,2.8,4.5,5.1
22103,2022-06-13,10.6,1007.8,87,20,20,2.6,1.7,2,3.2,4.7,5
22103,2022-06-14,11.5,1005.7,92,18.8,19.8,3.1,2,2.7,4.5,4.9,5.6
22103,2022-06-15,3.5,1008.5,94,20,20.3,1.3,.9,1.1,1.6,4.9,5.2
22103,2022-06-16,4.3,1009.5,96,20,20.2,1.2,.8,1.1,1.8,4.6,5.1
22103,2022-06-17,2.8,1009.1,95,20.6,19.9,1,.6,.9,1.5,4.3,4.8
22103,2022-06-18,2,1008.7,96,21.3,20.5,.7,.5,.6,.9,4.3,4.6
22103,2022-06-19,1.7,1008.2,97,22.4,21.3,.9,.6,.7,1.1,4.4,4.7
22103,2022-06-20,1.8,1005,97,22.2,22,1.2,.7,.9,1.6,4.8,5.2
22103,2022-06-21,3,1004,97,22.4,22.1,1,.6,.8,1.5,4.5,5.6
22103,2022-06-22,3.4,1008.4,96,22.2,22.2,1.4,.9,1,1.9,5.1,5.9
22103,2022-06-23,8.1,1004.4,97,22.6,21.1,2.2,1.4,2.1,3.4,4.4,5.3
22103,2022-06-24,7.2,1002.4,97,21.6,19.8,2.9,1.9,2.5,3.9,5.3,5.6
22103,2022-06-25,4.3,1007.6,96,21.9,20.1,2,1.3,1.6,2.5,4.9,5.4
22103,2022-06-26,6.4,1011.6,99,22.5,20.8,2.2,1.4,1.5,2.7,4.7,5.3
22103,2022-06-27,7.1,1010.8,98,22.9,20.7,2.3,1.4,1.9,3.2,4.5,4.9
22103,2022-06-28,8.2,1008,96,23.9,21.1,2.7,1.7,1.9,3.3,4.8,5
22103,2022-06-29,7,1008.9,97,23.2,20.9,2.5,1.6,1.9,3.1,4.9,5.1
22103,2022-06-30,4.3,1012.8,99,22.8,20.9,1.7,1.1,1.3,2.3,4.7,4.9
22103,2022-07-01,2.6,1015.1,99,22.4,21.8,1.1,.7,.8,1.6,4.7,5.3
22103,2022-07-02,2,1012.7,97,22.8,21.6,1,.6,.7,1.3,5.3,5.7
22103,2022-07-03,3.5,1009,95,23.8,22.8,1.4,.9,1.3,2.2,6.1,7.4
22103,2022-07-04,4.4,1005.2,94,25.2,25.9,2.4,1.5,1.7,3.2,6,6.6
22103,2022-07-05,3.8,1005.7,93,25.7,25.3,1.9,1.2,1.9,2.7,6,7
22103,2022-07-06,4.6,1008.5,97,26.8,25.8,1.2,.8,1,1.6,4.5,5.1
22103,2022-07-07,6.1,1008.2,96,27,25.6,1.7,1.1,1.3,2.4,4.5,4.9
22103,2022-07-08,3.3,1004.2,97,25.8,24.4,1.6,1,1.4,2.3,4.9,5.3
22103,2022-07-09,4.9,1002.6,91,24.3,24.8,1,.7,.9,1.4,4.3,4.5
22103,2022-07-10,2,1005.8,95,24.9,23.9,.8,.5,.5,.9,4.6,5.1
22103,2022-07-11,2.6,1006,97,24.3,21.9,1,.7,.9,1.3,4.3,5
22103,2022-07-12,3.7,1008.3,97,23.3,22.6,1.3,.8,.9,1.7,4.5,4.9
22103,2022-07-13,5.6,1005.6,91,26.1,26.1,1.4,.9,1,1.6,4.3,4.9
22103,2022-07-14,6.5,1001.1,92,26.3,25.1,1.7,1.1,1.3,2.3,4.3,5.1
22103,2022-07-15,3.5,999.9,92,24.7,24.2,1.3,.8,1.2,2.2,5.1,5.6
22103,2022-07-16,5.7,999.4,91,23.5,23.5,1.1,.7,.8,1.4,4.3,4.9
22103,2022-07-17,3.1,1002.1,95,23.3,22.3,1.4,.8,1.2,2.2,5.7,6.8
22103,2022-07-18,5.1,999.4,98,23.8,21.2,2.4,1.5,2.2,3.6,5.3,6.3
22103,2022-07-19,5,1003.5,95,21.9,21,2.5,1.6,2,3.5,5.8,6.2
22103,2022-07-20,2,1007.1,95,23.2,21.6,1.9,1.2,1.5,2.5,6.2,6.8
22103,2022-07-21,7.4,1004.3,93,22.6,20,2.3,1.4,2,3.6,5,5.6
22103,2022-07-22,5.1,1006.9,94,20.9,19.6,1.6,1,1.4,2.7,5,5.4
22103,2022-07-23,2.9,1006.3,98,21.1,20.1,.9,.6,.8,1.1,4.8,5.6
22103,2022-07-24,5.8,1004.5,93,23.6,22,1.9,1.2,1.7,2.9,4.4,5.2
22103,2022-07-25,3.7,1009.1,93,23.5,23.4,.8,.5,.8,1.1,4.2,4.7
22103,2022-07-26,3.1,1010.3,95,23.8,24.7,.6,.4,.5,.7,4.2,4.8
22103,2022-07-27,6.7,1010,92,24.6,25.2,1.1,.7,1,1.9,3.8,4.2
22103,2022-07-28,6.1,1010.9,94,26,26.5,1.2,.8,1,1.6,4,4.5
22103,2022-07-29,8.6,1010.6,93,26,26.5,1.8,1.1,1.6,2.8,4.3,4.7
22103,2022-07-30,10.3,1006.9,93,26.3,26.7,2.8,1.8,2,3.4,5,5.5
22103,2022-07-31,11,1004.8,92,26.7,26.8,4,2.5,3.2,6,5.6,6.3
22103,2022-08-01,8.9,1005.7,92,26.2,25.1,5.2,3.3,5.3,8.3,6.8,8
22103,2022-08-02,5.2,1011.3,95,25.6,25,2.5,1.5,2.3,4.1,5.2,6.3
22103,2022-08-03,2.9,1012,97,26.1,26,1.5,1,1.2,2,4.6,4.9
22103,2022-08-04,1.9,1010.8,95,26.5,26.7,1.1,.6,.8,1.6,4.4,4.6
22103,2022-08-05,2.6,1008,95,26.3,26.4,1,.6,.7,1.2,4.1,4.4
22103,2022-08-06,2.5,1007.3,94,27,27.1,1.2,.7,1,1.8,4.3,4.5
22103,2022-08-07,3.7,1008.6,92,27,26.7,1.4,.9,1.2,2.1,4.2,4.5
22103,2022-08-08,6.9,1009.9,86,26.8,26,1.9,1.2,1.3,2.2,4.3,4.6
22103,2022-08-09,5.6,1009.7,87,26.1,25.5,1.8,1.1,1.4,2.4,4.2,4.5
22103,2022-08-10,5.4,1008.4,86,27.3,27.3,1.9,1.1,1.5,2.7,4.3,4.8
22103,2022-08-11,3.7,1007,89,26.7,27,1.7,1,1.3,2.2,4.3,4.8
22103,2022-08-12,5.2,1006.8,91,25.5,26.7,1.4,.9,1.3,1.9,4.3,4.9
22103,2022-08-13,2.1,1007.2,92,26.1,26.2,1.2,.8,1.2,2.1,4.5,5.1
22103,2022-08-14,3.1,1008.2,92,25.9,25.1,1.6,1,1.2,2.1,4.3,4.8
22103,2022-08-15,7.3,1005.8,90,25.9,23.8,2,1.3,1.6,3,4.3,4.5
22103,2022-08-16,4.8,1005.4,92,24.6,23.9,3,1.9,2.2,3.7,5.5,6.3
22103,2022-08-17,3.4,1006.3,98,22.5,22.9,2.6,1.5,1.9,3.3,5.6,6.1
22103,2022-08-18,2,1008.4,89,24.8,23.4,1.1,.8,1.1,1.7,5.2,5.6
22103,2022-08-19,2.5,1005.6,93,26.9,24.6,1.2,.8,1.3,2.1,4.8,5.2
22103,2022-08-20,3.3,1003.6,95,25.2,23.1,2.1,1.3,1.6,2.8,5.2,6.3
22103,2022-08-21,3.7,1005.1,92,24.4,24,1.8,1.1,1.4,2.3,5.6,6.3
22103,2022-08-22,3.5,1005.3,75,27.8,28.1,1.5,.9,1.3,2.1,5.2,5.5
22103,2022-08-23,1.9,1006.2,84,31.4,28,.9,.6,.7,1.2,4.8,5.6
22103,2022-08-24,4.2,1007.2,88,30.4,27.8,1.3,.8,1.2,1.9,4.5,5
22103,2022-08-25,5.1,1007.9,76,32.4,27.5,1.3,.8,1.1,1.7,4.9,6.2
22103,2022-08-26,5.6,1007.5,71,31.9,27.1,1.2,.7,.9,1.5,4.8,5.9
22103,2022-08-27,5.4,1009.5,79,30.1,24.8,.9,.5,.8,1.1,4.4,5.5
22103,2022-08-28,8.6,1013.5,71,28.3,25,1.8,1.1,1.5,2.5,4.2,4.9
22103,2022-08-29,7.7,1013.7,82,28.7,25.9,1.6,1.1,1.4,2.2,4.3,5
22103,2022-08-30,4.4,1009.5,93,30,26.3,1.3,.8,1,1.7,4.1,4.4
22103,2022-08-31,5.1,1007.5,86,28.2,25.7,.8,.5,.7,1.2,3.6,4.8
22103,2022-09-01,8,1011.7,84,26.5,25.8,1.8,1.1,1.6,2.9,4.7,5.1
22103,2022-09-02,10.9,1012.7,88,26.3,25.4,3.1,1.9,2.5,4,5.2,5.8
22103,2022-09-03,10.5,1011.1,90,27.5,25.5,3.4,2.1,2.5,4.2,5.4,5.8
22103,2022-09-04,7,1008.5,92,28.7,26,4,2.5,3.4,5.6,6.9,8.7
22103,2022-09-05,12.2,996.5,89,28.5,26.1,8.2,5.5,9.2,14.3,9.1,10.3
22103,2022-09-06,11.9,1000.9,77,23.3,23.8,4.6,3.8,11.7,12,6.9,11.1
22103,2022-09-07,5.3,1016.2,73,23.4,24.3,1.2,.8,1.3,2,4.4,5
22103,2022-09-08,5.9,1016.8,71,23.6,24.2,1.1,.7,1.1,1.7,3.8,4.3
22103,2022-09-09,8.2,1016.2,73,23.4,24.1,1.8,1.2,1.9,2.8,4.5,5
22103,2022-09-10,10.6,1015.3,77,23.4,24.6,2.5,1.6,1.9,3,4.9,5.3
22103,2022-09-11,8.4,1013.7,86,23.9,25.1,1.7,1.1,1.4,2.8,4.4,5
22103,2022-09-12,8,1012.6,85,24.3,25,1.7,1.1,1.3,2,4.5,5.2
22103,2022-09-13,12.2,1011.9,86,24.3,24.3,3.2,2,2.9,4.8,5.2,6
22103,2022-09-14,15.1,1011.4,87,23.9,23.8,4.5,3,3.3,5.4,6,6.3
22103,2022-09-15,12.3,1009.6,90,24.1,23.9,4.2,2.7,3.3,5.4,6,6.6
22103,2022-09-16,6.4,1008.2,95,24.5,24.1,2.1,1.4,2.1,3,5,5.6
22103,2022-09-17,6.2,1006.7,91,24.7,24.2,1.9,1.2,1.4,2.5,5.2,5.9
22103,2022-09-18,8.3,996.7,84,25.8,24.2,2.5,1.6,2.2,3.6,5.7,7.7
22103,2022-09-19,10.8,996.2,77,25.5,24.6,3.3,2,2.5,4.9,5.5,6.3
22103,2022-09-20,9.7,1011.6,66,22.1,24.6,3,2,2.5,4.2,5.4,5.9
22103,2022-09-21,9.6,1016,66,21.1,24.2,2.7,1.7,2,3.7,5,5.4
22103,2022-09-22,7.6,1014.1,75,21.8,24,1.9,1.2,1.8,3.6,4.5,5.5
22103,2022-09-23,6.5,1012.9,72,22.3,24,1.1,.7,1.2,2.2,3.9,4.6
22103,2022-09-24,5.3,1015.8,59,20.5,23.9,1.2,.8,1.2,2.1,4,4.3
22103,2022-09-25,5.9,1015.6,67,22.2,23.7,1.2,.8,1,1.8,4,4.6
22103,2022-09-26,4.3,1015.9,71,22.3,23.6,.8,.5,.6,.9,3.8,4.2
22103,2022-09-27,4.7,1014.9,78,22.5,23.6,.7,.5,.7,1,3.7,4
22103,2022-09-28,3.8,1013.5,76,22.8,23.4,1.1,.7,.8,1.4,4.3,5
22103,2022-09-29,2.9,1014.4,78,22.7,23.7,.7,.5,.7,1.3,4.7,5.3
22103,2022-09-30,1.8,1016.1,77,22.6,23.8,.6,.4,.4,.7,4.7,6.3
22103,2022-10-01,1.6,1017.6,77,22.7,23.8,.6,.3,.4,.7,5.1,5.8
22103,2022-10-02,4.1,1017.4,81,24.2,24.2,.6,.4,.7,1.1,3.8,5
22103,2022-10-03,6.9,1015.5,89,25.8,24.6,1.7,1,1.3,2.1,3.9,4.4
22103,2022-10-04,9,1013.5,85,22.9,23.4,2.1,1.3,1.6,2.8,4.2,4.8
22103,2022-10-05,5.6,1018.5,79,21.2,22.7,1.9,1.2,1.6,2.8,4.7,5
22103,2022-10-06,5.5,1018.6,69,21.2,22.1,1.2,.8,1,1.5,4.2,5
22103,2022-10-07,8.1,1018.5,64,20.9,20.8,1.4,.9,1.2,1.8,3.7,4.1
22103,2022-10-08,10.8,1021.7,69,21.8,21,2.9,1.9,2.2,3.5,5.1,5.7
22103,2022-10-09,9.1,1016.3,75,21.8,20.8,2.5,1.6,2,4,4.8,5.6
22103,2022-10-10,11.6,1016.9,63,19,20.4,2.2,1.4,1.8,2.6,4.1,4.7
22103,2022-10-11,9.2,1020.9,64,18.7,20.4,1.9,1.2,1.7,3,4,4.5
22103,2022-10-12,8.2,1024.4,69,20.4,21.1,1.5,1,1.7,2.8,4,4.8
22103,2022-10-13,10,1022.1,69,21.5,21.3,2.5,1.6,2,3.6,4.8,5.3
22103,2022-10-14,7.1,1018.8,73,21.5,22,1.9,1.2,1.8,2.8,4.7,5.1
22103,2022-10-15,6.6,1018.3,77,22.1,21.8,1.6,1,1.3,2.3,4.5,5.1
22103,2022-10-16,5.1,1017.6,76,21.8,20.9,1.3,.8,1.1,1.8,4.4,5
22103,2022-10-17,11.2,1017.2,61,18.4,20.8,2.1,1.3,2,3.5,3.9,4.6
22103,2022-10-18,10.1,1021.1,52,15.2,19.7,2.1,1.4,2.1,3.5,4.1,4.7
22103,2022-10-19,6.1,1024.8,46,16.5,19.9,1.3,.8,1.3,2.1,3.7,4
22103,2022-10-20,4.6,1026.8,57,18.3,19.8,.9,.5,.7,1.1,3.7,4.2
22103,2022-10-21,3.2,1024.5,74,19.7,19.2,.6,.4,.5,.9,3.9,4.6
22103,2022-10-22,3.7,1020.3,78,20.6,19.4,.8,.5,.7,1.2,4.8,5.6
22103,2022-10-23,8.7,1017.5,69,18.7,19.8,1.3,.8,1.5,2.4,3.4,4.1
22103,2022-10-24,9.6,1020.2,54,16.3,19.2,1.7,1.1,1.4,2.2,3.7,4
22103,2022-10-25,7.9,1026,59,16.5,21.1,1.9,1.2,1.4,2.3,4.5,5.5
22103,2022-10-26,7.3,1026.1,64,18.9,22.6,1.8,1.2,1.7,2.6,4.5,5.2
22103,2022-10-27,3.8,1024.3,60,19.3,20.1,.8,.5,.7,1.1,4,4.7
22103,2022-10-28,5.5,1024.4,71,19.6,19.3,.9,.6,1.1,1.8,3.9,4.7
22103,2022-10-29,8.9,1024.7,74,19.5,20.2,2,1.3,1.6,2.6,4.6,4.9
22103,2022-10-30,9.4,1023.9,71,19,20,2.5,1.5,2,3.6,4.9,5.6
22103,2022-10-31,8.7,1022.7,70,18.7,19.3,2.6,1.7,2.1,3.9,5.2,5.6
22103,2022-11-01,5.4,1020.4,68,18.7,18.6,1.4,.9,1.3,2.1,4.5,5
22103,2022-11-02,4.5,1019.6,73,18,18.6,1,.6,.8,1.3,3.9,4.5
22103,2022-11-03,4.1,1017.7,63,17.6,18.4,.7,.5,1,1.5,3.8,4.3
22103,2022-11-04,10.6,1020.9,58,13.3,18,2,1.3,1.6,2.7,3.9,4.2
22103,2022-11-05,7.7,1024.1,48,13.3,17.8,1.6,1,1.7,2.9,3.8,4.3
22103,2022-11-06,3.2,1024.3,53,14.5,17.3,.8,.5,.8,1.3,3.7,4.2
22103,2022-11-07,2.6,1023.3,63,15.7,16.8,.4,.3,.4,.6,3.7,4
22103,2022-11-08,2.7,1024.7,57,16.7,18.3,.3,.3,.3,.4,3.3,3.9
22103,2022-11-09,2.3,1025.2,64,16.4,17.4,.4,.3,.3,.5,3.6,4.7
22103,2022-11-10,3.5,1023.8,79,17.1,17.2,.5,.4,.6,1,3.9,5
22103,2022-11-11,6.6,1024.4,81,18.7,19.2,1.7,1,1.3,2.3,4.4,5
22103,2022-11-12,6.8,1018,87,20.9,20.8,1.8,1.2,1.6,2.5,4.4,4.9
22103,2022-11-13,9.6,1014.9,79,15.2,18.6,2.1,1.4,1.6,2.9,4.3,4.8
22103,2022-11-14,6.7,1017.8,71,13.7,17.9,1.8,1.1,1.6,3.3,4.5,5.3
22103,2022-11-15,7.8,1018.1,61,12.8,17,1.4,1,1.3,2.2,3.8,4.1
22103,2022-11-16,6,1020.9,65,14.6,16.8,.9,.6,.7,1.1,3.3,3.5
22103,2022-11-17,4.7,1022.9,63,15.1,16.5,.7,.4,.6,.9,3.3,3.5
22103,2022-11-18,7.4,1024,72,16.5,16.2,1.4,.9,1.5,2.5,3.8,4.8
22103,2022-11-19,8.2,1020.6,73,17,16.1,2.3,1.5,1.8,2.8,4.9,5.3
22103,2022-11-20,6.5,1018.8,79,16.2,16.5,1.7,1.1,1.3,2,4.6,4.9
22103,2022-11-21,3.8,1020.8,82,15.6,17.2,1.1,.7,1,1.6,4.7,5.1
22103,2022-11-22,6,1017.9,82,15.9,16.8,1,.7,1,2,4.1,5.3
22103,2022-11-23,7.8,1015.8,74,16,17.3,1.2,.8,1.1,1.7,3.6,4.1
22103,2022-11-24,4.3,1020.4,60,17.7,16.8,1,.6,.9,1.3,4,4.7
22103,2022-11-25,3,1018.9,77,19.2,16.5,.6,.4,.5,.8,4.1,4.9
22103,2022-11-26,5.1,1017.1,66,18.4,16.4,.7,.4,.7,1.3,3.2,3.6
22103,2022-11-27,4.2,1019.6,66,17.6,16.9,.7,.5,.6,1,3.4,3.8
22103,2022-11-28,8.8,1014.7,84,22.2,18.2,3,1.9,3.1,5.1,5,6.2
22103,2022-11-29,10.5,1012.8,75,16.7,17.8,3.4,2.2,3.5,5.2,5.5,6.6
22103,2022-11-30,12.1,1027.9,65,5.8,17,2.7,1.8,2.2,3.7,4.5,4.8
22103,2022-12-01,7.8,1030,59,5.4,16.2,1.5,1,1.6,2.8,3.8,4.4
22103,2022-12-02,4.2,1029.1,54,7.2,16.4,.8,.5,.7,1.1,3.8,4.7
22103,2022-12-03,4.5,1025.1,73,11,17.3,.7,.4,.6,.9,3.9,4.7
22103,2022-12-04,7.4,1026.6,58,9.2,16.3,1.3,.9,1.2,2.1,3.6,3.9
22103,2022-12-05,8.6,1025.8,49,6.5,16.1,1.7,1.1,1.5,2.6,3.8,4.1
22103,2022-12-06,8,1025,55,8.1,16.1,1.4,.9,1.5,2.4,3.6,4.1
22103,2022-12-07,8,1025,55,10.7,15.5,1.2,.8,1.1,1.6,3.5,3.7
22103,2022-12-08,4.7,1025.3,61,10.6,15.7,.9,.5,.8,1.3,3.6,4.5
22103,2022-12-09,4.4,1022.1,61,12.6,19.2,.6,.4,.5,.8,4,5.5
22103,2022-12-10,5.1,1018.7,62,11.6,17.7,.7,.5,.8,1.2,3.3,3.9
22103,2022-12-11,8.9,1020.9,53,10.3,16.6,1.6,1,1.2,2.3,3.8,4
22103,2022-12-12,7.9,1019.9,66,10.2,16.1,1.7,1.1,1.3,2.3,4.2,4.9
22103,2022-12-13,11,1020.2,57,9.7,15.6,2.3,1.4,2,3.5,4.1,4.5
22103,2022-12-14,10.5,1026.2,65,3.7,15.5,2.3,1.5,2.2,3.6,4.4,4.9
22103,2022-12-15,5.1,1025.7,60,6.6,15.7,.9,.6,1,1.5,3.9,4.7
22103,2022-12-16,7.6,1027,59,6.3,15.6,1.1,.8,1,1.6,3.3,3.5
22103,2022-12-17,11.3,1024.6,63,3.7,15,2.2,1.4,2.1,3.8,4,4.8
22103,2022-12-18,11.5,1022.5,67,1.9,14.4,3,2,2.4,3.8,5.1,5.5
22103,2022-12-19,5,1026.4,64,4.6,14.7,1.3,.9,1.6,2.2,4.6,5.4
22103,2022-12-20,4.9,1025.2,58,8.1,14.5,.7,.5,.6,.9,3.7,4.3
22103,2022-12-21,6.6,1012.1,78,9.3,15.2,1.5,.9,1.4,2.4,4,4.8
22103,2022-12-22,12.4,1009.9,70,3.2,14.1,2.6,1.7,2,3.4,4.5,4.8
22103,2022-12-23,15,1013.4,73,1.4,16.1,3.6,2.3,2.6,4.7,5,5.5
22103,2022-12-24,10.3,1017.6,73,2.6,15.8,2.2,1.5,2.1,3.3,4.6,4.9
22103,2022-12-25,9.9,1021.7,68,4.9,14.8,2,1.3,1.5,2.8,4.2,4.6
22103,2022-12-26,8.2,1024.3,63,5.8,12.9,1.5,1,1.3,1.8,3.8,4.3
22103,2022-12-27,8.4,1027.4,60,6,12.3,1.3,.9,1.2,1.7,3.6,4
22103,2022-12-28,8.8,1029.6,61,6.1,12.9,1.3,.9,1,1.6,3.4,3.7
22103,2022-12-29,8.1,1032,61,5.4,16.5,1.1,.8,1.1,1.8,3.4,3.7
22103,2022-12-30,7.4,1031.7,55,6.5,17.8,1.1,.7,.9,1.6,3.3,3.5
22103,2022-12-31,8.3,1031.1,60,6.4,17.5,1.4,.9,1.1,1.9,3.5,3.8
22103,2023-01-01,8.8,1029.8,60,7.9,15.4,1.3,.9,1.1,1.9,3.5,3.7
22103,2023-01-02,10.5,1029.7,52,4.8,14.4,1.8,1.1,1.5,2.5,3.7,4.1
22103,2023-01-03,9.9,1029.1,64,4.6,13.7,1.9,1.2,1.6,2.7,3.9,4.4
22103,2023-01-04,7.3,1030.5,59,5.4,12.2,1.2,.8,1.2,2,3.4,3.8
22103,2023-01-05,4.1,1030.3,66,8.2,13.1,.6,.4,.6,.9,3.5,4
22103,2023-01-06,4.8,1023,68,9.1,13.8,.6,.4,.6,1.5,3.3,4
22103,2023-01-07,10.3,1020.6,56,8.1,13.3,2.4,1.5,2,3.1,4.5,5
22103,2023-01-08,4.1,1025.1,62,9.2,14.8,.8,.5,.8,1.2,3.8,4.5
22103,2023-01-09,6.2,1023.3,67,12.2,15,1.1,.7,1.1,1.9,3.6,4.5
22103,2023-01-10,6.1,1027.3,68,9.8,15,1.2,.8,1,1.5,3.9,4.4
22103,2023-01-11,1.6,1025.7,61,12.4,15.7,.8,.5,.7,1.2,4.5,4.9
22103,2023-01-12,5.5,1021.7,84,14.3,15.9,1.3,.8,1.7,3.1,4.2,5
22103,2023-01-13,8.1,1011.8,94,16.4,15.9,4.1,2.6,3.1,5.2,6,6.8
22103,2023-01-14,6.9,1011.8,90,13.1,16,2.3,1.5,1.9,3.2,5.3,6.3
22103,2023-01-15,10.7,1016.4,81,6.3,15.7,2.4,1.5,2,3.3,4.4,5.1
22103,2023-01-16,11.7,1022.2,66,3.8,15.2,2.6,1.7,2.1,3.6,4.3,4.8
22103,2023-01-17,8.1,1025.2,61,4,14.9,1.5,1,1.3,2.2,3.8,4.2
22103,2023-01-18,7.2,1026,56,5.9,14.4,1.1,.7,1,1.6,3.3,3.6
22103,2023-01-19,6.9,1024.8,58,6.8,14.7,1,.7,.8,1.4,3.3,3.5
22103,2023-01-20,9.7,1026.5,58,6.2,15,1.8,1.1,1.4,2.8,3.7,4.3
22103,2023-01-21,4.6,1029,53,3.3,15,1,.6,1,1.6,3.8,4.3
22103,2023-01-22,7.8,1023.3,68,8.6,14.8,1.4,.9,1.7,2.9,3.8,4.7
22103,2023-01-23,8.7,1020.7,63,8,14.9,1.8,1.2,2,3.2,4.2,4.9
22103,2023-01-24,15.4,1025.6,75,-2,14.7,3.3,2.2,2.7,4.2,4.9,5.6
22103,2023-01-25,9.1,1029.3,60,-.5,14.1,1.9,1.3,2.2,3.4,4.3,5
22103,2023-01-26,4.1,1023.4,69,5.5,14.7,.8,.5,.6,1.2,4.4,5.2
22103,2023-01-27,11.7,1021.2,66,2.9,13.9,2.1,1.4,1.9,3.2,4,4.7
22103,2023-01-28,10.5,1023,58,2.5,13.6,2.1,1.4,1.6,3,4.1,4.4
22103,2023-01-29,8.4,1021.1,59,6.7,13.6,1.6,1,1.4,2.9,3.8,4.3
22103,2023-01-30,8.6,1023.3,50,6.2,13.5,1.6,1,1.6,2.8,3.7,4.4
22103,2023-01-31,3.1,1020.2,52,8.5,13.9,.7,.5,.7,1,4,5.1
22103,2023-02-01,8.9,1018,65,9.8,14.4,1.6,1,1.5,2.4,3.9,4.4
22103,2023-02-02,5.8,1024.2,51,4.9,14.2,1.4,.9,1.4,2.2,4.2,5.1
22103,2023-02-03,6.2,1022,54,5,13.5,1.1,.7,1,1.6,3.7,4.5
22103,2023-02-04,8.5,1024.4,53,5,12.9,1.4,.9,1.4,2.4,3.5,4
22103,2023-02-05,2.7,1024.7,45,6.8,14.9,.6,.4,.6,.8,3.9,4.7
22103,2023-02-06,5.3,1020.8,62,9.6,15.8,.8,.5,.7,1.3,3.7,4.9
22103,2023-02-07,5.3,1019.1,63,10.8,15.4,1.3,.9,.9,1.6,4.3,5.3
22103,2023-02-08,7.1,1024.6,49,10,15,1.3,.8,1,1.8,3.7,4.9
22103,2023-02-09,10.1,1023.9,67,10.5,14.9,2.1,1.3,2.4,3.9,4.2,5.6
22103,2023-02-10,9,1018.2,77,9,15.6,2.5,1.6,2.4,3.6,5,5.6
22103,2023-02-11,5.4,1022.2,73,10.1,15.8,1.2,.8,1,1.8,4.1,4.4
22103,2023-02-12,7.4,1018.9,80,11,14.6,1.3,.8,2.5,3.7,3.8,5.3
22103,2023-02-13,7.2,1016.1,80,9.3,14,2.3,1.5,2.3,3.4,5,5.6
22103,2023-02-14,7.1,1020.8,71,7,14.1,1.5,1,1.3,2.1,4,4.6
22103,2023-02-15,9.9,1026.8,80,7.6,13.7,2.7,1.8,2,3.6,4.9,5.2
22103,2023-02-16,4.4,1029.9,77,8.4,13.5,1.5,1,1.6,2.5,4.5,4.8
22103,2023-02-17,3.4,1026.6,81,9.5,13.1,.8,.5,.7,1.1,4.2,4.9
22103,2023-02-18,3.5,1019.8,93,11.4,13.8,2.2,1.4,1.7,3,5.3,6.1
22103,2023-02-19,10.1,1019.2,71,8.2,13,2.2,1.4,1.7,2.7,4.6,5.7
22103,2023-02-20,10.5,1025.9,58,5.3,14.3,1.8,1.2,1.6,2.6,3.9,4.3
22103,2023-02-21,7.1,1032.7,53,3.4,12.7,1.5,1,1.4,2.6,4.1,4.5
22103,2023-02-22,5.1,1029.1,61,8.7,13.5,1.2,.8,1.1,1.8,4.2,4.7
22103,2023-02-23,3.8,1022.9,74,8.5,14.9,.7,.5,.7,.9,4,4.5
22103,2023-02-24,7.8,1022.6,52,9.8,14.6,1.1,.8,1.4,2.5,3.4,3.9
22103,2023-02-25,11.1,1030.2,56,5,14.1,2,1.3,1.5,2.7,3.9,4.3
22103,2023-02-26,4.7,1035.7,48,6.2,14.3,1.2,.8,1.5,2.2,4.2,4.7
22103,2023-02-27,1.9,1034.3,51,9.9,15.3,.6,.4,.5,.9,4.5,4.7
22103,2023-02-28,3.8,1028,65,12.2,15.2,.7,.5,.9,1.4,3.7,4.4
22103,2023-03-01,6.8,1021.8,66,11.6,14.7,1.4,.9,1.6,2.9,3.9,4.1
22103,2023-03-02,9.7,1027.1,47,6.3,14.4,1.7,1.1,1.5,2.8,3.8,4.2
22103,2023-03-03,6.2,1027.7,50,8.1,14.2,1.2,.8,1.2,2,3.6,4
22103,2023-03-04,3.8,1027.7,54,11.1,14.4,.7,.5,.7,1.1,3.6,4.6
22103,2023-03-05,4,1027.2,63,12.1,15.3,.8,.5,.8,1.1,4,4.9
22103,2023-03-06,4,1024.7,62,12.7,15.7,.6,.4,.5,1,4.3,4.8
22103,2023-03-07,4,1023,75,14.2,14.6,1.1,.7,1,1.6,3.7,4.3
22103,2023-03-08,4.7,1021.4,79,14.7,14.2,1.4,.8,1.1,1.8,3.9,4.2
22103,2023-03-09,6,1016.6,91,13.8,13.8,1.7,1.1,1.4,2.9,4.2,4.7
22103,2023-03-10,2.7,1020.7,97,11.9,14.5,1,.7,.9,1.2,4.4,4.9
22103,2023-03-11,2.4,1023.2,98,13.6,15,.7,.4,.5,.8,4.3,5
22103,2023-03-12,8,1020.9,81,11.4,14.6,1.7,1,2.3,4.1,3.9,5.1
22103,2023-03-13,8.1,1023.8,50,6.5,14,1.6,1.1,2.3,3.2,4.1,5.2
22103,2023-03-14,4.6,1020.7,61,12.3,14.6,.9,.6,1.1,1.7,3.9,4.8
22103,2023-03-15,3,1021.2,84,15,14.9,1.9,1.2,1.3,2.3,4.7,5.2
22103,2023-03-16,5.2,1025.2,66,11.4,14.3,1.3,.9,1.3,2.1,4.3,5.2
22103,2023-03-17,8.2,1020.7,75,12.2,14.2,1.9,1.1,1.6,3.1,4.3,5.2
22103,2023-03-18,7.1,1018.2,56,11.8,14.5,1.6,1,1.6,2.6,4.1,5.1
22103,2023-03-19,4.6,1020,62,10.9,14.2,1,.6,1,1.9,3.8,4.3
22103,2023-03-20,1.7,1016.4,70,13.1,15,.5,.3,.4,.6,4.2,4.4
22103,2023-03-21,6.1,1011.3,91,13.6,14,1.4,.9,1.3,2.6,4.1,5.2
22103,2023-03-22,6.5,1009.1,95,14.6,14.2,1.6,1,1.2,2.3,4.5,5.3
22103,2023-03-23,5,1005.4,95,14.3,14.6,1.5,.9,1.2,1.9,4.6,5.2
22103,2023-03-24,7.1,1014.4,90,13.9,16,2.1,1.3,2.1,3.5,4.9,5.4
22103,2023-03-25,9,1017.8,78,12.9,16.5,2.5,1.5,1.9,3.7,4.9,5.3
22103,2023-03-26,6.8,1016.5,65,12.2,15.7,1.5,1,1.5,2.4,4.3,4.9
22103,2023-03-27,7.6,1020.7,47,11,14.9,1.3,.9,1.4,2,3.6,4.1
22103,2023-03-28,3,1024.2,57,12.6,14.7,.6,.4,.7,.9,3.7,4.3
22103,2023-03-29,3.1,1022.5,66,13.1,15,.5,.4,.6,.8,3.7,4.6
22103,2023-03-30,2.7,1019.5,83,13.7,15,.5,.3,.4,.7,3.9,4.3
22103,2023-03-31,3.3,1017.6,77,15,14.9,1,.6,1,1.8,4.6,6.3
22103,2023-04-01,6.5,1015.7,82,14.9,14.8,1.5,.9,1.2,2.1,4.3,4.5
22103,2023-04-02,9.5,1017.6,69,14.7,14.7,2.6,1.7,2.4,3.9,4.9,5.6
22103,2023-04-03,11,1021.4,74,14.2,14.6,3.3,2.1,2.3,4.1,5.3,5.6
22103,2023-04-04,8.1,1019.2,85,15.7,15.1,2.8,1.7,2.3,4.1,5,5.6
22103,2023-04-05,10.8,1011.7,90,15,15.9,4.8,3.1,3.9,6.4,6.3,6.9
22103,2023-04-06,7.5,1012.7,83,12,15.2,2.4,1.6,2.3,3.4,5.3,5.9
22103,2023-04-07,9.5,1015.4,71,11.6,14.6,1.6,1.1,1.3,2.2,3.9,4.6
22103,2023-04-08,9.5,1021.3,56,10.7,14.1,1.6,1.1,1.4,2.3,3.8,4.1
22103,2023-04-09,5.9,1020.9,59,12.4,14,.8,.6,.9,1.6,3.3,3.7
22103,2023-04-10,5,1018.2,72,14.4,13.8,1.1,.7,1,1.8,3.6,4
22103,2023-04-11,6,1014.1,87,15.8,13.8,2.3,1.4,1.7,2.9,4.5,4.9
22103,2023-04-12,6.1,1017.4,55,14,14.4,1.2,.8,1.1,1.8,3.7,4.7
22103,2023-04-13,3,1018.4,66,14.1,15,.7,.5,.9,1.3,3.9,4.4
22103,2023-04-14,5.5,1012.9,93,14.7,15.3,1.5,1,2,3.5,4.1,5.1
22103,2023-04-15,6.7,1004.5,88,14.4,15.2,1.8,1.2,2,3.3,4.5,5.1
22103,2023-04-16,7.7,1006.1,80,13.3,15,1.7,1.1,1.9,3.3,4.1,4.8
22103,2023-04-17,,,,,,,,1,1.4,,4.6
22103,2023-04-20,2.5,1009.3,91,16.4,16.4,2.2,1.3,1.7,3.7,6.1,6.9
22103,2023-04-21,8.6,1010.4,77,15.5,15.2,2.4,1.5,2.6,4.3,5.1,5.7
22103,2023-04-22,12.5,1017.9,65,14.3,14.7,3.6,2.2,2.8,4.5,5.4,5.8
22103,2023-04-23,11.5,1021.7,71,14,14.4,3.5,2.2,2.7,4.3,5.4,6.2
22103,2023-04-24,9.5,1022.5,71,14,14.3,2.8,1.8,2.1,3.4,5,5.3
22103,2023-04-25,7.3,1014.4,87,12.2,14.5,2,1.3,1.7,2.8,4.6,5
22103,2023-04-26,8.3,1015,71,12.5,14.3,1.4,.9,1.1,1.9,3.7,4.5
22103,2023-04-27,2.6,1020.8,76,13.2,14.8,.8,.5,.8,1.2,4,4.3
22103,2023-04-28,2.9,1017.5,92,15.7,15,.8,.5,.9,1.4,3.6,4.1
22103,2023-04-29,6.2,1009.1,93,14.9,14.8,1.9,1.2,1.4,2.3,4.5,5.2
22103,2023-04-30,7.4,1013.1,74,13.2,14.6,1.3,.9,1.2,1.8,3.7,4.1
22103,2023-05-01,4.8,1018.1,78,14.7,14.8,.9,.6,.7,1.4,3.6,3.8
22103,2023-05-02,2.1,1023.5,87,15.2,15.2,.5,,.4,.7,4.1,4.7
22103,2023-05-03,4.3,1022,89,15.8,15.1,1.3,,1.5,2.4,4,4.8
22103,2023-05-04,8.7,1014.5,95,16.1,14.8,3.6,2.2,3,5.8,5.5,6.1
22103,2023-05-05,11,1004.8,96,18.5,15.1,4.8,3,3.4,6.1,6,6.5
22103,2023-05-06,8.5,1005,93,15.4,14.9,3.8,2.4,3.1,5,5.9,6.5
22103,2023-05-07,11.7,1009.1,84,13.6,14.9,3.5,2.2,2.8,4.9,5.4,6
22103,2023-05-08,4.8,1016.4,67,14.6,15.1,1.7,1.1,1.4,2.3,5.1,5.6
22103,2023-05-09,3.4,1016.9,81,15.3,15,.9,.6,.9,1.4,4.6,5.1
22103,2023-05-10,3.4,1016.5,84,15.7,15.2,.6,.4,.5,.8,3.7,4.1
22103,2023-05-11,4.6,1018.8,92,15.6,15.5,1,.6,.8,1.5,4,4.5
22103,2023-05-12,4,1017.9,88,15.7,15.6,.9,.6,.8,1.3,4.1,4.3
22103,2023-05-13,5,1013.2,94,14.8,15.9,1.1,.7,1.1,1.6,4.1,4.9
22103,2023-05-14,2.4,1010.1,91,16,17,.7,.5,.7,1.3,4.6,4.9
22103,2023-05-15,2.2,1010.1,92,17,16.7,.5,,.5,.8,3.7,4.3
22103,2023-05-16,2.8,1013.4,99,16.7,16.7,.9,.6,.9,1.3,3.7,4.1
22103,2023-05-17,2.8,1015.1,98,18,17.2,.8,.5,.7,1.2,3.6,3.9
22103,2023-05-18,8.3,1008.4,96,16.4,16,2.7,1.8,3.6,5.9,4.8,6.5
22103,2023-05-19,5,1008.2,92,17.1,16.9,2.7,1.7,2.8,5,5.8,6.6
22103,2023-05-20,3.2,1012,87,17.2,17.9,1.3,.8,1.5,2.1,4.8,5.4
22103,2023-05-21,7,1010.2,94,15.7,16.9,.9,.6,.9,1.4,3.5,4
22103,2023-05-22,4.5,1007.9,85,16.7,16.5,.7,.5,.8,1.2,3.4,3.7
22103,2023-05-23,2.8,1011.1,89,17,17.1,.7,.4,.6,1,3.9,4.4
22103,2023-05-24,1.7,1015.5,91,17.2,17.5,.6,.4,.5,.9,4.1,4.4
22103,2023-05-25,2.8,1017.1,90,17.9,17.9,.5,.3,.4,.7,4.1,4.5
22103,2023-05-26,2.8,1018.8,96,18.8,18.2,1.1,.7,1.2,1.8,4.4,4.8
22103,2023-05-27,4.6,1018.1,93,19.4,17.8,1.4,.9,1,1.7,4.4,4.8
22103,2023-05-28,4.5,1014.5,98,19.3,17.4,2.3,1.5,1.8,3,5.5,6
22103,2023-05-29,3.3,1011.3,99,18.9,17.6,1.9,1.4,1.5,2.3,6.1,6.7
22103,2023-05-30,6.2,1010.1,97,18,17.7,1.8,1.2,1.5,2.3,5.7,7.3
22103,2023-05-31,7.6,1010.5,91,18.4,18.3,2,1.3,1.6,2.5,5.1,5.3
22103,2023-06-01,5.8,1006.6,97,17.7,17.7,2,1.3,1.6,3,5.9,6.7
22103,2023-06-02,4.6,1001.6,91,19.6,18.9,2.2,1.4,1.6,2.7,7,8
22103,2023-06-03,4.9,1008.6,86,19.2,18.5,1.4,.9,1.4,2.2,5.3,6.3
22103,2023-06-04,5.2,1012.2,78,19.4,18.5,.8,.5,.6,1.1,3.9,4.4
22103,2023-06-05,4.6,1012.3,83,18.9,18.3,.7,.5,.7,1.3,3.7,4.4
22103,2023-06-06,3.7,1007.9,93,17.9,18.3,1,.6,.9,1.4,4.3,5.1
22103,2023-06-07,3.7,1010.6,90,18.7,19.4,1.1,.7,.8,1.4,4.8,5.3
22103,2023-06-08,2.9,1006.3,94,19.3,19.5,.9,.6,.8,1.3,4.2,4.9
22103,2023-06-09,2.7,1005.8,95,19.7,19.6,1.4,.9,1.2,1.9,5.2,5.8
22103,2023-06-10,3.3,1006.2,97,19.9,19.6,1.6,1,1.3,2.3,5.6,6.5
22103,2023-06-11,1.8,1005.8,98,20.7,20,1.9,1.2,1.4,2.2,6.4,7.1
22103,2023-06-12,1.5,1006,98,20.3,20.9,1.8,1.2,1.3,2.1,7.3,8.3
22103,2023-06-13,2.5,1005,94,20.3,20.5,1.1,.7,.9,1.5,6.7,7.5
22103,2023-06-14,2.8,1006.2,88,20.4,20.3,.6,.4,.5,.8,5.1,5.6
22103,2023-06-15,3,1009,92,20.6,20.5,.7,.5,.5,1,5.2,6.3
22103,2023-06-16,2.4,1013.9,86,20.7,20.2,.8,.5,.6,1.1,5.6,6.7
22103,2023-06-17,1.9,1013.4,89,21,20.8,.6,.4,.5,.9,5.4,6.1
22103,2023-06-18,2.4,1007.9,93,20.4,19.5,1,.6,1,1.6,5,5.7
22103,2023-06-19,4.7,1006.9,93,20.4,19.7,1.3,.8,1.2,2,4.5,4.8
22103,2023-06-20,8.2,1004.5,93,21.3,20.9,2.1,1.3,1.7,2.9,4.6,5.1
22103,2023-06-21,5.1,1002.4,97,20.7,20.7,2.3,1.5,2,3.1,5.4,6.1
22103,2023-06-22,7.2,1005.1,93,20,20.1,1.4,.9,1.1,1.8,4.3,5.1
22103,2023-06-23,3.6,1010.1,94,20.9,20.5,.9,.5,.7,1.2,4.5,5.4
22103,2023-06-24,4.8,1014.7,94,20.8,20.6,1,.7,.9,1.5,4,4.3
22103,2023-06-25,6,1012.3,97,21.3,21,1.7,1.1,2,3.2,4.3,5.5
22103,2023-06-26,7,1010,97,22.2,20.2,2.1,1.3,1.7,2.7,4.5,5.1
22103,2023-06-27,7,1011.2,98,22.1,19.7,2.1,1.3,1.6,2.9,4.6,4.7
22103,2023-06-28,4.2,1010.4,99,21.6,20,1.9,1.2,1.4,2.4,4.5,4.9
22103,2023-06-29,7.5,1004.9,98,22.6,20.2,2.2,1.4,1.8,3.5,4.6,5.1
22103,2023-06-30,6,1002.5,98,21.6,20,2.6,1.7,1.9,3.1,5.6,6.1
22103,2023-07-01,1.8,1006.8,99,20.8,20.4,2.4,1.5,1.8,3.2,5.9,6.3
22103,2023-07-02,2.7,1009.2,99,21.4,21.1,1.8,1.1,1.4,2.3,6,6.5
22103,2023-07-03,2.7,1006.5,98,21.4,21.2,1.6,1,1.3,2.3,5.3,5.7
22103,2023-07-04,3.8,1002.5,99,22.4,21.9,1.7,1.1,1.5,2.4,5.5,6.1
22103,2023-07-05,6.9,998.8,97,22.5,22.1,1.8,1.1,1.4,2.2,4.8,5.8
22103,2023-07-06,2.3,1004.2,97,23.1,22.7,1.8,1.1,1.4,2.5,6.1,6.5
22103,2023-07-07,4.7,1002.8,99,23.5,22.5,1.7,1.1,1.5,2.5,5.4,6.2
22103,2023-07-08,3.4,1003.6,99,22.6,21.6,2.4,1.6,1.8,2.7,5.8,6.5
22103,2023-07-09,3.1,1005.1,99,22.1,20.3,2.3,1.4,1.7,2.9,5.9,6.6
22103,2023-07-10,3.5,1006.8,98,22.7,20.2,2.1,1.3,1.5,2.5,5.3,5.7
22103,2023-07-11,4.8,1008,99,23.1,20.2,2,1.3,1.4,2.4,4.8,5.4
22103,2023-07-12,4.4,1007.2,98,23.1,20.2,2.1,1.3,1.4,2.7,4.8,5.1
22103,2023-07-13,5,1006.8,98,23.1,20,2.1,1.4,1.7,2.9,4.9,5.1
22103,2023-07-14,8.4,1004.4,97,24.9,21.2,3,1.8,2.2,3.4,5.1,5.4
22103,2023-07-15,6.4,1005,98,24.2,20.6,2.6,1.6,1.9,3.5,5.1,5.3
22103,2023-07-16,5.3,1008.9,98,24.2,21.6,2.2,1.4,1.5,2.7,5,5.5
22103,2023-07-17,3.4,1012.9,98,25.2,23.2,1.9,1.2,1.6,2.5,5.2,5.5
22103,2023-07-18,6.1,1009.4,97,25.5,24,2.9,1.8,2.4,4,5.8,6.1
22103,2023-07-19,3.9,1007.8,97,23.4,23.7,2.1,1.4,1.8,3.2,5.7,6.1
22103,2023-07-20,1.4,1009.8,94,23.9,24.6,1.1,.7,.9,1.5,5.7,6.1
22103,2023-07-21,3.8,1012.5,95,24.8,24.6,.9,.6,.8,1.4,4.7,5.9
22103,2023-07-22,5.4,1013.4,93,26.1,25.3,1.5,1,1.8,2.7,4.2,4.8
22103,2023-07-23,6.2,1010.7,97,26.5,24.7,1.6,1,1.2,1.9,4.3,4.5
22103,2023-07-24,5.7,1010.4,96,26.1,25.2,1.6,1,1.2,2.2,4.4,4.7
22103,2023-07-25,2.3,1014,96,25.1,24.1,1.3,.8,1,1.6,4.8,5.1
22103,2023-07-26,2.6,1015.3,96,25.4,24.3,1.3,.9,1,1.9,5.2,5.7
22103,2023-07-27,3.6,1014.6,98,26.3,26.3,1.9,1.2,1.5,2.6,6.6,7.1
22103,2023-07-28,3.2,1014.4,98,27.3,27.4,2.4,1.5,1.7,2.8,6.7,7.1
22103,2023-07-29,3,1014.6,96,27.5,28.1,2.7,1.7,1.9,3.6,7.2,7.8
22103,2023-07-30,3,1013.7,85,28.2,28.5,1.9,1.2,1.3,2.4,5.8,6.7
22103,2023-07-31,3.3,1012.2,87,27.8,28.3,1.4,.9,1.1,1.7,5.7,6.8
22103,2023-08-01,5.6,1010.3,93,27.5,27.8,2.3,1.4,2,3.4,6.9,8
22103,2023-08-02,3.4,1008.2,93,27.7,28.3,2.5,1.6,1.8,3.2,7.7,8.3
22103,2023-08-03,3.7,1006.4,91,28.1,28.4,3.2,2,2.9,4.4,7.5,8.9
22103,2023-08-04,4.3,1004.4,87,28.1,27.7,5.1,3.3,3.6,6.4,8.8,9.5
22103,2023-08-05,3.6,1000.1,91,27.7,28.5,4.2,2.6,3.3,5.6,8.8,9.8
22103,2023-08-06,6.9,997.2,90,28.2,28.5,2.1,1.4,1.8,2.8,5.9,7.7
22103,2023-08-07,7.2,998.2,88,28.3,28.3,2.2,1.4,1.9,3.2,5.4,6
22103,2023-08-08,9.9,999.6,87,28.2,28.3,2.9,1.9,2.2,3.6,5.3,5.6
22103,2023-08-09,13.9,996.1,90,27,28.1,4,2.5,2.9,5.8,5.7,6
22103,2023-08-10,11.7,994,86,25.9,27.6,3.4,2.1,3.2,6.2,5.1,6.1
22103,2023-08-11,3.7,1002.8,85,27.1,28.1,1,.7,.9,1.6,4.5,4.7
22103,2023-08-12,3.2,1004.4,79,27.3,27.8,.8,.5,.6,1,4.5,5
22103,2023-08-13,3.4,1004.8,84,27.2,28.5,.7,.5,.5,1,4.5,5.3
22103,2023-08-14,5.6,1005.4,84,27.3,28.5,1,.6,.9,1.6,3.9,4.4
22103,2023-08-15,3.8,1004.6,80,27.4,28.9,1.3,.9,1,1.7,4.9,5.4
22103,2023-08-16,3.4,1004.4,84,27.5,28.9,1.1,.7,.9,1.5,4.8,5.5
22103,2023-08-17,4.9,1005,84,27,29,1.2,.8,1,1.7,4.5,5.9
22103,2023-08-18,5.9,1006.4,88,26.9,28.9,1.2,.7,.8,1.5,4.1,4.4
22103,2023-08-19,4.7,1009.7,87,27.8,29.2,1,.7,1,1.5,4.3,4.7
22103,2023-08-20,3.2,1011.7,84,28.3,29.1,.6,.4,.5,.8,4.1,4.5
22103,2023-08-21,4.5,1009.2,85,28.4,28.9,.7,.4,.6,1,3.4,3.9
22103,2023-08-22,6.8,1006.1,84,28.3,28.6,1.4,.9,1.2,2.1,3.9,4.5
22103,2023-08-23,7.2,1005.5,88,28.3,28.6,2,1.2,1.5,2.8,4.4,4.7
22103,2023-08-24,6.9,1006.6,87,27.5,28.8,1.9,1.2,1.5,2.6,4.6,4.9
22103,2023-08-25,4.8,1008.9,80,27.4,28.2,1,.6,1.1,1.8,4.1,5
22103,2023-08-26,2.9,1009,82,27.4,28.2,.5,,.4,.6,3.5,4.3
22103,2023-08-27,5.9,1007.5,88,27.8,27.5,1,.7,1.3,2.2,3.9,4.8
22103,2023-08-28,6.9,1006.5,87,28.4,27.9,2.1,1.4,1.7,3.2,4.7,4.9
22103,2023-08-29,7.7,1007,91,27.6,28.4,2.9,1.8,2.3,3.7,5.3,5.6
22103,2023-08-30,5.3,1008.7,92,26.7,27.8,1.7,1.1,1.4,2.4,4.7,4.9
22103,2023-08-31,,,,,,,,.9,1.3,,6.9
22103,2023-09-01,5,1010.2,92,26.9,27.5,2.6,1.6,2.1,4.4,5.8,6.7
22103,2023-09-02,4.9,1010.8,88,27.4,27.9,2.3,1.5,2,2.9,5.6,5.8
22103,2023-09-03,4.9,1011.9,91,27.6,27.6,1.6,1,1.2,2,5.1,5.4
22103,2023-09-04,6.5,1011.1,87,27.7,28,1.6,1,1.5,2.3,5,5.9
22103,2023-09-05,6.2,1010.5,77,27.7,27.9,2,1.3,1.8,2.5,5.3,5.8
22103,2023-09-06,5.6,1011,74,27.6,28.1,1.6,1,1.7,2.9,4.8,5.3
22103,2023-09-07,7.3,1013.1,69,26.8,26.9,2.3,1.4,2,3.3,5,5.7
22103,2023-09-08,6.3,1012.4,70,26.1,27,2,1.2,1.7,2.6,4.7,5.2
22103,2023-09-09,,1011.4,71,26.3,26.9,1,.6,1,1.8,4.3,4.7
22103,2023-09-10,,1010.3,78,26.4,26.9,.8,.6,.7,1.1,3.8,4
22103,2023-09-11,,1009.5,81,27.2,27.3,.6,.4,.5,.7,3.7,4.1
22103,2023-09-12,,1010.6,80,27.3,27.6,.4,.2,.3,.6,3.7,4.2
22103,2023-09-13,4.6,1009.6,82,28,27.8,.6,.4,.5,.8,3.1,3.5
22103,2023-09-14,6.2,1011.3,82,26.4,27.7,1,.7,1.1,1.9,3.4,3.8
22103,2023-09-15,6,1012.2,87,28.1,28.3,1.4,.9,1.2,2.1,3.9,4.3
22103,2023-09-16,5.1,1011.9,88,27.6,27.9,1,.7,.9,1.7,3.5,3.9
22103,2023-09-17,5.8,1010.9,86,26.6,27.3,1.6,1,1.8,2.8,4.1,4.8
22103,2023-09-18,2.7,1012.9,80,27.2,28.1,1.1,.7,1.4,2.4,4.1,4.6
22103,2023-09-19,3.3,1014.4,75,26.5,27.6,.5,.4,.5,.8,3.8,4.2
22103,2023-09-20,7.7,1009.2,82,27.8,26.8,1.7,1,2.7,4.9,3.8,5.4
22103,2023-09-21,9.4,1009.6,83,24.4,26.3,2.5,1.7,2.6,4.4,4.7,5.3
22103,2023-09-22,6.4,1014.5,78,24.6,26,1.4,.9,1.2,2,4.1,4.4
22103,2023-09-23,8.8,1017.4,69,24.6,25.4,1.9,1.2,2,3.7,4.2,5.3
22103,2023-09-24,12.1,1016.5,74,24.3,24.8,3.2,2.1,2.5,4.4,5.2,5.6
22103,2023-09-25,8,1014.7,83,24.4,24.5,1.9,1.2,1.7,3.1,4.3,5
22103,2023-09-26,4.5,1013.3,86,25.5,25.4,.9,.6,.8,1.2,3.9,4.3
22103,2023-09-27,6,1012.7,81,24.7,25.1,.8,.6,.8,1.1,3.3,3.7
22103,2023-09-28,5.4,1013.8,78,24.8,25.1,.8,.5,.6,1,3.3,3.5
22103,2023-09-29,2.9,1013.8,73,24.4,25.1,.6,.4,.6,1,3.5,4.2
22103,2023-09-30,5.4,1011.4,71,22.4,24.8,.7,.4,1,1.5,3.4,4.2
22103,2023-10-01,6.9,1013.8,58,23,24.9,1,.6,.9,1.5,3.1,3.6
22103,2023-10-02,6,1017.1,49,22.6,24.4,1.2,.7,.9,1.5,3.8,4.5
22103,2023-10-03,7.5,1016.1,72,22.7,23,1.8,1.1,1.4,2.5,4.3,5
22103,2023-10-04,5.3,1013.8,66,22.4,22.9,1.6,1,1.3,2.2,5.7,7.4
22103,2023-10-05,9.2,1014.8,50,20.2,22.9,1.9,1.2,1.5,2.6,4.2,4.4
22103,2023-10-06,4.1,1018.3,53,19.5,22.5,1.5,.9,1.5,2.7,5.4,7.3
22103,2023-10-07,6.6,1020.4,71,20.8,22.3,1.4,.9,1.5,2.2,4.2,4.9
22103,2023-10-08,10.8,1019.3,70,21.4,21.9,3,1.9,2.6,4.6,4.9,5.6
22103,2023-10-09,6.6,1018.5,73,21.3,21.8,1.7,1.1,1.6,2.7,4.3,4.8
22103,2023-10-10,5.3,1020.1,63,20.5,21.6,1.1,.7,1,1.8,3.6,4.5
22103,2023-10-11,7.9,1022.8,62,21.5,23,1.7,1.1,1.3,2.2,4.2,4.5
22103,2023-10-12,6.8,1023.1,62,20.9,21.3,1.7,1.1,1.4,2,4.4,4.7
22103,2023-10-13,5.5,1017.3,66,21,21.7,1.7,1.1,1.2,2,4.6,5.2
22103,2023-10-14,5.1,1011.1,65,20.8,21.7,1,.7,.9,1.4,4.5,5.6
22103,2023-10-15,8.3,1012,67,20,21.4,1.5,1,1.2,2.4,3.6,3.9
22103,2023-10-16,8.7,1015.5,64,19.4,21.9,1.4,.8,1.1,2.3,3.4,3.7
22103,2023-10-17,,1019.1,64,18.7,21.5,,,1.3,2,,3.7
22103,2023-10-18,2.2,1020.3,69,19.6,21.7,.5,.3,.4,.6,3.8,4.3
22103,2023-10-19,3,1017,79,20.6,20.7,.5,.3,.3,1,3.5,4.1
22103,2023-10-20,,1017.2,56,16.5,20.7,,,1.6,2.8,,4.2
22103,2023-10-21,8.4,1022.1,57,16,19.8,1.6,1,1.5,2.3,3.7,4.2
22103,2023-10-22,6.2,1023.7,60,17.4,19.4,1,.7,.9,1.5,3.3,3.6
22103,2023-10-23,3.1,1023.4,65,18.1,19.3,.4,.3,.5,.7,3.5,3.9
22103,2023-10-24,1.9,1020.6,67,18.2,19.6,.3,,.3,.4,3.8,4.1
22103,2023-10-25,3.3,1018.3,75,19.5,20,.4,,.4,.6,3.7,4.2
22103,2023-10-26,4.2,1016,87,19.4,19.7,.5,.4,.6,1,3.1,3.8
22103,2023-10-27,7.6,1014.6,68,18.1,19.3,1.1,.8,1,1.6,3.3,3.6
22103,2023-10-28,4.3,1018.4,68,18.1,20.1,.8,.6,.7,1.1,3.8,4.5
22103,2023-10-29,5,1021.2,70,19,20.4,.8,.6,.7,1.3,3.7,4.3
22103,2023-10-30,3.2,1022.4,68,19.2,20.4,.6,.4,.6,1,4,4.4
22103,2023-10-31,3.9,1022.7,73,18.8,19.9,.4,.3,.4,.7,3.5,4.3
22103,2023-11-01,3.2,1021,83,19.9,19.4,.6,.4,.8,1.2,3.4,4
22103,2023-11-02,2,1019.2,87,20.6,19.7,.9,.6,.8,1.2,3.8,4.1
22103,2023-11-03,2.1,1017,87,20.7,19.8,1,.6,.8,1.3,4,4.2
22103,2023-11-04,2.9,1019.7,92,20,19.1,1.1,.7,.8,1.4,4.3,4.7
22103,2023-11-05,5.9,1017.2,89,21.3,19.6,2.3,1.4,2.4,4.6,4.5,5.3
22103,2023-11-06,11.4,1012,71,19.3,19.6,4.1,2.6,3.5,5.6,5.6,6.5
22103,2023-11-07,8.9,1020.7,60,14.6,19.3,2,1.3,2.1,3.7,4.1,5
22103,2023-11-08,3.8,1021.8,69,15.6,19.2,.7,.5,.7,1.1,3.9,4.4
22103,2023-11-09,4.6,1019.8,83,19.2,19.8,.7,.5,.6,1,3.8,4.2
22103,2023-11-10,9.7,1020.5,63,14.5,19.6,1.8,1.1,1.6,2.7,3.7,4.4
22103,2023-11-11,7.1,1025.7,52,11.1,18.6,1.4,.9,1.4,2.3,3.8,4.3
22103,2023-11-12,11.4,1025.7,61,10,17.9,2.3,1.4,1.7,3.4,4,4.3
22103,2023-11-13,9,1026.9,59,9.2,17.1,1.6,1,1.5,2.3,3.7,4.2
22103,2023-11-14,7.1,1026.4,61,11.5,18.7,1.2,.8,1,1.6,3.4,3.8
22103,2023-11-15,4.3,1027.7,58,13.2,19.4,.6,.4,.6,.9,3.4,4.2
22103,2023-11-16,7.1,1020.4,67,14.2,19.7,1.1,.7,1.5,2.6,3.6,4
22103,2023-11-17,10.4,1015.3,73,9.9,18.5,1.9,1.3,1.6,3.4,4.1,4.7
22103,2023-11-18,12.4,1019,66,8.9,17.7,3.1,2,2.9,4.9,4.8,5.7
22103,2023-11-19,8.7,1019.5,66,13.6,17.2,1.7,1.1,1.4,2.2,3.7,4.1
22103,2023-11-20,4.6,1023,55,13,16.9,1,.7,1.1,1.7,3.8,4.6
22103,2023-11-21,2.5,1021.8,68,14.4,17.1,.6,.4,.5,.8,4.4,5.1
22103,2023-11-22,2.2,1017.8,81,15.3,17,.4,.3,.3,.5,3.9,4.6
22103,2023-11-23,8.1,1014.9,78,17.1,18.4,1.5,1,1.6,2.4,3.8,4.4
22103,2023-11-24,11.1,1026.4,61,8,17.9,2.5,1.6,1.9,3.3,4.3,4.7
22103,2023-11-25,5.9,1030.5,54,6.5,18,1.3,.9,1.5,2.2,4.2,5
22103,2023-11-26,2.2,,,,,.6,.4,.5,.7,4.4,4.9
22103,2023-11-27,6.3,1016.2,70,14.5,16.8,1,.7,1.1,2,3.7,4.9
22103,2023-11-28,7.9,1021.6,61,10.9,18.2,1.4,.9,1.2,2.4,3.7,4
22103,2023-11-29,6.2,1024.2,62,10.5,16.5,.9,.6,1,1.6,3.3,3.5
22103,2023-11-30,10.8,1026.5,64,5.9,16,2.1,1.4,1.6,2.9,3.9,4.4
22103,2023-12-01,8,1025.6,67,6.1,15.4,1.4,.9,1.4,2.4,3.6,4.3
22103,2023-12-02,7.1,1026.7,59,9.1,16,1.1,.7,1.4,2.3,3.3,4
22103,2023-12-03,6.5,1025.6,59,10.6,16.6,1.1,.7,1,1.7,3.3,3.4
22103,2023-12-04,2.7,1021.6,52,10.5,16.8,.5,.3,.4,.7,3.7,4.9
22103,2023-12-05,3.8,1017.1,53,12.7,16.8,.6,.4,.6,1,3.4,4.6
22103,2023-12-06,7.7,1012.6,67,14.6,16.4,1.6,1,2.1,3.9,4.3,5.2
22103,2023-12-07,6.9,1017.6,53,12.1,16.6,1.9,1.2,2.1,3.7,4.6,4.8
22103,2023-12-08,8.8,1017.1,69,17.5,16.4,2.4,1.5,2.1,3.6,4.3,5.1
22103,2023-12-09,2.8,1018.9,84,17.2,16.5,2,1.3,1.9,2.9,4.8,5.1
22103,2023-12-10,7,1020.9,91,16.3,16.2,1.3,.9,1.6,2.4,4.1,4.7
22103,2023-12-11,7.4,1013.1,90,16.2,16.1,2.6,1.6,2.1,3.4,4.8,5.7
22103,2023-12-12,7.5,1018.4,86,12.8,16.1,2.2,1.5,1.7,2.5,4.9,5.3
22103,2023-12-13,8.1,1026.4,75,14.2,18.3,2,1.3,1.7,3.1,4.6,4.9
22103,2023-12-14,8.2,1020.9,89,16.5,18.6,2.6,1.6,2.4,4.1,4.6,5.3
22103,2023-12-15,8.8,1013.1,87,15.5,16.8,2.7,1.7,2.3,3.2,4.7,5.2
22103,2023-12-16,13.3,1022.4,73,6.2,16.4,3,2,2.6,4.1,4.7,5.3
22103,2023-12-17,10.1,1031.8,66,1.7,15.8,2.3,1.5,2.1,3.2,4.3,4.8
22103,2023-12-18,6.7,1032.5,66,3,15.3,1.2,.8,1.1,1.8,3.6,4
22103,2023-12-19,5.6,1027.2,68,6,15.2,.8,.6,.7,1,3.3,3.7
22103,2023-12-20,11.3,1025.6,67,4.5,15.3,2.6,1.6,2,3.6,4.3,4.9
22103,2023-12-21,,,,,,,,1.8,3,,4.8
22103,2023-12-22,,,,,,,,1.4,2.4,,4.3
22103,2023-12-23,,1036.2,62,3,14.3,,,1.1,1.7,,4.5
22103,2023-12-24,,,,,,,,1,1.4,,5.3
22103,2023-12-25,7.4,1029.9,59,5.8,13.9,1.3,.9,1.1,1.8,3.6,4
22103,2023-12-26,5.4,1030.1,65,8.4,14.5,.7,.5,.6,.9,3.1,3.4
22103,2023-12-27,3.4,1029.9,65,9.8,14.4,.7,.4,.6,1,4.1,5.1
22103,2023-12-28,4.3,1027.6,63,10.4,15,.8,.5,.8,1.6,4.2,5.8
22103,2023-12-29,4.3,1026.3,64,8.1,16.1,.8,.5,.8,1.3,3.5,3.9
22103,2023-12-30,,,,,,,,.6,.8,,5.3
22103,2023-12-31,11.3,1018.9,71,10,15.6,2.6,1.6,2.2,3.6,4.5,5.2
22103,2024-01-01,6.4,1026.3,71,9.5,15.5,1.5,1,1.3,2.2,4.2,4.6
22103,2024-01-02,5.5,1022,65,10,15,1,.7,.9,1.5,3.7,4.4
22103,2024-01-03,9.7,1019.3,66,8.4,15.2,1.7,1.1,1.5,2.5,3.6,4.1
22103,2024-01-04,7,1023,63,8.4,15,1.3,.9,1.5,2.5,3.7,4.3
22103,2024-01-05,6,1021.4,67,12.6,15.5,1.3,.9,1.2,1.9,3.7,4.2
22103,2024-01-06,,,,,,,,1.2,1.8,,3.8
22103,2024-01-07,9.7,1025,59,5.6,15.8,1.8,1.2,1.5,2.8,3.7,4.1
22103,2024-01-08,5.2,1026.5,59,3.5,15.6,1,.7,1,1.5,3.6,4.3
22103,2024-01-09,4,1019.4,75,9.3,15.5,.8,.5,.9,1.5,3.7,4.5
22103,2024-01-10,7.7,1018.3,72,7.4,15.3,1.3,.9,1.2,2.3,3.6,4
22103,2024-01-11,8.2,1019,69,7.2,15.5,1.5,1,1.3,1.9,3.8,4.5
22103,2024-01-12,7.9,1018.4,59,10.4,15.8,1.3,.8,.9,1.6,3.5,4
22103,2024-01-13,6.2,1024.2,46,8.3,15.5,1,.7,.9,1.5,3.3,3.8
22103,2024-01-14,7.3,1021.8,67,13.2,15.4,1.7,1,1.7,3,4,4.3
22103,2024-01-15,10.6,1024.9,58,6.4,15.5,2.2,1.4,1.5,2.9,4.1,4.4
22103,2024-01-16,4.5,1030.8,55,8.3,15.4,1,.7,1.1,1.9,3.9,4.3
22103,2024-01-17,5.1,1025.4,70,14.6,15.2,1.2,.8,1.2,1.9,3.8,4.2
22103,2024-01-18,6.5,1020.9,86,13.9,15.5,1.5,.9,2.1,3.4,3.9,4.9
22103,2024-01-19,14.7,1023.8,81,11.2,15.6,4.4,2.8,3.5,5.3,5.7,6.3
22103,2024-01-20,14.5,1019,86,11.1,15.6,4.4,2.8,3.2,5.9,5.5,5.9
22103,2024-01-21,7.5,1022.7,79,9.3,15.6,2.3,1.5,2.3,3.7,5,5.8
22103,2024-01-22,13.2,1026.2,72,2.1,14.9,3,1.9,2.3,3.5,4.5,4.9
22103,2024-01-23,13.4,1025.2,72,.6,14.7,3.1,2,2.4,3.8,4.5,4.9
22103,2024-01-24,12.6,1025.2,71,1.8,13.8,2.8,1.8,2,3.4,4.5,4.8
22103,2024-01-25,10.4,1027.7,65,3,13.1,1.9,1.3,1.7,2.4,4.1,4.4
22103,2024-01-26,8.3,1028.2,63,5.2,12.2,1.6,1.1,1.4,2.3,3.9,4.3
22103,2024-01-27,7.4,1026.7,62,6.2,12.1,1.3,.9,1,1.7,3.6,4.2
22103,2024-01-28,8.5,1028,62,5.5,11.9,1.5,1,1.2,2,3.7,4.1
22103,2024-01-29,6.1,1030.4,61,5.6,12.8,.9,.6,.9,1.3,3.3,3.7
22103,2024-01-30,3.8,1028.1,70,8.6,11.9,.6,.4,.6,.9,3.4,4
22103,2024-01-31,4.9,1022.6,89,10.6,13.4,1.5,.9,1.2,2,4.3,6.2
22103,2024-02-01,8.1,1022.1,85,10.3,15.1,1.9,1.2,1.8,2.8,4.6,6.3
22103,2024-02-02,8.3,1025.5,79,10,14.8,2.3,1.5,1.9,2.8,4.7,5.1
22103,2024-02-03,10.2,1024.6,75,11.1,14.5,2.9,1.8,2.3,4.4,4.8,5.4
22103,2024-02-04,10.4,1022.1,80,11,13.8,2.9,1.8,2.6,4.5,4.9,5.6
22103,2024-02-05,10.7,1016.7,85,10,14.5,4.3,2.6,3.7,6.1,5.9,6.5
22103,2024-02-06,6.3,1023.9,71,7.7,14.7,1.9,1.2,1.8,3,4.6,6.2
22103,2024-02-07,7.4,1022.3,64,5.8,13.7,1.3,.9,1.2,2.2,3.5,3.9
22103,2024-02-08,4.6,1020.8,65,5.6,12.6,1,.6,.7,1.1,3.5,3.7
22103,2024-02-09,8.6,1022,64,6,12.4,1.3,.9,1.1,1.8,3.4,3.7
22103,2024-02-10,,,,,,,,1.1,1.5,,3.7
22103,2024-02-11,9.1,1025.5,57,8.3,13,1.8,1.1,1.8,3,3.7,4.4
22103,2024-02-12,3.8,1030.3,59,9,15.9,.9,.6,1.3,1.9,4,4.5
22103,2024-02-13,7.4,1027.6,70,15,,2,1.3,1.7,3,4.2,5
22103,2024-02-14,5.8,1022.5,88,16.4,,1.6,1,1.2,2,4,4.2
22103,2024-02-15,7.9,1018.6,80,11.5,,2.1,1.3,2,3.2,4.5,5.6
22103,2024-02-16,5.5,1024,64,8,15.7,1.6,1,1.4,3,4.4,4.8
22103,2024-02-17,2.6,1022.5,60,10.9,15.5,.8,.5,.6,1.1,4.7,5.2
22103,2024-02-18,7.8,1018.4,84,15.7,15,2.1,1.3,3,4.7,4.2,6
22103,2024-02-19,8.7,1013,92,15.1,15.3,3.8,2.5,3,5.6,5.7,6.1
22103,2024-02-20,10,1019.1,88,12.1,16.2,3.2,1.9,3,5.1,5.3,5.9
22103,2024-02-21,14.9,1016.4,88,11.7,16.1,4.5,2.9,3.1,6.1,5.7,6
22103,2024-02-22,13.8,1021.5,83,9.3,15.2,4.5,2.8,3.2,5.9,5.7,6.2
22103,2024-02-23,10.8,1026.4,77,8.2,14.7,3.1,2,2.3,3.9,5,5.4
22103,2024-02-24,12.2,1025,77,8.9,14.9,3.6,2.3,2.4,4.3,5.2,5.5
22103,2024-02-25,8.1,1021.1,79,8.5,15,2,1.3,2.1,3.2,4.3,5.1
22103,2024-02-26,6.1,1025.9,69,8.5,14.8,1.4,.9,1.6,2.2,4.1,4.6
22103,2024-02-27,10.5,1028.4,65,9.4,15.2,2.8,1.8,2,3.7,4.9,5.1
22103,2024-02-28,9.5,1027,65,10.7,15.5,2.3,1.5,1.8,3,4.5,4.9
22103,2024-02-29,10,1020,76,9.5,15.1,2.3,1.5,1.9,3.1,4.4,4.9
22103,2024-03-01,11.9,1022.5,61,3.4,14.4,2.6,1.7,1.9,3.3,4.3,4.6
22103,2024-03-02,7.1,1023.4,61,3.6,14.2,1.4,.9,1.6,2.7,3.8,4.4
22103,2024-03-03,7,1020.6,60,9.8,14.1,1.4,.9,1.2,1.9,3.6,4
22103,2024-03-04,6.2,1020.3,65,11.4,14.4,1.1,.7,1.3,2,3.7,4.3
22103,2024-03-05,12.5,1009.9,85,11.2,14.2,3.9,2.4,3,5.3,5.3,6
22103,2024-03-06,7.8,1014.4,69,10.9,14.2,2.5,1.6,2.3,3.3,5.1,5.6
22103,2024-03-07,7.6,1017.2,67,8.7,14.1,2,1.3,1.7,2.6,4.4,5.2
22103,2024-03-08,,,,,,,,1.7,2.8,,4.3
22103,2024-03-09,6.9,1024.2,55,6,13.4,1.4,.9,1.3,2.1,3.7,4
22103,2024-03-10,3.2,1028.3,55,8.5,14.2,.9,.6,.8,1.5,4,4.5
22103,2024-03-11,4.3,1020.6,68,11.5,14.1,1,.6,1,1.5,3.8,4.4
22103,2024-03-12,7.6,1015.4,73,9.9,13.7,1.1,.8,1.3,1.9,3.5,4.2
22103,2024-03-13,7.3,1022,60,9.4,13.5,1.3,.9,1.2,1.7,3.7,4.1
22103,2024-03-14,5.8,1022.7,58,11.2,14.4,.7,.5,.9,1.3,3.2,3.5
22103,2024-03-15,5.3,1024.4,54,12.6,14.4,.6,.4,.5,.9,3.1,3.7
22103,2024-03-16,2.9,1021.6,65,14.2,14.6,.6,.4,.6,1,3.7,4.7
22103,2024-03-17,8.3,1015.5,78,12.5,14.8,1.3,.8,1.4,2.4,3.5,3.8
22103,2024-03-18,5.1,1021.6,61,11.1,14.8,1.4,.9,1.4,2.1,4.3,4.8
22103,2024-03-19,9.4,1018.5,57,11.6,14.8,1.8,1.1,2.1,4.1,3.8,4.5
22103,2024-03-20,10.7,1020.9,54,8.1,14.3,2.3,1.6,2.1,3.3,4.2,4.5
22103,2024-03-21,5.7,1019.7,59,7.9,14.1,1.2,.8,1.1,1.7,3.9,4.7
22103,2024-03-22,8.2,1015.7,70,14,14.1,2.6,1.5,3.2,5.5,4.5,6.2
22103,2024-03-23,3.6,1014.5,91,15.4,14.7,2.8,1.8,3,4.5,5.7,6.2
22103,2024-03-24,11.7,1015.4,87,13.4,14.2,3.2,2.1,2.6,4.6,5.1,5.6
22103,2024-03-25,12.1,1012.7,86,13.2,14,3.4,2.1,2.9,5,5.1,5.5
22103,2024-03-26,7.3,1016.8,83,10.9,14.1,2.9,1.8,3,5.3,5.5,6.2
22103,2024-03-27,3.6,1023.3,71,12.7,15.1,1.5,1,1.3,2.2,5.3,6.3
22103,2024-03-28,9.5,1008.7,86,14.8,14.7,3,1.9,3.3,5.5,5.1,6.8
22103,2024-03-29,8.3,1010.7,83,14,14.5,2.7,1.8,2.2,3.5,5.1,5.7
22103,2024-03-30,6.1,1012.6,81,15.3,14.8,2,1.3,1.8,2.9,4.6,5.1
22103,2024-03-31,5.3,1011.4,85,14,14.8,1.3,.8,1.2,2.6,4.1,4.8
22103,2024-04-01,3.4,1014.8,72,15.3,15.4,.7,.4,.6,1,3.8,4.4
22103,2024-04-02,5.4,1012.8,93,15.7,15,1.2,.7,2.1,3.1,3.7,4.8
22103,2024-04-03,6.4,1004.6,96,14.9,15.4,3.5,2.2,3,5.7,5.6,6.3
22103,2024-04-04,6.7,1015.1,82,14.5,15.5,2.3,1.5,1.7,2.8,5.2,5.8
22103,2024-04-05,7.2,1018.9,74,14.3,15.3,1.9,1.3,1.8,3.1,4.5,4.9
22103,2024-04-06,2.9,1018.7,84,14.3,15,.8,.6,.8,1.5,4.2,4.8
22103,2024-04-07,2.4,1017,85,15,15.1,.5,.3,.4,.6,4.2,4.9
22103,2024-04-08,2.7,1015.3,82,15.3,14.7,.4,,.3,.5,4.6,5.1
22103,2024-04-09,6.9,1020.8,76,14.4,14.8,2.1,1.5,2.2,3.4,4.5,5.3
22103,2024-04-10,6.2,1025.3,73,13.6,14.7,1.8,1.1,1.9,2.9,4.5,5.3
22103,2024-04-11,3.7,1022,86,15,15.1,1.2,.8,1.1,1.7,4.3,4.9
22103,2024-04-12,2.9,1018.3,94,14.9,15.4,.9,.5,.7,1.2,4.5,5.3
22103,2024-04-13,1.5,1018,85,16.4,16,.9,.6,.7,1.2,5.5,6
22103,2024-04-14,4.2,1017.6,91,16.4,15.6,1,.6,.9,1.6,4.7,5.3
22103,2024-04-15,8.1,1011.4,92,16.4,15.8,3.8,2.4,4.8,6.8,5.7,7.4
22103,2024-04-16,5.7,1012.9,89,14.8,15.8,1.8,1.2,1.7,3,4.8,6.2
22103,2024-04-17,2.6,1011.3,76,15.2,15.8,.7,.5,.6,1.1,4.2,5.1
22103,2024-04-18,2.9,1010.3,82,15.9,16.2,.6,.4,.6,.9,4.3,5.6
22103,2024-04-19,2.2,1013.4,86,16.6,16.2,.6,.4,.6,.8,3.8,4.2
22103,2024-04-20,5.6,1008.2,94,16.3,15.6,1.9,1.4,2.2,3.6,4.3,5.9
22103,2024-04-21,4.1,1009.4,91,15.4,15.3,2.3,1.5,2.1,3.1,5.5,6.1
22103,2024-04-22,7.6,1012.6,84,15.7,15.4,2,1.3,1.8,2.6,4.5,4.8
22103,2024-04-23,10.5,1010.7,82,15.2,15.4,3,1.9,2.3,4.5,5,5.3
22103,2024-04-24,6.9,1009.3,82,15.2,15.7,1.6,1.1,1.4,1.9,4.2,4.9
22103,2024-04-25,4.9,1011.3,82,15,15.9,.8,.6,.8,1.2,3.5,3.9
22103,2024-04-26,1.8,1010.6,84,16.2,16,.4,.3,.4,.6,4,4.5
22103,2024-04-27,2.1,1011.1,88,17,16.3,.5,.3,.5,.8,4.4,5.2
22103,2024-04-28,2.7,1012.9,94,17.3,16.5,.6,.4,.5,.9,4.2,5.1
22103,2024-04-29,11,1006.6,94,15.8,16,2.9,1.8,2.4,4.4,4.7,5.3
22103,2024-04-30,3.7,1007,91,16.2,16.4,1.1,.7,1.3,1.7,4.2,5
22103,2024-05-01,8.6,1011.6,78,15.5,16.1,2.4,1.5,2,3.4,4.7,5.3
22103,2024-05-02,4.7,1018.5,68,15.5,16.3,1.5,.9,1.7,3.1,4.4,4.7
22103,2024-05-03,2.6,1018.4,80,16.4,17,.8,.5,.7,1.1,4.3,4.6
22103,2024-05-04,4.9,1016.7,92,17.8,17.1,.9,,.8,1.3,3.9,4.5
22103,2024-05-05,11.4,1011.1,92,19.1,16.8,4.6,2.9,4,6.2,5.9,6.8
22103,2024-05-06,7.7,1010.4,88,16.6,17,2.9,1.9,3.3,5.2,5.5,6.5
22103,2024-05-07,8.2,1012,83,16.5,16.7,1.8,1.2,1.4,2.3,4.2,4.5
22103,2024-05-08,8.6,1016.5,76,15,16.6,2.4,1.6,2.1,3.5,4.7,5.1
22103,2024-05-09,4.7,1019.7,74,16.2,16.8,1.1,.7,1,1.5,4.3,5.3
22103,2024-05-10,3.7,1019.6,79,17.3,17.2,.7,.5,.7,1.1,3.5,4.2
22103,2024-05-11,5.5,1014.7,92,18.5,16.9,1.5,.9,1.5,2.6,3.9,4.5
22103,2024-05-12,6.1,1009.7,76,17.8,16.7,1.9,1.2,1.6,2.7,4.5,5.3
22103,2024-05-13,3.6,1014.2,73,17.9,17.4,.9,.6,1.1,1.6,3.9,4.3
22103,2024-05-14,2.1,1016.3,81,18.2,18.2,.6,.4,.5,.8,4,4.3
22103,2024-05-15,7.7,1013,72,16.6,17,1.3,.8,1.8,3.3,3.6,4.3
22103,2024-05-16,10.6,1012.4,72,16.3,16.5,2.6,1.6,2.3,4,4.4,5
22103,2024-05-17,3.6,1016.7,77,17.8,16.9,1.6,1,1.3,2.2,4.2,4.5
22103,2024-05-18,2.1,1017.6,93,17.9,17.6,.8,.5,.7,1.2,4.1,4.6
22103,2024-05-19,1.9,1015.1,85,18.9,18.4,.8,.5,.7,1.2,4.8,5.8
22103,2024-05-20,4,1015.2,84,18.9,18.1,.9,.5,.7,1.2,4.7,5.8
22103,2024-05-21,7.4,1018.5,88,17.9,17.9,1.7,1.1,1.5,2.5,4.1,4.6
22103,2024-05-22,4.7,1016,91,17.6,17.8,1.4,.9,1.3,2.2,4.3,4.8
22103,2024-05-23,2.9,1010.9,90,18.6,18,1,.6,.8,1.4,5.1,6.1
22103,2024-05-24,4.2,1012.5,87,18.7,18.3,1,.6,1.1,1.7,3.9,4.7
22103,2024-05-25,8.3,1015.7,83,18.3,17.9,2.1,1.3,1.6,2.7,4.4,4.9
22103,2024-05-26,5.3,1008.1,95,19.7,18.5,1.7,1.1,1.5,2.8,4.3,4.8
22103,2024-05-27,5.3,1004.3,83,19,18.2,1.4,.9,1.1,2.1,4.3,4.5
22103,2024-05-28,4,1005.5,76,19.2,18.3,.9,.6,1.1,1.8,3.8,4.9
22103,2024-05-29,1.4,1013.3,79,19.6,19.5,1.1,.7,1.2,2.1,4.8,5.1
22103,2024-05-30,1.8,1011.6,89,19.5,19.1,.7,.5,.6,.9,5.4,6.5
22103,2024-05-31,4,1010.8,79,18.3,18.6,.9,.6,.7,1.1,5.3,7
22103,2024-06-01,6.1,1010.7,82,19.2,18.8,.9,.6,1.1,1.5,3.4,3.6
22103,2024-06-02,6.1,1010.4,78,19.1,18.9,1.1,.7,1,1.8,3.4,3.7
22103,2024-06-03,4.4,1011.5,85,19.3,19.1,.7,.5,.6,1,3.3,3.5
22103,2024-06-04,4.8,1016.2,79,19.2,18.7,1.1,.7,.8,1.2,3.9,4.3
22103,2024-06-05,4.6,1018.5,86,19.1,19,1,.6,.7,1.2,3.8,4.5
22103,2024-06-06,3.1,1017.3,93,19.3,19.1,.7,.5,.6,1,3.7,4.1
22103,2024-06-07,2.8,1014.5,92,20.1,19.4,.8,.5,.6,1.3,4.1,4.7
22103,2024-06-08,6.1,1009,96,20,19.2,1.8,1.1,2,3.5,4.2,5.1
22103,2024-06-09,5,1007.8,94,19.9,19.4,1.8,1.1,2,3.5,4.8,5.4
22103,2024-06-10,3.7,1009.2,94,20.1,19.5,.7,.4,.8,1.1,4,4.4
22103,2024-06-11,3.3,1008.7,98,19.3,19.4,.5,.3,.4,.7,3.5,4
22103,2024-06-12,.8,1006.2,95,21.3,20.2,.5,.3,.5,.7,4.5,5.5
22103,2024-06-13,2.3,1004.9,91,21.5,21,1,.6,.7,1.2,6,6.6
22103,2024-06-14,1.6,1006.1,94,22.5,21.5,1.1,.7,.8,1.3,5.9,6.3
22103,2024-06-15,2.9,1004,91,23.2,22.5,.9,.6,.6,1.1,5.2,6
22103,2024-06-16,5.3,1007.1,91,21.8,21.3,1,.7,.8,1.5,4,4.6
22103,2024-06-17,1.8,1008.3,92,20.5,20.2,1,.6,.8,1.4,5.1,5.6
22103,2024-06-18,5.5,1006.8,88,21,20.1,.9,.6,.9,1.5,3.8,4.9
22103,2024-06-19,2.1,1009.2,91,21.9,20.8,.9,.6,.8,1.2,5,5.8
22103,2024-06-20,6.2,1004.6,95,21.3,20.6,2.1,1.3,2.3,3.6,4.6,5.3
22103,2024-06-21,2.7,1004,92,22.7,22.2,1.9,1.2,1.5,2.7,5.2,5.6
22103,2024-06-22,7.1,1000.3,97,23.3,21.7,2,1.2,1.9,2.9,4.6,5.5
22103,2024-06-23,4.3,1001.3,97,22,21.1,2.3,1.4,2,3.7,5.4,5.9
22103,2024-06-24,4.3,1005.9,95,22.3,21.2,2,1.3,1.7,2.7,5.3,6
22103,2024-06-25,3.9,1011.8,88,21.4,21.1,1.3,.8,1.1,1.9,4.9,5.5
22103,2024-06-26,1.5,1015.5,81,21.7,21.1,.9,.5,.7,1.3,5,5.2
22103,2024-06-27,3.6,1011.8,93,20.9,20.2,.9,.5,1.1,1.7,4.2,4.9
22103,2024-06-28,2.5,1008.5,94,21.8,21.8,1.1,.7,.9,1.5,4.4,5
22103,2024-06-29,6.5,1006.1,97,23.1,20.8,1.7,1.1,1.8,3.2,4.3,4.9
22103,2024-06-30,8.2,1002,97,22.7,19.5,3.4,2.1,2.7,4.3,5.5,6
22103,2024-07-01,2.8,1005,99,21.5,19.8,2.1,1.3,1.7,2.8,5.6,6.3
22103,2024-07-02,6.8,1006.5,97,23.7,20.6,2.5,1.5,2.1,4,4.9,5.5
22103,2024-07-03,5.4,1011.2,98,23.5,21.5,2.7,1.7,2.4,3.7,5.4,5.7
22103,2024-07-04,3.1,1009.7,99,23.3,21.4,1.7,1.1,1.5,2.5,5,5.5
22103,2024-07-05,3.3,1007,99,23.4,21.3,1.7,1.1,1.5,2.3,4.7,5
22103,2024-07-06,6.4,1007.3,95,24.7,21.9,2,1.2,1.6,2.7,4.4,4.9
22103,2024-07-07,6.3,1007.3,96,24.6,21.7,2.3,1.4,1.6,3,4.6,5
22103,2024-07-08,5.2,1005.9,96,24.2,21.4,2.2,1.4,1.6,2.7,4.7,5.2
22103,2024-07-09,4.3,1006.2,96,24.7,21.9,2,1.3,1.5,2.7,4.7,5.1
22103,2024-07-10,6.4,1002.5,98,23,20.8,2.5,1.7,2.1,3.3,5.2,6
22103,2024-07-11,3,1002.8,98,21.1,20.6,1.8,1.1,1.4,2.5,5.5,6.5
22103,2024-07-12,2.2,1003.4,96,22.1,21.4,1.4,.9,1.2,2.1,5.7,6.3
22103,2024-07-13,3.3,1006.3,96,23.2,22.8,1.4,.9,1,1.7,5.6,6.3
22103,2024-07-14,4.6,1009.2,95,23.6,22.9,2.1,1.3,2,2.8,5,5.4
22103,2024-07-15,4.2,1012,97,23.3,23.1,1.8,1.1,1.4,2.3,4.7,5.1
22103,2024-07-16,4.4,1012.1,97,25,24,1.5,.9,1.3,2.1,4.2,4.7
22103,2024-07-17,6.2,1010.9,97,26.1,23.9,1.3,.8,1,1.8,3.7,3.8
22103,2024-07-18,6.4,1006.8,96,25.8,23.1,1.9,1.2,1.6,2.5,4.2,4.7
22103,2024-07-19,3.1,1007.6,96,24.1,22.7,1.6,1,1.2,2,4.6,5.3
22103,2024-07-20,5.3,1009.5,96,26.2,23.1,1.8,1.2,1.4,2.2,4.6,5.3
22103,2024-07-21,3.9,1010.2,96,26.4,24.2,1.6,1,1.4,2.2,4.4,4.7
22103,2024-07-22,4.7,1008.9,96,27.2,24.6,1.2,.8,.9,1.5,4,4.4
22103,2024-07-23,4,1006.9,95,27.7,25.2,1.4,.9,1,1.7,4.2,4.4
22103,2024-07-24,2.9,1005.8,95,27.9,26.1,1.7,1.1,1.3,2.2,5.1,5.6
22103,2024-07-25,3.9,1006.8,92,28.1,25.7,3.1,2,2.8,4.5,6.4,7
22103,2024-07-26,7,1010.9,92,27.4,26.6,4.7,3.1,3.4,5.4,7.1,7.5
22103,2024-07-27,5.7,1015.8,92,28.2,26.8,4.4,2.9,3.4,6.1,7.2,7.8
22103,2024-07-28,4.4,1014.9,94,28.2,26.4,3,1.9,2.6,4.2,6.4,6.9
22103,2024-07-29,3.4,1011.4,92,27.9,27.2,1.7,1.1,1.4,2.4,5.3,5.8
22103,2024-07-30,3.9,1009.1,95,26.9,26.7,1.1,.6,.7,1.5,4.5,5.2
22103,2024-07-31,2.1,1008.1,96,27.1,26.2,.9,.6,.8,1.3,4.3,4.8
22103,2024-08-01,3.4,1006.2,91,28.7,27.1,1.2,.8,.9,1.5,4.1,4.5
22103,2024-08-02,2.5,1005.8,92,29.2,27.9,1.3,.8,.9,1.8,4.6,5
22103,2024-08-03,3,1007.9,94,28.3,27.5,1,.6,.7,1.4,4.9,5.3
22103,2024-08-04,2.3,1008.1,88,29.1,28.4,.7,.5,.6,1,4.9,5.2
22103,2024-08-05,4.8,1008.1,91,28.6,28.9,.9,.6,.8,1.4,4,4.7
22103,2024-08-06,4,1007.5,83,29.5,30.4,.9,.6,.7,1.1,4.2,4.5
22103,2024-08-07,2.9,1006.5,84,29.5,30.4,.6,.4,.5,.7,4.2,4.8
22103,2024-08-08,4,1004.9,83,29,29.6,.4,.3,.4,.6,3.5,4.4
22103,2024-08-09,2.3,1004.4,81,28.8,29.5,.4,.3,.3,.6,4.5,5.4
22103,2024-08-10,3,1003.9,89,28.4,27.8,.6,,.5,.8,4.2,4.8
22103,2024-08-11,3.5,1003.6,84,28.2,27.9,.9,.6,.8,1.5,4.1,4.4
22103,2024-08-12,5.3,1004.9,79,29.1,30,1.3,.8,1.1,1.9,4.4,5.2
22103,2024-08-13,7,1007.6,77,29.4,30.1,1.7,1.1,1.2,2.4,4.5,4.9
22103,2024-08-14,6.4,1007.6,84,29.2,29.8,1.7,1.1,1.3,2.2,4.5,5
22103,2024-08-15,6.1,1007.3,83,29.4,29.6,1.4,.9,1.1,1.9,4.1,4.8
22103,2024-08-16,5.1,1008.5,81,29.5,29.7,1.4,.9,1,2,4.1,4.5
22103,2024-08-17,5.1,1010.2,79,29.6,29.9,1,.6,.7,1.2,3.8,4
22103,2024-08-18,6.2,1009.6,78,29.5,29.8,1.5,1,1.2,2.1,4.2,4.5
22103,2024-08-19,6.5,1007.8,84,29.8,29.8,1.3,.8,1.4,2.1,3.9,4.4
22103,2024-08-20,8,1008.7,86,30.1,29.6,3.5,2.1,3.7,6.3,5.7,7
22103,2024-08-21,6.9,1009.6,86,30.1,28.8,2.7,1.8,2.8,4.2,5.4,6.1
22103,2024-08-22,6,1007.5,88,29.4,28.6,2.5,1.6,1.9,3.4,5.1,5.6
22103,2024-08-23,2.7,1009.7,88,28.7,28.5,1.8,1.1,1.5,2.5,5.9,6.5
22103,2024-08-24,2,1010.6,81,29,29,1,.7,.9,1.7,5.3,5.6
22103,2024-08-25,2.1,1009.3,82,28.8,28.8,.6,.4,.6,1,4.9,5.5
22103,2024-08-26,1.9,1006.6,91,28.1,27.2,.6,.4,.5,.8,5.4,6.7
22103,2024-08-27,6.1,1004.3,91,28.1,28,1.4,.9,2.3,4,5.5,6.5
22103,2024-08-28,13.2,1004,82,28.7,29.2,4,2.6,2.8,4.9,5.9,6.3
22103,2024-08-29,9.8,1001.6,74,29.7,28.8,3.6,2.3,2.6,5.4,5.8,6.2
22103,2024-08-30,6.5,1003.4,77,29.1,28.6,2,1.3,1.9,3.1,5.3,6.5
22103,2024-08-31,5.5,1006.9,73,28,28.5,1.3,.8,1.1,1.7,4.2,5.1
22103,2024-09-01,2.4,1008,76,28.2,28.3,.8,.5,.7,1,4.1,4.5
22103,2024-09-02,1.9,1009.4,72,27.9,28.5,.6,.4,.4,.8,4.6,4.9
22103,2024-09-03,7.9,1010.9,79,27.6,28.4,1.6,1.1,1.9,2.8,4.4,5.2
22103,2024-09-04,7.6,1009.5,76,27.6,27.8,1.9,1.2,1.4,2.4,4.3,4.9
22103,2024-09-05,2.6,1008.9,76,28.4,28.2,.9,.6,.8,1.3,4.5,5.1
22103,2024-09-06,2.9,1011.4,80,28.8,28.4,.7,.4,.5,.9,4.9,5.9
22103,2024-09-07,2.8,1013.7,78,29.3,29.7,.7,.4,.5,.8,4.7,5.6
22103,2024-09-08,1.6,1013.4,79,29.3,30,.7,.4,.5,.8,4.9,5.4
22103,2024-09-09,7.3,1012.3,82,29.1,29.1,1.4,.9,1.4,2.1,3.9,4.7
22103,2024-09-10,7.9,1012.6,88,29,28.7,2.1,1.4,1.6,2.7,4.7,5.3
22103,2024-09-11,4.4,1015.4,87,28.9,28.6,2,1.3,1.6,3.4,5,5.7
22103,2024-09-12,3.1,1014.7,85,29.3,28.7,1.8,1.1,1.4,2.2,5,5.2
22103,2024-09-13,1.5,1009.7,84,29.2,29.5,1,.6,.8,1.4,4.6,5.2
22103,2024-09-14,4.7,1005.8,85,29.4,29.2,1,.6,.8,1.2,4.6,5.4
22103,2024-09-15,9.1,1007.7,88,29.4,28.6,2.8,1.8,2.7,5,5.5,6.3
22103,2024-09-16,9.4,1013.5,91,28.9,28.2,3.4,2.2,2.9,5.1,5.6,6.3
22103,2024-09-17,4.1,1014.5,92,28.8,28.6,1.5,1,1.5,2.6,4.9,5.3
22103,2024-09-18,3.6,1013.7,86,29.7,28.8,1.2,.7,.9,1.8,5.1,5.7
22103,2024-09-19,6.3,1013.4,88,29.9,28.9,2.6,1.7,2.9,4.6,6.2,7.7
22103,2024-09-20,8.7,1010.7,86,29.4,28.9,4.1,2.6,2.9,5.2,6.2,7
22103,2024-09-21,9.1,1005.1,89,28.2,27.9,4.2,2.6,3.2,6.3,5.8,6.5
22103,2024-09-22,8.7,1009.5,84,25.5,27.2,3.1,1.9,2.5,5.1,5.4,6.3
22103,2024-09-23,12.2,1015.4,71,24.5,26.6,3.4,2.2,2.6,4.3,5.3,5.7
22103,2024-09-24,9.4,1014.6,75,24.8,26,2.3,1.5,1.7,3.6,4.4,4.7
22103,2024-09-25,7.4,1013.2,82,25.8,25.8,1.7,1.2,1.5,2.4,4.1,4.7
22103,2024-09-26,4,1012.8,80,26,25.9,.9,.6,.7,1.2,3.9,4.6
22103,2024-09-27,4.3,1012.5,80,26,26,.7,.5,.7,1.1,3.6,4.4
22103,2024-09-28,9.8,1015.7,78,26,25.8,2.1,1.3,1.8,3.1,4.2,4.9
22103,2024-09-29,11.9,1017.7,69,25.5,25.6,3,1.9,2.3,3.6,4.9,5.3
22103,2024-09-30,5.9,1015.1,80,24.9,25.6,1.6,1.1,1.4,2.1,4.5,5.2
22103,2024-10-01,4.3,1011.4,75,24.4,25.8,1.6,1.1,1.7,2.7,6.2,7.7
22103,2024-10-02,7.1,1016.1,51,21.2,25.4,1.7,1.2,1.8,2.5,4.7,5.3
22103,2024-10-03,9,1018.7,73,20.4,25.4,2.3,1.6,2,3.3,4.6,5.2
22103,2024-10-04,7.7,1022.3,68,21.9,25.1,1.9,1.2,1.4,2.5,4.5,4.8
22103,2024-10-05,8.3,1020.9,70,23,24.6,1.9,1.2,1.4,2.2,4.3,4.6
22103,2024-10-06,6.6,1018.8,74,22.1,24.6,1.7,1.1,1.4,2.4,4.3,4.8
22103,2024-10-07,6,1016.9,67,20.6,24.5,1.1,.7,1.1,1.9,3.6,4.3
22103,2024-10-08,5.1,1015.6,66,22,24.4,.8,.6,.7,1.2,3.4,4.1
22103,2024-10-09,9.6,1014.5,73,22.5,24.3,2.5,1.6,2.1,4,4.6,5.4
22103,2024-10-10,5.8,1014.5,65,22.1,24.3,1.8,1.1,1.8,2.7,4.5,4.9
22103,2024-10-11,3.1,1017.8,67,22.6,24.1,.9,.6,.6,1.1,4,4.7
22103,2024-10-12,4.1,1022,66,23.1,24,.8,.5,.6,1.1,3.8,4.3
22103,2024-10-13,7.6,1021.5,67,23.5,23.6,1.8,1.2,1.5,2.7,4.2,4.8
22103,2024-10-14,3.6,1017.9,79,24.1,23.5,1.4,.9,1.4,2.4,4.4,5.1
22103,2024-10-15,2.2,1017.2,87,24,23.8,1.8,1.1,1.3,2.3,5,6
22103,2024-10-16,6.8,1020.7,79,23.4,23.7,1.2,.8,1.1,1.8,3.8,4.5
22103,2024-10-17,9.5,1020.1,80,23.4,23.6,2,1.3,1.7,2.5,4.4,4.8
22103,2024-10-18,7.4,1014.3,90,25.1,23.8,2.1,1.3,1.9,4,4.4,5.2
22103,2024-10-19,9.5,1016,84,22.4,23.4,2.3,1.5,2.8,4.4,4.5,5.4
22103,2024-10-20,14.9,1025.8,68,19.4,22.8,4.4,2.9,3.2,5,5.7,6.2
22103,2024-10-21,9.3,1021.3,81,21.3,22.4,2.4,1.6,2.7,4.5,4.7,5.9
22103,2024-10-22,8.1,1013.5,90,22.2,23,2.6,1.6,2.5,3.9,4.8,5.7
22103,2024-10-23,10.4,1017.2,65,18.7,22.7,2.1,1.4,2,3,4.2,4.5
22103,2024-10-24,6.8,1020,63,18.3,22.6,1.2,.8,1.2,1.9,3.6,4.1
22103,2024-10-25,11,1021.9,78,21.4,22.5,3.1,1.9,2.2,3.8,5,5.5
22103,2024-10-26,9.7,1019.3,78,21.7,22.2,2.5,1.7,2.1,3.4,4.8,5.3
22103,2024-10-27,5.3,1014.1,77,19.7,22,1.7,1.1,1.5,2.4,5.1,5.7
22103,2024-10-28,7.4,1013.7,74,19.4,21.6,1.4,.9,2.4,3.8,4,5.4
22103,2024-10-29,10,1016.7,72,20.2,21.5,2.9,1.9,2.9,4.5,5,5.7
22103,2024-10-30,6.3,1021,70,20.2,21.4,1.3,.8,1.3,2,4.1,4.6
22103,2024-10-31,8.6,1021.2,70,21.4,22,2.8,1.8,2.3,3.8,5.3,5.7
22103,2024-11-01,10.6,1016.3,90,19.1,21.3,3,2,2.9,4.8,5.9,6.7
22103,2024-11-02,8.4,1015.1,78,20.9,22.2,3.7,2.4,2.9,4.4,6.5,7.3
22103,2024-11-03,6.5,1022,69,20.4,21.2,2.1,1.3,1.7,3,5.1,6.1
22103,2024-11-04,4.1,1020.7,68,19.6,21,.9,.6,1,1.5,4.1,5.1
22103,2024-11-05,9.4,1020.3,61,15.8,21.1,1.8,1.2,1.7,2.8,3.8,4.4
22103,2024-11-06,9.3,1024.8,52,14.7,21.1,2,1.3,2,3.4,4,4.5
22103,2024-11-07,6,1028.1,64,16.7,21.1,1.1,.7,1,2.1,3.7,4
22103,2024-11-08,6.6,1026.5,62,19.1,20.6,1.5,1,1.4,2.3,4.2,4.5
22103,2024-11-09,7.6,1024.6,68,19.3,20.2,1.6,1,1.3,2.2,4.2,4.7
22103,2024-11-10,6.8,1021,77,19,20.3,1.6,1,1.2,2,4.3,4.7
22103,2024-11-11,4.6,1019.4,70,19.1,21.3,1,.7,.8,1.3,4.1,4.9
22103,2024-11-12,6,1018.9,70,18.9,21,1,.6,.8,1.3,3.5,4.5
22103,2024-11-13,8.2,1021.2,67,19.7,21.4,1.7,1.1,1.3,2.4,4,4.6
22103,2024-11-14,6.9,1019.6,74,19.6,19.5,1.7,1.1,1.4,2.4,4.3,4.8
22103,2024-11-15,6.4,1017.6,81,19.4,19.5,1.2,.8,1.1,1.7,3.8,4.3
22103,2024-11-16,5.2,1016.3,83,19.7,19.9,1.4,.9,1.2,1.9,4.7,5.8
22103,2024-11-17,10.2,1019.6,59,16.3,19.6,1.9,1.1,1.7,2.9,4,5.3
22103,2024-11-18,9.2,1028.3,47,11.1,19.3,2,1.3,1.9,3.1,4.4,4.8
22103,2024-11-19,8.2,1027.5,66,14.7,19.8,2.2,1.4,1.8,2.8,4.7,5
22103,2024-11-20,4.1,1022.9,65,14.1,20,1,.7,1.1,1.7,4.1,4.9
22103,2024-11-21,7.2,1021.4,63,14.6,18.7,1,.7,1.1,1.7,3.2,3.7
22103,2024-11-22,8.6,1021.9,58,14.1,18.9,1.4,.9,1.1,2,3.5,3.7
22103,2024-11-23,4,1026,58,12.5,18.8,1.1,.7,1,1.4,4.1,5.2
22103,2024-11-24,7.9,1027.5,70,15.6,18.4,1.7,1.2,1.6,2.3,4.3,4.6
22103,2024-11-25,8.4,,,,,1.8,1.2,1.8,2.7,4.2,4.8
22103,2024-11-26,12.7,1015.1,68,13.8,20.4,4.2,2.7,3.5,5.9,5.6,6.2
22103,2024-11-27,10.8,1015.3,65,9.7,18.2,3.1,1.9,2.6,4.3,4.8,5.6
22103,2024-11-28,10.8,1014.3,67,10.2,18,3.1,2.1,2.5,4.2,5,5.4
22103,2024-11-29,12,1013.8,59,11,17.1,2.9,1.9,2.2,3.5,4.8,5.1
22103,2024-11-30,6.7,1017.2,57,11.9,16.3,1.3,.9,1.5,2.3,3.9,4.1
22103,2024-12-01,3.4,1017,59,14.1,17.2,.7,,.5,.8,4,4.5
22103,2024-12-02,4.8,1017.5,67,16.2,17.1,.9,.6,.9,1.9,3.5,4
22103,2024-12-03,8.5,1021.9,58,10.2,18.9,1.2,.8,1.2,1.8,3.3,3.9
22103,2024-12-04,8.6,1021.7,58,10.1,17.9,1.4,.9,1.3,2,3.5,4
22103,2024-12-05,9.4,1019,55,11.2,17.1,1.6,1,1.4,2.6,3.5,3.9
22103,2024-12-06,8.6,1020.7,55,10.9,15.8,1.4,.9,1.1,1.8,3.5,3.7
22103,2024-12-07,7.1,1023.9,61,8.4,15.6,1.1,.7,1,2,3.3,3.6
22103,2024-12-08,10.9,1025.2,63,7.2,15.3,2.2,1.4,1.7,3,4,4.4
22103,2024-12-09,7.5,1024.5,60,8.5,14.9,1.2,.8,1,1.5,3.5,3.7
22103,2024-12-10,5.6,1022.6,57,9.6,15.8,.9,.6,.8,1.3,3.4,3.6
22103,2024-12-11,4.8,1020.9,54,9.4,15.7,.7,.5,.8,1.2,3.3,3.5
22103,2024-12-12,8,1023.2,52,8.2,15.3,1.5,1,1.2,2,3.6,4.1
22103,2024-12-13,8.3,1021,55,7.7,14.8,1.4,.9,1.6,2.6,3.5,4.1
22103,2024-12-14,10,1025.1,62,6.6,14.8,1.9,1.2,1.5,2.6,3.9,4.1
22103,2024-12-15,10,1022.8,59,8.4,14.8,1.8,1.2,1.6,2.3,4,4.3
22103,2024-12-16,6.9,1022.8,59,8.6,15.5,1.2,.8,1.1,1.9,3.6,3.8
22103,2024-12-17,6.2,,,,,.9,.6,.8,1.2,3.2,3.6
22103,2024-12-18,9.9,1024.5,66,5.8,15.4,1.8,1.1,1.7,2.7,3.7,4.3
22103,2024-12-19,5.5,1027.7,51,5.8,15.2,1.6,1,1.8,3.1,4.5,5.7
22103,2024-12-20,5.6,1023,61,9,16.1,.9,.6,.7,1.2,3.7,5.3
22103,2024-12-21,11.9,1019.7,63,7.8,15.9,2.3,1.5,2.1,3.6,4.1,4.8
22103,2024-12-22,10.5,1025.8,60,4.7,14.8,2.2,1.4,1.8,3.1,4.1,4.5
22103,2024-12-23,8.9,1026.7,60,7.3,14.4,1.5,1,1.5,2.4,3.6,4
22103,2024-12-24,6.6,1027.4,58,8.2,14.3,1.3,.8,1.1,1.8,3.6,3.8
22103,2024-12-25,6,1026.3,66,8.5,14.1,.9,.6,.8,1.3,3.4,4.3
22103,2024-12-26,10.1,1024.3,61,8.4,14.3,1.8,1.2,1.5,2.6,3.7,4.1
22103,2024-12-27,10.2,1025.6,61,6.3,14.3,2.3,1.4,1.8,3.3,4.1,4.5
22103,2024-12-28,10.8,1024.2,67,5.2,14.4,2.5,1.6,1.9,3.2,4.4,4.8
22103,2024-12-29,6.6,1026.5,56,8,14.5,1.3,.9,1.1,1.9,3.8,4.1
22103,2024-12-30,6.6,1020.9,61,12,14.3,1.4,.9,1.2,2,3.9,4.5
22103,2024-12-31,9.6,1020,54,8.3,14.5,1.9,1.2,1.5,2.5,3.9,4.3
22103,2025-01-01,6.7,1023.3,58,8.1,14.9,1.1,.7,1.1,1.8,3.3,3.7
22103,2025-01-02,7.2,1023.6,55,9.1,15.3,1,.7,1.1,1.6,3.2,3.7
22103,2025-01-03,8.5,1026.1,54,5.7,15.2,1.5,1,1.4,2.5,3.5,3.8
22103,2025-01-04,6.1,1026.8,54,6.7,15.7,1,.6,.8,1.5,3.2,3.5
22103,2025-01-05,4.1,1021.8,63,9.8,16,.9,.5,.9,1.6,3.7,4.2
22103,2025-01-06,10.2,1017.3,60,8.9,15.4,2.2,1.4,2.3,4.2,4.1,4.9
22103,2025-01-07,10.7,1019.9,63,5.7,15,2.3,1.5,2.1,3.3,4.3,4.8
22103,2025-01-08,8.5,1020.8,60,6.7,14.6,1.9,1.2,1.6,2.7,4.2,4.8
22103,2025-01-09,12.6,1024.4,70,1.3,14,2.8,1.8,2.3,4,4.4,4.8
22103,2025-01-10,9.8,1030.9,69,1.4,13.3,2.1,1.3,2.1,3.7,4.1,4.5
22103,2025-01-11,7.4,1028.6,65,3.9,13.1,1.4,.9,1.1,2,3.8,4
22103,2025-01-12,8,1024.7,58,4.6,13.1,1.4,.9,1.1,1.7,3.6,4
22103,2025-01-13,6.4,1026.9,58,6.2,13.4,1.2,.8,1.1,1.7,3.7,4.3
22103,2025-01-14,4.9,1025.1,62,10.1,13.7,.9,.6,.9,1.6,3.8,4.3
22103,2025-01-15,10.9,1027.6,63,4.1,13.4,2,1.3,1.5,2.5,3.9,4.1
22103,2025-01-16,8.6,1026,61,5.4,13.4,1.5,1,1.4,2.1,3.6,3.9
22103,2025-01-17,4.1,1026.2,54,6.4,14,.9,.6,.9,1.5,3.9,4.4
22103,2025-01-18,2,1023.8,56,8.7,14,.5,.4,.4,.7,4.2,4.7
22103,2025-01-19,5.7,1017.9,63,9.3,14.1,.7,.5,.6,.9,3.3,4.5
22103,2025-01-20,6.6,1016.7,58,9,13.9,.8,.6,.9,1.6,3.1,3.4
22103,2025-01-21,6.3,1021.6,59,8.1,13.6,1,.7,1,1.6,3.3,3.6
22103,2025-01-22,3.3,1024.5,47,10,14,.5,.3,.4,.8,3.3,4.2
22103,2025-01-23,3,1023.5,57,10,14.4,.4,.3,.4,.6,3.7,4.8
22103,2025-01-24,6.6,1023.7,65,10.7,13.6,1,.7,.9,1.5,3.4,3.9
22103,2025-01-25,10.6,1025.7,68,9.4,12.9,2.7,1.7,2.5,4,4.7,5.7
22103,2025-01-26,9.7,1023.3,67,8.6,14,2.5,1.6,2.1,3.3,4.8,5.1
22103,2025-01-27,10.3,1017.4,68,5.5,14.2,2.5,1.6,2.4,3.9,4.8,5.4
22103,2025-01-28,12.8,1019.9,68,3.8,13.7,3.3,2.1,2.5,4.5,5,5.3
22103,2025-01-29,11,1025.5,62,3.5,13.7,2.6,1.7,2.1,3.4,4.6,5
22103,2025-01-30,4.9,1028.4,50,5.4,13.3,.8,.6,.9,1.2,4,5.4
22103,2025-01-31,4.4,1025.4,61,10,13.1,.9,.5,.8,1.5,3.9,5.3
22103,2025-02-01,,1015.4,85,8.7,13.6,,,2.4,4.3,,5.7
22103,2025-02-02,6.4,1019.3,69,8.4,13.5,1.8,1.2,1.9,2.8,4.7,5.6
22103,2025-02-03,12,1018.8,67,4.1,14,2.3,1.5,1.8,3,4.2,4.7
22103,2025-02-04,12.5,1018.7,66,1.1,13.3,2.7,1.7,2,3.4,4.4,4.8
22103,2025-02-05,11.1,1018.2,67,1.9,12.9,2.6,1.6,2.1,3.6,4.5,5.2
22103,2025-02-06,8.1,1022.2,56,2.4,13,1.5,1,1.5,2.4,3.8,4.3
22103,2025-02-07,13,1020.7,70,2,12.8,2.8,1.8,2.7,4.5,4.5,5.3
22103,2025-02-08,12.7,1026.6,67,.6,11.4,2.8,1.8,2.3,3.7,4.5,5
22103,2025-02-09,9.3,1026.8,63,2.1,10.8,1.6,1.1,1.5,2.4,3.8,4.1
22103,2025-02-10,6.8,1027.4,61,3,10.7,1.1,.8,.8,1.6,3.5,3.7
22103,2025-02-11,5,1028,57,6.5,11,.8,.5,.7,1,3.5,3.7
22103,2025-02-12,8.5,1016.6,81,8.4,11.2,2.1,1.3,2.3,4.3,4.2,5
22103,2025-02-13,9.9,1024.2,50,4.4,11.3,2,1.3,2.3,3.4,4.1,5
22103,2025-02-14,5.6,1022.7,56,7.4,11.4,.8,.6,.9,1.5,3.5,4.3
22103,2025-02-15,2.2,1018.6,65,8.5,14,.5,,.4,.7,4.3,4.9
22103,2025-02-16,6.8,1017,70,9.4,13.3,.8,,1,1.5,3.4,4.9
22103,2025-02-17,11,1023,54,5.3,13.9,2.1,1.4,1.6,2.9,4,4.4
22103,2025-02-18,10.8,1025.7,56,3.3,12.9,2,1.3,1.6,2.8,4,4.3
22103,2025-02-19,10.5,1027.5,57,3.5,11.7,2,1.3,1.7,2.8,3.9,4.3
22103,2025-02-20,9.6,1029.1,55,2.8,10.3,1.8,1.1,1.5,2.5,3.8,4.2
22103,2025-02-21,10,1030.1,55,3,11.2,1.8,1.2,1.6,2.5,3.9,4.3
22103,2025-02-22,8.7,1031.7,57,3.5,11,1.5,1,1.3,2.1,3.6,3.9
22103,2025-02-23,11.7,1030.8,62,2.5,12.1,2.2,1.4,1.8,3,4,4.3
22103,2025-02-24,10.2,1031.5,59,3.5,10.5,2,1.4,1.8,2.9,4.1,4.4
22103,2025-02-25,7.3,1028.4,65,5.7,11.2,1.2,.8,1,2,3.4,3.7
22103,2025-02-26,7.8,1025.3,59,8.8,11.1,1.4,.9,1.2,2,3.6,3.9
22103,2025-02-27,4.3,1023.1,61,8.8,12,.7,.4,.7,1.1,4.1,10
22103,2025-02-28,3.5,1020.4,90,10.2,12.5,1.3,.8,1,1.8,5.6,7.7
22103,2025-03-01,3.8,1017.5,96,13.3,13.2,1.4,.9,1.2,2,6.5,7.7
22103,2025-03-02,6.6,1013.3,98,12.4,13.7,2,1.2,3.2,5.4,5.4,8.3
22103,2025-03-03,17.5,1015.6,84,8.3,12.2,6,3.7,4.6,8.3,9,10.5
22103,2025-03-04,14.7,1015.9,85,7.5,11.6,4.9,3.2,4.1,7,8.3,10
22103,2025-03-05,6.2,1020.8,75,8.2,13.5,1.8,1.2,1.9,3.2,9,10.5
22103,2025-03-06,6.7,1024.9,71,8.2,13.8,1.4,1,1.1,1.9,6.7,10
22103,2025-03-07,5.2,1027.5,64,8.7,13.8,1.3,.9,1,1.5,6.5,8.3
22103,2025-03-08,4.7,1026.1,65,9.5,13.3,1.2,.8,1,1.7,6.2,10
22103,2025-03-09,4.3,1029.4,69,8.9,12.1,.7,.5,.7,1,6.8,10.5
22103,2025-03-10,4.6,1026,79,10.3,10.4,.8,.5,.6,1.2,5,10.5
22103,2025-03-11,,1021,78,11,15.2,,,1.2,2.2,,9.1
22103,2025-03-12,4,1017,75,12.5,14.1,.8,.5,.7,1.3,7,8.3
22103,2025-03-13,7.6,1020.5,63,12.1,13.5,1.2,.8,1.2,2,4.2,5.9
22103,2025-03-14,10.5,1022.9,73,11.9,14.2,2.7,1.7,3,4.9,6.5,8.3
22103,2025-03-15,13.9,1018.5,81,10.1,14.1,4.4,2.8,3.2,6,8.1,9.1
22103,2025-03-16,11.1,1014.9,66,7.3,13.6,2.7,1.7,2.5,4.2,7.5,9.1
22103,2025-03-17,10.5,1018.4,54,5.9,13.7,2.3,1.5,2.5,3.4,5.7,10.5
22103,2025-03-18,12.9,1017.7,67,5.6,13.7,2.9,1.9,2.4,4,6.7,11.8
22103,2025-03-19,8.6,1024.8,56,5.5,13.4,1.9,1.2,1.8,3.1,7.6,11.1
22103,2025-03-20,8.9,1022.1,73,10.3,13.2,2,1.2,1.7,3.4,5.8,10
22103,2025-03-21,7.5,1016.5,79,12.5,12.5,2.6,1.6,2.1,3.5,6.7,7.1
22103,2025-03-22,6.3,1014.2,84,12.6,12,1.8,1.2,1.5,2.4,5.8,6.7
22103,2025-03-23,4.9,1012.7,83,13.1,11.6,1.7,1.1,1.2,2.2,5.8,6.3
22103,2025-03-24,4.1,1007.8,90,13.1,11.2,2,1.2,1.6,2.8,5.8,6.7
22103,2025-03-25,4.9,1004.7,91,13,11.5,1.8,1.1,1.4,2.6,5.3,5.9
22103,2025-03-26,3.1,1006.7,95,13.5,12.2,1.4,.9,1.1,2,5.7,5.9
22103,2025-03-27,5.5,1001.4,92,14.6,15.1,2,1.3,1.7,2.8,6.4,7.1
22103,2025-03-28,10.6,1014.1,60,9.4,13.5,2.1,1.4,1.7,2.6,5.6,7.7
22103,2025-03-29,9.8,1023,54,7.4,12.6,1.7,1.1,1.4,2.3,4.1,4.8
22103,2025-03-30,6.7,1029.3,43,6.2,13.5,1.2,.8,1.3,2,4.5,7.1
22103,2025-03-31,3.4,1026.9,65,8.5,13.5,.6,.4,.9,1.2,4.6,7.1
22103,2025-04-01,6.3,1022.1,70,10.5,12.6,1.1,.7,1.1,2.1,4.3,6.3
22103,2025-04-02,4.8,1019.4,68,10.9,12.9,1.2,.8,1.1,1.8,5.4,6.7
22103,2025-04-03,3.7,1020.8,73,9.9,13.4,.9,.6,.8,1.3,6.4,11.1
22103,2025-04-04,4.4,1020.5,74,11.5,13.5,.8,.5,.7,1,7.4,11.1
22103,2025-04-05,6.1,1014.7,82,12.8,13.3,1.4,.9,1.3,2.1,4.7,7.7
22103,2025-04-06,6.9,1017.2,66,11.4,13.4,1.2,.8,1.1,1.8,4.3,5.9
22103,2025-04-07,3.2,1019.4,75,13.1,13.5,.7,.5,1,1.9,6.1,11.8
22103,2025-04-08,7,1015.2,78,13.6,13,1.9,1.2,1.7,2.7,5.4,6.3
22103,2025-04-09,4.1,1012.3,95,12.5,13,.9,.6,.8,1.3,4.9,5.9
22103,2025-04-10,6.1,1007.1,91,12.6,13.1,1.4,.9,1.2,1.8,4.7,5.6
22103,2025-04-11,2,1011.5,85,13.7,14.4,.8,.5,.9,1.2,5.6,6.7
22103,2025-04-12,7,1007.1,94,13.5,13.4,1.8,1.1,3.1,5.4,5.3,7.7
22103,2025-04-13,11.4,1005,59,10.3,13.4,3.5,2.2,3.1,5.3,7.1,9.1
22103,2025-04-14,12.4,1000.3,72,11.6,14.1,4.1,2.5,3.4,5.6,7.6,9.1
22103,2025-04-15,9.7,1008.5,71,10.7,13.7,2.3,1.5,2.9,5.1,6.5,9.1
22103,2025-04-16,3,1011,87,15.2,14.7,1.5,.9,1.5,2.8,5.8,7.1
22103,2025-04-17,7.8,1009.4,95,16.2,14.5,2.6,1.7,2,3.4,6.2,6.7
22103,2025-04-18,3.2,1012.3,96,16.5,16,2.1,1.3,2,3.5,6.7,7.1
22103,2025-04-19,4.9,1011.5,99,16.5,15.6,1.5,1,1.1,2.1,6.3,7.1
22103,2025-04-20,5.1,1012.4,98,14.8,15.2,1.6,1,1.4,2.4,5.2,6.7
22103,2025-04-21,6.3,1015.4,96,14.5,15.3,1.8,1.1,1.4,2.2,5.9,6.7
22103,2025-04-22,7.3,1005,99,15.7,15.3,2.4,1.5,2.5,3.7,6,7.7
22103,2025-04-23,4.3,1007.4,92,14.1,14.9,2.1,1.3,1.8,2.9,7.1,8.3
22103,2025-04-24,5.6,1009.8,85,13.8,14.9,1.1,.7,1,1.6,5.7,8.3
22103,2025-04-25,7.2,1015.8,54,13.7,14.5,1.2,.8,1.1,1.9,3.6,4.8
22103,2025-04-26,4.5,1020.3,64,13.8,14.5,.7,.5,.7,1.3,4.2,7.1
22103,2025-04-27,2.3,1016.6,81,15.1,15.1,.4,.3,.4,.5,6.9,11.1
22103,2025-04-28,5.1,1010,79,14.5,14.4,.8,.5,1,1.6,4.3,10
22103,2025-04-29,3.5,1014.6,74,13.8,14.8,1.1,.7,1,1.7,5.7,7.7
22103,2025-04-30,2.4,1016.1,94,15,15.3,.7,.4,.5,1.1,5.1,7.7
22103,2025-05-01,6,1010.1,95,15.9,15.1,1.7,1.1,1.6,2.7,4.9,6.7
22103,2025-05-02,7.7,1011.3,74,13.9,14.9,1.4,.9,1.3,2.4,4.9,6.3
22103,2025-05-03,6.2,1007.9,86,15,15,1.5,1,1.9,2.9,5.7,7.1
22103,2025-05-04,6,1014.5,74,13.9,15.1,1,.7,1.2,1.9,4.5,6.7
22103,2025-05-05,5.2,1011,84,14,15.2,.7,.5,.9,1.5,4.1,5.9
22103,2025-05-06,5.5,1006.6,91,13.6,15.3,1.4,.9,1.4,2.2,5.8,6.7
22103,2025-05-07,2.5,1014.3,87,14.3,15.8,.7,.4,.5,.9,6.1,7.7
22103,2025-05-08,3.2,1017.4,92,15.1,15.4,.6,.4,.6,.9,5.2,6.7
22103,2025-05-09,8.7,1005.3,96,15.9,15.4,3.6,2.3,3.4,5.8,7.2,10.5
22103,2025-05-10,10.9,1006.6,89,14,15.2,3.2,2.1,3.1,6.1,7.5,10
22103,2025-05-11,6.7,1008.4,94,14.2,15,1.5,1,1.3,2.2,5.2,6.7
22103,2025-05-12,3.9,1012.6,94,15.1,15.7,1.1,.7,1,1.7,4.5,5.3
22103,2025-05-13,2.7,1016.9,97,16.6,16.6,.9,.6,.8,1.4,4,4.3
22103,2025-05-14,3,1017.7,98,16.8,16.7,.7,.5,.7,1.2,4.9,11.8
22103,2025-05-15,3.8,1016.9,99,17.3,16.4,1.2,.8,1,1.6,4.8,5.3
22103,2025-05-16,5.6,1011.4,99,17.4,16.2,1.5,1,2.1,3.3,5.2,7.1
22103,2025-05-17,6.8,1008,99,15,16,2.5,1.5,2.5,5.2,6.5,8.3
22103,2025-05-18,5.4,1010.9,90,15.2,16.1,1.1,.7,.9,1.5,6.1,6.7
22103,2025-05-19,3.4,1009.6,95,16.6,16.5,1,.6,1.2,1.9,5,5.6
22103,2025-05-20,2.5,1010.5,99,17.4,16.5,1.1,.7,1,1.6,4.4,5
22103,2025-05-21,4.5,1006.4,99,16.9,16.3,.9,.6,.8,1.3,5.1,6.7
22103,2025-05-22,4.3,1008.5,97,16.2,16.5,1.6,1,1.5,2.6,6.8,7.7
22103,2025-05-23,9.3,1010.3,93,15.7,16.3,2.3,1.5,2,3.1,6.4,7.7
22103,2025-05-24,6.8,1007.5,95,14.9,16.2,2.3,1.4,2,3.7,7.2,7.7
22103,2025-05-25,3.6,1014.9,90,15.4,16.6,1.3,.9,1,1.8,8.2,10.5
22103,2025-05-26,2.3,1018.4,91,16.1,16.9,.7,.5,.8,1.1,7.5,9.1
22103,2025-05-27,2.5,1019.1,90,16.9,17,.5,.3,.4,.8,5.9,7.7
22103,2025-05-28,2.3,1017.9,95,16.7,16.9,.4,.3,.4,.7,7,10.5
22103,2025-05-29,3.8,1014.8,91,17,17.3,.6,.4,.7,1.1,5.2,10.5
22103,2025-05-30,3.1,1013.2,90,16.9,18.1,1,.7,.8,1.4,5.5,5.9
22103,2025-05-31,2.8,1011.9,92,17.1,18,.7,.5,.8,1.4,5.6,6.3
22103,2025-06-01,1.7,1010.2,92,17.9,18.3,.4,.3,.3,.6,7.1,10
22103,2025-06-02,5.4,1003.4,96,17.1,18,1.3,,2,3.9,7,10
22103,2025-06-03,6.7,1001.3,91,17.4,17.7,1.8,1.2,2.1,4,7.6,9.1
22103,2025-06-04,6.7,1007.2,90,17.3,17.4,1.2,.8,1.2,2.1,5.8,9.1
22103,2025-06-05,3.5,1012.2,84,18.2,18.2,.7,.5,.6,1,7.1,9.1
22103,2025-06-06,1.5,1011,94,18.9,18.4,.5,.4,.4,.7,5,10
22103,2025-06-07,1.9,1009.9,98,18.8,18.9,.5,.3,.4,.7,5.3,9.1
22103,2025-06-08,2.1,1008.8,99,18.6,18.3,.6,.4,.5,.8,4.8,10
22103,2025-06-09,2.1,1007.6,98,18.5,19,.8,.5,.6,1,6.2,7.7
22103,2025-06-10,3.3,1007.7,98,18.3,18.7,.8,.5,.6,1.1,5.7,6.7
22103,2025-06-11,3.9,1011.7,90,18.6,19,.7,.5,.6,1,5.5,5.9
22103,2025-06-12,2.3,1015.4,95,18.6,19.2,.6,.4,.5,.9,5.4,7.7
22103,2025-06-13,4.7,1012.9,99,19,18.9,.7,.5,.8,1.2,5.9,8.3
22103,2025-06-14,6.6,1002.1,99,19.8,18.8,2.4,1.5,1.9,3.1,6.2,8.3
22103,2025-06-15,3.9,1001.5,99,19.3,18.4,2.6,1.6,1.9,3.5,8.9,9.1
22103,2025-06-16,5.2,1002.5,98,19,18.1,2.3,1.5,1.7,3,7.9,9.1
22103,2025-06-17,4.7,1007.3,99,19.1,18.8,2,1.3,2,3.3,7.2,8.3
22103,2025-06-18,2.6,1012.5,99,18.7,19.2,1.3,.8,1,1.6,7.6,8.3
22103,2025-06-19,3.3,1014,99,20.1,19.7,.9,.6,.7,1.4,6.4,7.1
22103,2025-06-20,5.7,1010.1,99,21.3,19.8,1.3,.8,1.4,2.2,4.3,6.3
22103,2025-06-21,8.1,1005.8,99,21.6,19.6,2.2,1.4,1.6,2.8,5.8,6.7
22103,2025-06-22,2.6,1007.3,97,19.7,20,1.5,.9,1.3,2.1,6.6,7.1
22103,2025-06-23,1.7,1007.7,95,20.5,20.5,.8,.5,.7,1,6,6.7
22103,2025-06-24,4.6,1006.8,99,21,20,1.4,.9,1.3,2.2,5.5,7.7
22103,2025-06-25,4.4,1009.5,97,20.5,20.1,1.2,.8,1.1,1.7,5.1,6.3
22103,2025-06-26,4.2,1010.3,99,20.9,20.9,.7,.5,.7,1.1,5.6,10
22103,2025-06-27,2.2,1009.5,96,22.8,22.7,.5,,.4,.6,5.5,10
22103,2025-06-28,2.1,1008.7,99,23.4,23.5,.5,.3,.4,.7,4.4,7.7
22103,2025-06-29,1.5,1009.5,98,24.3,23.9,.5,,.4,.6,4.8,5.6
22103,2025-06-30,2.2,1012.1,99,24.1,22.7,.5,,.3,.6,6.7,13.3
22103,2025-07-01,2.2,1013.9,99,24.6,22.9,.5,.4,.4,.6,8.4,11.8
22103,2025-07-02,1.8,1013.6,97,25.2,24.4,.5,,.4,.5,8.4,11.1
22103,2025-07-03,1.8,1011.8,97,24.1,23,.5,,.4,.7,5.4,10.5
22103,2025-07-04,2.3,1009.2,97,24.6,23.6,.6,.4,.6,1.1,4.5,10
22103,2025-07-05,1.8,1007.6,96,25.4,24.8,.7,.5,.6,1,4.6,5.3
22103,2025-07-06,2.8,1006.6,99,25.1,24.2,.8,.5,.6,1,5,5.6
22103,2025-07-07,2,1006.2,99,24.4,24.2,.6,.4,.6,.8,5.2,9.1
22103,2025-07-08,6.4,1007.4,95,24.9,25.4,1.5,.9,1.7,3.2,6.7,10.5
22103,2025-07-09,9.3,1008.8,90,25.8,27.3,2.5,1.6,1.8,3.1,9.8,11.1
22103,2025-07-10,11.9,1008.9,90,25.8,26.7,2.8,1.8,2.2,3.6,6.7,9.1
22103,2025-07-11,13.7,1009.7,82,25.4,25.9,3.9,2.4,3,4.9,7.6,8.3
22103,2025-07-12,11.4,1008.2,88,24.8,25.8,3.1,1.9,2.4,4.5,6.6,7.7
22103,2025-07-13,7.9,1000.9,97,24.2,25.6,1.5,1,1.3,1.8,5.5,7.1
22103,2025-07-14,7.2,995.1,87,24.7,25.6,1.2,.8,1,1.6,5.5,7.7
22103,2025-07-15,5.9,998.2,90,24.8,25.7,1.1,.8,.9,1.5,5,6.7
22103,2025-07-16,6.4,1004.2,89,26.1,25.8,1.7,1.1,1.5,3,5.5,6.7
22103,2025-07-17,6.5,1006,98,26.5,26,2.1,1.3,1.6,2.6,6.2,7.1
22103,2025-07-18,6.2,1007.5,96,25.2,25.6,1.8,1.1,1.6,2.8,6.5,7.7
22103,2025-07-19,6,1010.7,97,25.7,25,2.7,1.7,2.1,3.5,7,7.7
22103,2025-07-20,3.4,1013.2,99,25.6,25.4,2.1,1.3,1.5,2.7,8.6,12.5
22103,2025-07-21,3.6,1014.9,97,26.9,26.9,2.1,1.4,1.7,2.6,10.4,11.1
22103,2025-07-22,2.5,1014.8,95,27.1,28.3,1.9,1.2,1.5,2.4,9.6,10.5
22103,2025-07-23,1.6,1013,84,27.9,29,1.3,.8,1,1.6,8.6,10
22103,2025-07-24,3.9,1010.5,90,27.7,29.1,1,.6,.7,1.2,7.6,8.3
22103,2025-07-25,7.4,1008.3,92,28,29.2,1.9,1.2,1.5,2.6,10.3,12.5
22103,2025-07-26,8.2,1006.3,92,28.2,28.8,2.4,1.5,1.7,3,8.8,11.8
22103,2025-07-27,7.6,1004.9,90,28,28.2,2.6,1.7,1.9,3.1,8.8,11.8
22103,2025-07-28,3.9,1003.3,92,27.8,28.3,2.3,1.4,1.7,3,10,11.8
22103,2025-07-29,4.5,1001.3,92,27.7,28.3,1.9,1.2,1.4,2.3,9.2,10
22103,2025-07-30,5.2,1001.1,88,28,28.6,2.5,1.6,1.8,3,8.5,9.1
22103,2025-07-31,4.4,1002.9,88,28.1,28.7,3,1.8,2.2,3.9,9.4,11.1
22103,2025-08-01,3.7,1003.2,94,28,28.9,1.9,1.2,1.4,2.7,10.4,11.1
22103,2025-08-02,1.5,1003.4,87,28.5,29.6,1.5,.9,1.1,2.3,10.1,10.5
22103,2025-08-03,7.2,1002,87,28.7,29.1,1.8,1.2,1.9,3.2,7.7,10
22103,2025-08-04,7.8,1002.7,96,28.1,28.1,2.7,1.8,2,3.5,6.8,8.3
22103,2025-08-05,6.3,1006.4,94,28.3,28.5,2,1.3,1.6,2.7,7.3,8.3
22103,2025-08-06,7.7,1004.8,94,27.7,27.2,2.7,1.7,2,3.7,7,8.3
22103,2025-08-07,4.9,1003.8,98,26.2,25.9,2.9,1.8,2,3.7,8.4,9.1
22103,2025-08-08,2.8,1005.2,90,26,26.3,1.8,1.2,1.6,2.5,7.7,8.3
22103,2025-08-09,5.5,1003.8,94,25.3,27.5,1.8,1.2,1.5,2.4,7.1,7.7
22103,2025-08-10,6.1,1001.8,95,26.5,27.4,2.8,1.8,2.3,3.8,7.9,9.1
22103,2025-08-11,5.5,1004.8,95,25.1,28.2,2.2,1.4,1.8,3.1,8,8.3
22103,2025-08-12,4.4,1010.3,96,26,27.5,2.2,1.4,1.7,2.8,7.1,7.7
22103,2025-08-13,4.9,1014.7,96,27.5,26.7,1.7,1.1,1.3,2.6,9.9,12.5
22103,2025-08-14,2.7,1016.3,94,27.7,27.9,1.5,1,1.1,1.9,10.4,11.8
22103,2025-08-15,3.1,1015.5,92,26.8,28.5,1.6,1,1.4,2.3,10,11.8
22103,2025-08-16,2.9,1014.3,91,26.3,27.6,.7,.5,.6,1.1,7.1,8.3
22103,2025-08-17,2.2,1015.5,91,26.4,27.4,.5,,.3,.6,8.9,14.3
22103,2025-08-18,1.9,1015.5,94,26.7,26.5,.5,.4,.4,.6,8.7,13.3
22103,2025-08-19,2.7,1013.1,93,27.4,27.4,.6,.4,.6,.9,5.1,9.1
22103,2025-08-20,3.1,1010.8,87,28.1,28.5,1.1,.7,1.3,2,7.9,9.1
22103,2025-08-21,2.9,1010.7,87,27.9,29.7,1.6,1,1.5,2.5,7.4,8.3
22103,2025-08-22,3,1010.1,87,28.1,29.3,.7,.5,.6,.9,6.2,7.1
22103,2025-08-23,2.1,1011.5,90,28.2,29,1,.6,.7,1.4,6.1,6.7
22103,2025-08-24,1.8,1012.7,89,28.3,29.8,.8,.5,.6,1,5.7,6.3
22103,2025-08-25,3.2,1012.1,88,28.6,28.9,.9,.6,.8,1.8,5.1,6.3
22103,2025-08-26,3.5,1010.9,95,26.9,27.4,1.2,.8,1,1.6,4.9,6.3
22103,2025-08-27,1.8,1011.7,95,26.1,26,.7,.4,.6,.8,5,5.9
22103,2025-08-28,2.4,1013.5,97,26.1,26.3,.5,.3,.5,.8,4.5,6.7
22103,2025-08-29,2.7,1015.1,88,28.8,29.6,.5,.4,.4,.6,8.1,11.1
22103,2025-08-30,2.5,1014.9,86,28.7,30.7,.5,,.4,.6,9.7,11.8
22103,2025-08-31,4.6,1010.9,86,28.4,29.9,1,.7,.9,1.4,5,11.1
22103,2025-09-01,5,1008.4,91,27.8,28.1,1.7,1.1,1.3,2.1,5.9,7.1
22103,2025-09-02,2.1,1009.9,94,26.6,27.3,1.1,.7,1,1.4,5.7,6.3
22103,2025-09-03,3.7,1010.8,97,25.6,26.4,.8,.5,.6,1.1,4.6,5.6
22103,2025-09-04,5,1008.5,94,25.7,27,1.4,.8,1,1.7,6,6.7
22103,2025-09-05,3.5,1010.8,90,27.4,28.8,1.1,.7,.9,1.6,7.9,10
22103,2025-09-06,4.5,1010.6,85,29,29.9,.9,.6,.7,1.1,7,9.1
22103,2025-09-07,5,1009.3,89,28.3,29.6,1,.7,.9,1.3,5.1,6.7
22103,2025-09-08,2.2,1010.5,91,26.7,28,.7,.4,.5,1,5.1,7.7
22103,2025-09-09,7.1,1010.8,92,25,27.8,1.4,1,1.4,2.7,4.6,6.3
22103,2025-09-10,6.7,1011.3,89,25,28.7,1.6,1,1.3,2.2,5.6,6.3
22103,2025-09-11,10.1,1013.6,84,25.9,28.4,2.5,1.6,2.6,4,6.9,8.3
22103,2025-09-12,8.8,1011.2,90,26.7,28.1,2.3,1.5,2.1,3.2,6.6,8.3
22103,2025-09-13,7,1008.5,93,27,26.8,2.1,1.4,1.9,2.8,6.2,7.1
22103,2025-09-14,2.7,1012.4,83,26.4,28.4,1.2,.7,1.1,1.7,6.2,6.7
22103,2025-09-15,2.6,1015.3,96,26.3,27.4,.7,.5,.6,1,5.2,6.3
22103,2025-09-16,1.3,1013.9,97,26.2,26.1,.6,.4,.4,.7,6.2,8.3
22103,2025-09-17,3.6,1011.7,91,26.7,27.3,.9,.6,.8,1.5,4.6,6.3
22103,2025-09-18,7.4,1014.7,88,23.9,25.8,1.5,1,1.9,3,6.1,7.1
22103,2025-09-19,10.1,1014.9,83,25.1,28.2,2.6,1.6,1.9,3.3,6.6,8.3
22103,2025-09-20,7.7,1010.1,83,25.2,27.2,1.7,1.1,1.4,2.3,5.6,6.7
22103,2025-09-21,8.1,1015.5,80,23.2,25.8,1.6,1.1,2.3,3.5,6.1,8.3
22103,2025-09-22,11.3,1017.9,78,23.8,26.2,3.1,2,2.8,4.1,7,7.7
22103,2025-09-23,10.8,1017.1,80,24.1,26.9,3.1,2,2.3,3.8,7.8,13.3
22103,2025-09-24,4.9,1014.6,93,26.6,26.8,2.3,1.6,1.9,3,12.2,14.3
22103,2025-09-25,2.8,1017.6,92,26.2,27.8,1.8,1.1,1.3,2.1,10.9,12.5
22103,2025-09-26,2.2,1018.5,93,24.6,26.6,1.2,.7,.9,1.6,9.5,10.5
22103,2025-09-27,6.1,1016.7,83,25,26.3,1.3,.9,1.3,2.3,5.9,8.3
22103,2025-09-28,6.2,1012,87,25,25.9,1.1,.7,.9,1.5,6.2,12.5
22103,2025-09-29,5.7,1012.9,77,23,25.1,1,.6,.9,1.4,10.4,11.8
22103,2025-09-30,4,1012.9,76,22.4,26.2,.7,.5,.6,.9,7.2,9.1
22103,2025-10-01,5,1013.9,76,22.7,26.4,.6,.4,.6,1,5.4,9.1
22103,2025-10-02,5.4,1016.9,81,23.1,25.1,.7,.4,.8,1.3,5.2,10
22103,2025-10-03,9.1,1013.8,94,22.8,26.6,2.7,1.7,2.5,4.4,6.1,7.1
22103,2025-10-04,3.7,1013.4,91,23.9,25.9,1.8,1.1,1.5,2.5,6.1,6.7
22103,2025-10-05,4.4,1014.3,87,23.7,26.2,.9,.6,.7,1.2,8.8,12.5
22103,2025-10-06,5.3,1014.8,91,24,26.5,1,.7,.9,1.3,9,11.1
22103,2025-10-07,5.2,1014.2,88,24.6,26.4,1.2,.8,1,1.7,7.2,10
22103,2025-10-08,6.8,1014.8,86,23.8,26.9,1.4,.9,1.6,2.6,7.6,9.1
22103,2025-10-09,10.4,1017.3,79,23.6,26,3.1,1.9,2.7,4.3,7.2,8.3
22103,2025-10-10,9,1016.7,78,23.6,26,2.7,1.7,2.5,3.8,6.8,8.3
22103,2025-10-11,4.7,1013,87,23.6,25.5,1.4,.9,1.3,2.4,8.6,11.1
22103,2025-10-12,4.2,1012.9,92,24,25.2,.9,.6,.7,1.2,10.1,11.8
22103,2025-10-13,3.6,1014.4,90,25.1,26.9,1.1,.7,.9,1.8,6.8,10.5
22103,2025-10-14,5.5,1015.5,91,23.5,25.2,1.1,.7,1.3,2.5,5.7,9.1
22103,2025-10-15,9.9,1017.2,87,23.8,25.6,2.5,1.6,2,3.2,6.2,7.1
22103,2025-10-16,6.6,1016.8,89,23.9,24.5,1.6,1,1.7,2.5,5.5,6.3
22103,2025-10-17,8.7,1019.6,83,23.5,24.6,2.5,1.6,2.1,3.5,6.2,7.7
22103,2025-10-18,6.7,1017.4,86,23.2,26.2,1.3,.9,1.1,1.7,4.7,7.1
22103,2025-10-19,9.4,1020.9,80,21.8,25.5,2.6,1.6,1.9,4.4,6.9,8.3
22103,2025-10-20,7.6,1023.4,74,19.2,24.7,1.8,1.1,1.6,2.5,5.4,7.7
22103,2025-10-21,8.4,1024.7,77,19.4,25.1,2.3,1.5,1.8,2.8,7.3,9.1
22103,2025-10-22,9.9,1024.4,79,20.1,24.6,2.3,1.5,1.9,2.7,6.7,7.7
22103,2025-10-23,8.8,1024.5,73,20.6,24.2,2.5,1.6,1.9,3.2,7.4,8.3
22103,2025-10-24,7.9,1023.2,77,20.1,24.7,2.1,1.3,1.6,2.6,6.9,8.3
22103,2025-10-25,5.7,1019.6,78,19.9,25.1,1.6,1,1.4,2.3,7.7,9.1
22103,2025-10-26,7.9,1017.2,69,18.3,25.8,1.3,.9,1.1,1.7,4.3,7.7
22103,2025-10-27,9.7,1021,63,15.3,25.4,1.8,1.2,1.4,2.2,4.2,5
22103,2025-10-28,6.9,1026.8,49,14.4,24,1.2,.8,1,1.7,5.1,9.1
22103,2025-10-29,7.6,1027.4,61,16.7,23.3,1.5,1,1.3,2.1,5.1,6.3
22103,2025-10-30,6.4,1024,70,18.1,22.5,1.3,.9,1.4,2.3,5.5,6.7
22103,2025-10-31,5.3,1016,66,18.5,22.5,1,.7,.8,1.5,7.2,10.5
22103,2025-11-01,9.5,1014.9,67,17.4,22.5,1.7,1.1,1.4,2.4,4.5,5.3
22103,2025-11-02,10.1,1019.4,61,15.9,22.2,2,1.2,1.7,2.9,4.5,5.6
22103,2025-11-03,6.4,1026.4,67,13.5,22.2,1.3,.9,1.4,2.1,5.8,11.8
22103,2025-11-04,5,1024.7,62,18.4,21.9,1.3,.8,1.2,2.4,7.1,10.5
22103,2025-11-05,6.5,1022.2,74,18.3,21.4,1.2,.8,1.3,2,6.2,10.5
22103,2025-11-06,5.9,1022.4,75,18.4,21.8,1.4,.9,1.2,2.3,6,6.7
22103,2025-11-07,8.1,1023,74,19.5,23.4,1.7,1,1.4,2.3,5.9,6.3
22103,2025-11-08,9.6,1019.8,83,18.7,23.5,2.3,1.5,1.7,3.1,6,6.7
22103,2025-11-09,8.7,1015.9,74,17.3,22.9,2,1.3,1.8,3.2,5.7,7.7
22103,2025-11-10,7.1,1019,56,14.4,22.1,1.4,.9,1.3,2.2,6.3,14.3
22103,2025-11-11,5.8,1020.7,57,14.7,21.7,1.6,1,1.2,2.1,14.2,16.7
22103,2025-11-12,6.9,1021.4,69,16.5,21.7,1.6,1.1,1.5,2.3,9.6,13.3
22103,2025-11-13,5.8,1018.1,59,16.6,21.3,1.3,.8,1,1.5,10.5,13.3
22103,2025-11-14,8.2,1019.8,59,14.9,20.8,1.3,.9,1.1,1.7,4.1,10.5
22103,2025-11-15,4.8,1025.7,64,15.2,20.4,.9,.6,1,1.5,4.3,8.3
22103,2025-11-16,4.2,1025.8,78,17,20.5,.7,.4,.6,.9,6.7,8.3
22103,2025-11-17,,,,,,,,1.6,2.6,,5.3
22103,2025-11-18,10.4,1026,64,9.6,19.6,1.9,1.2,1.7,3,4.4,5.3
22103,2025-11-19,6.6,1025.4,67,10,20.1,1.2,.8,1,1.7,5.6,8.3
22103,2025-11-20,8.1,1025.2,67,12.8,18.6,1.2,.8,1,1.9,3.5,4.3
22103,2025-11-21,8,1025.7,63,12.3,18.4,1.3,.9,1.1,1.7,3.7,4.5
22103,2025-11-22,5.2,1026.1,61,12.9,18.1,.8,.5,.9,1.3,3.9,9.1
22103,2025-11-23,2.7,1023.2,67,14.2,17.8,.4,.3,.4,.5,4.6,8.3
22103,2025-11-24,3.6,1018.3,72,16.6,18.9,.5,.3,.6,1,8.3,10.5
22103,2025-11-25,10.8,1017.2,68,13,18.8,2.5,1.5,2.3,4.1,5.6,9.1
22103,2025-11-26,4.9,1024.2,65,10.8,17.9,1.3,.9,1.7,2.4,7.5,10
22103,2025-11-27,10.3,1017.8,68,13,17.4,2.3,1.5,2.2,3.8,6.7,9.1
22103,2025-11-28,7,1020.7,61,9.6,17.1,1.6,1,1.6,2.8,6.1,9.1
22103,2025-11-29,3.6,1018.6,66,14.3,17.6,.8,.5,.9,1.4,6.7,11.1
22103,2025-11-30,5.1,1016.9,74,18,18.7,1.4,.9,1.1,1.8,5.4,6.7
22103,2025-12-01,6.4,1018.1,62,14,18.3,1,.7,1,1.5,3.9,5.6
22103,2025-12-02,8,1020.3,57,10.1,20.1,1.4,.9,1.4,2.1,3.9,5.9
22103,2025-12-03,10.5,1024,73,5.5,19.7,2,1.3,1.7,2.8,4.3,5.3
22103,2025-12-04,7.4,1025.9,67,7.1,18.1,1.2,.8,1.3,2.1,4.3,7.7
22103,2025-12-05,7.3,1026.5,58,6.7,16.8,1.5,1,1.6,2.8,5,7.1
22103,2025-12-06,5.5,1022.7,66,10.3,17.7,.8,.5,.9,1.5,4.9,8.3
22103,2025-12-07,6.7,1021.7,73,14.8,17.4,1.2,.8,1,1.5,4.8,6.3
22103,2025-12-08,8.4,1025.2,54,10.6,16.9,1.4,.9,1.2,1.9,4,4.8
22103,2025-12-09,7.6,1026.9,58,8.6,16.8,1.2,.8,1.1,1.9,3.7,4.2
22103,2025-12-10,4.2,1025,61,11.7,18.2,.7,.5,.7,.9,4.4,10
22103,2025-12-11,8,1019.9,71,13.8,18.5,1.4,.9,1.3,2.3,4.9,9.1
22103,2025-12-12,9.9,1027.2,72,11,18.6,2.5,1.6,2.3,4.2,5.7,7.7
22103,2025-12-13,9.9,1020.6,75,12,18.1,2.6,1.7,2.2,3.6,6.3,7.1
22103,2025-12-14,11,1020.3,70,7.7,16.8,2.6,1.6,2,3.2,5.4,9.1
22103,2025-12-15,5.2,1024.9,65,8.4,16.7,1.3,.8,1,1.8,8,11.8
22103,2025-12-16,4.1,1022.8,75,12,16.3,.8,.6,.7,1.1,11,12.5
22103,2025-12-17,8.8,1022.3,72,10.9,16.1,1.4,.9,1.2,1.8,5.6,11.1
22103,2025-12-18,3.5,1025.7,60,9.3,16.3,1,.6,1,1.7,6.4,10
22103,2025-12-19,4.2,1021.2,80,15.1,17.3,1.1,.7,1,1.7,5.1,9.1
22103,2025-12-20,3.9,1019,93,15.2,17.5,1.3,.8,1.1,2.1,5.4,6.3
22103,2025-12-21,9.5,1025.5,58,7,16.7,2,1.3,1.8,3.7,4.4,5.3
22103,2025-12-22,7,1028,66,9.1,16.8,1.5,.9,1.2,2,5.1,7.1
22103,2025-12-23,5.6,1021.2,79,14,16.8,1.5,1,1.3,2.2,6.8,10.5
22103,2025-12-24,7.3,1014.8,88,10.5,16.6,1.5,1,1.2,2,4.9,7.1
22103,2025-12-25,13.6,1018.5,67,5.3,15.7,3,1.8,2.4,3.8,5.1,5.6
22103,2025-12-26,12,1025.6,64,.9,15.2,2.5,1.6,2.3,4,4.8,5.9
22103,2025-12-27,6.7,1026.2,60,4.5,15,1.3,.9,1.7,2.5,7.7,11.1
22103,2025-12-28,2.8,1022.9,57,9.5,15.7,.6,.4,.7,1,8.1,10.5
22103,2025-12-29,7,1018.9,70,12.9,16.1,1.4,.9,1.2,2,4.6,5.3
22103,2025-12-30,7,1022.4,53,8.4,16.7,1.1,.7,.9,1.5,3.6,5
22103,2025-12-31,10.1,1024.6,59,4.5,16.3,1.8,1.1,1.6,2.8,4.1,5
22103,2026-01-01,9.9,1023.9,60,1.8,15.5,1.9,1.3,2,2.8,4.4,5
22103,2026-01-02,12.2,1024,72,1.8,15.2,2.4,1.5,2,3.7,4.6,5.6
22103,2026-01-03,10.2,1026.4,67,4.9,14.6,2,1.4,1.9,3.1,4.6,9.1
22103,2026-01-04,8.7,1023.9,66,7.8,15.5,1.4,.9,1,1.7,3.9,4.5
22103,2026-01-05,9.5,1020.8,64,6.7,16.3,1.7,1.1,1.3,2.6,4.1,4.8
22103,2026-01-06,,,,,,,,1.3,2.1,,9.1
22103,2026-01-07,10.4,1020.9,66,7.7,16.5,2,1.3,1.9,2.8,4.8,7.1
22103,2026-01-08,9.9,1025.6,61,3.4,16.6,2.1,1.3,1.6,2.8,4.4,5.3
22103,2026-01-09,7,1022.6,66,7.2,16.5,1.1,.8,1.2,1.8,5.9,10.5
22103,2026-01-10,13.6,1016.4,64,9.8,16.3,3.7,2.4,2.9,4.7,6.6,8.3
22103,2026-01-11,10,1024,68,1.9,15.8,2.4,1.6,2.2,3.6,6.4,10
22103,2026-01-12,5.8,1019.9,68,6.8,15.6,1.6,1,1.8,3.3,7,10
22103,2026-01-13,10.6,1017.7,64,8,15.6,2.9,1.8,2.8,4.8,6.6,8.3
22103,2026-01-14,5.1,1022.1,63,8.9,16.7,1,.6,1.2,2.1,5.9,7.1
22103,2026-01-15,10.3,1016,72,14.7,16.5,3.2,2.1,2.7,4.2,7.1,8.3
22103,2026-01-16,3.7,1018.1,65,12.2,16.6,.9,.6,1.2,1.7,6,7.1
22103,2026-01-17,5.1,1019.1,67,9.9,16.4,.8,.6,.8,1.3,5.4,10
22103,2026-01-18,4.8,1019.5,78,12.4,15.5,.8,.6,.8,1.4,6.5,9.1
22103,2026-01-19,9.2,1020.2,78,6.7,15.5,1.5,1,1.6,2.7,5.6,9.1
22103,2026-01-20,9.9,1023,57,2.6,15.1,2,1.3,1.8,2.8,4.5,5.3
22103,2026-01-21,13.3,1025.4,73,.2,14.7,2.7,1.7,2.2,3.7,5.1,5.6
22103,2026-01-22,10.9,1027.4,71,.1,14.8,2.2,1.4,1.8,3.2,4.6,5.3
22103,2026-01-23,8.6,1026.4,67,4.3,14.3,1.5,1,1.4,2.2,4.2,5.3
22103,2026-01-24,10.2,1025.4,62,4.4,14.6,2.1,1.3,1.5,2.6,4.6,5.9
22103,2026-01-25,8.7,1028.8,53,3.5,14,1.4,.9,1.1,1.9,3.9,4.3
22103,2026-01-26,4.5,1025.1,56,4.2,14.8,.8,.5,.9,1.4,6.7,10.5
22103,2026-01-27,11,1024.1,62,4.2,14.2,2,1.3,1.5,2.5,4.4,4.8
22103,2026-01-28,10,1026.7,52,3.4,13.9,1.9,1.2,1.6,2.8,4.2,5
22103,2026-01-29,8.8,1029.7,63,3.4,13.6,1.3,.9,1.1,2.1,3.8,4.5
22103,2026-01-30,8.4,1029,56,2.3,13.1,1.4,.9,1.2,1.9,3.8,4.3
22103,2026-01-31,8.3,1026.6,54,4.2,14,1.4,.9,1.5,2.3,3.7,4.8
22103,2026-02-01,7.8,1026.6,62,4.9,13.9,1.3,.9,1.3,1.8,4,5.3
22103,2026-02-02,9.5,,,,,1.7,1.1,1.6,2.7,4.8,6.3
22103,2026-02-03,7.8,1028.8,69,4.7,14.2,1.3,.9,1.3,1.8,3.8,4.3
22103,2026-02-04,4.2,1022.9,72,8.1,14.9,.6,.4,.7,1.1,4.5,8.3
22103,2026-02-05,,,,,,,,.5,.8,,9.1
22103,2026-02-06,9.5,1019.9,65,5.7,14.8,1.7,1.1,1.3,2.2,4.1,4.8
22103,2026-02-07,12.1,1022.6,72,1,14.1,2.5,1.5,1.9,3.4,4.8,5.6
22103,2026-02-08,13.8,1027.6,72,-.2,13.8,2.8,1.8,2.2,3.7,5,5.9
22103,2026-02-09,7.2,1027.9,68,4.1,13.7,1.4,.9,1.8,3,8.3,11.8
22103,2026-02-10,4.3,1020.9,85,7,13.4,.9,.6,.9,1.5,6.8,11.1
22103,2026-02-11,9,1021.2,73,7.5,13.4,1.5,1,1.3,1.9,4.1,6.3
22103,2026-02-12,7,1022.6,60,7.7,13.8,1.2,.8,1.1,1.8,4.1,5.9
22103,2026-02-13,3.5,1020.4,62,10.3,15.3,.5,.3,.5,.7,5.6,10.5
22103,2026-02-14,4,1016.7,82,12.3,16.2,.6,.4,.5,.9,3.8,9.1
22103,2026-02-15,7.7,1017.9,81,11.4,15.4,1.3,.8,1.4,2.3,6.2,7.7
22103,2026-02-16,8,1021.1,55,7.9,14.4,1.6,1,1.4,2.2,4.6,6.7
22103,2026-02-17,7.5,1021.6,65,7.6,13.9,1.7,1.1,1.3,2.2,6.6,8.3
22103,2026-02-18,9.2,,,,,1.6,1.1,1.4,2.3,4.3,5.6
22103,2026-02-19,7,1023.6,60,6.7,14,1.3,.8,1.1,1.7,4.4,10
22103,2026-02-20,3.3,1019.6,71,10.5,14.3,.7,.5,.7,1.1,7.6,11.1
22103,2026-02-21,8,1014.7,65,14.2,14.4,1.5,1,1.4,2.6,4.4,5.6
22103,2026-02-22,8.5,1011.8,80,13.6,13.9,2.4,1.5,1.8,3.4,5.7,6.7
22103,2026-02-23,5.2,1023.8,47,8.1,14.4,1.2,.8,1.8,2.7,6.1,8.3
22103,2026-02-24,11.4,1019.4,82,8.7,14.5,2.5,1.6,2.6,4.5,6,8.3
22103,2026-02-25,10.5,1020.1,78,10,14,3.3,2.1,2.5,3.9,8.4,10
22103,2026-02-26,10.1,1017.2,83,10.6,14.2,2.8,1.8,2.4,3.7,7.3,9.1
22103,2026-02-27,8.3,1014.2,89,10.5,14.4,2.5,1.6,2,3.3,7.2,7.7
22103,2026-02-28,9,1020.7,75,11,14.3,2.2,1.4,2.2,3.5,6.8,7.7
22103,2026-03-01,12.8,1020.8,79,11.3,14.1,4,2.6,3.1,5.7,7.6,8.3
22103,2026-03-02,16.6,1013.9,89,10.6,14.2,5.6,3.5,4.3,7.4,8.4,10
22103,2026-03-03,7.4,1019.7,75,10.3,15.1,2.7,1.8,3.1,4.9,9.6,10.5
22103,2026-03-04,2,1023.5,75,11,15.3,1.5,1,1.3,2.3,9.6,10.5
22103,2026-03-05,4.9,1022.5,72,12.2,14.4,1.2,.8,1,1.7,7,10.5
22103,2026-03-06,9.4,,,,,1.6,1,1.2,2,4.3,5.6
22103,2026-03-07,9.4,1026.2,64,5.2,14,1.7,1.1,1.4,2.5,4.1,4.8
22103,2026-03-08,3.8,1027,62,6.7,14.6,.9,.6,.9,1.2,8.2,11.8
22103,2026-03-09,9.4,1026.2,62,7.2,13.9,1.6,1.1,1.4,2.3,4.6,10
22103,2026-03-10,3.3,1026.8,62,6.8,13.4,1,.7,1.2,1.8,6.2,8.3
22103,2026-03-11,2.7,1024.7,65,8.2,13.8,.6,.4,.5,.9,7.6,10
22103,2026-03-12,5.5,1024.6,71,9.5,13.1,1.1,.7,1.5,2.3,4.9,8.3
22103,2026-03-13,8.4,1028.2,63,9,13.6,2.1,1.5,1.7,2.6,7.3,8.3
22103,2026-03-14,5,1028.3,62,9.4,13.9,1.7,1.1,1.6,2.6,8.6,10
22103,2026-03-15,5.5,1024.8,66,9.9,14.1,1.1,.7,1,1.6,8.4,10.5
22103,2026-03-16,4.7,1022.6,80,10,14,.9,.6,.9,1.2,9.6,14.3
22103,2026-03-17,5,1020.9,78,12.7,14.3,.8,.5,.6,1,11.5,14.3
22103,2026-03-18,7.1,1013.5,91,11.4,14,1.6,1.1,1.4,2.1,5.5,13.3
22103,2026-03-19,7,1017.1,66,9.3,13.7,1.3,.9,1.3,2,4.5,7.7
22103,2026-03-20,7,1020.6,57,10.6,14,1.1,.7,.9,1.5,4.5,14.3
22103,2026-03-21,3.7,1023.1,73,11.5,14.9,.7,.5,.6,.9,4.4,14.3
22103,2026-03-22,3.1,1019.1,81,12.2,14,.5,.4,.4,.7,9,14.3
22103,2026-03-23,5.6,1018.9,65,13,14.5,1.2,.7,1.7,2.7,6.4,7.7
22103,2026-03-24,8.4,1017.2,81,13.3,14.4,2.2,1.4,1.7,3,6.2,6.7
22103,2026-03-25,7.2,1013.9,82,12.2,14,1.8,1.1,1.4,2.3,6.5,8.3
22103,2026-03-26,5.1,1015.1,78,12.8,14,1,.7,1.1,1.7,5,7.7
22103,2026-03-27,5.6,1014.5,71,13.5,13.9,.8,.5,.9,1.5,5.1,12.5
22103,2026-03-28,5.3,1015.3,84,12.6,13.8,1,.7,.9,1.3,4.2,4.8
22103,2026-03-29,2.6,1016.5,95,13.4,13.8,.7,.5,.5,.9,5.3,10.5
22103,2026-03-30,5.9,1010.5,98,14,13.8,1.4,.9,2.4,3.8,6.6,10
22103,2026-03-31,5.6,1009.2,91,13.5,14.3,2.5,1.6,2.5,3.9,7.8,8.3
22103,2026-04-01,4.5,1013.2,88,13.3,15.4,1.3,.9,1.1,2,7.6,9.1
22103,2026-04-02,7.4,1016.5,76,12.4,14.4,1.1,.7,1,1.9,4.1,9.1
22103,2026-04-03,3.9,1014.3,84,14.5,14.7,.9,.6,1.4,2.3,5,7.7
22103,2026-04-04,10.3,1000.3,91,13.9,14.2,4.8,2.9,4.2,8.1,9.1,11.1
22103,2026-04-05,6.3,1010.4,83,11.1,13.8,2.1,1.3,2.2,3.7,9.1,10
22103,2026-04-06,5.3,1009.7,95,15,13.8,1.9,1.2,1.4,2.4,5.9,8.3
22103,2026-04-07,7.2,1015.8,50,11.7,13.5,1.3,.9,1.2,1.9,4.2,6.3
22103,2026-04-08,3.3,1019.4,59,12,14.6,.8,.5,.9,1.4,6.2,8.3
22103,2026-04-09,9.4,1006.7,96,15.7,14.9,4,2.4,4.3,7.2,7,10
22103,2026-04-10,8.7,1004.9,92,13.4,14.6,2.9,1.9,3,4.6,8.2,9.1
22103,2026-04-11,6.4,1013.3,86,13.5,15.5,1.4,.9,1.2,1.7,7.5,9.1
22103,2026-04-12,4.3,1015.2,92,14.6,15.8,1,.7,.8,1.3,8.2,10
22103,2026-04-13,4.5,1014.4,85,15,15.9,.9,.6,1.2,1.9,8.4,11.1
22103,2026-04-14,8.5,1012,94,14.6,15.6,2.1,1.3,1.6,3.3,6,7.1
22103,2026-04-15,4.3,1012.4,84,15.2,16.2,1.3,.8,1.4,2.3,6.7,10.5
22103,2026-04-16,,,,,,,,2.4,4.2,,7.7
22103,2026-04-17,7,1014.3,95,14.7,15.5,2.4,1.6,2.3,3.6,9.7,15.4
22103,2026-04-18,7.5,1013.7,98,16.1,16.9,3.2,2.1,2.4,4.3,7.9,8.3
22103,2026-04-19,3.8,1012.9,98,16,17.4,2.1,1.4,1.7,2.8,8.3,14.3
22103,2026-04-20,5.5,1012.5,90,15.1,16.9,1.7,1.1,1.5,2.3,9,14.3
22103,2026-04-21,4.2,1018.6,61,13.7,16.3,1.1,.7,1.5,2.3,10.4,13.3
22103,2026-04-22,6.3,1012.8,79,13.8,15.8,1,.7,1.3,2.1,9.1,12.5
22103,2026-04-23,8.7,1008.6,83,14.6,15.6,2.3,1.5,2,3,6.6,8.3
22103,2026-04-24,6.8,1015.7,71,14.6,15.6,2.1,1.3,1.8,3,7.3,8.3
22103,2026-04-25,4.7,1018,89,14.9,15.8,1.6,1,1.4,2.5,6.3,7.7
22103,2026-04-26,3.8,1013.2,94,15,16.4,.9,.6,.7,1.1,6.1,7.7
22103,2026-04-27,5.1,1012.5,84,14.9,16.4,.8,.5,.6,.9,4.4,10
22103,2026-04-28,6,1014.7,78,14.8,15.7,.9,.6,.9,1.6,3.6,4.8
22103,2026-04-29,4.3,1018.4,70,13.7,15.1,.9,.6,.9,1.3,4.4,7.7
22103,2026-04-30,4.9,1014.5,80,13.9,15.3,1.2,.7,.9,1.5,5.1,5.9
22103,2026-05-01,8.1,1011.5,80,14.2,14.8,1.6,1,1.4,2.3,4.8,6.7
22103,2026-05-02,3.9,1012.5,93,14.7,15.3,.8,.6,.9,1.5,5.2,7.1
22103,2026-05-03,7.7,1004.4,95,14.2,14.7,2.3,1.4,2.2,3.3,5.8,7.7
22103,2026-05-04,8.9,1015,82,13.3,14.6,2,1.3,1.7,2.7,5.9,7.7
22103,2026-05-05,2.8,1019.1,78,14.7,15.6,.8,.5,.8,1.3,5.7,7.7
22103,2026-05-06,1.9,1017.2,91,15.7,16,.7,.4,.7,1,6.4,11.1
22103,2026-05-07,2.7,1013.1,96,15.9,16.2,.6,.4,.7,1,7.1,10.5
22103,2026-05-08,,,,,,,,1,1.5,,4.8
22103,2026-05-09,3.2,1019.8,68,15.2,16,.6,.4,.7,1.1,5.1,10
22103,2026-05-10,2,1018.8,86,16.1,16.4,.6,.4,.5,.9,9.3,10
22103,2026-05-11,2.9,1015.3,96,17.3,17,1.1,.7,.8,1.4,5.8,10.5
22103,2026-05-12,3.4,1010,95,16.2,16.3,1.4,.9,1.2,2.1,6.3,10
22103,2026-05-13,2.1,1010,92,16.2,17.4,.9,.5,.7,1.2,9.4,10.5
22103,2026-05-14,4.1,1015.1,96,16.7,17.1,1,.6,1.1,2.2,8.2,10.5
22103,2026-05-15,6.4,1020.8,94,16.4,17.2,1.8,1.2,1.5,2.5,6.3,6.7
22103,2026-05-16,2.2,1021.7,92,17.1,17.3,.8,.5,.7,1.1,7.3,10
22103,2026-05-17,3.2,1019.2,92,16.9,17.1,.8,.5,.5,1,7.7,8.3
22103,2026-05-18,2.1,1017.2,92,18.2,17.4,.7,,.5,.8,8.1,9.1
22103,2026-05-19,3.1,1014,99,17.7,18.1,1.1,.7,1,1.9,6.3,8.3
22107,2017-01-01,2.6,1028,63,15.9,17.5,.6,.4,.5,.8,8.2,10.7
22107,2017-01-02,4.3,1023,76,17.9,17.4,.8,.5,.7,1.2,7,10.7
22107,2017-01-03,7.6,1024.4,65,13.9,17.4,1.4,.9,1.2,2.1,4.4,9.1
22107,2017-01-04,7.3,1023.3,66,15.8,17.4,1.2,.7,.9,1.5,3.6,4.3
22107,2017-01-05,8.3,1022.4,72,17.6,17.5,1.8,1.1,1.9,2.9,4.5,5.8
22107,2017-01-06,11.3,1023,70,17.4,,3.3,2,3.1,4.7,6.4,9.1
22107,2017-01-07,9.2,1017.9,74,17.9,17.4,2.4,1.4,1.8,2.7,5.8,7.1
22107,2017-01-08,7.9,1012.9,78,15.3,17.2,2.8,1.7,2.2,4,6.6,8
22107,2017-01-09,11.2,1018.9,66,10.7,17.1,3.9,2.4,2.9,5.3,6.7,8
22107,2017-01-10,10.6,1023.6,62,10.4,17.1,3.1,1.9,2.2,3.5,6.1,8
22107,2017-01-11,9.5,1025.9,62,8.5,17,2.7,1.6,2,4,6.3,7.1
22107,2017-01-12,7.5,1020.3,56,11.1,16.9,1.8,1.1,1.8,3.3,5.1,6.4
22107,2017-01-13,10.3,1018.3,58,11.2,16.9,3,1.9,3.2,5.6,6.3,8
22107,2017-01-14,12.4,1024.3,67,7.6,16.7,4.2,2.7,3.2,5.3,7.4,8
22107,2017-01-15,10.5,1027.4,64,7,16.6,4,2.4,3.6,6.1,6.9,8
22107,2017-01-16,8.9,1027.9,61,9.3,16.6,2.3,1.5,1.7,3.1,5.3,7.1
22107,2017-01-17,6,1029.9,67,9.9,16.6,1.4,.8,1,1.9,4.3,5.8
22107,2017-01-18,10.2,1027.8,70,12.2,16.4,2.1,1.3,1.7,3.2,4.6,5.3
22107,2017-01-19,8.8,1023.5,65,11.1,16.4,2,1.2,1.4,2.5,4.9,5.8
22107,2017-01-20,14.6,1025,65,8.7,16.3,6.9,4.3,6.2,9.9,8.4,10.7
22107,2017-01-21,7.7,1028.1,59,8,16.2,3.1,1.9,3.2,5.4,7.4,9.1
22107,2017-01-22,11.4,1028,65,7.9,16.2,4.4,2.8,3.8,5.8,7.1,8
22107,2017-01-23,11.4,1031.1,63,6.1,16.5,4.4,2.7,3.3,5.4,7.3,8
22107,2017-01-24,9.6,1033.8,62,7.2,16.5,3,1.9,2.1,3.5,6.2,8
22107,2017-01-25,9.2,1033.1,66,7.6,16.3,2.1,1.3,1.6,2.6,5,6.4
22107,2017-01-26,5.9,1029.1,64,11.7,16.2,1.2,.7,1.5,2.4,5,9.1
22107,2017-01-27,10.4,1027.2,71,12.2,16,2.8,1.7,2.3,3.9,6,9.1
22107,2017-01-28,6.2,1024.6,69,14.8,16,1.8,1.1,2,3.1,5.9,9.1
22107,2017-01-29,5.5,1016.8,88,18.8,,1.2,.8,1,1.6,4.4,8
22107,2017-01-30,14.3,1025,72,9.7,15.8,5.3,3.3,4.4,6.6,7.6,9.1
22107,2017-01-31,8.9,1027.4,70,8.7,15.7,2.8,1.7,3.1,4.3,6.1,8
22107,2017-02-01,12,1028.4,67,9,15.7,3.4,2,3.1,5.5,6,7.1
22107,2017-02-02,10.4,1030,68,9.7,15.5,3.1,1.8,2.8,4.4,6.3,8
22107,2017-02-03,7.6,1026.1,60,13.4,15.5,1.3,.8,1.1,1.7,4,6.4
22107,2017-02-04,4.7,1019.3,75,16.2,15.6,.9,.6,1,1.9,5.9,10.7
22107,2017-02-05,10.4,1015.8,71,12.3,15.5,3.1,1.9,3,5.4,5.8,7.1
22107,2017-02-06,12.3,1022.4,65,9.6,15.4,4.8,2.9,3.7,5.7,7.4,9.1
22107,2017-02-07,9,1023.8,66,11.6,15.7,2.8,1.7,2.4,3.8,6.8,9.1
22107,2017-02-08,9.5,1019.3,70,11.3,15.8,2.4,1.5,2.2,3.6,5.5,7.1
22107,2017-02-09,13.1,1017.7,69,7,15.5,5.7,3.4,4,7.7,7.8,9.1
22107,2017-02-10,13.6,1020.5,75,5.8,15.6,5.7,3.6,4,6.8,8.3,9.1
22107,2017-02-11,11.8,1026.1,64,7.7,15.7,5.2,3.2,3.9,6.8,8.1,9.1
22107,2017-02-12,7.7,1029.5,56,9.4,15.7,2.3,1.4,2,3.4,5.7,7.1
22107,2017-02-13,6.1,1031.8,48,13,15.7,1.2,.7,1,1.8,4.4,6.4
22107,2017-02-14,8.6,1033.2,62,12.9,15.6,2,1.2,1.8,2.8,4.9,5.8
22107,2017-02-15,4.8,1030.3,62,13.4,15.5,.9,.6,.9,1.6,4.7,5.3
22107,2017-02-16,8.6,1021.7,73,18.3,15.5,1.9,1.2,1.9,3.5,4.6,5.8
22107,2017-02-17,12.3,1021.5,75,13.5,15.4,4,2.4,3.4,6.1,6.6,9.1
22107,2017-02-18,10.3,1026.6,64,9.6,15.3,3.3,2.1,2.9,4.6,6.2,8
22107,2017-02-19,8.3,1018.8,61,14.9,15.3,2.5,1.4,3.1,6.9,5.5,7.1
22107,2017-02-20,14.2,1016.7,78,12.7,15.3,5.5,3.4,4.5,6.5,7.7,9.1
22107,2017-02-21,8,1027.3,67,12.7,15.2,3.3,2,3.2,5.4,8,9.1
22107,2017-02-22,10.4,1014.8,85,16.4,,3.1,1.9,3.1,5.1,5.8,7.1
22107,2017-02-23,13.5,1020,68,10,15.1,5.4,3.3,4,6.3,7.8,9.1
22107,2017-02-24,10.5,1025.2,62,9.7,15,3.8,2.3,3.6,5.9,6.8,9.1
22107,2017-02-25,6.5,1024.2,54,12.8,15,1.7,1,1.3,2.1,5.4,7.1
22107,2017-02-26,5.2,1024.6,51,13.7,15,1.1,.7,1.3,2,4.5,5.3
22107,2017-02-27,7.2,1026.1,61,12.9,15.1,1.5,.9,1.3,2.1,4.5,5.3
22107,2017-02-28,3.9,1025,49,14.9,15.2,.8,.5,.8,1.2,4.2,6.4
22107,2017-03-01,5.8,1017.3,63,15.8,15.1,1.3,.8,2.9,5.3,4.7,8
22107,2017-03-02,12.8,1018.7,65,11,14.9,5.3,3.3,4,6.3,8,9.1
22107,2017-03-03,5,1020.9,60,12.4,15.2,2,1.2,2.5,3.9,6.7,9.1
22107,2017-03-04,1.8,1018.8,59,14.7,15.6,.8,.5,.6,1,5.6,10.7
22107,2017-03-05,3.6,1016.3,66,15.5,15.5,.8,.5,1.2,1.8,5.6,10.7
22107,2017-03-06,12.8,1017.1,64,10.7,15.2,4.3,2.6,3.2,5.6,6.8,8
22107,2017-03-07,9.1,1018.6,64,11,15.1,2.7,1.7,2.4,4,6.1,8
22107,2017-03-08,10.5,1018.5,57,11.4,15.1,3.3,2,2.7,5.6,6.4,8
22107,2017-03-09,9.4,1017.6,48,14.8,15.1,3,1.8,2.9,4.5,6.3,8
22107,2017-03-10,5,1020.2,50,16,15.2,1.4,.9,1.6,2.5,5.1,5.8
22107,2017-03-11,3,1022.9,46,17,15.2,.6,.4,.6,.9,4.2,8
22107,2017-03-12,4.7,1020.8,57,17.9,15.1,.8,.5,.6,1.2,3.9,8
22107,2017-03-13,8.5,1017,66,14.8,15,2.1,1.3,2.4,4.1,5.4,8
22107,2017-03-14,12.6,1019.3,64,13.1,14.9,4.4,2.6,3.2,5.3,7.2,8
22107,2017-03-15,8.1,1023.5,55,12.8,14.8,2.9,1.7,3.1,5.6,6.2,8
22107,2017-03-16,3.9,1022,65,13.9,14.8,1.1,.7,.9,1.4,5.3,9.1
22107,2017-03-17,5.8,1023.2,53,14.7,14.7,1.2,.8,1.1,1.8,4,5.3
22107,2017-03-18,3.3,1023.9,62,16.3,14.7,.7,.4,.5,.9,9,12.8
22107,2017-03-19,6.1,1023.8,58,18,14.8,1.3,.8,1,1.9,4.2,5.3
22107,2017-03-20,8.8,1015.5,82,17.4,14.8,2.8,1.7,2.7,4.4,6.3,9.1
22107,2017-03-21,12.7,1018.3,67,13.3,14.8,4.5,2.6,3.1,5.8,6.5,8
22107,2017-03-22,5.8,1020.7,60,14,14.8,2,1.2,2.4,3.9,6.1,8
22107,2017-03-23,7.6,1020.2,69,15,14.6,1.5,.9,1.3,2.4,4.3,5.8
22107,2017-03-24,4.5,1019.9,63,16.2,14.6,1.3,.8,1.2,1.9,4.4,4.9
22107,2017-03-25,5.8,1018.9,70,15.1,14.6,1.4,.8,1,1.8,4.9,6.4
22107,2017-03-26,7.5,1019.8,66,14.1,14.7,1.8,1.1,2,3.1,4.9,6.4
22107,2017-03-27,8.7,1023.2,60,14.8,14.7,2.1,1.3,1.8,2.7,5.2,5.8
22107,2017-03-28,5.2,1023.4,51,16.1,14.9,1.1,.7,1,1.9,4.1,4.9
22107,2017-03-29,5.5,1019.9,82,17,14.8,2,1.2,1.7,3,5.4,6.4
22107,2017-03-30,6.1,1020.6,74,15.9,14.9,1.2,.7,.9,1.6,4.3,4.9
22107,2017-03-31,8.1,1017.9,76,14.9,14.8,1.7,1,1.5,2.9,5.1,8
22107,2017-04-01,9.6,1017.4,69,14.6,14.6,2.6,1.6,1.8,3.2,5.6,6.4
22107,2017-04-02,4.9,1020.2,54,16.4,14.5,1.4,.9,1.4,2.2,4.9,6.4
22107,2017-04-03,4.4,1024.9,58,16.7,14.7,1,.6,.8,1.3,4.3,5.3
22107,2017-04-04,4.3,1024.4,66,17.9,14.9,.6,.4,.6,1.1,4,9.1
22107,2017-04-05,9.3,1017.2,83,19.2,14.8,2.1,1.3,2.1,3.6,4.6,6.4
22107,2017-04-06,5,1013.3,95,18,14.6,2.7,1.7,2.1,3.6,6.8,8
22107,2017-04-07,5.5,1012.9,94,17.4,14.5,2.1,1.3,1.5,2.6,7.1,8
22107,2017-04-08,6.2,1012.4,91,17.1,14.2,1.8,1.1,1.4,2.7,6.5,8
22107,2017-04-09,8.8,1012.3,87,17,14.1,1.9,1.2,1.8,3,4.6,8
22107,2017-04-10,9.6,1007.4,81,18,13.9,3.5,2.2,2.7,4.5,6.8,9.1
22107,2017-04-11,10.8,1008.5,79,15.9,13.9,3,1.9,2.4,3.8,6.3,8
22107,2017-04-12,9.7,1016.3,55,16.6,14,2.5,1.6,2.2,3.3,5.6,6.4
22107,2017-04-13,4.3,1020.5,63,17.3,13.8,.9,.5,.8,1.3,4.4,5.8
22107,2017-04-14,6.3,1015.9,81,18.4,13.7,1.2,.8,1,1.9,3.9,4.9
22107,2017-04-15,2.3,1015.4,,18.8,13.8,1.2,.7,.9,1.6,4.6,5.3
22107,2017-04-16,3.4,1014.1,,19,14,1,.6,.7,1.3,5.1,5.8
22107,2017-04-17,8.2,1002.8,,18.3,13.7,2.2,1.4,2,3.6,5.6,7.1
22107,2017-04-18,7,1004.2,90,17,13.9,2.3,1.4,1.8,3,6.2,7.1
22107,2017-04-19,3.5,1012.9,63,17.9,14.3,1.4,.8,1.4,2.1,5.6,6.4
22107,2017-04-20,4.1,1011.3,82,18.5,14.3,1.1,.7,.8,1.5,4.5,5.8
22107,2017-04-21,5.1,1010.6,87,17.6,14.1,1.6,1,1.2,1.9,6,7.1
22107,2017-04-22,7.5,1013.6,85,16.6,14,1.5,1,1.4,2.3,4.4,5.3
22107,2017-04-23,2.8,1018.4,79,18,14.7,.8,.5,.8,1.3,4.3,5.3
22107,2017-04-24,3.8,1019.4,85,19.7,14.9,.7,.4,.7,1.1,4.9,9.1
22107,2017-04-25,2.8,1018.9,95,20.4,15.1,1.9,1.2,1.6,2.6,6.9,8
22107,2017-04-26,6,1015.5,85,18.4,14.9,1.7,1,1.8,3.5,6.1,7.1
22107,2017-04-27,8.8,1014.9,71,16.8,14.4,2.1,1.3,2.3,3.6,5.2,7.1
22107,2017-04-28,6.5,1011.1,78,18.4,14.4,1.4,.9,1.1,1.8,4.5,5.8
22107,2017-04-29,5.2,1010.4,87,19.1,14.8,1.7,1.1,1.5,2.4,5.1,5.8
22107,2017-04-30,7.1,1012.4,81,20.3,14.8,1.6,1,1.1,2.3,4.4,5.3
22107,2017-05-01,3.8,1016.9,95,19,14.9,1.1,.7,1,1.7,4.4,4.9
22107,2017-05-02,6.7,1020.3,88,20.3,15.1,1.3,.8,1,1.8,3.9,5.8
22107,2017-05-03,6.3,1020,91,20.9,15.4,1.3,.8,.9,1.6,4.6,6.4
22107,2017-05-04,6,1015.5,93,20.9,15.8,2.3,1.4,1.7,2.7,7.5,9.1
22107,2017-05-05,5.5,1013.6,99,20.1,16.1,2.2,1.4,1.8,2.8,7.6,9.1
22107,2017-05-06,7.6,1017.7,70,19.6,16,1.7,1,1.3,2.2,5.2,8
22107,2017-05-07,4.2,1018.1,75,20.7,16.3,.8,.5,.7,1.1,6.3,9.1
22107,2017-05-08,2.8,1015.5,80,21.1,16.5,.6,.4,.5,.8,7.3,9.1
22107,2017-05-09,9.6,1008.7,91,19.4,15.6,2.7,1.7,2.4,3.8,5.8,7.1
22107,2017-05-10,6.8,1013.3,90,19.1,16,2.3,1.4,2.1,3.8,6,7.1
22107,2017-05-11,4.9,1014.1,94,20.8,16.2,1.3,.8,1,1.7,4.8,6.4
22107,2017-05-12,4.1,1009.7,96,20.9,16.3,1,.6,.9,1.9,4.3,4.9
22107,2017-05-13,4,1009.4,97,19.3,16.6,1.2,.8,1,1.7,6.1,7.1
22107,2017-05-14,5.3,1013.4,84,19.8,16.8,1,.6,.8,1.4,5.7,6.4
22107,2017-05-15,4.7,1015.4,69,20.5,16.8,.7,.5,.6,.9,4.6,7.1
22107,2017-05-16,4,1012.4,77,20.7,16.7,.6,.4,.6,.9,5.9,8
22107,2017-05-17,3.9,1012.8,84,20.8,16.9,.5,.3,.4,.7,6.1,8
22107,2017-05-18,2.9,1016.9,87,21.8,17.3,.4,.2,.3,.5,7.2,9.1
22107,2017-05-19,1.7,1017.9,86,22.8,18.1,.4,.3,.3,.6,7,9.1
22107,2017-05-20,2.9,1016.5,90,23.2,18.2,.5,.3,.3,.6,6.8,8
22107,2017-05-21,4.7,1015,91,23.5,18.2,.9,.5,.9,1.6,4.8,7.1
22107,2017-05-22,4.6,1014,93,23.3,18.8,1.5,.9,1,1.9,6.3,7.1
22107,2017-05-23,4.3,1011,95,23.1,18.9,1.3,.8,1,2,6.6,8
22107,2017-05-24,3.8,1008.3,95,22.5,18.9,1.2,.7,1,1.6,7.1,9.1
22107,2017-05-25,6.2,1008.2,87,22.2,18.4,1.3,.8,1,1.8,4.6,5.3
22107,2017-05-26,9.4,1010.7,69,20.4,16.9,2.4,1.5,2,3,5.4,8
22107,2017-05-27,4.1,1013.7,68,21,17,.9,.5,1,1.5,5.5,8
22107,2017-05-28,2.7,1014.8,91,22.4,17.8,.6,.4,.5,.9,6.5,9.1
22107,2017-05-29,2,1014.3,96,23.8,19,.6,.4,.4,.7,6.6,9.1
22107,2017-05-30,2.5,1011.1,97,23.7,19.4,.5,.3,.4,.6,7.3,9.1
22107,2017-05-31,4,1004,98,23.5,19.3,.9,.6,.7,1.1,4.8,6.4
22107,2017-06-01,3.7,1001.8,98,22.5,19,1,.6,.7,1.5,4.2,5.3
22107,2017-06-02,5.1,1005.3,86,22.6,18.1,1,.6,.7,1.3,3.8,4.9
22107,2017-06-03,6.1,1008.8,80,22.6,18.2,1.1,.7,1,1.7,3.8,4.6
22107,2017-06-04,5.7,1011.4,81,22.3,18.4,1.2,.7,.9,1.5,4.6,8
22107,2017-06-05,4.1,1014.4,84,23.7,18.9,.9,.6,.8,1.5,4.7,8
22107,2017-06-06,9.2,1011.3,93,23.4,18.7,2.1,1.3,2.5,3.7,5,7.1
22107,2017-06-07,5.9,1009.3,91,22.5,18.9,2.9,1.8,2.4,4,7.3,8
22107,2017-06-08,4.7,1012.4,88,22.1,19.1,1.4,.9,1.4,2.4,5.7,7.1
22107,2017-06-09,2.9,1010.8,94,23.5,19.6,.6,.4,.5,.9,4.5,8
22107,2017-06-10,4.1,1007.9,97,24.5,19.8,.8,.5,.7,1.3,3.5,4.6
22107,2017-06-11,3.8,1008.1,90,24.3,20,1.4,.9,1.1,1.8,5.6,7.1
22107,2017-06-12,7.6,1012.8,85,24,19.8,1.9,1.2,1.6,2.4,6,7.1
22107,2017-06-13,7,1013.8,84,23.3,19.9,1.7,1,1.4,2.3,5.3,6.4
22107,2017-06-14,5,1012,87,22.9,20,1.1,.7,.8,1.4,4.9,7.1
22107,2017-06-15,5.3,1010.7,91,23.4,20.1,.9,.6,.8,1.2,4.9,8
22107,2017-06-16,3.6,1010.5,89,24.5,20.7,.7,.5,.6,.9,7,8
22107,2017-06-17,3.8,1010.6,89,24.7,21,1.1,.7,.9,1.6,4.5,5.8
22107,2017-06-18,1.9,1011.2,88,25.3,22,.7,.4,.6,1,5.7,7.1
22107,2017-06-19,3.4,1009.9,92,26.2,22.4,1,.6,.7,1.2,7,8
22107,2017-06-20,6.8,1002.9,93,25.9,22,2.5,1.6,2.5,4,6.1,7.1
22107,2017-06-21,4.2,1007.5,89,25.6,22.2,1.9,1.2,1.8,2.9,6.9,8
22107,2017-06-22,2.3,1009.1,88,25.9,22.7,1.2,.7,1,1.6,6.5,7.1
22107,2017-06-23,2.4,1006.9,90,26.1,22.9,1,.6,.7,1.2,6,7.1
22107,2017-06-24,3.5,1003,92,26.2,23.1,1.1,.7,.8,1.4,5.7,6.4
22107,2017-06-25,2.4,1003.3,93,26.4,23.2,1.2,.7,.9,1.4,5.8,6.4
22107,2017-06-26,3.5,1006.4,95,26.8,23.4,1.2,.7,.8,1.4,6.3,8
22107,2017-06-27,2.7,1010.2,92,27.1,23.6,1.1,.7,.8,1.3,6.8,8
22107,2017-06-28,2.6,1012.7,90,27.1,23.5,.9,.6,.7,1.1,6.2,7.1
22107,2017-06-29,5.6,1010.7,96,26.7,23,1.3,.8,1.4,2.2,4.6,7.1
22107,2017-06-30,2.9,1009.3,100,26.9,23.1,.8,.5,.6,1,5.2,8
22107,2017-07-01,4.1,1009.3,98,27.6,23.4,1,.6,.7,1.3,5.1,8
22107,2017-07-02,6.7,1009.3,97,28.3,23.5,1.8,1.1,1.4,2.3,5.1,6.4
22107,2017-07-03,5.2,1008.9,98,28.6,23.9,1.9,1.2,1.5,2.6,5.6,6.4
22107,2017-07-04,2.8,1008.1,98,28.7,24.6,2.3,1.4,2.4,3.2,8,12.8
22107,2017-07-05,2.9,1010.7,98,29.7,25.4,1.6,1,1.2,2,5.8,8
22107,2017-07-06,4.6,1010.6,97,29.9,25.5,1.4,.9,1.1,1.8,5.5,5.8
22107,2017-07-07,5.2,1009.3,95,30,25.6,1.9,1.2,1.4,2.4,5.8,6.4
22107,2017-07-08,5.1,1008.6,95,30.1,25.8,2.6,1.6,2,3.3,6.7,7.1
22107,2017-07-09,5.3,1007.5,94,30.6,25.9,2.4,1.5,1.8,2.8,6.9,7.1
22107,2017-07-10,9.4,1004.8,92,30.3,25.8,3.8,2.3,2.8,4.8,7.2,8
22107,2017-07-11,2.9,1009.2,94,29.2,25.7,2.4,1.6,2.3,3.9,7.2,8
22107,2017-07-12,1.8,1010.8,95,29.8,26.1,1.4,.9,1,1.7,6,6.4
22107,2017-07-13,2.1,1008.8,93,30.9,26.8,1,.6,.8,1.3,5.5,6.4
22107,2017-07-14,4.4,1009.1,93,31.8,27.1,1.3,.8,1,1.7,5.1,5.8
22107,2017-07-15,5.9,1011.3,92,31.9,27.3,1.9,1.2,1.3,2.4,5.6,6.4
22107,2017-07-16,5.9,1013.3,93,32.3,27.6,1.8,1,1.2,2.1,5.8,6.4
22107,2017-07-17,5.4,1013.4,92,32.1,27.7,1.7,1,1.2,2.1,5.3,5.8
22107,2017-07-18,4.9,1010.8,92,32.1,27.7,1.8,1.1,1.3,2.1,5.5,7.1
22107,2017-07-19,2.2,1007.5,91,32.4,28.4,1.4,.8,1.1,1.7,6,7.1
22107,2017-07-20,2.9,1008.2,92,32.8,29.1,1.1,.7,.8,1.4,5.7,6.4
22107,2017-07-21,4.9,1010.2,90,33.2,29,1.4,.9,1.2,2.2,5.2,5.8
22107,2017-07-22,4.5,1010.9,87,33,29.2,1.4,.9,1,1.9,5.3,5.8
22107,2017-07-23,4.8,1007.4,90,33.1,29.4,1.3,.8,.9,1.8,5,5.8
22107,2017-07-24,4.1,1004.5,88,33.8,29.6,1.1,.7,.8,1.5,4.8,5.3
22107,2017-07-25,4.6,1003.9,89,33.3,29.4,1,.6,.7,1.2,4.9,9.1
22107,2017-07-26,7.3,1005.5,90,32,29.1,1.8,1.1,1.6,2.5,4.8,8
22107,2017-07-27,7.5,1007.2,88,32.5,29.2,1.5,.9,1.3,2.2,4.8,7.1
22107,2017-07-28,2.9,1008.4,89,32.9,29.8,.8,.5,.7,1.1,7.5,10.7
22107,2017-07-29,2.2,1007.1,86,33.6,30.3,1.1,.6,1,1.6,10.3,12.8
22107,2017-07-30,6.4,1006.4,84,33.8,30.2,2.6,1.6,2.3,3.8,11.1,12.8
22107,2017-07-31,6.4,1007,89,33.9,30.2,2.9,1.8,2.1,3.5,9,10.7
22107,2017-08-01,5.7,1008.2,86,34.3,30.3,2.8,1.7,2,3.2,8.2,9.1
22107,2017-08-02,8.1,1006.4,84,33.8,30.3,2.5,1.5,1.7,3,7,9.1
22107,2017-08-03,7.8,1003.7,83,33.9,30.2,2.2,1.3,1.7,2.7,8.4,12.8
22107,2017-08-04,5.4,1003.8,85,34.1,30.4,2.1,1.3,1.8,2.8,11.2,12.8
22107,2017-08-05,3.2,1001.5,83,34.1,30.9,2.9,1.8,2.5,4,10.9,12.8
22107,2017-08-06,7.1,999.7,83,34.1,30.8,2.2,1.3,1.6,2.8,8.2,10.7
22107,2017-08-07,5.3,1001,83,34.3,30.8,1.5,.8,.9,1.8,6.7,7.1
22107,2017-08-08,5.1,1000.7,83,34.6,30.8,1.5,.9,1.2,2.1,6.4,8
22107,2017-08-09,6.8,998,85,33.2,30.5,2.7,1.6,2.1,4,6.8,8
22107,2017-08-10,2.8,1001.1,80,33,30.5,2.3,1.4,1.6,2.8,8.1,9.1
22107,2017-08-11,3.5,1005.7,82,32.9,30.4,1.9,1.1,1.3,2.4,7.8,9.1
22107,2017-08-12,5.6,1009.2,78,33.2,29.9,1.6,.9,1.2,2.1,7,8
22107,2017-08-13,10.1,1007.7,81,32.5,29.8,2.2,1.3,1.9,3.4,5.3,7.1
22107,2017-08-14,7.2,1004,88,33.1,29.3,2.8,1.7,2,3.8,6.4,7.1
22107,2017-08-15,4.8,1003.7,85,33,29.3,2,1.2,1.5,2.4,6.4,7.1
22107,2017-08-16,4.2,1006.2,79,32,29.3,1.8,1.1,1.4,2.4,6.3,7.1
22107,2017-08-17,3.8,1008.5,80,31.7,29.4,1.3,.8,.9,1.7,5.8,6.4
22107,2017-08-18,1.9,1011.1,77,31.7,29.5,1,.5,.7,1.7,5.1,5.8
22107,2017-08-19,6,1010.9,86,32,29,1.2,.6,.7,1.5,3.7,4.6
22107,2017-08-20,6.8,1008,84,32.2,29,1.9,1.2,1.4,2.6,5.1,5.8
22107,2017-08-21,5.3,1008.2,86,32,29,1.9,1.2,1.6,2.5,5.5,6.4
22107,2017-08-22,6.1,1012,89,33.7,29.3,2.1,1.3,1.6,2.9,6.2,8
22107,2017-08-23,6.3,1013.1,89,34,29.7,2.7,1.6,1.9,3.4,7.6,9.1
22107,2017-08-24,7.8,1010.2,87,33.8,29.5,2.7,1.6,1.8,3.7,6.9,9.1
22107,2017-08-25,6.1,1008.8,88,32.9,29.4,2.3,1.4,1.7,3.2,6.5,9.1
22107,2017-08-26,7.3,1012.8,68,30.8,28.5,1.7,1,1.3,2.3,5.2,5.8
22107,2017-08-27,3,1014.3,66,31.5,28.5,1.1,.5,.7,1.5,5,5.8
22107,2017-08-28,3.9,1012.3,80,32.6,28.7,.9,.5,.5,1.2,5.7,8
22107,2017-08-29,8.7,1012.4,76,30,28.2,2.2,1.3,2.2,3.8,5.8,8
22107,2017-08-30,10,1011,69,27.9,27.3,3,1.8,2.1,4.4,6.7,8
22107,2017-08-31,10.4,1010.3,79,27.9,26.1,2.5,1.5,1.8,3.7,5.7,6.4
22107,2017-09-01,5.9,1010.4,71,29.4,27.1,2.3,1.4,1.7,2.9,6,7.1
22107,2017-09-02,4.4,1011.5,62,29,27.6,2.3,1.4,1.7,2.7,7.4,9.1
22107,2017-09-03,5.4,1013.5,64,29.3,27.7,2.1,1.2,1.6,2.5,6.6,7.1
22107,2017-09-04,5.9,1012.7,74,30.1,27,2,1.2,1.5,2.7,6,7.1
22107,2017-09-05,5.3,1009.8,89,30,26.7,2.4,1.4,2,3.4,6.9,8
22107,2017-09-06,4.7,1007.7,91,31,27.3,1.1,.6,.8,1.3,5.7,7.1
22107,2017-09-07,7.7,1007.8,84,28.5,27.6,1.7,1,1.3,2.3,4.7,5.8
22107,2017-09-08,6.4,1011.7,77,29.2,27.5,1.3,.8,1,1.7,5,7.1
22107,2017-09-09,2.9,1012.5,73,29.8,27.6,1,.5,.7,1.4,5.9,7.1
22107,2017-09-10,4.9,1011.9,73,31,27.2,.9,.5,.8,1.5,4.1,6.4
22107,2017-09-11,9.1,1007.1,90,29.5,27,2.4,1.5,1.8,3.2,5.8,7.1
22107,2017-09-12,8.8,1014.3,79,28.7,26.4,2.1,1.2,1.7,2.8,4.7,5.8
22107,2017-09-13,9.6,1016.8,68,28.4,25.7,2.5,1.5,1.8,3.3,9.9,12.8
22107,2017-09-14,9.7,1015.4,73,28.8,26.2,4.1,2.6,3.7,5.5,10.9,12.8
22107,2017-09-15,15.1,1011.7,75,28.6,25.9,6.2,3.9,4.6,7.2,10.3,12.8
22107,2017-09-16,12.8,1007,79,28.3,25.5,5.5,3.4,4.2,7.1,9.6,10.7
22107,2017-09-17,10.7,1004.8,82,27.2,24.9,3.9,2.4,2.8,4.8,8.2,10.7
22107,2017-09-18,5.2,1010.5,82,27.4,25.3,2,1.2,2.1,3.5,6.4,9.1
22107,2017-09-19,3.9,1012.7,90,28,26,1,.6,.7,1.4,7.2,9.1
22107,2017-09-20,4.6,1013.3,86,28.2,26.3,.8,.4,.6,1.1,4.8,9.1
22107,2017-09-21,4.6,1013,68,27.4,26.1,1.1,.6,1,1.6,4.3,5.8
22107,2017-09-22,2.9,1012.8,77,28.1,25.8,1.1,.6,.9,1.4,4.7,6.4
22107,2017-09-23,3.3,1016.3,76,27.4,26.2,.8,.4,.6,1,5.1,7.1
22107,2017-09-24,3.6,1015.3,77,28.5,25.5,.8,.4,.5,1.4,4.6,7.1
22107,2017-09-25,6.3,1012.8,75,29.2,24.5,1.3,.9,1.2,2,4.5,8
22107,2017-09-26,7.4,1009.2,89,28.8,23.5,2.1,1.3,1.6,2.7,5.3,6.4
22107,2017-09-27,8.4,1005.2,92,27.3,24.3,2.3,1.4,2.2,4.2,5.9,7.1
22107,2017-09-28,9.1,1011.1,77,26.9,25.4,3,1.8,2.1,3.5,6.6,8
22107,2017-09-29,7.4,1018.4,61,25.4,25.7,1.9,1.1,1.5,2.7,6.1,7.1
22107,2017-09-30,6.2,1021.2,64,28.2,25.3,1.3,.8,1.2,2,4.2,6.4
22107,2017-10-01,9.6,1014.3,85,28.2,23.2,2.5,1.6,2.8,4.9,5.4,7.1
22107,2017-10-02,8.4,1009.7,93,26.7,23.5,3.5,2.2,2.9,4.9,6.8,7.1
22107,2017-10-03,10.3,1016.4,80,25.5,23.5,3.8,2.3,2.9,5,7.3,9.1
22107,2017-10-04,9,1020.2,79,24.7,22.8,3.5,2.1,2.6,4.8,8,9.1
22107,2017-10-05,10.9,1019.5,75,25.9,23.4,3,1.9,2.3,3.8,6.5,9.1
22107,2017-10-06,6.7,1015.8,90,26,23.5,2.1,1.3,1.8,2.8,5.7,7.1
22107,2017-10-07,5.6,1019.2,83,25.7,23.6,1.5,.9,1.1,1.9,4.9,9.1
22107,2017-10-08,3.9,1021.6,87,27.6,23.5,1,.6,.8,1.6,6.4,9.1
22107,2017-10-09,3.3,1021.3,92,28.1,23.3,.8,.5,.7,1,6.1,9.1
22107,2017-10-10,1.9,1019.4,91,28.4,23.9,.9,.5,.7,1.2,6.3,7.1
22107,2017-10-11,6.1,1017.4,88,26.2,23.8,1.8,1,2.3,4.2,6.5,8
22107,2017-10-12,10.9,1017.7,79,22.7,22.9,3.7,2.2,2.6,4.5,7.3,8
22107,2017-10-13,11.3,1019.2,64,22.5,22.3,3.1,1.9,2.2,4,6.1,7.1
22107,2017-10-14,8.2,1021.1,70,23.8,22.4,3.1,1.8,2.3,3.7,6.1,7.1
22107,2017-10-15,7,1021.9,78,23.9,22.1,3.7,2.3,2.9,5.7,7.4,9.1
22107,2017-10-16,7.3,1021.7,81,23.6,21.6,3.7,2.3,2.6,4.7,7.6,9.1
22107,2017-10-17,7.4,1020.8,75,24.9,21.3,3.3,2,2.4,3.8,7.4,9.1
22107,2017-10-18,7.5,1018.7,75,25,21.4,3.5,2.2,2.8,4.5,8.2,9.1
22107,2017-10-19,6.8,1016.8,75,24,21.5,2.3,1.5,2,3.2,7.5,9.1
22107,2017-10-20,7.9,1016.3,73,25.1,22.7,2,1.2,1.5,2.8,6.5,8
22107,2017-10-21,10.6,1013.7,71,25.1,22.1,3.3,2,2.4,4.6,6.3,12.8
22107,2017-10-22,11.2,1008.2,69,24.6,22.7,4.5,2.8,3.7,5.9,7.1,10.7
22107,2017-10-23,5,1016.2,64,23.9,21.9,3.3,2,3.1,5,9.3,12.8
22107,2017-10-24,4.4,1022.9,68,23.6,22.1,1.7,1.1,1.3,2.1,7.9,10.7
22107,2017-10-25,7.2,1024.2,69,22.5,22.3,1.6,.9,1,1.9,4.7,10.7
22107,2017-10-26,2.5,1020.4,69,23.6,22.5,1,.6,.7,1.3,4.5,5.3
22107,2017-10-27,5.4,1018,73,24.1,22.3,1.2,.7,.8,1.5,3.8,8
22107,2017-10-28,7.4,1016,78,25.1,22.5,2.6,1.6,2.4,4,8.7,12.8
22107,2017-10-29,13.7,1017.8,73,21.4,22.7,5.6,3.4,5.3,8.1,7.5,10.7
22107,2017-10-30,12.5,1024.8,67,18.5,22.4,5.6,3.4,4.7,8.2,8.6,10.7
22107,2017-10-31,6,1025.1,67,20,22.5,1.9,1.2,2.1,3.7,6.1,8
22107,2017-11-01,2.2,1022.4,65,21.1,22.5,.8,.4,.6,1,6.6,10.7
22107,2017-11-02,2.7,1019.2,67,19.8,22.5,.7,.4,.5,1,6,9.1
22107,2017-11-03,7.7,1020.9,73,17.4,22.7,1.7,1.1,2.9,4.7,5.5,10.7
22107,2017-11-04,11,1027.9,61,13.2,22.1,4.4,2.7,3.3,5.9,7.9,9.1
22107,2017-11-05,3.8,1028.3,65,14.8,22.3,1.7,1.1,1.7,2.7,6,8
22107,2017-11-06,3.1,1024.4,70,18.9,22.4,.9,.5,.6,1.2,6.2,9.1
22107,2017-11-07,5.1,1020.7,83,21.8,22.5,1.2,.7,1,1.6,4.9,5.8
22107,2017-11-08,,1020.3,76,18.2,22.4,2.8,1.7,2.9,4.7,5,7.1
22107,2017-11-09,8.1,1022.2,68,17.1,22,2.3,1.5,2.1,3.8,6.3,8
22107,2017-11-10,8.2,1017.8,70,20,21.9,1.7,1,2.4,4.1,4.2,5.8
22107,2017-11-11,10.5,1020.8,65,13.3,21.4,4.4,2.8,3.9,6.4,7.3,9.1
22107,2017-11-12,5.1,1020.6,69,13.8,21.3,1.8,1.1,1.6,2.7,6.2,8
22107,2017-11-13,3.2,1018.5,69,15.8,21.5,.9,.5,.6,1.2,4.9,9.1
22107,2017-11-14,7.4,1019.2,62,16,21.4,1.7,1.1,1.3,2.4,4.4,5.8
22107,2017-11-15,5.4,1022.4,57,13.7,21.3,1.7,1.1,1.4,2.2,5.4,7.1
22107,2017-11-16,4.6,1023.6,60,13.5,21.2,1.2,.7,1,1.7,5.4,6.4
22107,2017-11-17,6.3,1017.8,66,16.2,21,1.2,.7,1,1.8,3.9,5.8
22107,2017-11-18,15.5,1019.5,75,10.8,20.7,6,3.6,4.8,10,7.7,9.1
22107,2017-11-19,8.7,1026.6,65,10.8,20.3,3.3,2,3.4,5.6,7.3,9.1
22107,2017-11-20,6.9,1026.5,65,12.1,20.3,1.7,1.1,1.3,2.1,4.9,7.1
22107,2017-11-21,2.2,1025.5,58,14.2,20.2,1.3,.8,1.1,1.8,5.6,6.4
22107,2017-11-22,5.8,1019.3,68,15.4,20.3,1.4,.9,2.4,3.7,5.3,9.1
22107,2017-11-23,9.4,1022.6,58,12.4,20.4,4.1,2.5,3,5.4,7.2,8
22107,2017-11-24,8.5,1025.8,54,13.6,20.3,3.6,2.2,2.5,4.8,7.1,8
22107,2017-11-25,4.6,1026.8,57,15.3,20,1.9,1.1,1.7,2.9,6,8
22107,2017-11-26,,1024,65,17.1,19.7,2.3,1.4,1.9,3.2,5.4,6.4
22107,2017-11-27,6.3,1025.4,75,12.4,20.1,2.1,1.2,1.9,3.2,6,6.4
22107,2017-11-28,1.4,1022.1,87,18,20,1,.6,.7,1.2,6.4,9.1
22107,2017-11-29,10,1022.6,76,14.7,19.9,2.7,1.6,2.8,5.2,5.7,8
22107,2017-11-30,12.6,1024.8,72,9.3,19.7,4.8,2.9,3.4,5.9,7.3,9.1
22107,2017-12-01,,1029.2,66,8.4,19.6,2.7,1.6,2.8,3.8,5.6,7.1
22107,2017-12-02,3.3,1028,61,10,19.6,1.4,.8,1.5,2.4,5.5,10.7
22107,2017-12-03,2.6,1024.1,61,12.8,19.8,.8,.5,.6,.9,8.6,10.7
22107,2017-12-04,10,1022,68,10.9,19.3,2.9,1.8,3.3,5,5.3,8
22107,2017-12-05,10.9,1022.8,70,7.2,18.9,4.2,2.5,2.8,5.6,7,9.1
22107,2017-12-06,3.7,1024,51,10.1,18.7,2.3,1.4,2.4,3.7,6.7,8
22107,2017-12-07,5.9,1021.8,54,11.7,18.7,1.4,.9,1.4,2.5,4.8,5.8
22107,2017-12-08,12.3,1023.7,65,7.6,18.5,4.7,2.8,3.4,6,7.3,9.1
22107,2017-12-09,5.8,1021.4,57,10.5,18.6,2.2,1.4,1.9,2.8,6.1,7.1
22107,2017-12-10,10,1016.7,61,12.5,18.3,3.2,2,2.9,4.8,6,7.1
22107,2017-12-11,11.2,1023.4,62,8,18.2,4.9,2.9,3.7,6.1,7.6,9.1
22107,2017-12-12,9.3,1028.1,66,5.4,18.3,3.7,2.3,3,4.9,7.2,8
22107,2017-12-13,10.4,1029.6,68,5.9,18.1,2.9,1.8,2.1,3.3,5.9,7.1
22107,2017-12-14,5.9,1028.6,63,7.6,17.8,2.1,1.3,2,3,5.8,6.4
22107,2017-12-15,8.1,1025.8,61,9.3,17.7,1.7,1.1,1.5,2.5,4.3,5.3
22107,2017-12-16,12.4,1027,68,7.8,17.5,4.9,3,5.5,9.9,6.8,9.1
22107,2017-12-17,10.2,1030.2,69,5.8,17.4,4.4,2.8,4.6,7.6,8.4,9.1
22107,2017-12-18,6.4,1029.8,58,8.6,17.6,2.2,1.4,1.9,3,6,7.1
22107,2017-12-19,10.3,1030.9,61,7.8,17.4,3.5,2.1,2.7,4.8,6.7,8
22107,2017-12-20,6,1031.8,58,7.3,17.3,1.8,1.2,1.9,3.2,5.9,8
22107,2017-12-21,5.7,1031.2,55,8.9,17.3,1.8,1.1,1.7,2.8,5.6,6.4
22107,2017-12-22,2.9,1027.3,56,11.4,17.3,.8,.5,.6,1,5.2,9.1
22107,2017-12-23,3.5,1023.4,63,13.9,17.3,.7,.5,.8,1.1,6.3,9.1
22107,2017-12-24,11.9,1015.8,67,13.2,17.2,4,2.4,4.7,8.1,6,9.1
22107,2017-12-25,10.6,1023.7,62,7.4,17.1,5,3.1,4.6,7.5,8.8,9.1
22107,2017-12-26,9.8,1026.1,62,8.4,17.1,3,1.8,2.3,3.5,6.1,8
22107,2017-12-27,9.9,1029,66,5.8,16.9,3.2,2,2.4,4.3,6.3,7.1
22107,2017-12-28,8.3,1027.9,65,8.1,16.9,1.9,1.2,1.6,2.4,4.8,6.4
22107,2017-12-29,7.9,1027.4,64,10.6,16.8,1.5,.9,1.2,2.4,3.9,4.6
22107,2017-12-30,4.5,1024.7,68,11.8,16.7,1,.6,1.1,1.8,4,4.6
22107,2017-12-31,10,1023.9,64,9.2,16.7,3,1.9,2.3,3.5,6.2,7.1
22107,2018-01-01,7.7,1027.4,57,7.9,16.7,2,1.2,1.6,2.6,5.2,6.4
22107,2018-01-02,5.1,1028.1,54,9.7,16.6,1.2,.7,1.2,1.8,3.8,5.3
22107,2018-01-03,11.4,1028.7,72,6.9,16.6,3,1.8,2.4,4.1,5.8,7.1
22107,2018-01-04,10.4,1024.8,76,6,16.4,2.9,1.8,2.4,4.3,6.3,8
22107,2018-01-05,9.8,1020.9,76,8.2,16.3,2.7,1.7,2.3,3.9,5.8,8
22107,2018-01-06,9.7,1022.9,69,8.8,16.2,2.7,1.8,2.4,3.9,6.1,7.1
22107,2018-01-07,6.6,1018.6,78,13.1,16.1,1.6,1,1.4,2.1,5.2,6.4
22107,2018-01-08,10.7,1012,86,12,16.1,3,1.8,3.1,5.3,5.5,7.1
22107,2018-01-09,12.5,1017.3,67,8.1,15.9,6.4,4,5.2,8.8,8.7,9.1
22107,2018-01-10,13.1,1020.8,79,6.1,16,7.4,4.4,5.7,9.7,8.8,10.7
22107,2018-01-11,11.3,1026.6,80,3.3,16.1,6,3.6,4.8,7.7,8.7,9.1
22107,2018-01-12,9.6,1030.8,77,4.4,16.2,4.3,2.6,3.2,6.3,7.7,8
22107,2018-01-13,5.7,1032.4,57,6.6,16.1,1.8,1.1,1.6,2.8,5.3,8
22107,2018-01-14,5.1,1028.7,63,10.7,16.1,1.1,.7,.8,1.5,3.9,5.3
22107,2018-01-15,4.4,1024.6,70,13.3,16.2,1.1,.7,.8,1.5,4.1,6.4
22107,2018-01-16,6.9,1015.9,87,15,16.3,1.6,1,1.5,2.3,4.4,5.8
22107,2018-01-17,8.3,1017.6,79,10.8,16.1,2.4,1.5,1.9,3.3,6.1,8
22107,2018-01-18,7.1,1022.9,70,10.2,15.9,1.6,1,1.1,1.9,5.3,8
22107,2018-01-19,9,1022.6,60,8.5,15.8,1.8,1.1,1.3,2.1,4.6,5.3
22107,2018-01-20,9.1,1022,57,9.1,15.6,1.7,1,1.3,2.1,4.4,4.9
22107,2018-01-21,6.9,1020.8,56,10.3,15.5,1.4,.9,1,1.6,4,4.6
22107,2018-01-22,7,1016.9,68,10.1,15.5,1.6,1,2.5,3.7,4.5,6.4
22107,2018-01-23,10.5,1022.3,73,4.3,15.4,3.7,2.3,2.8,5,7,8
22107,2018-01-24,9.7,1026.2,75,1,15.3,3.3,2.1,2.5,3.9,6.4,8
22107,2018-01-25,,1027,79,1,15.3,4.5,2.8,3.6,6.7,7.2,8
22107,2018-01-26,,1027.1,76,1.1,15.1,5.8,3.6,4.1,6.7,8,9.1
22107,2018-01-27,7.5,1025.4,75,3.2,15.2,3,1.9,3,4.5,6.9,9.1
22107,2018-01-28,,1021.6,74,4.9,15.2,2.6,1.7,2.7,4.2,5.8,7.1
22107,2018-01-29,11.7,1023.4,66,3.9,15,4.3,2.7,3.3,6,7.4,9.1
22107,2018-01-30,7.7,1026.6,65,4,15,2.7,1.7,2.7,4.3,6.6,8
22107,2018-01-31,5.7,1026.9,62,6.1,15.1,1.3,.8,1.2,1.9,5,6.4
22107,2018-02-01,8.6,1026.8,64,6.1,15.1,1.8,1.2,1.5,2.4,4.7,5.8
22107,2018-02-02,10.1,1027.8,62,5.2,15,2.5,1.5,2.2,3.4,5.5,6.4
22107,2018-02-03,,1028,78,3.4,14.9,4.4,2.7,3.4,6,7.2,9.1
22107,2018-02-04,,1028.3,82,1,14.7,5.2,3.2,3.7,6.7,7.8,9.1
22107,2018-02-05,11.4,1026.6,73,2.7,15,4.2,2.6,3.4,5.2,7,8
22107,2018-02-06,10.3,1025.6,82,1.2,14.9,4.1,2.6,3.1,5.3,7.1,8
22107,2018-02-07,4.9,1025.5,65,3.3,14.9,2.1,1.3,2.4,3.8,6.6,8
22107,2018-02-08,4.2,1022.6,61,6.1,14.9,1.9,1.2,1.6,2.8,5.7,7.1
22107,2018-02-09,3.3,1022.8,61,7.5,14.8,1.1,.7,1.1,1.8,5.3,9.1
22107,2018-02-10,8.5,1021.9,68,7.7,14.9,2.3,1.5,2.9,4.7,5.1,9.1
22107,2018-02-11,11.9,1024.8,56,4.6,14.8,4.4,2.7,3.5,6.1,7.1,8
22107,2018-02-12,11.4,1025.3,62,4.4,14.6,4.9,3,3.4,6,7.6,9.1
22107,2018-02-13,7.3,1025.6,51,6.6,14.6,3.5,2.1,4,5.8,7.5,8
22107,2018-02-14,8.9,1019.8,78,11.6,14.7,3.1,1.9,2.3,4.3,6,7.1
22107,2018-02-15,9.8,1018.8,70,8.6,14.6,2.8,1.7,2.2,3.8,6.2,8
22107,2018-02-16,8.6,1018.2,64,7.4,14.6,2.3,1.4,1.9,3.1,5.7,7.1
22107,2018-02-17,,,,,,,,2.3,3.5,,7.1
22107,2018-02-18,5.2,1023.5,65,9.4,14.4,1.5,.9,1.5,2.3,4.9,9.1
22107,2018-02-19,5.3,1021.4,62,9.8,14.4,1.5,.9,1.2,2.1,5,8
22107,2018-02-20,7.2,1021,61,10,14.4,2,1.2,1.8,2.9,5.2,5.8
22107,2018-02-21,10.3,1022.1,59,6.8,14.2,3,1.8,2.3,4.1,6.1,7.1
22107,2018-02-22,7.3,1023.3,47,6.5,14.1,1.9,1.2,2,3.2,5.7,9.1
22107,2018-02-23,4.7,1024.9,64,9.6,14.1,1.3,.8,1,1.9,4.9,7.1
22107,2018-02-24,3.1,1026.2,56,11.6,14.2,.9,.6,.8,1.4,4.4,5.3
22107,2018-02-25,7.3,1023.4,71,10,14,2,1.3,1.8,2.8,6.1,8
22107,2018-02-26,6.1,1024.2,61,9.8,14,1.7,1,1.7,2.7,5.3,8
22107,2018-02-27,3.9,1023,60,12.6,14.2,.9,.5,.9,1.6,6.1,8
22107,2018-02-28,12.9,1006.4,87,12.3,14,4.3,2.7,5.1,8.3,6.2,9.1
22107,2018-03-01,12.1,1015.1,72,7.8,13.9,4.8,3,4.7,7.4,7.2,9.1
22107,2018-03-02,5.6,1018.1,73,6.9,13.9,2.4,1.5,3,4.4,7.2,9.1
22107,2018-03-03,6.8,1013.6,87,13.2,14,1.5,1,1.4,2.2,5,6.4
22107,2018-03-04,6.2,1011.3,98,14.8,14.1,2.3,1.4,1.7,2.9,6.9,8
22107,2018-03-05,8.6,1012.8,91,10.9,14.1,3.9,2.4,3.4,5.8,7.4,9.1
22107,2018-03-06,7.4,1026.7,67,10.5,14.3,3.5,2.1,3.1,5.4,7.9,9.1
22107,2018-03-07,11.8,1021.7,79,11.2,14,3.9,2.3,2.8,5.1,7.2,8
22107,2018-03-08,,1017.3,83,7.8,14.3,5.6,3.3,4,6.8,7.4,8
22107,2018-03-09,8,1024,73,6.4,14.1,3.6,2.1,3,5.2,7.7,9.1
22107,2018-03-10,3.5,1025.5,64,8.1,14.3,1.5,.9,1.3,2.3,6.4,8
22107,2018-03-11,3.2,1026.1,68,10.1,14.4,.9,.5,.6,1.1,7.9,10.7
22107,2018-03-12,4.2,1023.4,70,12.6,14.6,.9,.6,.8,1.3,6.7,10.7
22107,2018-03-13,5.3,1020.9,85,14.9,14.4,1.2,.8,.9,1.5,4.5,10.7
22107,2018-03-14,5.1,1020.1,92,15.7,14.6,1.1,.6,.8,1.4,6,10.7
22107,2018-03-15,7.4,1014.5,96,15.2,14.6,2.1,1.3,1.7,3.2,5,5.8
22107,2018-03-16,10,1020.8,80,10.4,14.4,4,2.5,3,5.1,7.8,9.1
22107,2018-03-17,6.9,1025.9,70,10.6,14.5,2.8,1.7,2,3.7,6.9,9.1
22107,2018-03-18,7.6,1018.3,90,14.8,14.5,2,1.2,1.5,2.6,6,9.1
22107,2018-03-19,7.4,1011.3,94,12.5,14.5,2.1,1.3,2.3,3.6,5.5,7.1
22107,2018-03-20,16.3,1013.9,78,11,14.9,5.4,3.2,4.1,6.6,7.7,10.7
22107,2018-03-21,9.6,1013.2,82,6.9,14.9,3.5,2.1,3.2,4.9,7.6,10.7
22107,2018-03-22,8.5,1015.8,75,7.6,14.2,2.6,1.6,2.4,4.6,5.7,6.4
22107,2018-03-23,4.5,1020.7,65,10.1,14.4,1,.6,.7,1.3,6.1,10.7
22107,2018-03-24,3.5,1024.1,80,12.7,14.9,.7,.4,.5,.9,4.3,9.1
22107,2018-03-25,2.2,1025.8,81,13.8,15.2,.5,,.4,.7,8.5,10.7
22107,2018-03-26,1.6,1023,74,14.8,15.7,.4,,.3,.6,9.8,10.7
22107,2018-03-27,2.2,1020.1,76,15.1,15.8,.5,.3,.4,.6,9.7,10.7
22107,2018-03-28,3,1018.6,91,16.1,16,.6,.4,.5,.8,8.7,10.7
22107,2018-03-29,2,1020.1,92,15.5,16.3,.7,.5,.6,1,8.5,9.1
22107,2018-03-30,7.6,1022.3,82,15.1,16.1,1.7,1,1.6,2.8,6.5,9.1
22107,2018-03-31,6.9,1020.5,83,15.7,15.9,1.6,1,1.4,2.6,6.8,9.1
22107,2018-04-01,3.5,1017.5,94,17,16.3,1.3,.8,1,1.8,8.5,9.1
22107,2018-04-02,3.3,1016.7,96,17.6,16.9,1.5,.9,1,1.8,9.3,10.7
22107,2018-04-03,3.8,1017.7,95,17.9,17.2,1.2,.7,.8,1.7,9.4,10.7
22107,2018-04-04,3.2,1016.7,95,17.7,17.5,1.4,.9,1.6,2.5,9.1,10.7
22107,2018-04-05,8,1014.1,96,17.1,16.8,2.1,1.3,1.7,3,7.3,10.7
22107,2018-04-06,,1013.9,77,11.8,16.4,4.5,2.7,3.7,6.6,7,10.7
22107,2018-04-07,11.7,1020.4,58,8.6,15.3,5.8,3.6,4.5,7.5,8.4,9.1
22107,2018-04-08,9.8,1019,64,11.9,15.4,3.4,2.1,3.3,4.9,6.7,8
22107,2018-04-09,5.7,1018.5,79,14.3,15.9,2.7,1.7,3.1,5.3,6.4,7.1
22107,2018-04-10,8.2,1015.2,83,16.8,16,2.1,1.3,2.1,3.1,5.2,6.4
22107,2018-04-11,6.4,1012.7,86,15.5,16,2.5,1.5,2.2,3.9,5.9,6.4
22107,2018-04-12,5.3,1017.8,61,16.5,16.1,1.4,.9,1.3,2,5.5,6.4
22107,2018-04-13,11.7,1018.5,64,16.4,15.9,2.8,1.7,2.6,4.9,5.2,8
22107,2018-04-14,12.1,1007.9,92,13.9,15.9,3.8,2.3,3.2,5.4,6.7,9.1
22107,2018-04-15,10.2,1015.5,68,11.9,15.5,3,1.9,3.1,5.4,6,7.1
22107,2018-04-16,7.2,1019.6,68,12.4,15.4,2,1.2,2,3.8,5.3,6.4
22107,2018-04-17,3.7,1020.1,80,14.2,15.8,.9,.5,.7,1.3,5,9.1
22107,2018-04-18,2.6,1019.1,70,13.4,16,.6,.3,.4,.7,6.4,9.1
22107,2018-04-19,2.6,1019.4,74,14.2,16.2,.6,.3,.4,.7,7.3,9.1
22107,2018-04-20,2,1020.5,72,16.1,16.8,.6,.4,.4,.7,7.9,9.1
22107,2018-04-21,5.5,1018.7,91,17.2,16.7,.9,.5,.8,1.4,4.7,8
22107,2018-04-22,5.6,1015.1,97,17.7,16.6,1.3,.8,1.2,2.2,4.8,9.1
22107,2018-04-23,5.1,1010.6,99,17.6,16.7,2.2,1.3,1.5,2.5,5.8,6.4
22107,2018-04-24,5.1,1007.8,96,15.1,16.7,2.5,1.6,2.1,3.6,6.3,7.1
22107,2018-04-25,2.7,1013.4,82,14.8,16.9,2,1.2,1.6,2.8,6,8
22107,2018-04-26,3.2,1015.4,79,15.7,17.1,.9,.6,.8,1.3,5.9,9.1
22107,2018-04-27,4.8,1016.5,82,15.3,17.2,.9,.5,.8,1.3,3.9,8
22107,2018-04-28,1.3,1017.7,86,16.1,17.5,.5,.3,.4,.7,7.3,9.1
22107,2018-04-29,3.2,1015,85,15.9,17.4,.6,.4,.5,.8,8.1,9.1
22107,2018-04-30,6.3,1014.5,95,17.6,17.5,1.4,.9,1.1,2,4.7,9.1
22107,2018-05-01,4.9,1013,,18.2,17.6,1,.6,.8,1.3,4.7,5.3
22107,2018-05-02,6.8,1008.6,,16.6,17.7,1.9,1.2,3,4.5,5.4,7.1
22107,2018-05-03,9.7,1015.3,,15.1,16.7,3.1,1.9,2.6,4.3,6.2,8
22107,2018-05-04,6.3,1018.8,60,15.5,16.8,1.6,1,1.2,2.1,4.7,6.4
22107,2018-05-05,6.7,1018,82,17.4,16.9,1.6,1,1.3,2.3,4.5,4.9
22107,2018-05-06,8.1,1007.6,96,17.4,17.1,3,1.9,2.8,4.3,6.2,7.1
22107,2018-05-07,5.2,1004.6,95,17.1,17.1,2.6,1.6,2,3.5,6.8,7.1
22107,2018-05-08,8.4,1010.3,83,16.6,17.1,3,1.9,2.3,3.8,6.5,9.1
22107,2018-05-09,5.1,1020.2,75,15.9,17.3,2.5,1.5,2.1,4,6.7,9.1
22107,2018-05-10,3.2,1023.3,78,15.6,17.5,1.4,.8,1,1.9,5.9,9.1
22107,2018-05-11,5,1018.6,88,17.1,17.7,1.1,.7,.8,1.3,6.9,10.7
22107,2018-05-12,7.5,1012,88,18.7,17.7,1.8,1.1,1.3,2.4,4.8,8
22107,2018-05-13,5.6,1009.3,95,16.2,17.6,1.4,.9,1.4,2.1,4.3,5.3
22107,2018-05-14,2.9,1012.2,90,18.2,18.1,.7,.4,.7,1.1,6,9.1
22107,2018-05-15,5.6,1011.2,,19.3,18.3,.8,.5,.9,1.4,7,10.7
22107,2018-05-16,7.4,1008,,19.7,18.2,1.9,1.2,1.5,2.5,5.3,6.4
22107,2018-05-17,7.3,1006,,19.8,18.4,2.6,1.6,2,3.1,6.3,7.1
22107,2018-05-18,5.2,1006.4,,18.1,18.5,1.9,1.2,1.6,2.7,6.3,7.1
22107,2018-05-19,11.9,1011.9,,16.8,18.1,2.9,1.8,2.6,4.1,5.8,7.1
22107,2018-05-20,13.9,1012.9,78,16.9,17.7,4,2.4,2.9,5.5,6.4,9.1
22107,2018-05-21,9,1015.3,86,17.8,17.9,2.9,1.8,2.3,4,7.1,9.1
22107,2018-05-22,7,1011.8,93,18.3,18.2,2.1,1.3,1.6,2.6,7.5,10.7
22107,2018-05-23,9.9,1008.2,88,16.6,18,3.2,2,3,4.8,6.3,8
22107,2018-05-24,3.6,1011.3,79,18.1,18.5,1.3,.8,1.5,2.6,5.4,8
22107,2018-05-25,3.6,1008.6,85,18.7,18.5,.6,.4,.6,1,5.7,9.1
22107,2018-05-26,5.9,1008.1,90,17.9,18.1,1.7,1,1.5,2.4,4.8,6.4
22107,2018-05-27,2.2,1010.8,93,18.9,18.6,1.7,1,1.3,2.4,6.4,7.1
22107,2018-05-28,4.3,1009.4,97,18.8,18.6,1.5,1,1.5,2.3,6.4,7.1
22107,2018-05-29,1.3,1011.6,96,19.5,19.4,1.3,.8,1,1.8,5.9,7.1
22107,2018-05-30,2.1,1011.6,98,19.3,19.6,.6,.4,.5,.8,5.8,9.1
22107,2018-05-31,5.8,1012.6,89,18.1,19.2,.8,.5,.7,1.3,3.7,8
22107,2018-06-01,4.5,1015.2,89,18.9,19.6,.8,.5,.6,1,3.6,7.1
22107,2018-06-02,2.6,1015.3,84,20.8,20.5,.5,.3,.5,.7,5.5,9.1
22107,2018-06-03,1.8,1014.2,89,20.9,20.8,.6,.3,.4,.8,7.2,9.1
22107,2018-06-04,4.2,1013.1,92,21.5,21.1,.9,.5,.8,1.3,5.8,9.1
22107,2018-06-05,5.4,1011.2,93,20.6,21.3,1.5,1,1.4,2.4,5,7.1
22107,2018-06-06,1.5,1012.7,89,21.2,22.3,1.1,.7,1.3,1.8,5.9,9.1
22107,2018-06-07,2.6,1012,89,21.3,22.7,.7,.4,.5,.9,6.9,9.1
22107,2018-06-08,6.4,1008.8,90,20.2,21.6,1.2,.7,.9,1.6,3.5,4
22107,2018-06-09,7.6,1005.4,88,21.2,21.6,1.8,1.2,1.9,3,4.9,8
22107,2018-06-10,9.1,1002,87,21.1,21.5,3,1.8,2.2,3.8,6.6,10.7
22107,2018-06-11,3.1,1001.2,89,20.1,21.3,1.9,1.2,1.6,2.6,8.3,10.7
22107,2018-06-12,3.8,1004.3,84,20.6,21.6,1.3,.8,.9,1.5,8.9,10.7
22107,2018-06-13,6,1006.6,83,21.2,21.7,1.3,.8,1.1,1.9,7.9,10.7
22107,2018-06-14,8.4,1005.8,87,21.5,21.6,2,1.2,1.6,2.6,5.3,9.1
22107,2018-06-15,9,1008.4,84,21.2,21.9,2.5,1.6,2,3.5,5.6,8
22107,2018-06-16,9.8,1010.7,79,20.5,21.7,2.8,1.7,2,3.6,6.1,9.1
22107,2018-06-17,4.9,1009.9,87,20.9,21.7,2,1.3,1.6,2.7,8.1,9.1
22107,2018-06-18,2.3,1007.8,92,21.5,21.9,1.4,.9,1.2,2.1,8.4,9.1
22107,2018-06-19,5.5,1004.3,97,21.3,21.7,1.5,.9,1.2,2.3,6.4,9.1
22107,2018-06-20,5.5,1004.4,92,21.3,21.7,1.9,1.1,1.5,2.6,6.9,9.1
22107,2018-06-21,5.7,1007.7,91,21.3,21.8,2,1.2,1.5,2.4,8,9.1
22107,2018-06-22,2.6,1008.8,88,22.1,22.2,1.3,.8,1.1,1.7,7.2,8
22107,2018-06-23,3.5,1007.2,83,21.1,22.6,.9,.5,.7,1.1,6.4,7.1
22107,2018-06-24,3.7,1009.8,84,22.5,22.7,1.5,.9,1.1,1.9,6.2,7.1
22107,2018-06-25,3.6,1011.1,93,23.1,23,1.2,.7,.9,1.6,6.2,7.1
22107,2018-06-26,7.8,1008.3,97,24,23.1,2.3,1.4,2.2,3.6,5.5,6.4
22107,2018-06-27,7.6,1005.5,96,23.8,22.9,3.4,2.1,2.6,4.8,6.8,8
22107,2018-06-28,6,1002,98,23.4,22.8,2.6,1.6,2.1,3.7,6.4,8
22107,2018-06-29,4.6,1004,95,23.3,22.9,2.1,1.3,1.6,2.7,6.5,7.1
22107,2018-06-30,5.2,1008.4,97,23.7,23.1,1.9,1.2,1.4,2.4,6.1,7.1
22107,2018-07-01,6.6,1007.8,96,24.3,23.2,2.3,1.4,1.8,2.8,6.8,8
22107,2018-07-02,6.4,1005.1,94,24.8,23.6,3.1,1.9,2.7,4.9,8.4,10.7
22107,2018-07-03,8.3,996.3,90,24.8,23.6,5.4,3.3,5.8,8.8,10.5,12.8
22107,2018-07-04,3.1,1000.3,94,24.5,24.2,2.2,1.4,2,2.9,8.5,10.7
22107,2018-07-05,4.3,1001.8,96,24,24.2,2,1.2,1.5,2.5,8.3,9.1
22107,2018-07-06,8.9,1003.4,93,23.5,23.5,2.7,1.7,2,3.4,7.6,9.1
22107,2018-07-07,12.2,1007.6,87,21.7,22.9,3.2,2,2.3,3.7,6.3,8
22107,2018-07-08,9.9,1010.1,92,22,22.8,2.8,1.7,2.1,3.3,6.1,7.1
22107,2018-07-09,6.4,1012.9,97,23.4,23.1,2.2,1.4,1.7,3,9.3,12.8
22107,2018-07-10,7.3,1013.6,94,24.4,23.3,2.9,1.8,2.4,3.9,13.1,16
22107,2018-07-11,6.3,1014.3,96,25,23.6,3.7,2.4,2.7,4.7,10.7,12.8
22107,2018-07-12,3.6,1014,99,25.2,24.1,3.4,2.1,3.1,5.1,9.5,10.7
22107,2018-07-13,2.4,1013.2,99,25.3,24.8,1.9,1.2,1.6,2.6,7.4,8
22107,2018-07-14,2.2,1012.3,96,26,25.6,1.1,.7,.8,1.5,6.3,7.1
22107,2018-07-15,1.8,1012.7,92,26.8,26.5,.9,.5,.6,1.1,6.3,7.1
22107,2018-07-16,2.6,1012.9,92,26.8,26.7,.8,.5,.5,1.1,6.7,9.1
22107,2018-07-17,2.4,1012.4,90,27.4,27.2,1,.6,.7,1.3,8.4,9.1
22107,2018-07-18,2.4,1011.9,86,27.8,27.7,1,.6,.6,1.2,7.2,8
22107,2018-07-19,2.9,1011,84,27.3,28,1,.6,.7,1.4,7.5,9.1
22107,2018-07-20,3,1008.9,78,28.2,28.6,.9,.5,.7,1.2,7.9,9.1
22107,2018-07-21,7.1,1007,85,28.9,28.3,2.4,1.5,3.2,5.1,8.4,10.7
22107,2018-07-22,10.3,1005.5,88,27.9,26.8,6,3.8,5,7.7,9.8,10.7
22107,2018-07-23,5.7,1008.3,94,27.2,26.6,3,1.9,2.9,4.6,7.3,9.1
22107,2018-07-24,4.8,1008.1,95,27.3,26.9,2.3,1.4,1.8,2.8,7.3,9.1
22107,2018-07-25,3.6,1008.3,94,27,27.2,1.6,1,1.3,2.2,6.4,8
22107,2018-07-26,2.1,1007.9,90,27.8,28.2,1,.6,.8,1.2,6.1,9.1
22107,2018-07-27,3.3,1007.7,85,28.2,28.6,.8,.4,.6,1.1,7.1,9.1
22107,2018-07-28,5.6,1006,91,27.8,28.2,.9,.6,.7,1.1,4.3,8
22107,2018-07-29,5.1,1002.7,94,27.8,28,1.1,.6,.8,1.4,4.2,8
22107,2018-07-30,3.9,1001.9,83,28.5,28.4,1.6,1,1.2,2.1,5.2,7.1
22107,2018-07-31,5.8,1003,82,28.5,28.2,1.6,1,1.3,2.1,5.7,7.1
22107,2018-08-01,5.3,,,,,1.6,1,1.4,2.1,4.7,6.4
22107,2018-08-02,7.3,1003.4,83,28.8,28.1,2.2,1.4,2.5,4,5.8,7.1
22107,2018-08-03,8.4,1005.6,89,28.4,28.2,3.7,2.3,3.2,5.6,7.9,9.1
22107,2018-08-04,3.7,1008.6,91,28.2,28.5,2.1,1.4,2,3,6.7,8
22107,2018-08-05,2.5,1008.6,87,28.5,29.1,1.2,.7,1.1,1.6,5.9,7.1
22107,2018-08-06,4.3,1006.9,88,28.9,28.6,1,.6,.8,1.4,4.1,5.8
22107,2018-08-07,2.8,1007,87,28.9,28.7,.9,.5,.8,1.4,5.2,9.1
22107,2018-08-08,2.6,1006.9,77,29.1,29.1,1.3,.8,1,1.7,5.9,9.1
22107,2018-08-09,4.6,1005.3,88,29,28.9,1,.6,.8,1.3,4.9,9.1
22107,2018-08-10,2.9,1003.7,87,29.3,29.1,.8,.4,.6,1,5.3,9.1
22107,2018-08-11,6.4,1003.4,85,29,29,1.4,.8,1.4,2.3,4.2,5.3
22107,2018-08-12,7.9,1005,88,29.2,28.9,2.3,1.4,2.4,3.8,6.3,9.1
22107,2018-08-13,8,1008.4,88,29,28.8,3.7,2.3,2.9,5.2,8.1,9.1
22107,2018-08-14,5.8,1008.8,84,29.3,28.7,3,1.8,2.3,3.5,7.8,8
22107,2018-08-15,4.8,1005.8,83,29.5,28.9,2.4,1.5,1.8,3.1,7.7,9.1
22107,2018-08-16,11,1003.1,86,28.5,28.8,5.3,3.2,4.2,8,8.5,10.7
22107,2018-08-17,13.4,1006.8,80,27.7,28.7,5.2,3.1,4.1,6.3,8.2,9.1
22107,2018-08-18,9.1,1008.9,77,27.2,28.2,3.1,1.9,2.6,4.3,7,8
22107,2018-08-19,6,1009.5,83,27.2,27.8,2.2,1.3,1.5,2.6,6.5,10.7
22107,2018-08-20,6.1,1006.8,82,28,27.8,2.4,1.5,1.7,3,6.6,10.7
22107,2018-08-21,4.4,1003.7,78,27.8,28.3,2.2,1.4,1.7,2.7,10.8,16
22107,2018-08-22,11.6,996.1,76,28.3,27.4,6.9,4.4,7.5,11.1,12.8,16
22107,2018-08-23,17.8,982.8,95,23,20.1,9.3,5.9,8,13.7,9.1,10.7
22107,2018-08-24,4.2,1003.7,97,20.2,18.9,3.8,2.3,3.7,5.9,7.9,9.1
22107,2018-08-25,3,1008.9,98,21.2,19.5,1.9,1.2,1.5,2.6,7.9,9.1
22107,2018-08-26,4.4,1009.8,98,22.9,21.2,3,1.8,2.5,4.9,8.3,10.7
22107,2018-08-27,3.5,1012,97,24.4,22.9,2.6,1.7,1.9,3.1,7.5,8
22107,2018-08-28,2.9,1012.8,97,24.9,24.2,2.3,1.5,1.8,3,8,9.1
22107,2018-08-29,4.3,1010.8,96,25.7,24.9,2,1.2,1.4,2.7,7.7,9.1
22107,2018-08-30,3.9,1011.9,95,26.1,25.4,1.7,1,1.4,2.4,6.8,8
22107,2018-08-31,4.9,1011.3,95,26.5,26.1,2.1,1.3,1.5,2.5,7.1,8
22107,2018-09-01,4.1,1009.1,94,26,26,2,1.2,1.4,2.9,6.6,7.1
22107,2018-09-02,5.1,1006.9,91,26.1,27,2,1.2,1.6,2.6,8.1,16
22107,2018-09-03,5.4,1002.8,91,26.8,27.2,2.7,1.7,2.4,3.9,12.7,12.8
22107,2018-09-04,6.1,999.9,83,26.3,26.9,2.9,1.8,2.5,5.2,10.6,16
22107,2018-09-05,3.7,1006.4,75,26.1,26.8,1.7,1,1.2,2.2,5.7,8
22107,2018-09-06,3.5,1007.1,74,25.7,26.4,1.1,.7,1.2,2,6.3,8
22107,2018-09-07,4.8,1008,79,23.8,26.9,1.6,1,1.1,2.1,4.9,7.1
22107,2018-09-08,6.5,1012.4,61,22.8,26,1.7,1,1.3,2.2,5.5,6.4
22107,2018-09-09,7,1014.9,68,22.9,26,1.6,1,1.2,2.1,4.6,7.1
22107,2018-09-10,7.2,1018.1,68,23,24.5,2.4,1.4,2.1,3.5,5.6,7.1
22107,2018-09-11,8.7,1016.7,72,23.3,25.4,2.8,1.7,2.1,3.4,6.7,8
22107,2018-09-12,7.3,1014.8,84,24,25.5,2.2,1.3,1.8,2.9,5.6,7.1
22107,2018-09-13,6.2,1012.8,91,24.2,25.9,1.8,1.1,1.6,3,8.2,12.8
22107,2018-09-14,5.5,1012.4,90,23.9,25.8,2.1,1.3,1.6,2.6,12.1,12.8
22107,2018-09-15,3.6,1014.8,88,24,25.9,1.8,1.1,1.2,2,11.4,16
22107,2018-09-16,1.9,1016.1,84,24.3,26.5,2.5,1.6,2.1,3.5,12.3,12.8
22107,2018-09-17,3.2,1017.2,84,24,26,2.5,1.5,1.9,3.5,11.1,12.8
22107,2018-09-18,3.5,1016.8,64,24.3,26.1,1.8,1.1,1.4,2.5,9.4,10.7
22107,2018-09-19,4.8,1013.3,64,24.3,25.9,1.3,.8,.9,1.5,7,9.1
22107,2018-09-20,3.4,1008.5,91,24.8,26,1.4,.9,1,1.6,4.9,8
22107,2018-09-21,5,1009.3,86,24.3,26.5,1.9,1.2,1.8,2.9,5.3,6.4
22107,2018-09-22,4.5,1015.9,73,24.1,26.6,1.3,.8,1.3,2,4.9,5.8
22107,2018-09-23,2.4,1016.6,75,23.8,26.1,.7,.5,1.1,1.6,5,8
22107,2018-09-24,7.4,1017.7,61,22.4,26,1.8,1.1,1.4,2.3,5,12.8
22107,2018-09-25,6.1,1016.4,62,21.1,24.7,2.4,1.4,1.7,3.1,5.4,6.4
22107,2018-09-26,7.1,1014.8,69,22.4,24.9,3.3,2,2.5,4.4,7.2,10.7
22107,2018-09-27,5.1,1015.8,67,21.9,25.1,3,1.9,2.3,3.8,8.7,12.8
22107,2018-09-28,6.8,1015.1,68,22.7,25,3.1,1.8,2.1,3.6,10.5,12.8
22107,2018-09-29,6.8,1009.9,78,21.5,25.6,3.6,2.1,2.6,4.9,10.1,12.8
22107,2018-09-30,12.5,1005.1,68,21.7,25,4.6,2.8,3.4,6.1,7.5,12.8
22107,2018-10-01,8.4,1012.6,58,20.9,24.6,4.2,2.6,3.1,5.1,7.4,8
22107,2018-10-02,5.6,1018.1,59,20.6,24.4,2.8,1.7,2.4,4,7.4,9.1
22107,2018-10-03,6,1020.5,62,20.1,24.6,1.7,1,1.3,2.1,6.7,12.8
22107,2018-10-04,6.7,1018.7,72,21.5,24.2,3,1.8,2.7,4.4,11.4,12.8
22107,2018-10-05,11.3,1004.4,91,21.9,24.1,6.3,4,8.7,13.4,11.2,12.8
22107,2018-10-06,11.1,1002.9,84,21.4,23.5,7.5,4.8,8.2,14.6,9.2,12.8
22107,2018-10-07,8,1016.8,69,20.4,23.7,3.3,2,2.6,4.6,7.3,8
22107,2018-10-08,8.7,1017.3,60,19.6,23.5,2.5,1.5,2.2,3.7,5.6,7.1
22107,2018-10-09,3.7,1015.9,68,20.9,23.2,1.2,.7,.9,1.5,5.1,8
22107,2018-10-10,7.6,1017.8,66,18.5,22.9,2.5,1.5,2.2,4.2,6.3,10.7
22107,2018-10-11,7.5,1022.9,61,16.6,22.4,2.4,1.5,1.8,2.8,6,8
22107,2018-10-12,7.1,1025.1,60,16.2,21.9,2,1.2,1.7,3,5.4,7.1
22107,2018-10-13,3.6,1024.3,56,16.7,22,.9,.6,.7,1.2,4.2,5.3
22107,2018-10-14,5.2,1021.3,73,18.2,22.2,1.1,.7,.9,1.4,3.7,5.3
22107,2018-10-15,5.9,1019,68,18.9,22.3,1.5,.9,1.2,1.9,4.1,4.9
22107,2018-10-16,5.8,1016.2,66,17.9,22.3,1.4,.8,1.4,2.3,4.2,5.3
22107,2018-10-17,6.6,1016.1,63,18.1,22.2,1.7,1,1.3,2.2,4.4,5.3
22107,2018-10-18,7.3,1019.4,58,16.6,22.3,2.2,1.3,1.5,2.6,5,5.8
22107,2018-10-19,5.4,1023.4,60,17,22.4,1.9,1.1,1.4,2.5,5.9,7.1
22107,2018-10-20,3.4,1024.7,60,18,22.4,1.5,.9,1.1,2.1,5.3,6.4
22107,2018-10-21,3.4,1022.3,62,18.5,22.1,1.2,.8,.9,1.5,5,7.1
22107,2018-10-22,2.4,1019.9,57,18.8,21.8,.8,.5,.6,1,5.6,9.1
22107,2018-10-23,4.3,1018.5,68,19.2,22,.9,.6,.9,1.5,5.5,9.1
22107,2018-10-24,6.2,1020.2,64,17.1,21.5,1.5,1,1.2,2,4.9,5.8
22107,2018-10-25,4.3,1019.6,66,18.2,21.9,1,.6,1.1,1.6,4.1,9.1
22107,2018-10-26,7.4,1014.5,72,19.2,21.8,1.8,1.1,2.6,4,4.5,9.1
22107,2018-10-27,9.5,1018.6,54,15.8,21.6,4.9,2.9,3.6,6.1,7.8,9.1
22107,2018-10-28,7.6,1015.2,57,17.3,21.4,3.1,1.9,2.5,4.1,9.2,16
22107,2018-10-29,4.6,1015.8,58,18.4,21.4,2.7,1.7,2.5,4.4,8.8,12.8
22107,2018-10-30,4.5,1021.4,65,15,21.8,2,1.2,1.5,2.6,7.4,10.7
22107,2018-10-31,5.5,1023.2,63,14.5,22,1.9,1.2,1.9,3,10.9,12.8
22107,2018-11-01,7.9,1025.4,63,14.3,21.9,2.4,1.5,1.7,3,5.7,12.8
22107,2018-11-02,3.8,1026.9,55,16.1,21.2,1.4,.8,1.5,2.3,4.9,8
22107,2018-11-03,3.7,1024.5,59,17.2,21.1,1,.6,.7,1.3,3.8,9.1
22107,2018-11-04,3.9,1021.7,60,17.3,21.5,1.1,.6,.8,1.3,5.2,7.1
22107,2018-11-05,4.9,1022,65,16.7,21.1,1.1,.7,.9,1.4,4.7,7.1
22107,2018-11-06,3.8,1023.7,72,17.6,21,1.2,.7,.9,1.6,4.3,5.3
22107,2018-11-07,4.8,1022,76,18.9,20.8,1.5,.9,1.2,2.2,5.1,6.4
22107,2018-11-08,7.3,1015.8,83,18.4,20.4,2.2,1.4,3.8,6.2,5.2,8
22107,2018-11-09,6.2,1021.3,65,15.6,20.6,4.1,2.5,3.8,7.4,7.9,9.1
22107,2018-11-10,3.8,1024.9,64,15.8,20.8,1.4,.8,1.3,2.3,5.7,7.1
22107,2018-11-11,4.4,1020.6,75,16.4,21,.9,.5,1.1,1.7,4.1,5.8
22107,2018-11-12,10.1,1017.2,76,14.3,20.4,2.7,1.6,2.3,3.8,5.3,6.4
22107,2018-11-13,8.8,1018,65,13.9,20.9,2.9,1.8,2.1,3.3,5.9,6.4
22107,2018-11-14,6,1021.2,66,14.9,20.8,2.3,1.3,1.8,3.3,5.4,6.4
22107,2018-11-15,3.7,1022.8,58,17.5,21.1,1.2,.8,1,1.7,5.2,7.1
22107,2018-11-16,6,1019.8,70,16.1,20.7,1.9,1.1,1.9,3.6,4.7,6.4
22107,2018-11-17,8.3,1021.3,60,13.6,20.7,3.2,1.9,2.5,4.1,6.2,8
22107,2018-11-18,7,1020.4,53,13.9,20.6,1.9,1.2,1.5,2.5,4.8,6.4
22107,2018-11-19,6.3,1021.6,57,13.8,20.5,1.6,1,1.3,2.2,4.3,4.9
22107,2018-11-20,4.5,1024.7,52,14,20.8,1.1,.7,.9,1.5,4,5.3
22107,2018-11-21,5.8,1020.8,63,15.3,21.1,.9,.5,1.1,1.6,3.4,4.3
22107,2018-11-22,10.2,1024.8,62,11.3,21,3,1.9,2.8,5.3,6.1,7.1
22107,2018-11-23,4.7,1027,60,11.6,20,1.3,.8,1,1.6,5.1,6.4
22107,2018-11-24,6.9,1023.9,65,16,20.4,1.7,1,1.2,2.4,4.7,6.4
22107,2018-11-25,3.5,1023.9,65,14.5,21.2,1.1,.7,.9,1.5,6.2,12.8
22107,2018-11-26,4.8,1022.9,76,16.5,21.1,1.1,.7,.9,1.6,9.6,10.7
22107,2018-11-27,7.2,1022.4,73,15.4,20.7,1.5,.9,1.3,2.7,6.3,10.7
22107,2018-11-28,8.4,1021.4,62,14.6,20.7,1.9,1.2,1.6,2.6,5.5,10.7
22107,2018-11-29,4.1,1024.9,53,14.7,20.4,1.4,.9,1.2,1.9,6.4,9.1
22107,2018-11-30,3.2,1025.8,66,14.9,20.2,.8,.5,.6,1.3,8,9.1
22107,2018-12-01,6.4,1024.4,66,15.8,20.6,1.3,.8,1,1.7,4.2,8
22107,2018-12-02,9,1020.4,79,18.9,21,1.6,1,1.2,2,4.5,5.8
22107,2018-12-03,5.1,1016.9,88,19,21.2,1.9,1.1,1.4,2.6,6.7,8
22107,2018-12-04,10.6,1017.5,79,14.5,21,3.3,2.1,3.5,5.6,7.1,9.1
22107,2018-12-05,10,1023,71,11.1,20.6,3.4,2.1,3.3,5.2,7.2,9.1
22107,2018-12-06,10.6,1021,76,11.1,20.7,3.1,1.9,2.5,4.8,6.2,7.1
22107,2018-12-07,12.5,1028.8,73,6.5,20.5,5,2.9,4,7.9,7.4,9.1
22107,2018-12-08,10.1,1031.1,69,5.9,20.3,3.9,2.3,2.9,4.9,7.6,8
22107,2018-12-09,8.3,1032.9,68,5.1,19.9,2.6,1.6,2.1,3.6,6.8,8
22107,2018-12-10,4.3,1029.7,59,8.8,19.6,2,1.2,1.5,2.6,5.6,6.4
22107,2018-12-11,10.5,1024.1,81,10.5,19.5,2.6,1.5,1.9,3.3,5.3,6.4
22107,2018-12-12,11.3,1027.5,67,8.3,19.6,3.8,2.3,3.1,5.6,6.6,8
22107,2018-12-13,9.3,1029.8,61,8.8,19.6,2.8,1.7,2.3,4.5,5.6,6.4
22107,2018-12-14,10,1032.8,66,7.2,19.3,3.3,2,2.4,5,6.1,7.1
22107,2018-12-15,5.6,1030.5,66,8.7,19.2,1.8,1.1,1.8,3,5.5,6.4
22107,2018-12-16,6.8,1020.4,75,11.5,19.2,1.4,.8,1.2,2.1,4.5,5.8
22107,2018-12-17,10.7,1020.6,57,11.2,19.2,3.4,2.1,2.4,4.2,6.4,7.1
22107,2018-12-18,6.9,1022.8,51,11.1,19.5,2.4,1.4,2.2,4.3,6.3,7.1
22107,2018-12-19,7,1022.1,59,15.2,19.8,1.8,1.1,1.3,2.3,4.7,5.3
22107,2018-12-20,8.8,1020.5,77,14.3,19.7,1.8,1.1,1.3,2.2,4.5,5.8
22107,2018-12-21,6.6,1020.2,76,16.3,19.6,2.3,1.5,1.8,2.9,6.7,8
22107,2018-12-22,5.6,1021.4,73,14.6,19.5,1.5,.9,1.3,2.3,5.4,8
22107,2018-12-23,12.3,1023,71,10.4,19,3.2,1.9,2.7,4.7,5.8,7.1
22107,2018-12-24,10.5,1026.2,65,7.5,18.7,2.9,1.7,2.4,3.9,6,7.1
22107,2018-12-25,7.3,1022.9,68,9.5,18.4,1.6,.9,1.2,2.1,4.4,5.8
22107,2018-12-26,10.8,1021,68,9.7,18.4,2.5,1.5,3.2,5.2,5.1,8
22107,2018-12-27,15.1,1025.9,75,4.3,18.2,5.6,3.5,4.3,7.3,7.9,9.1
22107,2018-12-28,12.8,1030.3,74,3.3,17.9,5.3,3.2,3.6,6.6,7.7,9.1
22107,2018-12-29,10.9,1033.8,70,4.3,17.8,3.9,2.4,2.9,4.9,7,8
22107,2018-12-30,10.4,1035,68,4.7,17.6,3.6,2.1,2.6,5.2,6.6,8
22107,2018-12-31,9.4,1035,67,5.5,17.8,2.6,1.5,1.8,3.3,5.7,7.1
22107,2019-01-01,10.1,1033.9,64,6.3,17.6,3,1.8,2.4,4.2,5.7,6.4
22107,2019-01-02,9.2,1033.5,63,6.1,17.3,2.8,1.7,2,3.7,6,7.1
22107,2019-01-03,9.2,1033.2,68,6.7,17.3,2.1,1.3,1.7,2.7,5,5.8
22107,2019-01-04,5.3,1029.2,77,8.3,17.3,1.1,.7,1,1.6,4.3,5.3
22107,2019-01-05,11.1,1024.5,71,8.2,17.2,2.5,1.5,2,3.5,5.3,6.4
22107,2019-01-06,11,1026.9,72,6.7,17,2.9,1.8,2.2,3.9,5.9,7.1
22107,2019-01-07,10.2,1026.5,71,7.5,17,2.1,1.3,1.6,2.9,4.9,5.8
22107,2019-01-08,11,1027.7,66,7.3,16.9,2.7,1.6,2.3,4.3,5.4,7.1
22107,2019-01-09,7,1030.5,66,5.7,17,2.8,1.8,2.7,4.4,6.6,8
22107,2019-01-10,7,1026.1,70,7.3,17,1.5,.9,1.1,2,4.9,7.1
22107,2019-01-11,6.4,1023.2,75,8.9,17.3,1.5,.9,1.2,2.1,4.3,4.9
22107,2019-01-12,7.8,1021.5,73,9.6,17.4,1.7,1,1.3,2.4,4.4,4.9
22107,2019-01-13,8.5,1024.4,68,8.6,17.3,1.9,1.2,1.8,2.7,4.7,5.8
22107,2019-01-14,8.6,1024.8,69,7.9,17.1,1.8,1.1,1.5,2.4,4.7,5.3
22107,2019-01-15,9.7,1024.6,65,7.8,17,2.4,1.5,2.8,5.5,4.8,6.4
22107,2019-01-16,10.3,1026.4,69,4,16.8,3.8,2.3,3.3,5.2,6.9,9.1
22107,2019-01-17,8.8,1025.8,61,6.4,16.7,2.3,1.4,1.8,3.3,5.2,7.1
22107,2019-01-18,5.5,1027.7,64,7.6,16.7,1.6,.9,1.7,2.7,5.1,5.8
22107,2019-01-19,6.1,1021.8,68,11.9,16.8,1.4,.8,1.5,2.5,4.2,4.9
22107,2019-01-20,12.6,1022.5,72,7.5,16.7,3.9,2.5,3.5,5.8,6.4,8
22107,2019-01-21,9.7,1024.6,64,6.5,16.6,3.1,1.9,3.6,6.1,6.5,8
22107,2019-01-22,6.5,1022.1,58,8.9,16.8,2,1.2,1.5,2.5,5.9,7.1
22107,2019-01-23,7.5,1021.9,59,9.5,16.9,1.8,1.1,1.2,2.1,5.1,5.8
22107,2019-01-24,10.2,1023.4,64,7.7,16.9,2.2,1.4,1.7,2.8,5.2,6.4
22107,2019-01-25,10.2,1024.2,63,7.6,16.8,2.5,1.5,3.3,5.4,5,7.1
22107,2019-01-26,13.6,1027.3,65,4.8,16.6,5.3,3.3,4.1,6.6,7.8,9.1
22107,2019-01-27,7.4,1028.3,64,6.3,16.6,2.4,1.4,2.5,4.7,6.5,8
22107,2019-01-28,9,1024.1,64,8.4,16.5,2.2,1.4,1.9,3.3,4.9,6.4
22107,2019-01-29,5.9,1026.4,71,7.2,16.4,1.8,1.2,1.9,3,5.9,7.1
22107,2019-01-30,4.9,1024.4,69,7.9,16.3,1,.6,.9,1.4,4,5.8
22107,2019-01-31,12.6,1019.4,79,5.7,16.2,4.4,2.7,4.3,7.2,6.6,9.1
22107,2019-02-01,8.9,1025.5,62,5.7,16,3.6,2.2,3.3,5.6,7,8
22107,2019-02-02,6.3,1022.2,65,10,16.1,2,1.2,1.5,2.6,5.5,6.4
22107,2019-02-03,8.7,1015.1,83,12.9,16.1,3.8,2.3,2.8,5.1,6.4,7.1
22107,2019-02-04,,1024.7,57,7.5,15.9,3.5,2.1,2.9,4.7,7.2,8
22107,2019-02-05,,1020.5,61,10.8,16,1.2,.7,1.2,1.8,5.5,7.1
22107,2019-02-06,,1016.5,69,12.4,16,.7,.4,.6,1,5.7,8
22107,2019-02-07,,1018.8,76,7.9,15.9,3.6,2.1,4.1,7.5,6.5,9.1
22107,2019-02-08,,1022.1,70,4.4,15.8,4.1,2.5,3.7,5.8,7.1,9.1
22107,2019-02-09,,1025.9,73,4.1,15.9,4.1,2.6,3.2,6,6.8,8
22107,2019-02-10,7.6,1028.1,70,4,15.7,3,1.8,2.7,4.9,6.3,8
22107,2019-02-11,7.3,1031.1,69,4.6,15.6,3,1.9,2.4,4,5.9,6.4
22107,2019-02-12,5,1031.3,59,7.2,15.5,1.8,1.1,1.3,2.2,4.7,5.3
22107,2019-02-13,9.9,1029.7,61,6.8,15.5,2.6,1.6,2.5,3.6,5.4,6.4
22107,2019-02-14,7.8,1028.8,65,6.8,15.4,2.3,1.4,2.1,3.2,5.7,6.4
22107,2019-02-15,7.3,1024,75,7.1,15.4,1.7,1,1.7,3.1,4.6,5.3
22107,2019-02-16,12.1,1023.7,71,4.6,15.5,3.7,2.2,3,4.7,6.4,8
22107,2019-02-17,10.9,1025.8,68,4.5,15.3,3.1,1.9,2.4,4.7,6.2,7.1
22107,2019-02-18,7.5,1023,75,8.9,15.2,1.4,.8,1.6,2.6,4.4,5.3
22107,2019-02-19,10.1,1016.8,85,9.6,15.3,2.5,1.5,2.1,3.3,5.9,8
22107,2019-02-20,8.6,1024.8,72,7.3,15.5,1.5,.9,1.2,1.8,5.2,7.1
22107,2019-02-21,9.2,1024.8,68,7.7,15.3,1.9,1.1,1.8,2.8,5.2,6.4
22107,2019-02-22,6.6,1020.2,69,8.9,15.3,1.1,.6,1.6,2.6,4.7,6.4
22107,2019-02-23,7.8,1021.8,69,9.8,15.2,1.9,1.1,1.8,3.4,5.6,6.4
22107,2019-02-24,5.9,1022.5,55,12,15.2,1.2,.7,1,1.6,5.9,7.1
22107,2019-02-25,9.3,1021.3,64,9.7,15,1.3,.7,1.6,2.5,4.3,5.3
22107,2019-02-26,9.5,1022.2,64,9.5,15,2.2,1.3,1.6,3.4,5.6,5.8
22107,2019-02-27,7.4,1019.1,70,11.8,15,1.6,1,1.3,2.4,6.8,12.8
22107,2019-02-28,9.8,1018.3,68,10.2,15,2.2,1.3,1.6,3,5.2,10.7
22107,2019-03-01,9.4,1021.5,59,9.5,14.9,1.7,1,1.2,2.1,4.6,5.3
22107,2019-03-02,5.5,1017.1,69,11.4,15,.9,.5,.9,1.6,7.6,10.7
22107,2019-03-03,5.5,1011.3,74,12,15.1,1.3,.7,1.1,2.1,5.3,7.1
22107,2019-03-04,9.5,1015.1,72,10.1,15.3,2.2,1.3,1.6,2.9,5.1,5.8
22107,2019-03-05,5.5,1020.1,65,12.1,15.3,,,1,1.7,,5.8
22107,2019-03-06,9.2,1015.4,77,10.7,15.3,,,1.5,2.4,,7.1
22107,2019-03-07,11.4,1021.1,74,7.6,15,3.5,2,2.4,4.3,6.7,9.1
22107,2019-03-08,4.3,1025.2,67,9.5,15.2,1.5,.8,1.6,3.2,6.1,8
22107,2019-03-09,8.2,1018.9,72,13,15,1.2,.6,1.9,3.1,5.2,16
22107,2019-03-10,12.2,1009.2,83,11.7,15.1,3.9,2.3,2.7,5.1,7,9.1
22107,2019-03-11,8.7,1012.6,72,10,15.1,2.3,1.4,2.2,4.1,5.6,8
22107,2019-03-12,9.9,1014.6,70,9.9,15,2.7,1.6,2.1,3.7,6.1,7.1
22107,2019-03-13,8.6,1024,49,7.9,15,2.5,1.5,2.7,4.4,6.5,7.1
22107,2019-03-14,4.3,1025.5,50,9.6,15,1,.5,1.1,1.8,7.1,16
22107,2019-03-15,8.8,1021.8,69,9.9,15,1.7,.8,1.9,3.2,4.9,5.8
22107,2019-03-16,7.8,1022.6,66,8.5,15.1,2.7,1.4,2,4.1,7.4,9.1
22107,2019-03-17,8.4,1023.4,62,11.3,15.1,1.3,.7,1.6,2.9,4.5,5.8
22107,2019-03-18,2.4,1020.2,65,11.3,15.4,,,0,.1,,16
22107,2019-03-19,5.7,1018.1,76,11.9,15.4,,,,,,
22107,2019-03-20,8.5,1010.9,82,14.8,15.4,,,,,,
22107,2019-03-21,11,1011.3,84,9.9,15.3,,,,,,
22107,2019-03-22,11.7,1018.8,71,6.9,15.2,,,,,,
22107,2019-03-23,9.4,1023.3,60,8.1,15.2,,,,,,
22107,2019-03-24,4.9,1023.7,60,6.9,15.2,,,,,,
22107,2019-03-25,2.8,1019.3,63,9.7,15.1,,,,,,
22107,2019-03-26,5,1020.3,78,12.9,15.1,,,,,,
22107,2019-03-27,4.6,1017.4,78,13.6,15.1,,,,,,
22107,2019-03-28,3.6,1013,85,13.5,15.2,,,,,,
22107,2019-03-29,2.8,1014.1,69,12.5,15.5,,,,,,
22107,2019-03-30,5.9,1016.1,67,10.3,15.5,,,,,,
22107,2019-03-31,6.6,1023.7,48,7.8,15.2,,,,,,
22107,2019-04-01,4.3,1025.3,54,9.5,15.3,,,,,,
22107,2019-04-02,3.8,1023.9,63,10.1,15.4,,,,,,
22107,2019-04-03,4.4,1025.1,45,10.4,15.4,,,,,,
22107,2019-04-04,3.8,1021,55,10.2,15.5,,,.6,.9,,8
22107,2019-04-05,5.2,1014.2,81,12.5,15.5,1,.6,.7,1.2,3.7,4
22107,2019-04-06,4.9,1013,87,12,15.8,1.4,.9,1.1,1.7,7.1,8
22107,2019-04-07,5.9,1010.3,85,14.1,16,1.3,.8,1,1.7,4.6,8
22107,2019-04-08,5.2,1014.9,82,12.8,16,1,.6,.7,1.2,4,7.1
22107,2019-04-09,10.8,1009.1,85,14.5,15.7,2.6,1.7,2.8,4.4,5.4,7.1
22107,2019-04-10,10.8,1009.6,85,10.5,15.5,4.1,2.5,3.2,5,6.8,8
22107,2019-04-11,5.8,1014.9,74,11.6,15.7,2,1.2,1.9,3.2,5.6,7.1
22107,2019-04-12,6.2,1019.2,64,12,15.8,1.2,.7,1,1.9,3.7,4.3
22107,2019-04-13,2.3,1020.6,55,13.9,16.2,.5,.3,.5,.9,5.4,9.1
22107,2019-04-14,6.9,1017.3,74,13.4,15.9,1.3,.8,2,3,5.5,10.7
22107,2019-04-15,9,1019.8,55,12.4,15.9,1.9,1.2,1.7,2.7,4.4,5.3
22107,2019-04-16,3.6,1016.8,76,14.9,16,.8,.5,.7,1.1,4.2,9.1
22107,2019-04-17,2.7,1013.6,74,14.8,16.9,1.3,.8,1.4,2.2,5.6,7.1
22107,2019-04-18,4.3,1013.8,85,14.3,16.6,1.3,.8,.9,1.8,7.4,9.1
22107,2019-04-19,4.2,1015.5,83,15.5,16.7,1.1,.7,.8,1.4,7.4,9.1
22107,2019-04-20,6.1,1014.8,82,15.5,16.7,1.3,.8,1.2,2,4.8,9.1
22107,2019-04-21,2.6,1013.3,85,16.4,17.3,.7,.4,.6,1,6.7,9.1
22107,2019-04-22,4.6,1014.5,86,16.9,17.4,1.1,.7,1,1.4,5.5,7.1
22107,2019-04-23,10,1009.2,91,16.4,17.1,2.5,1.5,3,5,5.4,8
22107,2019-04-24,5.4,1007.8,,15,17,2.3,1.4,1.9,3,7.7,9.1
22107,2019-04-25,4.7,1008.6,,13.6,17.2,1.1,.7,.8,1.5,6.5,8
22107,2019-04-26,10.1,1013.8,,11.5,16.7,2.6,1.7,2.3,3.7,5.4,6.4
22107,2019-04-27,7.6,1020.3,74,13.1,16.9,2.3,1.4,2,3.4,5.8,7.1
22107,2019-04-28,7.6,1018.4,71,15.2,16.9,1.7,1,1.3,2.3,4.8,5.8
22107,2019-04-29,7.4,1010.3,93,15.5,16.9,2.4,1.4,2,3.8,5.9,8
22107,2019-04-30,5.9,1008.4,92,14.8,16.9,2.2,1.3,1.9,3.4,7,9.1
22107,2019-05-01,8.2,1009.2,84,13.2,17,1.8,1.1,1.7,2.8,4.4,5.3
22107,2019-05-02,7.3,1014.8,73,14.7,17,1.7,1,1.5,2.6,4.7,5.3
22107,2019-05-03,5.3,1017.9,78,15.8,17.3,.8,.5,.6,1.1,3.8,5.3
22107,2019-05-04,4.1,1018.4,84,16.5,17.3,.6,.4,.6,.9,5.3,10.7
22107,2019-05-05,2.3,1017.4,89,17.2,18,.4,.3,.3,.5,8.4,10.7
22107,2019-05-06,10.6,1016.2,72,13.7,17.1,2.8,1.7,2.9,4.7,5.7,8
22107,2019-05-07,7.9,1017.4,66,14.1,17.1,2,1.2,2.3,3.5,6,9.1
22107,2019-05-08,4.4,1014.6,61,15.4,17.3,.9,.6,.8,1.4,6.4,9.1
22107,2019-05-09,5.5,1011.6,65,15.6,17.3,1.1,.6,.9,1.5,6.6,9.1
22107,2019-05-10,4.8,1013.2,71,15.7,17.3,.9,.6,.8,1.4,4.9,9.1
22107,2019-05-11,4.4,1014.4,72,16.1,17.4,.6,.4,.5,.8,4.8,9.1
22107,2019-05-12,3.1,1015.4,83,16.6,17.7,.5,.3,.4,.6,6.9,9.1
22107,2019-05-13,4.7,1014.2,93,17.6,17.8,.9,.6,.8,1.3,4.3,6.4
22107,2019-05-14,2.9,1012.8,93,17.8,18.3,1.1,.7,.9,1.6,4.5,5.8
22107,2019-05-15,2.6,1012.8,92,18.3,18.9,1.5,.9,1.1,1.9,6.4,8
22107,2019-05-16,5.9,1011.5,89,19.1,19,1.3,.8,1,1.8,6.6,8
22107,2019-05-17,9.4,1009.5,88,18.8,19,2.2,1.4,2.4,3.6,5.5,7.1
22107,2019-05-18,8.3,1004.9,97,18.7,18.7,4.6,2.8,3.2,5.5,8,9.1
22107,2019-05-19,7.6,1007.3,96,17.7,19,3.4,2.1,2.8,5.2,8.4,9.1
22107,2019-05-20,9.8,1009,76,16.1,18.8,2.4,1.5,1.8,3.2,6.1,9.1
22107,2019-05-21,5.7,1010.5,72,16.8,18.7,1.6,1,1.6,2.9,6,7.1
22107,2019-05-22,5.3,1009.5,76,18.2,19,1.2,.7,.9,1.4,4.4,5.3
22107,2019-05-23,6.6,1011.5,88,18.2,19.1,1.4,.9,1,1.7,4,4.6
22107,2019-05-24,4.6,1014.1,85,18.8,19.5,1.3,.8,1,1.8,4.8,10.7
22107,2019-05-25,3.9,1016.4,90,19.1,19.9,.9,.6,.7,1.1,8.4,10.7
22107,2019-05-26,7.5,1013.9,87,19.6,19.7,1.5,.9,1.5,2.5,4.8,9.1
22107,2019-05-27,10.4,1008.1,68,17.7,19.2,3.7,2.3,2.8,4.9,6.3,7.1
22107,2019-05-28,9.4,1012.2,74,16.6,18.7,3.1,1.9,2.5,4.2,6.3,8
22107,2019-05-29,3.7,1013.6,79,17.8,18.6,.9,.6,.8,1.4,4.9,7.1
22107,2019-05-30,1.6,1012.9,84,18.6,19,.6,.4,.5,.8,5.1,9.1
22107,2019-05-31,3.4,1010.9,81,17,18.8,1,.6,1,1.8,5.3,9.1
22107,2019-06-01,3.3,1010.8,84,17.5,19.2,.7,.5,.7,1.1,3.8,9.1
22107,2019-06-02,2,1008,82,18.6,19.8,.8,.5,.7,1.1,5.5,7.1
22107,2019-06-03,1.9,1008.7,81,19.6,20.4,.5,.3,.5,.7,5.4,7.1
22107,2019-06-04,3.6,1009.4,86,19.3,20.6,.7,.4,.7,1.2,5.8,7.1
22107,2019-06-05,2.6,1012.5,86,20.1,21.4,.8,.5,.6,1.2,6.5,8
22107,2019-06-06,7.8,1007.5,91,20.8,21,1.7,1,2.8,4.3,5,6.4
22107,2019-06-07,,1004.2,89,18.1,19.2,4.3,2.5,3.8,6.4,7.2,8
22107,2019-06-08,,1008.4,91,17.9,19,2,1.2,1.7,3.1,6.3,7.1
22107,2019-06-09,,1005.8,86,18.6,19.6,1.2,.7,.9,1.5,5.3,6.4
22107,2019-06-10,,1006.1,83,18.6,19.9,1.1,.7,.9,1.5,5.5,9.1
22107,2019-06-11,,1009,81,18.8,20.4,1.4,.8,1.1,1.7,6.6,8
22107,2019-06-12,,1011.2,82,18.5,20.6,.9,.6,.6,1,6.3,7.1
22107,2019-06-13,,1009.7,85,19.1,20.5,1.1,.7,.9,1.5,5,7.1
22107,2019-06-14,,1004,89,18.8,20.6,1.7,1,1.7,2.6,4.4,5.3
22107,2019-06-15,,1003.4,87,19,20.5,2,1.3,1.5,2.5,5.6,8
22107,2019-06-16,,1008.6,84,19.1,20.6,1.6,1,1.4,2.5,5.1,6.4
22107,2019-06-17,,1013.4,86,19.7,21,.8,.5,.7,1.2,6.4,8
22107,2019-06-18,,1011.5,89,19.5,21.2,1,.6,.8,1.4,5.2,8
22107,2019-06-19,4.7,1007.3,89,19.7,21.4,1.7,1,1.3,2.3,5.5,7.1
22107,2019-06-20,3.1,1007.8,88,20.7,21.9,1.1,.7,1,1.6,6.1,7.1
22107,2019-06-21,2.8,1006,87,20.9,22.3,.8,.5,.7,1.2,5.8,6.4
22107,2019-06-22,5.2,1006.2,89,20.3,21.9,1.1,.6,.9,1.8,5.2,7.1
22107,2019-06-23,3.8,1008.5,81,20.4,22,1.3,.8,1,1.8,6,8
22107,2019-06-24,2.2,1013.6,82,20.5,22.5,.8,.5,.7,1.1,5.9,7.1
22107,2019-06-25,7.8,1013.3,85,20.9,22.2,1.5,.9,1.3,2.3,4.4,5.3
22107,2019-06-26,6.5,1005.9,95,21.2,22.3,2,1.2,1.5,2.6,5.7,8
22107,2019-06-27,3.5,1002.2,93,21.3,22.7,2.6,1.6,2.1,3.5,7.8,9.1
22107,2019-06-28,2.1,1003.2,87,22,23.4,1.3,.8,1.2,2,7.1,8
22107,2019-06-29,8,998.3,95,22.6,23.1,2.2,1.4,2.7,4.3,6,8
22107,2019-06-30,3.5,1003.2,91,21.5,22.7,2.3,1.4,2.3,3.7,6.4,7.1
22107,2019-07-01,2.1,1007.2,92,21.5,22.8,1.3,.8,1,1.7,6.2,7.1
22107,2019-07-02,1.7,1010.4,91,21.1,22.8,1,.6,.8,1.3,5.8,7.1
22107,2019-07-03,3.1,1007.9,90,20.9,22.8,1.1,.6,.8,1.3,7.4,9.1
22107,2019-07-04,4.7,1007.1,92,20.4,22.8,1.7,1.1,1.5,2.4,7.7,9.1
22107,2019-07-05,2.1,1003.2,86,21.9,23.2,1.3,.8,1,1.7,7.3,8
22107,2019-07-06,6.3,1003,87,22.1,23.3,1.7,1,1.5,2.4,6.1,8
22107,2019-07-07,12.3,1004.3,86,22.1,23.2,3,1.8,2.1,4.1,5.7,8
22107,2019-07-08,8.9,1005.1,87,21.7,22.9,2.5,1.5,2,3.7,6,7.1
22107,2019-07-09,7.2,1004.6,86,21.8,23,2,1.2,1.5,2.6,6,7.1
22107,2019-07-10,12.4,1000.1,92,21.5,22.8,3.1,1.8,2.2,4,5.4,7.1
22107,2019-07-11,6.5,1007.4,91,21.8,22.9,2,1.3,1.7,2.8,6.3,8
22107,2019-07-12,2.5,1008.4,88,22,23.4,1.5,.9,1.1,2.2,7.5,9.1
22107,2019-07-13,4.9,1002,91,20.5,,1.7,1,1.5,2.4,5.8,7.1
22107,2019-07-14,4.8,1003.4,93,21.8,,1.8,1.1,1.4,2.8,7.6,9.1
22107,2019-07-15,2.7,1007.9,90,22.6,,1.3,.8,1,1.8,7.1,8
22107,2019-07-16,4.9,1010.5,90,22.8,25.1,1,.6,.9,1.3,5.5,7.1
22107,2019-07-17,7.8,1010.2,92,22.8,23.8,1.4,.8,1.2,2.1,4,5.3
22107,2019-07-18,7.7,1006.9,95,23.2,23.8,1.7,1,1.6,2.7,6.1,10.7
22107,2019-07-19,10.1,999.6,95,23.3,23.8,5.3,3.4,6.8,12,10,12.8
22107,2019-07-20,12.2,996.1,95,22.5,22.8,6.5,4.2,5.8,9.6,9.6,10.7
22107,2019-07-21,4.3,1007,97,22.7,23.3,2.9,1.8,2.8,5.2,8.4,10.7
22107,2019-07-22,4.9,1007.8,99,23.1,23.7,1.7,1.1,1.4,2.3,7.2,9.1
22107,2019-07-23,5.4,1006.5,99,23.4,24,1.8,1.1,1.3,2.3,6.2,7.1
22107,2019-07-24,6.4,1005.8,98,24,24.1,2.1,1.3,1.5,2.4,6.1,6.4
22107,2019-07-25,4.7,1006.8,99,24.3,24.8,1.6,1,1.2,1.9,5.9,6.4
22107,2019-07-26,5.3,1005.6,98,24.9,25.5,1.4,.9,1,1.8,5.6,6.4
22107,2019-07-27,5.6,1007.1,97,25.5,25.9,1.5,.9,1.3,2.2,5.6,6.4
22107,2019-07-28,6.9,1010.2,95,25.8,26.7,2,1.2,1.4,2.6,5.9,6.4
22107,2019-07-29,5.9,1011,95,26.3,27.1,1.7,1.1,1.2,2.2,5.9,6.4
22107,2019-07-30,7.2,1009.9,94,26.8,27.4,2,1.2,1.5,2.5,5.8,6.4
22107,2019-07-31,5.5,1011.3,93,27.1,27.8,1.5,.9,1.1,1.8,5.6,6.4
22107,2019-08-01,4.1,1012,84,27.9,28.4,1,.6,.7,1.3,5,5.8
22107,2019-08-02,3.1,1011.2,83,27.7,28.8,.9,.5,.7,1.2,5.7,8
22107,2019-08-03,5.3,1009.7,80,27.7,28.2,1.6,.9,1.8,2.7,7,8
22107,2019-08-04,4.8,1009.8,80,27.9,28.1,1.9,1.1,1.4,2.6,6.8,8
22107,2019-08-05,3.1,1008.7,78,27.2,28.1,1.1,.7,.9,1.4,6.4,8
22107,2019-08-06,4,1005.6,77,27.4,28,1.1,.7,1.1,1.8,6.6,10.7
22107,2019-08-07,4.3,1006.2,81,28.3,28.5,.9,.6,.7,1.1,8,9.1
22107,2019-08-08,7.1,1007,80,28.8,28.7,2,1.2,1.8,3.3,7.8,10.7
22107,2019-08-09,8.5,1005,79,28.7,28.2,4,2.4,3.9,6.6,9.7,12.8
22107,2019-08-10,11.9,1001.5,80,28.3,27.5,5.9,3.6,4.4,7.4,10,10.7
22107,2019-08-11,12.5,997.7,85,27.8,27.2,5.7,3.4,4.1,6.8,8.5,10.7
22107,2019-08-12,8.7,1000.1,86,28,28.1,3.7,2.3,3,4.8,9,12.8
22107,2019-08-13,4.2,1001.6,80,28.4,28.7,2.3,1.4,1.7,2.8,9.8,12.8
22107,2019-08-14,8.8,997.9,77,28,28.4,2.2,1.3,1.5,2.7,9.1,12.8
22107,2019-08-15,9.6,993.9,78,27.6,28.1,2.4,1.5,1.7,2.8,5.1,6.4
22107,2019-08-16,8,999.4,69,27.6,28.1,2.3,1.4,1.8,3,5.9,6.4
22107,2019-08-17,4.3,1003.9,75,27.6,28.4,1.6,1,1.1,1.7,7,9.1
22107,2019-08-18,5.2,1006.5,68,27.3,28.3,1.4,.8,1,1.9,7.5,8
22107,2019-08-19,5.1,1008.2,72,26.5,28,1,.6,.7,1.4,7.1,8
22107,2019-08-20,4,1007.9,82,27.2,28,1.1,.6,1,1.7,5.5,8
22107,2019-08-21,6.1,1007.6,83,28,28.1,1.6,1,1.6,2.6,5.7,7.1
22107,2019-08-22,5.9,1007.7,81,27.9,28.2,2,1.2,1.8,3.2,5.5,6.4
22107,2019-08-23,2.6,1010.2,67,27.5,28.3,.9,.6,.7,1.2,4.8,6.4
22107,2019-08-24,2.8,1011.4,67,26.9,27.9,.9,.5,.8,1.3,7,10.7
22107,2019-08-25,4.5,1012.8,69,25.8,27.2,1.8,1.1,1.5,2.5,10.3,10.7
22107,2019-08-26,7.6,1010.7,81,26.5,28,2.6,1.6,1.8,3.3,8.4,9.1
22107,2019-08-27,6.7,1007.2,85,27.6,27.9,2.7,1.7,2,3.2,7,9.1
22107,2019-08-28,5.2,1007.6,83,25.8,27.7,2.1,1.3,1.8,2.8,6.3,7.1
22107,2019-08-29,4.3,1008.6,79,24,27.3,1.2,.7,1.1,1.9,5.8,6.4
22107,2019-08-30,4.5,1011,66,25.8,27.3,1.2,.7,1.1,1.7,5.4,8
22107,2019-08-31,2.6,1014.8,58,25.6,27.5,.9,.6,.8,1.3,7.1,8
22107,2019-09-01,5.3,1015.9,75,24.3,27.3,1,.6,1,1.7,5.9,8
22107,2019-09-02,5.5,1014,81,26.3,27.2,1.6,1,1.4,2.3,5,5.8
22107,2019-09-03,5.4,1013,84,26.1,27.1,1,.6,.9,1.6,4.9,5.8
22107,2019-09-04,6.4,1011.6,82,26.2,27.2,1.2,.7,1,1.7,5.3,10.7
22107,2019-09-05,6.1,1010,82,27.3,27.4,2.2,1.3,2,3.5,9.8,10.7
22107,2019-09-06,13.1,1000.2,84,26.8,27.2,5.7,3.5,6.8,13.3,10.6,12.8
22107,2019-09-07,11.5,999.7,84,24.9,25,7.3,4.7,9.7,15.5,8.8,12.8
22107,2019-09-08,3.6,1007.2,87,24.6,24.6,2.6,1.6,2.8,4.1,7,9.1
22107,2019-09-09,6.3,1006.2,86,25.5,24.6,2.8,1.7,2,3.3,6.8,9.1
22107,2019-09-10,4.2,1012.4,87,25.7,25.1,1.8,1.1,1.6,3.1,5.4,6.4
22107,2019-09-11,4.4,1013.9,85,25.2,25.7,1,.6,.8,1.3,5.4,8
22107,2019-09-12,8.4,1012.9,83,24.6,25.2,1.9,1.1,1.9,3.5,4.9,6.4
22107,2019-09-13,8.6,1011.5,71,24.9,25,2.1,1.3,1.6,2.6,5.2,7.1
22107,2019-09-14,6.5,1011.2,69,24.7,25.5,1.5,.9,1,1.8,7.1,9.1
22107,2019-09-15,7.2,1009.5,80,24.3,25.5,1.6,1,1.3,2.2,6.3,9.1
22107,2019-09-16,6,1009.4,79,24.3,25.6,2,1.2,1.3,2.5,6.2,10.7
22107,2019-09-17,5,1012.6,65,24.7,25.4,2.2,1.4,1.7,2.8,6.1,8
22107,2019-09-18,8.8,1014.9,73,23.3,25.5,2.5,1.6,2.6,4.7,6.3,8
22107,2019-09-19,7,1015.4,62,23.8,26,3.3,1.9,2.4,4.3,7.2,8
22107,2019-09-20,8.2,1012.9,66,24,26.3,2.9,1.7,2.3,3.8,6.4,8
22107,2019-09-21,13.6,1008.9,79,22.4,25.9,4.9,3,3.6,6.2,7.7,12.8
22107,2019-09-22,16.8,998.6,80,22.2,25.8,8.3,5.1,6.9,12.3,10.3,12.8
22107,2019-09-23,10,1012.7,65,21.9,25.6,3.8,2.4,4,7.1,6.7,8
22107,2019-09-24,6,1018.5,58,22.2,25.3,1.5,.9,1.5,2.5,4.8,5.8
22107,2019-09-25,4,1020.3,58,23.1,25.4,1,.6,.9,1.3,4,4.9
22107,2019-09-26,6.4,1020.4,76,24.2,25.3,1.5,.9,1.3,2.1,4.5,5.8
22107,2019-09-27,2.4,1019.9,75,24,25.6,.9,.6,.8,1.3,4.6,5.8
22107,2019-09-28,3.9,1017,84,24.9,25.3,1.1,.6,.8,1.4,4.9,6.4
22107,2019-09-29,5.1,1015.8,84,24.5,25.9,.9,.6,.7,1.3,5.2,8
22107,2019-09-30,3.6,1015.9,81,25.3,26.1,.9,.6,.8,1.2,6,12.8
22107,2019-10-01,9.1,1015.1,82,25,25.9,3,1.9,3.5,5.6,11.5,12.8
22107,2019-10-02,13.9,1002.6,82,24.6,25.5,6.8,4.2,5.8,10.1,9.6,10.7
22107,2019-10-03,9.5,1009.7,80,23.7,25.5,3.9,2.3,3.6,6.1,6.5,8
22107,2019-10-04,4.9,1013.6,71,23.5,25.3,1.4,.8,1.1,2.2,5.6,7.1
22107,2019-10-05,8.9,1016.3,72,21.9,25.6,2,1.2,2.2,3.6,5,6.4
22107,2019-10-06,10.1,1019.4,71,22.3,25.4,2.8,1.7,2,3.5,6.2,8
22107,2019-10-07,8.7,1017.1,72,22.7,25.2,1.8,1.1,1.5,2.4,4.3,5.8
22107,2019-10-08,8.7,1018.9,61,21,25,1.9,1.2,1.9,3.3,4.7,5.8
22107,2019-10-09,7.4,1018.7,52,19.6,24.8,2.2,1.3,1.9,3.2,5.9,8
22107,2019-10-10,1.9,1015.2,53,21.1,24.9,1.5,.9,1.4,2.7,11.2,12.8
22107,2019-10-11,7,1012.3,54,22.4,24.8,2.6,1.6,1.9,3.2,12.7,12.8
22107,2019-10-12,5.9,1013,62,22.3,24.8,2.6,1.6,1.9,3.7,10.2,12.8
22107,2019-10-13,7,1019.7,59,21.2,24.3,2.7,1.7,2.1,3.5,7.4,10.7
22107,2019-10-14,9.9,1023.6,67,19.8,23.2,2.8,1.7,2.4,4.4,6.2,9.1
22107,2019-10-15,10.5,1025,67,18.7,23.1,3.5,2.1,2.7,5,6.9,9.1
22107,2019-10-16,6.1,1024.4,56,19.7,23.6,2,1.2,1.6,2.6,6.2,8
22107,2019-10-17,5.3,1021.4,61,20.3,24,1.6,.9,1.4,2.5,5.2,7.1
22107,2019-10-18,7,1017.9,76,20.8,23.4,1.9,1.2,1.4,2.3,5.3,7.1
22107,2019-10-19,9,1019.5,69,20.2,23.2,2.2,1.4,1.6,2.8,5,5.8
22107,2019-10-20,6.6,1019.7,67,20.5,23.1,1.6,1,1.2,2.1,4.5,5.3
22107,2019-10-21,6,1016.2,58,20.8,22.3,1.7,1.1,1.2,2.1,5.4,7.1
22107,2019-10-22,5.5,1015.2,69,20.8,20.8,1.7,1,1.3,2,6.6,8
22107,2019-10-23,8.1,1014.5,70,21.5,22.1,2.4,1.4,1.7,3.2,5.4,6.4
22107,2019-10-24,8.4,1015.6,70,20.6,21.8,2.1,1.3,1.9,2.9,5.8,7.1
22107,2019-10-25,7.8,1017.6,72,20.2,22,1.7,1,1.4,2.3,4.4,5.8
22107,2019-10-26,10.9,1019,65,17,22.2,3,1.8,2.2,3.8,6.6,8
22107,2019-10-27,8.7,1019,59,16.7,22.4,2.1,1.3,1.8,3.6,5.3,7.1
22107,2019-10-28,3.4,1017.4,58,17.4,22.1,.8,.5,1,1.6,5.1,8
22107,2019-10-29,6.1,1017.6,57,18.4,21.3,1.3,.8,1.2,2.3,5.6,9.1
22107,2019-10-30,6.2,1021.8,59,17.1,20.3,1.4,.9,1.3,2.1,5.7,6.4
22107,2019-10-31,4.2,1022.2,61,17.9,20.9,.7,.4,.6,1.1,4.2,7.1
22107,2019-11-01,6,1021.4,73,19.3,21.1,.9,.6,.9,1.3,4,5.8
22107,2019-11-02,3.4,1019.2,69,20,21.3,1,.6,.7,1.2,4.8,6.4
22107,2019-11-03,6.1,1018.5,71,19.1,21.4,1.1,.7,1.2,2.1,4.1,6.4
22107,2019-11-04,6,1020.1,69,18.7,21.8,1.5,.9,1.1,1.8,5,6.4
22107,2019-11-05,5.4,1018.8,67,17.8,22.6,1.5,.9,1,2,4.4,6.4
22107,2019-11-06,6.1,1016.9,61,17.6,22.8,1.3,.8,1,1.7,3.4,4.6
22107,2019-11-07,9.1,1017.7,64,17.1,22.7,2.1,1.3,2.5,4.2,3.5,6.4
22107,2019-11-08,11.3,1019.8,64,14.8,22.4,3.4,2.1,2.4,4,5.3,7.1
22107,2019-11-09,9.5,1020.4,60,15.9,21.8,2.5,1.4,1.9,3.4,4.4,7.1
22107,2019-11-10,7.3,1013.9,61,17.8,21.6,1.8,.9,2.7,4.1,3.7,9.1
22107,2019-11-11,10.1,1014.7,57,17.9,21.6,3.7,2.3,2.7,5.5,3.9,8
22107,2019-11-12,6.2,1020.5,59,16.7,21.4,1.5,.9,1.6,2.7,3.9,6.4
22107,2019-11-13,5.6,1019.1,68,17.3,20,1,.5,2.3,3.3,3.1,4.9
22107,2019-11-14,9.8,1023,56,12.8,20.6,4.5,2.7,4.1,7.4,4.4,9.1
22107,2019-11-15,3,1021.2,50,14.8,20.5,1.2,.9,1.7,1.9,3.4,5.3
22107,2019-11-16,4.4,1019.7,62,18.7,20.4,1.5,,.9,1.9,2.8,2.8
22107,2019-11-17,7.4,1017.1,78,20.6,20.4,2.1,,1.7,2.9,3.1,5.8
22107,2019-11-18,12.3,1019.4,66,14.7,20.8,4.2,2.3,3.1,5.5,5.3,9.1
22107,2019-11-19,11.4,1024.9,58,11.7,20.3,4.7,2.9,3.3,5.8,6.3,8
22107,2019-11-20,8.5,1028.7,58,11.8,20,2.8,1.7,2.5,4.3,4,8
22107,2019-11-21,7.5,1027.1,60,15.9,19.8,2.1,1.2,1.6,2.7,2.8,5.8
22107,2019-11-22,8.7,1023.5,67,19.1,20,2.4,1.4,1.8,3.2,3.4,4.6
22107,2019-11-23,8.2,1021.2,74,19.3,19.3,2.4,1.5,1.7,3,4.1,9.1
22107,2019-11-24,6.7,1018.9,85,18.1,19.3,2.3,1.4,3.1,5.7,4.4,9.1
22107,2019-11-25,13.9,1025.4,70,11.4,19.7,6.3,3.9,5,9.5,5.2,9.1
22107,2019-11-26,6.6,1025.5,74,14.8,19.9,3,1.8,2.2,3.7,4.6,9.1
22107,2019-11-27,12.2,1024.2,75,12.9,20,3.4,2.2,2.9,4.8,4.1,6.4
22107,2019-11-28,11.1,1026.3,68,12,20,4.6,2.6,3.2,6.4,4.8,8
22107,2019-11-29,10.1,1029,60,11.6,19.8,3,1.9,2.4,4,4.1,7.1
22107,2019-11-30,4,1027.1,60,14.2,18.4,1.5,.9,1.2,2.2,4.8,5.8
22107,2019-12-01,8.8,1018.2,80,14.8,18.4,2.1,1.2,2.4,3.7,3.7,10.7
22107,2019-12-02,,,,,,,,2.5,4.2,,7.1
22107,2019-12-09,,,,,,,,.7,1.1,,9.1
22107,2019-12-10,5,1020.8,57,15.8,19.6,1.2,.7,.9,1.5,4.7,8
22107,2019-12-11,7.7,1018.9,61,14.9,19.4,1.8,1.1,2.5,3.8,4.7,9.1
22107,2019-12-12,9.8,1027,59,9.9,19.1,3,1.8,2.5,4.8,6.6,7.1
22107,2019-12-13,2.3,1026.8,67,11.8,19.5,1.2,.7,1.2,2.1,6.7,10.7
22107,2019-12-14,8.3,1026.4,63,12.6,19.5,2.1,1.3,2,3.3,5,9.1
22107,2019-12-15,4.8,1026.1,58,15.4,19.4,1.7,1.1,1.6,2.6,6.1,7.1
22107,2019-12-16,7.6,1021.3,66,16.5,19.1,1.5,.9,1.2,2.3,4,5.3
22107,2019-12-17,9,1016.3,82,16.2,19,2.1,1.3,2,3.6,4.4,5.8
22107,2019-12-18,12.3,1022,69,9.9,18.8,4.2,2.5,3.1,5.8,6.3,8
22107,2019-12-19,11.6,1024.6,65,9.1,18.9,3.5,2.1,2.4,4.1,6.1,7.1
22107,2019-12-20,7.4,1028.4,57,9.5,18.7,1.9,1.2,1.8,2.8,5,6.4
22107,2019-12-21,7.2,1024.6,53,11.2,18.5,1.5,.9,1.4,2.4,4.5,6.4
22107,2019-12-22,7.4,1018.3,59,12.4,18.3,2.4,1.5,1.9,3.1,5.8,7.1
22107,2019-12-23,7.6,1022,62,11.9,18.2,1.9,1.2,1.7,2.8,5.3,8
22107,2019-12-24,7,1024.2,67,11.8,18.2,1.8,1.1,1.5,2.6,5,5.8
22107,2019-12-25,6,1019.9,66,14.8,18.3,1.3,.8,1.2,2,5.1,9.1
22107,2019-12-26,11.3,1015,74,11.8,18.3,3.3,2,3.3,5.6,5.8,7.1
22107,2019-12-27,10,1024.7,57,7.9,18,4.1,2.5,3.8,6.1,7.3,9.1
22107,2019-12-28,3.6,1027.3,57,10.3,18,1.3,.8,1.3,2.1,5.6,9.1
22107,2019-12-29,8.4,1022.2,73,15,17.9,2.1,1.3,2.2,3.5,4.3,5.8
22107,2019-12-30,9,1023.9,70,12.1,,2.6,1.5,3.3,7.1,5.2,8
22107,2019-12-31,13.1,1032.1,68,4.9,17.7,5.6,3.4,4.5,7.4,7.7,9.1
22107,2020-01-01,8.1,1031.7,65,6.6,17.4,2.3,1.4,2.2,3.7,5.2,9.1
22107,2020-01-02,6.1,1029.3,64,9.4,17.3,1.3,.8,.9,1.7,3.6,4.9
22107,2020-01-03,7.4,1026.6,66,10.2,17.2,1.5,.9,1.3,2.1,3.8,4.9
22107,2020-01-04,8.3,1025.4,65,10,17.2,1.7,1.1,1.3,2.2,4.1,4.6
22107,2020-01-05,6.1,1028.1,57,11.8,17.2,1.4,.9,1.2,1.9,4.2,4.9
22107,2020-01-06,8,1022.6,70,16.4,17.2,1.8,1.1,1.5,2.3,4.2,4.9
22107,2020-01-07,11,1013,81,17,17.2,3.3,2.1,3.3,6,5.5,6.4
22107,2020-01-08,13.9,1019.3,70,9.3,17.1,6.7,4.2,5.8,9.9,8.4,9.1
22107,2020-01-09,10.3,1023,69,8.3,17.1,3.6,2.2,3.3,5,7.1,9.1
22107,2020-01-10,7.5,1021.2,68,9.7,17,2.2,1.3,2,3.3,5.1,6.4
22107,2020-01-11,9.2,1018.5,64,9.2,16.9,1.9,1.2,1.7,2.8,4.4,5.3
22107,2020-01-12,10.5,1018.8,63,8.6,16.8,2.9,1.8,2.3,4,5.7,6.4
22107,2020-01-13,7.5,1022.8,62,8,16.7,2.2,1.3,1.7,3.1,5.4,6.4
22107,2020-01-14,7,1023.7,70,7.2,16.6,1.7,1,1.6,2.6,4.6,6.4
22107,2020-01-15,8,1026.7,62,7.4,16.5,2,1.2,1.4,2.3,5,5.8
22107,2020-01-16,8.6,1024,64,7.8,16.4,1.9,1.2,1.5,2.3,4.8,5.3
22107,2020-01-17,10.1,1021.6,62,8.3,16.4,2.6,1.6,1.9,3.2,5.4,5.8
22107,2020-01-18,10.2,1021.1,61,8.1,16.4,3,1.9,2.4,3.8,5.6,6.4
22107,2020-01-19,7.9,1021.1,59,9.6,16.4,2.2,1.3,1.6,2.7,5.1,5.8
22107,2020-01-20,8.9,1023.9,56,9.6,16.6,2.4,1.5,1.7,2.9,5.3,5.8
22107,2020-01-21,7,1027.8,62,9.3,16.9,1.9,1.2,1.6,2.7,5.4,6.4
22107,2020-01-22,5.8,1020.6,82,14.1,16.8,1.3,.8,1.1,1.8,4,5.8
22107,2020-01-23,8.2,1020.7,80,12.5,16.8,1.9,1.2,1.9,2.8,5.1,6.4
22107,2020-01-24,8.9,,68,12.5,16.9,2.9,1.8,2,3.7,5.6,6.4
22107,2020-01-25,6.9,1025.4,66,13.9,16.6,2.9,1.8,2.1,3.5,6.4,8
22107,2020-01-26,8.9,1020.4,66,13,16.5,3.5,2.1,3.7,7.5,6.1,8
22107,2020-01-27,12.2,1011.9,75,11.4,16.7,5.3,3.1,3.9,6.7,8.7,10.7
22107,2020-01-28,7.8,1016.4,70,10.6,16.6,2.3,1.4,2.1,3.7,5.4,8
22107,2020-01-29,9.3,1015.6,72,9.8,16.6,3,1.8,2.6,4.7,5.6,7.1
22107,2020-01-30,10.5,1015.2,64,9.1,16.5,3.8,2.2,2.8,4.7,6.7,8
22107,2020-01-31,9,1020.8,59,8,16.9,2.8,1.7,2,3.3,6,7.1
22107,2020-02-01,7.8,1025.1,60,9.8,17.1,1.9,1.2,1.6,2.6,5.2,6.4
22107,2020-02-02,5.8,1025.7,62,9.3,17,1.2,.8,1,1.5,4.6,5.3
22107,2020-02-03,7.7,1026.3,63,8.9,16.8,1.8,1.1,1.5,2.6,4.4,5.8
22107,2020-02-04,8.1,1026,61,7.7,16.8,1.7,1,1.3,2.3,4.4,6.4
22107,2020-02-05,11.5,1029.3,71,5.4,16.5,3.3,2,2.6,4.8,5.8,8
22107,2020-02-06,9,1030.5,68,5.9,16.3,2.5,1.5,2,3.8,5.3,6.4
22107,2020-02-07,7.6,1027.6,66,8.1,16.3,1.9,1.2,1.9,3.1,5,5.8
22107,2020-02-08,11.1,1026.7,64,8.6,16.1,2.9,1.8,2.1,3.8,5.7,6.4
22107,2020-02-09,9.6,1026,58,9,16,2.4,1.5,2.1,3,5.4,6.4
22107,2020-02-10,6.4,1025,60,12,16,1.8,1.1,1.6,2.6,5.2,5.8
22107,2020-02-11,4.6,1026,60,13.3,16,1,.6,1,1.6,4.1,5.3
22107,2020-02-12,8.6,1017.1,82,14.1,16,2.8,1.7,2.3,3.8,6.2,8
22107,2020-02-13,3,1019.4,70,12.8,16.1,2.1,1.3,1.6,2.9,6.7,7.1
22107,2020-02-14,3.8,1018.9,77,14.9,16.6,1.1,.7,.9,1.7,5.8,7.1
22107,2020-02-15,7.7,1016.5,84,15.7,16.7,1.7,1.1,1.6,2.7,4.9,6.4
22107,2020-02-16,14.1,1017.4,72,6.9,16.5,6.5,3.9,4.9,8.9,8.4,9.1
22107,2020-02-17,14.7,1021.4,84,5.2,16.5,7.1,4.4,5.8,9.9,8.5,9.1
22107,2020-02-18,11.2,1027.5,65,6.8,16.3,5.5,3.3,5.2,8.7,8.2,10.7
22107,2020-02-19,6.2,1029,62,8.9,16.4,1.6,.9,1.7,2.9,5.2,10.7
22107,2020-02-20,5,1032.1,62,11.5,16.1,1.1,.7,1,1.4,4.7,10.7
22107,2020-02-21,7.2,1029.2,65,14.5,16.1,1.3,.8,1.6,2.6,3.8,4.6
22107,2020-02-22,9.9,1028.4,60,11.5,16,2.8,1.7,2.1,3.8,5.8,6.4
22107,2020-02-23,4.6,1030.4,58,8.5,16.1,2,1.3,2,3.2,6.5,7.1
22107,2020-02-24,7,1023.7,69,14.2,16.3,1.5,.9,1.4,2.7,4.7,8
22107,2020-02-25,9.4,1015.2,85,15.5,16.2,2.6,1.7,2.2,3.3,5.4,5.8
22107,2020-02-26,8.9,1021.8,81,12.1,16.1,2.4,1.5,1.9,3,5.5,6.4
22107,2020-02-27,8.5,1026.3,67,11,16,2.6,1.6,2.2,3.6,6.8,8
22107,2020-02-28,9.5,1019.5,74,12.3,16,2,1.3,1.5,2.6,5,7.1
22107,2020-02-29,7.6,1015,83,13.8,16.1,2.1,1.3,1.8,3.1,5.6,7.1
22107,2020-03-01,8.9,1017.3,77,12.9,16.1,2.3,1.5,2.3,3.6,5.1,6.4
22107,2020-03-02,11.3,1022.9,66,8.9,16.1,3.6,2.2,2.7,4.5,6.5,8
22107,2020-03-03,5,1022.7,73,11.2,16,1.8,1.1,1.6,2.7,5.9,8
22107,2020-03-04,12,1023.9,65,8.8,15.9,3.6,2.2,3.6,5.6,6,7.1
22107,2020-03-05,9.8,1025.7,60,6.9,15.8,3.6,2.2,3.5,5.6,6.6,8
22107,2020-03-06,4.3,1021.8,66,9.2,15.8,1.3,.8,1.4,2.1,6.4,9.1
22107,2020-03-07,6.3,1016,76,12.5,15.8,1.2,.7,1.3,2,4.5,9.1
22107,2020-03-08,6.4,1017.4,68,13,15.8,1.4,.9,1.2,1.7,5,6.4
22107,2020-03-09,9.1,1009.3,78,14.3,15.7,2,1.2,2.8,5.1,4.9,7.1
22107,2020-03-10,13.1,1008.7,77,11.5,15.6,5.2,3.2,3.9,6.3,7.5,8
22107,2020-03-11,9.8,,,,,3.5,2.2,3.5,5.4,7.1,9.1
22107,2020-03-12,3.9,1023,54,10.7,15.6,1,.6,1,1.7,5.3,9.1
22107,2020-03-13,,,,,,,,2,3.5,,8
22107,2020-03-14,11.4,1018.2,55,9.2,15.4,3.4,2,2.7,5.1,6.1,7.1
22107,2020-03-15,11.1,1016,57,11.9,15.3,3.5,2.1,2.6,4.9,6,7.1
22107,2020-03-16,6.3,,,,,3.4,1.9,3.5,6.4,7.7,9.1
22107,2020-03-17,6.2,1019.4,72,11.7,15.1,1.5,.9,1.1,1.8,4.9,7.1
22107,2020-03-18,5.3,1015.6,82,13.4,15.1,1.3,.8,1.3,2.1,4.3,4.9
22107,2020-03-19,9.7,1013,69,12.2,15.1,2.7,1.6,2.6,4.6,5,6.4
22107,2020-03-20,5.8,1017.5,46,11.9,15.2,2,1.2,2.3,3.8,6.1,7.1
22107,2020-03-21,5.4,1014.5,81,14.9,15.2,1.8,1.1,1.3,2.5,4.7,5.3
22107,2020-03-22,,1013.1,77,13.5,15,,,2.4,3.7,,6.4
22107,2020-03-23,,,,,,,,1.5,2.5,,5.8
22107,2020-03-24,,1020.4,68,13,15.1,,,.9,1.4,,4.9
22107,2020-03-25,6.6,1019.6,72,15.4,15.2,1.1,.7,1.1,1.7,4,5.8
22107,2020-03-26,6.7,1014.3,89,16.1,15.3,1.8,1.1,1.6,2.8,4.7,7.1
22107,2020-03-27,,,,,,,,4,5.7,,9.1
22107,2020-03-28,12.1,1018.1,60,10.3,15.3,4.4,2.7,3.5,6,7.2,9.1
22107,2020-03-29,,,,,,,,2.1,3.6,,8
22107,2020-03-30,,1019.2,60,14.3,16,,,1.3,2.4,,7.1
22107,2020-03-31,4.9,1015.8,65,14,16.1,1.7,1.1,1.2,2.1,5.1,7.1
22107,2020-04-01,,1015.8,66,11.9,15.9,,,2.6,4.7,,6.4
22107,2020-04-02,,,,,,,,2.8,4.8,,8
22107,2020-04-03,,,,,,,,1.1,1.8,,6.4
22107,2020-04-04,9,1017.3,63,11.8,16,1.9,1.2,2.5,4.2,4.3,7.1
22107,2020-04-05,,,,,,,,3.1,5.4,,9.1
22107,2020-04-06,,,,,,,,1.7,2.5,,6.4
22107,2020-04-07,,,,,,,,1.1,1.7,,4.9
22107,2020-04-08,8.6,1019.1,59,12.9,16.1,1.5,.9,1.2,2.1,4.1,4.9
22107,2020-04-09,,,,,,,,1.4,2.1,,5.3
22107,2020-04-10,7.6,1024.2,65,12.6,16,1.5,.9,1.3,2.1,4.2,5.3
22107,2020-04-11,5.8,1018.1,76,13.3,16,1.6,1,1.6,2.8,4.7,5.3
22107,2020-04-12,10.6,1011.3,70,11.3,16.1,2.7,1.6,2.2,3.5,5.5,5.8
22107,2020-04-13,10.3,1014.3,64,11.7,16,3.2,1.9,2.6,4.6,5.5,6.4
22107,2020-04-14,5,1018.1,52,13.3,15.8,1.5,.9,1.2,2,7.2,10.7
22107,2020-04-15,1.8,1015.5,61,14,16,.7,.4,.6,1,8,10.7
22107,2020-04-16,4.9,1016.8,72,15.4,16.2,1,.6,1.2,2,4.1,9.1
22107,2020-04-17,8.5,1013.3,82,15.7,16,2.6,1.5,2.3,3.9,5.3,6.4
22107,2020-04-18,8.1,1017.5,77,12.6,15.9,1.9,1.2,1.5,2.4,5,6.4
22107,2020-04-19,10.9,1009.6,82,14.3,16,3,1.8,2.8,4.8,5.5,7.1
22107,2020-04-20,8.2,1014.4,76,13.3,15.9,2.1,1.3,1.8,2.9,4.9,6.4
22107,2020-04-21,9.2,1018.9,51,12.3,15.9,2.2,1.4,1.8,3.6,5.1,7.1
22107,2020-04-22,9.1,1020.6,55,11.2,15.8,2.7,1.7,2.3,3.6,6.3,9.1
22107,2020-04-23,9.5,1020.2,54,11.3,15.7,2.7,1.7,2.2,3.5,6.2,7.1
22107,2020-04-24,6.7,1019.2,57,13,15.7,1.8,1.1,1.8,2.7,5.6,6.4
22107,2020-04-25,9.6,1015.4,75,15,15,2.4,1.5,2.1,3.5,5.1,6.4
22107,2020-04-26,7.5,1018.3,61,13.4,15.2,1.8,1.1,1.4,2.4,5.3,6.4
22107,2020-04-27,7.1,1021.3,57,14,15.1,1.3,.8,1.2,1.7,4,4.9
22107,2020-04-28,4.4,1023,59,14.1,15.4,.8,.5,.7,1.3,3.6,4.6
22107,2020-04-29,4.4,1020.8,61,15.1,15.4,.7,.4,.7,1.1,3.1,3.8
22107,2020-04-30,6.1,1017.4,83,16.3,15.4,1.3,.8,1,1.7,4,4.9
22107,2020-05-01,5.5,1015.6,87,16.4,15.4,1.6,1,1.1,1.9,5.1,5.8
22107,2020-05-02,5.2,1011.3,91,16.5,15.4,1.2,.7,.8,1.4,4.8,9.1
22107,2020-05-03,4.7,1004.9,94,15.9,15.5,1.9,1.2,1.5,2.6,5.4,8
22107,2020-05-04,6.3,1009.3,90,15.3,16,1.4,.9,1.2,2,5.9,7.1
22107,2020-05-05,5.6,1010.4,90,15.9,15.9,1.3,.8,1,1.6,5.4,7.1
22107,2020-05-06,4.7,1011.5,82,17.3,16.4,1.4,.9,1.2,1.8,4.9,7.1
22107,2020-05-07,11.2,1014.4,65,17.4,16.2,3.1,2,2.6,4.7,6.5,8
22107,2020-05-08,8.9,1012.8,84,17.4,15.9,2.3,1.4,1.9,3,7,8
22107,2020-05-09,7.3,1007,89,16.4,15.5,3.8,2.3,3.1,5.4,7.5,9.1
22107,2020-05-10,6.6,1010.5,86,15.1,15.8,2.2,1.4,1.9,3.2,6.7,8
22107,2020-05-11,4.9,1011.3,92,14.5,16,1,.6,.9,1.4,4.8,9.1
22107,2020-05-12,5.9,1010.1,79,16,16.2,1.1,.7,1.4,1.9,4.6,9.1
22107,2020-05-13,3.9,1017.9,63,15.9,16.4,1.2,.7,1.2,1.9,5.2,5.8
22107,2020-05-14,4.9,1015.9,80,17,16.4,.7,.4,.7,1.3,4.4,9.1
22107,2020-05-15,5,1008,93,17.5,16.5,2.1,1.3,1.8,3.2,5.4,7.1
22107,2020-05-16,3.5,1007.3,94,15.7,16.6,1.7,1.1,1.3,2.3,6.5,7.1
22107,2020-05-17,4,1005.9,93,15.6,16.8,1.5,.9,1.1,1.9,6.1,6.4
22107,2020-05-18,5.8,1000.7,92,17.2,16.9,1.4,.9,1.4,2.6,6,9.1
22107,2020-05-19,,1004.7,77,16.2,16.5,3.1,1.9,2.6,5.4,6.4,8
22107,2020-05-20,,1011.6,77,15.4,16.5,1.7,1.1,1.8,2.8,6.3,8
22107,2020-05-21,,1014.3,81,16.7,16.8,.9,.6,.8,1.4,4.9,7.1
22107,2020-05-22,,1011.9,84,17.3,17,1.8,1.1,1.4,2.3,5,6.4
22107,2020-05-23,,1011.3,88,17.8,17.4,1.6,1,1.2,2.2,6.2,7.1
22107,2020-05-24,,1011.4,89,18.9,18.3,1.5,.9,1,1.9,7.3,8
22107,2020-05-25,,1012.2,90,17.1,18.2,1.4,.9,1,1.6,7.7,8
22107,2020-05-26,,1010.7,82,17.2,18,.9,.5,.7,1.1,7.4,8
22107,2020-05-27,6.4,1010.1,83,17,17.7,1.1,.7,1,1.6,4.6,8
22107,2020-05-28,2.9,1011.4,85,18.1,18.2,.6,.4,.5,.7,4.4,9.1
22107,2020-05-29,4,1015,86,17.4,18.3,.7,.4,.6,.9,4.2,9.1
22107,2020-05-30,4.4,1015.8,90,18.9,18.4,.7,.4,.6,.9,4.8,9.1
22107,2020-05-31,7.5,1010.6,91,18.6,18.3,2.2,1.3,1.9,2.9,5.9,8
22107,2020-06-01,4.7,1011.7,90,18,18.4,1.3,.8,1.4,2.2,6.2,7.1
22107,2020-06-02,4.1,1008.8,90,18.4,18.7,.9,.5,.6,1.1,5,7.1
22107,2020-06-03,3.4,1005.1,93,19.4,19,.8,.5,.6,.9,4.1,5.3
22107,2020-06-04,1.8,1005.6,90,20.3,19.9,1.1,.7,.9,1.5,5,6.4
22107,2020-06-05,1.7,1007.6,94,19.9,20.2,1.2,.8,1,1.6,6,7.1
22107,2020-06-06,3.3,1008.4,89,20.4,20,1.1,.7,.9,1.3,5.5,7.1
22107,2020-06-07,2,1011.7,88,20.5,20.6,1.2,.7,.9,1.6,5.9,6.4
22107,2020-06-08,5.2,1013.6,83,21.4,20.6,1.2,.7,.9,1.5,5.3,7.1
22107,2020-06-09,7.5,1012.8,84,22.4,20.3,1.9,1.2,1.5,2.2,6.5,7.1
22107,2020-06-10,6.1,1008.5,92,21.7,20.4,1.9,1.2,1.5,2.4,6.3,7.1
22107,2020-06-11,3.4,1004.4,95,21.2,20.9,2,1.2,1.5,2.3,6.2,7.1
22107,2020-06-12,3.4,1005.2,95,21.5,21,1.8,1.1,1.3,2.5,6.5,7.1
22107,2020-06-13,5.3,1005.8,95,22.5,21.2,2.3,1.4,1.9,2.9,6.6,7.1
22107,2020-06-14,5.3,1007.5,95,22.1,21.2,2.3,1.5,1.7,2.7,6.8,7.1
22107,2020-06-15,3,1008.7,91,21.3,21.5,1.9,1.1,1.4,2.6,7,8
22107,2020-06-16,3.8,1006.9,90,21.7,21.5,1.3,.8,.9,1.7,6.6,7.1
22107,2020-06-17,4.9,1005.6,82,21.2,21.7,1.2,.7,1,1.9,5.8,7.1
22107,2020-06-18,7.7,999.5,90,21.5,21.5,2.2,1.4,1.8,2.8,5.7,7.1
22107,2020-06-19,5.8,1006,89,20.7,21.5,2.3,1.4,1.9,3.2,7.6,8
22107,2020-06-20,4,1010.1,82,21.9,22.2,1.5,.9,1.1,1.8,7.2,8
22107,2020-06-21,6.9,1007,82,21.9,22.1,1.6,1,1.4,2.3,5.7,7.1
22107,2020-06-22,5.3,1008.3,85,22.1,21.8,1.3,.8,1.2,1.9,6,7.1
22107,2020-06-23,6.8,1008,88,22.9,22.2,1.6,.9,1.3,1.9,6.3,7.1
22107,2020-06-24,7.1,1003.6,92,23.1,22.2,2.2,1.3,1.8,2.9,5.6,6.4
22107,2020-06-25,2.3,1004.2,93,22.2,22.1,1.5,.9,1.2,2.3,5.7,7.1
22107,2020-06-26,2.5,1007.8,86,22.3,22.4,1.4,.9,1.1,1.8,5.8,6.4
22107,2020-06-27,3.4,1004.5,89,22.6,22.9,1.6,1,1.2,2,6.8,7.1
22107,2020-06-28,5,1005.5,88,21.8,22.9,1.9,1.1,1.4,2.8,6.9,7.1
22107,2020-06-29,8.5,1000.1,88,22.7,22.6,2.6,1.6,4,6.3,6.7,8
22107,2020-06-30,9.1,999.4,86,21.1,21.5,4.2,2.7,4,6,7.7,9.1
22107,2020-07-01,5.4,1006.4,85,21.1,21.5,2.2,1.4,2.2,3.7,7.3,8
22107,2020-07-02,3.3,1010.4,86,21.6,21.7,1.3,.8,1,1.7,6.8,7.1
22107,2020-07-03,8.6,1006.9,88,21.8,21.6,2,1.2,1.8,3.2,6.1,8
22107,2020-07-04,4.7,1006.7,89,20.8,21.4,2.3,1.5,1.9,3,6.9,8
22107,2020-07-05,2,1004.4,89,21.1,21.6,1.3,.8,1,1.9,6,7.1
22107,2020-07-06,4,1001.2,94,22.3,21.8,1.6,1,1.5,2.6,6.2,8
22107,2020-07-07,2.6,1004.4,94,22,21.8,2.3,1.5,1.8,2.9,7.4,8
22107,2020-07-08,2.8,1005.5,88,21.9,22.3,2,1.2,1.6,2.5,6.9,8
22107,2020-07-09,4.8,1001.9,89,23.3,22.5,1.6,1,1.6,2.5,6.5,7.1
22107,2020-07-10,5.5,1001.5,92,23.1,22.7,2.7,1.7,2.1,3.3,7,8
22107,2020-07-11,2.3,1007.4,87,22.9,23,2.3,1.4,1.7,2.8,7.3,8
22107,2020-07-12,6.9,1006.7,91,23.7,23,1.9,1.2,1.4,2.7,6.3,7.1
22107,2020-07-13,8,1003,90,23.6,22.8,2.9,1.8,2.4,3.8,6.6,7.1
22107,2020-07-14,8,1004.9,82,21.9,22.6,2.7,1.7,2.1,3.4,6.2,7.1
22107,2020-07-15,5,1006.4,80,21.5,22.5,1.4,.9,1.3,2.3,5.9,7.1
22107,2020-07-16,3.6,1006.6,81,22.2,22.9,.9,.6,.9,1.3,5.7,8
22107,2020-07-17,3.3,1008.6,77,22.9,23.3,1.2,.7,1,1.8,7.1,8
22107,2020-07-18,7,1007.5,85,23.5,23.2,1.5,1,1.1,2,6.4,8
22107,2020-07-19,8,1005.2,91,25,23.4,2.3,1.4,2,3.2,6.3,7.1
22107,2020-07-20,4,1008.8,89,24.3,23.6,2.8,1.8,2.1,3.5,7.1,8
22107,2020-07-21,3.5,1011.7,91,24.1,23.8,1.9,1.2,1.6,2.6,6.5,7.1
22107,2020-07-22,2.9,1010.4,94,24.7,24.2,1.2,.7,.9,1.5,5.6,6.4
22107,2020-07-23,8.7,1004.5,90,25.3,24.1,2.1,1.3,2.5,4.2,5.4,7.1
22107,2020-07-24,11.1,1000.8,83,22.8,22.9,4.5,2.8,3.6,5.2,7.9,9.1
22107,2020-07-25,6.1,1004.8,83,22.6,21,2.4,1.5,2.1,3.5,6.1,7.1
22107,2020-07-26,1.6,1007.3,84,23.5,23.4,1.1,.7,.8,1.4,5.6,7.1
22107,2020-07-27,6,1006.6,90,24.7,23.4,1.5,1,1.2,2,5.8,7.1
22107,2020-07-28,4.7,1010.1,93,25.2,23.8,1.8,1.1,1.4,2.2,6,6.4
22107,2020-07-29,4.3,1012.5,93,25.9,24.9,1.3,.8,1.1,1.7,5.8,6.4
22107,2020-07-30,3.2,1014.5,94,26.5,26,1,.6,.7,1.2,5.1,5.8
22107,2020-07-31,3.2,1014.3,90,27.1,26.7,.9,.6,.7,1.3,5.6,8
22107,2020-08-01,5.1,1011.9,90,27.5,27,1.2,.7,.8,1.4,5.9,7.1
22107,2020-08-02,6.2,1010.6,89,28,27.3,1.6,1,1.1,1.9,5.1,5.8
22107,2020-08-03,6.5,1010.5,87,28.1,27.5,2,1.2,1.6,2.5,7,9.1
22107,2020-08-04,7.6,1011.3,87,28.3,27.4,3.7,2.3,2.8,5,10.1,10.7
22107,2020-08-05,8.6,1011.4,87,28,27.2,3.9,2.4,2.9,5.4,8.3,10.7
22107,2020-08-06,7.1,1010,89,27.6,26.7,3,1.8,2.5,4.2,7.1,8
22107,2020-08-07,7.1,1007,89,27.5,26.5,2.2,1.4,1.5,2.5,6.3,7.1
22107,2020-08-08,8.5,1004.4,87,27.8,26.6,2.8,1.8,2.2,3.6,6.9,8
22107,2020-08-09,8.1,1004.7,86,28,26.9,2.8,1.7,2,3.3,6.7,7.1
22107,2020-08-10,6,1004.4,88,28.1,27.4,3.5,2.2,3,4.8,8.1,10.7
22107,2020-08-11,7.1,1010.4,88,28.5,27.6,3.4,2.1,2.4,4.3,7.9,9.1
22107,2020-08-12,6.6,1013.2,88,28.7,27.9,3.1,1.9,2.3,3.6,8,9.1
22107,2020-08-13,6.6,1011.1,88,28.6,28.2,2.4,1.5,1.6,2.8,6.7,8
22107,2020-08-14,7.1,1009,86,28.6,28.4,2.3,1.4,1.6,2.7,6.1,7.1
22107,2020-08-15,5.3,1010.5,84,28.7,28.8,1.6,1,1.2,2,5.6,5.8
22107,2020-08-16,5,1011.9,83,29.1,28.9,1.1,.7,.9,1.6,4.9,5.3
22107,2020-08-17,2.4,1013.5,76,29.5,29.5,.9,.6,.8,1.2,4.3,4.9
22107,2020-08-18,1.7,1013,77,29,29.7,,,.5,.8,,4.6
22107,2020-08-19,2.6,1011.6,77,29,29.8,,,,,,
22107,2020-08-20,2.8,1012.3,81,28.5,29.8,,,,,,
22107,2020-08-21,3.8,1013.2,79,28.4,29.6,,,,,,
22107,2020-08-22,5.3,1011.1,79,28.4,29.7,,,,,,
22107,2020-08-23,3.2,1007.5,78,29.1,30,,,,,,
22107,2020-08-24,6.4,1004.5,76,29.9,29.8,,,,,,
22107,2020-08-25,10.5,1000.4,80,29.6,29.2,,,,,,
22107,2020-08-26,17.2,993,83,27.2,26.4,,,,,,
22107,2020-08-27,6.2,1003,93,25.3,24.6,,,,,,
22107,2020-08-28,4.7,1006.5,93,25.6,24.6,,,,,,
22107,2020-08-29,4.2,1008.9,91,26.1,25,,,,,,
22107,2020-08-30,2.4,1010.6,91,27,26.1,,,,,,
22107,2020-08-31,5.1,1009.6,85,27.5,26.2,1.3,.8,1.2,1.9,4.8,5.8
22107,2020-09-01,8.6,1005,83,27.7,25.5,2.9,1.8,3.3,4.9,8.5,12.8
22107,2020-09-02,16.6,990.2,87,25.7,25.5,8.8,5.3,7.2,12,11.5,12.8
22107,2020-09-03,7,1005.7,81,24.5,24.9,3.5,2.1,3.5,5.8,7.6,9.1
22107,2020-09-04,2.2,1013.3,76,24.7,24.5,2.1,1.3,1.9,3.2,7.2,12.8
22107,2020-09-05,6.9,1011.3,77,23.4,24.1,3,1.7,2.6,4.3,13.1,16
22107,2020-09-06,11.3,1001.1,85,22.9,24.7,4.3,2.5,3.6,6.5,13.2,16
22107,2020-09-07,11.3,999.3,83,23.7,24.4,4.6,2.8,4.3,7,7.8,16
22107,2020-09-08,4.2,1012.1,88,24.9,24.4,2,1.2,1.7,2.9,7.1,9.1
22107,2020-09-09,4.1,1011.3,80,25.2,25.1,1.5,.9,1.1,1.9,5.7,8
22107,2020-09-10,2.3,1009.1,78,24.9,25.1,.9,.5,.8,1.4,5.4,8
22107,2020-09-11,4.4,1011,80,24.1,24.5,.9,.5,.9,1.6,4.5,9.1
22107,2020-09-12,4.1,1012.6,79,23.8,24.5,1.3,.7,1.1,1.9,5.6,8
22107,2020-09-13,3.5,1014.4,78,23.6,25,1.1,.7,.7,1.3,6,9.1
22107,2020-09-14,4.5,1013.9,78,24.2,25.1,1.1,.6,.8,1.5,6.8,10.7
22107,2020-09-15,4.2,1012.2,78,24.5,25.2,.8,.3,.5,1.2,7.9,10.7
22107,2020-09-16,5.9,1009.3,84,24.4,25.1,1.2,.5,.8,1.6,4.2,5.3
22107,2020-09-17,6.1,1010.6,84,22.6,25.3,.9,.4,.5,1.5,4,9.1
22107,2020-09-18,6.1,1015.4,69,22.4,25,1.2,.4,1.1,2,4.1,6.4
22107,2020-09-19,4,1017.5,61,23.6,24.9,.9,.5,.8,1.3,4.9,5.3
22107,2020-09-20,5.1,1017,60,23.6,24.6,.9,.3,.5,1.2,4.8,8
22107,2020-09-21,5.7,1016.5,63,23.1,23.9,.9,.3,.8,1.7,4.2,8
22107,2020-09-22,7.5,1014.7,67,22.8,24.3,2,.8,1.3,3,5.3,8
22107,2020-09-23,8.4,1013.2,72,22.7,24,2.3,1,1.5,3,6.9,10.7
22107,2020-09-24,7.2,1011.3,75,22.9,23.9,2.3,1,1.4,2.9,5.8,8
22107,2020-09-25,6.7,1010.9,74,22.9,23.7,1.9,.7,1,2.7,5.7,8
22107,2020-09-26,4.5,1013.7,73,22.8,23.7,1.6,.7,1,1.9,5.4,8
22107,2020-09-27,7.4,1016.5,70,22.5,23.5,2,.7,1,2.4,5.6,8
22107,2020-09-28,7.5,1015.3,65,22.2,23.5,2.1,.9,1.3,2.5,6.5,8
22107,2020-09-29,5.7,1010.7,60,22.2,23.4,1.7,.6,1.1,2.2,6,8
22107,2020-09-30,7.6,1010.1,70,22.3,23.5,1.6,.5,1,2.3,4.7,5.8
22107,2020-10-01,3.5,1013.4,73,22.2,23.8,1.4,.8,1,1.8,5.3,5.8
22107,2020-10-02,2,1015.4,71,22.9,24,1,.6,.7,1.4,5.6,9.1
22107,2020-10-03,1.2,1015.3,69,23.2,24.1,.6,.3,.5,1.2,6.3,9.1
22107,2020-10-04,4.8,1012.7,76,22.3,23.7,.8,.4,1.1,2.1,5.1,7.1
22107,2020-10-05,11.7,1016.9,61,19.5,24.2,3.5,1.7,2.2,4.3,6.9,8
22107,2020-10-06,10,1019.8,62,19.6,24.2,2.7,1.2,1.6,3.4,6.1,7.1
22107,2020-10-07,6.3,1021.3,60,21.2,24.1,2.5,1.1,1.6,3.5,6.3,8
22107,2020-10-08,8.4,1020.1,62,21.6,24.1,4.8,2.5,3.5,6.3,9.1,10.7
22107,2020-10-09,7,1018.8,59,21.1,24,4.3,2.3,3.3,5.9,9.7,12.8
22107,2020-10-10,6.1,1017.2,62,21.6,23.7,2.8,1.4,2,4.2,9,10.7
22107,2020-10-11,4.1,1015,68,21.8,23.5,1.8,.8,1,2.2,7.3,9.1
22107,2020-10-12,7.2,1015.6,70,21.2,23.3,1.7,.6,1.2,2.5,5.1,8
22107,2020-10-13,10.4,1019.1,61,19.4,23.4,3,1.2,1.8,3.5,6,7.1
22107,2020-10-14,9.2,1022.4,55,20.1,23.1,2.6,1.1,1.5,3.2,5.9,6.4
22107,2020-10-15,8.4,1023.1,52,19.2,23,2.3,1,1.4,3.2,5.6,6.4
22107,2020-10-16,6.8,1021.6,56,19.3,23,1.6,.5,.8,2.3,5.1,5.8
22107,2020-10-17,5.8,1022.2,58,19.1,22.9,1.4,.4,.8,1.9,5.3,7.1
22107,2020-10-18,,,,,,,,.8,1.7,,9.1
22107,2020-10-19,6.5,1023,58,19.6,22.6,1.5,.6,.8,2.3,4.9,5.8
22107,2020-10-20,6.8,1023.6,61,20.5,22.2,1.9,.7,1.1,2.4,5.4,7.1
22107,2020-10-21,7.2,1017.3,78,19.9,21.9,1.8,.6,1.1,2.5,6,9.1
22107,2020-10-22,10,1013.8,68,19.1,21.7,2.4,1,2.1,4.5,5.3,8
22107,2020-10-23,12.7,1016,56,16.4,21.7,4.6,2.5,3.3,5.5,7.4,8
22107,2020-10-24,10.8,1019.9,61,16.3,21.9,3.9,1.9,2.9,5.4,7.4,8
22107,2020-10-25,7.5,1020.8,62,17.8,22.6,2.1,.6,1.3,3.4,5.4,7.1
22107,2020-10-26,7.4,1019.2,65,18,22.3,1.4,.5,.7,2,4.1,4.6
22107,2020-10-27,5.4,1020.3,66,18.9,22.1,1.1,.4,.7,1.5,4.2,9.1
22107,2020-10-28,8.2,1022,68,19.2,22.1,1.5,.6,1.2,2.7,4.4,9.1
22107,2020-10-29,10.4,1022.4,58,17,22.1,2.5,1.2,1.6,2.8,5.7,7.1
22107,2020-10-30,9,1023.1,57,17.4,21.9,2.5,1.1,1.8,3.4,6,7.1
22107,2020-10-31,7.4,1023.5,61,18.9,21.9,1.9,.9,1.4,2.6,5.8,7.1
22107,2020-11-01,3.8,1020.7,63,19.7,21.8,1,.6,.7,1.3,7,9.1
22107,2020-11-02,6.9,1019.8,67,17.7,21.5,1.3,.6,1,1.8,6,10.7
22107,2020-11-03,10.5,1021.3,58,15.6,21.8,3.1,1.6,2.7,4.6,6.1,8
22107,2020-11-04,8.6,1024.4,59,13.9,21.2,2.6,1.3,1.9,3.4,6.6,8
22107,2020-11-05,5.3,1025.2,61,17.3,21.9,1.3,.5,.9,2.1,4.5,6.4
22107,2020-11-06,4.3,1020.9,79,20.6,21.1,1.1,.6,1.1,1.8,5.5,8
22107,2020-11-07,4.9,1019.4,82,18.8,20.1,1.4,.8,1,1.7,7.6,9.1
22107,2020-11-08,9.7,1023.1,61,16.3,19.9,2.4,1.2,2.4,4.4,6,9.1
22107,2020-11-09,10.3,1025.3,56,13.8,20.7,3,1.5,2.5,4.5,6,7.1
22107,2020-11-10,6.9,1027.8,56,15,19.1,1.4,.5,1,2.3,4.9,7.1
22107,2020-11-11,6.8,1030.3,59,15,18.8,1.5,.5,1,2.4,4.6,5.8
22107,2020-11-12,5.1,1028.9,67,16.8,18.6,1.1,.5,.7,1.4,5,9.1
22107,2020-11-13,7.9,1026.9,66,16.7,18.2,1.6,.6,1.1,2.2,7.7,12.8
22107,2020-11-14,5.5,1027.1,64,18.4,18.2,1.8,1,1.2,2.2,7.2,10.7
22107,2020-11-15,3.9,1026,75,18.3,18.5,1.4,.8,1.1,1.9,7,9.1
22107,2020-11-16,4.7,1023.8,82,17.8,18.7,1.5,.9,1.1,1.9,6.4,9.1
22107,2020-11-17,4.6,1022.2,89,20.6,19.2,1.2,.8,.9,1.5,8.8,10.7
22107,2020-11-18,8.8,1016.3,86,21.8,20.3,2.5,1.5,1.9,3.4,6.4,9.1
22107,2020-11-19,9.5,1011.4,86,20.3,20.2,3.1,2,2.3,3.9,6.7,8
22107,2020-11-20,11.1,1018,73,14.4,19.7,3.4,2.1,2.5,4.4,6.5,7.1
22107,2020-11-21,6.3,1020.8,72,15.9,20.4,2.2,1.3,2,3.4,7.1,8
22107,2020-11-22,9.3,1021.2,75,15.8,20.7,2.5,1.5,3,5.6,6,7.1
22107,2020-11-23,10.9,1026.4,65,11.9,20.3,3.8,2.4,3.3,5.7,7.4,9.1
22107,2020-11-24,9.9,1026.1,62,12.5,20.4,2.4,1.5,1.9,3.5,5.5,7.1
22107,2020-11-25,9,1025.5,64,13.6,20.1,1.8,1.1,1.2,2.6,4.6,5.3
22107,2020-11-26,9,1025,68,13.4,19.6,1.6,1,1.3,2.2,4.5,5.3
22107,2020-11-27,11.5,1026.2,67,12.9,19.2,3.2,2,3.4,5.3,5.9,8
22107,2020-11-28,11.1,1028.2,60,10.5,18,4.3,2.7,3.3,5.3,7.7,9.1
22107,2020-11-29,8.9,1028.9,63,11.2,18,2.4,1.5,2,3.3,5.9,8
22107,2020-11-30,7.9,1032.7,66,10.5,18.6,1.9,1.2,1.5,2.5,5.6,6.4
22107,2020-12-01,8.3,1032,58,10,18.2,2.2,1.4,1.7,2.9,5.7,6.4
22107,2020-12-02,9.1,1027.2,58,11.7,18.3,2.2,1.4,2.1,3.6,5.6,6.4
22107,2020-12-03,10.1,1028,66,10.8,18.3,2.7,1.6,2.4,3.9,5.6,7.1
22107,2020-12-04,9.7,1028.7,62,10,18.9,3,1.8,2.6,4.1,6.3,8
22107,2020-12-05,7.4,1029.1,61,10.7,19.6,1.7,1.1,1.4,2.5,5.1,5.8
22107,2020-12-06,8.3,1027.5,62,11.4,19.5,1.6,1,1.3,2,4.4,5.3
22107,2020-12-07,7.7,1027.2,65,12.7,19.5,1.5,1,1.4,2.2,4.4,9.1
22107,2020-12-08,7.3,1027.4,67,10.8,19.1,1.9,1.2,1.4,2.2,5.7,7.1
22107,2020-12-09,5.6,1024.7,70,10.6,19,1.5,1,1.3,2.2,4.7,6.4
22107,2020-12-10,6.4,1021.7,59,12.6,18.9,1.1,.7,1,1.6,4.8,9.1
22107,2020-12-11,4.9,1019.1,70,13.7,18.9,.9,.6,.8,1.2,4.7,9.1
22107,2020-12-12,8.6,1018.1,60,12.3,19.1,2,1.2,1.9,3,4.9,5.8
22107,2020-12-13,7.2,1019.1,57,12.1,19.3,2,1.2,3.5,5.6,5.6,9.1
22107,2020-12-14,12.2,1025.8,69,6.6,18.7,4.9,3,3.7,6.2,8.3,9.1
22107,2020-12-15,8.7,1028.8,73,6.4,18.8,3.1,1.9,2.4,3.8,7.1,8
22107,2020-12-16,10.6,1029.1,67,7.3,18.5,3.7,2.4,3.1,4.9,6.9,8
22107,2020-12-17,7.3,1029.5,60,8,18.2,2.3,1.4,1.9,3.1,6,7.1
22107,2020-12-18,7.6,1028.2,57,9.7,18.6,1.7,1.1,1.9,2.7,4.9,6.4
22107,2020-12-19,11.1,1031.1,63,6.9,18.4,3.4,2.1,2.5,4,6.6,8
22107,2020-12-20,8.2,1031.4,59,8.6,18.1,2.1,1.3,1.6,3.1,5.3,6.4
22107,2020-12-21,6,1029.3,53,9.8,18,1.6,1,1.4,2.4,5.1,5.8
22107,2020-12-22,3.9,1026.9,53,11.2,18,1,.6,.8,1.3,4.5,5.8
22107,2020-12-23,2.8,1022.7,55,13.8,,.7,,.5,.8,6.8,9.1
22107,2020-12-24,9.6,1018.5,64,12.2,17.8,2.2,1.5,2.4,3.9,5.7,9.1
22107,2020-12-25,8.6,1024.1,58,8.9,17.8,3.3,2,2.7,4.4,7,8
22107,2020-12-26,4,1024.9,62,11.1,18.1,1.3,.8,1.2,1.8,6.8,9.1
22107,2020-12-27,8.5,1018.2,76,14.2,18.3,2,1.3,2.1,3.5,4.8,6.4
22107,2020-12-28,6.2,1021.7,68,14.3,18.1,1.5,.9,1.4,2.1,5,6.4
22107,2020-12-29,9.9,1017.4,79,12.7,17.9,2.8,1.7,5.5,10.6,5.5,9.1
22107,2020-12-30,15.6,1022.5,86,4.7,17.5,7.7,4.8,5.5,9.5,9.1,10.7
22107,2020-12-31,12.5,1026.2,70,6.2,17.6,6,3.7,5.3,8,8.7,10.7
22107,2021-01-01,7.5,1026.5,57,7.7,17.7,3.1,1.9,3.1,5.7,7.3,8
22107,2021-01-02,9,1027.4,59,7.9,17.6,2.3,1.4,1.7,3,5.5,6.4
22107,2021-01-03,9.2,1031.7,67,6.7,17.5,1.8,1.1,1.5,2.5,4.6,5.8
22107,2021-01-04,5.5,1029.3,60,9.3,17.3,1.3,.8,1.2,2.2,4.3,5.3
22107,2021-01-05,10,1027.4,66,8.3,17.3,2.6,1.6,2.4,4,5.5,7.1
22107,2021-01-06,10.1,1024.7,66,5.9,17.3,2.9,1.8,2.4,3.6,6.4,7.1
22107,2021-01-07,13.9,1024.6,80,3.4,17.1,6.6,4.2,6.1,8.5,9,10.7
22107,2021-01-08,13.4,1023.1,92,2.9,17.1,6.3,4,5.4,8.2,8.9,9.1
22107,2021-01-09,12.9,1023.6,80,5,16.7,6.1,3.7,4.2,7.1,8.4,9.1
22107,2021-01-10,9,1027.1,67,6.5,16.5,3.4,2.1,3.1,4.9,7,9.1
22107,2021-01-11,6.6,1025.1,72,6.4,16.4,2.4,1.4,2.5,3.8,6.4,7.1
22107,2021-01-12,8.6,1019.8,59,7.1,16.3,2.9,1.9,2.6,3.9,6.3,7.1
22107,2021-01-13,9,1018.2,52,12.1,16.3,3.1,1.9,2.2,4.1,6.3,8
22107,2021-01-14,5,1020.5,59,13.8,16.3,1.7,1.1,1.7,2.6,5.3,6.4
22107,2021-01-15,8.6,1017.7,70,14.7,16.3,1.9,1.2,1.5,2.9,4.7,5.3
22107,2021-01-16,13,1024.3,70,6.9,16.3,4.4,2.7,3.3,5.6,7.4,9.1
22107,2021-01-17,10.7,1028.1,65,5.3,16.1,4.1,2.5,3.1,5.5,7.4,8
22107,2021-01-18,10.5,1023.9,55,8.6,16.3,3.6,2.2,3,5.2,6.7,8
22107,2021-01-19,8.2,1029.2,63,6.7,16.3,3.1,1.9,2.6,4.9,6.6,8
22107,2021-01-20,5.9,1027.4,63,12.3,16.4,1.3,.8,1.2,2.3,4.9,7.1
22107,2021-01-21,6,1021.8,78,15.8,16.5,1.2,.7,.9,1.5,4.4,9.1
22107,2021-01-22,6.4,1017.5,87,13.8,16.5,1.6,1,1.2,1.9,6.5,7.1
22107,2021-01-23,9,1013.8,83,14.8,16.6,2.7,1.7,3.2,4.9,5.7,9.1
22107,2021-01-24,7.5,1022.1,66,13.3,16.5,3.5,2.2,3.4,5.6,8,10.7
22107,2021-01-25,9.8,1022.4,69,14,16.3,3.1,1.9,2.4,3.9,7.3,9.1
22107,2021-01-26,10.5,1017.4,82,12.3,16.1,2.9,1.8,2.4,3.9,6,8
22107,2021-01-27,10,1020.5,60,9.7,16,3.1,1.9,2.5,4,6.3,7.1
22107,2021-01-28,11.2,1019.8,62,9,16,4.4,2.6,5.3,9.3,6.8,10.7
22107,2021-01-29,10.1,1026.4,64,5.3,15.9,4.9,3,5.4,8.3,8.5,10.7
22107,2021-01-30,4.8,1027.9,59,9.2,16.1,1.6,1,1.3,2.2,5.6,7.1
22107,2021-01-31,7.3,1026.1,64,13.6,16.2,1.6,1,1.8,2.7,4.6,5.8
22107,2021-02-01,7.7,1018.9,80,13,16,2.7,1.7,2.4,3.9,6.5,7.1
22107,2021-02-02,11.9,1025.4,64,6.1,15.9,4,2.5,3,5.2,6.7,8
22107,2021-02-03,5.6,1026.5,56,7.5,16,2.1,1.3,2.1,3.5,6.2,7.1
22107,2021-02-04,9.2,1026.2,66,8.4,16,2.5,1.6,2,3.4,5.9,7.1
22107,2021-02-05,3.7,1021.8,53,10.5,16,1.2,.7,1.2,2,6,9.1
22107,2021-02-06,4.9,1018.4,72,11.7,16.1,1,.6,1,1.7,5.3,9.1
22107,2021-02-07,7,1020.8,72,12.7,16.1,1.8,1.1,2,3.2,5,5.8
22107,2021-02-08,13.5,1026.9,70,6.1,15.8,4.7,2.8,3.5,6.5,7.1,8
22107,2021-02-09,9,1027.9,68,6.9,15.8,2.4,1.5,2.4,4.3,5.5,7.1
22107,2021-02-10,5.7,1025.4,65,9.8,15.8,1,.6,.8,1.4,4.3,7.1
22107,2021-02-11,5.7,1023.6,67,12.8,15.8,.9,.6,.8,1.2,3.9,8
22107,2021-02-12,4.6,1023.3,50,14.3,15.9,1.3,.8,1.2,2,6.4,9.1
22107,2021-02-13,3.6,1022.6,63,15,15.9,2.2,1.4,1.6,2.6,9.5,10.7
22107,2021-02-14,4.3,1014.3,81,15.3,16,2.1,1.3,1.5,2.5,10.2,10.7
22107,2021-02-15,11.8,1014.3,75,9.3,15.9,3.9,2.4,3.8,6,8.1,10.7
22107,2021-02-16,9.7,1018.1,64,7.1,15.7,3.7,2.3,3.9,5.6,7.3,9.1
22107,2021-02-17,15,1020.9,73,5.3,15.6,6.2,3.9,5.4,7.8,8.5,9.1
22107,2021-02-18,13.5,1023.7,79,5.7,15.7,6.2,3.8,4.7,7.8,8.4,10.7
22107,2021-02-19,8,1021.4,65,9.1,15.7,2.6,1.6,2.7,4.5,6.6,8
22107,2021-02-20,10.3,1015.2,69,14.6,15.7,3.4,2.2,3.1,4.9,6.2,7.1
22107,2021-02-21,9.5,1014.9,75,15.9,15.7,2.9,1.7,2.1,4,5.6,6.4
22107,2021-02-22,9.3,1015.6,77,13.7,15.7,2.7,1.6,3,4.7,5.4,7.1
22107,2021-02-23,11.8,1023.1,64,8.8,15.6,3.8,2.4,3.1,4.8,7.4,9.1
22107,2021-02-24,7.1,1022.6,66,12.2,15.6,2.2,1.4,1.9,3.2,5.8,7.1
22107,2021-02-25,11.5,1017.7,73,13.7,15.6,2.5,1.6,2.8,4.3,5.3,7.1
22107,2021-02-26,10.5,1016.1,72,13.2,15.5,4.9,3.1,4,6.3,8.5,10.7
22107,2021-02-27,15.2,1021.5,70,13.1,15.4,6.3,3.8,4.8,8.7,9.7,10.7
22107,2021-02-28,11,1021.8,80,14.8,15.3,3.8,2.4,3.2,4.9,7.7,9.1
22107,2021-03-01,9.5,1015,89,14.7,15.3,3.9,2.4,3,5,7.9,10.7
22107,2021-03-02,12.3,1023.5,72,8.4,15.1,4.5,2.9,3.8,6.3,7.9,9.1
22107,2021-03-03,6.2,1027.7,62,10.9,15.2,1.9,1.2,1.7,2.7,6.4,8
22107,2021-03-04,7.3,1020.2,81,13,15.2,2,1.3,2.5,3.5,6.2,10.7
22107,2021-03-05,7.8,1019.2,81,12.5,15.2,2.5,1.5,2.4,3.9,7.1,8
22107,2021-03-06,10.2,1023,77,12.8,15.2,2.9,1.8,2.8,5.6,5.8,8
22107,2021-03-07,8.2,1026.2,72,11.8,15.1,3,1.9,2.7,4.1,7.6,9.1
22107,2021-03-08,5.4,1025.9,76,11,15.3,1.8,1.1,1.2,2.4,5.9,10.7
22107,2021-03-09,6.9,1025,65,11.9,15.5,1.8,1.1,1.7,3,5.3,6.4
22107,2021-03-10,9.7,1026.5,69,12.8,15.6,2.1,1.3,1.7,2.9,4.9,6.4
22107,2021-03-11,8,1023.4,80,15.1,15.6,1.7,1.1,1.2,2.3,5.1,8
22107,2021-03-12,9.3,1017.7,84,12.9,15.6,2.7,1.7,2.4,4.2,5.9,7.1
22107,2021-03-13,6.9,1021.4,76,12.2,15.6,1.8,1.1,1.9,2.9,5.4,8
22107,2021-03-14,5.8,1020.7,73,12.7,15.6,.9,.6,.8,1.3,5.1,9.1
22107,2021-03-15,5.7,1017.1,74,15.4,15.6,.9,.5,.9,1.5,5.4,9.1
22107,2021-03-16,9.8,1015,82,12.8,15.6,2.3,1.5,2.1,3.4,5.4,6.4
22107,2021-03-17,8.2,1017.6,72,12.5,15.6,2.3,1.4,2,3.4,5.9,7.1
22107,2021-03-18,5.1,1018.1,73,15,15.7,1.6,1,1.3,2.3,6,7.1
22107,2021-03-19,9.4,1015.8,80,15.5,16,2.2,1.4,1.9,3.1,5.8,7.1
22107,2021-03-20,10.1,1010.7,89,14.4,16,2.7,1.7,2.1,3.5,5.9,7.1
22107,2021-03-21,13.7,1017.6,67,10.2,15.7,4.7,2.9,3.8,7,7.1,9.1
22107,2021-03-22,10.5,1024.2,53,10,15.6,4,2.5,3.6,6.2,7.6,9.1
22107,2021-03-23,6.6,1024,56,12.6,15.8,2.1,1.3,2,3.8,6.1,7.1
22107,2021-03-24,4.1,1020.6,72,14.9,16,1.3,.8,1,1.6,4.6,5.3
22107,2021-03-25,4.4,1021.2,79,14.7,15.9,1.1,.7,.8,1.5,5,6.4
22107,2021-03-26,5.1,1020.6,72,15.6,15.9,.9,.6,.7,1.1,5.8,9.1
22107,2021-03-27,8.5,1010.7,87,17,16,2.1,1.3,2,3.5,5.1,7.1
22107,2021-03-28,6.4,1008.2,86,13.8,15.8,2.4,1.5,2,3.6,7.6,9.1
22107,2021-03-29,5.2,1010,70,14.8,15.9,1.3,.8,1.2,2.1,7.2,9.1
22107,2021-03-30,6.5,1010.8,63,14.9,16,1.2,.7,1,1.4,4.6,7.1
22107,2021-03-31,7.3,1012.4,73,16.3,15.8,1.5,.9,1.5,2.5,5.5,10.7
22107,2021-04-01,13.2,1012.3,79,15.8,16,3.2,1.9,2.9,4.3,6.3,8
22107,2021-04-02,13,1013.9,83,17.1,15.9,4.1,2.5,3,5.3,7.9,9.1
22107,2021-04-03,7.4,1012.4,93,15.8,15.9,3.5,2.1,2.6,4.9,8.1,9.1
22107,2021-04-04,11.2,1014.8,86,12.3,15.7,3.8,2.4,3.3,5.3,7,9.1
22107,2021-04-05,7.4,1020.2,66,13.7,16.1,3,1.8,2.9,4.2,7.3,9.1
22107,2021-04-06,7,1020.9,64,14,16.4,2,1.2,1.5,2.4,6.5,9.1
22107,2021-04-07,7.8,1020,69,15.2,16.3,1.5,.9,1.1,1.7,4.1,4.6
22107,2021-04-08,8.7,1019.3,67,14.8,16.4,1.7,1.1,1.6,2.5,4.5,5.8
22107,2021-04-09,9.5,1022.8,66,15.7,16.4,2.2,1.4,1.6,2.6,5.1,5.8
22107,2021-04-10,11,1028.2,71,16.1,16.4,3,1.8,2.1,3.7,6.1,8
22107,2021-04-11,9.7,1027.4,74,17.3,16.3,2.5,1.4,1.7,3.2,5.9,8
22107,2021-04-12,10.1,1017.4,91,17.8,16.3,3.1,2,2.7,4.4,6.5,8
22107,2021-04-13,10.6,1016.6,84,13.7,16.1,3.2,1.9,2.3,4.3,6.7,8
22107,2021-04-14,10.4,1019.8,65,12.4,16,3.2,2,2.9,4.8,6.2,8
22107,2021-04-15,5.2,1018.7,61,15.7,16.4,1.2,.7,1.2,2.2,5.1,10.7
22107,2021-04-16,2.6,1017.2,74,17.1,16.6,1,.6,.8,1.4,6.6,8
22107,2021-04-17,9.1,1017.9,70,15.2,16.4,2.2,1.3,2.5,4,5.4,7.1
22107,2021-04-18,10.3,1020,58,14.7,16.1,2.8,1.8,2.5,3.9,5.7,7.1
22107,2021-04-19,5.1,1019.8,57,15.7,16.3,1.2,.7,1,1.8,8.2,12.8
22107,2021-04-20,4.6,1020.9,61,16.3,16.4,1.3,.8,.9,1.8,11.7,12.8
22107,2021-04-21,3.7,1021,76,,16.6,1.4,.8,1,1.8,7.5,12.8
22107,2021-04-22,7.4,1017,86,,16.7,2.3,1.4,1.9,3.1,8.1,12.8
22107,2021-04-23,10.6,1014.6,87,,16.9,3.4,2.1,2.3,3.9,6.2,10.7
22107,2021-04-24,9,1017.7,83,,17,3.2,2,2.3,4.1,4.8,6.4
22107,2021-04-25,6.9,1018.8,,,17.1,3,1.9,2.2,4,6.3,10.7
22107,2021-04-26,10.8,1020,89,,17.2,2.9,1.8,2.2,3.6,4.8,6.4
22107,2021-04-27,5.3,1018.9,86,,17.3,1.8,1,1.7,2.8,4.9,6.4
22107,2021-04-28,2.9,1016.9,87,,17.6,1.3,.8,1,1.7,4.2,6.4
22107,2021-04-29,6.5,1008.9,90,,17.9,1.3,.8,1.6,2.8,3.7,5.3
22107,2021-04-30,7.2,1006.9,37,,17.7,2.1,1.3,1.9,3.3,3,3.4
22107,2021-05-01,9.3,1009,33,,17.5,2.5,1.6,2.1,3.5,3.1,5.8
22107,2021-05-02,8.8,1018.1,34,,17.3,2.4,1.5,2,3,3.6,6.4
22107,2021-05-03,5.3,1019.2,35,,17.5,1.3,.8,1.1,1.7,3.3,6.4
22107,2021-05-04,10.2,,,,17.5,3,1.9,2.9,5.1,3.5,6.4
22107,2021-05-05,6.9,,,,17.4,2.9,1.8,2.7,4.3,3.8,6.4
22107,2021-05-06,4,,,,17.6,1.1,.7,1,1.9,4.2,7.1
22107,2021-05-07,7,,,,17.8,1.3,.8,1.1,2,2.3,4
22107,2021-05-08,4.6,,,,17.7,1.2,.7,1.1,1.8,2.9,4.3
22107,2021-05-09,4.3,,,,17.9,1.2,.8,1,1.5,3,5.3
22107,2021-05-10,5.7,,,,18.2,1.1,.7,.9,1.5,3.7,8
22107,2021-05-11,10.8,,,,18.2,2.3,1.4,2.2,3.8,3.2,8
22107,2021-05-12,9.5,,,,18.4,2.8,1.8,2,3.4,3.7,7.1
22107,2021-05-13,2.5,,,,18.9,1.7,1.1,1.4,2.2,3.8,6.4
22107,2021-05-14,5.6,,,,19,1.2,.7,.9,1.4,3.2,6.4
22107,2021-05-15,5.3,,,,19.1,1.8,1.1,1.9,3.3,3.2,5.8
22107,2021-05-16,7.5,,,,19.1,2.6,1.6,1.9,3.3,3.7,8
22107,2021-05-17,7.9,,,,19,2.8,1.7,2.3,4,4.1,7.1
22107,2021-05-18,4.6,,,,18.8,1.4,.8,1.1,1.9,3.2,6.4
22107,2021-05-19,2.8,,,,19.1,.7,.4,.5,.9,4.5,7.1
22107,2021-05-20,8.9,,,,18.8,1.8,1.1,1.7,3.1,3.6,10.7
22107,2021-05-21,6.8,,,,18.8,2.3,1.4,1.8,3,3.1,3.6
22107,2021-05-22,4.8,,,,18.9,1.1,.7,1,1.6,3.2,5.8
22107,2021-05-23,3.5,,,,19.3,.6,.3,.5,.9,3.7,5.8
22107,2021-05-24,6.2,,,,19.3,.9,.6,.9,1.4,2.9,4.9
22107,2021-05-25,6.7,,,,19.2,1.3,.8,1.3,1.9,2.5,4.9
22107,2021-05-26,5.5,,,,18.9,1.1,.7,1.3,2.3,3.9,5.8
22107,2021-05-27,4.6,1005.2,93,19.9,18.9,1.6,1,1.4,2.2,6.2,8
22107,2021-05-28,8.1,1005.1,91,20.7,19.1,2.2,1.4,1.8,2.7,6.1,7.1
22107,2021-05-29,4,1008.7,79,20.2,19.3,1.6,1,1.5,2.5,5.6,6.4
22107,2021-05-30,4,1009.2,92,21.1,19.7,1,.6,.7,1.3,6.3,8
22107,2021-05-31,3.9,1011.1,96,21.6,20.1,.7,.4,.6,1,5.8,8
22107,2021-06-01,5.3,1013.4,96,22,20.3,1,.6,.7,1.4,4.9,7.1
22107,2021-06-02,6.4,1012.2,92,22.7,20.2,1.7,1.1,1.5,2.3,6.5,8
22107,2021-06-03,7.6,1003.4,,21.9,20.5,2.7,1.7,2,3.4,6.6,8
22107,2021-06-04,5.5,1005.1,87,21.1,20.4,1.8,1.1,1.5,2.9,5.3,9.1
22107,2021-06-05,6.7,1005.3,91,21.8,20.7,1.8,1.1,1.2,2.1,5.2,9.1
22107,2021-06-06,5.1,1009,89,21.8,21,1.6,1,1.2,1.9,5,9.1
22107,2021-06-07,4.1,1014.4,96,22.7,21.4,1.3,.8,1,1.9,7.8,9.1
22107,2021-06-08,5.7,1014.5,,23.3,21.5,1.1,.7,.9,1.6,5.8,7.1
22107,2021-06-09,6.5,1014.2,98,23.7,21.8,1.4,.8,1,1.7,6.1,7.1
22107,2021-06-10,8.6,1011.3,98,24,21.6,1.7,1.1,1.7,2.7,4,5.3
22107,2021-06-11,4.7,1009.4,,23,21.8,2.1,1.3,1.6,2.4,6.1,7.1
22107,2021-06-12,5.1,1011.6,97,22.6,22,1.4,.9,1.2,2,6.5,7.1
22107,2021-06-13,3.1,1009.7,93,21.3,22.3,.8,.5,.7,1.2,5.7,7.1
22107,2021-06-14,3.8,1006.3,92,22.8,22.4,.6,.4,.7,1.1,5.5,8
22107,2021-06-15,7.6,999.8,,23.9,22.4,1.5,.9,1.2,2,4,5.3
22107,2021-06-16,8.2,1000.7,86,24,22.1,2.9,1.8,2.2,3.6,6.1,7.1
22107,2021-06-17,7.1,1005.3,90,23.2,21.7,2.2,1.3,1.7,2.9,7.5,8
22107,2021-06-18,2.5,1002.9,94,23.3,21.9,1.7,1.1,1.2,2.3,7.8,9.1
22107,2021-06-19,3.8,1002.5,92,23.2,22.3,1.4,.9,1,1.8,7.8,8
22107,2021-06-20,2.9,1003.3,84,24.3,23.2,1,.6,.7,1.5,7.2,8
22107,2021-06-21,3.5,1005.1,88,24.4,23.2,.8,.5,.6,1,7.2,8
22107,2021-06-22,5.2,1008.6,87,24.4,23,1.2,.7,1,1.7,5.4,7.1
22107,2021-06-23,2.9,1011,86,24.7,23.7,.9,.6,.7,1.1,6.9,8
22107,2021-06-24,3.9,1011.4,84,25.3,23.9,.9,.5,.7,1.1,7.1,8
22107,2021-06-25,5.1,1010.9,82,25.4,23.9,.8,.5,.7,1.1,5.4,7.1
22107,2021-06-26,7,1009,88,25.5,24,1.4,.9,1.4,2,5.1,7.1
22107,2021-06-27,5.9,1006.2,85,25.8,24.1,2.6,1.6,2,3.5,7.3,8
22107,2021-06-28,6,1004.1,86,25.5,24.2,1.9,1.1,1.4,2.5,6.1,8
22107,2021-06-29,4.2,1005.8,82,25.6,24.4,1.6,1,1.2,2.2,7.1,8
22107,2021-06-30,6.3,1006.1,86,25.8,24.5,1.8,1.1,1.4,2.5,7.6,8
22107,2021-07-01,4.4,1006,87,26.1,24.8,1.7,1,1.2,2.2,7.5,8
22107,2021-07-02,6.8,1007.7,90,26.2,25,1.7,1.1,1.4,2.3,6.7,7.1
22107,2021-07-03,10.5,1004.7,94,26.9,24.6,2.8,1.8,2.7,4.3,5.5,7.1
22107,2021-07-04,4.5,1008.3,94,25.8,24.7,3.2,2,3,4.5,6.9,8
22107,2021-07-05,7.2,1009.9,95,27.1,25,2.5,1.6,1.9,3.2,6.3,7.1
22107,2021-07-06,8.4,1009,94,27.5,25.3,2.9,1.8,2.1,3.7,6.2,6.4
22107,2021-07-07,7.2,1008.4,95,27.8,25.5,2.9,1.7,2.2,3.9,6.6,8
22107,2021-07-08,4.9,1007,95,27.3,25.7,2.7,1.6,1.9,3.1,7.3,8
22107,2021-07-09,5.4,1007.2,91,27.3,25.9,2,1.3,1.6,2.8,6.8,7.1
22107,2021-07-10,5.7,1009.2,90,27.7,26.1,2,1.2,1.7,3,6.4,7.1
22107,2021-07-11,4.8,1011.2,94,28.3,26.4,1.8,1.1,1.4,2.3,6,6.4
22107,2021-07-12,6.3,1010.5,93,28.6,26.7,1.9,1.2,1.5,2.6,5.8,6.4
22107,2021-07-13,7.5,1010.2,93,29.1,26.9,2.4,1.5,1.8,3.4,6.4,7.1
22107,2021-07-14,7.1,1012.2,92,29,27.1,2.3,1.4,1.6,2.9,6.4,7.1
22107,2021-07-15,5.6,1014.1,90,29.1,27.7,1.5,.9,1.2,2,5.7,6.4
22107,2021-07-16,4,1013.7,85,29.4,28.1,1.1,.7,.8,1.4,4.7,5.8
22107,2021-07-17,6.5,1010.4,82,28.7,28,1.4,.8,1.2,2.4,4.4,5.3
22107,2021-07-18,8.8,1009.2,86,28.4,27.9,2.2,1.3,1.7,2.8,5.8,7.1
22107,2021-07-19,8.2,1011.3,84,29.4,28.1,2.3,1.4,1.6,2.8,6.5,10.7
22107,2021-07-20,7.5,1012.2,83,29.7,28.3,2.5,1.6,2,3.2,9.3,10.7
22107,2021-07-21,8.8,1010.1,80,29.6,28.3,3.3,2.1,2.6,4.2,10.2,10.7
22107,2021-07-22,10.2,1008.1,83,29.5,28.1,3.2,2,2.3,4.1,9.3,10.7
22107,2021-07-23,9.3,1006.8,85,29.4,27.8,3.2,1.9,2.4,3.9,9,10.7
22107,2021-07-24,9.6,1005.1,84,29.5,27.5,3.8,2.3,3.2,5.7,9.4,10.7
22107,2021-07-25,12.5,1002.3,85,29.2,27,7.2,4.5,6,9.1,11.3,12.8
22107,2021-07-26,11.4,1001.3,89,28.5,26.5,5.5,3.3,4.3,7.5,8.7,9.1
22107,2021-07-27,8.1,1001.5,89,28.4,26.4,3.1,1.9,2.2,3.8,7.8,9.1
22107,2021-07-28,6.7,1002.4,89,28.4,26.7,2,1.3,1.7,2.9,8.2,9.1
22107,2021-07-29,5.7,1002.3,88,28.4,27.2,1.4,.9,1,1.6,8.4,9.1
22107,2021-07-30,6.2,1001.6,93,28.7,27.4,1.3,.8,1,1.7,8.3,9.1
22107,2021-07-31,3.9,1001.5,96,28.9,27.6,1.3,.8,.9,1.7,7.9,9.1
22107,2021-08-01,4.4,1001,92,29.2,27.7,1.3,.8,1,1.9,8.1,9.1
22107,2021-08-02,5.2,1002.6,90,29.6,28,1.5,.9,1.1,2,6.8,8
22107,2021-08-03,7.2,1006.7,89,29.7,27.5,2.2,1.4,1.6,2.7,6.5,7.1
22107,2021-08-04,6.4,1008,88,29.5,27.3,2.2,1.4,1.6,2.7,6.9,8
22107,2021-08-05,5.5,1005.6,88,29.6,27.8,2.1,1.2,1.4,2.5,6.5,8
22107,2021-08-06,4.3,1002.8,85,29.6,28.5,2.1,1.3,1.4,2.6,7.5,9.1
22107,2021-08-07,5,1002.4,87,29.5,28.5,1.8,1.1,1.3,2.3,7.8,9.1
22107,2021-08-08,6.9,1001.1,88,29.3,28.8,1.9,1.2,1.5,2.4,8.5,9.1
22107,2021-08-09,7.4,1004.2,83,29.3,28.4,2.1,1.3,1.6,2.9,8.1,9.1
22107,2021-08-10,3.9,1008.6,79,29.3,28.7,1.3,.8,1,1.8,7.7,9.1
22107,2021-08-11,5.2,1008.3,89,28.5,28.3,1.9,1.2,1.8,3.1,6.1,7.1
22107,2021-08-12,5.4,1008.3,88,28.2,27.9,1.6,1,1.4,2.1,6,6.4
22107,2021-08-13,7.3,1004.1,88,27,27.3,2.6,1.6,2.2,3.6,7.2,9.1
22107,2021-08-14,6.4,1005.2,86,26.4,26.5,2.8,1.7,2.2,3.8,7.1,8
22107,2021-08-15,7.3,1011.8,81,27.6,26.3,2.4,1.5,2.1,3,7.2,8
22107,2021-08-16,9.5,1010.5,87,27.4,26.2,2.4,1.5,1.7,2.8,5.5,6.4
22107,2021-08-17,6,1008.4,81,27.4,26.3,1.7,1,1.4,2.7,6.3,7.1
22107,2021-08-18,2.4,1008.8,80,27.6,26.9,1.2,.7,1,1.6,6.5,7.1
22107,2021-08-19,3.8,1011.3,82,27.6,26.6,1,.6,.8,1.3,6.2,7.1
22107,2021-08-20,6.7,1011,86,28.3,26.7,1,.6,.8,1.5,4.3,6.4
22107,2021-08-21,8.8,1006.7,92,28.5,26.5,2.9,1.8,2.7,5.6,6.1,8
22107,2021-08-22,3.3,1009.8,95,28.1,26.4,2.3,1.5,2.1,3.1,6.5,7.1
22107,2021-08-23,6.7,1005.9,95,28.5,26.5,3.1,2,4,6.9,9.1,10.7
22107,2021-08-24,8.9,1003.5,94,29.1,26.5,4.5,2.7,3.3,6.3,8.2,10.7
22107,2021-08-25,7.4,1007.4,94,28.9,26.3,3.3,2,2.5,3.9,7.3,8
22107,2021-08-26,3.2,1013.4,93,28.4,26.7,2.2,1.4,1.8,3.7,7,8
22107,2021-08-27,6.7,1013.6,93,29,26.9,1.8,1.1,1.3,2.2,5.8,6.4
22107,2021-08-28,5.4,1014.2,92,29,27.2,1.5,1,1.3,2.2,5.4,6.4
22107,2021-08-29,5.2,1014.3,91,29.3,27.6,1.2,.8,.9,1.4,4.7,5.3
22107,2021-08-30,3.3,1015.6,87,29.2,27.9,.9,.6,.8,1.3,4.6,5.8
22107,2021-08-31,4,1014.7,83,29.4,28,.9,.5,.8,1.3,4.2,5.3
22107,2021-09-01,6.8,1010.9,88,29.4,27.8,1.8,1.1,1.5,2.3,4.9,5.8
22107,2021-09-02,5.7,1009,83,28,27.7,1.4,.8,1,1.8,5,5.8
22107,2021-09-03,5.8,1006.9,87,27.6,27.8,1.6,1,1.3,2.1,4.8,5.8
22107,2021-09-04,10.1,1012.1,,28.3,27.7,2,1.2,1.5,2.3,4.1,5.8
22107,2021-09-05,11.9,,,,,2.4,1.5,1.6,2.9,3,5.3
22107,2021-09-06,11.8,,,,,2.5,1.5,1.8,3.1,2.9,6.4
22107,2021-09-07,3,,,,,1.4,.9,1.2,2,3.3,7.1
22107,2021-09-08,1.7,,,,,2.1,1.3,2,3.3,3.6,7.1
22107,2021-09-09,2.1,,,,,.9,.5,.7,1.3,3.3,6.4
22107,2021-09-10,4.7,,,,,1,.6,.9,1.6,3.6,5.3
22107,2021-09-11,5,,,,,1.2,.7,1,1.7,4.3,9.1
22107,2021-09-12,7.7,,,,,2.4,1.4,1.9,3.5,6.6,12.8
22107,2021-09-13,15,,,,,5.8,3.6,5.6,8.7,6.6,12.8
22107,2021-09-14,12.9,,,,,6.5,4.1,5.3,8.4,5.1,9.1
22107,2021-09-15,16.3,,,,,5,3.1,3.3,5.8,4.1,7.1
22107,2021-09-16,16.1,,,,,5.5,3.3,4.5,7.1,5.1,9.1
22107,2021-09-17,13.1,,,,,4.8,2.8,4.5,6.9,3.8,7.1
22107,2021-09-18,6.1,,,,,2,1.2,1.8,3.2,3.3,5.8
22107,2021-09-19,8,,,,,1.5,1,1.2,1.9,2.5,3.4
22107,2021-09-20,7.4,,,,,1.3,.8,1.1,1.9,2.7,6.4
22107,2021-09-21,3.4,,,,,2.1,1.2,1.5,2.7,3.3,7.1
22107,2021-09-22,6,,,,,1.5,.9,1.2,2,3,5.3
22107,2021-09-23,6.3,,,,,1,.6,.7,1.2,3,4.9
22107,2021-09-24,7,,,,,1.3,.8,1.3,2.4,2.3,3.6
22107,2021-09-25,9.6,,,,,2.2,1.3,1.6,2.8,3,4.3
22107,2021-09-26,10.3,,,,,2.1,1.3,1.6,2.7,2.7,4.9
22107,2021-09-27,5.8,,,,,1.9,1.1,1.4,2.5,4.5,10.7
22107,2021-09-28,6.5,,,,,2,1.2,1.4,2.4,6.5,12.8
22107,2021-09-29,3.3,1009,90,27.5,25.7,2,1.2,1.5,2.5,6.1,10.7
22107,2021-09-30,8.3,1007.1,85,25.5,25.6,2.9,1.9,2.2,3.7,7,12.8
22107,2021-10-01,6.8,1009.4,80,25.6,25.1,2.1,1.2,1.8,3.8,7.9,12.8
22107,2021-10-02,3.7,1014.7,77,26.2,25.3,1.1,.7,.9,1.5,4.1,7.1
22107,2021-10-03,5.9,1019.3,82,27.1,25.3,1,.6,.8,1.5,2.9,6.4
22107,2021-10-04,6,1021.2,79,27.9,25.4,2.1,1.3,1.7,2.7,3.2,5.8
22107,2021-10-05,3.3,1020.9,81,27.9,25.7,1.8,1.1,1.4,2.1,3.8,7.1
22107,2021-10-06,4.4,1018.5,76,27.4,25.8,1.6,1,1.1,1.9,4.3,8
22107,2021-10-07,3.6,1016.7,66,27.8,26.1,1.3,.8,1,1.7,4.4,9.1
22107,2021-10-08,6.2,1018.1,75,27.5,26.3,1.6,1,1.4,2.3,3.8,6.4
22107,2021-10-09,6.5,1019.7,85,27.5,26.2,1.8,1.1,1.4,2.2,3.3,7.1
22107,2021-10-10,3.5,1017.9,88,27.9,26.1,2.2,1.3,1.6,2.7,4.4,8
22107,2021-10-11,3.6,1017.4,87,24,,3.6,2.2,3,4.8,4.8,8
22107,2021-10-12,,1019.1,88,25.6,,3.5,2.1,2.5,4.3,5.7,10.7
22107,2021-10-13,7.3,1020.1,86,26.1,,3.3,2,2.4,4,4.8,5.8
22107,2021-10-14,2.1,1019,79,26.5,,2.4,1.5,1.9,3,6,10.7
22107,2021-10-15,2.9,1016.6,78,25.6,,1.7,1,1.4,2.2,4.9,9.1
22107,2021-10-16,3.7,1019,79,20.2,,5.3,3.2,4.9,9.5,4.7,10.7
22107,2021-10-17,2.7,1024.3,65,16.6,,5.7,3.6,5.2,7.9,4.8,9.1
22107,2021-10-18,1.4,1022.9,54,17.9,,2.2,1.4,2.6,3.8,3.6,6.4
22107,2021-10-19,,1020.2,61,19.7,,2,1.3,2.3,3.7,3,4.9
22107,2021-10-20,,1020.7,61,17.9,,2.9,1.8,2.7,4.7,4.5,8
22107,2021-10-21,,1018.9,64,18.5,,2.1,1.3,1.8,2.9,3.3,6.4
22107,2021-10-22,,1021.9,61,19.2,,2.8,1.7,2.6,4.3,3.6,6.4
22107,2021-10-23,,1026.6,57,19.4,,2.3,1.4,2.1,3.4,3.4,5.8
22107,2021-10-24,,1024.6,63,20.5,,1.5,.9,1.1,2.1,2.8,4.6
22107,2021-10-25,,1021.6,69,19.4,,1.6,1,1.4,2.3,2.7,5.3
22107,2021-10-26,,1020.2,64,19.2,,1.3,.8,1,2,2.5,4.3
22107,2021-10-27,,1020.4,65,19.9,,1.6,1,1.6,2.7,2.6,5.3
22107,2021-10-28,,1021.5,61,19.6,,2.6,1.5,1.8,3.3,3.7,6.4
22107,2021-10-29,,1022.4,64,21.5,,2.5,1.5,1.8,3,3.8,8
22107,2021-10-30,,1022.5,63,21,,1.8,1.1,1.4,2.5,3.1,5.3
22107,2021-10-31,,1023.6,69,20.5,,1.4,.8,.9,1.7,2.9,5.8
22107,2021-11-01,,1023.6,73,20.3,,1.4,.8,1.5,2.6,2.7,4.9
22107,2021-11-02,,1022.1,62,18.5,,1.8,1.1,1.4,2.5,3.1,5.8
22107,2021-11-03,,1020.1,65,18.4,,1.5,.9,1.3,2.1,2.7,5.3
22107,2021-11-04,,1020.2,65,19.9,,.8,.4,.7,1.3,3.2,5.3
22107,2021-11-05,,1018.5,58,21.1,,.9,.5,.9,1.4,3.2,4.3
22107,2021-11-06,10.7,1016,62,21.6,21.6,2.4,1.4,1.8,3.5,5.4,7.1
22107,2021-11-07,9,1017.2,65,21.3,21,2.7,1.7,1.9,3.6,7,9.1
22107,2021-11-08,12.1,1015.7,72,15.9,20.8,5,3.2,4.6,7.5,6.1,9.1
22107,2021-11-09,11.3,1015.6,61,14.4,20.3,5.3,3.2,4.2,7.6,4.6,8
22107,2021-11-10,12.2,1012.2,64,,20.1,5.8,3.7,4,7,5.1,9.1
22107,2021-11-11,11,1014.4,59,,20.5,4.3,2.7,3.2,5.8,4.5,8
22107,2021-11-12,10.5,1019.6,54,,20.2,4.3,2.7,3.5,5.5,4.5,8
22107,2021-11-13,5.3,1020.7,53,,20,2.1,1.3,2.1,3.6,3.4,4
22107,2021-11-14,6.3,1020.5,47,,20,1.6,1,1.3,2.1,2.6,4.9
22107,2021-11-15,3.4,1022.4,53,,19.3,.9,.5,.8,1.6,4,5.3
22107,2021-11-16,6.8,1023.8,56,16.6,19,.9,.5,.9,1.5,3.7,9.1
22107,2021-11-17,7.5,1023.5,57,16.1,19.1,1.1,.7,.9,1.5,3.5,4
22107,2021-11-18,4.2,1020,52,17.2,19.7,.8,.5,.9,1.2,6.6,9.1
22107,2021-11-19,4.5,1018.6,64,17.4,19.8,.9,.6,.9,1.4,6.3,9.1
22107,2021-11-20,6.1,1019.5,70,18,19.7,1.2,.7,.9,1.6,5.3,8
22107,2021-11-21,4.4,1016.5,71,19,20.1,1,.6,.9,1.5,6.9,9.1
22107,2021-11-22,13.2,1017.3,60,13.6,19.9,5.9,3.5,4.5,8.4,7.7,9.1
22107,2021-11-23,11,1020.7,58,12.2,19.7,4.7,2.9,3.3,5.6,8.1,9.1
22107,2021-11-24,8.2,1021.2,54,14.1,19.7,2.8,1.7,2.2,3.6,6.9,8
22107,2021-11-25,6.5,1020.4,53,16.7,19.8,2.1,1.3,1.6,2.9,5.9,6.4
22107,2021-11-26,7.8,1026,58,15,19.9,1.5,.9,1.2,2.3,4.3,5.8
22107,2021-11-27,8.1,1032.1,58,14.3,20,1.8,1.1,1.3,2.2,4.7,5.3
22107,2021-11-28,6.4,1031.8,59,16.7,19.2,1.6,1,1.2,1.9,5.2,5.8
22107,2021-11-29,6,1025.5,64,18.4,18.8,1.5,.9,1.1,1.8,6.6,9.1
22107,2021-11-30,12.5,1015.7,72,16.1,19.1,4.8,2.8,5.9,9.8,7.1,10.7
22107,2021-12-01,13.6,1022.3,63,10.9,19,6.9,4.1,5.5,9.1,9.1,10.7
22107,2021-12-02,7.6,1021.6,58,12,19.5,2.6,1.6,2.7,4.1,6.5,9.1
22107,2021-12-03,10.2,1020.3,54,13.8,20,3.3,2,2.6,5,6.2,7.1
22107,2021-12-04,8.1,1026.6,56,13.6,19.9,2.7,1.6,2.7,4.3,5.9,8
22107,2021-12-05,5.4,1027.7,59,12.5,19.8,1.5,.9,1.5,2.5,6.3,10.7
22107,2021-12-06,5.1,1025.7,67,14.6,19.8,1,.6,.9,1.4,6.8,10.7
22107,2021-12-07,10.9,1026.9,61,14.4,19.6,2.5,1.5,2,3.2,5.2,6.4
22107,2021-12-08,5.1,1030.2,57,15.2,19.4,2,1.3,1.5,2.6,5.9,8
22107,2021-12-09,6.5,1027.1,63,17,19.2,1.8,1.1,1.3,2.3,5.7,8
22107,2021-12-10,6.3,1025.4,67,15.9,19.1,1.5,.9,1.1,2.1,4.5,10.7
22107,2021-12-11,6.6,1025.9,66,14.5,19,1.5,.9,1.1,1.8,4.5,5.3
22107,2021-12-12,11,1025.4,66,13.2,18.8,3.1,1.9,3.7,6.4,5.5,8
22107,2021-12-13,10.1,1026.9,61,9.7,18.7,3.7,2.3,3.4,5.7,7.5,9.1
22107,2021-12-14,4.2,1023.6,54,11.7,18.7,1.2,.7,1.2,2.1,6.1,9.1
22107,2021-12-15,4.2,1021.8,67,16.5,18.6,1.2,.7,.9,1.7,4.4,10.7
22107,2021-12-16,8.3,1018,77,15.4,18.6,1.7,1.1,1.5,2.8,4.5,6.4
22107,2021-12-17,14.9,1023,69,10.8,18.4,6.2,3.9,5.5,8.7,7.9,10.7
22107,2021-12-18,9.1,1026.8,66,8.9,18.2,4.4,2.7,4.5,7.9,8.4,9.1
22107,2021-12-19,8.5,1024.4,55,12,18.2,3.3,2.1,2.7,4.5,6.9,8
22107,2021-12-20,6.6,1021.2,52,14.8,18.2,1.9,1.2,1.4,2.4,5.7,7.1
22107,2021-12-21,6.8,1018.3,57,16.7,18.2,2,1.2,1.7,2.8,5.4,6.4
22107,2021-12-22,8.3,1020.9,55,15.2,18.1,1.8,1.1,1.3,2.2,4.8,5.8
22107,2021-12-23,4.1,1022.6,49,15.9,18.1,1.2,.7,1.1,1.8,4.7,7.1
22107,2021-12-24,9.3,1020.2,67,14.6,18.5,2.3,1.4,3.9,7.5,5.6,9.1
22107,2021-12-25,14.8,1029.2,75,7.1,18.2,6.8,4.2,4.9,8.5,8.6,9.1
22107,2021-12-26,12.7,1032,76,6.2,18,5.5,3.6,4.4,7.1,8.3,9.1
22107,2021-12-27,9.7,1031.2,69,8.6,18,4.1,2.4,3.6,6.2,7.6,8
22107,2021-12-28,4.7,1028.6,54,11.4,18,1.9,1.2,1.8,3,6.3,8
22107,2021-12-29,9.1,1022.8,61,12.9,17.9,2.5,1.5,2.5,4.7,5.3,6.4
22107,2021-12-30,12.1,1026.2,60,10.5,17.7,4.4,2.7,3.4,5.6,7.2,8
22107,2021-12-31,11.5,1030.3,63,8.9,17.4,4.3,2.8,3.8,5.9,7.3,9.1
22107,2022-01-01,7.5,1029.2,66,9.1,17.2,1.9,1.2,1.9,3.1,5.6,7.1
22107,2022-01-02,5.9,1027,64,11.3,17.2,1.2,.8,1.5,2.5,5.2,9.1
22107,2022-01-03,6.8,1026.1,64,10.1,17.1,1.6,1,1.4,2.2,5.1,7.1
22107,2022-01-04,7.2,1026.8,61,11.1,17,1.4,.9,1.6,2.5,4.2,5.8
22107,2022-01-05,10.4,1023.5,77,10.4,16.9,2.2,1.4,1.8,2.8,5,5.8
22107,2022-01-06,11.4,1026.1,69,10.5,16.8,3.2,2,2.5,4.2,6,7.1
22107,2022-01-07,8.1,1028.5,68,10.2,16.7,2.3,1.4,2,3.3,5.8,7.1
22107,2022-01-08,7.6,1025.1,65,10.3,16.6,1.5,.9,1.2,1.9,4.3,4.9
22107,2022-01-09,6.9,1022,63,11.7,16.6,1.4,.9,1.1,1.8,4.3,4.9
22107,2022-01-10,6.6,1020.1,67,10.7,16.7,1.3,.8,1,1.8,4.1,4.9
22107,2022-01-11,13.4,1020.4,73,7.8,16.5,5.4,3.3,4.4,7.3,7.3,9.1
22107,2022-01-12,9.7,1022.6,66,7.5,16.6,3.6,2.2,3.4,5.6,6.9,9.1
22107,2022-01-13,12.1,1021.6,67,8.7,16.5,4.5,2.8,3.8,6.4,7.1,9.1
22107,2022-01-14,8.3,1025.2,64,7.9,16.4,3.1,1.9,3.1,4.9,7.1,8
22107,2022-01-15,2.9,1023.5,69,10.6,16.4,1,.6,1,1.6,5.1,7.1
22107,2022-01-16,9.5,1025.5,65,10.7,16.3,2.4,1.5,2.4,3.6,5.1,7.1
22107,2022-01-17,9.9,1027.6,65,8.9,16.2,2.7,1.7,2.3,3.6,5.4,7.1
22107,2022-01-18,9.5,1026.9,63,7.6,16.1,3,1.7,2.2,4.5,6.6,8
22107,2022-01-19,7.4,1024.4,60,8.9,16,1.6,1,1.3,2.1,4.4,5.8
22107,2022-01-20,10.4,1026.4,68,7,15.8,3.2,2,2.6,4.4,6.4,8
22107,2022-01-21,4.5,1027.6,65,10.8,15.9,1.6,1,1.3,2.3,5.5,8
22107,2022-01-22,9.2,1023.3,67,14.3,15.9,1.9,1.2,1.7,3.1,4.7,5.8
22107,2022-01-23,9.9,1017.4,77,14,15.9,2.9,1.8,2.3,4.1,6.2,8
22107,2022-01-24,8.2,1018.6,73,13.6,15.8,3.3,2,2.3,4.2,6.7,8
22107,2022-01-25,5.7,1021.2,74,12.6,15.9,1.8,1.1,1.7,2.8,5.7,8
22107,2022-01-26,9.5,1023.6,68,10.9,15.8,2.1,1.3,1.8,3,4.7,5.3
22107,2022-01-27,10.2,1023.7,71,9.5,15.8,2.8,1.7,2.6,4.1,5.6,7.1
22107,2022-01-28,12.1,1023.6,71,8.6,15.6,3.7,2.2,2.4,4.5,6.7,7.1
22107,2022-01-29,11.6,1020.5,70,8.4,15.5,3.4,2.1,2.4,4,6.2,7.1
22107,2022-01-30,11.8,1020.7,66,7.9,15.4,3.2,2,2.3,3.7,6.1,6.4
22107,2022-01-31,7.9,1025.4,59,8.6,15.4,1.9,1.2,2.1,3.1,5,6.4
22107,2022-02-01,9.9,1026.8,63,9.5,15.2,2.9,1.8,2.5,3.9,5.7,7.1
22107,2022-02-02,9.2,1027.9,65,7.9,15.2,2.5,1.6,2,3.5,5.8,7.1
22107,2022-02-03,10.3,1025.6,63,8.2,15.1,2.5,1.5,1.9,3.3,5.3,6.4
22107,2022-02-04,10.8,1025.2,62,8.1,15,2.7,1.7,2.6,3.9,5.4,6.4
22107,2022-02-05,11.9,1027.2,66,6.8,14.9,4,2.4,2.8,5.1,6.7,8
22107,2022-02-06,9,1029.4,58,7.7,14.8,3.1,2,2.7,4.8,6.6,8
22107,2022-02-07,8.3,1026.7,67,7.7,14.8,2.1,1.3,1.7,2.8,5.5,7.1
22107,2022-02-08,10.7,1025.7,60,8.4,14.8,2.8,1.7,2.4,3.6,5.4,5.8
22107,2022-02-09,5.8,1024.2,67,9.5,14.9,1.5,1,1.6,2.6,4.7,5.3
22107,2022-02-10,9.6,1022.9,63,9.3,15,2.2,1.4,1.8,2.9,4.9,5.8
22107,2022-02-11,7.1,1024.3,53,11.2,15,1.9,1.2,1.6,2.5,4.7,5.3
22107,2022-02-12,5.3,1022.5,52,13.3,15.1,1.5,.9,1.1,1.8,4.4,4.9
22107,2022-02-13,6.2,1019,64,13.4,15.1,1.9,1.2,1.7,2.7,5.2,6.4
22107,2022-02-14,7.1,1020.4,68,12.3,15,1.9,1.2,1.5,2.6,5.5,7.1
22107,2022-02-15,10.9,1023.3,69,7.2,14.7,3.3,2,2.5,4.3,6.2,7.1
22107,2022-02-16,11.1,1024.2,70,6,14.6,3.6,2.2,3,4.9,6.7,8
22107,2022-02-17,10.9,1026.8,67,4.7,14.6,3.7,2.3,2.8,4.5,7,8
22107,2022-02-18,6.9,1026.8,67,9.6,14.6,2.1,1.3,2,3.3,6.2,8
22107,2022-02-19,11,1022.8,75,8.9,14.5,3.1,1.9,2.7,4.9,5.5,7.1
22107,2022-02-20,12.6,1027,68,5.4,14.4,5.2,3.3,4.2,7.5,8,9.1
22107,2022-02-21,7.8,1030.4,53,8.2,14.3,2.3,1.4,2.1,3.5,5.8,8
22107,2022-02-22,8.6,1031.8,61,7.5,14.2,2.2,1.4,1.6,2.9,5.3,5.8
22107,2022-02-23,10.8,1031.9,67,5.7,14.2,3.3,1.9,2.3,4.2,6.1,7.1
22107,2022-02-24,10.3,1031.3,62,7.1,14.1,2.9,1.8,2.3,3.9,5.7,7.1
22107,2022-02-25,5.1,1029.2,53,9.7,14.1,1.4,.9,1.4,2.5,4.8,5.8
22107,2022-02-26,6.2,1023,64,11.9,14.1,1.3,.9,1.7,2.5,4.4,4.9
22107,2022-02-27,8.4,1023.9,55,9.9,14.1,2.7,1.6,2.2,3.6,6.8,8
22107,2022-02-28,5,1021.2,62,14,14,1.2,.7,1,1.7,4.7,6.4
22107,2022-03-01,8.3,1016.3,84,13.3,14,1.7,1.1,1.8,2.6,4.5,5.8
22107,2022-03-02,9.4,1020.5,62,9.4,13.9,2.6,1.6,2,3.4,5.7,8
22107,2022-03-03,4.8,1020.3,60,12.7,13.7,1.3,.8,1.1,1.8,4.8,6.4
22107,2022-03-04,6.6,1016.3,69,14,13.7,1.4,.9,1.3,2.4,4.1,4.9
22107,2022-03-05,10.8,1017.9,66,10.9,13.7,2.8,1.6,2.7,4.4,5.2,7.1
22107,2022-03-06,10.9,1022.3,63,8.4,13.6,3.1,1.9,2.7,4.2,6.4,8
22107,2022-03-07,8.4,1020.3,63,9.9,13.6,1.9,1.2,1.6,2.7,5.1,7.1
22107,2022-03-08,4.1,1020.2,67,12.2,13.7,.7,.4,.6,1.2,6.2,9.1
22107,2022-03-09,4.3,1022.2,80,13,13.7,.7,.4,.6,.9,4.9,10.7
22107,2022-03-10,3.8,1021.1,75,15.5,13.8,.6,.4,.5,.9,4.7,9.1
22107,2022-03-11,4.2,1017.9,86,16.9,14,.9,.6,.7,1.1,4,4.3
22107,2022-03-12,4,1017.2,88,17,14.4,1,.6,.9,1.4,4.5,5.8
22107,2022-03-13,7.3,1012.8,90,17.1,14.5,2.4,1.5,2,3.1,5.5,6.4
22107,2022-03-14,4.1,1013.4,96,15.1,14.5,1.6,1,1.7,2.8,5.5,6.4
22107,2022-03-15,6.9,1014.7,83,12.2,14.5,1.7,1.1,1.4,2.3,6,8
22107,2022-03-16,2.4,1015.9,87,15.5,14.7,.8,.5,.8,1.2,7.1,8
22107,2022-03-17,10.3,1012.8,83,15.8,14.3,2.3,1.5,3.3,5.6,5.9,8
22107,2022-03-18,9.2,1007.3,85,13.6,14.7,3.8,2.4,3.4,5.3,7.9,9.1
22107,2022-03-19,9.7,1012.1,74,10.9,14.3,3.2,2,3,5.1,7,9.1
22107,2022-03-20,7.2,1020,70,10.3,14,2.6,1.6,2.6,4.4,7.4,9.1
22107,2022-03-21,7.8,1021.8,68,12.2,14.4,1.6,1,1.3,2.3,4.6,6.4
22107,2022-03-22,9.2,1020.7,70,11.4,14.8,2.5,1.6,2.2,3.6,5.3,6.4
22107,2022-03-23,6.3,1018.8,74,11.7,15,1.8,1.1,1.3,2.2,5.6,7.1
22107,2022-03-24,4.5,1020.9,62,14.5,15.8,1,.6,.9,1.7,5.8,10.7
22107,2022-03-25,11.1,1013.5,84,18.2,15.1,3,1.8,4.2,6.6,5.3,8
22107,2022-03-26,12,1008.2,83,14,15,5.3,3.3,3.8,7.1,8.7,10.7
22107,2022-03-27,9.1,1017.5,63,13.6,14.7,2.9,1.7,2.6,4.8,7,9.1
22107,2022-03-28,8.3,1023.9,61,13.3,14.9,2.7,1.7,2.4,4.2,6.3,8
22107,2022-03-29,6.6,1024.3,69,16.2,15,1.5,1,1.3,2.1,6.1,9.1
22107,2022-03-30,3.8,1020.3,94,17.6,15.3,1.2,.8,.9,1.7,7.5,9.1
22107,2022-03-31,11.3,1022.9,88,13.1,15.1,2.8,1.7,2.2,3.7,5.5,6.4
22107,2022-04-01,8.4,1027.7,71,13.8,15.7,2.8,1.7,2.5,4,6.7,8
22107,2022-04-02,7.2,1028.1,61,12.7,15.9,1.8,1.1,1.3,2.3,5.5,7.1
22107,2022-04-03,8.6,1027.8,62,12.7,15.7,1.8,1.1,1.5,2.4,4.6,5.3
22107,2022-04-04,4.3,1028.4,64,14.4,15.9,1,.7,.8,1.9,6.9,10.7
22107,2022-04-05,2.9,1024.2,58,15.1,15.9,.7,.4,.6,1,9.2,10.7
22107,2022-04-06,2.8,1022.1,75,15.6,16.3,.7,.4,.6,1.1,9,10.7
22107,2022-04-07,5,1019.9,85,14.6,16.3,.9,.6,.7,1.2,6.9,10.7
22107,2022-04-08,3.5,1020.5,67,17.5,16.8,.7,.5,.6,1,7.8,10.7
22107,2022-04-09,5.3,1018,76,18.6,16.7,.9,.6,.8,1.4,5,9.1
22107,2022-04-10,4.7,1017.2,80,19.8,17,.9,.5,.7,1.1,7.9,9.1
22107,2022-04-11,3.8,1013.6,96,20,17.4,1.3,.8,1.1,1.8,6.1,9.1
22107,2022-04-12,3.8,1012.3,97,19.4,17.6,1.5,.9,1.2,2.1,6.6,8
22107,2022-04-13,6.8,1011.5,95,19.4,17.8,1.8,1.1,2.3,3.8,6.6,9.1
22107,2022-04-14,11.7,1012.4,85,17.5,17.1,3.5,2.2,2.6,4.3,7,10.7
22107,2022-04-15,9.5,1016.3,80,16,17,3,1.8,2.5,4.5,9.4,16
22107,2022-04-16,8.3,1018.4,74,15.1,16.9,2.9,1.9,2.7,4.4,9.7,12.8
22107,2022-04-17,7.2,1019.8,65,15.6,16.8,1.4,.9,1.3,2.3,7.9,12.8
22107,2022-04-18,5.4,1018.4,69,16.9,16.7,.9,.5,.7,1.1,8.3,10.7
22107,2022-04-19,7.5,1018.3,64,17.3,16.7,1.2,.7,1,1.5,3.8,4.3
22107,2022-04-20,3.8,1017.7,60,17.7,16.8,.6,.4,.6,1,6.3,10.7
22107,2022-04-21,4.7,1014.6,72,17,16.9,.8,.5,.6,1.1,5.6,9.1
22107,2022-04-22,5.1,1014.3,88,17.3,17,1.3,.8,1,1.7,4.6,5.8
22107,2022-04-23,3,1012.1,96,18.9,17.1,1,.6,.8,1.3,5,10.7
22107,2022-04-24,3.5,1012,93,19.1,18.4,1.1,.7,1,1.7,5.3,7.1
22107,2022-04-25,6.5,1010,94,20.6,18.3,1.5,.9,1.8,2.9,5.5,7.1
22107,2022-04-26,8.1,1004.7,96,18.6,17.5,2.9,1.8,2.3,3.6,6.3,7.1
22107,2022-04-27,8.7,1013.7,79,18,17.8,2.5,1.5,1.9,3.2,5.6,7.1
22107,2022-04-28,6.9,1014.8,76,19.8,18.3,2.2,1.4,1.6,2.8,5.9,7.1
22107,2022-04-29,10,1014,85,16.2,18.4,3,1.8,2.4,3.7,5.7,7.1
22107,2022-04-30,4,1018.4,71,17.4,18.5,1.8,1.1,1.5,2.6,6.9,9.1
22107,2022-05-01,8.3,1016.5,61,16.2,18.5,1.8,1.1,1.6,2.4,4.7,5.3
22107,2022-05-02,7.3,1016.1,65,17.9,18.8,1.5,.9,1.3,2.2,4.3,5.3
22107,2022-05-03,4.2,1020.9,55,17.5,18.7,1,.7,1.2,2,4.3,5.8
22107,2022-05-04,4.4,1021.1,67,18.7,18.6,.7,.4,.6,.9,4.7,9.1
22107,2022-05-05,5.9,1018.7,85,20.5,18.6,.9,.6,1.1,2,5,9.1
22107,2022-05-06,5.1,1016.1,87,21,18.7,1.7,1.1,1.3,2.1,6.4,7.1
22107,2022-05-07,5.9,1017.4,83,20.2,18.9,1.7,1.1,1.4,2.4,7.2,9.1
22107,2022-05-08,5.9,1017.2,79,19.7,18.4,1.9,1.1,1.4,2.3,5.9,8
22107,2022-05-09,6,1016.6,76,19.4,18.3,1.8,1.1,1.5,2.8,5.5,7.1
22107,2022-05-10,5.4,1015.2,77,19.9,18.3,2,1.2,1.5,2.4,6.2,8
22107,2022-05-11,5.5,1014,92,20.5,18.3,1.5,.9,1.1,1.8,5.5,8
22107,2022-05-12,5.1,1010.7,90,20.2,18.8,1.3,.8,1,1.7,4.7,6.4
22107,2022-05-13,6.7,1008.3,90,19.4,19,1.5,.9,1.4,2.8,5.2,9.1
22107,2022-05-14,9.9,1014.2,64,18.4,19,2.2,1.4,1.9,3.6,5,5.8
22107,2022-05-15,9,1015.4,58,17.8,18.8,1.7,1.1,1.4,2.4,4.5,4.9
22107,2022-05-16,5.3,1014.7,61,18.7,18.7,.9,.5,.9,1.6,3.6,9.1
22107,2022-05-17,4.1,1016.3,75,19.9,18.7,.8,.5,.7,1,3.7,4.3
22107,2022-05-18,3.1,1019.9,73,20.6,19.1,.7,.4,.5,.8,3.8,4.9
22107,2022-05-19,3,1019,74,20.8,19.1,.5,.3,.4,.7,5.1,9.1
22107,2022-05-20,3.8,1013.9,85,21.3,19.1,1,.6,1.5,2.6,4.8,6.4
22107,2022-05-21,5.9,1010.8,85,19.9,19.1,1.8,1.2,1.6,2.3,7,8
22107,2022-05-22,4.5,1011.1,87,19.5,19.2,1,.7,.9,1.5,6.8,9.1
22107,2022-05-23,3.1,1014.1,82,21.3,19.6,.6,,.5,.8,7.1,8
22107,2022-05-24,5.4,1014.1,82,20.7,19.5,.7,.4,.7,1.1,3.9,8
22107,2022-05-25,2.2,1010.7,82,21.2,19.9,1,.6,.7,1.3,6.1,7.1
22107,2022-05-26,5.9,1007,78,20.2,19.6,1.2,.8,1,1.6,5.5,7.1
22107,2022-05-27,4.8,1006.4,84,21,19.8,1.1,.7,.8,1.6,4.6,5.3
22107,2022-05-28,4.5,1008.4,92,21.2,19.7,.9,.6,.8,1.3,4.1,5.3
22107,2022-05-29,8.5,1004.4,89,21.3,20,2,1.3,2.1,2.9,4.8,6.4
22107,2022-05-30,5.7,1003.3,92,21.2,19.9,1.5,.9,1.3,2,6.3,7.1
22107,2022-05-31,4.6,1009.6,74,21.4,20.1,1.4,.9,1.2,1.9,5.3,6.4
22107,2022-06-01,3.3,1007.5,86,21.4,20,.8,.5,.6,1.2,5.9,6.4
22107,2022-06-02,3,1008.8,88,21.9,20.6,.8,.5,.6,1,6.1,6.4
22107,2022-06-03,3,1010.2,88,22.6,21.1,.8,.5,.6,1,5.7,6.4
22107,2022-06-04,9,1008.8,88,22.8,21.1,1.7,1.1,1.4,2.3,4.3,5.8
22107,2022-06-05,10.2,997.7,91,21.6,20.9,3.1,1.9,2.4,4.1,6.4,8
22107,2022-06-06,7,1001.4,88,21.1,20.7,2,1.2,2.3,3.3,7.3,8
22107,2022-06-07,3.4,1006.8,85,21.9,21.1,1.6,1,1.2,2.1,7.9,9.1
22107,2022-06-08,7.1,1010.8,83,22,20.9,1.7,1.1,1.3,2.2,5.5,8
22107,2022-06-09,7.7,1012.8,83,22,20.7,1.5,.9,1.1,1.9,4.1,5.8
22107,2022-06-10,6.6,1012.7,90,22.6,20.7,1.1,.6,.8,1.4,3.5,4
22107,2022-06-11,6.3,1011.2,85,22.2,20.9,2,1.2,1.9,3,6.4,8
22107,2022-06-12,7.9,1011.9,83,22.6,21.1,2,1.2,1.4,2.6,5.8,8
22107,2022-06-13,9.8,1006.3,87,22.4,20.9,2.2,1.4,1.9,3,5.1,7.1
22107,2022-06-14,4.8,1006,88,22.3,20.8,2.4,1.4,2,3.1,7,8
22107,2022-06-15,4.4,1008.8,93,22.7,21,1.5,.9,1.1,1.8,6.8,8
22107,2022-06-16,3.8,1010,91,22.6,21.3,1.4,.8,1,1.7,6.8,8
22107,2022-06-17,4.7,1009.1,95,23.3,21.6,1.2,.7,.8,1.5,5.8,7.1
22107,2022-06-18,3.8,1008.8,93,23.9,22.1,1.3,.8,1,1.6,5.4,6.4
22107,2022-06-19,3.5,1007.8,94,24.5,22.6,1.3,.8,1,1.7,5.7,6.4
22107,2022-06-20,3.9,1004.6,93,24.2,22.9,1.4,.9,1.1,1.9,5.8,7.1
22107,2022-06-21,5.7,1003.8,93,23.6,22.8,1.5,1,1.2,2.3,5.2,6.4
22107,2022-06-22,4.1,1008.5,95,24.2,23,1.3,.8,.9,1.7,6.1,6.4
22107,2022-06-23,8.6,1005,95,25.5,23.1,2.4,1.5,2.4,4.1,6.1,7.1
22107,2022-06-24,6.4,1003.5,94,25.3,23,3.2,2,2.5,4.8,7.4,8
22107,2022-06-25,6.2,1007.3,92,25.6,23.4,2.2,1.4,1.7,2.9,6.6,8
22107,2022-06-26,8,1010.8,95,25.9,23.6,2.6,1.7,1.9,3.3,6.3,7.1
22107,2022-06-27,9.3,1009.7,93,26.8,24,3.3,2,2.5,4.3,6.4,7.1
22107,2022-06-28,11.2,1006.6,92,27.4,24.8,3.7,2.3,2.7,4.4,6.7,7.1
22107,2022-06-29,9.7,1007.7,91,27.4,25.3,3.1,1.9,2.2,3.7,6.2,7.1
22107,2022-06-30,7.5,1011.9,93,27.6,25.7,2.2,1.4,1.8,2.9,6.2,6.4
22107,2022-07-01,6,1014.3,92,27.5,26.2,1.6,1,1.2,1.8,6,7.1
22107,2022-07-02,5.9,1012.2,86,27.8,26.6,1.5,.9,1.1,1.9,6.4,8
22107,2022-07-03,6.6,1008.1,86,28.3,26.7,2.2,1.3,2,3.3,8.7,10.7
22107,2022-07-04,6.1,1004.4,89,28.1,26.6,3.1,1.9,2.4,4.2,8.3,9.1
22107,2022-07-05,3.1,1006,87,28.6,27.5,1.7,1,1.7,2.9,7.2,8
22107,2022-07-06,7.2,1007.4,92,29.2,27.7,2.1,1.3,1.9,3,6.4,7.1
22107,2022-07-07,8.5,1007.5,89,29.7,27.9,3,1.9,2.1,3.9,6.8,7.1
22107,2022-07-08,5.4,1004.9,90,29.1,27.9,2.3,1.4,1.7,3.1,6.6,7.1
22107,2022-07-09,5.5,1003.5,80,28.7,28,1.3,.8,1.1,1.8,6,6.4
22107,2022-07-10,4.2,1005.6,79,29.1,28.2,1,.6,.9,1.6,5.6,6.4
22107,2022-07-11,3.9,1006.3,85,28.5,28.1,1.2,.8,1,1.8,5.2,5.8
22107,2022-07-12,4.5,1007.5,87,29.4,28.4,1.2,.8,.9,1.4,5.9,6.4
22107,2022-07-13,6.8,1005.2,87,30,28.5,1.9,1.1,1.6,3,5.6,6.4
22107,2022-07-14,6.2,1002.4,89,29.7,28.3,2.7,1.6,2.1,3.4,6.4,7.1
22107,2022-07-15,4.3,1000.4,87,28.3,27.9,1.7,1.1,1.2,2.1,6,7.1
22107,2022-07-16,5.2,1000.8,85,27.9,27,1.5,1,1.1,1.9,6.1,7.1
22107,2022-07-17,3.7,1002.3,88,29,27.3,1.8,1.1,1.3,2.7,7,8
22107,2022-07-18,8.7,999.6,90,29.7,27.4,3.3,2,2.6,4.8,6.8,8
22107,2022-07-19,4.8,1004.7,84,28.1,26.8,2.6,1.6,2.1,3.7,7,8
22107,2022-07-20,3.6,1007.4,87,27.8,26.4,2.2,1.4,1.9,2.7,7.3,8
22107,2022-07-21,7.9,1006.3,83,28.4,26.8,3.1,1.9,2.8,5,7.2,8
22107,2022-07-22,4.2,1008.1,81,27.5,26.3,1.9,1.2,1.5,2.7,6.5,7.1
22107,2022-07-23,4.6,1006,86,28.6,26.6,1.2,.8,1.1,2,5.4,6.4
22107,2022-07-24,6,1005.4,82,28.3,27.2,1.9,1.2,1.4,2.4,5.7,7.1
22107,2022-07-25,3.7,1009.7,79,27.5,27.5,1.2,.8,1.3,2,5.7,6.4
22107,2022-07-26,4,1009.7,78,27.7,27.6,.8,.5,.7,1.1,4.5,5.8
22107,2022-07-27,8.1,1008.7,82,28.4,27.8,1.4,.9,1.2,1.9,4,4.9
22107,2022-07-28,7.3,1009.8,85,28.8,28.3,1.5,.9,1.1,1.7,4.2,5.3
22107,2022-07-29,8.1,1009.6,84,29.4,28.4,2,1.2,1.7,2.6,5.4,7.1
22107,2022-07-30,10.6,1004.2,87,28.8,28.2,3.5,2.1,3.1,5,6.5,8
22107,2022-07-31,9.2,1002.3,88,29.1,28.6,3.7,2.3,3,4.9,7.3,9.1
22107,2022-08-01,7.3,1004.3,87,29.2,28.7,4.2,2.6,3.6,6.2,9.6,10.7
22107,2022-08-02,6.1,1010.9,88,29.3,28.7,2.4,1.4,1.8,3.8,6.9,9.1
22107,2022-08-03,5.5,1011.9,85,29.8,29,1.7,1.1,1.4,2.6,6,7.1
22107,2022-08-04,4.8,1011.2,84,30,29.4,1.4,.8,1,1.8,5.8,6.4
22107,2022-08-05,6.6,1008.5,84,30.2,29.5,1.8,1.2,1.3,2.2,5.4,6.4
22107,2022-08-06,4.9,1007.7,84,30.2,29.9,1.6,1,1.3,2.1,5.7,6.4
22107,2022-08-07,7.2,1008.6,83,30.5,30,2,1.3,1.5,2.5,5.7,6.4
22107,2022-08-08,8.2,1010.2,80,30.3,29.8,2.7,1.6,1.9,3.4,6.4,7.1
22107,2022-08-09,8,1009.6,79,30.2,29.8,2.3,1.4,1.6,2.6,6,6.4
22107,2022-08-10,7.6,1008.6,81,30.3,29.8,2.3,1.4,1.8,3.1,5.9,6.4
22107,2022-08-11,7.8,1007.4,84,30.2,29.8,2.1,1.3,1.6,2.7,5.4,6.4
22107,2022-08-12,5.4,1007.6,86,30,29.8,1.7,1.1,1.3,2,5.5,5.8
22107,2022-08-13,6.5,1007.5,85,30.2,29.9,1.5,1,1.2,2,5.2,6.4
22107,2022-08-14,7.2,1008.3,86,30.3,29.9,1.9,1.2,1.3,2.2,5.7,6.4
22107,2022-08-15,8.6,1006.2,86,30.1,29.7,2.3,1.4,1.9,3.2,5.8,6.4
22107,2022-08-16,8.4,1005.5,88,29.9,29,3.3,2.2,2.8,4.1,7,8
22107,2022-08-17,5.8,1006.8,88,28.6,28.8,2.6,1.6,1.9,3.4,7,7.1
22107,2022-08-18,4.8,1008.3,80,28.5,28.6,1.4,.9,1.2,1.9,6,7.1
22107,2022-08-19,5.7,1005.8,90,29.6,28.3,1.6,1,1.4,3.1,5.9,9.1
22107,2022-08-20,4.9,1004.4,87,29.2,28.2,2.6,1.6,1.8,3.3,7.1,8
22107,2022-08-21,5.1,1005.2,79,28,28.3,2.1,1.3,1.6,2.8,7.2,8
22107,2022-08-22,3.2,1005.3,80,29.1,29.3,1.4,.8,1.1,1.7,6.1,7.1
22107,2022-08-23,3.5,1006.4,85,30.1,29.7,.9,.6,.7,1.1,5.9,7.1
22107,2022-08-24,6.1,1008,74,27.6,29.7,2.1,1.4,1.9,3,7.2,8
22107,2022-08-25,4.5,1008.9,66,27.3,29.7,1.8,1.1,1.4,2.4,9.8,12.8
22107,2022-08-26,5.2,1008.5,66,27.1,29.5,1.7,1,1.2,2.1,9,10.7
22107,2022-08-27,7.9,1010,67,26.9,29.2,1.7,1,1.7,3.1,6.4,9.1
22107,2022-08-28,8.4,1012.6,66,26.7,28.9,2.4,1.4,1.9,3,5.7,7.1
22107,2022-08-29,5.2,1013.1,71,28.2,28.6,1.4,.9,1.2,2.1,6.3,7.1
22107,2022-08-30,3.7,1009.6,81,28.9,29,1,.6,.8,1.3,5.7,6.4
22107,2022-08-31,9,1008,78,26.8,28.9,1.9,1.1,1.6,2.8,5.3,12.8
22107,2022-09-01,8.3,1010.6,76,26.8,28.3,2.4,1.5,1.9,3.1,6.5,10.7
22107,2022-09-02,10.8,1010.3,85,26.5,28.2,3.6,2.2,3.1,6.6,6.7,9.1
22107,2022-09-03,11.3,1008.6,85,28,27.5,3.9,2.5,2.8,4.5,7.7,10.7
22107,2022-09-04,8.2,1006.6,87,27.6,27.2,6.4,4,6.4,10.8,11,12.8
22107,2022-09-05,14.5,990.8,88,27.7,26.5,10.4,6.7,8.6,13.9,12.3,12.8
22107,2022-09-06,13.3,1006.1,79,24.5,26.4,6.3,4.1,8.8,16.3,8.4,10.7
22107,2022-09-07,5.6,1017.1,68,25.5,26.1,1.6,1,1.4,2.5,7,8
22107,2022-09-08,6.5,1016.7,68,25.9,26.4,1.4,.9,1.1,1.8,4.3,5.8
22107,2022-09-09,4.6,1016.1,69,25.9,26.6,1.5,.9,1.1,1.8,5.4,7.1
22107,2022-09-10,8.9,1014.5,79,26.2,26.3,2,1.3,1.7,2.8,5.2,8
22107,2022-09-11,8.6,1012.8,86,26.4,26.2,1.6,1,1.5,2.2,5.4,9.1
22107,2022-09-12,6.8,1011.8,85,26.4,26.1,1.8,1.1,1.5,2.6,9.2,10.7
22107,2022-09-13,8.9,1010.5,87,26.4,26.1,2.8,1.7,2.5,4,8.3,10.7
22107,2022-09-14,13.4,1009,88,26.4,24.8,4.1,2.6,3.2,5.1,8.6,10.7
22107,2022-09-15,11.1,1007.3,91,26.2,24.1,4.2,2.6,3.6,5.9,9.1,10.7
22107,2022-09-16,4.4,1007.5,93,26.3,24.8,2.2,1.4,1.9,3.1,6.9,10.7
22107,2022-09-17,3.8,1006.1,87,26.3,25.2,2.7,1.7,2.1,3.8,10.9,12.8
22107,2022-09-18,10.9,997.8,88,25.7,24.2,4.3,2.7,3.6,5.7,11,12.8
22107,2022-09-19,13.9,999.4,80,24.7,25.7,6.7,4.1,4.8,8.4,8.6,10.7
22107,2022-09-20,8.2,1011.1,67,24,25.2,5,3,4.9,8.5,9.3,10.7
22107,2022-09-21,6.5,1015.5,61,23.5,24.8,2.6,1.5,1.7,3.1,6.9,9.1
22107,2022-09-22,3.9,1014.1,64,23.9,25.1,1.5,.9,1.5,2.4,6.5,8
22107,2022-09-23,7.9,1013.8,73,23.5,24.8,1.6,1,2,3.1,5.6,8
22107,2022-09-24,10.4,1015.7,65,22.4,24,3.2,1.9,2.8,5.1,6.9,8
22107,2022-09-25,3.8,1015.5,66,24,23.7,1.6,1,1.4,2.3,5.3,6.4
22107,2022-09-26,5.1,1016.2,70,23.9,24,1.1,.7,.8,1.4,4.2,6.4
22107,2022-09-27,4.7,1015,71,24,24,1,.7,.8,1.3,4.3,10.7
22107,2022-09-28,2.3,1013.6,78,24.4,23.8,1,.6,.7,1.2,7.6,10.7
22107,2022-09-29,4.3,1015,69,23.6,24,.8,.5,.7,1.1,7.7,10.7
22107,2022-09-30,2.1,1016.3,75,23.7,23.9,.7,.4,.5,1,7.9,10.7
22107,2022-10-01,3.1,1017.7,78,24.4,23.7,.7,.4,.5,.9,8.4,9.1
22107,2022-10-02,6.5,1016.9,86,25.2,23.8,.9,.6,.7,1.2,4.1,8
22107,2022-10-03,6.1,1015.5,92,26,24.3,1.4,.9,1.2,2,4.9,5.8
22107,2022-10-04,10.6,1014.8,85,23,24.2,3.2,2,3.4,5.6,6.1,10.7
22107,2022-10-05,11.1,1019.1,71,20.1,24,4.2,2.6,3.8,6.5,7.7,10.7
22107,2022-10-06,8.6,1019.3,67,20,23.2,2.4,1.5,2,3.1,6.3,9.1
22107,2022-10-07,11.1,1019.8,62,19.3,22.6,3.2,2,2.6,4.5,6.3,8
22107,2022-10-08,9.2,1020.9,74,20.9,21.8,2.6,1.6,2,4,6.4,7.1
22107,2022-10-09,8.8,1016.9,79,20.6,22,2.5,1.5,2.4,4.3,6,7.1
22107,2022-10-10,11.8,1018.9,61,18.9,22.6,4.4,2.7,3.4,5.5,7.5,9.1
22107,2022-10-11,11.6,1021.6,66,18.6,23.2,4.2,2.6,3.5,5.6,7.7,9.1
22107,2022-10-12,7.6,1024.1,68,20,22.5,2,1.3,1.9,3.3,5.5,7.1
22107,2022-10-13,7.3,1021.8,69,21.4,21.8,2,1.2,1.5,2.7,5.5,8
22107,2022-10-14,5.8,1018.6,74,21.3,21.6,2,1.2,1.5,2.7,6.3,9.1
22107,2022-10-15,5.4,1018.1,74,21.8,21.8,1.6,1,1.2,2,6,9.1
22107,2022-10-16,5.7,1017.8,80,22,21.4,1.6,1,1.2,2.2,5.8,9.1
22107,2022-10-17,13.7,1018.8,65,18.5,21.1,4.8,2.9,4.2,8.8,6.9,8
22107,2022-10-18,12.8,1022.1,59,16.8,21.2,4.6,3,3.8,6.3,7.7,8
22107,2022-10-19,10.2,1025.1,61,17.4,21.8,2.8,1.7,2.4,4.4,5.8,7.1
22107,2022-10-20,5.5,1026.4,62,19.6,23,1.4,.9,1.2,1.8,4.7,5.3
22107,2022-10-21,3.7,1024,69,23,22.9,1.1,.7,.8,1.5,5.4,8
22107,2022-10-22,5.9,1020.6,77,22.1,23.1,1.6,1,1.4,1.9,6.4,9.1
22107,2022-10-23,11.6,1018.9,71,18.7,22.3,2.9,1.8,2.6,4.8,5.4,7.1
22107,2022-10-24,12.9,1021.3,60,17.1,21.7,4.1,2.5,2.9,5,7,8
22107,2022-10-25,7.3,1025.7,56,17.2,21.1,2.4,1.5,2.4,3.7,6.7,8
22107,2022-10-26,8.6,1024.9,63,20.5,22.2,2,1.2,1.5,2.8,5.2,7.1
22107,2022-10-27,7,1024.2,63,19.8,22.7,1.4,.8,1.1,1.9,4.5,8
22107,2022-10-28,7.4,1024.5,74,19.3,22.5,1.8,1.1,1.3,2.3,5.2,6.4
22107,2022-10-29,8.4,1023.7,69,21.1,21.5,2.1,1.3,1.7,2.8,5.7,8
22107,2022-10-30,7.3,1023,64,20.7,21.8,2.4,1.5,2,3.6,6.8,9.1
22107,2022-10-31,7.6,1022,65,20.2,21.6,2.5,1.5,2,3.4,7.6,10.7
22107,2022-11-01,9.2,1020.8,72,19.3,20,2.2,1.3,1.7,2.8,5.4,10.7
22107,2022-11-02,7,1019.7,73,18.8,19.6,1.9,1.1,1.5,2.6,5.3,5.8
22107,2022-11-03,7.1,1018.5,65,18.3,22,1.7,1.1,2.2,3.6,5.2,6.4
22107,2022-11-04,13.5,1022,68,14.9,21.9,4.6,2.9,3.3,6.1,7.3,9.1
22107,2022-11-05,10.4,1024.9,62,15.1,21.8,3.1,1.9,3.1,4.8,6.2,8
22107,2022-11-06,6.7,1024.5,60,16,21.1,1.4,.8,1.2,2.1,4.3,5.3
22107,2022-11-07,3.3,1023.4,62,17.4,20.9,.7,.4,.5,.8,4.9,9.1
22107,2022-11-08,3.8,1024.7,61,19.2,21.1,.7,.4,.6,.9,4.2,9.1
22107,2022-11-09,4.5,1024.6,62,20.6,21.1,.7,.5,.6,1,6.7,9.1
22107,2022-11-10,6.8,1022.4,81,20.9,20.7,1.5,.9,1.2,1.8,4.4,5.3
22107,2022-11-11,8.2,1022.8,80,22.2,20.7,2,1.2,1.5,2.5,5.6,7.1
22107,2022-11-12,6.5,1017.4,90,22.2,21.3,1.9,1.2,1.4,2.2,5.6,7.1
22107,2022-11-13,11.1,1017,78,16.8,21.5,3.8,2.3,3.2,5.5,7.2,9.1
22107,2022-11-14,9,1018.9,65,15.6,21.5,3,1.8,2.5,3.9,7,9.1
22107,2022-11-15,6.5,1019.1,61,15.1,21.6,1.6,1,1.4,2.3,4.8,5.8
22107,2022-11-16,4.2,1021.6,60,16.8,21.2,1.2,.7,.9,1.7,4.6,6.4
22107,2022-11-17,4.4,1022.1,62,17.8,21.7,.9,.6,.7,1.2,4.4,5.8
22107,2022-11-18,8.5,1022.7,68,19.7,19.9,2.3,1.4,1.8,3.1,5.4,7.1
22107,2022-11-19,9.6,1019.1,73,20.3,19.8,3,1.8,2.2,3.6,7.3,8
22107,2022-11-20,8.6,1017.5,77,19.4,20.1,2.5,1.5,1.8,3.1,7.1,9.1
22107,2022-11-21,4.2,1020.5,72,19.3,20.4,1.5,1,1.4,2.2,7.8,9.1
22107,2022-11-22,6.8,1017.2,69,19.6,20.5,1.5,.9,1.5,2.4,5.7,9.1
22107,2022-11-23,10.2,1016.9,71,17.1,20.8,2.6,1.6,2.3,4.1,5.6,6.4
22107,2022-11-24,7.9,1020.6,66,16.7,20.8,1.6,1,1.4,2.2,4.8,6.4
22107,2022-11-25,4.6,1018.7,61,19.4,20.7,.8,.5,.6,1.1,4.1,12.8
22107,2022-11-26,7.9,1017.3,64,17.8,20.7,1.4,.9,1.5,2.3,4,5.8
22107,2022-11-27,6.5,1018.8,60,18.7,20.7,1.5,1,1.5,2.5,5.7,7.1
22107,2022-11-28,7.6,1013.9,82,22.1,20.7,2.5,1.6,2.2,3.6,5.8,7.1
22107,2022-11-29,14.1,1014,81,16.1,20.5,5.2,3.3,5.2,8.1,8,10.7
22107,2022-11-30,14.9,1027.8,73,9.5,20.2,6.3,3.9,5,9.2,8.6,9.1
22107,2022-12-01,8.2,1029.6,68,8.8,20.6,2.8,1.7,2.9,4.5,7.1,9.1
22107,2022-12-02,6.3,1027.8,66,11.1,20.7,1.9,1.2,1.5,2.5,6,7.1
22107,2022-12-03,5.6,1024.2,75,15.2,21.4,1.4,.8,1.2,2.2,4.7,6.4
22107,2022-12-04,13.9,1025.5,72,11.7,21.1,4,2.4,3,5.3,6.7,8
22107,2022-12-05,13.8,1025.9,70,9.6,20.4,4.1,2.6,3.1,5.1,7,7.1
22107,2022-12-06,8.8,1025.8,58,11.3,20.2,2.4,1.4,2.3,4.6,5.5,7.1
22107,2022-12-07,6.8,1025.9,55,13.4,20,1.9,1.2,1.5,2.4,5.6,6.4
22107,2022-12-08,5.2,1025.1,59,13.9,20,1.4,.9,1.1,1.9,5,9.1
22107,2022-12-09,4.4,1021.8,56,15.1,20.2,1,.6,.8,1.3,5,9.1
22107,2022-12-10,7.8,1018.8,67,14,19.6,1.5,.9,1.5,2.6,4.2,5.8
22107,2022-12-11,11.3,1021.4,64,11.7,19.6,3.5,2.2,3,4.7,6.7,9.1
22107,2022-12-12,8.1,1021.1,65,11.9,19.2,2.3,1.5,2,3,6.1,7.1
22107,2022-12-13,10.6,1022,56,12.3,19.2,3.5,2.3,3.7,5.8,6.8,8
22107,2022-12-14,11.3,1026.9,60,7.9,18.8,5.4,3.4,4.6,8,8.8,9.1
22107,2022-12-15,3.3,1025.8,54,9.9,19.4,1.8,1.1,1.8,3.1,6.5,8
22107,2022-12-16,9.7,1027,71,9.7,19,2.6,1.6,2.4,3.7,5.7,8
22107,2022-12-17,13.2,1026,75,7.2,18.9,4.8,3.1,5.6,8.5,7.3,9.1
22107,2022-12-18,14.6,1023.9,72,5.9,18.4,7.9,4.9,6.6,10.5,9.7,10.7
22107,2022-12-19,7.2,1026.1,56,9.5,18.4,3.1,1.8,3.4,5.7,7.1,9.1
22107,2022-12-20,3.5,1025,50,12.6,18.7,1.1,.7,1,1.6,4.9,6.4
22107,2022-12-21,9.3,1012.6,67,12.8,18.4,2.4,1.5,2.7,4.4,5.3,7.1
22107,2022-12-22,13.3,1011.1,78,6.6,18.2,5.5,3.5,5.7,9.2,7.7,9.1
22107,2022-12-23,15.5,1015.2,75,6,18.2,8.1,5,6.3,10.6,9.6,10.7
22107,2022-12-24,12.7,1018.4,76,7.6,18.1,5.8,3.6,4.9,7.3,8.4,9.1
22107,2022-12-25,11,1022.8,66,10,18.4,3.9,2.3,2.9,4.8,6.7,8
22107,2022-12-26,8.8,1025.3,64,10.4,18.3,2.3,1.4,2,3.3,5.4,7.1
22107,2022-12-27,8.6,1028.2,63,10.2,18,1.6,1,1.3,2.1,4.8,5.8
22107,2022-12-28,8.3,1029.9,60,10.2,17.6,1.7,1.1,1.5,2.3,5,5.8
22107,2022-12-29,7.6,1032.2,58,9.5,17.5,1.7,1.1,1.5,2.6,5.3,6.4
22107,2022-12-30,7,1032.2,56,10,17.6,1.7,1,1.3,2.6,4.8,5.3
22107,2022-12-31,7.8,1031.7,59,10.6,17.4,1.9,1.1,1.5,2.8,4.9,5.3
22107,2023-01-01,8.1,1030.6,60,11.9,17.3,1.6,1.1,1.4,2.4,4.6,5.3
22107,2023-01-02,11,1031,66,8.9,17.2,3,1.9,2.6,3.9,5.9,7.1
22107,2023-01-03,10.7,1030.1,62,9.3,17.2,3,1.9,2.4,3.9,6.2,7.1
22107,2023-01-04,6.9,1031,64,9.8,17.2,1.5,.9,1.4,2.6,4.9,5.8
22107,2023-01-05,3.5,1030.5,61,12.3,17.4,.7,.5,.6,.9,5.1,9.1
22107,2023-01-06,5.2,1023.7,65,13.2,17.4,1,.6,1.7,2.9,5.8,9.1
22107,2023-01-07,11.4,1022.2,54,12.1,17.2,4.2,2.6,3.9,6.3,7.2,9.1
22107,2023-01-08,3.4,1025.3,55,13.4,17.2,1.3,.8,1.4,2.5,5.5,7.1
22107,2023-01-09,8.1,1024.2,70,14,17.1,1.8,1.1,2.3,3.8,4.8,7.1
22107,2023-01-10,7.2,1026.7,61,13.6,17.1,2.7,1.6,2.6,5.2,7.2,8
22107,2023-01-11,3.9,1025.4,60,15.6,17.1,1.1,.7,1,1.5,5.3,7.1
22107,2023-01-12,8.3,1020.4,86,17.2,17,1.8,1.1,2.6,5,4.4,6.4
22107,2023-01-13,8.2,1012.1,92,17.8,17.1,3.9,2.4,3.1,5.2,7.3,8
22107,2023-01-14,11.2,1012.2,90,13.2,17,3.6,2.2,3.4,5.7,7,8
22107,2023-01-15,13.8,1018.1,79,8.9,16.8,5.4,3.4,3.7,6.7,8,9.1
22107,2023-01-16,12.7,1023.9,71,7.3,16.7,4.9,3.1,3.7,6.2,7.9,9.1
22107,2023-01-17,9,1025.9,67,8.1,16.7,2.5,1.5,2,3.5,5.6,8
22107,2023-01-18,6.8,1026.2,62,9.4,16.6,1.7,1.1,1.2,2,4.8,5.3
22107,2023-01-19,6,1025.1,53,10.1,16.6,1.4,.9,1.1,1.8,4.8,5.3
22107,2023-01-20,10,1027.4,60,9.2,16.5,2.8,1.7,2.4,4.1,6,8
22107,2023-01-21,6.9,1028.6,67,7.2,16.4,1.8,1.1,1.9,3.1,6.1,8
22107,2023-01-22,7.2,1022.3,72,11.6,16.3,1.5,1,2,3.1,4.4,5.8
22107,2023-01-23,10.7,1020.5,68,11.2,16.3,2.6,1.6,2.9,4.6,5.8,8
22107,2023-01-24,,,,,,,,4.1,6.1,,8
22107,2023-02-17,,,,,,,,1.2,1.7,,10.7
22107,2023-02-18,3.1,1024,88,13.5,15.4,1.9,1.2,1.4,2.4,6.1,7.1
22107,2023-02-19,11.9,1024.8,76,8.7,15.3,3.8,2.4,3.1,5.4,6.9,9.1
22107,2023-02-20,,,,,,,,3,4.2,,7.1
22107,2023-03-04,,,,,,,,.8,1.3,,9.1
22107,2023-03-05,2.3,1031.1,58,12.6,15.6,.9,.6,.8,1.5,5,9.1
22107,2023-03-06,3.5,1028.9,63,12.9,15.5,.9,.5,.7,1.3,4.8,9.1
22107,2023-03-07,6.5,1027.1,74,13.5,15.4,1.7,1,1.3,2.3,4.5,4.9
22107,2023-03-08,7.1,1024.8,77,14.7,15.3,1.5,1,1.1,1.9,4.3,4.9
22107,2023-03-09,5.8,1021.2,91,13,15.3,1.9,1.1,1.6,2.7,5,5.8
22107,2023-03-10,2.7,1024.6,94,11.9,15.5,1,.6,.8,1.3,5.4,9.1
22107,2023-03-11,4.3,1026.7,93,14.3,15.8,.8,.5,.6,1,7.3,9.1
22107,2023-03-12,9.9,1026.1,85,11.5,15.5,3,1.9,4.5,6.2,7.4,9.1
22107,2023-03-13,8.1,1028.4,54,6.7,15.2,3.8,2.4,4.4,7.3,8.1,9.1
22107,2023-03-14,6,1024.1,68,11.5,15.1,1.4,.8,1.3,2.1,4.6,9.1
22107,2023-03-15,4.9,1024.8,82,14.9,15.2,1.6,1,1.6,2.7,4.8,5.8
22107,2023-03-16,10.8,1028.8,66,10.4,15.2,3.5,2.1,2.8,4.7,6.5,8
22107,2023-03-17,8.3,1023.8,80,12.1,15.7,2.7,1.7,2.1,3.3,5.9,7.1
22107,2023-03-18,10.3,1023.3,63,10.6,16.2,3,1.8,2.3,3.6,5.6,6.4
22107,2023-03-19,7.9,1024.1,73,10.3,16.1,1.8,1.1,1.7,2.8,4.6,5.3
22107,2023-03-20,3.8,1019.6,74,13.3,16.1,.8,.5,.8,1.2,4.8,9.1
22107,2023-03-21,7.7,1013.4,90,15.3,15.9,1.9,1.2,1.8,2.9,5,6.4
22107,2023-03-22,5.9,1011.5,96,16,16.1,1.6,1,1.2,2.3,6,7.1
22107,2023-03-23,7.8,1010.4,90,13.3,16.1,2.2,1.4,2.4,4.1,5.8,7.1
22107,2023-03-24,9.9,1018.3,83,10.9,16,4,2.4,2.8,4.7,8,9.1
22107,2023-03-25,6.4,1020.9,81,13.9,16.3,2.9,1.8,2.5,3.8,6.7,8
22107,2023-03-26,9.9,1021.5,67,11.2,16.1,3,1.9,2.7,4.2,6,8
22107,2023-03-27,10.3,1025.6,54,10.4,16.5,2.7,1.6,2.6,4.1,5.3,7.1
22107,2023-03-28,5.7,1028.3,56,13,16.5,1,.6,.9,1.4,3.8,9.1
22107,2023-03-29,2.8,1026.4,66,13.3,16.8,.6,.4,.4,.8,8.7,10.7
22107,2023-03-30,4.3,1022.9,71,15.2,17,1,.6,.9,1.4,6.1,10.7
22107,2023-03-31,6.5,1021.3,69,15.6,17,2.1,1.3,1.6,2.8,6.5,8
22107,2023-04-01,5.2,1018.7,79,16.3,16.9,1.9,1.2,1.3,2.4,6.7,8
22107,2023-04-02,6.6,1020.5,65,16.2,17.1,2.6,1.6,2.5,4.4,6.4,8
22107,2023-04-03,11.9,1023.5,74,15.3,16.7,3.6,2.2,2.6,4.5,6.9,9.1
22107,2023-04-04,10.5,1020.2,86,17,16.5,3.5,2.2,2.9,5.2,6.4,10.7
22107,2023-04-05,9.7,1015.4,90,14.1,16.2,4.8,3,4.2,6.6,8.1,9.1
22107,2023-04-06,6.6,1017.7,83,11.1,16.1,2.9,1.8,2.2,3.9,7.1,8
22107,2023-04-07,10,1021.2,77,11.2,16.4,2.5,1.6,1.8,3.2,5.1,6.4
22107,2023-04-08,8.7,1027,57,11.2,16.4,2.8,1.7,2.5,4.4,5.9,7.1
22107,2023-04-09,4,1025.6,46,12.9,16.5,1.2,.7,1.2,1.9,5.2,6.4
22107,2023-04-10,7.4,1021.7,74,14.1,16.5,1.6,1,1.5,2.5,4.1,4.6
22107,2023-04-11,8.4,1017.8,84,16.5,16.5,2.3,1.4,1.7,2.7,5,5.3
22107,2023-04-12,9.9,1021.8,53,13.6,16.4,2.1,1.3,1.8,2.8,4.5,4.9
22107,2023-04-13,6,1021.9,63,15.6,16.7,1.1,.7,.9,1.4,3.5,7.1
22107,2023-04-14,9.8,1014,90,16.1,16.9,2.2,1.4,2.8,4.4,4.7,7.1
22107,2023-04-15,7.9,1009.4,88,14.3,17.5,2.3,1.4,1.8,3.5,5.2,7.1
22107,2023-04-16,8.6,1011.4,76,13.7,17.6,2.3,1.4,2.2,3.6,5.1,6.4
22107,2023-04-17,,,,,,,,1,1.5,,4.9
22107,2023-04-19,,,,,,,,1.7,2.3,,7.1
22107,2023-04-20,5.4,1013.3,89,17.2,18.1,2.8,1.7,2.3,3.8,7.6,9.1
22107,2023-04-21,9,1014.3,91,14.5,17.8,3.1,1.9,2.6,4.6,6.1,8
22107,2023-04-22,11.1,1020.2,63,15.8,17.8,3.8,2.2,2.9,4.5,7.7,9.1
22107,2023-04-23,10.3,1023.7,62,15.8,17.6,3.8,2.4,2.9,4.7,7.8,9.1
22107,2023-04-24,9.3,1024.5,67,14.9,17.4,3.1,2,2.8,4.2,6.8,8
22107,2023-04-25,6.8,1017.8,89,13.1,17.2,2.5,1.5,1.8,3.3,6.7,9.1
22107,2023-04-26,7.8,1020.6,71,12.8,17.2,1.9,1.2,1.4,2.4,4.9,8
22107,2023-04-27,5,1024.4,74,13.5,17.4,1.4,.9,1.1,1.9,6.5,10.7
22107,2023-04-28,6.5,1020.4,88,16.7,17.2,1.2,.7,.9,1.5,3.5,5.8
22107,2023-04-29,7.5,1014.4,90,14.8,17.1,2,1.2,2.1,3.4,5.4,6.4
22107,2023-04-30,6.6,1018.1,63,14.3,17.3,1.9,1.2,2,3.2,5.8,7.1
22107,2023-05-01,4.9,1022.4,76,15.7,17.5,1.1,.7,1,1.8,4.3,5.3
22107,2023-05-02,4.7,1026.4,90,16.3,17.5,.7,.4,.6,1.1,4.4,8
22107,2023-05-03,7.5,1024,91,16.5,16.8,1.6,1,1.9,3.1,4.6,6.4
22107,2023-05-04,10.5,1014.9,98,16.8,16.5,4,2.4,3.1,5.3,6.9,8
22107,2023-05-05,10.7,1007.5,99,17.3,15.9,4.2,2.5,2.8,4.9,7.2,8
22107,2023-05-06,5,1008.9,97,14.5,16,3.2,2,2.4,4.1,7.4,9.1
22107,2023-05-07,10.1,1011.5,87,15,16.9,3.2,2,2.4,4.3,6.4,9.1
22107,2023-05-08,6.6,1020,70,14.7,17,2,1.2,1.5,2.6,6.5,9.1
22107,2023-05-09,5.8,1021.4,74,15.5,17,1.4,.9,1,1.6,5,8
22107,2023-05-10,5.7,1021.1,76,16.2,16.9,1,.6,.7,1.2,3.5,8
22107,2023-05-11,4.1,1022.1,84,17,17.1,.8,.5,.6,1.1,6.4,9.1
22107,2023-05-12,4.1,1021.1,89,16.1,16.8,.8,.5,.7,1.1,5.5,9.1
22107,2023-05-13,4.8,1016.8,91,15.4,16.8,1.2,.7,1,1.7,4.7,6.4
22107,2023-05-14,3.6,1014.4,88,16,17.1,.8,.5,.6,1.1,5.4,8
22107,2023-05-15,5.1,1013.8,92,17.4,18.5,.9,.6,1,1.6,5.1,10.7
22107,2023-05-16,3.8,1017.1,94,18.1,18.7,.9,.5,.7,1.1,4,4.9
22107,2023-05-17,6,1017.8,93,19.3,18.8,1.1,.7,.9,1.4,4.7,5.3
22107,2023-05-18,9.7,1008.7,94,17.6,19,3.5,2.2,3.1,5.1,6.7,8
22107,2023-05-19,5.9,1012.1,90,17.5,18.7,3.1,1.9,3.7,5.5,8.2,9.1
22107,2023-05-20,2.8,1016.2,91,17.3,19.5,1.3,.8,1.1,1.8,7,8
22107,2023-05-21,3.6,1015.6,91,16,19.2,.7,.5,.6,.9,7.3,8
22107,2023-05-22,7.6,1012.3,85,16.6,18.7,1.5,.9,1.3,2.4,4.4,7.1
22107,2023-05-23,6.3,1015.4,82,16.9,18.8,1.5,.9,1.3,2.8,4.7,5.3
22107,2023-05-24,2.4,1019,89,17.8,18.6,.7,.4,.6,1.1,4.8,5.8
22107,2023-05-25,3.4,1020.3,87,18.6,18.9,.8,.5,.7,1.1,4.6,10.7
22107,2023-05-26,4.4,1021.8,96,19.2,19.1,1.1,.6,.9,1.5,5.3,6.4
22107,2023-05-27,6.6,1020.9,96,19.4,19.1,1.6,1,1.2,2.1,5.5,6.4
22107,2023-05-28,5.3,1018,99,19.6,19.6,2.2,1.4,1.6,2.7,9.4,16
22107,2023-05-29,3.9,1015.4,,19.8,20.1,2.6,1.7,2.1,3.2,12.2,12.8
22107,2023-05-30,4.4,1012.9,,19.8,20.1,2.3,1.4,2.1,3.2,10.7,12.8
22107,2023-05-31,9.4,1012.6,90,19.2,19.2,3.5,2.2,2.5,4.2,11.4,12.8
22107,2023-06-01,5.2,1009.5,,19.8,19.5,3.6,2.3,2.7,4.2,12.3,12.8
22107,2023-06-02,7.4,1006.5,96,19.1,19.6,3.4,2.2,2.6,4.3,10.9,12.8
22107,2023-06-03,7.2,1013.7,87,18.6,19.4,2,1.3,1.8,3,6.7,10.7
22107,2023-06-04,3.7,1017.1,85,19.2,19.5,1,.6,.8,1.3,7.9,9.1
22107,2023-06-05,6.7,1016.2,82,18.3,19.5,1,.6,.9,1.6,5.4,8
22107,2023-06-06,6.9,1011.6,92,18.2,19.8,2.2,1.3,1.9,3.1,5.6,7.1
22107,2023-06-07,3.3,1014.9,89,18.5,20,1.2,.7,.9,1.7,6,6.4
22107,2023-06-08,2.9,1010.1,95,19.8,20.7,.9,.5,1,1.6,5.2,6.4
22107,2023-06-09,4.4,1009.9,93,20.3,20.9,1.5,.9,1.2,1.9,6.2,7.1
22107,2023-06-10,4.6,1009.1,94,20.8,21.4,1.5,1,1.1,1.8,8.4,10.7
22107,2023-06-11,2.2,1009.3,97,21.2,22.1,1.9,1.2,1.3,2.3,10,12.8
22107,2023-06-12,3.4,1009.9,97,20.8,22.2,2.1,1.3,1.5,2.6,11.6,12.8
22107,2023-06-13,3.7,1009.4,94,20.6,22.4,1.6,.9,1.3,2.2,9.6,12.8
22107,2023-06-14,4.1,1010.5,80,21.2,22.5,.9,.6,.7,1.3,7.9,9.1
22107,2023-06-15,4.8,1013.3,82,20.8,22.3,1,.6,.7,1.4,7.7,8
22107,2023-06-16,1.4,1017.9,77,21.5,22.4,.8,.5,.6,.9,7.5,9.1
22107,2023-06-17,3.5,1017.2,90,22.2,22.9,.8,.5,.6,1,6.4,8
22107,2023-06-18,2.7,1012.4,82,22,23.3,1.6,1,1.3,2.5,6.3,7.1
22107,2023-06-19,5.2,1010.1,84,22.5,23.2,1.3,.8,1,2,5.9,6.4
22107,2023-06-20,6.9,1007.2,93,22.9,23.4,1.6,1,1.3,2.1,6,7.1
22107,2023-06-21,7.2,1007.5,90,21.9,22.8,2.1,1.3,1.5,2.8,6.1,7.1
22107,2023-06-22,4.9,1010.6,88,21.7,22.4,1.4,.9,1.2,1.9,6.2,7.1
22107,2023-06-23,2.8,1013.9,91,21.8,22.4,.8,.5,.6,1.1,6.2,7.1
22107,2023-06-24,6.6,1017.2,90,23,23.2,1,.7,1,1.5,4.2,6.4
22107,2023-06-25,7.5,1014.4,94,22.3,23,2.2,1.5,2.1,3.2,5.2,7.1
22107,2023-06-26,8.2,1013.3,96,23.2,22.8,2.6,1.6,1.9,3.6,5.9,6.4
22107,2023-06-27,7.6,1015.2,97,23.3,22.7,2.4,1.4,1.7,3.5,6,6.4
22107,2023-06-28,7.2,1013.7,98,23.5,22.9,2.3,1.4,1.8,2.8,5.5,6.4
22107,2023-06-29,8.5,1008.6,96,23.9,23.2,2.8,1.7,2.2,4,5.9,7.1
22107,2023-06-30,5.1,1006.5,96,23.4,23.3,3,1.9,2.2,4.2,7.3,8
22107,2023-07-01,3.1,1010.3,95,23.7,23.8,2.5,1.5,1.9,3.3,7.1,8
22107,2023-07-02,4.1,1012.2,97,23.8,24,2,1.2,1.6,2.6,7.1,8
22107,2023-07-03,3.3,1010.3,97,24.1,24.2,1.9,1.2,1.5,2.3,6.8,7.1
22107,2023-07-04,4.2,1005.9,98,24,24.5,2,1.1,1.4,2.7,6.9,7.1
22107,2023-07-05,5.5,1004,91,24.4,24.6,2.2,1.3,1.5,2.7,7.3,8
22107,2023-07-06,3.6,1007.8,90,24.3,24.9,2.2,1.4,1.6,2.6,7.6,9.1
22107,2023-07-07,5.1,1006.1,96,25.2,25.1,2.1,1.3,1.9,2.9,7.3,8
22107,2023-07-08,5.6,1007.6,96,24.9,25,2.9,1.8,2,3.4,7.7,9.1
22107,2023-07-09,5.3,1009,93,25.5,25.5,2.6,1.6,2,3.4,7.6,8
22107,2023-07-10,7.3,1010.4,94,25.8,25.6,2.6,1.6,2,3.1,6.5,7.1
22107,2023-07-11,7.1,1011.6,93,26.1,26,2.5,1.5,1.8,3.3,6.3,7.1
22107,2023-07-12,7.8,1011,92,26.2,26.2,2.7,1.7,2,3.4,6.4,7.1
22107,2023-07-13,9.6,1009.8,92,26.6,26.2,3.2,2,2.8,4.6,6.3,7.1
22107,2023-07-14,11.2,1007.9,92,26.6,26.2,3.8,2.3,2.5,4.6,6.6,7.1
22107,2023-07-15,8.3,1008.6,93,26.4,26.2,3,1.8,2.3,4.1,6.2,7.1
22107,2023-07-16,6.2,1012.4,94,26.8,26.5,2.3,1.4,1.6,2.7,6.7,7.1
22107,2023-07-17,5.6,1015.5,93,27,27,2.2,1.4,1.7,2.5,7.1,8
22107,2023-07-18,8.3,1012.4,91,26.7,27.2,3.6,2.2,2.8,4.9,8,9.1
22107,2023-07-19,6.6,1012.4,89,25,27.1,2.2,1.3,1.7,3,7.4,9.1
22107,2023-07-20,3.2,1013.4,89,25.6,27,1.2,.7,1,1.5,7.1,8
22107,2023-07-21,6.6,1015,89,26.4,27.2,1.2,.8,1,1.6,4.8,7.1
22107,2023-07-22,8,1015.6,91,27.1,27.2,2.2,1.4,1.7,3.2,5.4,6.4
22107,2023-07-23,7.9,1013.8,92,27.3,27.3,2.4,1.5,1.8,3,6.1,7.1
22107,2023-07-24,7.1,1013.8,90,26.6,27.4,2.3,1.4,1.6,2.7,5.5,6.4
22107,2023-07-25,5.5,1017,90,26.7,27.3,1.8,1.1,1.4,2.3,7.9,10.7
22107,2023-07-26,4.7,1018.2,93,27.1,27.5,2.1,1.3,2,3.1,10.5,12.8
22107,2023-07-27,6.4,1017.1,89,27.7,27.7,3.2,2,2.3,4,11.2,12.8
22107,2023-07-28,5.9,1017.1,89,27.1,27.7,3.7,2.3,2.6,4.2,9.9,10.7
22107,2023-07-29,6.1,1017.3,88,27.9,27.9,3.5,2.1,2.5,4.3,9.1,10.7
22107,2023-07-30,5.4,1016.6,86,28.1,28.4,2.5,1.5,1.9,3.5,7.9,9.1
22107,2023-07-31,5.8,1015.4,83,28.4,28.5,2.2,1.4,1.8,3.1,6.9,10.7
22107,2023-08-01,5.9,1013.2,83,28.6,28.9,3,1.8,2.4,3.8,9.9,12.8
22107,2023-08-02,7.1,1011,83,28.9,29.2,3.9,2.5,3.2,5.6,11.1,12.8
22107,2023-08-03,8.7,1008.8,83,29,29.3,4.9,3.1,3.6,5.8,10.3,12.8
22107,2023-08-04,8.4,1006.7,86,28.9,29.2,5.7,3.6,4.7,6.7,11.8,12.8
22107,2023-08-05,5.8,1003.4,82,29.1,29.4,4.3,2.7,3.6,5.4,10.8,12.8
22107,2023-08-06,7.2,1000.6,86,28.4,29.3,3,1.8,2.3,3.6,9,10.7
22107,2023-08-07,7.2,1001.6,84,28.9,29.5,2.3,1.4,1.7,2.6,8.9,10.7
22107,2023-08-08,7.5,1003,82,29,29.6,2.7,1.7,2.1,3.8,8.6,10.7
22107,2023-08-09,12.4,1000.4,81,28.3,29.5,3.9,2.3,2.9,5.1,7.6,10.7
22107,2023-08-10,10.2,1001.8,82,27.7,29.2,3.8,2.3,3.2,5.6,7,10.7
22107,2023-08-11,5.1,1007,75,28.3,29,2,1.3,1.4,2.5,6.3,7.1
22107,2023-08-12,3.1,1008.5,78,28.3,29.5,1.5,1,1.3,2.1,7,10.7
22107,2023-08-13,3.1,1008.4,80,28,29.5,1,.6,.8,1.2,5.7,10.7
22107,2023-08-14,5.2,1008.9,79,27.9,29.1,1.2,.7,1.1,1.8,5.9,8
22107,2023-08-15,3.2,1008.7,79,28,29.1,1.7,1,1.3,2.1,6.7,8
22107,2023-08-16,5.2,1008.5,80,28.1,28.9,1.3,.8,1,1.8,7.4,8
22107,2023-08-17,3.4,1008.7,82,27.4,29.1,.9,.5,.6,1,6.7,9.1
22107,2023-08-18,3.5,1010.1,82,27.6,29.1,1,.6,.9,1.5,5,7.1
22107,2023-08-19,2.5,1014.1,80,28.2,29.2,.8,.5,.6,1.2,5.7,7.1
22107,2023-08-20,3.3,1015.4,81,28.6,29.7,.6,.4,.5,.8,7.6,10.7
22107,2023-08-21,7.1,1012.1,83,28.6,29.5,1.4,.9,1.5,2.5,4.5,9.1
22107,2023-08-22,8.1,1008.8,83,28.9,29.5,2.5,1.5,1.9,3.4,5.9,6.4
22107,2023-08-23,7.3,1008.4,86,28.4,29.3,2.5,1.6,1.9,3.2,6.1,6.4
22107,2023-08-24,4,1011.3,80,27.1,29.1,1.8,1.1,1.6,2.6,5.8,6.4
22107,2023-08-25,3.5,1013.3,71,27.7,29,1,.6,.8,1.4,4.9,5.8
22107,2023-08-26,3.9,1012.9,74,27.2,29.3,.7,.5,.5,.9,4.9,8
22107,2023-08-27,3.9,1011.1,77,27.7,29.4,.9,.5,.7,1.3,6.5,9.1
22107,2023-08-28,8.6,1008.9,80,28.4,29.4,2.1,1.3,1.8,3,6.1,9.1
22107,2023-08-29,5.5,1010.4,85,27.9,29.4,2.4,1.5,1.8,3,6.5,7.1
22107,2023-08-30,6.7,1012.4,85,25.8,29.2,2.2,1.3,1.7,3.1,5.6,7.1
22107,2023-08-31,7.9,1013.4,76,25.6,28.9,2,1.2,1.4,2.3,7.8,10.7
22107,2023-09-01,7.1,1013.2,87,25.9,28.9,2.7,1.7,2.3,4.4,6.7,10.7
22107,2023-09-02,7.6,1013.4,83,27.2,29,3.1,1.9,2.2,3.6,7.3,9.1
22107,2023-09-03,5.4,1014.9,82,27.9,29,2.1,1.3,1.5,2.4,8.9,10.7
22107,2023-09-04,4.5,1014.7,82,27.7,29.1,2.1,1.3,1.6,2.6,9.6,10.7
22107,2023-09-05,3.4,1014.6,75,27.2,29.1,1.8,1.1,1.4,2.2,8.1,10.7
22107,2023-09-06,4.7,1015,76,27.3,29.1,1.6,1,1.2,1.9,7.1,8
22107,2023-09-07,4.8,1016.7,69,26.7,29,1.9,1.2,1.4,2.6,6.4,8
22107,2023-09-08,6,1016.2,64,25.9,28.7,1.7,1,1.3,2,6.3,9.1
22107,2023-09-09,3.1,1015.3,65,26.1,28.7,1,.6,.8,1.3,6.1,7.1
22107,2023-09-10,2.1,1014.2,68,26.2,28.8,.9,.5,.7,1.2,5.3,8
22107,2023-09-11,1.7,1013.4,70,26.5,28.7,.6,.4,.5,.7,4.7,6.4
22107,2023-09-12,3.6,1014.3,79,26.8,28.4,.6,.4,.6,.8,3.6,8
22107,2023-09-13,5.6,1013.2,81,27.2,28.4,.8,.5,.7,1.1,3.4,5.3
22107,2023-09-14,6.8,1014.3,83,25.7,28.2,1.7,1,1.5,2.8,4.7,5.3
22107,2023-09-15,4.6,1016,83,27.5,28.3,1.2,.8,.9,1.5,4.9,5.8
22107,2023-09-16,4.8,1015.7,86,26,28.2,1.3,.8,1.2,2.1,4.3,5.3
22107,2023-09-17,2.8,1014.9,83,26.4,28.2,1.2,.7,.9,1.6,4.9,5.8
22107,2023-09-18,2.3,1017.3,78,26.3,28.2,.9,.5,.7,1.2,4.9,5.8
22107,2023-09-19,2.1,1018.6,71,26.7,28.7,.5,.3,.4,.7,5.2,8
22107,2023-09-20,9.2,1013.2,84,26.8,28.4,2.1,1.3,2.3,3.6,4.6,6.4
22107,2023-09-21,9.3,1015.4,77,23.9,27.3,3.3,2,2.9,4.6,6.7,8
22107,2023-09-22,6.9,1018.5,76,23.7,26.6,1.8,1.1,1.5,2.4,5.6,7.1
22107,2023-09-23,7.6,1020.4,76,24.4,26.2,2.3,1.4,2,3.7,5.2,8
22107,2023-09-24,11.2,1019.4,70,24.9,25.6,3.5,2.2,2.6,4.4,6.5,9.1
22107,2023-09-25,4.9,1018.1,82,25.1,25.3,1.8,1.1,1.8,3.3,7,9.1
22107,2023-09-26,3.1,1017.9,83,24.8,25.7,1,.6,.7,1.2,5.4,9.1
22107,2023-09-27,4.2,1017.7,78,24.2,25.5,1.1,.7,.9,1.5,6,10.7
22107,2023-09-28,5.3,1018.8,78,24.2,25.7,1.1,.6,.9,1.4,7.7,10.7
22107,2023-09-29,6.1,1018.1,75,23.5,25.6,1.1,.7,1,1.5,4.3,9.1
22107,2023-09-30,6.7,1015.7,74,21.8,25.6,1.2,.8,1.4,2.3,4.6,8
22107,2023-10-01,9.3,1018.1,63,22.5,26,1.9,1.2,1.7,3,5.2,7.1
22107,2023-10-02,8.2,1020.8,53,21.9,25,1.7,1.1,1.8,3.1,5.4,7.1
22107,2023-10-03,,,,,,,,1.2,2.1,,9.1
22107,2023-10-17,,,,,,,,1.4,2.8,,7.1
22107,2023-10-18,3.4,1024.5,70,19.7,25,.9,.5,.8,1.2,5.1,6.4
22107,2023-10-19,3.9,1021.2,68,21.9,25,.8,.5,.6,1.1,3.3,4
22107,2023-10-20,12.3,1021.6,64,17.5,24.5,3.8,2.4,3.1,5,6,7.1
22107,2023-10-21,8.1,1027.1,56,17.3,23.9,3.1,1.9,3.2,4.8,6.9,8
22107,2023-10-22,3.8,1028.4,59,18.4,23.6,1.3,.8,1.3,2.3,6,7.1
22107,2023-10-23,1.6,1027.5,55,18.4,23.4,.6,.4,.5,.8,5,6.4
22107,2023-10-24,1.1,1024.6,59,19.5,23.6,.4,.2,.3,.5,5.6,9.1
22107,2023-10-25,1.3,1022.7,64,20.8,23.8,.5,,.3,.6,5.8,8
22107,2023-10-26,4.1,1020.7,71,20.6,23.6,.6,,.8,1.3,6,9.1
22107,2023-10-27,9.8,1020,65,17.1,23.5,2.7,1.7,2.8,4.5,5.9,8
22107,2023-10-28,6.9,1022.7,65,16.8,23,1.8,1.2,1.8,3,6.1,8
22107,2023-10-29,2.5,1025.1,64,17.8,22.7,.7,.4,.7,1.1,5.3,9.1
22107,2023-10-30,1.8,1026.4,62,18,23.7,.6,.4,.4,.8,6.3,9.1
22107,2023-10-31,2.7,1027.3,64,17.8,23.8,.4,.3,.3,.6,7.3,9.1
22107,2023-11-01,6.6,1025.2,75,18.7,23.5,1.3,.8,1.2,1.9,4.4,5.8
22107,2023-11-02,5.3,1023.4,77,19.5,23,1.4,.9,1.3,2,5.1,5.8
22107,2023-11-03,4.2,1020.8,84,20.8,23.4,1.3,.8,1,2.1,4.9,7.1
22107,2023-11-04,2.3,1022.8,90,21,22.5,1.3,.8,.9,1.6,6.1,8
22107,2023-11-05,8.3,1019.7,86,20.3,22.9,2.1,1.3,2.1,3.1,5.3,6.4
22107,2023-11-06,11.8,1017.6,71,16.5,22.7,4.8,3.1,4.7,8,7.6,9.1
22107,2023-11-07,8.4,1025.8,60,13.7,22.3,4.1,2.5,4,6.4,8.4,9.1
22107,2023-11-08,5.3,1025.4,73,15.2,22.2,1.3,.9,1.3,2,6.4,9.1
22107,2023-11-09,4.2,1023.6,72,19.2,21.9,1,.6,.8,1.3,7.8,9.1
22107,2023-11-10,13.3,1025.1,72,12.3,21.7,5.2,3.1,4.5,7.6,8.2,9.1
22107,2023-11-11,12.7,1029.7,67,10.4,21.4,3.9,2.5,3.3,5.7,6.8,8
22107,2023-11-12,10.8,1030.5,68,9.9,21.3,3.1,2,2.4,4.1,6.6,8
22107,2023-11-13,10.8,1031.6,64,9.7,21.6,4.3,2.5,3.6,6.7,7.5,9.1
22107,2023-11-14,6.7,1031,60,11.3,21.9,1.9,1.2,1.9,3,6,8
22107,2023-11-15,3.7,1031.7,60,12.7,21.7,.9,.6,.9,1.4,4.5,5.8
22107,2023-11-16,7.9,1025,67,13.2,21.7,2.4,1.4,3.1,5.4,5.5,9.1
22107,2023-11-17,13.5,1020.8,66,10.1,21.9,6.2,3.9,5.6,8.8,8.2,9.1
22107,2023-11-18,12.5,1025,65,9.3,21.6,7,4.4,7.1,10.9,9.4,10.7
22107,2023-11-19,7.7,1024.7,58,12.7,21.8,2.6,1.6,2.2,3.8,6.6,8
22107,2023-11-20,6.7,1026.9,63,12,21.8,2,1.3,1.8,3.2,5.5,6.4
22107,2023-11-21,1.2,1025.8,62,14.2,21.3,.8,.5,.8,1.2,5.5,8
22107,2023-11-22,4.3,1021.6,67,15.6,21,.8,.4,1,1.8,6.4,9.1
22107,2023-11-23,9.1,1020.3,73,13.4,20.9,2.5,1.6,3.5,5.1,5.3,7.1
22107,2023-11-24,12.6,1030.8,63,5.8,20.5,4.8,3,3.6,6.3,7.9,9.1
22107,2023-11-25,8.3,1034,68,4.2,20.4,2.7,1.7,2.3,4,6.2,8
22107,2023-11-26,2.3,1028.4,65,7.4,20.6,1,.6,1,1.8,5.9,8
22107,2023-11-27,7.6,1021,68,7.6,20.3,2,1.2,2,3.3,5.8,8
22107,2023-11-28,7.4,1026.1,62,4.2,20.2,2.5,1.6,1.9,3.3,6.1,7.1
22107,2023-11-29,6.1,1028,62,3.7,20.2,1.7,1,1.8,3,5.6,6.4
22107,2023-11-30,11.1,1031.1,66,-1.6,19.9,3.6,2.2,2.7,4.6,6.7,8
22107,2023-12-01,11,1029.8,66,-1.1,19.9,3.9,2.5,3.3,4.7,6.9,8
22107,2023-12-02,5.5,1031.1,56,3.7,20.1,1.9,1.2,2,3.4,6.3,8
22107,2023-12-03,6.3,1030.3,57,2.3,20,1.5,.9,1,1.8,5,6.4
22107,2023-12-04,3.9,1025.7,69,4.1,19.8,.9,.6,.8,1.3,6.2,9.1
22107,2023-12-05,4.7,1021.2,65,3.6,19.8,1,.7,.9,1.4,4.9,9.1
22107,2023-12-06,8.4,1017.7,61,,19.7,2.8,1.7,3.2,5.4,6,7.1
22107,2023-12-07,7.1,1021.9,50,,19.7,3.4,2,3.1,5.5,7.3,8
22107,2023-12-08,9.3,1021.2,67,,19.7,2.6,1.6,2.1,3.8,5.5,6.4
22107,2023-12-09,6.1,1022.4,77,,19.4,2.3,1.4,2.1,3.8,5.9,6.4
22107,2023-12-10,6.8,1023.4,86,,19.5,1.7,1,1.6,3,5.2,8
22107,2023-12-11,11.5,1016.8,87,,19.9,3.7,2.2,3,6.2,6.2,7.1
22107,2023-12-12,11,1023.4,79,,19.9,4.6,2.9,3.9,6.3,8.1,9.1
22107,2023-12-13,8.1,1028.7,72,,19.7,2.4,1.5,2.1,3.6,6.3,8
22107,2023-12-14,8,1023.6,85,,19.8,2.1,1.3,1.8,3.4,5.6,7.1
22107,2023-12-15,10.7,1018.4,84,,19.8,3.4,2.1,3.1,4.8,5.8,8
22107,2023-12-16,14.6,1028.3,75,,19.6,7.2,4.5,5.8,9.7,8.7,10.7
22107,2023-12-17,11.1,1035.2,73,5.2,19.4,5.7,3.4,5.2,10.2,8.6,10.7
22107,2023-12-18,6,1035.2,72,6.3,19.4,2.3,1.4,2,3.7,6.3,8
22107,2023-12-19,,,,,,,,1.4,2.2,,5.3
22107,2024-01-13,,,,,,,,1.1,1.9,,4.9
22107,2024-01-14,8.2,1026.4,71,13.1,16.8,1.9,1.2,2,3.2,4.7,10.7
22107,2024-01-15,12.7,1030.5,70,7.3,16.7,4.8,2.9,3.9,6.1,7.4,9.1
22107,2024-01-16,7.3,1034.1,62,9.8,16.7,2.3,1.4,2.3,3.7,5.8,7.1
22107,2024-01-17,6.9,1029,71,15.2,16.7,1.5,.9,1.2,1.9,4.2,6.4
22107,2024-01-18,6.7,1025.2,86,13.3,16.7,1.6,1,1.5,2.4,4.5,5.8
22107,2024-01-19,12,1025.1,87,13,16.7,3.6,2.3,3.1,4.9,6.2,7.1
22107,2024-01-20,12.7,1020.7,86,13.7,16.8,4.1,2.5,2.7,4.9,6.1,8
22107,2024-01-21,11,1027.1,79,9.9,16.7,3.5,2.2,3.7,5.8,6.3,8
22107,2024-01-22,14.3,1032.3,75,3.6,16.6,6.4,4,5.1,8.3,8.1,9.1
22107,2024-01-23,14.3,1030.9,77,2.6,16.4,6.8,4.3,5.1,8.9,8.7,9.1
22107,2024-01-24,14,1030.2,69,5.4,16.2,6.4,3.9,4.7,8.2,8.5,9.1
22107,2024-01-25,10.1,1032.7,69,6,16.4,3.5,2.2,3.1,5.4,6.8,8
22107,2024-01-26,8.4,1033,64,7.2,16.3,2.1,1.3,1.9,3,5,6.4
22107,2024-01-27,6.8,1031.2,63,8.2,16.2,1.5,.9,1.3,2.1,4.4,4.9
22107,2024-01-28,8.2,1033,65,7.4,16.1,2.4,1.4,1.9,3.2,5.5,6.4
22107,2024-01-29,3.9,1034.5,65,7.8,16,1,.6,1,1.5,5.1,6.4
22107,2024-01-30,6.4,1030.4,76,10.6,16.1,1.3,.8,2,3.1,3.7,5.8
22107,2024-01-31,4.8,1025.8,87,14,16.1,2.2,1.4,1.9,3.2,6.5,8
22107,2024-02-01,9.6,1025,90,11.5,16.1,3.2,2,2.5,4.6,6.5,8
22107,2024-02-02,8.6,1028.9,85,10.7,16.5,3.3,2,2.6,4.4,7,9.1
22107,2024-02-03,9.9,1027.1,83,12.1,16.5,3.1,1.9,2.3,3.9,6.1,7.1
22107,2024-02-04,11.2,1024.1,79,13.5,16.7,3.3,2.1,2.4,4.1,6.1,8
22107,2024-02-05,,1021.3,,,,5.5,3.3,5.2,8.6,7.9,9.1
22107,2024-02-06,,1028.3,,,,3.1,1.9,2.5,4.6,6.9,8
22107,2024-02-07,,1027.1,62,,,2.9,1.9,2.1,3.7,6.1,7.1
22107,2024-02-08,,1025.5,,,,2.3,1.5,1.8,2.8,5.6,7.1
22107,2024-02-09,,1027.1,,,,2.1,1.3,1.6,2.8,5,5.8
22107,2024-02-10,,1028.7,,,,2,1.2,1.5,2.6,5,5.8
22107,2024-02-11,,,,,,2.4,1.5,2.3,3.8,5.4,7.1
22107,2024-02-12,,,,,,1.4,.9,1.5,2.7,5.3,6.4
22107,2024-02-13,,,,,,2.2,1.4,2,3.3,5.1,6.4
22107,2024-02-14,,,,,,1.8,1.1,1.5,2.5,4.9,5.8
22107,2024-02-15,,,,,,3.8,2.4,4.6,7,7,9.1
22107,2024-02-16,,,,,,3.2,1.9,3.4,6.5,7.6,9.1
22107,2024-02-17,,,,,16.2,1.2,.8,.9,1.6,5.6,9.1
22107,2024-02-18,,,,,16.1,2.5,1.5,2.4,3.9,5,6.4
22107,2024-02-19,,,,,16,4,2.5,3.3,6.1,6.7,8
22107,2024-02-20,,,,,16,4,2.4,3.2,5.2,7.8,9.1
22107,2024-02-21,,,,,16.1,3.6,2.2,3.1,5.1,6.2,8
22107,2024-02-22,,,,,16.1,3.7,2.3,2.7,4.4,7.6,9.1
22107,2024-02-23,,,,,16.3,3.2,2,2.2,3.7,7,9.1
22107,2024-02-24,,,,,16.2,3.4,2.1,2.4,4,6.3,9.1
22107,2024-02-25,,,,,16,3,1.9,2.3,3.8,6.6,9.1
22107,2024-02-26,,,,,15.9,2.9,1.8,2.5,4,6.6,8
22107,2024-02-27,,,,,15.9,2.7,1.7,2.2,3.4,6,8
22107,2024-02-28,,,,,15.9,2.7,1.7,2,3.3,6.1,8
22107,2024-02-29,,,,,15.8,3.5,2.1,2.7,4.8,6.4,9.1
22107,2024-03-01,,,,,15.7,5.7,3.5,4.4,7.4,7.9,9.1
22107,2024-03-02,,,,,15.5,2.6,1.7,2.6,4.1,6.9,8
22107,2024-03-03,,504,,,,2.1,1.3,1.7,2.7,5.8,7.1
22107,2024-03-04,,,,,15.5,1.8,1.1,2.3,3.6,4.9,5.8
22107,2024-03-05,,,,,15.4,4.2,2.6,3,4.8,7,8
22107,2024-03-06,,,,,15.4,2.9,1.9,2.4,3.6,6.9,8
22107,2024-03-07,,,,,15.3,3,1.8,2.3,3.7,5.9,7.1
22107,2024-03-08,,,,,15.2,2.7,1.7,2.2,3.7,5.7,6.4
22107,2024-03-09,,,,,15.2,2.4,1.5,2.5,3.9,6.1,7.1
22107,2024-03-10,,,,,15.3,1.3,.8,1.5,2.3,4.9,6.4
22107,2024-03-11,,,,,15.1,1.2,.7,1,1.9,4.7,9.1
22107,2024-03-12,,,,,15.2,1.9,1.2,2.6,5,4.7,8
22107,2024-03-13,,504,,,15.3,2.5,1.5,2.8,4.6,7,8
22107,2024-03-14,,,,,15.6,.8,.5,.7,1.1,5.9,10.7
22107,2024-03-15,,,,,15.6,.6,.4,.4,.7,8.7,10.7
22107,2024-03-16,4.2,1025.4,72,14.2,15.4,.8,.5,.9,1.3,7.9,10.7
22107,2024-03-17,10,1021,84,11.6,15.3,2.7,1.7,3,4.8,5.4,8
22107,2024-03-18,6.2,1025.7,65,11,15.6,2.9,1.8,3.3,5.4,7.1,9.1
22107,2024-03-19,9.1,1024.6,63,11.5,15.6,2.4,1.5,3.2,5.8,5.4,7.1
22107,2024-03-20,,,,,,,,2.6,4.6,,7.1
22107,2024-04-01,,,,,,,,.6,1.1,,5.3
22107,2024-04-02,8.3,1014.4,92,16.1,16.6,1.8,1.1,1.9,3,4,5.8
22107,2024-04-03,7.5,1008.6,95,14.7,,3.2,1.9,2.4,4,6.3,8
22107,2024-04-04,5.2,1019,92,13.2,16.6,2.5,1.5,2,3.2,6.7,7.1
22107,2024-04-05,5.4,1022.4,75,15,16.8,1.9,1.2,1.5,2.4,6.3,8
22107,2024-04-06,6.1,1022.4,77,14.4,16.6,1.3,.8,1,1.6,4.7,7.1
22107,2024-04-07,3.6,1021,79,15.5,16.9,.9,.5,.6,1,4.8,9.1
22107,2024-04-08,4,1019.7,77,15.6,16.9,.7,.5,.7,1.1,6.4,9.1
22107,2024-04-09,6.9,1024.5,74,14.8,16.9,1.9,1.1,1.6,2.8,5.1,6.4
22107,2024-04-10,8.2,1028.2,73,14.6,16.6,1.8,1.1,1.4,2.3,5.6,8
22107,2024-04-11,6.2,1024.8,82,16.1,16.6,1.5,.9,1.2,2,5.2,7.1
22107,2024-04-12,5.2,1021.6,88,16.1,16.7,1.3,.8,1,1.5,6.5,9.1
22107,2024-04-13,4,1021.5,87,16.2,17.1,1.5,.9,1.1,2,7.1,8
22107,2024-04-14,8.5,1019.4,89,17.1,16.8,2,1.2,1.8,3,5.3,7.1
22107,2024-04-15,7,1015.6,92,15.6,16.7,3.3,2.1,2.6,4.2,7.9,9.1
22107,2024-04-16,4.6,1018.1,87,14.4,16.9,1.9,1.1,1.8,3.5,7.2,8
22107,2024-04-17,5,1015.4,80,14.6,16.8,1.1,.6,.8,1.3,5.5,8
22107,2024-04-18,7.6,1015,72,15.2,16.8,1.6,1,1.7,2.4,4.8,9.1
22107,2024-04-19,4,1017.4,81,16.3,16.9,.8,.5,.8,1.5,,4.3
22107,2024-04-20,8,1011.1,88,15.5,16.8,2.2,1.4,2.2,3.5,5.3,7.1
22107,2024-04-21,3.9,1013.2,92,14.2,16.7,2.2,1.4,1.7,2.7,6.5,7.1
22107,2024-04-22,5.6,1015.5,91,15.7,16.6,1.5,.9,1.3,2,5.4,7.1
22107,2024-04-23,8.8,1013.6,87,15.5,16.5,2,1.2,1.7,2.8,5.2,8
22107,2024-04-24,5.6,1014.7,80,14.7,16.7,1.3,.8,.9,1.9,4.9,7.1
22107,2024-04-25,3.7,1015.9,79,14.7,17.1,.9,.6,.9,1.4,4.7,5.8
22107,2024-04-26,2.2,1014.4,83,16.2,17.6,.5,.3,.4,.7,6.9,9.1
22107,2024-04-27,3.8,1015.3,82,16.6,17.9,.9,.6,.9,1.3,5.9,8
22107,2024-04-28,4.4,1016,90,17.2,18,.9,.6,.9,1.5,5.3,7.1
22107,2024-04-29,4.1,1009.4,97,16.9,17.8,1.4,.8,1.4,2.7,4.9,6.4
22107,2024-04-30,7.5,1011.5,87,15.1,17.3,1.8,1.1,1.4,2.3,5,7.1
22107,2024-05-01,7.6,1015,79,15.3,17,2.2,1.4,1.8,2.8,6,8
22107,2024-05-02,5.4,1022.2,68,15.7,17.8,1.7,1.1,1.7,2.5,5.5,7.1
22107,2024-05-03,5.1,1022,80,16.3,18.1,1.3,.8,1,1.5,4.3,6.4
22107,2024-05-04,7.3,1019,88,18.3,18.3,1.6,1,1.5,2.5,5.5,10.7
22107,2024-05-05,9.3,1014.2,96,18.1,18.2,3.3,2.1,2.7,4.5,7,8
22107,2024-05-06,5.9,1015.6,87,15.8,18.2,2.6,1.6,2,3.3,7.8,9.1
22107,2024-05-07,7.9,1017.8,82,16.3,18.2,1.9,1.2,1.5,2.4,5.9,8
22107,2024-05-08,6.9,1020.5,78,15.1,18,2.1,1.3,1.8,2.9,6.1,8
22107,2024-05-09,3.6,1024.7,70,15.7,18.2,1,.6,1,1.6,6.3,8
22107,2024-05-10,4.4,1023.7,79,16.6,18.4,.7,.4,.6,.9,6,9.1
22107,2024-05-11,7.9,1017.9,91,17.8,17.9,1.7,1,1.7,2.5,4.6,9.1
22107,2024-05-12,9.5,1014.8,76,16.6,17.8,2.2,1.4,1.8,3.1,5,6.4
22107,2024-05-13,7.9,1018.6,73,16.4,17.8,1.8,1.1,1.5,2.6,4.9,5.8
22107,2024-05-14,3.1,1020.6,76,17,18.3,.7,.4,.5,.9,5.5,9.1
22107,2024-05-15,6.4,1019.5,73,16.4,18.3,1.6,1,2.7,4.1,6.6,9.1
22107,2024-05-16,9.6,1018.8,64,16.6,17.6,3.1,1.9,2.6,4.9,6.2,8
22107,2024-05-17,5.9,1020.3,80,17,17.7,1.8,1.1,1.4,2.5,5.2,6.4
22107,2024-05-18,4.7,1020.7,90,18,18.2,1.1,.7,1,1.7,5.1,5.8
22107,2024-05-19,2.7,1019.2,82,18.7,19,1.1,.7,.9,1.4,5.8,8
22107,2024-05-20,2.3,1020,78,18.7,19.2,1.1,.7,.8,1.5,7.2,9.1
22107,2024-05-21,6.3,1021.6,86,18.1,19,1.2,.8,1.2,2.2,5.6,8
22107,2024-05-22,5.7,1019.4,90,18.1,18.7,1.5,.9,1.3,2.1,5.7,7.1
22107,2024-05-23,3.2,1015.7,95,17.6,18.5,1.8,1.1,1.5,3,7.4,9.1
22107,2024-05-24,6.2,1016.6,89,17.7,18.8,1.4,.9,1.1,1.7,5.3,8
22107,2024-05-25,7.7,1018.4,84,19.1,19.2,1.8,1.1,1.6,2.8,5.1,9.1
22107,2024-05-26,5.7,1011.7,95,19.3,19.3,1.3,.8,1.2,1.9,5.3,7.1
22107,2024-05-27,7.3,1009.4,83,18.2,18.9,1.6,1,1.3,2.1,5.2,6.4
22107,2024-05-28,8.5,1009.8,78,17.7,19.1,2,1.3,1.6,2.8,5.2,5.8
22107,2024-05-29,2.5,1017.3,81,18.8,20,1.3,.8,1,1.9,6.6,8
22107,2024-05-30,2.8,1015.5,87,19.3,20.1,1,.6,.7,1.2,9.3,10.7
22107,2024-05-31,2.9,1015.4,87,17.7,20,1,.6,.7,1.2,8.3,9.1
22107,2024-06-01,7.9,1016.7,81,18.4,20,1.6,1,1.7,2.9,4.7,8
22107,2024-06-02,6.5,1015.8,80,18.5,19.9,1.4,.8,1.4,2.8,4.6,5.3
22107,2024-06-03,4.2,1015.3,79,19.7,20.5,.6,.4,.5,.9,3.7,9.1
22107,2024-06-04,5.3,1019.9,77,19.5,20.7,1.1,.7,.9,1.5,4.4,6.4
22107,2024-06-05,6,1021.9,78,19.4,20.8,1.3,.8,1.1,1.9,5,5.8
22107,2024-06-06,4.9,1020.7,89,19.1,20.8,.9,.6,.9,1.3,4.4,7.1
22107,2024-06-07,6.2,1017.4,86,20.3,20.8,1.2,.8,.9,1.7,5.2,7.1
22107,2024-06-08,5.5,1011.9,96,20.1,20.9,1.5,.9,1.4,2.2,5.4,6.4
22107,2024-06-09,7.4,1012.1,92,19.9,21.3,1.6,1,1.5,2.6,6.4,7.1
22107,2024-06-10,3.7,1013.9,90,20.6,21.5,.7,.4,.5,.9,5.5,6.4
22107,2024-06-11,1.9,1012.9,88,21,22.3,.7,.4,.5,.8,6.3,10.7
22107,2024-06-12,3.2,1009.9,93,21.7,22.2,.8,.5,.8,1.2,6.9,9.1
22107,2024-06-13,2.4,1009.3,86,22.4,23.2,1.4,.9,1.1,1.9,7,8
22107,2024-06-14,4.4,1009.5,91,22.9,23.2,1.3,.8,1,1.7,6.9,8
22107,2024-06-15,3.2,1008.2,90,23.4,23.8,1.1,.7,.8,1.4,6.3,7.1
22107,2024-06-16,3.5,1012.4,88,23.2,23.9,1.3,.8,.9,1.6,6.8,7.1
22107,2024-06-17,4.3,1012.3,82,21.7,22.9,1.2,.7,1,1.5,6.6,7.1
22107,2024-06-18,4.8,1012.2,82,22.4,22.9,1.1,.7,1,1.7,6,8
22107,2024-06-19,5,1013.1,85,22.2,22.9,1.4,.9,1.6,2.7,5.9,7.1
22107,2024-06-20,7.2,1006.6,93,21.7,22.5,2.6,1.6,2,3.9,6,6.4
22107,2024-06-21,4.3,1007.6,96,22.4,22.8,1.9,1.1,1.4,3.1,6.1,6.4
22107,2024-06-22,6.9,1004.8,97,,22.9,2.1,1.3,1.9,3.1,6,7.1
22107,2024-06-23,4.5,1006.2,94,22.6,23,2.4,1.5,2,3.1,6.9,7.1
22107,2024-06-24,4.5,1010.7,94,23,23.1,2.1,1.3,1.6,2.6,6.9,7.1
22107,2024-06-25,4.2,1016.2,83,21.8,23.1,1.5,.9,1.1,1.9,6.3,7.1
22107,2024-06-26,2.9,1019.6,82,21.7,22.9,.9,.6,.7,1.2,5.7,6.4
22107,2024-06-27,6,1014.6,96,22.2,23,1.3,.7,1,1.9,4.9,5.8
22107,2024-06-28,3.1,1012.4,95,22.7,23.2,1.3,.8,1,1.5,4.9,6.4
22107,2024-06-29,8.2,1009.1,96,23.6,23.1,2.2,1.4,2.8,4.7,5.7,8
22107,2024-06-30,9.4,1006.3,96,24,23.4,3.8,2.4,3,5.1,7.4,8
22107,2024-07-01,4.1,1008.7,97,23.4,23.5,2.3,1.5,1.8,3.2,7.1,8
22107,2024-07-02,10.4,1008.8,94,24.7,23.7,3.5,2.2,3.1,4.8,6.9,8
22107,2024-07-03,5.7,1015.3,98,24.2,24.2,3,1.8,2.8,5.1,7.2,8
22107,2024-07-04,5.1,1013.9,98,24.5,24.5,1.8,1.1,1.4,2.6,6.2,7.1
22107,2024-07-05,4.9,1011.5,97,24.7,25,2,1.3,1.7,2.7,5.9,6.4
22107,2024-07-06,8.5,1011.2,95,25.6,25,2.7,1.7,2.2,3.5,6.2,7.1
22107,2024-07-07,8.2,1011.4,95,25.8,25,2.5,1.6,1.8,3.5,6.2,7.1
22107,2024-07-08,8,1009.8,95,25.9,25.1,2.7,1.7,2,3.3,6.5,7.1
22107,2024-07-09,8.1,1009.5,93,26,25.3,2.9,1.8,2.2,3.5,6.4,7.1
22107,2024-07-10,7.4,1007.2,95,25,24.9,3.1,1.9,2.5,4,6.8,7.1
22107,2024-07-11,3.2,1007.6,92,23.2,24.6,1.8,1.1,1.5,2.4,6.7,7.1
22107,2024-07-12,2.2,1007.7,87,23.9,25.2,1.5,.9,1.1,1.9,6.7,7.1
22107,2024-07-13,5.6,1009.1,92,24.5,25.3,1.6,1,1.2,2.1,6.9,7.1
22107,2024-07-14,3.1,1012.6,94,25.5,25.9,1.9,1.2,1.5,2.4,6.3,7.1
22107,2024-07-15,3.9,1015.4,95,25.5,26,1.5,.9,1.3,2.1,5.8,6.4
22107,2024-07-16,6.6,1015.9,95,26.6,26.4,1.8,1.1,1.4,2.2,5.2,5.8
22107,2024-07-17,7.2,1014.6,94,26.8,26.9,1.7,1.1,1.2,2,5.2,5.8
22107,2024-07-18,7.6,1010.7,94,26.9,27,2.2,1.4,1.8,2.7,5.5,7.1
22107,2024-07-19,4.1,1011.6,92,26.7,27.2,2.1,1.3,1.6,2.8,6.2,7.1
22107,2024-07-20,7.6,1013.2,93,27.2,27.2,2.4,1.4,1.7,2.9,6.4,7.1
22107,2024-07-21,5.1,1014.3,94,26.9,27.3,1.8,1.2,1.6,2.5,5.9,6.4
22107,2024-07-22,5.9,1012.5,94,27.5,27.5,1.6,1,1.2,2.1,5.4,5.8
22107,2024-07-23,5.4,1010.3,94,28,28,1.8,1.1,1.2,2.1,5.3,5.8
22107,2024-07-24,4.7,1009.2,92,28.3,28.5,2.5,1.6,2.6,4.2,8.4,12.8
22107,2024-07-25,7.6,1008.8,88,28.3,28.6,5,3.2,3.9,6.4,10.9,12.8
22107,2024-07-26,9.6,1011.9,89,28.3,28.3,5.7,3.5,3.9,7.7,10.3,10.7
22107,2024-07-27,9.8,1017.8,89,28.6,28.5,5.6,3.5,4.2,6.3,9.6,10.7
22107,2024-07-28,7.4,1018.3,89,28.1,28.6,3.8,2.3,3.5,6.1,8.7,9.1
22107,2024-07-29,5.1,1015.6,87,28.1,29.1,2,1.3,1.8,3,7.2,8
22107,2024-07-30,4.1,1013.7,87,28.4,29.3,1.4,.8,1,1.7,5.9,8
22107,2024-07-31,5.4,1012.1,86,28.7,29.2,1.5,.9,1.1,2.1,5,7.1
22107,2024-08-01,5.6,1010.1,87,28.7,29.2,2.2,1.3,1.5,2.7,6,7.1
22107,2024-08-02,3.8,1010.1,90,28.8,29.4,1.7,1,1.3,2.1,6.4,7.1
22107,2024-08-03,1.9,1012.4,88,29.5,30.3,1.2,.7,1,1.5,6.2,7.1
22107,2024-08-04,1.5,1012.4,85,30,30.9,.7,.4,.6,1.2,5.7,6.4
22107,2024-08-05,2.6,1011.8,84,29.9,31.1,.5,.3,.4,.6,5.7,9.1
22107,2024-08-06,4.4,1011.2,82,29.9,30.8,.9,.6,.7,1.2,4.3,5.8
22107,2024-08-07,1.7,1010.8,76,30,31.4,.6,.4,.5,.8,4.8,8
22107,2024-08-08,2.8,1009.6,79,29.9,31.7,.5,,.4,.7,8.2,12.8
22107,2024-08-09,2.1,1008.7,74,30.2,32,.6,,.5,.8,8,9.1
22107,2024-08-10,2.1,1007.8,78,30,32.1,.6,.4,.5,.8,7.5,9.1
22107,2024-08-11,4.1,1007,74,30.4,31.7,.9,.6,.8,1.2,5.1,8
22107,2024-08-12,5,1008.5,73,29.8,31.5,1.1,.7,.8,1.5,4.6,5.3
22107,2024-08-13,5.6,1011.2,70,29.7,31.4,1.4,.9,1.2,2.1,5.2,6.4
22107,2024-08-14,4.7,1011.3,75,29.3,31.4,1.2,.7,.9,1.4,4.3,6.4
22107,2024-08-15,5.4,1011,78,29.3,31.4,1,.6,.7,1.1,4.2,6.4
22107,2024-08-16,4,1012.4,73,28.6,30.9,.9,.6,.8,1.2,5.7,9.1
22107,2024-08-17,4.1,1014,77,29.2,31.2,.8,.5,.6,1,6.1,9.1
22107,2024-08-18,6.3,1013,76,29.3,31,1.1,.7,1,1.6,4.3,5.8
22107,2024-08-19,6.2,1011.3,79,29.6,31.1,1,.6,1.1,1.6,3.8,5.8
22107,2024-08-20,9.3,1010.7,83,29.9,30.9,3.8,2.3,3.8,6.3,8.1,10.7
22107,2024-08-21,8.5,1012.8,84,29.9,30.4,3.4,2.2,2.8,4.4,7.5,8
22107,2024-08-22,7.6,1011.3,83,29.2,30.4,3.2,2,3,5,7.1,8
22107,2024-08-23,2.8,1014.1,80,28.8,30.5,1.8,1.1,1.5,2.5,6.8,8
22107,2024-08-24,1.9,1014.8,78,28.8,30.9,1.1,.7,.9,1.7,6.1,6.4
22107,2024-08-25,3.5,1013.5,80,28.7,30.8,.7,.4,.5,1,6.6,9.1
22107,2024-08-26,2,1010.8,76,28.9,31.4,.8,.5,.6,1,10.3,12.8
22107,2024-08-27,4.3,1007.9,79,29.2,31.3,1.7,1.1,2.3,3.1,11.8,12.8
22107,2024-08-28,9.9,1006.9,79,29.4,30.8,4.4,2.8,3.4,6.3,11.3,12.8
22107,2024-08-29,9.9,1007,78,28.8,30.5,3.4,2.1,3.4,5.9,9.1,12.8
22107,2024-08-30,9.5,1009.2,81,28,30.1,2.7,1.7,1.9,3.3,6.5,10.7
22107,2024-08-31,8,1011.9,74,27.1,29.9,1.8,1.1,1.7,2.6,4.5,5.3
22107,2024-09-01,1.7,1012.5,70,27.4,30.1,.7,.5,.6,1,5.9,9.1
22107,2024-09-02,1.4,1013.6,71,27.7,29.8,.6,.4,.4,.7,7.9,9.1
22107,2024-09-03,3.7,1014.6,73,27.8,29.9,.9,.6,.8,1.2,6.6,9.1
22107,2024-09-04,7.4,1012.8,79,27.4,29,1.4,.9,1.1,1.9,5.4,10.7
22107,2024-09-05,3.4,1013,77,28.1,29.6,1.1,.7,.9,1.6,8.2,9.1
22107,2024-09-06,1.5,1015.6,76,28.4,30.1,1,.6,.7,1.3,7.5,8
22107,2024-09-07,2.5,1017.9,76,28.5,30,1.1,.6,.8,1.4,7.1,9.1
22107,2024-09-08,2.4,1017.6,80,28.4,30.3,.8,.5,.6,1,7.3,9.1
22107,2024-09-09,5,1016.1,78,28.7,30.1,1.1,.7,1.2,1.9,5.3,9.1
22107,2024-09-10,9.5,1015.1,84,28.5,29.9,2.2,1.4,2.1,3.1,5.5,8
22107,2024-09-11,8.7,1017.9,87,28.6,29.8,3.1,1.9,2.1,3.8,6.8,7.1
22107,2024-09-12,6.6,1018,82,29.1,29.7,2.4,1.5,2,3.1,6.6,8
22107,2024-09-13,3.3,1013.8,77,28.9,30.1,1.3,.8,1.1,1.9,6.2,8
22107,2024-09-14,3.3,1009.7,76,28.8,30.2,1.3,.8,1.1,1.9,7.6,12.8
22107,2024-09-15,9,1010,82,29.6,30.1,4.5,2.8,4.7,8.2,10.9,12.8
22107,2024-09-16,7.6,1016.5,87,29.3,29.9,3.8,2.4,4.1,6.5,8.6,10.7
22107,2024-09-17,3.8,1018.3,85,28.6,29.9,1.9,1.2,1.5,2.5,6.2,8
22107,2024-09-18,6.1,1017,82,28.9,29.9,2,1.2,1.8,3,8.1,9.1
22107,2024-09-19,10.5,1015.3,85,28.9,29.8,5.3,3.4,4.6,7.8,10.7,12.8
22107,2024-09-20,10.9,1013.3,87,28.6,29.5,4.9,3,4,6.4,8.4,10.7
22107,2024-09-21,11.5,1009.1,87,28,29.2,4.1,2.6,3.2,5.3,6.9,9.1
22107,2024-09-22,10.5,1013.8,82,24.9,28.7,4.1,2.6,3,5.5,8.2,9.1
22107,2024-09-23,11.7,1017.8,74,25.5,28.8,3.5,2.2,2.9,5.3,6.8,8
22107,2024-09-24,8.3,1018.1,72,26,28.6,2.1,1.3,1.8,3,7.3,9.1
22107,2024-09-25,4.2,1016.8,74,27.1,28.6,1.3,.9,1.1,1.7,6.6,8
22107,2024-09-26,4.2,1016.9,75,27.1,28.5,1.2,.8,.9,1.5,8,10.7
22107,2024-09-27,8.2,1016.6,74,26.3,28.3,1.5,.9,1.1,2,4.8,9.1
22107,2024-09-28,,,,,,,,1.7,2.9,,6.4
22107,2024-09-29,,,,,,,,2.9,4.5,,8
22107,2024-09-30,,,,,,,,1.4,2.4,,7.1
22107,2024-10-15,,,,,,,,1.1,2.1,,7.1
22107,2024-10-16,7.1,1024.1,79,23.6,25.6,1.9,1.2,1.5,2.4,5,7.1
22107,2024-10-17,9,1022.9,78,24.6,26.2,2.2,1.3,1.7,3.4,5.8,7.1
22107,2024-10-18,7.1,1018,91,24.9,24.4,1.8,1.2,1.4,2.2,5.4,7.1
22107,2024-10-19,10.2,1021.1,82,22,24.4,3.2,2,3.7,6.1,6.6,10.7
22107,2024-10-20,14.7,1027.9,73,20.6,25.8,4.5,2.9,3.7,6.1,7.8,10.7
22107,2024-10-21,9.9,1023.6,81,23,25.9,2.6,1.6,2.2,3.7,6.2,9.1
22107,2024-10-22,8.1,1018.6,86,23,25.7,2.6,1.6,2.3,3.4,6.8,8
22107,2024-10-23,11.6,1022.7,65,18.7,25.2,4.7,3,3.5,6.2,8.2,9.1
22107,2024-10-24,10.3,1023.4,62,18.9,25.2,3.1,1.9,2.6,4.7,6.4,9.1
22107,2024-10-25,11.3,1024.2,70,22.5,25.1,3.3,2.1,2.7,4.2,6.3,8
22107,2024-10-26,10.1,1022,83,22.8,25,3,1.8,2.2,4.7,8.7,10.7
22107,2024-10-27,9.2,1017.6,84,20.8,24.8,2.4,1.5,1.7,2.9,7.8,10.7
22107,2024-10-28,7.9,1018.2,69,19.3,24.7,2.1,1.3,1.6,2.4,6,10.7
22107,2024-10-29,8.1,1020,74,21,24.5,2.1,1.4,1.8,2.9,6.9,10.7
22107,2024-10-30,7.6,1024.3,65,21,24.3,1.9,1.2,1.6,2.6,4.6,5.3
22107,2024-10-31,10.1,1023.5,72,21.8,24.1,3.2,2,2.4,3.8,9.7,12.8
22107,2024-11-01,10.1,1017.5,89,20.1,23.9,4.5,2.8,3.7,6.2,11.6,16
22107,2024-11-02,9,1019,81,20.7,24.1,4.4,2.7,3.6,5.8,8.6,10.7
22107,2024-11-03,7,1025.5,67,21.3,24.2,2.2,1.3,1.8,3.1,7.1,9.1
22107,2024-11-04,5.3,1025.4,68,20.3,24.1,1.6,1,2,3.3,5.6,8
22107,2024-11-05,12.1,1025.9,65,16.1,23.9,4,2.4,3.1,5.2,6.9,8
22107,2024-11-06,11.6,1029.5,61,15.7,23.7,4.1,2.5,3.1,6.1,6.9,8
22107,2024-11-07,6.6,1031.8,64,16.4,23.4,2.3,1.4,2.3,4.1,6.3,8
22107,2024-11-08,8.3,1029.6,64,19.5,23.2,2,1.3,1.5,2.6,5.1,6.4
22107,2024-11-09,6.6,1027.7,66,19.9,23.1,2.1,1.3,1.6,2.4,5.9,7.1
22107,2024-11-10,7.2,1024.1,81,20.1,23.1,2.3,1.5,1.7,2.7,6.8,8
22107,2024-11-11,6.6,1023.5,70,19.1,22.9,2,1.2,1.7,2.8,5.8,8
22107,2024-11-12,7.9,1023.5,74,18.6,23,1.4,.9,1.3,2,4.3,4.9
22107,2024-11-13,6.7,1024.5,69,19.9,22.9,1.5,.9,1.3,2,4.7,6.4
22107,2024-11-14,7,1023.1,69,20.3,22.9,1.5,.9,1.4,2.5,5.5,8
22107,2024-11-15,6.4,1020.5,89,19.9,22.9,1.2,.8,1.3,2.3,5.7,8
22107,2024-11-16,6.9,1019.9,84,21,22.9,1.6,1,1.3,2.2,8.2,10.7
22107,2024-11-17,13.6,1024.4,69,16.1,22.7,4.1,2.5,4.2,6.8,7.5,9.1
22107,2024-11-18,13.8,1031.9,62,11.7,22.5,5.4,3.4,4,7.4,7.9,9.1
22107,2024-11-19,5.9,1031.2,71,14.5,22.6,2.7,1.7,2.2,3.8,7.1,9.1
22107,2024-11-20,9,1027,68,14.2,22.6,2,1.2,1.6,2.7,5,7.1
22107,2024-11-21,7,1026.2,59,14.9,22.4,1.5,.9,1.5,2.5,4.4,5.3
22107,2024-11-22,9.6,1027,60,14.4,22.4,2.6,1.6,2.1,3.7,5.6,6.4
22107,2024-11-23,8.6,1030.1,61,12.7,22.2,2.5,1.6,2.2,3.9,6.3,7.1
22107,2024-11-24,5,1031.3,68,14.8,22.1,1.6,1,1.1,1.8,5.3,6.4
22107,2024-11-25,11.1,1025.8,70,17.6,22,2.6,1.6,2.4,3.7,5.2,6.4
22107,2024-11-26,12.4,1021.5,66,13.5,21.7,5.9,3.7,5.2,8.9,8.2,9.1
22107,2024-11-27,13.4,1020.8,60,11.6,21.5,6.9,4.3,5.8,10.7,9,10.7
22107,2024-11-28,13.3,1019.4,56,12.3,21.1,6.5,4,4.9,9.6,8.8,10.7
22107,2024-11-29,13.1,1019.8,58,12,20.9,5.9,3.7,4.3,7.7,8.4,9.1
22107,2024-11-30,7.1,1021.8,55,14,20.8,2.8,1.8,2.9,5.2,7,8
22107,2024-12-01,4,1020.3,53,16,20.8,1.1,.7,1.1,1.5,4.5,5.8
22107,2024-12-02,6,1022.1,56,16.9,20.5,1.3,.8,1.1,1.9,4.3,4.9
22107,2024-12-03,9.3,1026.2,67,11.3,20.3,2.4,1.5,1.8,2.9,5.6,8
22107,2024-12-04,8.7,1026.5,59,10.4,20,1.9,1.2,1.8,2.9,4.9,5.8
22107,2024-12-05,8.4,1024.1,57,12.3,19.9,2.2,1.3,1.6,2.6,5.2,6.4
22107,2024-12-06,7.4,1025.4,56,12,20.1,2.3,1.4,1.7,3,5.8,7.1
22107,2024-12-07,7.3,1028.1,61,10.4,19.9,2,1.3,3.1,4.2,5.2,6.4
22107,2024-12-08,11.2,1029.8,61,9.6,19.5,4.6,2.9,3.9,6.4,7.7,9.1
22107,2024-12-09,6.9,1028.9,58,10.6,19.4,2,1.2,1.7,2.9,5.2,7.1
22107,2024-12-10,7.3,1027.2,58,10.4,19.3,1.5,1,1.1,2,4.6,5.3
22107,2024-12-11,10,1025.1,64,10.8,19.1,2.2,1.5,2.4,3.6,5,6.4
22107,2024-12-12,10.8,1027.6,65,9.5,18.9,3.2,2,2.5,4.2,6.4,8
22107,2024-12-13,10.3,1025.8,63,9.6,18.7,2.8,1.7,2.9,5.1,5.8,8
22107,2024-12-14,11.3,1029.9,59,8.5,18.6,4.3,2.6,3.2,5.5,7.4,8
22107,2024-12-15,10.6,1028.1,57,9.7,18.4,3.7,2.3,2.7,5,6.7,8
22107,2024-12-16,7.7,1027,58,10.9,18.2,2.6,1.6,2.2,3.4,6.2,7.1
22107,2024-12-17,6.3,1028.4,56,10.5,18,1.6,1,1.2,2,4.7,5.3
22107,2024-12-18,11.2,1029.1,66,7.5,17.7,3.7,2.3,3.6,5.3,6.5,8
22107,2024-12-19,8.4,1031.9,57,7.2,17.3,3.6,2.3,3.7,6.8,7.5,8
22107,2024-12-20,4.2,1027.5,63,9.5,17.3,1.4,.9,1.3,2.2,5.8,7.1
22107,2024-12-21,12.1,1025.5,61,8.6,17.1,4.4,2.7,4.2,7.4,6.9,9.1
22107,2024-12-22,12.3,1030.5,64,7.2,17.5,5.5,3.4,4.4,7.9,8,9.1
22107,2024-12-23,8.3,1031.3,60,9,17.4,2.4,1.4,2.2,3.4,5.9,8
22107,2024-12-24,7.5,1032.2,60,9.2,17.3,1.9,1.2,1.5,2.5,5.1,5.8
22107,2024-12-25,3.8,1030.7,62,10.3,17.6,1,.6,.8,1.4,4.9,6.4
22107,2024-12-26,10.7,1030.2,61,9.6,17.5,2.9,1.9,2.7,4.4,5.9,7.1
22107,2024-12-27,11.1,1031.1,63,7.7,17.1,3.6,2.3,2.7,4.2,6.5,7.1
22107,2024-12-28,12.4,1029.7,62,6.7,17.1,5.3,3.2,5.1,8.1,7.8,9.1
22107,2024-12-29,5.5,1031,54,8.8,17,2.4,1.5,2.4,4.3,6.8,8
22107,2024-12-30,6.9,1025.9,59,11.4,17.1,1.8,1.1,1.4,2.2,5,5.8
22107,2024-12-31,10.6,1025.3,62,8.9,17.1,3.1,2,2.7,4,6.3,8
22107,2025-01-01,6.6,1027.7,60,8.8,17,1.5,1,2,2.7,5.4,7.1
22107,2025-01-02,6.9,1028.3,60,9.7,17.1,1.2,.7,1.2,2.1,3.7,4.9
22107,2025-01-03,9.2,1030.6,59,7.2,16.9,2.3,1.4,1.9,2.9,5.3,6.4
22107,2025-01-04,4.8,1031.5,54,7.7,17,1.3,.8,1.1,1.8,5.3,6.4
22107,2025-01-05,4.6,1025.8,63,10.8,17,1,.6,.9,1.4,4.3,5.8
22107,2025-01-06,11.4,1023.2,60,9.2,16.8,3.7,2.3,3.7,6.3,6.3,8
22107,2025-01-07,11.6,1025.1,58,7.5,16.7,4.8,3,3.2,5.7,7.9,8
22107,2025-01-08,9,1025.4,56,8.8,16.6,3.5,2.2,3,5.3,7.2,8
22107,2025-01-09,13.7,1029.6,67,4,16.4,5.4,3.6,4.9,7.9,7.6,9.1
22107,2025-01-10,11.2,1035.2,70,4.5,16.3,4.6,2.9,4.1,6.2,7.9,9.1
22107,2025-01-11,9.2,1032.8,66,6.1,16.3,3.1,2,2.5,4.1,6.7,7.1
22107,2025-01-12,8.5,1029.3,71,5.4,16.3,2.3,1.4,2.2,3.6,5.6,6.4
22107,2025-01-13,5.7,1031.2,51,8,16.2,1.9,1.2,2,3.5,5.9,6.4
22107,2025-01-14,6.1,1029.6,58,11.6,16.2,1.4,.9,1.2,1.9,4.5,5.8
22107,2025-01-15,11.6,1032.4,67,6.1,16.1,3.7,2.3,2.8,4.7,6.9,8
22107,2025-01-16,8,1031,57,7.3,16.1,2.2,1.4,2,3,5.9,7.1
22107,2025-01-17,7.8,1030.4,60,7.2,16.1,2,1.2,1.5,2.6,5.4,6.4
22107,2025-01-18,3.8,1028.2,64,8.7,16.1,.9,.6,1,1.6,4.8,8
22107,2025-01-19,3.5,1022.4,61,10,16.1,.6,.3,.5,.9,6.2,9.1
22107,2025-01-20,7,1021.6,58,9.7,16,1.4,.9,1.3,2.1,4.3,4.9
22107,2025-01-21,6.3,1026.5,63,8.8,16.1,1.3,.8,1.2,1.8,4.5,5.3
22107,2025-01-22,3.3,1028.3,58,11.4,16.1,.8,.5,.7,1.1,3.7,8
22107,2025-01-23,5.5,1027.1,68,11.8,16.1,1,.6,.8,1.4,4.6,9.1
22107,2025-01-24,6,1026.9,63,12.1,16.1,1.5,.9,1.3,2,4.6,5.3
22107,2025-01-25,7.8,1028.6,59,11,16.1,2.7,1.8,2.5,3.9,5.9,9.1
22107,2025-01-26,5.4,1027.4,60,9.5,16.1,2.5,1.5,2.2,3.6,7.3,8
22107,2025-01-27,12.5,1022.9,71,6.1,16,4.9,3.1,4.6,6.6,7.5,9.1
22107,2025-01-28,13,1026,65,4.5,15.9,6.5,4,4.5,7.6,8.8,9.1
22107,2025-01-29,10.5,1030.8,57,5.1,15.8,4.5,2.8,3.9,7,8,9.1
22107,2025-01-30,3.2,1032.2,54,6.9,15.8,1.3,.8,1.5,2.5,6.1,7.1
22107,2025-01-31,8.5,1027.6,71,11.5,15.7,1.7,1.1,1.9,2.9,4.5,5.8
22107,2025-02-01,12,1018.7,83,10.6,15.6,3.8,2.3,3.2,5.5,6.9,9.1
22107,2025-02-02,9.3,1021.7,68,9.1,15.6,2.7,1.7,2.2,3.2,6.6,9.1
22107,2025-02-03,13.6,1024.2,70,5.8,15.5,4.8,2.9,3.7,6.4,7.1,8
22107,2025-02-04,12.7,1024.4,75,2.5,15.3,5.7,3.5,4.2,7,7.9,9.1
22107,2025-02-05,12.4,1023.4,67,4.4,15.5,4.8,3,3.5,6.7,7.6,8
22107,2025-02-06,8.1,1026.6,60,4.5,15.4,3.2,2,3,4.4,6.8,8
22107,2025-02-07,14.1,1027,73,3.7,15.2,6,3.8,6.1,9.2,8,10.7
22107,2025-02-08,12.2,1032.3,69,2.5,15,5.5,3.4,4.5,7,8.2,9.1
22107,2025-02-09,9,1031.5,68,4.3,14.9,2.9,1.7,2.5,3.7,6.4,8
22107,2025-02-10,7.3,1031.5,62,5.3,14.7,1.8,1.1,1.3,2.2,5,5.8
22107,2025-02-11,7.4,1030.5,63,9,14.7,1.4,.9,1.3,2.2,4.4,6.4
22107,2025-02-12,11.4,1021.7,80,10.8,14.7,3.3,2.1,4.2,7.5,6.1,8
22107,2025-02-13,9.6,1029.6,57,5.7,14.5,3.7,2.4,4.3,6.6,8,9.1
22107,2025-02-14,4.8,1027.3,63,7.8,14.5,1.1,.7,1.2,1.8,5.5,7.1
22107,2025-02-15,1.8,1022.6,68,9.2,14.5,.7,.4,.5,1,6.3,9.1
22107,2025-02-16,6.4,1022.5,68,10.2,14.5,1,.6,1.5,3.2,5.3,9.1
22107,2025-02-17,12.1,1029.1,60,6.3,14.3,3.7,2.3,2.8,4.6,6.5,7.1
22107,2025-02-18,11.6,1031.3,62,4.8,14.3,3.5,2.2,2.5,4.4,6.6,7.1
22107,2025-02-19,10.6,1033.4,62,4.8,14.2,3.1,2,2.3,4,6.2,7.1
22107,2025-02-20,10.7,1034.5,61,4.3,14.1,3,1.9,2.5,3.8,6,6.4
22107,2025-02-21,11,1035.3,63,4.2,14.1,3.2,2.1,2.5,4.2,6.3,7.1
22107,2025-02-22,8.9,1037.2,65,4.3,14,2.2,1.4,1.6,2.7,5.2,6.4
22107,2025-02-23,10.9,1036.8,64,3.6,13.9,3.4,2.1,2.9,5.1,6.2,7.1
22107,2025-02-24,10.3,1037.3,63,4.3,13.8,3.5,2.2,2.9,4.3,6.6,7.1
22107,2025-02-25,5.1,1033.8,65,6.2,13.7,1.3,.8,1.5,2.5,5.5,7.1
22107,2025-02-26,5.3,1030.6,63,9,13.8,1.2,.7,1,1.7,4.6,5.3
22107,2025-02-27,5.5,1026.2,75,10.3,13.7,1,.6,1.1,1.8,4,4.9
22107,2025-02-28,4.3,1024.3,86,12,13.8,1.5,.9,1.2,1.8,6.3,7.1
22107,2025-03-01,5.6,1021,94,13.3,13.8,1.4,.9,1.2,2.3,5.7,7.1
22107,2025-03-02,5.5,1016,98,14,13.8,1.5,.9,1.5,2.4,5.1,5.8
22107,2025-03-03,15.4,1015.4,86,10.7,13.8,4.6,2.8,4,7.2,7,10.7
22107,2025-03-04,12.7,1017.6,82,9.8,13.9,4.4,2.6,3.8,6.7,7,10.7
22107,2025-03-05,7.1,1024.8,76,8.7,13.8,2,1.2,1.8,2.8,6.2,8
22107,2025-03-06,11.2,1029.6,67,7.6,13.6,3.3,2,2.6,4.3,6.1,7.1
22107,2025-03-07,6.3,1030.9,60,9.2,13.6,2.1,1.4,2.1,3.6,6.3,7.1
22107,2025-03-08,5,1030,75,9.3,13.6,1.4,.9,1.1,1.8,4.8,5.8
22107,2025-03-09,6,1033.1,64,10.6,13.7,1.3,.8,1,1.5,4.6,9.1
22107,2025-03-10,6.6,1029.3,71,11.6,13.6,1.2,.8,1.1,2.1,4.8,9.1
22107,2025-03-11,4.8,1024.3,80,12.4,13.7,2.1,1.4,1.9,2.8,6.5,8
22107,2025-03-12,3.2,1021.6,82,12.6,13.6,1.1,.7,1,1.9,6.3,8
22107,2025-03-13,8.6,1023.8,67,12,13.8,1.9,1.2,1.5,2.5,4.8,5.8
22107,2025-03-14,10.4,1024.7,63,13,13.8,3.4,2.1,3.4,5.9,7,8
22107,2025-03-15,11.7,1021.3,77,10.7,14,4.2,2.6,3.2,5.7,7.9,9.1
22107,2025-03-16,12.8,1021.7,67,7.3,13.7,4.8,2.9,4.5,8.5,7.5,9.1
22107,2025-03-17,9.9,1024.4,54,6.1,13.5,4.1,2.5,4.2,7.1,7.8,9.1
22107,2025-03-18,12.5,1024.5,61,6.3,13.7,4.3,2.8,4.1,6.1,7.1,9.1
22107,2025-03-19,8.5,1030.4,59,6.6,13.9,3,1.9,3.3,5.5,6.7,9.1
22107,2025-03-20,8.7,1027.5,66,10.7,14,2.4,1.5,2.2,3.5,5.5,6.4
22107,2025-03-21,9.4,1022.1,74,13.2,14.1,2.9,1.8,2.6,4.4,5.9,6.4
22107,2025-03-22,7.7,1019.8,72,14.2,14.4,2,1.2,1.5,2.5,4.9,6.4
22107,2025-03-23,6,1017.7,78,13.9,14.6,1.7,1,1.3,2.2,4.7,5.3
22107,2025-03-24,6.9,1012.9,78,14.6,14.6,1.7,1.1,1.3,2.1,4.6,4.9
22107,2025-03-25,6.3,1009.7,82,14.5,14.6,1.7,1.1,1.3,2.4,4.6,5.3
22107,2025-03-26,5.5,1010,96,14.2,14.8,1.5,.9,1.5,2.8,5.1,5.3
22107,2025-03-27,10.4,1007.2,88,13.3,14.8,3.2,2,3.7,5.9,6.4,9.1
22107,2025-03-28,13,1020.5,69,8.1,14.4,5,3,3.8,6.3,8,9.1
22107,2025-03-29,8.9,1028.6,57,7.6,14.4,2.3,1.4,2.1,3.2,5.7,8
22107,2025-03-30,7.1,1034.2,48,6.6,14.4,1.6,1,2,3,5.7,6.4
22107,2025-03-31,5.2,1031.1,57,9,14.6,.9,.5,.7,1.2,4.8,6.4
22107,2025-04-01,7.5,1025.9,60,10.9,14.6,1.5,1,1.4,2.3,4.7,7.1
22107,2025-04-02,6,1024.3,59,11.6,14.8,1.3,.8,1,1.8,5.9,7.1
22107,2025-04-03,6.9,1025.4,68,9.6,14.7,1.5,1,1.3,1.9,4.8,6.4
22107,2025-04-04,2.8,1025.1,68,10.2,15.1,.8,.5,.7,1,5.6,8
22107,2025-04-05,7.3,1019.6,79,12.2,14.8,1.4,.9,1.3,1.9,4.2,5.3
22107,2025-04-06,4.8,1022.5,60,11.8,14.9,1,.6,1,1.6,4.5,4.9
22107,2025-04-07,5,1024,65,13.3,15,.9,.6,.9,1.8,4.6,8
22107,2025-04-08,5.9,1020.8,74,14.2,15,1.4,.9,1.3,2,4.5,5.3
22107,2025-04-09,5.5,1015.9,83,14.2,15.1,.9,.5,.6,1,4.5,9.1
22107,2025-04-10,5.9,1012.4,86,12.1,15.1,1.1,.6,.9,1.6,3.9,4.9
22107,2025-04-11,4.6,1015.5,79,13.8,15.3,.9,.5,1,1.4,4.7,5.8
22107,2025-04-12,10.4,1010.3,88,13.6,15.1,2.5,1.6,4.6,6.4,5.4,9.1
22107,2025-04-13,11.4,1010.9,52,11,14.9,4.9,3,4.6,7.5,7.7,9.1
22107,2025-04-14,12.5,1007,69,11.7,14.8,4.6,2.8,4,7.3,7.1,9.1
22107,2025-04-15,7.1,1014.5,71,11.3,15,3.1,2,3.6,6.1,7.5,9.1
22107,2025-04-16,8,1014.9,77,15.1,15,1.9,1.2,1.5,2.6,5,6.4
22107,2025-04-17,8.9,1013.2,91,15.2,15,2.6,1.6,1.8,3.4,5.6,6.4
22107,2025-04-18,4.2,1016.8,96,14.9,15.3,2,1.2,1.5,2.7,6.2,7.1
22107,2025-04-19,6.5,1015.1,95,15.5,15.4,1.7,1,1.4,2.4,6.2,6.4
22107,2025-04-20,5.3,1015.7,97,15.4,15.6,1.4,.9,1.2,2,5.4,6.4
22107,2025-04-21,8.8,1017.7,97,15.4,15.6,1.8,1.2,1.5,2.3,5.3,6.4
22107,2025-04-22,7.8,1009.2,97,14.8,15.5,1.8,1.1,1.6,2.4,5,6.4
22107,2025-04-23,6.5,1012,86,13.4,15.4,2.3,1.4,2,3.3,5.8,8
22107,2025-04-24,5.2,1015.5,76,13.9,15.7,1,.6,1.4,2.5,5.4,7.1
22107,2025-04-25,9.3,1021.4,57,13.4,15.6,1.8,1.1,1.6,2.5,5,6.4
22107,2025-04-26,3.8,1025.1,54,14.7,16.1,.6,.4,.8,1.2,4.6,6.4
22107,2025-04-27,3.3,1020.5,82,15,16.1,.4,.2,.3,.5,6.4,10.7
22107,2025-04-28,8,1015.9,80,14,15.9,1.2,.8,1.6,2.2,4.2,5.8
22107,2025-04-29,5,1019.3,67,13.5,15.8,1.2,.7,1.4,2.2,5.1,6.4
22107,2025-04-30,4.6,1019.8,83,14.9,16,.6,.3,.4,.8,4.4,8
22107,2025-05-01,7.5,1014.4,90,15.4,15.6,1.6,1,1.7,3.1,4.7,6.4
22107,2025-05-02,5.4,1017.1,63,13.9,15.4,1.3,.8,1.4,1.9,4.8,6.4
22107,2025-05-03,9.4,1013.3,79,14.3,15.4,2.2,1.3,2,3.4,5.5,6.4
22107,2025-05-04,5.9,1019.4,74,13.4,15.2,1.3,.8,1.4,2.4,5.4,7.1
22107,2025-05-05,6.5,1013.9,78,14.1,15.1,1.1,.7,1.1,1.8,4.7,6.4
22107,2025-05-06,5,1011.8,86,13.8,15.2,1.3,.9,1.1,1.7,5.1,7.1
22107,2025-05-07,4.7,1018.7,79,13.8,15.4,.9,.5,.8,1.3,4.5,6.4
22107,2025-05-08,5.1,1020.2,85,15.4,15.4,.8,.5,.8,1.3,4.7,7.1
22107,2025-05-09,9.6,1008.5,93,15.9,15.3,3.3,2.1,3.3,5.2,6.7,9.1
22107,2025-05-10,7.8,1013.2,85,13.7,15.3,3.2,1.9,3,5.1,6.9,8
22107,2025-05-11,6.8,1014,90,14.3,15.4,1.7,1.1,1.7,2.5,5.8,7.1
22107,2025-05-12,3.8,1017,94,14.6,15.6,.9,.5,.8,1.4,4.2,5.8
22107,2025-05-13,4.1,1020.9,87,15.9,16.1,.8,.5,.6,1,4.6,9.1
22107,2025-05-14,6,1020.8,88,16.8,16.2,1.1,.7,.8,1.5,4.1,4.9
22107,2025-05-15,5.1,1020.5,95,16.7,16.1,1.2,.8,1,1.6,4.8,5.3
22107,2025-05-16,7.9,1014.3,97,16.9,15.9,1.6,1,1.9,3,4.8,5.8
22107,2025-05-17,4.2,1013.6,97,14.5,16.2,1.9,1.1,1.8,3.5,5.4,5.8
22107,2025-05-18,6.5,1016,85,14.1,15.9,1.5,1,1.2,2,5.1,6.4
22107,2025-05-19,4.1,1014.2,92,15.9,16.2,.9,.6,.8,1.1,4.7,5.8
22107,2025-05-20,5.2,1013.9,97,16.9,16.5,1,.6,.8,1.4,4.2,7.1
22107,2025-05-21,6,1009.7,98,16.9,16.6,1.4,.9,1.2,1.8,5.3,6.4
22107,2025-05-22,5.5,1012.5,98,16.6,16.9,1.5,1,1.2,1.9,6.6,7.1
22107,2025-05-23,8.8,1012.4,93,16.7,16.9,1.9,1.2,1.7,2.9,5.6,6.4
22107,2025-05-24,9.2,1011.6,87,15.4,16.8,2.1,1.3,1.9,2.9,5.2,8
22107,2025-05-25,6.9,1019.8,87,15.4,16.9,1.8,1.1,1.8,3.5,5.9,6.4
22107,2025-05-26,2.3,1023,82,16.8,17.6,.7,.4,.7,1.1,6.4,9.1
22107,2025-05-27,1.7,1023.8,78,17.8,18.2,.5,.3,.4,.6,7.5,9.1
22107,2025-05-28,2.2,1022,73,18.2,18.5,.4,.3,.4,.7,7.7,9.1
22107,2025-05-29,3.3,1018.9,84,17.6,18.3,.5,.3,.6,.9,6.8,9.1
22107,2025-05-30,5,1017.3,82,17.4,18.1,.8,.5,.6,1.1,5.1,6.4
22107,2025-05-31,1.6,1016.4,88,17.5,18.2,.7,.4,.5,.8,6.1,9.1
22107,2025-06-01,2.2,1014.4,89,18.2,18.8,.5,.3,.4,.6,6.8,10.7
22107,2025-06-02,9.3,1005.2,92,17.2,17.9,2.6,1.7,2.6,4.2,6,8
22107,2025-06-03,7.9,1007.4,91,17.2,17.9,2.2,1.4,2.4,3.5,6.4,8
22107,2025-06-04,4.5,1013.2,90,18.1,18.4,1.3,.8,1.1,1.7,4.8,8
22107,2025-06-05,2.1,1016.9,80,19.4,19.7,.7,.4,.7,1.1,5.6,8
22107,2025-06-06,3.6,1015,83,20.3,20,.5,.3,.4,.7,7.4,9.1
22107,2025-06-07,4.2,1013.5,92,20.3,20.2,.7,.4,.5,.9,6.3,9.1
22107,2025-06-08,4.4,1012.4,95,20.1,20.5,.8,.5,1,1.6,4.6,5.8
22107,2025-06-09,4.3,1011.2,91,19.9,20.4,1.4,.9,1.1,1.9,5.7,6.4
22107,2025-06-10,4,1012.7,93,19.4,20.1,1,.6,.9,1.4,5.4,5.8
22107,2025-06-11,5.4,1016.8,90,18.7,19.9,.9,.6,.8,1.3,4.4,5.8
22107,2025-06-12,4.1,1019.2,89,19.4,20.3,.7,.4,.6,1.1,5.4,7.1
22107,2025-06-13,6.7,1015.7,97,20.4,20.2,1.1,.7,.9,1.3,5.1,7.1
22107,2025-06-14,6.1,1007,97,20.2,20.3,2.5,1.6,2,3.2,6.8,9.1
22107,2025-06-15,4,1005.5,98,20.4,20.6,2.7,1.7,2.3,3.6,8.2,9.1
22107,2025-06-16,6.2,1007.2,94,20.6,20.8,2.6,1.6,2,3.3,7.4,9.1
22107,2025-06-17,3.9,1011.8,94,21.1,21.4,2.1,1.3,1.5,2.6,6.8,8
22107,2025-06-18,3.5,1016.6,96,21.4,22,1.6,1,1.2,1.9,6.8,7.1
22107,2025-06-19,6,1017,97,22.3,22,1.3,.8,1,1.7,5.5,6.4
22107,2025-06-20,8.2,1013.4,98,22.4,22,2,1.2,1.6,2.7,5.5,5.8
22107,2025-06-21,8.1,1009.9,96,22.4,21.7,2.3,1.5,1.7,2.9,5.9,6.4
22107,2025-06-22,4.1,1011.5,91,20.9,22,1.7,1,1.5,2.5,6.4,7.1
22107,2025-06-23,4.4,1011.2,90,21.4,22.1,.9,.6,.7,1.4,5.5,7.1
22107,2025-06-24,5.4,1010.6,93,21.6,22.3,1.4,.8,1.3,1.9,5,6.4
22107,2025-06-25,4.8,1014.5,89,21.4,22.5,1.1,.7,.9,1.5,4.7,5.3
22107,2025-06-26,2.5,1014.9,88,22.5,23.2,.7,.4,.6,.9,5.8,9.1
22107,2025-06-27,3.1,1013.5,97,23.5,23.7,.5,.3,.4,.6,7.2,9.1
22107,2025-06-28,3.2,1012.9,98,23.9,24.5,.7,.4,.5,.9,4.7,5.3
22107,2025-06-29,3.9,1013.4,97,25.1,25.3,.7,.4,.6,1,4.6,5.3
22107,2025-06-30,3.9,1015.8,95,26,26.1,.7,.4,.5,1,4.7,8
22107,2025-07-01,3.6,1018,96,26.7,27.1,.7,.5,.6,.9,6,8
22107,2025-07-02,3.7,1017.9,90,27,27.7,.7,.5,.5,1,4.8,8
22107,2025-07-03,4.3,1016,86,27,28,.8,.5,.6,1,4.4,6.4
22107,2025-07-04,5.7,1013.4,85,27.2,28,1.1,.7,.9,1.4,4.3,4.9
22107,2025-07-05,5.5,1011.8,87,27,28,1.3,.8,.9,1.6,4.7,5.3
22107,2025-07-06,5.2,1011,90,27.5,28.2,1.2,.8,1,1.6,5,5.3
22107,2025-07-07,2.1,1010.6,86,28,29.1,.9,.5,.7,1.1,4.8,6.4
22107,2025-07-08,6.1,1010.6,86,27.5,28.9,1.9,1.2,1.9,3.2,7.9,9.1
22107,2025-07-09,9.3,1011.5,87,27,28.2,2.5,1.6,1.9,3,8.4,9.1
22107,2025-07-10,9.8,1011.8,85,27.1,28,2.3,1.4,1.8,3,6.1,8
22107,2025-07-11,12.5,1011.9,87,25.9,27.1,2.8,1.7,2.1,4,5.7,7.1
22107,2025-07-12,10.4,1011.3,88,25.2,26.9,2.4,1.5,2,3.4,6,7.1
22107,2025-07-13,8.8,1005.1,88,24.1,26.4,1.8,1.1,1.4,2.2,5.5,7.1
22107,2025-07-14,7.5,1001.3,85,25.6,26.3,1.5,.9,1.3,1.8,4.5,6.4
22107,2025-07-15,6.1,1003.3,84,25.5,25.2,1.9,1.1,1.5,2.6,6.3,8
22107,2025-07-16,7.9,1007.4,87,26.2,26.1,1.9,1.2,1.7,2.8,5.2,6.4
22107,2025-07-17,7.8,1009.3,94,26.6,26.1,2.4,1.5,1.7,2.8,6.1,6.4
22107,2025-07-18,6.4,1010.7,93,26.7,26.6,2,1.2,1.7,2.7,5.9,8
22107,2025-07-19,7.2,1013.9,90,27,27,2.7,1.6,1.9,3.3,6.3,7.1
22107,2025-07-20,6.5,1016,91,27.3,27.3,2.8,1.7,2,3.6,8.4,10.7
22107,2025-07-21,6.2,1018.1,90,27.4,27.7,2.7,1.7,1.9,3.2,9.1,10.7
22107,2025-07-22,6.1,1018.2,86,,27.9,2.6,1.6,2,3.3,8.1,9.1
22107,2025-07-23,4.7,1016.9,85,27.6,28.1,1.8,1.1,1.5,2.2,7.2,8
22107,2025-07-24,4.8,1014.1,81,27.5,28.3,1.6,1,1.1,2,7.1,8
22107,2025-07-25,7.9,1011.1,83,28.3,28.6,2.9,1.8,2.6,3.9,8.4,10.7
22107,2025-07-26,8.4,1009,83,28.5,28.6,3.1,1.9,2.3,3.8,8.1,9.1
22107,2025-07-27,9.5,1007.1,82,28.3,28.5,3.5,2.2,2.9,4.8,8.5,10.7
22107,2025-07-28,7.2,1006.6,78,28.2,28.5,3.5,2.2,2.5,4.2,8.9,10.7
22107,2025-07-29,7.6,1004.2,81,28,28.6,3.1,1.9,2.4,4.1,8.7,10.7
22107,2025-07-30,10.8,1003.1,82,27.7,28.4,4.2,2.6,3.2,5.4,7.8,9.1
22107,2025-07-31,8.1,1005.9,84,27.6,28.4,3.3,2.1,2.8,4.2,7.6,9.1
22107,2025-08-01,5.4,1007,86,27.7,28.9,2.2,1.4,1.7,2.6,8.8,9.1
22107,2025-08-02,3.5,1007.6,87,27.7,29,1.8,1.2,1.4,2.3,8.7,9.1
22107,2025-08-03,8.7,1005.3,89,28.3,28.9,2.6,1.6,2.1,3.8,6.8,9.1
22107,2025-08-04,7.9,1007,90,28.1,28.8,3,1.9,2.2,3.8,7.2,8
22107,2025-08-05,6.8,1010.5,89,28.4,28.9,2.4,1.6,1.8,3.1,7.1,8
22107,2025-08-06,9.9,1009.2,87,28.4,28.8,3.5,2.2,2.9,4.8,6.9,8
22107,2025-08-07,6.2,1009.1,90,27.6,28.7,3.3,2.1,2.7,4.5,7.6,8
22107,2025-08-08,2.3,1009.9,83,26.9,28.8,1.7,1.1,1.4,2.5,6.6,7.1
22107,2025-08-09,7.2,1007.4,90,28.1,29,2.3,1.4,1.9,3.1,6.4,7.1
22107,2025-08-10,7.3,1006.8,86,27.8,28.8,3,1.9,2.3,3.8,7.4,8
22107,2025-08-11,3.8,1008.8,89,26.3,28.6,2.2,1.4,1.8,3.5,7.1,8
22107,2025-08-12,6.8,1013.8,89,28.2,28.7,2.4,1.5,1.8,3.1,6.4,7.1
22107,2025-08-13,7.2,1018.3,,28.3,28.9,2.2,1.4,1.7,2.9,7.1,10.7
22107,2025-08-14,3.9,1020.4,,28.6,29.5,2.1,1.3,1.7,2.7,9,10.7
22107,2025-08-15,1.4,1020.1,,28.5,30.3,1.7,1.1,1.6,2.5,8.1,10.7
22107,2025-08-16,1.3,1018.8,,28.5,31.1,.9,.5,.8,1.2,6.6,12.8
22107,2025-08-17,2.9,1019.5,,29.3,30.9,.6,.4,.5,.7,8.2,12.8
22107,2025-08-18,3.7,1019.6,,29.1,30.5,.8,.5,.6,.9,5,12.8
22107,2025-08-19,4.3,1017.1,,28.9,30.4,.8,.5,.7,1.1,5.4,8
22107,2025-08-20,4.4,1014.5,,28.7,30.3,1.3,.8,1.3,2,7.4,8
22107,2025-08-21,2.3,1015,,28.9,30.6,1.4,.9,1.3,2.1,6.4,8
22107,2025-08-22,3.4,1014.5,,29.1,30.7,1.1,.7,.8,1.4,6.1,7.1
22107,2025-08-23,4.6,1015.8,,29.1,30.6,1.2,.8,1,1.6,5.5,6.4
22107,2025-08-24,5.1,1016.8,,29.4,30.3,1.3,.9,1.1,1.5,5.4,5.8
22107,2025-08-25,6,1016.3,,29.4,30.1,1.3,.8,1,1.7,5.1,5.8
22107,2025-08-26,6.6,1015.5,,29,30,1.6,.9,1.2,2.1,5.1,5.8
22107,2025-08-27,3.3,1016.2,,28.9,30.2,.9,.6,.8,1.3,4.8,5.8
22107,2025-08-28,2.6,1017.7,,29.2,30.6,.6,.4,.5,.7,5,7.1
22107,2025-08-29,3,1019.3,,29.4,30.8,.7,.4,.4,.7,4.8,8
22107,2025-08-30,4.1,1018.7,,28.8,30.7,.7,.4,.5,.9,5.3,7.1
22107,2025-08-31,6,1014.7,,27.9,30.5,1.4,.9,1.2,1.9,4.7,5.8
22107,2025-09-01,5,1012.5,,28.3,30.4,1.7,1.1,1.3,2.1,5.7,6.4
22107,2025-09-02,4,1014.2,,27.7,30.3,1.2,.7,1,1.8,5.2,6.4
22107,2025-09-03,3.2,1014.5,,28,30.4,.7,.4,.6,.9,5,8
22107,2025-09-04,4.6,1012.5,,28.4,30.5,1,.6,1,1.6,4.9,9.1
22107,2025-09-05,2.9,1014.9,,28.5,30.5,1,.6,.8,1.2,8,9.1
22107,2025-09-06,5.4,1014.8,,28.8,30.4,1.1,.7,1,1.5,6.3,9.1
22107,2025-09-07,6,1013.8,,28.8,30.5,1.5,.9,1.1,2,5,5.3
22107,2025-09-08,4,1014.6,,28.2,30.6,.9,.6,.7,1.3,4.9,7.1
22107,2025-09-09,5.6,1014.1,,27.4,30.4,1.2,.7,1,1.6,4.8,7.1
22107,2025-09-10,6.8,1014.9,,25.6,30.2,1.2,.8,1,1.6,4.7,6.4
22107,2025-09-11,8.4,1016.1,,27.2,30.2,2,1.3,1.9,3.1,5.7,7.1
22107,2025-09-12,7.3,1014.4,,27.5,30.1,1.7,1,1.5,2.9,5.2,8
22107,2025-09-13,8.7,1013.2,,27.8,30,2.7,1.7,2.3,4,6.2,7.1
22107,2025-09-14,4.1,1016.3,,26.8,30,1.4,.8,1.3,2.1,5.4,6.4
22107,2025-09-15,3.2,1019.2,,27.8,29.8,1,.6,.8,1.6,4.7,8
22107,2025-09-16,4.8,1018.1,,28.4,30,.9,.6,.7,1.2,4.4,8
22107,2025-09-17,7.2,1016.2,,28.1,30,1.8,1.1,1.6,2.7,5.1,5.8
22107,2025-09-18,7,1018.8,,25,29.8,2.2,1.3,1.7,3.1,6.4,8
22107,2025-09-19,9.1,1017.8,,26.4,29.7,2.1,1.3,1.7,2.7,5.7,8
22107,2025-09-20,9.1,1015.6,,25.3,29.5,2.2,1.4,2.1,3.1,5.6,7.1
22107,2025-09-21,8,1035.3,,23.6,29.2,2.3,1.3,1.6,3,6.3,8
22107,2025-09-22,11,1039.7,,24.3,28.8,3.2,1.8,2.2,4,6.7,10.7
22107,2025-09-23,10.5,1040.4,,24.6,28.7,3.3,1.9,2.5,3.8,9.6,12.8
22107,2025-09-24,5.1,1018.5,,27.5,28.6,3,1.9,2.4,3.9,10.8,12.8
22107,2025-09-25,4.2,1021.6,,27.2,28.7,2.2,1.4,2.1,3.1,9.5,10.7
22107,2025-09-26,2.7,1022.6,,26.5,28.9,1.5,.9,1.2,2,7.6,9.1
22107,2025-09-27,6,1020.4,,25.7,29.3,1.4,.8,1.1,1.9,5.5,8
22107,2025-09-28,6.7,1018.4,,26.8,29.4,1.4,.9,1.2,2,5.3,12.8
22107,2025-09-29,7.2,1019.5,77,24.6,29.1,1.7,1,1.1,2,5.8,9.1
22107,2025-09-30,3.8,1018.9,66,23.7,28.8,.9,.6,.9,1.3,6.5,9.1
22107,2025-10-01,5.5,1025.2,62,24.5,28.5,.8,.5,.6,1.3,5.3,8
22107,2025-10-02,4.5,1025,66,25.7,28.4,1,.5,1.1,1.8,3.9,7.1
22107,2025-10-03,8.9,1017,86,26.6,28.3,2.6,1.6,1.9,3.2,5.6,7.1
22107,2025-10-04,6.9,1018.6,78,25.4,28.2,1.9,1.2,1.7,2.5,5.7,6.4
22107,2025-10-05,3.7,1019.3,74,24.8,28.2,1.1,.7,.8,1.3,7.3,10.7
22107,2025-10-06,2.1,1019.1,76,26.1,28.5,.9,.6,.7,1.2,8.4,9.1
22107,2025-10-07,7.4,1019.2,85,25.4,28.2,1.3,.8,1.4,2.2,5.9,9.1
22107,2025-10-08,8.3,1019.1,82,24,27.9,2,1.3,1.9,2.7,5.3,6.4
22107,2025-10-09,8.6,1020.4,71,25.5,27.9,2.3,1.4,2,3.2,6,8
22107,2025-10-10,8.8,1020,71,25.4,27.7,2.1,1.3,1.7,3,6,8
22107,2025-10-11,4.7,1017.2,76,25.4,27.9,1.4,.8,1.1,1.7,8.9,10.7
22107,2025-10-12,4.6,1017.6,80,25.3,28,1,.6,.9,1.3,9,10.7
22107,2025-10-13,4.2,1018.6,83,26.1,27.8,.8,.5,.7,1,6.2,8
22107,2025-10-14,7,1019.8,85,24.7,28.2,1.3,.8,1.1,1.7,4.1,5.8
22107,2025-10-15,3.2,1020.9,78,25.7,28.3,1.2,.7,.9,1.5,5.1,7.1
22107,2025-10-16,8.1,1021,82,25.3,27.9,1.9,1.2,1.5,2.9,5,6.4
22107,2025-10-17,9.7,1022.4,80,25.2,27.8,2.3,1.4,1.9,3.5,5.2,7.1
22107,2025-10-18,9.4,1021.9,77,23.1,27.5,2.6,1.7,2.9,5,6.4,9.1
22107,2025-10-19,8.6,1024.1,77,22.7,27.3,3.3,2,2.5,4.1,7.8,9.1
22107,2025-10-20,12.6,1027.1,68,18.8,27,4.7,3,3.4,5.4,8.1,9.1
22107,2025-10-21,11,1028.4,73,19.3,26.7,4.1,2.5,3,5,7.3,8
22107,2025-10-22,10.2,1027.9,76,20.1,26.5,3.5,2.1,2.7,4.3,7,8
22107,2025-10-23,9.2,1027.8,66,21.4,26.8,3.1,1.9,2.2,3.6,6.8,8
22107,2025-10-24,7.9,1026.9,66,21,26.6,2.6,1.6,1.9,3.1,6.3,7.1
22107,2025-10-25,8.6,1024,72,20.1,26.5,2.4,1.5,1.9,3,5.9,6.4
22107,2025-10-26,10.3,1022.3,63,19,26.3,2.9,1.8,2.4,3.8,6.2,7.1
22107,2025-10-27,10.7,1025.9,62,16.3,25.9,3.5,2.2,2.7,4.2,6.5,8
22107,2025-10-28,7.4,1030.4,54,15.7,25.6,2.3,1.4,1.9,3.2,5.4,5.8
22107,2025-10-29,4.1,1030.9,49,17.6,25.6,1.5,1,1.2,2.1,5.1,6.4
22107,2025-10-30,5.7,1027.3,59,19.7,25.2,1.5,1,1.1,1.8,5.7,8
22107,2025-10-31,6.5,1020.7,65,19.4,24.9,1.7,1.1,1.4,2.3,6,8
22107,2025-11-01,10.2,1020.8,60,18.3,24.6,3.1,1.9,2.5,4,6.2,7.1
22107,2025-11-02,10.2,1024.9,60,17.1,24.5,3.1,1.9,2.7,5.1,6.1,8
22107,2025-11-03,7.4,1030.6,63,14,24.3,3,1.9,2.7,4.5,7.4,9.1
22107,2025-11-04,6.1,1028.7,71,17.7,24,1.3,.8,1.1,1.7,5.7,9.1
22107,2025-11-05,4.7,1025.5,59,18.9,23.9,1.5,.9,1.3,2.3,5.5,6.4
22107,2025-11-06,6.3,1025.8,59,18.6,23.7,1.8,1.1,1.3,2.3,6.2,8
22107,2025-11-07,7.3,1026.3,62,19.2,23.5,1.9,1.2,1.5,2.4,6.3,10.7
22107,2025-11-08,9.4,1022.1,75,18.9,23.4,2,1.3,1.6,2.7,5.2,6.4
22107,2025-11-09,10.4,1020.9,67,16.7,23.4,2.4,1.5,1.9,3.1,5.8,7.1
22107,2025-11-10,10.6,1023.4,58,14.1,23.1,3,1.8,2.1,3.9,6.2,8
22107,2025-11-11,8.9,1024.2,59,13.9,22.9,2.9,1.8,2.1,3.7,,12.8
22107,2025-11-12,6.2,1024.7,59,16.4,22.8,2,1.3,1.5,2.5,7.4,10.7
22107,2025-11-13,9.1,1022.7,58,16.1,22.7,2.1,1.4,1.6,2.7,6.4,10.7
22107,2025-11-14,10.5,1024.7,63,14.2,22.4,2.6,1.7,2.1,3.3,5.6,6.4
22107,2025-11-15,5.6,1029.4,57,15.4,22.3,1.5,1,1.3,2.4,4.7,5.3
22107,2025-11-16,2.4,1026.9,63,18.6,22.6,.7,.4,.6,.9,7.2,8.3
22107,2025-11-17,13.6,1026.6,70,14,22.2,3.9,2.5,3.7,5.8,6.5,9.1
22107,2025-11-18,11.8,1026.5,64,11.9,21.9,4.1,2.5,3.2,5.9,7.7,8.3
22107,2025-11-19,8.8,1025.7,62,12.5,22,2.9,1.9,2.6,3.9,7.1,7.7
22107,2025-11-20,6.9,1026.2,60,14.5,21.9,1.7,1.1,1.4,2.2,5.9,6.7
22107,2025-11-21,6.8,1026.1,62,14.7,21.8,1.5,1,1.1,1.9,5,6.3
22107,2025-11-22,3.7,1026.4,56,14.6,21.6,.9,.6,.8,1.3,4.4,6.7
22107,2025-11-23,2.9,1023.1,56,16.4,21.7,.6,.4,.5,.9,5.6,10.5
22107,2025-11-24,5.2,1018.5,59,18.3,21.7,1.1,.7,.8,1.2,4.2,5
22107,2025-11-25,12,1019,59,14.6,21.5,4.3,2.6,3.8,6.5,7.2,9.1
22107,2025-11-26,5.1,1024.7,59,12.3,21.6,2.3,1.5,2.5,4.3,8,9.1
22107,2025-11-27,11.5,1019.5,55,14.6,21.6,4.3,2.6,3.7,6.4,7.2,10
22107,2025-11-28,6.7,1021.1,60,11.8,21.4,2.8,1.9,3.2,5.1,8.3,10
22107,2025-11-29,5.4,1018.3,62,16.2,21.6,1.4,.9,1.4,2.5,5.3,7.1
22107,2025-11-30,6.9,1017,67,19.1,21.5,1.9,1.2,1.4,2.3,5.7,6.3
22107,2025-12-01,9.4,1018.2,67,15.3,21.4,2.2,1.4,1.8,3.2,5.8,7.7
22107,2025-12-02,12.7,1020.2,68,11.4,21.2,3.3,2.1,2.6,4.5,6.6,7.1
22107,2025-12-03,13.2,1024.4,63,9.1,,4.7,2.9,3.9,6.2,7.9,9.1
22107,2025-12-04,7.5,1026.3,58,10.1,,2.6,1.7,2.7,4.2,7.6,9.1
22107,2025-12-05,8.6,1026.5,63,9.5,,2.7,1.7,2.2,4,7.1,8.3
22107,2025-12-06,5.3,1022.9,61,13.1,,1.3,.8,1.3,2.2,5.8,7.7
22107,2025-12-07,6.2,1022.4,57,16.4,,1.6,1.1,1.3,2.1,5.9,7.1
22107,2025-12-08,10.7,1025.8,61,12.3,,2.8,1.8,2.4,4,6.1,7.7
22107,2025-12-09,9.3,1026.8,61,10.9,,2,1.3,1.8,2.9,5.1,7.1
22107,2025-12-10,6,1024,59,14.8,,1,.7,.9,1.4,4.3,10
22107,2025-12-11,11.8,1020.5,72,14.9,,3,1.9,3.6,5.7,5.6,8.3
22107,2025-12-12,9.2,1025.8,67,12.8,,3.6,2.4,3.5,5.1,8.6,10.5
22107,2025-12-13,10.3,1020,74,13.9,,3.1,2,2.6,4.8,7.2,9.1
22107,2025-12-14,12.7,1021.5,63,10.2,,5.3,3.3,4.3,8.4,8.4,10
22107,2025-12-15,4.7,1025.2,58,10.4,,2.3,1.4,2.4,4.6,7.1,8.3
22107,2025-12-16,4.6,1022.3,59,15.2,,1.1,.7,.8,1.3,5.2,11.1
22107,2025-12-17,9.7,1023.4,66,12.8,,2.6,1.6,2.3,4,5.7,7.1
22107,2025-12-18,6.2,1025.4,62,12.1,,1.8,1.1,1.7,2.8,6.8,7.1
22107,2025-12-19,6.4,1020.5,66,17.6,,1.2,.8,1,1.5,4.4,6.3
22107,2025-12-20,7.3,1019.6,87,17.1,,1.6,1,2.7,4,5.5,7.1
22107,2025-12-21,14.3,1025.8,69,8.9,,5.2,3.2,4.1,6.9,8.2,9.1
22107,2025-12-22,6,1027.3,65,10.7,,2.2,1.4,2.2,3.8,6.6,8.3
22107,2025-12-23,6.4,1020.4,65,16.8,,1.4,.9,1.1,2.1,9.4,10.5
22107,2025-12-24,11.5,1016.2,79,11.8,,3.3,2.1,3,4.9,6.5,9.1
22107,2025-12-25,15.3,1020.1,66,8.2,,5.7,3.5,4.6,7.6,8.6,10
22107,2025-12-26,12.5,1025.8,70,4.8,,5.1,3.4,4.9,7.5,9.4,11.1
22107,2025-12-27,5.8,1025.8,64,7.2,,1.5,1,1.9,2.9,7.1,9.1
22107,2025-12-28,4.2,1022.5,55,11.6,,.9,.6,1.2,1.8,7.6,10.5
22107,2025-12-29,7,1019.5,64,14.4,,1.6,1.1,1.2,2.1,4.8,5
22107,2025-12-30,10.2,1022.2,61,10.3,,2.3,1.5,1.9,3,5.8,7.1
22107,2025-12-31,12.9,1024.7,67,7.1,,3.6,2.3,3.2,5.5,6.7,8.3
22107,2026-01-01,12.1,1024.2,71,4.9,,3.6,2.3,2.7,5.4,7.3,8.3
22107,2026-01-02,14.3,1025.1,72,5.1,,5.5,3.4,4,6.6,8.6,10
22107,2026-01-03,9.8,1027.6,60,8,,3.7,2.2,3.7,6.3,7.4,9.1
22107,2026-01-04,6.1,1024.8,59,10,,1.4,.9,1.3,2,5.3,6.3
22107,2026-01-05,11,1021.8,68,8.8,,2.8,1.8,2.9,4.5,5.8,7.7
22107,2026-01-06,9.1,1022.9,70,8,,2.4,1.6,2.5,4.2,6.2,8.3
22107,2026-01-07,11,1022,64,9.5,,3.4,2.1,2.7,5,6.4,7.7
22107,2026-01-08,11.7,1026.4,64,6.2,,3.8,2.4,2.8,4.5,7.1,8.3
22107,2026-01-09,6.3,1023,59,8.8,,1.7,1,1.7,3.4,6,8.3
22107,2026-01-10,13,1018.7,60,10.9,,5,3.2,4.3,7.4,7.8,10
22107,2026-01-11,13,1024.6,67,5.3,,6.6,4,5,9.3,10.1,11.1
22107,2026-01-12,7.4,1020.4,59,9.3,,2.8,1.8,2.8,4.8,7.5,10
22107,2026-01-13,9.1,1018.9,54,10.5,,3.3,2.1,3.1,4.7,6.9,7.7
22107,2026-01-14,6.1,1021.7,61,12.4,,1.6,1,1.7,3.2,5.6,7.1
22107,2026-01-15,9.9,1016.7,70,15.6,,3.1,2,2.7,4.4,6.3,7.1
22107,2026-01-16,4.8,1018,59,14.9,,1.2,.8,1.3,2.1,4.9,5.9
22107,2026-01-17,8.6,1019,72,11.5,17.6,2.3,1.4,1.9,3.4,6.2,8.3
22107,2026-01-18,2.7,1019.1,73,13.9,17.8,1.6,1,1.7,2.6,7.5,8.3
22107,2026-01-19,13.9,1021,79,8,17.7,4.4,2.7,4.3,8.4,7.3,10.5
22107,2026-01-20,15,1023.4,72,4.6,17.4,5.7,3.5,4.4,7.3,8.8,10
22107,2026-01-21,14,1026.2,70,3.7,17.2,5.1,3.3,3.5,6.1,8.2,9.1
22107,2026-01-22,12,1027.9,65,4.1,17.1,4.3,2.8,3.4,5.9,7.8,9.1
22107,2026-01-23,7.6,1027.1,54,6.9,17,2.2,1.4,2.1,3.1,6.1,7.7
22107,2026-01-24,9.6,1026.2,56,7.4,16.9,2.6,1.6,1.8,3.4,6,6.7
22107,2026-01-25,8.7,1029.3,61,6.1,16.8,2.1,1.3,1.6,2.9,5.6,7.1
22107,2026-01-26,9.1,1025,77,6.3,16.7,1.8,1.2,1.4,2.1,4.9,6.3
22107,2026-01-27,12.4,1025.1,67,6.5,16.6,3.4,2.1,2.8,4.8,6.3,7.7
22107,2026-01-28,12.6,1027.4,61,5.5,16.5,3.4,2.2,2.7,4,6.7,7.7
22107,2026-01-29,9.7,1029.9,64,6.4,16.4,2.2,1.4,1.9,3.6,5.1,6.3
22107,2026-01-30,11,1029.2,67,5,16.2,2.7,1.7,2,3.3,5.9,7.7
22107,2026-01-31,11.4,1026.9,67,6.4,16.1,2.7,1.7,2.1,3.5,6.1,7.1
22107,2026-02-01,8.3,1027.2,58,7.5,16.1,2.3,1.4,1.8,3.4,6.1,6.7
22107,2026-02-02,10.2,1027.8,61,7.4,16,2.9,1.8,2.5,4.5,6.5,7.7
22107,2026-02-03,6.3,1029.7,59,7.1,16.1,1.8,1.1,2,3.9,6.4,7.1
22107,2026-02-04,3.2,1022.8,62,11,16.4,.7,.4,.6,1,5.7,8.3
22107,2026-02-05,7.6,1018.5,68,13.1,16.5,1.3,.9,1.6,2.6,4.3,5.6
22107,2026-02-06,13.6,1020.9,77,5.9,16.5,4.3,2.7,3.2,6,7.7,9.1
22107,2026-02-07,13.5,1024.3,78,3.4,16.5,5,3.1,3.6,6.1,8,9.1
22107,2026-02-08,14.4,1028.8,73,2.7,16.1,6.7,4,5.1,9.3,9.2,10.5
22107,2026-02-09,5.6,1028.5,58,6.6,16.3,2.2,1.4,2.5,4.2,7,9.1
22107,2026-02-10,7.8,1020.8,74,9.9,16.3,2,1.3,1.9,3.3,5.4,6.3
22107,2026-02-11,9.4,1022.5,68,9.3,16.3,2.4,1.6,1.8,3.3,5.9,6.7
22107,2026-02-12,4.9,1023.4,55,9.8,16.4,1.2,.8,1.3,2.1,5.4,5.9
22107,2026-02-13,3.5,1020.6,60,12.3,16.5,.7,.4,.5,.8,3.8,5
22107,2026-02-14,4.8,1016.1,75,14.2,16.4,.8,.5,.7,1.1,4,8.3
22107,2026-02-15,8.7,1019.3,77,11.3,16.2,1.7,1.1,2.2,3.7,5.6,7.1
22107,2026-02-16,13.2,1021.8,72,7.3,16,4.2,2.6,2.9,5.3,7.5,9.1
22107,2026-02-17,10.4,1022.7,63,8,15.9,2.8,1.8,2.6,4.6,6.6,8.3
22107,2026-02-18,9,1024.2,56,9.8,15.9,2.1,1.3,1.6,3.1,5.6,6.7
22107,2026-02-19,6.2,1024.6,61,8.9,16,1.6,1,1.6,2.8,6.1,7.1
22107,2026-02-20,4.6,1019.7,56,12.6,16.1,.8,.6,.7,1,4.6,10.5
22107,2026-02-21,8,1014.5,65,14.5,16.1,1.6,1,1.4,2.2,4.9,5.6
22107,2026-02-22,10.3,1013.6,76,13.4,16.1,2.6,1.6,2.6,4.2,5.5,6.7
22107,2026-02-23,10.2,1023,47,10.6,16,2.7,1.8,2.7,4.1,6.3,7.7
22107,2026-02-24,10.6,1016.6,87,11.2,16,3.1,1.9,2.7,4.5,6.3,9.1
22107,2026-02-25,7.4,1019.3,76,12.3,15.9,3.2,2,2.6,5.1,8.1,10.5
22107,2026-02-26,6.4,1016.1,79,12.8,15.9,2.4,1.6,1.9,3.2,7.9,10.5
22107,2026-02-27,7.9,1013.3,93,12.2,15.7,2.4,1.6,1.9,2.9,5.9,11.1
22107,2026-02-28,8.5,1019.4,72,13.4,15.8,2.3,1.5,2.3,3.6,5.5,8.3
22107,2026-03-01,12.2,1018.1,82,13.4,15.8,3.3,2.1,3.1,5.3,7.6,9.1
22107,2026-03-02,16.5,1009.5,95,12.9,15.8,5.1,3.3,3.7,6.5,8.4,10.5
22107,2026-03-03,10.2,1020,85,10.1,16.1,3.1,2,2.7,4,6.7,11.1
22107,2026-03-04,7.1,1023.4,76,11.4,15.8,2,1.3,1.8,3,5.8,6.7
22107,2026-03-05,5.6,1022,74,13.7,16,1.3,.8,1,1.5,4.9,9.1
22107,2026-03-06,11.9,1022.6,73,8.3,15.8,3,1.9,2.5,4.3,6.1,8.3
22107,2026-03-07,10.9,1027.5,66,6.3,15.7,3.3,2.1,2.5,4.2,7.3,8.3
22107,2026-03-08,7.2,1027.3,63,8.3,15.8,1.8,1.2,1.8,2.9,5.9,7.7
22107,2026-03-09,11,1027.6,63,8.4,15.8,2.7,1.8,2.7,4.2,5.9,6.7
22107,2026-03-10,6,1027,60,7.9,15.8,2.1,1.3,2.2,3.2,7.6,9.1
22107,2026-03-11,4.7,1024.9,61,9,16,1,.7,.9,1.3,5.1,6.7
22107,2026-03-12,10.1,1024.9,71,10.1,16.1,2.5,1.6,2.2,3.8,5.6,6.7
22107,2026-03-13,7.3,1027.9,55,11.5,16,2.3,1.5,1.6,2.7,7.3,9.1
22107,2026-03-14,4,1028.5,51,12.3,16,1.8,1.2,1.3,2.4,7.6,9.1
22107,2026-03-15,8.2,1025.8,61,10.6,15.9,1.6,1,1.4,2.5,8.5,14.3
22107,2026-03-16,7.7,1022.9,74,9.8,16,1.6,1.1,1.4,2.5,8.9,14.3
22107,2026-03-17,3.6,1020.6,75,13.4,16.4,.9,.6,.8,1.2,12.4,15.4
22107,2026-03-18,9.4,1014.4,93,11.4,16.1,2.2,1.4,2.2,3.6,6.2,14.3
22107,2026-03-19,10.6,1018.1,64,10,16.1,2.6,1.7,2,3.6,6.5,7.7
22107,2026-03-20,8.8,1021.2,57,11.4,16.2,1.7,1.1,1.7,3,4.6,6.3
22107,2026-03-21,4.1,1023.1,55,14.8,16.5,.9,.6,1,1.4,9.4,15.4
22107,2026-03-22,4.6,1018.7,60,15.4,16.4,.7,.5,.6,1,10.1,15.4
22107,2026-03-23,7.6,1018.7,58,14.5,16.4,1.4,.9,1.1,1.7,4.3,5
22107,2026-03-24,9.2,1015.7,78,15.3,16.5,2.1,1.4,1.8,3,5.7,7.1
22107,2026-03-25,10.1,1014,79,13,16.7,2.4,1.5,2,3.1,6.2,9.1
22107,2026-03-26,6.5,1016,73,13.7,16.8,1.4,1,1.4,2,4.2,7.1
22107,2026-03-27,6,1015.6,58,15.2,16.8,.8,.6,.8,1.1,3.2,3.6
22107,2026-03-28,6,1016.4,75,13.6,16.8,.9,.6,.7,1.3,5.1,11.8
22107,2026-03-29,5.1,1015.6,80,16.2,16.7,.8,.5,.7,1.1,7.6,11.1
22107,2026-03-30,7.8,1008.7,94,16.5,16.7,1.5,.9,2.1,3.3,5,10
22107,2026-03-31,9.8,1010.4,88,13.2,16.5,3,1.9,2.8,4.5,6.6,8.3
22107,2026-04-01,5.5,1013.6,86,13.8,16.5,1.4,.9,1.1,2,6.6,9.1
22107,2026-04-02,4.3,1017.9,61,14.1,16.6,.8,.5,.8,1.3,4.9,7.7
22107,2026-04-03,7.1,1012.3,80,15.7,16.6,1.1,.7,2,2.9,5.8,10
22107,2026-04-04,10.8,1002.6,89,13.5,16.6,4.3,2.7,3.1,6.2,8.6,10.5
22107,2026-04-05,5,1011,81,13,16.8,2.2,1.4,1.9,3.2,8.5,9.1
22107,2026-04-06,6.9,1009.6,92,16.1,17,1.9,1.2,1.6,2.5,5.3,7.7
22107,2026-04-07,11.8,1016.2,50,12.3,17,3,1.8,2.2,3.9,6.1,6.7
22107,2026-04-08,6.9,1018.7,62,13.7,17,1.3,.9,1.5,2.4,4.3,6.3
22107,2026-04-09,10.1,1005.9,94,16.7,16.9,3.2,2.1,3.7,6.3,5.9,8.3
22107,2026-04-10,7.6,1006.9,88,14.5,16.9,3,1.9,3.2,5.7,7.4,8.3
22107,2026-04-11,4.8,1014.1,84,14.8,17.1,1.6,1,1.3,1.9,7.8,9.1
22107,2026-04-12,5.1,1014.7,83,15.6,17,1.1,.7,.8,1.3,7,10.5
22107,2026-04-13,6,1013.5,85,16.6,17,2,1.3,1.5,2.6,5.8,6.7
22107,2026-04-14,4.4,1011,94,16.6,17.1,1.6,1,1.3,2,6.3,7.7
22107,2026-04-15,5.6,1012.4,78,16,17.3,1.3,.8,1.1,1.8,7,11.1
22107,2026-04-16,11.8,1015,78,16.6,17.1,2.7,1.7,2.3,3.9,6.1,11.1
22107,2026-04-17,7.4,1012.1,95,16.6,17.2,2.5,1.7,2,3.4,12.2,16.7
22107,2026-04-18,8.6,1011.3,98,16.8,17.3,3.1,2,2.5,4.2,9.2,16.7
22107,2026-04-19,7.3,1011.4,94,17.7,17.7,2.8,1.8,2.1,3.3,8,15.4
22107,2026-04-20,7.2,1013.8,89,15.3,17.8,2.1,1.3,1.8,3.6,9.2,14.3
22107,2026-04-21,7.4,1018.2,61,15.1,17.5,2.2,1.4,2.2,4.3,6.8,11.8
22107,2026-04-22,8.4,1010.6,79,15.7,17.3,1.8,1.2,2,3.4,5.4,12.5
22107,2026-04-23,8.3,1008.1,82,15.8,17.4,2.8,1.8,2.3,3.9,7,9.1
22107,2026-04-24,4.5,1015.5,71,16.5,17.8,2.1,1.4,1.9,2.9,8.3,10
22107,2026-04-25,4.7,1017.7,74,16.7,,1.7,1.1,1.3,2.2,7.4,8.3
22107,2026-04-26,5.5,1013.7,81,16.2,18,1.1,.7,.9,1.5,6.8,10.5
22107,2026-04-27,4.5,1013.4,67,16.7,18.1,.8,.5,.8,1.2,8.4,11.1
22107,2026-04-28,8.9,1015.5,77,15.4,18,1.8,1.1,1.8,2.9,4.7,6.3
22107,2026-04-29,7.4,1018.8,68,14.2,17.9,1.5,.9,1.5,2.3,4.8,6.3
22107,2026-04-30,7.8,1015.1,74,14.3,17.7,1.3,.9,1.2,1.9,4.5,6.3
22107,2026-05-01,8.6,1013.8,77,16.4,17.7,2.2,1.4,1.9,3.3,5.5,6.3
22107,2026-05-02,5,1012.6,78,17.1,17.8,.9,.6,.8,1.3,4.3,5.6
22107,2026-05-03,10.1,1005.8,90,16.1,17.8,2.7,1.7,2.1,3.7,5.9,6.7
22107,2026-05-04,6.6,1017.2,65,15.2,17.8,2.4,1.5,2.3,3.9,7,7.7
22107,2026-05-05,4.1,1018.9,69,16.2,18,.9,.6,.9,1.5,5.3,7.7
22107,2026-05-06,4.1,1016.7,73,17.9,18.3,.7,.5,.6,1,5.9,10.5
22107,2026-05-07,4,1013.5,93,17.5,18.6,.7,,.6,1.4,7.8,10
22107,2026-05-08,10.3,1017.5,70,15.9,18.1,2.3,1.4,2.1,3.2,5.3,6.3
22107,2026-05-09,3.9,1020,55,16.6,18.3,1,.7,1.1,1.4,5.5,10
22107,2026-05-10,4.2,1018.3,77,18,18.4,.8,.5,.6,1,9.7,10.5
22107,2026-05-11,5,1014.6,91,19,18.8,1.1,.7,.9,1.3,5.9,10.5
22107,2026-05-12,3.8,1009.8,92,18.2,19,1.6,1,1.3,2.4,6.4,7.7
22107,2026-05-13,2.7,1010.2,87,18,19.5,1.1,.7,.9,1.5,8.6,10.5
22107,2026-05-14,4.9,1014.1,89,19.1,19.7,1,.6,1.1,1.8,7.9,10.5
22107,2026-05-15,8.9,1019.4,89,19.2,19.6,2,1.2,1.8,3.4,6,7.1
22107,2026-05-16,2.7,1021.7,94,19.6,20.4,.9,.6,.8,1.4,7.4,10.5
22107,2026-05-17,1.5,1019.8,89,19.8,21,1,.6,.7,1.4,7.4,7.7
22107,2026-05-18,4.1,1016.7,88,21.2,21.3,.9,.6,.7,1,7.8,9.1
22107,2026-05-19,7.3,1012.2,94,21.4,21.2,1.5,1,1.5,2.6,5.8,8.3
