지점,일시,평균 풍속(m/s),평균기압(hPa),평균 상대습도(%),평균 기온(°C),평균 수온(°C),평균 최대 파고(m),평균 유의 파고(m),최고 유의 파고(m),최고 최대 파고(m),평균 파주기(sec),최고 파주기(sec)
22101,2007-01-01,3.6,1027.4,58,6.6,7.9,.3,.1,.2,.5,2.7,8
22101,2007-01-02,4.6,1026.2,68,5.7,7.8,.8,.5,.8,1.3,4.2,6
22101,2007-01-03,5,1027.7,70,7.4,7.7,.5,.3,.5,.8,3.3,5
22101,2007-01-04,4,1028.7,68,7.1,7.7,.4,.2,.4,.7,3.6,5
22101,2007-01-05,2.8,1024.8,66,7.1,7.7,.3,.2,.4,.7,3.4,4
22101,2007-01-06,13.9,1015.6,65,2.7,7.5,4.1,2.4,3.2,5.9,6.3,9
22101,2007-01-07,9.7,1023.4,66,1.3,7.1,2.7,1.6,2.5,4.5,5,7
22101,2007-01-08,7.1,1028.3,56,1.5,6.7,1.8,1.1,1.4,2.3,4.4,6
22101,2007-01-09,2.7,1029.8,61,2.1,6.5,.7,.5,.9,1.4,4.3,6
22101,2007-01-10,3.2,1031.9,58,3.2,6.5,.5,.3,.5,.8,3.5,4
22101,2007-01-11,3.7,1032.8,57,2.6,6.4,.6,.3,.6,1,2.7,4
22101,2007-01-12,7.1,1030.8,51,.7,6.4,1.5,.9,1.2,2,4.2,5
22101,2007-01-13,6.5,1030.9,50,-.8,6.3,1.5,.9,1.2,2,4.1,5
22101,2007-01-14,2.4,1032,47,1.4,6.2,.6,.4,.6,1,3.9,5
22101,2007-01-15,1.3,1029.3,55,4.3,6.1,.4,.2,.3,.5,3.9,4
22101,2007-01-16,2.1,1025.7,67,5.8,6.1,.2,.1,.2,.3,4.1,9
22101,2007-01-17,3.6,1024.9,64,5.4,6.1,.7,.4,.9,1.5,3.4,4
22101,2007-01-18,6.8,1028.2,52,4,6,1.4,.9,1,1.8,4.3,6
22101,2007-01-19,2.6,1030.3,50,3,5.9,.5,.3,.8,1.5,3.9,5
22101,2007-01-20,2.6,1030.1,55,3.9,5.9,.2,.1,.2,.4,2.9,5
22101,2007-01-21,2.9,1029.2,58,5.1,5.8,.2,.1,.6,1,3,7
22101,2007-01-22,5.3,1030.4,66,3.4,5.7,1.4,.9,1.6,2.5,5.1,8
22101,2007-01-23,3.4,1028.9,63,4.3,5.6,.5,.3,.5,.8,4,5
22101,2007-01-24,4.2,1027,54,4.4,5.7,.9,.5,.7,1.1,4,5
22101,2007-01-25,2.3,1026.5,56,5.1,5.7,.8,.5,.8,1.3,4.3,5
22101,2007-01-26,3.3,1020.4,73,4.8,5.6,.6,.4,1.2,2.3,4.1,8
22101,2007-01-27,5.6,1024.3,59,4.2,5.7,1.9,1.1,1.5,2.7,5.9,8
22101,2007-01-28,2.8,1025.9,54,3.3,5.6,1.1,.7,.8,1.4,5,7
22101,2007-01-29,4.5,1025.8,56,4.6,5.6,.8,.5,.8,1.3,3.8,5
22101,2007-01-30,9.2,1024.3,66,2.8,5.6,2.5,1.6,2.3,3.8,5.2,6
22101,2007-01-31,5.6,1028,49,.5,5.5,1.5,.9,1.4,2.6,4.8,7
22101,2007-02-01,9.3,1026.3,56,-1.2,5.2,2.5,1.4,1.9,3.3,4.8,6
22101,2007-02-02,5.5,1027.7,58,-1,5,1.5,.9,1.7,2.5,4.4,6
22101,2007-02-03,6.7,1021.7,64,6.3,4.9,2,1.2,2.2,3.6,5.4,8
22101,2007-02-04,3.5,1025.1,44,4.9,4.8,1,.6,1.4,2,5.5,7
22101,2007-02-05,4,1021.9,80,7.1,4.8,.5,.3,.5,.8,3.7,5
22101,2007-02-06,2.6,1023.7,88,6.6,4.9,.4,.3,.3,.6,3.7,5
22101,2007-02-07,3,1026.8,72,6.2,5,.3,.2,.4,.6,3.4,5
22101,2007-02-08,2.9,1021.4,83,6.2,5,.3,.2,.3,.6,3.4,6
22101,2007-02-09,5,1017.5,77,6.4,5,.9,.6,.9,1.5,3.6,5
22101,2007-02-10,6.9,1016.8,64,5.5,5.1,1.9,1.2,2.1,3.3,4.9,5
22101,2007-02-11,6.6,1022.3,54,4.3,5.1,1.6,1,1.6,2.5,4.6,7
22101,2007-02-12,3.1,1022.2,75,6.1,5.1,1.1,.6,1,1.6,4.2,5
22101,2007-02-13,4.8,1017.8,66,6,4.4,.7,.4,.6,.9,3.6,5
22101,2007-02-14,9.2,1017.4,61,2.7,5,2.9,1.8,2.8,4.6,5.5,9
22101,2007-02-15,5.4,1024.2,43,3.4,5,1.7,1.1,1.8,3.1,4.9,7
22101,2007-02-16,2.7,1023.3,47,4.5,4.9,.5,.3,.6,1,4.5,6
22101,2007-02-17,2.6,1018.2,67,6.7,4.9,.2,.1,.2,.3,3.5,9
22101,2007-02-18,4.5,1016.4,68,5.4,4.9,.8,.5,.9,1.5,3.6,5
22101,2007-02-19,3.1,1019.6,65,4.4,4.3,.9,.5,1,1.6,4.4,5
22101,2007-02-20,1.5,1022.1,79,5.7,5,.3,.1,.3,.5,3.8,5
22101,2007-02-21,1.6,1023.2,86,5.6,5,.2,.1,.2,.4,3.4,4
22101,2007-02-22,3.7,1016.1,85,5.9,5.1,.4,.3,.5,.8,3.3,4
22101,2007-02-23,7.4,1022.2,43,4.7,5.1,1.8,1.1,1.4,2.8,3.9,5
22101,2007-02-24,4,1024.6,50,4.8,5.1,.6,.3,.8,1.4,2.8,4
22101,2007-02-25,2.2,1024.2,71,7.2,5.2,.2,.1,.2,.4,2.6,4
22101,2007-02-26,2.8,1026.7,74,7.1,5.3,.2,.2,.3,.5,3.3,7
22101,2007-02-27,1.5,1027.7,85,6.9,5.3,.2,.1,.3,.5,4.6,8
22101,2007-02-28,3.5,1029.8,71,7.2,5.3,.4,.2,.4,.7,3.3,7
22101,2007-03-01,2.7,1026.3,68,7.9,5.3,.3,.2,.2,.4,4.3,8
22101,2007-03-02,3.7,1020.6,88,8,5.4,.6,.4,.5,.9,4.4,7
22101,2007-03-03,.8,1021.4,96,7,5.5,.5,.3,.4,.7,4,7
22101,2007-03-04,8.6,1006.7,86,10.1,5.5,1.1,.7,1.8,2.9,3.7,8
22101,2007-03-05,12.1,1012.8,67,.8,5.5,4.2,2.6,3.6,6.1,6.8,10
22101,2007-03-06,8.6,1025.3,53,-1.6,5.2,2.7,1.6,2.4,4.1,5.1,7
22101,2007-03-07,5.3,1021.5,59,1.3,5.1,1.4,.9,1.4,2.4,4.7,7
22101,2007-03-08,5.9,1022.7,54,4.9,5,1.9,1.1,1.5,2.7,5.5,7
22101,2007-03-09,3.9,1024.3,72,7.1,5.1,1.3,.8,1.1,2,4.9,6
22101,2007-03-10,8.5,1019.5,64,4.3,5.1,2.1,1.3,2.2,4.4,4.8,6
22101,2007-03-11,8.6,1023,44,4.3,5,2.8,1.8,2.2,3.9,5.6,8
22101,2007-03-12,4.6,1023.8,58,6.1,5.1,1.4,.9,1.5,2.3,4.9,7
22101,2007-03-13,2.5,1022.1,80,6.7,5.2,.6,.4,.5,.8,4.2,5
22101,2007-03-14,1.6,1022.8,83,6.7,5.3,.3,.2,.3,.5,3.7,4
22101,2007-03-15,3.7,1020.9,73,7.3,5.2,.4,.3,.9,1.6,2.4,5
22101,2007-03-16,5.5,1022.9,64,6.9,5.3,1.2,.7,1.2,2,3.7,5
22101,2007-03-17,6.3,1025.6,55,6.5,5.3,1.5,.9,1.1,2,3.9,5
22101,2007-03-18,3.7,1025,61,6.3,5.4,.7,.4,.8,1.5,3.6,4
22101,2007-03-19,4.5,1025,64,6.8,5.5,.6,.4,.6,.9,3.3,4
22101,2007-03-20,3.2,1025.8,70,6.5,5.6,.4,.2,.5,1,3.5,5
22101,2007-03-21,5.7,1024.6,83,7.7,5.6,.7,.4,.7,1,3.5,5
22101,2007-03-22,3.7,1024.8,89,7.4,5.7,.7,.4,.6,1,4.3,5
22101,2007-03-23,2.4,1021,85,7.6,5.8,.5,.3,.4,1,3.7,4
22101,2007-03-24,4.6,1005.9,92,8.1,5.8,.7,.4,.9,1.7,4.3,7
22101,2007-03-25,3.5,1011.8,81,7.2,6,1,.6,.9,1.5,4,5
22101,2007-03-26,6,1013.1,75,8.7,6,.8,.5,1.2,1.8,3.5,8
22101,2007-03-27,4.3,1011.9,81,9,6.2,1.2,.8,1.1,1.8,4.8,6
22101,2007-03-28,5.3,1010.6,84,8,6.1,1,.6,1.1,2.1,4.1,8
22101,2007-03-29,4.4,1009.5,82,8.1,6.1,.7,.4,.6,1.3,4.5,7
22101,2007-03-30,2.4,1014.3,80,8.9,6.2,.5,.3,.4,.7,3.2,5
22101,2007-03-31,4.4,1007,86,9.8,6.3,.6,.4,1.3,1.7,2.8,5
22101,2007-04-01,3.1,1013.6,78,9.3,6.3,1.2,.7,1.2,2,4.9,7
22101,2007-04-02,7.2,1018.5,56,8,6.4,1.8,1.1,1.8,3.1,4.2,5
22101,2007-04-03,6.9,1020.2,61,8.6,6.5,1.7,1,1.3,2.3,4.6,6
22101,2007-04-04,6.5,1023.9,55,8.4,6.5,1.7,1,1.4,2.7,4.4,5
22101,2007-04-05,1.6,1027.2,64,8.4,6.7,.4,.3,.7,1,3.7,5
22101,2007-04-06,1.5,1023.7,74,8.9,6.9,.3,.2,.3,.4,3.5,5
22101,2007-04-07,2.2,1021.2,91,9,6.9,.3,.2,.3,.4,3.6,4
22101,2007-04-08,3.4,1020.5,85,9.3,7,.6,.4,.8,1.2,3.1,4
22101,2007-04-09,3.8,1021.8,82,10,7.1,.6,.4,.6,1,2.9,4
22101,2007-04-10,5.2,1020.8,77,11.1,7.2,1.2,.8,1.2,1.7,4.6,6
22101,2007-04-11,2.3,1021,87,10.3,7.3,.6,.4,.6,1,4.2,5
22101,2007-04-12,5,1015.5,78,11.8,7.4,1,.6,1.3,2.2,4,7
22101,2007-04-13,8,1009.5,85,10.7,7.4,2.3,1.4,1.6,3.1,6.3,8
22101,2007-04-14,4.5,1013.4,79,10.8,7.5,1.2,.7,1.2,1.9,4.9,7
22101,2007-04-15,2.3,1010.6,92,9.6,7.7,.5,.3,.4,.8,3.5,4
22101,2007-04-16,4.3,1009.5,76,10.7,7.8,.5,.3,.8,1.2,3.2,5
22101,2007-04-17,4.4,1014.9,73,10.7,7.9,1.1,.7,1,1.9,4,5
22101,2007-04-18,2.3,1015.5,74,10.9,8.1,.3,.2,.5,.7,3.3,4
22101,2007-04-19,7.2,1015.2,80,11.7,8.1,1.4,.8,1.2,2.1,5.4,7
22101,2007-04-20,8.9,1011.2,83,12.7,8.2,2.4,1.5,2.1,3.4,7.3,9
22101,2007-04-21,2.1,1012.2,97,12.2,8.2,1.1,.6,1.3,2.1,6.7,8
22101,2007-04-22,3.9,1013.2,82,11.6,8.3,.8,.5,1,1.7,3.8,6
22101,2007-04-23,2.8,1015.9,72,12.2,8.5,.5,.3,.4,.6,3.5,4
22101,2007-04-24,1.9,1013.5,82,11.6,8.5,.4,.2,.4,.7,3.3,5
22101,2007-04-25,4.3,1011.9,79,12.2,8.6,.7,.5,.7,1.1,3.7,5
22101,2007-04-26,1.6,1018.9,84,11.8,8.9,.7,.4,.6,1,4,5
22101,2007-04-27,3.4,1020.6,73,12.7,9,.5,.3,.8,1.5,3.5,6
22101,2007-04-28,3.6,1022.4,77,12.5,9.1,.6,.3,.6,1.1,3,4
22101,2007-04-29,4.4,1020.6,77,12.9,9.2,.6,.4,.6,1.2,3.3,4
22101,2007-04-30,2.7,1015,71,13.2,9.3,.5,.3,.5,.8,3.6,4
22101,2007-05-01,4.9,1006,84,13.1,9.4,.8,.5,1.1,1.7,3.8,7
22101,2007-05-02,3.8,1010.5,82,13.4,9.6,1.2,.7,1.1,2,4.6,7
22101,2007-05-03,4.8,1011.6,92,13,9.7,.8,.5,.6,1,4,5
22101,2007-05-04,4.7,1008.6,97,12.8,9.8,.9,.5,.8,1.3,3.9,5
22101,2007-05-05,1.8,1008,95,13.2,10,.6,.4,.6,.9,3.9,5
22101,2007-05-06,2.7,1004.1,81,14.3,10.1,.4,.3,.4,.8,3.1,5
22101,2007-05-07,4.5,1006.4,80,14.4,10.2,.6,.4,.6,1.1,3.2,4
22101,2007-05-08,4.5,1011,84,14.5,10.4,.8,.5,.6,1.1,3.9,5
22101,2007-05-09,5.6,1011.5,81,14.3,10.4,1,.6,1,2,3.8,4
22101,2007-05-10,2.8,1016.5,84,13.6,10.6,.8,.5,.8,1.7,3.4,5
22101,2007-05-11,3.3,1016.3,85,14,10.6,.5,.3,.4,.7,3.6,5
22101,2007-05-12,4.5,1009.4,94,13.8,10.7,.7,.5,.9,1.4,4.1,6
22101,2007-05-13,5.9,1011,75,15.1,10.8,1.5,.9,1.1,2.1,4.8,6
22101,2007-05-14,6.4,1009.8,83,15.1,11,2.1,1.3,1.7,3.4,5.8,7
22101,2007-05-15,3.3,1012,84,14.6,11.2,.7,.4,.7,1.1,4.4,6
22101,2007-05-16,7.1,1000.4,88,15.7,11.2,1.1,.7,1.1,1.8,4.8,7
22101,2007-05-17,6.9,997.1,81,15.3,11.4,1.5,.9,1.6,2.5,4.3,5
22101,2007-05-18,4.8,1000.3,84,14.9,11.6,1.3,.8,1,1.8,4.5,6
22101,2007-05-19,1.9,1008.5,84,15,11.8,.9,.6,.8,1.2,4.4,6
22101,2007-05-20,2.3,1013,85,15.1,11.9,.5,.3,.5,.8,4.2,8
22101,2007-05-21,2.8,1013.7,71,16.4,12,.4,.3,.4,.7,3.6,5
22101,2007-05-22,2.3,1013.1,64,17.2,12.2,.6,.4,.5,.8,4.8,6
22101,2007-05-23,2.6,1010.6,67,17.7,12.3,.6,.3,.4,.7,5.1,7
22101,2007-05-24,4.5,1001.8,88,17.5,12.4,1.1,.7,.9,1.5,5.8,7
22101,2007-05-25,4.6,1000.1,95,15.4,12.6,.8,.5,.7,1.2,4.2,7
22101,2007-05-26,3.6,1004.5,78,16.8,12.8,1,.6,.8,1.4,3.9,4
22101,2007-05-27,2.4,1007.1,84,17.8,13.2,.7,.5,.6,1,4.1,5
22101,2007-05-28,3.3,1012.7,78,18,13.2,.7,.5,.6,1,4.3,5
22101,2007-05-29,3.9,1010.5,90,16.6,13.1,.8,.5,1.1,1.5,4.5,6
22101,2007-05-30,2,1011.4,89,16.5,13.4,.7,.4,1,1.4,3.6,4
22101,2007-05-31,1,1012.3,77,18.3,13.7,.5,.3,.6,.9,3.5,6
22101,2007-06-01,1.7,1012.1,85,17.4,13.6,.3,.1,.2,1.6,3.4,5
22101,2007-06-02,1.5,1010.4,85,18,13.8,.3,.2,.3,.4,4.9,8
22101,2007-06-03,1.6,1012.2,83,18.6,14,.3,.2,.2,.5,5.7,9
22101,2007-06-04,1.5,1012.2,92,17.8,14.2,.3,.2,.2,.4,5.2,7
22101,2007-06-05,3.2,1009.6,95,18,14.2,.5,.3,.5,.9,3.9,5
22101,2007-06-06,4,1009.7,95,18.1,14.3,1.1,.7,1,1.7,4.4,6
22101,2007-06-07,,,,,,,,1.2,1.9,,5
22101,2007-07-01,,,,,,,,.4,.7,,5
22101,2007-07-02,3.4,1001.8,97,19.2,17.7,.7,.4,.6,1,4.1,5
22101,2007-07-03,1.2,1004,92,18.9,17.9,.5,.3,.4,.7,4.9,8
22101,2007-07-04,1.5,1001.8,92,18.8,18,.3,.2,.3,.5,5.9,8
22101,2007-07-05,3.4,1004.5,94,19.3,18,.5,.3,.5,.8,5.9,9
22101,2007-07-06,2.1,1003.6,94,19,18.2,.6,.4,.5,.9,4,5
22101,2007-07-07,,1004.1,90,20.3,18.4,.3,.2,.3,.4,5.8,8
22101,2007-07-08,,1004.1,95,19.7,18.6,.3,.2,.2,.3,6.8,8
22101,2007-07-09,4.5,1001.2,83,21.3,18.6,.4,.2,.5,.8,4.4,7
22101,2007-07-10,5.8,998.6,83,20.6,18.8,.7,.4,.6,1.1,3.5,8
22101,2007-07-11,4.8,1001.4,92,19.7,18.7,.9,.5,.8,1.6,4.5,8
22101,2007-07-12,1.8,1007.5,89,19.8,19.1,.5,.3,.4,.7,4,5
22101,2007-07-13,3,1006.6,81,22.1,19.2,.3,.2,.3,.6,5.4,12
22101,2007-07-14,6.6,1001.7,73,22,19,.7,.4,.7,1.1,3.4,10
22101,2007-07-15,2.8,1001.3,79,20.7,19.2,.3,.2,.3,.5,6.4,10
22101,2007-07-16,6.1,996.3,92,20.2,19.2,.8,.5,.8,1.4,6.7,10
22101,2007-07-17,2.7,1003.1,90,19.9,19.4,.8,.5,.8,1.1,5,9
22101,2007-07-18,4,1002.7,90,20.8,19.4,.5,.3,.5,.9,6.3,9
22101,2007-07-19,5.8,997.8,94,21,19.5,1,.6,.9,1.5,4.5,6
22101,2007-07-20,1.2,1002.3,94,20.2,19.6,.7,.4,.5,1,5.1,9
22101,2007-07-21,2,1004.7,90,20.2,19.7,.5,.3,.3,.6,6.8,8
22101,2007-07-22,1,1007.1,93,20,19.9,.3,.2,.2,.5,4.9,8
22101,2007-07-23,1.4,1009.8,95,20.1,19.9,.2,.1,.2,.3,4.5,7
22101,2007-07-24,2.6,1009.2,93,20.8,20,.2,.1,.2,.3,4,8
22101,2007-07-25,3.1,1009.8,94,21.3,20,.4,.3,.4,.7,3.4,5
22101,2007-07-26,1.7,1011,91,22,20.3,.3,.2,.3,.5,4.2,6
22101,2007-07-27,3.2,1010,95,21.5,20.3,.3,.2,.3,.5,3.9,5
22101,2007-07-28,2.6,1009.9,95,21.7,20.3,.4,.2,.3,.5,3.4,4
22101,2007-07-29,2.2,1010.3,95,21.3,20.4,.4,.2,.3,.5,3.3,5
22101,2007-07-30,1.5,1010.3,93,21.6,20.6,.3,.2,.3,.5,3.9,5
22101,2007-07-31,3.3,1007,93,21.6,20.8,.2,.1,.2,.4,4.2,8
22101,2007-08-01,6.9,1003,91,23,20.9,1.1,.7,.9,1.5,4.5,6
22101,2007-08-02,4.1,1004.3,94,22.4,21,.9,.5,.8,1.4,4.5,6
22101,2007-08-03,1.7,1004,95,21.6,21,.4,.2,.4,.7,4.5,6
22101,2007-08-04,3.2,1005.3,95,21.8,21.1,.4,.2,.4,.8,3.9,6
22101,2007-08-05,2.3,1009.2,92,22.2,21.2,.4,.3,.3,.6,4.3,6
22101,2007-08-06,4,1012.2,88,22.8,21.4,.6,.4,.5,.9,4.4,5
22101,2007-08-07,6.5,1009.7,90,23,21.4,.8,.5,.7,1.1,4.8,7
22101,2007-08-08,8,1007.7,91,23.6,21.6,1.6,1,1.4,2.4,5.7,7
22101,2007-08-09,7.3,1009.4,91,24.2,21.7,1.4,.9,1.1,1.9,4.6,6
22101,2007-08-10,6.4,1008.2,90,24.3,22,1.1,.7,.9,1.3,5.8,10
22101,2007-08-11,3.7,1005.4,84,24.8,22.3,.9,.5,.7,1.2,7.6,10
22101,2007-08-12,9.5,997.5,82,25,22.2,1.6,1,1.4,2.6,7.3,10
22101,2007-08-13,4.2,999.8,92,23.6,22.3,1,.6,.8,1.4,6.9,9
22101,2007-08-14,6.2,1000.5,91,24,22.4,.9,.6,1.2,2.3,7.5,9
22101,2007-08-15,4.3,1009.9,86,24.2,22.6,.8,.5,1,1.6,6.8,9
22101,2007-08-16,2.5,1013.8,91,24,22.7,.9,.6,1.5,2.4,5.3,8
22101,2007-08-17,.7,1013.1,91,23.9,22.9,.4,.3,.3,.6,4.8,8
22101,2007-08-18,.8,1010.6,93,23.4,23.1,.4,.3,.4,.7,6.3,10
22101,2007-08-19,1.6,1011,92,24,23.3,.5,.3,.5,.7,10.2,12
22101,2007-08-20,2.9,1010.6,92,24.2,23.5,.6,.4,.5,.8,9.1,10
22101,2007-08-21,3.2,1008.4,93,25.1,23.8,.7,.4,.5,.8,8.5,9
22101,2007-08-22,2.5,1008.4,84,25.6,24.7,.7,.5,.6,.9,7.3,9
22101,2007-08-23,1.8,1011.9,76,25.2,25.3,.5,.3,.5,.8,5.4,8
22101,2007-08-24,1.7,1015.5,81,25,25,.3,.2,.2,.4,5.2,7
22101,2007-08-25,2.2,1016.3,92,25.2,24.9,.3,.2,.3,.5,3.9,5
22101,2007-08-26,2.5,1015.5,92,25,24.6,.3,.2,.3,.5,3.5,5
22101,2007-08-27,4.3,1011.7,90,25.3,24.6,.8,.5,.8,1.5,3.8,5
22101,2007-08-28,2.4,1009.9,85,24.4,24.5,.6,.4,.7,1,4.7,8
22101,2007-08-29,5.6,1006.7,82,24.1,24.5,.6,.4,.5,.9,4.2,7
22101,2007-08-30,7.2,1007.2,66,23.9,24.3,.6,.4,.6,1.1,3.1,6
22101,2007-08-31,4,1009.6,70,23.7,24.2,.3,.2,.3,.5,3.5,7
22101,2007-09-01,8,1007.3,78,22.2,24.1,.6,.4,.8,1.3,3.3,6
22101,2007-09-02,7.7,1007,79,21.7,23.9,.9,.5,.7,1.2,3.4,5
22101,2007-09-03,3.5,1010.7,75,22.7,23.8,.4,.2,.3,.6,3.1,6
22101,2007-09-04,3.3,1011.6,77,23.2,23.8,.3,.2,.3,.5,3.3,6
22101,2007-09-05,6.2,1010.6,71,23.1,23.8,.6,.4,.7,1.2,3,5
22101,2007-09-06,7.9,1008.1,74,20.4,23.6,.9,.6,.7,1.1,3.1,4
22101,2007-09-07,5.9,1006.3,71,21.8,23.5,.8,.5,.8,1.3,2.8,4
22101,2007-09-08,6.1,1007.9,64,22.9,23.4,1.2,.7,1,1.8,3.7,4
22101,2007-09-09,3.9,1009.9,78,23.2,23.4,.7,.4,.5,.9,3.8,5
22101,2007-09-10,4.2,1012.1,82,23.9,23.4,.9,.6,.7,1.2,4.4,5
22101,2007-09-11,4.5,1012.6,81,23.4,23.4,.9,.5,.8,1.3,3.8,5
22101,2007-09-12,1.7,1013.1,82,23.4,23.4,.4,.2,.5,.9,3.6,5
22101,2007-09-13,2.4,1014.2,84,23.6,23.4,.2,.1,.2,.5,3.3,4
22101,2007-09-14,6.3,1010.8,78,22.5,23.3,.4,.2,.5,1,2.4,4
22101,2007-09-15,4,1007.6,81,21.5,23.3,.5,.3,.6,.9,3.8,5
22101,2007-09-16,6.6,1008.5,77,22.7,23.2,.6,.4,.7,1.2,5.1,12
22101,2007-09-17,5.9,1012.7,71,23.6,23.2,.6,.3,.7,1,3,5
22101,2007-09-18,10.1,1012.2,81,22.6,23.1,1,.6,.8,1.4,3,4
22101,2007-09-19,8.5,1010.4,87,22.4,23,1.1,.7,1.1,1.7,4.7,10
22101,2007-09-20,8.6,1010,86,23.8,23.1,1.5,.9,1.6,2.6,8.4,10
22101,2007-09-21,5.6,1014.5,75,22,23.1,1.7,1.1,1.5,2.4,6.8,9
22101,2007-09-22,5.9,1018.9,76,22,22.9,.9,.5,.7,1.1,4,7
22101,2007-09-23,6.9,1019.1,72,21.4,22.8,.7,.4,.7,1.1,2.5,4
22101,2007-09-24,4.1,1017.5,79,21.7,22.9,.4,.3,.4,.7,3.5,8
22101,2007-09-25,2.2,1016.6,77,22.3,22.8,.3,.2,.3,.5,3.4,6
22101,2007-09-26,4.2,1015.7,83,22.3,22.7,.3,.2,.3,.4,2.9,5
22101,2007-09-27,8.2,1011.6,88,22.1,22.6,1.3,.8,1.3,2,4.8,7
22101,2007-09-28,7.3,1018,48,20.1,22.4,1.2,.8,1.2,2.1,3.9,5
22101,2007-09-29,4.2,1021.2,65,19.9,22.2,.5,.3,.6,1,4.6,6
22101,2007-09-30,3.8,1018.8,76,20.3,21.9,.4,.3,.5,.9,3.3,5
22101,2007-10-01,2.5,1017,74,20,21.9,.3,.2,.3,.4,4,6
22101,2007-10-02,1.7,1017.7,71,20.4,21.8,.3,.2,.2,.4,4.3,9
22101,2007-10-03,2.6,1018.2,77,20.5,21.8,.2,.1,.2,.3,5,9
22101,2007-10-04,3.7,1017.9,84,20.9,21.7,.4,.2,.3,.5,3.1,9
22101,2007-10-05,4.7,1017.1,69,21.6,21.8,.4,.3,.4,.7,4.9,10
22101,2007-10-06,5,1015.5,71,21,21.7,.5,.3,.6,.9,4.8,12
22101,2007-10-07,5.9,1013,78,20.2,21.7,1,.6,1.4,2.3,7.5,16
22101,2007-10-08,9.3,1015.9,54,15.2,21.4,2.1,1.3,1.6,2.8,4.3,5
22101,2007-10-09,7.1,1016.9,53,16.1,21.2,1.3,.8,1.1,2.1,3.9,6
22101,2007-10-10,4.7,1017.5,59,17.3,21,.8,.5,1,1.7,4,5
22101,2007-10-11,7.2,1019.5,47,18.4,20.8,1.4,.8,1.2,1.9,3.8,5
22101,2007-10-12,6.9,1023.5,52,17.9,20.6,1.3,.8,1.1,2,4,5
22101,2007-10-13,5.7,1024.4,52,16.6,20.3,.9,.6,1,1.7,3.7,5
22101,2007-10-14,5.9,1022.1,54,17.2,20.2,.9,.6,.8,1.3,3.1,4
22101,2007-10-15,3.6,1023.2,60,16.4,20,.8,.5,.9,1.5,4.2,6
22101,2007-10-16,4.6,1023,59,16.5,19.9,.7,.4,.7,1.2,3.7,4
22101,2007-10-17,5.1,1023.2,61,16,19.8,.6,.4,.6,.9,3,4
22101,2007-10-18,2.1,1022,57,16.6,19.8,.3,.2,.2,.4,3.7,6
22101,2007-10-19,9.4,1016.6,58,13.9,19.6,2.1,1.3,2,3.3,4.4,5
22101,2007-10-20,9.5,1021,55,10,19.2,2.6,1.5,1.9,3.5,4.8,6
22101,2007-10-21,5.3,1020.1,59,15.8,19,1.3,.8,1.1,1.7,4.3,5
22101,2007-10-22,5.1,1020.2,70,17.7,18.9,1.3,.8,1,1.6,4.9,6
22101,2007-10-23,2.3,1024.7,83,16.4,18.7,.6,.3,.6,.9,4.3,5
22101,2007-10-24,1.9,1025.9,80,16.9,18.7,.3,.1,.2,.4,3.8,6
22101,2007-10-25,2.9,1021.6,75,17.4,18.5,.2,.1,.2,.4,3,4
22101,2007-10-26,4.7,1019.7,76,17.3,18.5,.5,.3,.5,.9,2.9,4
22101,2007-10-27,3.6,1017.7,53,17.1,18.4,.3,.2,.4,.7,3.7,8
22101,2007-10-28,7.3,1014.2,71,16.2,18.3,1.1,.7,2.2,3.5,4.3,7
22101,2007-10-29,6.7,1022.6,65,11,18,2.2,1.3,2.2,4.7,5,6
22101,2007-10-30,3,1025.9,51,11.9,17.7,.6,.4,.6,1.1,4.4,5
22101,2007-10-31,5.2,1023.2,66,14.7,17.6,.8,.5,1.2,1.9,3.7,5
22101,2007-11-01,7.5,1022.8,51,10.6,17.4,2.1,1.3,1.9,3.4,4.9,7
22101,2007-11-02,5.7,1021.6,45,12.2,17.2,1.9,1.1,1.7,2.8,6.3,8
22101,2007-11-03,5.2,1025.4,44,14,17.1,1.2,.7,.9,1.8,4.9,7
22101,2007-11-04,3.6,1029.8,38,11.6,16.9,.6,.3,.7,1.1,3.4,5
22101,2007-11-05,4.9,1027.7,47,12.6,16.8,.5,.3,.4,.8,2.5,4
22101,2007-11-06,4.6,1025.1,59,14,16.6,.5,.3,.5,.8,2.5,4
22101,2007-11-07,2.4,1022.4,59,15.2,16.6,.3,.2,.3,.5,3.3,6
22101,2007-11-08,1.7,1021.2,66,15.4,16.5,.2,.1,.2,.3,4.4,9
22101,2007-11-09,5.6,1021,68,14.2,16.4,1.1,.7,1.3,2.2,4.5,7
22101,2007-11-10,8.9,1020.8,60,12,16.1,2.3,1.4,1.6,3,5.1,8
22101,2007-11-11,6.1,1021.5,59,10.9,15.9,1.5,.9,1.3,2.5,4.3,6
22101,2007-11-12,4.3,1021.6,55,11.4,15.7,.9,.5,.8,1.5,4.2,5
22101,2007-11-13,3.7,1021.5,59,13.2,15.6,.5,.3,.6,1,3.5,4
22101,2007-11-14,3,1022.3,69,14.1,15.5,.4,.3,.4,.6,3.8,5
22101,2007-11-15,6.6,1026.1,65,9.4,15.4,1.3,.8,1.2,1.8,3.8,5
22101,2007-11-16,5.5,1025,52,7.1,15.2,1.4,.8,1.2,2.3,4.3,6
22101,2007-11-17,7.9,1018.5,55,9.6,15,1.8,1.1,2.1,3.7,4.2,6
22101,2007-11-18,10,1028.6,54,1.7,14.7,2.8,1.8,2.3,3.7,4.8,7
22101,2007-11-19,6.3,1024.6,65,4.5,14.4,1.5,.9,2.8,4.3,4.3,6
22101,2007-11-20,6,1025.4,57,5.3,14,2.3,1.4,3.1,5.1,7,8
22101,2007-11-21,5.9,1029.1,59,6.4,13.6,1.6,1,1.4,2.6,5.5,7
22101,2007-11-22,4.5,1031.1,52,7,13.3,.5,.3,.6,.9,3.7,5
22101,2007-11-23,8.1,1023.8,75,12.3,13.3,1.8,1.1,1.6,3.2,5.5,7
22101,2007-11-24,3.4,1026.9,64,8.7,13.2,1.3,.8,1.4,2.1,5.2,7
22101,2007-11-25,2.4,1027,68,9.8,13.1,.4,.2,.4,.7,3.9,5
22101,2007-11-26,8.1,1022.7,70,9.1,13.1,1.6,1,1.7,3.1,4.4,6
22101,2007-11-27,7.2,1020.8,46,5.2,12.8,1.6,1,1.4,2.3,4.2,5
22101,2007-11-28,6,1020.9,47,6.9,12.6,.8,.5,.7,1.2,3.4,5
22101,2007-11-29,8.4,1023.8,54,7.9,12.4,1.4,.9,1.3,2.3,3.6,5
22101,2007-11-30,6.3,1026.9,51,4.3,12.1,1.5,1,1.4,2.3,4.3,6
22101,2007-12-01,5.3,1024.9,59,8.7,12,1.2,.7,1.1,1.7,4.2,5
22101,2007-12-02,5.1,1021.2,58,6.7,11.8,1.2,.7,1.5,2.5,4.7,7
22101,2007-12-03,7.6,1025.5,55,4.4,11.6,2,1.2,2,3.3,4.6,6
22101,2007-12-04,8.5,1033.7,59,.8,11.4,2.1,1.3,1.5,2.7,4.5,7
22101,2007-12-05,5.9,1032.8,52,2.5,11.1,1.4,.9,1.3,2.1,4.3,6
22101,2007-12-06,5.6,1022.3,66,6.7,10.9,.9,.5,.8,1.3,3.8,5
22101,2007-12-07,8.3,1022,63,5.2,10.7,2.8,1.7,2.9,4.5,6.2,9
22101,2007-12-08,5.4,1026.3,58,4.3,10.4,1.3,.8,1.1,1.8,4.3,6
22101,2007-12-09,2.3,1027.2,61,5.4,10.2,.6,.4,.5,.8,3.9,5
22101,2007-12-10,4.6,1022.6,63,5.9,10.1,.4,.3,.5,.6,3,4
22101,2007-12-11,4.5,1018.8,73,6.8,10.1,.5,.3,.6,1,3.7,6
22101,2007-12-12,3.9,1016.5,68,6.1,10,.6,.4,.6,1,4.5,6
22101,2007-12-13,8.5,1014.4,60,4,9.9,2,1.3,2,3.2,4.6,7
22101,2007-12-14,5.5,1017.5,60,3.8,9.7,1.5,.9,1.4,2.2,5.1,6
22101,2007-12-15,8.7,1020.7,59,4.9,9.5,2.3,1.4,1.7,2.8,5.6,8
22101,2007-12-16,3.6,1026.9,58,3.7,9.4,1,.6,1.1,1.9,4.8,6
22101,2007-12-17,5.8,1023.4,54,5.7,9.2,1.1,.6,.9,1.6,3.8,5
22101,2007-12-18,2.9,1023.3,66,3.7,9.1,.7,.4,.7,1.2,3.6,5
22101,2007-12-19,4.1,1021.6,65,4.5,9,.7,.4,.6,1,4.3,6
22101,2007-12-20,5.4,1023.7,69,7.1,9,1.2,.7,1,1.5,5,6
22101,2007-12-21,5,1027.3,61,6.2,8.9,.5,.3,.5,.9,3.5,5
22101,2007-12-22,5.2,1023.2,61,7.1,8.9,.4,.3,.4,.6,3,6
22101,2007-12-23,8,1023.6,66,6.2,8.8,1.7,1,1.9,3.4,4.2,7
22101,2007-12-24,4.4,1028.4,64,5,8.7,.7,.4,1.1,1.7,4.8,7
22101,2007-12-25,4.4,1028.2,69,7.1,8.6,.3,.2,.3,.4,2.8,5
22101,2007-12-26,3.5,1028.8,72,8.3,8.6,.3,.2,.4,.5,3.2,8
22101,2007-12-27,3.6,1023.5,80,7.7,8.5,.3,.1,.4,.6,3.4,6
22101,2007-12-28,5.9,1016.3,76,6.6,8.5,.8,.5,.9,1.5,3.3,5
22101,2007-12-29,7.6,1013.7,73,1.1,8.4,2.3,1.4,2.4,4.7,5.5,9
22101,2007-12-30,10.9,1015,69,-2.4,8.1,3.4,2.1,2.5,4.4,5.9,8
22101,2007-12-31,11,1017.5,65,-1.5,7.8,3.4,2.1,2.4,4,6.6,9
22101,2008-01-01,10.5,1022.5,63,-2.2,7.3,3.1,1.9,2.3,4,5,9
22101,2008-01-02,6.1,1026.1,58,.6,7,1.9,1.1,1.7,2.8,4.8,6
22101,2008-01-03,8,1024.4,54,5.1,6.9,2,1.3,1.6,2.8,5.3,6
22101,2008-01-04,2.7,1026.1,56,2.7,6.8,1,.6,1.1,1.7,4.5,6
22101,2008-01-05,3.2,1023.3,66,5,6.7,.3,.2,.3,.5,3.5,6
22101,2008-01-06,3.2,1022.5,82,7.3,6.7,.8,.5,.8,1.3,3.9,5
22101,2008-01-07,2.3,1019.5,84,4.3,6.6,.5,.3,.6,1,4.1,5
22101,2008-01-08,2.7,1020.1,68,4.8,6.6,.6,.4,.6,1,3.9,5
22101,2008-01-09,6.6,1022.5,56,2.4,6.5,.9,.5,1.2,2.1,3.5,5
22101,2008-01-10,4.8,1025.1,44,.8,6.4,.5,.3,.5,.8,3,5
22101,2008-01-11,8.9,1021.3,75,1.5,6.3,1.3,.7,1.2,2.7,3.7,5
22101,2008-01-12,10.4,1025.2,60,.7,6.1,2.3,1.4,1.8,3.1,4.5,6
22101,2008-01-13,9,1032,58,-3.7,5.8,2.2,1.3,2.2,4.1,4.6,6
22101,2008-01-14,5.7,1032.3,47,-1.5,5.7,1.2,.7,.9,1.5,3.8,4
22101,2008-01-15,6.4,1033.8,49,-1.6,5.5,1.4,.8,1.3,2.3,4,5
22101,2008-01-16,9.5,1036.8,52,-3.9,5.2,2.4,1.5,1.9,3.5,4.5,5
22101,2008-01-17,4.4,1036.3,50,-4.7,5,1,.6,1.1,1.8,3.9,6
22101,2008-01-18,4.9,1035.2,49,-2.1,4.9,.8,.5,.6,1,3.2,4
22101,2008-01-19,5.5,1033.5,47,-.8,4.7,.7,.4,.7,1.1,3,4
22101,2008-01-20,5.1,1026.4,57,2.3,4.7,.6,.4,.7,1.3,2.8,4
22101,2008-01-21,7.8,1025.4,76,2.4,4.6,.8,.5,.8,1.2,3.3,4
22101,2008-01-22,5.2,1024.8,83,1.7,4.5,.5,.3,.6,.8,2.9,4
22101,2008-01-23,9.2,1026.2,62,-1,4.4,2,1.3,2,3.3,4.6,7
22101,2008-01-24,8.9,1032.4,54,-3.9,4.2,2.1,1.3,2,3.1,4.6,6
22101,2008-01-25,5.1,1032.8,46,-3.7,3.9,1,.6,1.1,2.1,4.5,6
22101,2008-01-26,6.1,1031.5,45,-.9,3.8,.9,.6,1,1.8,3.5,5
22101,2008-01-27,3.5,1028.9,54,-.6,3.7,.7,.5,.9,1.3,4.3,5
22101,2008-01-28,3,1020.9,50,.2,3.7,.5,.3,.5,.7,4.2,5
22101,2008-01-29,5.1,1018,55,1,3.7,1,.6,1.4,2.4,3.9,5
22101,2008-01-30,8.9,1023.8,61,-.8,3.7,2.5,1.5,2.4,3.6,5,7
22101,2008-01-31,7.6,1028.3,52,-2,3.6,1.8,1.1,1.3,2.3,4.5,5
22101,2008-02-01,3.9,1028.6,44,-.8,3.6,1,.6,1,1.7,3.9,5
22101,2008-02-02,3.1,1024.2,51,.5,3.5,.4,.3,.7,1.1,4,6
22101,2008-02-03,5.9,1020.9,59,.7,3.4,1.2,.7,1.3,2.3,4,5
22101,2008-02-04,7.3,1025.4,56,-.6,3.4,1.9,1.2,1.5,2.7,5,6
22101,2008-02-05,5.3,1026.9,51,-1.1,3.3,1.1,.7,1.1,1.6,4,5
22101,2008-02-06,7,1025,52,-1.4,3.2,1.7,1,1.2,2.2,4.4,5
22101,2008-02-07,5.9,1025,54,-1.7,3,1.4,.9,1.1,1.8,4.4,5
22101,2008-02-08,3.5,1025.8,58,-.7,3,.7,.5,.9,1.8,4.2,5
22101,2008-02-09,5.5,1026,59,-.2,2.9,1.3,.8,1.3,2.1,4.8,7
22101,2008-02-10,2.5,1027.9,56,.8,2.9,.7,.4,.7,1.1,4.3,6
22101,2008-02-11,5.2,1025.6,57,1.1,2.9,1,.6,1.8,2.8,4,5
22101,2008-02-12,10.2,1027.4,51,-4.7,2.8,2.5,1.5,2,3.4,4.6,5
22101,2008-02-13,6.7,1028.5,49,-3.1,2.7,1.7,1,1.5,2.5,4.4,6
22101,2008-02-14,4.2,1026.1,46,.5,2.7,1.3,.8,1.3,2.3,5,7
22101,2008-02-15,8.1,1028.7,43,-1.6,2.6,2,1.2,1.4,2.7,4.5,5
22101,2008-02-16,6.2,1031.3,44,-.9,2.5,1.2,.8,1.2,2,3.5,5
22101,2008-02-17,6.1,1035.4,45,-.7,2.5,1.2,.7,1.1,1.9,3.5,5
22101,2008-02-18,3.4,1036,50,.1,2.5,.7,.4,.9,1.3,3.5,4
22101,2008-02-19,4.4,1030.3,71,2,2.4,.7,.4,.7,1.3,3.4,5
22101,2008-02-20,3.3,1028.3,79,2.8,2.5,1.1,.6,.9,1.5,4.8,6
22101,2008-02-21,4.5,1024.2,78,3.3,2.5,.6,.4,.5,.9,3.8,5
22101,2008-02-22,6.7,1017.7,81,3.5,2.6,1,.6,1.3,2.3,4.3,5
22101,2008-02-23,11.2,1026.5,50,-1.4,2.6,2.7,1.6,2.2,4.2,4.7,6
22101,2008-02-24,5.1,1032.4,49,-1.8,2.5,1,.6,1.4,2.4,4.3,6
22101,2008-02-25,1.7,1026.7,71,.1,2.5,.3,.2,.2,.4,4.5,8
22101,2008-02-26,7.4,1021.4,68,.5,2.6,1.4,.9,1.7,2.7,3.9,5
22101,2008-02-27,7.6,1023.8,63,2.8,2.6,2.1,1.3,1.6,2.7,5.3,7
22101,2008-02-28,4.7,1019.2,83,3.3,2.7,1.1,.7,.9,1.5,4.5,6
22101,2008-02-29,6.6,1008.8,80,3.7,2.7,1.5,1,1.6,2.6,4.6,5
22101,2008-03-01,4.3,1018.5,73,3.2,2.9,1.2,.8,1.5,2.4,5.1,7
22101,2008-03-02,4.1,1015.6,79,2.7,2.8,.8,.5,.7,1.3,5.1,7
22101,2008-03-03,6.4,1016.6,73,3,2.8,1.4,.9,1.4,2.4,5.1,7
22101,2008-03-04,5.5,1020.8,63,2.8,2.9,1.6,1,1.2,2.1,4.8,6
22101,2008-03-05,2.7,1025.5,77,3.3,2.9,.8,.5,.9,1.5,4.1,5
22101,2008-03-06,6.4,1024.3,80,3.8,3,1.4,.9,1.9,2.9,4.5,6
22101,2008-03-07,4.9,1027.9,73,3.7,3.1,1.1,.7,.9,1.4,4.3,6
22101,2008-03-08,2.9,1027.3,90,3.3,3.2,.6,.3,.5,.9,4.2,5
22101,2008-03-09,1.5,1022.3,92,3.1,3.3,.4,.3,.3,.7,3.8,4
22101,2008-03-10,3.6,1020.1,86,4.4,3.4,.7,.4,.7,1.1,4.3,5
22101,2008-03-11,3.3,1021.4,92,4.7,3.6,.7,.4,.6,.9,4.3,5
22101,2008-03-12,2.9,1022.5,76,6.2,3.6,.4,.3,.3,.6,4,5
22101,2008-03-13,3.2,1018.9,89,5.2,3.7,.6,.4,.6,.8,3.8,4
22101,2008-03-14,3,1021.2,80,4.3,3.8,.6,.4,.6,1,3.6,5
22101,2008-03-15,3.8,1019.8,86,4.7,3.9,.5,.3,.5,.9,3.5,5
22101,2008-03-16,3,1020.6,88,4.1,4.1,.8,.5,.6,1,3.8,5
22101,2008-03-17,1.7,1018.8,83,4.4,4.1,.3,.2,.4,.7,3.5,6
22101,2008-03-18,2.3,1017.1,75,5.9,4.2,.2,.1,.2,.3,5.2,9
22101,2008-03-19,4,1017.7,73,6.7,4.2,.7,.4,.7,1.3,3.5,7
22101,2008-03-20,3.1,1022.7,61,6.1,4.4,.4,.3,.5,.7,4.7,7
22101,2008-03-21,2.1,1022.2,73,6.3,4.5,.2,.1,.2,.3,4.5,9
22101,2008-03-22,2.7,1017,84,6,4.6,.2,.1,.1,.3,4.2,6
22101,2008-03-23,4.7,1009.5,92,5.6,4.6,.4,.2,.7,1.1,2.7,5
22101,2008-03-24,5.1,1011.9,81,5.6,4.8,1.1,.7,1,1.7,4.4,6
22101,2008-03-25,5.8,1011.5,78,5.1,4.8,1.4,.9,1.1,2,4.5,5
22101,2008-03-26,5.4,1011.3,82,5.9,4.9,1.1,.7,1.1,1.9,4.6,6
22101,2008-03-27,5.8,1013.2,79,5.5,5,1.2,.7,1.1,1.8,4.4,6
22101,2008-03-28,2.7,1021,80,5.5,5.2,.9,.5,.7,1.2,4,5
22101,2008-03-29,3.5,1023.5,86,5.5,5.2,.4,.2,.4,.6,2.7,4
22101,2008-03-30,4.7,1017,87,5.7,5.3,.8,.5,1.3,2.1,3.2,5
22101,2008-03-31,7,1017.4,80,6.3,5.4,1.8,1.1,1.6,2.6,4.5,6
22101,2008-04-01,4.2,1019.3,84,6.5,5.6,1,.6,.8,1.6,3.8,5
22101,2008-04-02,5.7,1012.9,84,6.8,5.6,1.1,.6,1.2,2.2,3.7,5
22101,2008-04-03,3.6,1015.3,86,6.5,5.8,1.1,.7,1.1,1.8,4.8,6
22101,2008-04-04,3.7,1018,86,6.9,6,.5,.3,.4,.7,3.7,5
22101,2008-04-05,3.1,1021,86,7.3,6,.4,.2,.4,1,3.4,4
22101,2008-04-06,2.4,1015.9,81,8.1,6.2,.4,.2,.6,1,3.5,5
22101,2008-04-07,2.9,1012.2,91,7.5,6.3,.4,.2,.5,.8,3.7,5
22101,2008-04-08,1.7,1014.8,81,8.3,6.4,.3,.2,.4,.6,4.2,7
22101,2008-04-09,7.5,1007.9,59,11.1,6.5,.5,.3,.6,1,2.5,4
22101,2008-04-10,4.9,1010.1,78,9,6.6,.6,.4,.5,.9,3.2,5
22101,2008-04-11,2.3,1016,87,7.6,6.8,.8,.5,.6,1.1,4,5
22101,2008-04-12,2,1018,88,7.8,6.9,.5,.3,.5,1,3.9,5
22101,2008-04-13,2.5,1016.5,92,7,7,.3,.2,.2,.4,3.4,5
22101,2008-04-14,1.6,1018.3,86,7.9,7.2,.3,.2,.2,.4,3.4,5
22101,2008-04-15,1.2,1017.9,80,9,7.3,.2,.1,.2,.5,3.7,6
22101,2008-04-16,1.7,1015.2,81,9.1,7.4,.3,.2,.4,.6,2.7,5
22101,2008-04-17,2.5,1015.2,75,10.6,7.5,.4,.2,.3,.6,3,5
22101,2008-04-18,1.7,1019.6,79,10.7,7.8,.2,.1,.3,.4,3.2,5
22101,2008-04-19,1.3,1020.5,81,10.1,7.9,.2,.1,.1,.3,3.6,5
22101,2008-04-20,2.4,1020.8,76,10.7,8,.2,.1,.1,.3,3.6,5
22101,2008-04-21,4.2,1019.8,53,13.1,8.1,.3,.1,.3,.5,3.4,7
22101,2008-04-22,2.6,1017,82,10.2,8.1,.3,.2,.2,.4,4.5,6
22101,2008-04-23,7.6,1014.6,80,8.5,8.2,1.8,1.1,2,3.8,4.6,7
22101,2008-04-24,6.1,1016.5,62,8.5,8.4,1.5,.9,1.9,3,4.4,6
22101,2008-04-25,10.2,1009.6,75,10,8.4,1.9,1.2,1.8,3,5.3,8
22101,2008-04-26,8,1009.7,82,8.9,8.5,2.5,1.5,2,3.3,6.9,9
22101,2008-04-27,3.1,1015.6,78,9.4,8.7,.9,.6,.9,1.5,4.5,7
22101,2008-04-28,1.9,1016.7,72,10.1,8.9,.4,.2,.4,.6,4.9,7
22101,2008-04-29,3.1,1016.5,88,10.7,8.9,.5,.3,.5,.7,4,6
22101,2008-04-30,4.5,1014.7,92,10.6,9,.9,.5,.6,1,4.3,5
22101,2008-05-01,3.6,1012.1,87,12.3,9.2,.9,.5,.7,1.3,5,6
22101,2008-05-02,1.4,1012.1,93,11.6,9.3,.5,.3,.4,.8,4,5
22101,2008-05-03,1.5,1012,92,11.2,9.5,.4,.2,.3,.5,3.8,5
22101,2008-05-04,3.5,1004.5,89,11.9,9.5,.4,.2,.3,.6,3.7,5
22101,2008-05-05,5.4,1008.8,81,11.4,9.7,1,.6,1.1,1.8,4.1,5
22101,2008-05-06,7,1010.5,70,11.9,9.8,1,.6,.8,1.6,4,5
22101,2008-05-07,4.6,1010.3,80,11.8,10,1.2,.7,1.1,2,5.5,7
22101,2008-05-08,2.2,1012.5,86,11.9,10.1,.5,.3,.6,1,4.5,6
22101,2008-05-09,4.9,1014.3,56,14.9,10.1,.4,.2,.5,1,2.6,4
22101,2008-05-10,4.8,1017.3,56,13.4,10.2,.3,.2,.4,.7,2.6,9
22101,2008-05-11,3.3,1017.6,67,11.9,10.4,.4,.2,.3,.6,3.7,9
22101,2008-05-12,3.2,1015.1,80,11.5,10.4,.3,.2,.4,.6,4.3,9
22101,2008-05-13,5.4,1013.6,77,11.2,10.5,.6,.4,.5,.8,2.5,4
22101,2008-05-14,2.8,1017.1,80,11.2,10.7,.4,.2,.3,.6,3.2,6
22101,2008-05-15,2.1,1017.7,86,11.4,10.9,.5,.3,.4,.6,3.3,4
22101,2008-05-16,1.3,1014.4,88,11.8,10.9,.5,.3,.4,.7,4.2,5
22101,2008-05-17,1,1012.1,90,10.9,11.2,.4,.2,.3,.5,4.1,5
22101,2008-05-18,3.2,1007.2,85,11.6,11.1,.4,.2,.4,.6,6.1,10
22101,2008-05-19,6.5,1006.3,84,11.5,11.1,1.3,.8,1.8,2.9,4.1,9
22101,2008-06-14,2.6,1013.9,92,17,14.4,.3,.1,.2,.4,3.8,7.1
22101,2008-06-15,3.5,1014.1,80,18.8,14.7,.3,.2,.5,.7,4.7,9.1
22101,2008-06-16,3.6,1013.4,68,18.4,14.5,.4,.2,.3,.6,6.8,9.1
22101,2008-06-17,5.1,1012.4,83,18.9,14.6,.4,.3,.4,.7,4.9,8
22101,2008-06-18,8.1,1005.8,97,17.6,14.8,1.5,.9,1.8,3,5.5,9.1
22101,2008-06-19,3.2,1009.7,99,15.9,15,.9,.6,.8,1.4,5.8,8
22101,2008-06-20,1.8,1005.4,96,17.6,15.1,.4,.2,.3,.5,5.3,7.1
22101,2008-06-21,3.4,1001.2,91,19.2,15.2,.3,.2,.3,.6,4.9,6.4
22101,2008-06-22,3.8,1002.9,87,19,15.4,.4,.2,.6,.9,4.2,7.1
22101,2008-06-23,2.9,1005.3,89,17.8,15.3,.3,.2,.3,.5,5.1,10.7
22101,2008-06-24,2.2,1006.5,85,18.2,15.5,.3,.2,.3,.5,7.3,9.1
22101,2008-06-25,2.7,1007.8,89,18.6,15.8,.3,.2,.3,.5,6.2,9.1
22101,2008-06-26,1.7,1009.5,94,18.1,16.1,.3,.2,.3,.5,8.7,9.1
22101,2008-06-27,1.5,1010.8,99,17.2,16.1,.4,.3,.3,.6,7,9.1
22101,2008-06-28,2.6,1006.8,88,19.5,16.2,.4,.3,.4,.6,3.9,4.9
22101,2008-06-29,2.8,1006.8,88,19.7,16.6,.3,.2,.3,.4,6.3,9.1
22101,2008-06-30,2.2,1012.3,90,19,16.5,.3,.2,.3,.5,7.8,9.1
22101,2008-07-01,1.9,1009.9,92,19.4,16.7,.5,.3,.4,.7,4.7,5.3
22101,2008-07-02,5.4,1002.4,97,19.1,16.7,1,.6,.7,1.2,5.2,6.4
22101,2008-07-03,4.4,1004.1,98,18.8,16.8,.7,.4,.5,.9,4.9,5.8
22101,2008-07-04,5.4,1005.8,99,18.9,17,.7,.4,.6,1,4.3,5.8
22101,2008-07-05,5.1,1004.9,98,19.7,17.2,.8,.5,.9,1.7,4.8,6.4
22101,2008-07-06,7.2,1005.6,99,19.5,17.1,1.2,.7,1.1,1.9,5.2,6.4
22101,2008-07-07,2.4,1011.2,99,20.1,17.1,.5,.3,.5,.8,5,7.1
22101,2008-07-08,1.6,1013.6,99,20,17.3,.4,.2,.4,.6,5,6.4
22101,2008-07-09,.9,1011.9,99,19.1,17.6,.4,.3,.3,.6,5.1,6.4
22101,2008-07-10,1.8,1008.4,98,19.3,17.7,.4,.3,.3,.5,4.7,5.8
22101,2008-07-11,2.2,1005.7,91,20.8,17.7,.5,.3,.5,.8,4.8,5.8
22101,2008-07-12,4.9,1004.4,96,20.7,17.9,.9,.6,.8,1.3,5.4,7.1
22101,2008-07-13,1.3,1007.2,99,19.9,18.2,.5,.3,.4,.6,4.3,5.3
22101,2008-07-14,1.3,1010.2,98,20.2,18.2,.3,.2,.2,.4,4.9,6.4
22101,2008-07-15,2.7,1007.8,98,21.1,18.5,.2,.1,.3,.4,4.7,5.8
22101,2008-07-16,3.5,1003.7,98,20.1,18.3,.9,.6,.9,1.5,5.3,6.4
22101,2008-07-17,1.3,1005.3,99,19.4,18.5,.5,.3,.6,.9,5.1,5.8
22101,2008-07-18,2.1,1007.5,90,21.1,18.6,.3,.2,.2,.4,6.5,10.7
22101,2008-07-19,3.1,1006.2,97,21.1,18.7,.5,.3,.6,.8,10.1,12.8
22101,2008-07-20,6.1,1001.4,97,22.3,18.8,1.1,.7,2,3.5,8.5,10.7
22101,2008-07-21,6.1,1002.4,96,20.9,19.1,1.5,.9,1.8,2.9,6.7,9.1
22101,2008-07-22,2.8,1005.6,98,20.6,19.2,.6,.4,.6,.9,4.6,7.1
22101,2008-07-23,2.7,1006.9,96,21.3,19.2,.3,.2,.3,.5,4.4,6.4
22101,2008-07-24,5.2,1002.9,98,21.8,19.3,.7,.4,.7,1.1,3.9,5.8
22101,2008-07-25,3.2,1002.6,98,21.8,19.5,.7,.4,.5,.9,6.1,7.1
22101,2008-07-26,3.9,1006.3,96,21.8,19.5,.5,.3,.5,.8,4.5,6.4
22101,2008-07-27,2,1010.7,97,21.6,19.8,.2,.1,.2,.3,4.3,5.8
22101,2008-07-28,.9,1012.3,96,22.7,20.1,.2,.1,.2,.4,6,9.1
22101,2008-07-29,1.8,1012,97,23,20.5,.6,.4,.6,1,9.8,12.8
22101,2008-07-30,2.1,1012.7,95,22.4,20.2,.9,.5,.8,1.1,9.6,12.8
22101,2008-07-31,2.2,1013.5,91,23.3,20.5,.7,.4,.6,1,8.8,9.1
22101,2008-08-01,6.7,1008.1,93,23.6,20.4,1.4,.8,1.3,2.1,6.8,8
22101,2008-08-02,6.7,1002.1,97,23,20.6,1.5,.9,1.2,2,6.7,8
22101,2008-08-03,2.9,1005.1,93,22.2,20.9,.9,.5,.8,1.3,5.3,7.1
22101,2008-08-04,1.7,1010.3,95,21.7,21.1,.5,.3,.4,.7,4.8,6.4
22101,2008-08-05,1.1,1011.5,95,21.3,21.2,.2,.1,.2,.3,4.9,6.4
22101,2008-08-06,1.3,1010.9,93,22.8,21.4,.2,.1,.2,.2,4.4,5.8
22101,2008-08-07,1,1010.1,87,24.1,21.5,.2,.1,.1,.2,5.5,9.1
22101,2008-08-08,1.7,1008.7,86,24.5,21.8,.2,.1,.2,.3,7.6,9.1
22101,2008-08-09,2,1007.8,87,24.1,22,.2,.1,.1,.2,6.9,9.1
22101,2008-08-10,1.7,1008.2,85,25.7,22.4,.2,.1,.1,.3,7.1,9.1
22101,2008-08-11,3.5,1009.2,83,25.8,23,.3,.2,.3,.5,4.4,9.1
22101,2008-08-12,2.5,1008.2,91,24.8,22.8,.3,.2,.3,.5,4.5,5.8
22101,2008-08-13,2.2,1006.2,95,24.4,22.7,.3,.2,.4,.7,4,8
22101,2008-08-14,1.8,1004.5,96,24.2,23,.3,.2,.3,.6,4.4,6.4
22101,2008-08-15,2.3,1001,95,23.8,22.7,.3,.1,.3,.4,4.3,6.4
22101,2008-08-16,7.9,1003.5,79,23.2,22.5,.8,.5,.8,1.2,3.4,4.9
22101,2008-08-17,7,1007.5,80,23.6,22.5,.5,.3,.6,.9,3.3,5.8
22101,2008-08-18,8.8,1002,89,23.9,22.5,2.2,1.3,2.1,3.6,6.7,9.1
22101,2008-08-19,6.8,1006.1,86,23.5,22.7,1.9,1.1,1.7,3.5,5.9,7.1
22101,2008-08-20,3.7,1007.6,85,23.4,22.8,.8,.5,.7,1.5,4.6,5.8
22101,2008-08-21,4.9,1008.7,77,23.4,22.9,.4,.3,.4,.8,4.7,12.8
22101,2008-08-22,10.6,998.6,93,21.1,22.7,1.6,.9,1.3,2.3,5.8,8
22101,2008-08-23,5.9,1003.3,84,22.2,22.6,1.3,.8,1.3,2,5.8,9.1
22101,2008-08-24,2.8,1011.7,83,23.2,22.8,.5,.3,.5,.8,8.5,9.1
22101,2008-08-25,1.3,1012.9,89,23.7,23,.3,.2,.2,.4,7.1,8
22101,2008-08-26,3.6,1012.4,77,23.7,23,.3,.2,.4,.6,4.1,6.4
22101,2008-08-27,3.9,1011.4,78,23.4,23,.5,.3,.5,.9,3.1,6.4
22101,2008-08-28,2.6,1012.1,85,23.9,23.2,.4,.2,.5,.8,3.9,5.8
22101,2008-08-29,2.7,1012.4,86,23.8,23.3,.3,.2,.3,.5,3.6,7.1
22101,2008-08-30,2.4,1011.5,86,24,23.3,.2,.1,.2,.3,5.5,9.1
22101,2008-08-31,4.2,1008.2,77,24,23.3,.3,.2,.3,.5,4.4,8
22101,2008-09-01,6.2,1003.7,92,22.3,23.2,.9,.6,.9,1.4,5.8,7.1
22101,2008-09-02,6.1,1006.7,84,22.6,23.1,.8,.5,.7,1.1,4.2,5.3
22101,2008-09-03,2.3,1010.5,84,23.4,23.2,.5,.3,.4,.7,4.3,4.9
22101,2008-09-04,1.7,1011.9,85,23.5,23.2,.3,.2,.3,.5,4,7.1
22101,2008-09-05,1.5,1014.5,87,23.3,23.2,.2,.1,.2,.4,3.9,7.1
22101,2008-09-06,2.9,1017.7,83,23.6,23.2,.3,.2,.3,.4,3.9,9.1
22101,2008-09-07,3.5,1017.9,85,24,23.4,.4,.2,.5,.8,3.1,4.6
22101,2008-09-08,2.9,1016.8,84,24.2,23.5,.4,.3,.4,.6,3.4,5.3
22101,2008-09-09,3.1,1016.7,86,23.9,23.7,.3,.2,.5,.7,3.5,6.4
22101,2008-09-10,2,1014.9,88,23.3,23.9,.3,.1,.2,.5,4.1,8
22101,2008-09-11,2.2,1012.5,84,23.3,23.5,.4,.2,.3,.5,4,5.3
22101,2008-09-12,3.1,1011.3,80,23.6,23.5,.5,.3,.4,.6,6.9,10.7
22101,2008-09-13,2.4,1014.7,73,23.7,23.6,.5,.3,.4,.7,9.8,12.8
22101,2008-09-14,1.9,1015.7,80,23.6,23.5,.5,.3,.5,.7,10.3,12.8
22101,2008-09-15,1.7,1012.4,83,23.8,23.5,.5,.3,.6,.7,9.5,12.8
22101,2008-09-16,2.5,1011.1,82,23.6,23.6,.6,.4,.6,1,8.9,10.7
22101,2008-09-17,1.9,1011.5,81,24.3,23.6,.5,.3,.5,.7,8.9,10.7
22101,2008-09-18,2.9,1011.8,80,24.3,23.6,.3,.2,.3,.5,7.8,9.1
22101,2008-09-19,2.9,1012,82,24.3,23.7,.3,.2,.2,.5,6.6,9.1
22101,2008-09-20,3.9,1010.4,81,23.5,23.6,.3,.2,.3,.5,4.2,7.1
22101,2008-09-21,3.9,1010,81,23.5,23.6,.3,.2,.3,.4,4.2,6.4
22101,2008-09-22,4.8,1009.9,79,23.5,23.5,.5,.3,.4,.7,3.5,5.3
22101,2008-09-23,4.1,1012.9,76,22.8,23.5,.7,.4,.7,1.2,3.9,4.9
22101,2008-09-24,3,1014.3,67,21.9,23.6,.7,.5,.7,1,5.8,10.7
22101,2008-09-25,5.9,1011.9,76,19.3,23.2,1.1,.7,1.2,1.9,4.7,9.1
22101,2008-09-26,10.6,1018.1,43,17.3,22.9,2.5,1.5,2,3.6,5.1,5.8
22101,2008-09-27,6.8,1022.1,44,17.9,22.5,1.3,.8,1.5,2.6,4.5,5.8
22101,2008-09-28,3.3,1020.7,45,18.9,22.2,.5,.3,.7,.9,4.4,5.3
22101,2008-09-29,3,1018.6,54,19.8,22.1,.5,.3,.5,.8,6.9,12.8
22101,2008-09-30,5.7,1016.1,70,20,21.9,.7,.5,.8,1.1,9.4,12.8
22101,2008-10-01,4.9,1015.2,72,20.7,21.8,.7,.4,.8,1.3,4.8,9.1
22101,2008-10-02,3.5,1017.3,76,21,21.7,.3,.2,.3,.5,4,5.3
22101,2008-10-03,2.8,1016.9,77,20.5,21.7,.3,.2,.3,.6,3.7,6.4
22101,2008-10-04,4.6,1015.9,61,19.6,21.6,.7,.5,.5,1,3.7,4.6
22101,2008-10-05,2.5,1012.8,67,20.1,21.6,.5,.3,.5,.8,3.7,5.3
22101,2008-10-06,5.3,1014.1,69,18.7,21.5,1,.6,.8,1.3,4,4.6
22101,2008-10-07,2.4,1018.2,62,18.6,21.5,.8,.5,.7,1.1,4.7,5.8
22101,2008-10-08,3.5,1020.3,68,19.1,21.4,.5,.3,.4,.7,3.3,4.6
22101,2008-10-09,1.6,1022.2,63,19.9,21.4,.4,.2,.3,.5,4,5.8
22101,2008-10-10,7,1019.1,66,19.3,21.3,1.3,.8,1.9,3.1,4,5.8
22101,2008-10-11,8.5,1021.8,48,17,21,1.9,1.2,1.7,2.8,4.8,6.4
22101,2008-10-12,3.5,1019.5,51,17.8,20.9,.8,.5,.9,1.6,4.4,4.9
22101,2008-10-13,2.9,1019.1,60,18.5,20.7,.5,.3,.6,1.1,3.8,4.6
22101,2008-10-14,2.7,1020.9,63,19.2,20.6,.4,.2,.3,.5,4.1,4.6
22101,2008-10-15,3.6,1024,83,19.7,20.5,.5,.3,.4,.7,4.8,6.4
22101,2008-10-16,3.1,1024.1,85,19.3,20.4,.4,.3,.3,.5,4,5.3
22101,2008-10-17,1.6,1024.6,86,19.2,20.4,.4,.2,.4,.7,4.2,5.3
22101,2008-10-18,1.8,1023.5,82,20.1,20.3,.2,.1,.2,.4,4.5,7.1
22101,2008-10-19,2.5,1021.2,84,19.4,20.2,.3,.2,.2,.5,3.7,6.4
22101,2008-10-20,2.3,1020.7,84,18.9,20.2,.3,.2,.2,.4,4.4,6.4
22101,2008-10-21,2,1019.9,85,19.5,20.2,.3,.2,.2,.4,4.5,7.1
22101,2008-10-22,6.6,1015.3,76,18.8,20.1,.7,.4,.8,1.6,3.3,5.8
22101,2008-10-23,7.3,1012,81,18.1,20,1.2,.7,2.5,4,4.3,6.4
22101,2008-10-24,7.5,1021.5,52,14.1,19.8,2.8,1.7,2.6,4.1,7,9.1
22101,2008-10-25,8.7,1018.3,57,17.3,19.5,2.4,1.5,2.2,3.5,6,8
22101,2008-10-26,6.4,1017.3,52,15.1,19.2,2.1,1.3,2.1,3.5,6.7,8
22101,2008-10-27,8,1019.7,58,13.8,18.8,2,1.2,1.6,3.1,5.7,7.1
22101,2008-10-28,5.2,1017.7,59,14.9,18.6,1.1,.7,1.1,1.6,4.9,6.4
22101,2008-10-29,5.4,1018.1,54,14.8,18.4,.9,.6,.8,1.3,4.4,5.3
22101,2008-10-30,3.6,1022,59,14.2,18.2,.6,.4,.7,1.1,4,5.8
22101,2008-10-31,5.8,1017.9,73,14.9,18.1,1.2,.8,1,1.8,5.1,6.4
22101,2008-11-01,5.3,1017.7,59,15.4,17.9,1.3,.8,1.4,2.4,5.3,6.4
22101,2008-11-02,6.2,1015.5,61,15,17.8,1.9,1.2,2.1,3.3,6.5,8
22101,2008-11-03,7.7,1017.9,56,15.1,17.6,1.7,1,1.4,2.4,5,5.8
22101,2008-11-04,2.4,1023.3,38,11.9,17.4,.8,.5,1,1.7,4.9,5.8
22101,2008-11-05,5.5,1019.9,68,15.9,17.3,.9,.5,1,1.5,4.1,5.8
22101,2008-11-06,5.3,1015.9,85,17.3,17.3,1.1,.6,1,2.1,4.9,5.8
22101,2008-11-07,7.5,1019.8,59,13.6,17.1,1.3,.8,1.5,2.5,3.9,5.3
22101,2008-11-08,5.2,1021,60,12.3,17,1.1,.7,1.4,1.9,4.1,5.3
22101,2008-11-09,5.3,1022.4,71,12.9,16.9,.9,.6,.9,1.3,4.4,6.4
22101,2008-11-10,4.4,1027,65,12.1,16.8,.7,.5,.9,1.4,5.4,7.1
22101,2008-11-11,3,1026.8,60,13,16.6,.4,.3,.4,.8,3.8,4.9
22101,2008-11-12,2.6,1025.3,63,13.2,16.5,.2,.1,.2,.3,3.5,8
22101,2008-11-13,2.5,1024.7,63,13.5,16.4,.2,.1,.2,.4,3.7,4.9
22101,2008-11-14,2.3,1023.7,64,13.9,16.3,.2,.1,.2,.4,4,6.4
22101,2008-11-15,2.9,1018.1,74,13.7,16.3,.3,.2,.3,.5,3.5,6.4
22101,2008-11-16,7,1018.7,53,10.8,16.1,1.1,.7,1.1,1.8,3.9,4.9
22101,2008-11-17,7.3,1021.4,58,7,15.8,1.6,1,2,3.1,4.7,6.4
22101,2008-11-18,8.1,1025.5,60,,15.2,1.9,1.2,1.9,3.1,4.8,6.4
22101,2008-11-19,7.8,1028.2,65,.9,14.4,1.9,1.2,1.4,2.7,4.8,7.1
22101,2008-11-20,8.1,1022.8,57,8.7,14.4,2.4,1.5,2.5,4,6,7.1
22101,2008-11-21,5.9,1026.7,51,8.4,14.1,2,1.2,1.8,3,6.3,8
22101,2008-11-22,4.4,1027.1,56,11.2,13.9,.9,.6,.8,1.4,4.8,6.4
22101,2008-11-23,2,1025.6,61,11.6,13.9,.7,.4,.6,1.2,4.4,4.9
22101,2008-11-24,3.9,1022.5,,,13.7,.6,.4,.7,1.3,3.9,4.6
22101,2008-11-25,2.6,1025,,,13.6,.7,.4,.6,1.3,4.4,5.3
22101,2008-11-26,3.9,1025.1,,,13.6,.8,.4,.4,1.3,5.3,5.3
22101,2008-11-27,4.8,1016.1,,,13.4,1.6,.4,1,2.6,5.4,7.1
22101,2008-11-28,7.1,1018.8,65,9.1,13.4,1.7,1,1.4,2.3,5.9,8
22101,2008-11-29,11.6,1019.7,58,7,,3.1,1.9,2.7,4.3,6.2,8
22101,2008-11-30,5.1,1027.3,60,8.2,,1.2,.7,1.5,2.5,5.3,7.1
22101,2008-12-01,9.6,1021.3,69,,,2.2,1.4,1.9,3,6.3,8
22101,2008-12-02,5,1021.2,53,,,1.7,1,1.8,3.1,6.7,8
22101,2008-12-03,3.2,1021.9,49,9.9,11.7,.4,.2,.5,.9,5,6.4
22101,2008-12-04,9.4,1019.9,73,8.2,10.8,1.8,1.1,2.1,3.4,4.5,6.4
22101,2008-12-06,,1031.3,,,,,,,,,
22101,2008-12-07,,1026.4,,,,,,,,,
22101,2008-12-28,3.7,1024.7,63,3.7,7.8,.5,.3,.6,.9,4.4,4.9
22101,2008-12-29,6.6,1021.6,68,4.4,7.7,1.4,.9,2.4,4.1,5,8
22101,2008-12-30,8.2,1025.6,65,-.6,7.4,2.5,1.6,2.4,3.7,6.9,9.1
22101,2008-12-31,8.9,1026.3,64,-2.1,7.1,2,1.2,1.4,2.5,5.3,6.4
22101,2009-01-01,8,1026.8,61,-1.9,6.8,1.9,1.2,1.6,2.8,5.3,7.1
22101,2009-01-02,4.6,1030.1,56,1.1,6.7,1.3,.9,1.1,1.8,5.4,7.1
22101,2009-01-03,3.7,1029.8,53,2.6,6.6,.7,.5,.8,1.2,4.6,5.8
22101,2009-01-04,4.7,1027.5,53,2.9,6.6,.8,.5,.8,1.2,4,4.9
22101,2009-01-05,5.2,1027.9,63,1.6,6.5,1.4,.9,1.3,2,5,7.1
22101,2009-01-06,2.7,1029.5,55,1.2,6.4,.7,.5,.8,1.3,5.3,6.4
22101,2009-01-07,3.5,1030.1,50,2.1,6.4,.5,.3,.5,.9,4.2,4.9
22101,2009-01-08,5,1029.2,51,1.8,6.3,.7,.4,.8,1.2,3.9,4.9
22101,2009-01-09,8.1,1024.5,59,-.3,6.2,1.8,1.1,1.9,3.2,4.8,6.4
22101,2009-01-10,9,1024.2,63,-3.6,5.9,2.3,1.4,1.7,2.7,5.5,7.1
22101,2009-01-11,8,1024,62,-3.6,5.5,1.6,1,1.8,3,4.8,6.4
22101,2009-01-12,10.7,1028.6,65,-3.1,5.2,2.7,1.7,2.4,4,5.8,8
22101,2009-01-13,5.3,1029.6,63,-1.6,4.7,1.5,1,1.6,2.5,5.5,7.1
22101,2009-01-14,8.9,1031.1,56,-3.3,4.4,2,1.3,1.8,3,5.8,8
22101,2009-01-15,5.2,1032.5,55,-2.5,4.2,1,.7,1.2,1.8,5,6.4
22101,2009-01-16,3.1,1028.4,63,2.8,4.3,1.1,.7,.8,1.4,5,5.8
22101,2009-01-17,4.5,1026.3,78,3,4.3,.5,.3,.5,.8,4.6,5.8
22101,2009-01-18,5.2,1017.6,82,4.4,4.4,.6,.4,1.5,2.4,3.8,5.8
22101,2009-01-19,6.3,1023.9,53,3,4.3,1.8,1.1,1.6,2.6,6.1,7.1
22101,2009-01-20,1.7,1025,52,2.9,4.4,.5,.3,.7,.9,5,9.1
22101,2009-01-21,3.9,1021,71,5,4.4,.6,.4,.7,1,4.2,4.9
22101,2009-01-22,7.9,1016,79,4.3,4.4,1.3,.9,2.4,3.7,4.7,7.1
22101,2009-01-23,9.6,1024.7,63,-5.6,4.2,2.8,1.8,2.6,4.4,6.1,9.1
22101,2009-01-24,6.7,1020.4,91,-4.2,4,3.1,1.9,3,5,7.3,9.1
22101,2009-01-25,7.1,1020.6,64,-.2,3.8,2.6,1.6,2.3,6.4,7.2,9.1
22101,2009-01-26,3.9,1024.7,64,-.4,3.7,1.8,1.1,1.9,3.2,6.4,7.1
22101,2009-01-27,5.1,1029,64,1.9,3.6,.8,.5,.9,1.3,4.8,5.8
22101,2009-01-28,4.6,1027.5,65,3.1,3.6,.9,.6,.8,1.3,5.6,7.7
22101,2009-01-29,2.8,1024.4,69,3.8,3.6,.5,.3,.6,.9,5,5.8
22101,2009-01-30,,,,,,,,.4,.7,,4.6
22101,2009-01-31,,,,,,,,.6,1,,6.4
22101,2009-02-01,2.6,1029.3,74,4.5,3.8,.2,.1,.3,.4,3.5,6.4
22101,2009-02-02,2.9,1025.9,88,4.8,3.9,.2,.1,.2,.4,3.9,9.1
22101,2009-02-03,3.8,1023.3,85,3.3,4,.5,.3,.4,.7,3.3,4.9
22101,2009-02-04,1.4,1022.8,85,3.7,4,.4,.2,.3,.6,4,5.8
22101,2009-02-05,2,1023.2,89,4.7,4.1,.4,.2,.4,.8,4.4,5.8
22101,2009-02-06,1.9,1025.5,87,2.6,4.1,.5,.3,.5,.8,4.5,4.9
22101,2009-02-07,2.6,1023.9,90,3.6,4,.4,.2,.5,.8,4.2,5.3
22101,2009-02-08,3.2,1025.4,54,3.8,4.1,.6,.4,.8,1.2,4.2,4.9
22101,2009-02-09,3.6,1019.1,77,4.6,4.2,.4,.3,.6,.9,3.9,5.8
22101,2009-02-10,3.8,1015.5,84,5,4.2,.6,.4,.5,.8,4.5,5.3
22101,2009-02-11,3.6,1012.6,87,5.1,4.2,1.1,.7,1,1.5,5.7,6.4
22101,2009-02-12,7.2,1009.6,78,6.3,4.2,.7,.5,1.2,1.8,4.5,6.4
22101,2009-02-13,10.3,997.9,88,7.7,4.4,2.5,1.6,1.9,3.3,7,9.1
22101,2009-02-14,3.3,1013.5,78,4.1,4.5,1.5,1,1.8,2.8,7.1,9.1
22101,2009-02-15,8.1,1022.4,56,.1,4.4,1.5,.9,1.6,2.7,4.9,9.1
22101,2009-02-16,7.3,1031.4,48,-3.5,4.2,1.6,1,1.4,2.2,4.7,5.8
22101,2009-02-17,4.3,1032.3,52,-2.2,4.1,1,.6,1.1,1.7,4.5,5.8
22101,2009-02-18,3.6,1029.5,56,.2,4.1,.7,.5,1,1.4,3.8,4.6
22101,2009-02-19,2.5,1021.6,56,1.3,4,.3,.2,.3,.4,3.4,5.8
22101,2009-02-20,8.8,1018.5,67,-.1,4,2.3,1.5,2.3,3.5,5.5,8
22101,2009-02-21,5.3,1021.2,67,.3,3.9,1.2,.7,1.2,2,5.4,7.1
22101,2009-02-22,5.5,1016.3,77,3.6,4,1.3,.9,1.3,1.9,6.2,7.1
22101,2009-02-23,4.6,1018.4,73,3.4,3.9,.9,.6,1.2,2,4.5,5.8
22101,2009-02-24,2.3,1017,79,5.3,4,.2,.2,.2,.4,4.9,8
22101,2009-02-25,7.9,1021.3,60,2,3.9,1.6,1,1.3,2.1,4.8,5.8
22101,2009-02-26,5.3,1025.2,51,2,3.9,.9,.6,.9,1.5,4.5,5.3
22101,2009-02-27,5.3,1023.3,53,3.3,3.9,.7,.5,.7,1.1,4.2,5.3
22101,2009-02-28,5.1,1025.9,64,4.2,3.9,.8,.5,.7,1.2,4.1,5.3
22101,2009-03-01,6.6,1029.1,63,3.6,4,1.2,.8,1.6,2.4,4.3,5.8
22101,2009-03-02,4.7,1028.2,62,2.7,4,.8,.5,1.1,1.8,5.1,7.1
22101,2009-03-03,5,1022.5,78,3.3,4,.7,.4,.8,1.3,3.6,6.4
22101,2009-03-04,2.8,1022.5,69,3.4,4.1,.5,.4,.7,1,4.5,5.8
22101,2009-03-05,3.4,1017.3,81,4.7,4.1,.3,.2,.3,.5,3.4,7.1
22101,2009-03-06,8.4,1020.4,63,2.6,4,2,1.2,1.9,3.5,5.1,7.1
22101,2009-03-07,4.5,1025.1,62,3.7,4.1,1.1,.7,1.1,1.6,4.7,5.3
22101,2009-03-08,2.7,1021.7,79,4.3,4.2,.7,.5,.7,1.1,4.9,5.8
22101,2009-03-09,3.9,1020.5,81,4.8,4.2,.7,.5,.7,1.2,5.1,6.4
22101,2009-03-10,7.4,1024.5,49,4,4.2,1.4,.9,1.2,2,4.5,5.8
22101,2009-03-11,3.3,1027.5,60,4.3,4.3,.6,.4,.8,1.2,4.1,7.1
22101,2009-03-12,,1025.5,,,4.3,,,.2,.4,3.5,6.4
22101,2009-03-13,,1015.9,,,4.3,1.9,1.2,2.5,3.8,5,7.1
22101,2009-03-14,,1021.2,,,4.2,2.2,1.4,2,3.3,6.3,7.1
22101,2009-03-15,,1015.5,,,4.3,1.7,1.1,1.6,2.8,5.7,8
22101,2009-03-16,,1012.7,,,4.5,1.5,.9,1.7,2.6,6.8,8
22101,2009-03-17,,1011.7,,,4.6,1.1,.7,1.1,2,4.3,5.8
22101,2009-03-18,,1011.4,,,4.8,1.5,.9,1.2,2,5.8,7.1
22101,2009-03-19,,1011.9,,,5,.7,.5,.6,1.1,4.8,6.4
22101,2009-03-20,,1018.8,,,5.3,.7,.5,.7,1.2,5.7,7.1
22101,2009-03-21,,1010.2,,,5.3,.3,.2,.3,.5,3.7,5.8
22101,2009-03-22,,1005.7,,,5.2,1.8,1.2,2.2,3.3,4.7,7.1
22101,2009-03-23,,1020.4,,,5.2,1.8,1.2,1.6,2.7,4.9,5.8
22101,2009-03-24,,1021.4,,,5.2,1,.6,1.2,2,3.9,4.9
22101,2009-03-25,,1018.7,,2.5,5.2,1.6,1,1.8,2.7,4.9,7.1
22101,2009-03-26,,1018.9,,4.8,5.3,2.1,1.4,2,2.9,6.2,7.1
22101,2009-03-27,,1026.1,,3.8,5.3,1.5,.9,1.4,2,4.9,6.4
22101,2009-03-28,,1023.9,,3.8,5.4,.7,.5,.9,1.3,4.1,4.6
22101,2009-03-29,,1025.1,,4.1,5.5,.5,.3,.4,.7,3.5,4.6
22101,2009-03-30,,1025.8,,4.7,5.6,.3,.2,.5,.8,3.9,7.1
22101,2009-03-31,,1024.5,,4.4,5.6,1.3,.8,1.5,2.2,4.2,5.8
22101,2009-04-01,,1024.6,,4.5,5.7,2.1,1.3,2.1,3,5.3,7.1
22101,2009-04-02,,1026.9,,5.2,5.8,1.2,.8,1,1.8,4.9,5.8
22101,2009-04-03,,1023.3,,4.7,5.9,.4,.3,.4,.7,3.8,6.4
22101,2009-04-04,,1020.8,,6.2,6.1,.4,.3,.4,.7,3.2,3.8
22101,2009-04-05,,1019.2,,3.9,6,.6,.4,.8,1.4,3.4,4.3
22101,2009-04-06,,1015.2,,5.1,6.1,.6,.4,.6,.8,3.7,4.3
22101,2009-04-07,,1017.3,,7.4,6.4,.4,.3,.4,.6,4.1,4.9
22101,2009-04-08,,1021.1,,8.3,6.5,.3,.2,.2,.4,3.9,4.6
22101,2009-04-09,,1022.8,,9.5,6.7,.2,.1,.2,.3,4.1,7.1
22101,2009-04-10,,1022.1,,8.9,6.7,.2,.1,.2,.4,4.5,7.1
22101,2009-04-11,,1020,,8.8,6.9,.2,.1,.1,.4,4.1,6.4
22101,2009-04-12,,1015.7,,8.7,7,.2,.1,.2,.3,4.2,7.1
22101,2009-04-13,,1009.5,,8.1,7,.2,.1,.2,.3,4.7,6.4
22101,2009-04-14,,1007,,9,7.2,.3,.2,.3,.5,3.7,4.9
22101,2009-04-15,,1009,,6.1,7.2,.5,.3,.9,1.2,3.2,5.3
22101,2009-04-16,,1013.6,,6.4,7.4,.8,.5,.7,1.1,4,5.3
22101,2009-04-17,,1016.7,,8.2,7.6,.4,.3,.5,.8,3.9,8
22101,2009-04-18,,1017.4,,9.6,8,.2,.1,.2,.3,3.6,6.4
22101,2009-04-19,,1013.8,,10.5,8,.2,.1,.2,.3,3.5,4.9
22101,2009-04-20,,998.4,,10.1,7.7,1.1,.7,1.3,2.1,4.3,8
22101,2009-04-21,,1002.9,,7.7,7.8,2.4,1.6,1.9,3,6.7,9.1
22101,2009-04-22,,1014.3,,7.9,8,1.8,1.1,1.5,2.5,5.3,6.4
22101,2009-04-23,,1019.7,,8.5,8.2,.6,.4,.8,1.2,4,7.1
22101,2009-04-24,3.9,1014.8,85,9.9,8.2,.3,.2,.4,.6,3.5,6.4
22101,2009-04-25,8.7,1008.8,85,8.4,8.3,2.1,1.3,2,3.6,5.4,8
22101,2009-04-26,3,1012.5,86,8.7,8.4,1.4,.9,1.7,2.5,6.3,8
22101,2009-04-27,2.6,1014.7,85,9.3,8.6,.7,.5,.7,1.1,4.9,6.4
22101,2009-04-28,2.1,1020.3,84,9.7,8.7,.4,.3,.4,.6,4.2,5.3
22101,2009-04-29,1.4,1024.1,82,10.1,8.8,.3,.2,.2,.4,4.1,4.9
22101,2009-04-30,3.2,1024,76,10.7,8.9,.4,.3,.5,.8,3.8,6.4
22101,2009-05-01,3.9,1023.4,79,11.4,9.1,.7,.4,.5,1,4.9,5.8
22101,2009-05-02,4.3,1019.3,92,10.9,9.1,.9,.6,.8,1.4,5.1,6.4
22101,2009-05-03,1.3,1020.1,98,10,9.4,.5,.3,.4,.8,4.7,5.8
22101,2009-05-04,2.4,1019.1,97,8.3,9.4,.5,.3,.4,.7,4,5.3
22101,2009-05-05,1.3,1017.6,97,9,9.4,.4,.3,.5,.9,4,4.9
22101,2009-05-06,3.1,1015.4,76,12.8,9.7,.4,.3,.6,.8,3.2,4
22101,2009-05-07,2.8,1011.4,80,12,10,.3,.2,.5,.8,4.3,12.8
22101,2009-05-08,2.9,1010.2,88,11.8,10.1,.3,.2,.3,.4,3.7,7.1
22101,2009-05-09,5,1010.3,87,12.5,10.2,.4,.3,.4,.6,3.4,4.6
22101,2009-05-10,5.1,1011.8,89,13.5,10.3,.6,.4,.5,.8,4.4,5.8
22101,2009-05-11,7.3,1010.2,93,13.5,10.4,1,.7,1.1,1.8,5.4,7.1
22101,2009-05-12,4.4,1009,91,12.4,10.6,.8,.5,.8,1.2,5.3,7.1
22101,2009-05-13,4,1014.6,76,12.6,10.6,.7,.5,.7,1.3,4.2,5.3
22101,2009-05-14,1.6,1015.5,86,12.3,10.8,.5,.3,.6,.8,3.9,4.9
22101,2009-05-15,2.6,1018.1,82,13.4,10.8,.3,.2,.3,.6,3.4,4
22101,2009-05-16,6.2,1009.6,92,12.8,10.9,.5,.3,.5,.9,2.8,8
22101,2009-05-17,6.6,1006.8,90,12,10.9,1.3,.8,1.1,2.1,4.6,6.4
22101,2009-05-18,6.9,1010.1,80,13.4,11.1,1.4,.9,1.2,1.8,4.7,5.3
22101,2009-05-19,4.5,1011.2,89,12.9,11.3,1.2,.8,1,1.6,5.3,5.8
22101,2009-05-20,2.6,1013.8,91,13.5,11.5,.4,.3,.4,.6,4.3,5.3
22101,2009-05-21,4.8,1005.6,94,13.5,11.4,.6,.4,.7,1.3,4.5,8
22101,2009-05-22,2.4,1011.3,93,12.6,11.6,.7,.4,.6,1,5.8,8
22101,2009-05-23,2.9,1010.6,94,12.4,11.7,.6,.4,.6,.9,4.3,5.3
22101,2009-05-24,1.4,1013.1,91,13.4,11.8,.5,.3,.5,.8,4.2,5.3
22101,2009-05-25,1.1,1016.5,90,14,12.2,.3,.2,.3,.4,4.4,5.8
22101,2009-05-26,1.2,1015.4,86,14.4,12.4,.3,.2,.2,.4,4.2,6.4
22101,2009-05-27,2.9,1014.6,80,15.9,12.5,.2,.1,.2,.3,3.5,6.4
22101,2009-05-28,3.4,1015.4,71,16.6,12.6,.3,.2,.3,.5,3.4,6.4
22101,2009-05-29,3.3,1012.1,72,16.4,12.8,.2,.1,.2,.3,3.4,7.1
22101,2009-05-30,3.4,1006.8,86,14.6,13,.5,.3,1,1.5,3.8,9.1
22101,2009-05-31,3.5,1004.6,86,14.8,13.2,.7,.4,.7,1.3,3.9,4.6
22101,2009-06-01,5.6,1003.3,90,14.8,13.3,.8,.5,.7,1,4.6,5.3
22101,2009-06-02,9.3,1001.4,91,16.2,13.4,1.6,1,1.3,2,5.1,6.4
22101,2009-06-03,4.9,1001.3,96,14.4,13.5,1.3,.8,1.4,2.3,6.4,8
22101,2009-06-04,1.9,1004,96,13.3,13.7,.5,.3,.4,.8,4.8,7.1
22101,2009-06-05,1.6,1003.3,85,15.1,14.1,.3,.2,.3,.5,4.2,7.1
22101,2009-06-06,1.8,1006.2,90,15.3,14,.3,.2,.2,.4,3.9,4.9
22101,2009-06-07,2.3,1011,95,15.4,14,.3,.2,.3,.4,3.8,4.9
22101,2009-06-08,1.1,1014.2,91,15.7,14.1,.4,.2,.3,.5,4.4,6.4
22101,2009-06-09,4.1,1008.8,87,16.7,14.2,.7,.5,1.1,1.5,5.6,7.1
22101,2009-06-10,2.8,999.6,96,15.4,14.3,.8,.5,.9,1.4,6.9,8
22101,2009-06-11,5.4,1000.5,86,16.3,14.4,.9,.6,1,1.4,4.2,5.3
22101,2009-06-12,2.2,1001.5,88,15.8,14.6,1.1,.7,1,1.6,5.9,7.1
22101,2009-06-13,3,1005,93,15.9,14.8,.6,.4,.6,.9,4.3,6.4
22101,2009-06-14,1.6,1008.6,97,15.5,15.1,.5,.3,.5,.7,3.7,4.3
22101,2009-06-15,1.7,1012.1,98,15.3,15.2,.3,.2,.2,.6,3.9,5.8
22101,2009-06-16,2.4,1013.6,94,16.1,15.3,.3,.2,.3,.5,4.4,7.1
22101,2009-06-17,2.6,1013.6,85,17.4,15.4,.4,.3,.4,.7,4.3,6.4
22101,2009-06-18,1.5,1011.7,79,19.1,16,.4,.3,.4,.7,4.8,5.3
22101,2009-06-19,2.3,1008.1,88,18.3,15.8,.3,.2,.3,.6,5.1,9.1
22101,2009-06-20,6.1,1001.6,95,18.1,15.7,1.2,.8,1.2,1.8,5.6,7.1
22101,2009-06-21,1,1001.2,97,17.4,16.1,.7,.4,.6,1.2,5.6,9.1
22101,2009-06-22,2.7,999.5,96,17.4,16.1,.4,.3,.5,.8,4.5,6.4
22101,2009-06-23,3.2,1002.6,94,17.8,16.3,.5,.3,.4,.7,4.7,9.1
22101,2009-06-24,4.5,1004.8,93,17.9,16.5,.6,.4,.6,.9,6.1,10.7
22101,2009-06-25,5.7,1007,91,18.7,16.6,1,.6,.8,1.4,5,6.4
22101,2009-06-26,5.3,1010,93,18.9,16.8,1,.7,.9,1.4,5.6,6.4
22101,2009-06-27,2.5,1008.1,91,19.6,17.1,.7,.4,.6,1,5.2,5.8
22101,2009-06-28,2.1,1004.5,95,19.8,17.2,.7,.4,.6,.9,6.7,8
22101,2009-06-29,2.4,1001.5,98,19.4,17.4,.5,.3,.4,.7,5.9,8
22101,2009-06-30,4.1,1003.2,95,19.6,17.4,.7,.4,.7,1.1,7.1,9.1
22101,2009-07-01,4,1003.9,93,19,17.6,1,.7,.8,1.3,5.2,7.1
22101,2009-07-02,2.6,1003.4,97,18.9,17.8,.6,.4,.5,.8,4.6,8
22101,2009-07-03,1.6,1004.4,95,19,17.9,.5,.3,.4,.7,4.2,5.3
22101,2009-07-04,1.6,1008.5,98,18.6,18.3,.3,.2,.3,.6,3.9,5.3
22101,2009-07-05,1.5,1012.8,98,18.7,18.3,.3,.2,.3,.4,4,8
22101,2009-07-06,1.1,1012.3,93,19.1,18.3,.3,.2,.2,.4,4.1,5.8
22101,2009-07-07,2.4,1006.5,87,20.2,18.4,.4,.2,.4,.6,4.4,5.8
22101,2009-07-08,1.4,1005.8,91,20.2,18.7,.4,.2,.3,.5,5.6,7.1
22101,2009-07-09,6.3,997.5,93,20.5,18.7,1.4,.9,1.8,2.7,6.1,9.1
22101,2009-07-10,3.4,1006.3,92,20.2,19,1.1,.7,1,1.6,6,8
22101,2009-07-11,2.4,1009.6,93,20.1,19,.4,.3,.4,.6,4.4,6.4
22101,2009-07-12,8.2,1003.1,93,20.8,19,1.4,.9,1.6,3.1,5.6,9.1
22101,2009-07-13,3.3,1010.1,92,20.4,19.3,.9,.6,.9,1.5,5.3,8
22101,2009-07-14,10.2,1003,94,21.9,19.4,1.9,1.3,2.3,3.5,5.7,8
22101,2009-07-15,5.3,1006.3,93,20.8,19.7,1.4,.9,1.2,2.1,6.5,9.1
22101,2009-07-16,2.3,1006.3,91,21.6,20.1,.5,.4,.6,.8,8.1,9.1
22101,2009-07-17,3.7,1005.1,96,21.3,20,.4,.3,.6,1,6.6,8
22101,2009-07-18,10.8,1001.2,93,22.5,20,2.2,1.4,2,3,6.3,8
22101,2009-07-19,2.9,1005.3,95,21.4,20.7,1.1,.7,1.2,1.9,6.3,10.7
22101,2009-07-20,1.4,1004.9,96,21,20.4,.7,.4,.5,.9,8.4,9.1
22101,2009-07-21,3.8,1000.5,93,21.8,20.8,.8,.5,1.1,1.5,6.9,9.1
22101,2009-07-22,1.8,1002.2,89,22,20.8,.6,.4,.6,.9,4.3,4.9
22101,2009-07-23,2.4,1004.2,92,21.4,20.9,.4,.2,.3,.5,5.2,7.1
22101,2009-07-24,3.2,1002.6,86,22.2,21,.3,.2,.3,.5,4.9,7.1
22101,2009-07-25,3.7,1006,84,21.5,21.1,.3,.2,.4,.6,6.4,9.1
22101,2009-07-26,2.2,1006.9,87,22.1,21.3,.3,.2,.2,.4,7.1,8
22101,2009-07-27,.8,1006.5,91,22.2,21.5,.2,.1,.2,.3,5.6,7.1
22101,2009-07-28,2,1005.9,89,22.3,21.6,.2,.1,.2,.3,5.4,7.1
22101,2009-07-29,2.4,1007.4,88,22.7,21.9,.3,.2,.2,.4,4.2,6.4
22101,2009-07-30,1.7,1010.2,92,22.5,22,.3,.2,.2,.4,4.6,6.4
22101,2009-07-31,2.1,1009.9,90,23.3,22.7,.4,.2,.4,.7,4,6.4
22101,2009-08-01,2.4,1007.5,87,23.9,22.9,.5,.3,.5,.8,3.5,5.8
22101,2009-08-02,1.5,1007,91,23.5,23,.4,.2,.3,.6,3.4,5.8
22101,2009-08-03,1.8,1008.4,88,23.2,22.5,.2,.1,.3,.4,4.3,9.1
22101,2009-08-04,1.7,1009,84,23.3,22.7,.2,.1,.2,.3,6.2,10.7
22101,2009-08-05,2.5,1008.7,85,23.9,22.6,.3,.2,.2,.4,8.2,10.7
22101,2009-08-06,3.6,1009.7,80,23.8,22.6,.3,.2,.3,.4,8.6,10.7
22101,2009-08-07,2.5,1010.3,91,23.4,22.6,.2,.1,.2,.3,7.8,12.8
22101,2009-08-08,2,1008.8,91,24,22.7,.3,.2,.5,.7,10.5,12.8
22101,2009-08-09,2.7,1006.6,85,25.1,22.9,.6,.4,.6,.8,11.3,12.8
22101,2009-08-10,3.7,1007.3,78,25.3,22.9,.6,.4,.6,.8,10.9,12.8
22101,2009-08-11,6.8,1005.1,90,23.8,22.9,.7,.5,.7,1.1,8.1,10.7
22101,2009-08-12,5.2,998.9,90,24.1,22.9,.8,.5,.8,1.2,7.1,10.7
22101,2009-08-13,2.3,1004.7,92,23.4,23.1,.6,.4,.5,.8,6.2,9.1
22101,2009-08-14,1.4,1009.3,95,22.5,23.2,.4,.3,.4,.6,4.8,8
22101,2009-08-15,1.6,1011.2,96,22.7,23.3,.3,.2,.2,.4,4.7,8
22101,2009-08-16,1.5,1013.5,87,24.6,23.7,.3,.2,.2,.4,3.8,6.4
22101,2009-08-17,2.7,1014.4,83,24.8,23.5,.3,.2,.4,.5,3.7,8
22101,2009-08-18,2,1013.5,89,24.4,23.6,.3,.2,.4,.7,4.3,6.4
22101,2009-08-19,5.9,1010.6,90,24.8,23.6,.8,.5,1.1,1.8,5,6.4
22101,2009-08-20,6.6,1005.6,87,24.8,23.5,1.5,1,1.3,2,6.3,7.1
22101,2009-08-21,2.7,1007.7,87,24.3,23.6,.7,.5,.8,1.3,5.2,6.4
22101,2009-08-22,3.2,1008.6,80,24.4,23.6,.4,.3,.5,.7,3.8,4.6
22101,2009-08-23,4.9,1011.1,82,24.2,23.7,1,.6,.9,1.6,5.2,7.1
22101,2009-08-24,2.1,1012.5,84,24,23.7,.7,.5,.7,1.1,5.1,5.8
22101,2009-08-25,1.7,1011.9,86,23.9,23.8,.3,.2,.3,.5,4.8,8
22101,2009-08-26,8,1007.1,88,24.2,23.7,1,.6,1.3,2.1,4.3,7.1
22101,2009-08-27,5.7,1003.2,88,24.2,23.9,1.7,1.1,1.7,2.6,7,9.1
22101,2009-08-28,6.2,1008.9,76,23.6,23.9,1.4,.9,1.7,2.4,4.6,5.8
22101,2009-08-29,6.3,1013.5,70,21.5,23.8,1.3,.8,1.4,2.1,4.1,6.4
22101,2009-08-30,5.4,1015.9,77,21.8,23.6,.5,.4,.5,.8,3.5,5.8
22101,2009-08-31,4.4,1016.6,69,23.1,23.6,.3,.2,.4,.6,2.8,4.9
22101,2009-09-01,3.6,1017.7,72,23.1,23.7,.3,.2,.4,.6,3.3,5.3
22101,2009-09-02,3.7,1017.6,72,23.1,23.6,.3,.2,.4,.6,3.2,5.3
22101,2009-09-03,3.6,1016,75,23.1,23.6,.3,.2,.3,.5,3.8,7.1
22101,2009-09-04,2.6,1012.6,76,23.8,23.6,.3,.2,.3,.5,3.9,9.1
22101,2009-09-05,1.8,1009.8,83,23.8,23.6,.2,.1,.2,.3,4.4,7.1
22101,2009-09-06,1.8,1008.6,82,24,23.7,.2,.1,.2,.6,4.8,7.1
22101,2009-09-07,5.3,1007.8,83,23.2,23.8,.9,.6,.8,1.4,4.3,4.9
22101,2009-09-08,6.6,1008.1,65,22.4,23.7,1.1,.7,1,1.7,4.4,5.3
22101,2009-09-09,6.6,1010,57,22.9,23.6,1.3,.8,1.4,2.1,4.5,5.3
22101,2009-09-10,4.1,1011.3,59,22.8,23.6,.7,.5,.7,1.2,4.4,5.3
22101,2009-09-11,4,1009.8,63,22.3,23.5,.5,.3,.7,1,3.5,5.3
22101,2009-09-12,7.8,1007.7,73,21.4,23.4,2,1.3,2,3.4,5.3,6.4
22101,2009-09-13,3.5,1015.2,65,22,23.5,1.1,.7,1.1,1.6,5.8,7.1
22101,2009-09-14,2.4,1014.3,73,22.3,23.4,.5,.3,.4,.7,3.9,4.9
22101,2009-09-15,5.1,1013.2,74,22,23.4,.9,.6,.9,1.2,4.1,4.9
22101,2009-09-16,3.2,1015,71,21.9,23.4,.5,.3,.7,1,4.7,9.1
22101,2009-09-17,2.8,1015.1,70,22.4,23.3,.4,.2,.3,.5,3.9,8
22101,2009-09-18,5.1,1015.3,73,22.5,23.3,.5,.3,.7,1.1,3.4,4.9
22101,2009-09-19,5.1,1015.2,63,22,23.2,.5,.3,.7,1.3,3.8,5.3
22101,2009-09-20,4.9,1014.8,72,21.8,23.1,.4,.2,.5,.8,3.6,6.4
22101,2009-09-21,5.4,1014.2,71,20.9,22.9,.7,.5,1.1,1.4,4.2,6.4
22101,2009-09-22,3,1017.9,64,20.6,22.8,.6,.4,.6,.9,5.2,5.8
22101,2009-09-23,2.9,1018.6,64,20.9,22.7,.3,.2,.2,.4,4.1,7.1
22101,2009-09-24,2.1,1019,70,21.5,22.7,.3,.2,.3,.4,3.5,5.3
22101,2009-09-25,2,1017.3,70,21.8,22.7,.3,.2,.2,.4,3.7,6.4
22101,2009-09-26,2.8,1017.5,77,22.2,22.7,.3,.2,.3,.4,3,5.3
22101,2009-09-27,4.7,1016.6,76,21.9,22.6,.5,.3,.6,1,3.1,6.4
22101,2009-09-28,3.3,1016.6,77,21.6,22.7,.4,.3,.6,1,3.9,6.4
22101,2009-09-29,3.1,1019.9,71,22.1,22.7,.5,.3,.5,.7,3.7,4.6
22101,2009-09-30,1.8,1020.3,76,22.3,22.8,.3,.2,.3,.5,3.9,10.7
22101,2009-10-01,2,1016.7,77,21.9,22.7,.3,.2,.2,.5,4.1,7.1
22101,2009-10-02,7.6,1011.2,62,21,22.6,1.4,.8,1.6,2.6,4.2,5.8
22101,2009-10-03,5.8,1014.2,52,20.9,22.4,1.1,.7,1.5,2.2,4.6,5.8
22101,2009-10-04,3.4,1017.6,42,19.6,22.2,1.2,.7,1.3,2.4,5.9,7.1
22101,2009-10-05,4.3,1018.4,66,20.4,22.1,.6,.4,.5,.8,4.5,5.8
22101,2009-10-06,4.3,1020,59,20.3,22,.4,.3,.4,.7,4.5,10.7
22101,2009-10-07,7.5,1017.8,60,19.8,21.8,.7,.5,.9,1.4,3.7,4.9
22101,2009-10-08,6.6,1015.1,53,17.9,21.6,.8,.5,1.1,2,3.7,5.8
22101,2009-10-09,3.1,1016,60,18.1,21.4,.4,.2,.3,.7,4,7.1
22101,2009-10-10,4.3,1020,58,18.4,21.3,.7,.5,.8,1.3,4.4,5.8
22101,2009-10-11,2.9,1022,57,18.7,21.2,.5,.4,.6,1,4.6,9.1
22101,2009-10-12,5,1018.5,54,18.6,21.1,.7,.4,.8,1.2,3.4,4.9
22101,2009-10-13,5.1,1016,68,17.9,21,1.1,.7,1.1,1.7,4.5,5.8
22101,2009-10-14,4.7,1017.7,61,17.8,20.9,1.4,.9,1.2,2,6,7.1
22101,2009-10-15,3.5,1018.6,54,19.7,20.8,.7,.4,.7,1,4.6,5.8
22101,2009-10-16,7.7,1011.7,65,19.5,20.7,1.3,.9,2.1,3.3,4.9,6.4
22101,2009-10-17,9.1,1006.2,60,16.6,20.4,2.9,1.9,2.5,3.5,7.1,9.1
22101,2009-10-18,6.3,1009.1,52,17.3,20,1.5,.9,1.9,2.7,6,8
22101,2009-10-19,11.6,1008.7,57,15.4,19.7,3,2,2.8,4.8,6.9,9.1
22101,2009-10-20,5.5,1017.8,53,14.3,19.3,1.7,1.1,2,3.1,6.1,7.1
22101,2009-10-21,5.2,1021.5,48,16.3,19.1,1.6,1,2,3.3,6.4,8
22101,2009-10-22,4.2,1020.5,55,16.8,19,.6,.4,.7,1.1,5.1,6.4
22101,2009-10-23,3.2,1018.3,82,18.6,19,1,.6,.8,1.3,5.4,6.4
22101,2009-10-24,4.3,1019.5,71,18.2,19,.6,.4,.5,.8,7.1,12.8
22101,2009-10-25,4.7,1020.5,70,17.9,19,.5,.3,.5,.8,8.2,12.8
22101,2009-10-26,2.2,1017.4,77,17.7,19,.3,.2,.3,.5,7.6,12.8
22101,2009-10-27,4.7,1019.6,70,16.4,18.6,1.1,.7,.9,1.6,4.5,5.3
22101,2009-10-28,3.3,1022.7,66,16.4,18.4,.5,.3,.6,.9,3.4,4.3
22101,2009-10-29,4.5,1021.2,75,18.1,18.3,.8,.5,.7,1,4.7,6.4
22101,2009-10-30,2.3,1023,84,18.1,18.4,.5,.3,.5,.7,5.1,5.8
22101,2009-10-31,8.6,,83,17.1,18.3,1.4,.9,1.7,2.7,4.7,7.1
22101,2009-11-01,8.6,1018.9,69,10.9,18.1,2.1,1.4,1.7,2.8,5.6,7.1
22101,2009-11-02,11.5,1030.7,64,3.4,17.6,3,1.9,2.2,3.9,5.9,7.1
22101,2009-11-03,5.9,,66,8.3,17,1.5,.9,1.2,2,5.8,7.1
22101,2009-11-04,8.8,1026.3,69,15.2,16.7,2.6,1.6,2,3.3,6.7,8
22101,2009-11-05,4.2,,,,,,,,,6.8,8
22101,2009-11-06,4.9,1017.7,85,16.5,16.5,.8,.5,.7,1.2,5,6.4
22101,2009-11-07,5.5,1016.4,91,17.1,16.5,.9,.5,.7,1.3,4.6,5.3
22101,2009-11-08,3.8,1014.5,90,16.6,16.6,.8,.5,1,1.6,4.9,6.4
22101,2009-11-09,4,1014.7,90,15.7,16.6,.7,.4,.5,1,6.6,8
22101,2009-11-10,8.4,1013.7,70,14.3,16.5,1.2,.7,1.4,2.4,3.9,6.4
22101,2009-11-11,9.1,1021.7,66,10.4,16.3,1.3,.8,1.1,1.7,4.1,5.3
22101,2009-11-12,8.9,1026.7,58,10.4,16.1,1,.6,1,1.5,3.6,4.9
22101,2009-11-13,6.1,1017.4,79,11.1,15.9,.9,.6,1.6,2.6,4.4,8
22101,2009-11-14,10.9,1017.2,68,6.7,15.7,3.1,1.9,2.5,4.3,5.7,7.1
22101,2009-11-15,10.5,1023.7,73,2.4,15.1,2.6,1.6,2.2,4,5.3,6.4
22101,2009-11-16,8.1,1029.2,69,1.5,14.6,1.8,1.1,1.6,2.6,4.7,5.8
22101,2009-11-17,7.8,1028.8,66,1.4,13.9,1.5,.9,1.3,2.1,4.4,5.3
22101,2009-11-18,4.7,1030.2,59,2.2,13.5,1,.7,.9,1.4,5.4,7.1
22101,2009-11-19,6.6,1031.5,61,4.9,13.3,1.4,.8,1.4,2.2,5.2,7.1
22101,2009-11-20,4.4,1030,67,4.5,13.1,1.1,.6,1.5,2.5,4.9,6.4
22101,2009-11-21,5.3,1030.4,58,2.4,12.9,1.5,1,1.9,3.3,5.7,8
22101,2009-11-22,6.3,1024.4,61,8.1,12.7,1.1,.7,1.1,2,4.5,5.8
22101,2009-11-23,3.8,1025,67,11,12.6,1.3,.8,1.1,1.9,5.7,7.1
22101,2009-11-24,3.2,1021.4,64,11,12.5,.7,.5,.7,1,4.9,5.8
22101,2009-11-25,4.1,1019.5,80,9.6,12.4,.7,.5,.7,1,4.6,5.8
22101,2009-11-26,2.8,1023.3,78,9.3,12.4,.7,.4,.6,1.3,5.2,6.4
22101,2009-11-27,5.8,1025,72,7.4,12.4,1.4,.8,1.2,1.9,4.4,5.8
22101,2009-11-28,2.9,1026.5,69,5.6,12.3,1,.6,.8,1.3,5.5,7.1
22101,2009-11-29,3,1023.7,69,7.2,12.2,.7,.4,.8,1.4,5,5.8
22101,2009-11-30,3.4,1024.3,64,7.9,12.1,1,.6,.8,1.4,4.9,5.8
22101,2009-12-01,,1025.5,62,8.8,12.1,1.1,.7,1,1.4,4.9,5.8
22101,2009-12-02,1.9,1024.6,64,8.1,12,.5,.3,.5,.7,4.5,5.3
22101,2009-12-05,12.7,1013.5,73,2.5,11.5,3.7,2.3,3.2,4.9,6.6,9.1
22101,2009-12-06,6.6,1025.4,55,.3,10.9,1.5,.9,1.6,2.5,5,6.4
22101,2009-12-07,3.1,1030.2,60,3.2,10.5,.5,.3,.5,.8,3.8,4.6
22101,2009-12-08,3.6,1027.3,73,5.2,10.4,.3,.2,.3,.4,3.5,6.4
22101,2009-12-09,4.7,1023.8,77,6.7,10.4,.4,.3,.6,1.1,3.2,4.6
22101,2009-12-10,5.3,1017.9,85,8.1,10.3,.6,.4,.4,.8,3.1,4
22101,2009-12-11,4.8,1018.8,86,7.9,10.3,.6,.3,.6,1,3,3.8
22101,2009-12-12,5.8,1022.1,65,4.8,10.2,1.4,.9,1.4,2.3,4.4,5.8
22101,2009-12-13,5.8,1023.2,52,3.8,10.1,1.3,.8,1.2,1.9,4.4,5.3
22101,2009-12-14,7.4,1028.6,48,2,9.9,1.5,.9,1.4,2.3,4.4,4.9
22101,2009-12-15,8,1030.1,53,-1.3,9.7,1.7,1,1.4,2.5,4.5,5.3
22101,2009-12-16,7.1,1028.4,66,-2.9,9.3,1.6,1,1.5,2.7,4.6,5.8
22101,2009-12-17,7.5,1025.5,70,-3.9,8.8,1.7,1,1.7,2.8,5,5.8
22101,2009-12-18,10.5,1027.7,78,-4.8,8.3,2.5,1.5,1.9,3.5,5.2,6.4
22101,2009-12-19,8.2,,,,,2.2,1.4,1.8,3.3,5.5,7.1
22101,2009-12-20,6,1022.5,68,-1.6,7.5,1.9,1.2,1.8,2.9,6,8
22101,2009-12-21,4.6,1025.8,60,.2,7.3,1.4,.9,1.7,2.9,5.5,7.1
22101,2009-12-22,6.5,1020.8,65,7.3,7.3,1.9,1.2,1.5,2.4,5.9,7.1
22101,2009-12-23,4.4,1020.8,70,5.4,7.3,1.3,.8,1.2,2.1,5.9,7.1
22101,2009-12-24,,1021,69,4.9,7.2,.4,.3,.4,.7,5,6.4
22101,2009-12-25,,1015.7,71,3.5,7.2,2,1.2,3,5,5,8
22101,2009-12-26,,1022.6,65,-5.1,6.9,2.1,1.4,2.3,3.7,5.5,9.1
22101,2009-12-27,4.3,1026.2,68,-4.5,6.7,.7,.5,.9,1.3,3.7,5.3
22101,2009-12-28,4.4,1026.9,53,-4.2,6.4,1.1,.7,1.2,1.9,5.3,7.1
22101,2009-12-29,8.2,1018.4,69,2.1,6.3,1.4,.9,1.8,3,4.9,7.1
22101,2009-12-30,11.1,1013.3,64,-1,6.1,3.3,2.1,2.7,4.1,6.5,8
22101,2009-12-31,9.2,1023.5,62,-5.9,5.6,2.3,1.5,2.1,3.4,5.5,7.1
22101,2010-01-01,3.2,1027.6,69,-2.8,5.3,.6,.4,.9,1.4,4.8,7.1
22101,2010-01-02,,1021.4,72,1.2,5.1,1.5,1,1.6,2.6,5.3,6.4
22101,2010-01-03,,,,,,,,1.7,2.6,,5.8
22101,2010-01-04,,1010.6,82,-2.4,,1.6,1,2.3,3.6,4.4,7.1
22101,2010-01-05,7.9,1019.7,71,-5.1,,2.4,1.6,2.1,3.3,5.6,7.1
22101,2010-01-06,,1025.6,69,-5.4,,1.9,1.2,1.4,2.7,5.2,6.4
22101,2010-01-07,,1025.4,69,-6,5.3,1.3,.8,1.1,1.8,5.6,7.1
22101,2010-01-08,,1025.1,72,-3.2,5.2,.7,.5,.6,1,5.7,7.1
22101,2010-01-10,,1026.9,74,-.8,4.7,.4,.3,.4,.6,4.6,5.8
22101,2010-01-11,,1025.1,65,-1.5,4.5,1.2,.8,1.6,2.9,4.4,6.4
22101,2010-01-12,4.6,1020.8,60,-6.7,4.4,1.6,1,1.7,3,4.8,6.4
22101,2010-01-13,8.5,1025,69,-8.4,4.4,2.3,1.5,2.3,3.5,5.9,8
22101,2010-01-14,,1028.2,69,-4.9,3.8,1.1,.7,1.2,1.9,6.3,7.1
22101,2010-01-15,,1032.6,70,-1.9,3.7,.8,.5,.9,1.3,5.2,7.1
22101,2010-01-16,,1034.8,52,-3.1,3.5,.6,.4,.8,1.3,4.7,5.8
22101,2010-01-17,,1033.8,58,-.2,3.4,.2,.1,.2,.3,3.9,5.3
22101,2010-01-18,3.7,1030.8,76,2.7,3.7,.6,.4,.6,1,3.9,5.8
22101,2010-01-19,4.2,1031,76,4,3.8,.4,.3,.4,.5,4.3,5.8
22101,2010-01-20,5.3,1028.2,89,5,3.9,.8,.5,1.1,2.1,4.4,5.8
22101,2010-01-21,9.9,1022.3,63,-3.3,,2.7,1.7,2.3,4.3,5.8,7.1
22101,2010-01-22,6.1,1027.6,55,-4.2,3.6,1.6,1,1.4,2.7,5.6,8
22101,2010-01-23,2,1027.4,62,-2.4,4.1,1.3,.9,1.1,1.6,6.4,7.1
22101,2010-01-24,5,1023.3,63,3.2,,1.3,.9,1.3,1.9,5.6,6.4
22101,2010-01-25,8.8,1025.3,56,-1.7,,2.4,1.5,1.9,3.2,6,7.1
22101,2010-01-26,4.6,1031.8,64,-.4,,.9,.6,1.1,1.6,5.3,6.4
22101,2010-01-28,6.9,1019.8,68,.3,,1.7,1.1,1.4,2.4,5.7,8
22101,2010-01-29,6.1,1024.7,63,1.2,,1.6,1,1.4,2.4,5.3,8
22101,2010-01-30,3.5,1021.7,71,3.1,,1.1,.7,1.4,2.1,5.6,7.1
22101,2010-01-31,2.2,1018,87,,,.4,.2,.3,.5,4.2,5.3
22101,2010-02-01,7.3,1015.6,66,.5,,1.2,.8,1.5,2.5,4.4,6.4
22101,2010-02-02,7.5,1027,45,-4.2,,1.5,1,1.6,2.5,4.6,5.8
22101,2010-02-03,5.5,,52,-5.4,,1,.6,.9,1.6,4.4,5.3
22101,2010-02-04,4.5,1028.2,57,-1.5,,.9,.6,1,1.6,4.9,7.1
22101,2010-02-05,6,1028,48,-3.5,,1.1,.7,1,1.6,4.4,5.8
22101,2010-02-06,3.8,1031.1,48,-2.7,,.7,.4,.9,1.6,3.7,4.9
22101,2010-02-07,3,1027.2,57,1,,.3,.2,.4,.7,3.1,5.8
22101,2010-02-08,3.4,1017.8,73,2.9,,.3,.2,.3,.6,4,5.8
22101,2010-02-09,5.2,1014.8,87,2.2,,.5,.4,.6,.9,3.9,8
22101,2010-02-10,7.1,1013.8,69,2.2,,1.3,.8,1.1,2.2,4,5.3
22101,2010-02-11,8.8,1014.7,85,.7,,1.3,.9,1.3,2.1,4,5.3
22101,2010-02-12,4.1,1019.8,77,-.5,,.9,.6,.8,1.2,5.7,7.1
22101,2010-02-13,5.6,1027.3,57,-1.4,,1.4,1,1.2,1.9,5.3,8
22101,2010-02-14,4.1,1029.5,46,-1.1,,.7,.4,1,1.8,4.7,5.8
22101,2010-02-15,7,1028,53,-1.9,,1.2,.8,1.4,2.1,4.4,5.8
22101,2010-02-16,6.2,1029.7,48,-2.9,,1.4,.9,1.2,2.1,4.7,5.3
22101,2010-02-17,5.1,1026.1,61,-1.2,,.7,.4,1.2,1.9,4.1,5.3
22101,2010-02-18,7.2,1022.4,55,-1.2,,2.1,1.4,2.5,4,5.9,8
22101,2010-02-19,4.3,1021.2,63,1.7,,1.4,.9,1.3,2.1,5.8,7.1
22101,2010-02-20,3.4,1021.7,82,3.8,,1,.7,1.2,1.8,5.3,6.4
22101,2010-02-21,6,1019.5,73,4.5,,1.1,.7,1.1,1.7,5.7,7.1
22101,2010-02-24,,,,,,,,.7,1,,5.8
22101,2010-02-25,4.5,1008.7,90,6.1,2.3,1.1,.7,.9,1.6,7.1,9.1
22101,2010-02-26,4.6,1013.3,84,4,2.4,1.1,.7,.9,1.4,4.9,6.4
22101,2010-02-27,2.6,1016.2,81,4.2,2.5,.6,.4,.7,1,5.1,8
22101,2010-02-28,3.1,1020.2,92,1.8,2.6,.3,.2,.3,.5,5.2,8
22101,2010-03-01,7.6,1016.5,83,2.9,2.6,.9,.6,1,1.6,3.9,6.4
22101,2010-03-02,5.4,1017,74,2.4,2.6,.7,.5,1.1,1.8,4.6,7.1
22101,2010-03-03,3.8,1024.9,68,2.9,2.7,.8,.5,.8,1.4,5.5,7.1
22101,2010-03-04,5.5,1027.2,76,4.4,2.8,.4,.3,.4,.7,3,5.8
22101,2010-03-05,3.7,,84,3.5,2.9,.5,.3,.8,1.4,3.9,7.1
22101,2010-03-06,7,1024.8,68,2.2,2.9,1.4,.9,1.2,2.1,4.3,5.3
22101,2010-03-07,4.6,1031.5,70,4,3,.8,.5,.6,1.1,5.1,7.1
22101,2010-03-08,4.8,1029.8,67,3.7,3.1,.6,.4,.5,.8,3.1,5.8
22101,2010-03-09,5.7,1024,76,1.2,3.1,1.2,.7,2.2,3.9,4.1,6.4
22101,2010-03-10,8.1,1020.8,70,-.4,3,2.5,1.6,2.3,3.7,6.1,8
22101,2010-03-11,6.6,1032.1,65,3.5,3.1,1.5,.9,1.2,1.8,5.8,6.4
22101,2010-03-12,10.3,1035.4,70,4.7,3.1,2.6,1.6,2.1,3.7,7.3,9.1
22101,2010-03-13,5.1,1030.3,48,1.5,3.2,1,.7,1.5,2.3,5.4,8
22101,2010-03-14,5.4,1023.3,62,5.8,3.2,.5,.3,.5,.8,2.8,4.9
22101,2010-03-15,7.7,1017.3,80,5.2,3.3,1.6,1,1.9,3.1,5.2,8
22101,2010-03-16,8.3,1023.3,50,1.7,3.3,2.2,1.4,2,3.8,5.8,8
22101,2010-03-17,4,1031.3,67,.4,3.2,.6,.4,.8,1.5,4.4,6.4
22101,2010-03-18,6.1,1029,55,.7,3.2,1.2,.7,1.3,1.9,4.7,7.1
22101,2010-03-19,5.7,1012.9,68,3.7,3.2,.9,.6,.9,1.5,4.6,6.4
22101,2010-03-20,8,1005.1,85,4.6,3.3,2,1.2,2.6,4.1,6.8,8
22101,2010-03-21,7.9,1016.8,61,3.3,3.4,2.3,1.4,2.4,4.8,5.8,8
22101,2010-03-22,3.3,1020.5,83,2.8,3.4,.7,.4,.5,1,4.8,5.8
22101,2010-03-23,3.2,,84,3.6,3.5,.4,.2,.5,.8,5,7.1
22101,2010-03-24,4.3,,74,4.8,3.6,.5,.3,.5,.9,3.8,5.3
22101,2010-03-25,8.4,,56,3.9,3.6,1.9,1.2,2.1,3.8,4.7,5.8
22101,2010-03-26,6.4,,55,3,3.6,1.7,1,1.6,2.5,4.9,6.4
22101,2010-03-27,4.1,,81,4.7,3.7,1.8,1.1,1.5,2.4,6.8,8
22101,2010-03-28,5.3,,56,3.2,3.8,1.1,.7,1,1.8,4.9,7.1
22101,2010-03-29,2.9,,74,4.2,3.9,.5,.3,.7,.9,3.8,4.9
22101,2010-03-30,3.1,,72,5.7,4,.2,.1,.2,.3,4,5.3
22101,2010-03-31,4,,87,5.9,4,.5,.3,.4,.7,4.9,7.1
22101,2010-04-01,4.3,,81,4.9,4,.8,.5,1.1,1.6,4.7,5.8
22101,2010-04-02,5.9,,69,4.9,4.1,1.2,.7,1.3,2.2,4.9,5.8
22101,2010-04-03,4.3,,70,4.5,4.2,1.1,.7,1.1,1.8,5.5,6.4
22101,2010-04-04,3.4,1021.2,67,5.1,4.2,.6,.3,.5,.9,4.4,5.3
22101,2010-04-05,2.4,1015.8,81,5.8,4.4,.5,.3,.3,.6,4.7,5.3
22101,2010-04-06,5.8,1019.9,73,5.4,4.5,1.3,.8,2,3.7,4.6,5.8
22101,2010-04-07,5.6,1025.4,62,5.2,4.7,1.2,.7,1.1,1.8,4.3,5.3
22101,2010-04-08,2.2,1023.2,73,5.7,4.9,.4,.3,.5,.8,3.4,5.8
22101,2010-04-09,2.9,1019.1,76,6.6,5,.5,.3,.4,.7,4.4,5.3
22101,2010-04-10,1.4,1014.4,83,6.2,4.9,.4,.3,.4,.6,4.3,5.8
22101,2010-04-11,4.4,,73,8.1,5,.5,.3,.4,.7,3.3,4.9
22101,2010-04-12,3.5,1010.1,75,7.9,5.1,.3,.2,.5,.9,2.8,5.8
22101,2010-04-13,11.7,,58,4.2,5.2,3.3,2,2.4,4.3,6,7.1
22101,2010-04-14,8,,44,4.6,5.2,1.9,1.2,2.3,3.2,5.2,7.1
22101,2010-04-15,4.3,1025.6,63,5.3,5.3,1,.6,.9,1.4,4.6,5.8
22101,2010-04-16,3.4,1024.5,71,5.7,5.4,.6,.3,.5,.9,4.1,5.3
22101,2010-04-17,2.4,1026.9,80,5.8,5.5,.5,.3,.4,.7,4.2,4.9
22101,2010-04-18,5,1023.4,76,7.6,5.6,.6,.4,.7,1.3,4.1,5.8
22101,2010-04-19,3.8,1016.8,74,9.6,5.7,.8,.5,.8,1.2,5.8,7.1
22101,2010-04-20,1.4,1014.7,89,7.9,5.8,.4,.2,.3,.5,5.5,8
22101,2010-04-21,4.2,1015.5,84,8.9,5.9,.4,.3,.5,.7,4,8
22101,2010-04-22,3.6,1014.3,83,7.9,6,.4,.2,.4,.7,4.7,8
22101,2010-04-23,2.8,1017.1,83,7.4,6.2,.5,.3,.6,1,3.3,5.8
22101,2010-04-24,2,1022.9,82,7.1,6.3,.7,.4,.7,1.1,4.7,5.8
22101,2010-04-25,2.2,1025.5,72,8,6.4,.3,.2,.3,.5,3.8,4.6
22101,2010-04-26,3,1016.5,77,8.6,6.5,.2,.1,.2,.4,4.1,9.1
22101,2010-04-27,8.9,1006,73,6.8,6.5,2.3,1.4,3.1,4.7,5.8,9.1
22101,2010-04-28,9.8,1009.7,77,6.1,6.5,2.4,1.4,2.2,4.3,7,8
22101,2010-04-29,7,1015.9,76,7.4,6.6,2.1,1.3,2.3,3.7,6.9,8
22101,2010-04-30,4.6,,81,7.4,6.8,1.1,.7,1,1.7,5.2,6.4
22101,2010-05-01,4.9,,77,8.2,6.8,.7,.4,.6,.9,4.1,5.3
22101,2010-05-02,6.6,,74,9.8,6.9,1.1,.7,.9,1.5,4.6,5.8
22101,2010-05-03,7.9,1012,92,10.3,7.1,1.4,.9,1.1,1.7,5.3,6.4
22101,2010-05-04,5.2,,92,11.3,7.3,1.1,.6,.8,1.3,5.6,6.4
22101,2010-05-05,5.8,,85,12.2,7.5,1.1,.6,.8,1.3,5.6,6.4
22101,2010-05-06,7.3,1003.3,86,9.3,7.6,1.5,1,1.2,2.2,5.1,7.1
22101,2010-05-07,4,1007.6,81,9.1,7.8,1,.6,.9,1.5,4.9,5.8
22101,2010-05-08,2.8,1010.1,80,10,8.2,.7,.5,.6,.9,4,4.6
22101,2010-05-09,1.8,1009,80,10.4,8.3,.4,.2,.4,.5,4.3,4.9
22101,2010-05-10,3.8,,82,9.5,8.3,.9,.6,.9,1.5,4.3,5.8
22101,2010-05-11,3.6,1009.3,80,9.6,8.3,.6,.4,.6,1,3.8,5.3
22101,2010-05-12,3,1015.3,85,9.7,8.6,.8,.5,.8,1.4,4.3,5.3
22101,2010-05-13,1.7,,81,10.5,8.7,.5,.3,.7,1.1,3.6,4.3
22101,2010-05-14,1.3,1019.5,76,11.4,8.9,.3,.2,.2,.4,3.9,5.8
22101,2010-05-15,1.4,1019.7,82,10.6,9.1,.2,.1,.2,.4,4.5,6.4
22101,2010-05-16,,1019.8,82,11.2,9.2,.2,.1,.2,.4,4.1,5.3
22101,2010-05-17,1.8,1016.3,73,12,9.4,.2,.1,.2,.3,5.6,8
22101,2010-05-18,4.9,1007.5,92,12.3,9.4,.7,.4,.7,1.2,4.8,8
22101,2010-05-19,3.2,,92,10.7,9.5,.5,.3,.4,.6,4.5,5.8
22101,2010-05-20,4.6,,90,10.9,9.6,.7,.4,.5,.8,4,4.9
22101,2010-05-21,2.2,,90,11.4,9.9,.3,.2,.3,.4,4.1,6.4
22101,2010-05-22,2.2,1007.4,81,12.5,9.9,.3,.1,.2,.5,4.3,6.4
22101,2010-05-23,7,,88,13.6,10,.7,.5,.7,1.3,2.8,4
22101,2010-05-24,5.2,994.1,91,11.4,10,.7,.4,.7,1.4,3.9,5.8
22101,2010-05-25,2.6,,88,11.4,10.3,1.3,.8,1.3,1.9,6,8
22101,2010-05-26,2.5,,82,13.1,10.6,.8,.5,.9,1.3,5.2,6.4
22101,2010-05-27,2.7,1017.2,71,13.1,10.5,.3,.2,.3,.7,4.4,6.4
22101,2010-05-28,1.5,,91,11.6,10.6,.3,.1,.2,.4,3.8,5.8
22101,2010-05-29,1.1,,86,12.6,10.9,.2,.1,.2,.5,4.7,5.8
22101,2010-05-30,2.2,,85,12.5,11,.3,.2,.2,.4,4.3,5.3
22101,2010-05-31,2.6,1014.7,83,13,11,.5,.3,.5,.7,4.7,5.3
22101,2010-06-01,,1015.4,84,12.9,11.3,,,,,,
22101,2010-06-02,1.6,,91,11.2,11.3,.4,.2,.4,.6,3.5,5.8
22101,2010-06-03,1.4,,86,12.9,11.7,.2,.1,.2,.3,4.1,5.8
22101,2010-06-04,2.1,1016,80,14,12,.3,.2,.4,.6,3.4,6.4
22101,2010-06-05,1.3,1014.8,81,14.1,12.1,.3,.2,.3,.5,3.3,5.8
22101,2010-06-06,1.7,1013.9,77,15.6,12.4,.3,.2,.3,.4,3.5,5.8
22101,2010-06-07,1.5,1012.9,81,15.9,12.8,.3,.2,.2,.4,3.5,6.4
22101,2010-06-08,2.1,1014,76,15.9,12.7,.2,.1,.2,.4,5.2,8
22101,2010-06-09,1,,74,16.8,13.1,.2,.1,.2,.5,4.9,8
22101,2010-06-10,1.1,,79,16.6,13.1,.2,.1,.2,.3,5.1,8
22101,2010-06-11,2,,80,16.6,13,.3,.2,.5,.7,5,7.1
22101,2010-06-12,5.6,,89,15.9,13,.5,.3,.5,.8,4.1,6.4
22101,2010-06-13,1.6,,92,15.8,13.3,.3,.2,.3,.4,5.9,9.1
22101,2010-06-14,1,1008.4,91,16,13.4,.3,.2,.2,.4,5.9,8
22101,2010-06-15,1.4,1006.1,91,15.4,13.6,.2,.1,.2,.3,4.8,6.4
22101,2010-06-16,4.4,1006.1,91,15.7,13.5,.5,.3,.5,.8,3.8,4.9
22101,2010-06-17,2.7,1005.1,93,15.6,13.8,.6,.4,.5,.9,4.6,5.3
22101,2010-06-18,2,1004.4,92,17.2,13.9,.3,.2,.3,.6,4.6,8
22101,2010-06-19,2.4,1004.8,93,15.6,14,.3,.2,.2,.4,6.7,9.1
22101,2010-06-20,1.6,1005,93,15.6,14.1,.4,.3,.6,1,5.9,9.1
22101,2010-06-21,2,1005.6,89,15.4,14.5,.4,.3,.4,.5,3.7,4.6
22101,2010-06-22,3.1,1007.2,83,16.4,14.3,.5,.3,.5,.8,3.7,4.6
22101,2010-06-23,1.7,,85,16.6,14.5,.4,.3,.4,.8,4.1,4.9
22101,2010-06-24,.9,1010.4,82,17,14.9,.3,.2,.2,.4,4.7,7.1
22101,2010-06-25,1.5,1007.2,82,17.5,14.9,.2,.1,.2,.3,5,7.1
22101,2010-06-26,2.3,1006.9,77,19.6,14.9,.2,.1,.2,.3,5.1,7.1
22101,2010-06-27,3.2,,93,16.7,15.1,.2,.2,.2,.4,5.9,8
22101,2010-06-28,1.5,1004.9,92,17.2,15.3,.3,.2,.3,.4,5.2,8
22101,2010-06-29,1.8,,93,16.7,15.3,.4,.2,.3,.6,4.2,5.3
22101,2010-06-30,2.3,1007.7,93,17.9,15.3,.4,.2,.3,.5,4.3,5.8
22101,2010-07-01,2.4,1004.1,93,18.4,15.4,.4,.3,.3,.5,4.3,5.3
22101,2010-07-02,6.2,996.6,93,18.8,15.5,.7,.4,.7,1.2,4.1,6.4
22101,2010-07-03,1.7,,93,17.7,15.6,.6,.4,.6,.8,4.9,6.4
22101,2010-07-04,1.5,997.6,92,19,15.9,.3,.2,.3,.4,4.3,5.8
22101,2010-07-05,2.2,,93,18.1,16.2,.3,.2,.3,.5,5.3,8
22101,2010-07-06,3.1,997.4,93,18.4,16.2,.5,.3,.4,.6,4.9,8
22101,2010-07-07,1.8,1001.9,89,18.5,16.5,.6,.4,.5,.8,4,4.6
22101,2010-07-08,2.2,,89,18.4,16.5,.4,.3,.4,.6,6,8
22101,2010-07-09,2,,88,18.9,16.8,.3,.2,.3,.4,4.6,8
22101,2010-07-10,2.6,,90,19.6,16.7,.3,.2,.2,.4,4.9,9.1
22101,2010-07-11,4,,83,20.2,16.7,.3,.2,.4,.7,5,9.1
22101,2010-07-12,1.5,1006.5,86,19.5,16.9,.4,.3,.4,.7,7.7,8
22101,2010-07-13,2.1,,89,18.8,17.2,.3,.2,.3,.4,5.8,7.1
22101,2010-07-14,1.1,,90,18.8,17.4,.2,.2,.2,.3,5.1,8
22101,2010-07-15,1.7,1012,90,19.3,17.4,.2,.2,.2,.3,5.8,7.1
22101,2010-07-16,4.7,1009.7,91,20,17.3,.5,.3,.7,1.4,4.5,8
22101,2010-07-17,7.7,1008.5,93,19.9,17.4,1.3,.9,1.4,1.9,6.4,8
22101,2010-07-18,9.2,1011.6,88,21.1,17.6,1.8,1.2,1.6,2.6,6.5,8
22101,2010-07-19,5.7,1011.3,90,20.9,17.8,1.3,.9,1.4,2.2,6.6,8
22101,2010-07-20,4,1010.3,85,22,18.2,.7,.5,.6,.9,5.2,5.8
22101,2010-07-21,7.1,,86,21.9,18.1,1.1,.7,1.3,1.9,6.1,9.1
22101,2010-07-22,5,1012.5,92,20.9,18.3,1,.6,.8,1.3,5.1,6.4
22101,2010-07-23,3.3,,93,20.8,18.6,.8,.5,.8,1.3,5,6.4
22101,2010-07-24,1.9,,92,20.6,18.7,.4,.3,.4,.7,4.9,5.8
22101,2010-07-25,2.2,1013.3,92,20.8,18.9,.3,.2,.3,.5,4.8,8
22101,2010-07-26,2.8,1014.1,91,20.9,19.1,.5,.3,.5,.8,4.7,5.8
22101,2010-07-27,2.5,,93,21.2,19.3,.5,.3,.4,.7,4.4,8
22101,2010-07-28,2.9,1003.2,82,22.8,19.4,.7,.4,.6,.9,7.8,10.7
22101,2010-07-29,1.6,1000.6,91,21.8,19.7,.5,.3,.4,.6,8.4,9.1
22101,2010-07-30,3.5,1004,92,21.5,19.7,.5,.3,.5,.8,5.4,9.1
22101,2010-07-31,3.9,1005.2,92,21.5,19.9,.7,.5,.6,.9,4.4,5.8
22101,2010-08-01,3.8,1006.7,92,22.2,20.1,.7,.5,.6,.9,4.8,5.8
22101,2010-08-02,1.9,1006.4,88,22.2,20.4,.5,.3,.4,.6,4.8,7.1
22101,2010-08-03,1,1006.1,81,22.7,20.6,.3,.2,.3,.5,4.4,5.8
22101,2010-08-04,2.4,1007.9,83,23.6,20.6,.2,.1,.3,.5,4.7,5.8
22101,2010-08-05,4.1,1011.2,87,24.5,20.9,.6,.4,.6,1,4.8,5.8
22101,2010-08-06,3.6,1014.5,91,23.2,20.8,.8,.5,.8,1.3,5.1,5.8
22101,2010-08-07,1.9,1013.6,92,22.8,21.3,.6,.4,.6,1.1,4.3,4.9
22101,2010-08-08,2,1010.8,87,23.6,21.8,.5,.3,.5,.8,4.5,5.3
22101,2010-08-09,1.8,1008.7,80,24.3,21.7,.5,.3,.4,.6,4.8,5.8
22101,2010-08-10,2.8,1007.1,81,24.6,21.5,.4,.3,.5,.6,7.5,10.7
22101,2010-08-11,5.6,1002,85,24,21.8,.7,.5,.8,1.3,6.3,10.7
22101,2010-08-12,4.1,1004,89,23.4,21.9,.7,.4,.7,1.3,5.4,8
22101,2010-08-13,2.8,,,,,.9,.6,.9,1.6,5.3,6.4
22101,2010-08-14,5.3,1002.7,91,23.9,22.2,.7,.5,1.4,2.1,4.3,5.8
22101,2010-08-15,3.3,1012.2,91,23.7,22.3,.9,.6,1,1.9,5.1,7.1
22101,2010-08-16,2,1009.6,85,23.1,22.3,.6,.4,.5,.7,4.9,8
22101,2010-08-17,1.8,1011.5,81,23.7,22.5,.3,.2,.3,.4,5.7,8
22101,2010-08-18,3.6,1014.4,88,23.8,22.6,.3,.2,.3,.5,4.9,6.4
22101,2010-08-19,,,,,,,,.6,.8,,6.4
22101,2010-08-20,1.9,1018.3,87,25,23.2,.8,.5,.6,1,5.5,6.4
22101,2010-08-21,2,1016.2,90,24.7,23.2,.7,.4,.6,1,5.5,6.4
22101,2010-08-22,3.5,1013.7,88,24.8,23.1,.7,.4,.6,1.2,4.8,5.3
22101,2010-08-23,3.9,1012,89,24.1,23.2,.7,.5,.7,1.1,4.8,5.3
22101,2010-08-24,2.3,1013.2,80,23.6,23.2,.5,.3,.7,.9,4.6,5.8
22101,2010-08-25,6.6,1012.3,86,22.7,23.1,.7,.5,1.6,2.5,3.7,5.3
22101,2010-08-26,4.9,1011.8,84,24.8,23,.7,.5,.8,1.1,4.8,5.8
22101,2010-08-27,3.8,1013.1,83,25.1,23.2,1.1,.7,1,1.7,6.3,7.1
22101,2010-08-28,6.2,1009.5,83,25.1,23.2,.7,.5,.8,1.4,4.8,6.4
22101,2010-08-29,4.5,1009,90,23.9,23.2,.8,.5,1,1.6,5.4,7.1
22101,2010-08-30,,,,,,,,.5,.7,,5.3
22101,2010-08-31,1.5,1012,86,23.6,23.3,.3,.2,.3,.5,5.7,8
22101,2010-09-01,5.6,1012.5,86,23.9,23.3,.6,.4,.8,1.3,4.4,8
22101,2010-09-02,8.5,1007.4,88,23.8,23.6,2,1.3,3.8,6.8,4.9,10.7
22101,2010-09-03,5.5,1013.7,87,24.6,23.5,.8,.5,.9,1.4,5.5,8
22101,2010-09-04,3.3,1013.8,87,24.8,23.8,1.1,.7,.9,1.4,6,7.1
22101,2010-09-05,2,1012.4,85,25.3,24.3,.5,.3,.5,.7,5,7.1
22101,2010-09-06,2.7,1009.2,84,24.7,23.9,.4,.2,.3,.5,8.5,10.7
22101,2010-09-07,,,,,,,,.5,.8,,9.1
22101,2010-10-21,4.3,1020.3,69,15.7,19.1,.9,.5,1.1,1.9,4.8,5.3
22101,2010-10-22,4.4,1021.6,69,17.8,19,.4,.3,.6,.8,3.9,7.1
22101,2010-10-23,4,1020,63,17.4,18.8,.3,.2,.3,.6,3.9,8
22101,2010-10-24,4.7,1014.3,69,17.8,18.8,.5,.3,1,1.7,4.1,9.1
22101,2010-10-25,12,1017.9,57,11.3,18.5,2.8,1.8,2.8,4.5,5.7,7.1
22101,2010-10-26,10.9,1029.4,46,6.6,17.7,2.4,1.6,2.1,3.9,5.3,6.4
22101,2010-10-27,4,1029.6,44,8.5,17.2,.7,.5,.9,1.3,4.4,6.4
22101,2010-10-28,5.3,1026,47,10,17,.8,.5,1.1,2,4.1,8
22101,2010-10-29,5.9,1027,45,12.3,16.8,.8,.5,.9,1.4,4,4.9
22101,2010-10-30,4.3,1026.8,51,13.7,16.6,.5,.4,.5,.8,3.2,4
22101,2010-10-31,3.7,1023.7,55,14.3,16.5,.5,.3,.8,1.4,3.1,4.9
22101,2010-11-01,7.7,1020.5,62,13.4,16.4,1.4,.9,1.6,2.8,4.2,5.3
22101,2010-11-02,9.4,1023.6,48,8,16.1,2.3,1.4,2,3.6,5.2,6.4
22101,2010-11-03,4.3,1025.2,51,11.1,15.8,1,.7,.9,1.5,5,5.8
22101,2010-11-04,5.2,1023.8,60,14.1,15.6,.9,.6,.8,1.2,5.3,7.1
22101,2010-11-05,4,1023.1,74,14.4,15.5,.6,.4,.5,.8,4.6,5.8
22101,2010-11-06,4.7,1021.8,80,14.5,15.3,.5,.3,.4,.7,4.1,4.9
22101,2010-11-07,6.2,1016.4,76,13.7,15.2,.8,.5,1.1,2,4.4,5.3
22101,2010-11-08,12.5,1014.2,64,9.1,14.9,3.4,2.2,2.8,5,6.4,8
22101,2010-11-09,9.7,1018.7,53,6.6,14.3,2.5,1.6,2.5,3.9,5.6,7.1
22101,2010-11-11,9.4,1022.3,62,12,13.8,1.1,.8,1.5,2.7,4,5.8
22101,2010-11-12,5.1,1021,56,10.8,13.6,2.3,1.5,2.4,4.2,7.3,9.1
22101,2010-11-13,7,1024.9,66,12.4,13.5,1.3,.9,1.3,1.9,5.7,7.1
22101,2010-11-14,9,1029.7,49,6.8,13.3,1.9,1.2,1.6,2.6,4.6,5.8
22101,2010-11-15,7.4,1031.2,53,4.3,13.1,1.6,1.1,1.6,2.6,4.6,5.3
22101,2010-11-16,3.2,1025.9,55,7.6,13,.8,.5,.7,1.2,3.9,5.3
22101,2010-11-17,2.4,1025.3,52,9.8,12.8,.7,.4,.5,.9,4.9,6.4
22101,2010-11-18,,,,,,.3,.2,.4,.5,4.6,5.8
22101,2010-11-19,2.9,1020.2,52,9.9,12.6,.4,.2,.5,.8,4,4.9
22101,2010-11-20,4.1,1017.7,68,11.2,12.5,.8,.5,.7,1.2,5.1,5.8
22101,2010-11-21,6.4,,78,12.5,12.5,.7,.4,.9,1.7,3.9,4.9
22101,2010-11-22,8.8,1015.5,56,7.4,12.3,2.1,1.3,1.6,3,5,6.4
22101,2010-11-23,3,1021.8,53,6.1,12.1,.7,.4,1,1.5,4.6,5.8
22101,2010-11-24,2.6,1021.7,57,8.7,12,.3,.2,.3,.5,3.7,5.3
22101,2010-11-25,8.6,1022.2,57,5.3,11.8,1.9,1.2,1.8,3,4.7,5.8
22101,2010-11-26,4.3,1022.3,40,3.7,11.5,1,.6,1,1.6,5.5,7.1
22101,2010-11-27,10.1,1016.5,56,6.6,11.3,2.8,1.7,3.1,5.3,6,9.1
22101,2010-11-28,6.2,1024.5,59,3.2,11,1.7,1.1,2,3.6,6.9,9.1
22101,2010-11-29,4.9,1022.8,60,6.5,10.7,1.4,.9,1.4,2.3,6,7.1
22101,2010-11-30,3.6,1018.7,84,10.1,10.7,1,.6,.7,1.2,5.2,5.8
22101,2010-12-01,4.4,1019.2,80,9.9,10.6,.8,.5,.7,1.1,5.1,6.4
22101,2010-12-02,6.9,1013.8,77,11.3,10.7,1.3,.8,1.6,2.5,5.2,6.4
22101,2010-12-03,11,1019.6,64,2.5,10.5,3.2,2,2.7,4.4,6.5,8
22101,2010-12-04,6.7,1020,71,7.8,10.3,1.4,.9,1.4,2.2,5.2,6.4
22101,2010-12-05,6.3,1016.5,83,11,10.2,1.6,1,1.4,2.1,6.7,8
22101,2010-12-06,9.6,1018.8,67,4,10,2.5,1.5,2,3.4,5.6,7.1
22101,2010-12-07,5.4,1018.8,51,2,9.7,1.4,.8,1.7,3,5.6,7.1
22101,2010-12-08,7.5,1010.8,59,4.6,9.5,1.9,1.1,2.1,3.7,5.1,7.1
22101,2010-12-09,5.6,1018,47,2.1,9.2,1.5,1,1.9,3.2,5.1,7.1
22101,2010-12-10,9.9,1009.9,69,7.1,9,2.1,1.4,2.5,4,5.9,9.1
22101,2010-12-11,7,1021.7,57,-.7,8.8,2.5,1.5,2.6,5.1,6.9,9.1
22101,2010-12-12,5.7,1024.3,48,2.1,8.5,.7,.5,.7,1,4.3,8
22101,2010-12-13,5.4,1018.1,55,5.4,8.4,.8,.5,1.3,2.3,3.1,4.6
22101,2010-12-14,10.2,1024.1,65,-1.8,8.3,2.9,1.7,2.2,3.6,5.5,6.4
22101,2010-12-15,8.3,1025.3,66,-6.5,7.9,2.2,1.3,2.1,3.5,5,6.4
22101,2010-12-16,4.3,1019.3,70,-3.9,7.7,1.5,.9,1.3,2.1,6.1,7.1
22101,2010-12-17,7,1014.4,59,3.5,7.5,2.2,1.3,1.6,3,6.5,7.1
22101,2010-12-18,6.1,1020.6,65,4.9,7.3,1.3,.8,1.1,1.7,6,7.1
22101,2010-12-19,6.4,1017.3,79,7.9,7.3,1.7,1.1,1.5,2.3,6.7,8
22101,2010-12-20,3.7,1019.5,80,4.8,7.2,1,.6,1.1,1.7,6.2,8
22101,2010-12-21,4.8,1014.4,68,5.2,7.1,.5,.3,.4,.8,4,5.3
22101,2010-12-22,,,,,,,,.5,.8,,5.8
22101,2010-12-23,8,1024.4,61,-.1,7,1.7,1,2,3,4.6,6.4
22101,2010-12-24,10.1,1029.1,67,-8.2,6.5,2.6,1.6,2,3.6,5.5,6.4
22101,2010-12-25,8.4,1022.1,71,-6.7,6.1,2.1,1.3,1.7,3,5.2,7.1
22101,2010-12-26,5.4,1013.4,71,-5,5.7,1.5,1,1.6,2.6,6.5,8
22101,2010-12-27,5.3,1011.9,61,2.1,5.5,2.3,1.4,1.8,3.4,7.1,8
22101,2010-12-28,7.3,1010.8,75,.8,5.3,2.3,1.4,2.4,3.9,6.4,8
22101,2010-12-29,5.2,1018.8,66,-1.9,5.3,1.8,1.1,1.7,3,6.3,8
22101,2010-12-30,9.4,1011.8,70,-2.1,5.1,2.8,1.8,2.6,4.3,6.9,8
22101,2010-12-31,8.8,1015.3,64,-4.3,4.9,2.5,1.5,1.9,3.2,6.9,9.1
22101,2011-01-01,3.6,1023.2,,,4.6,1.7,1,1.4,2.5,7.4,9.1
22101,2011-01-02,,1028.1,,,4.7,1.1,.7,.9,1.5,5.3,6.4
22101,2011-01-03,,1023.9,,,4.5,.7,.5,.7,1.2,4.7,6.4
22101,2011-01-04,,1022.3,,,4.4,1.2,.8,1.1,1.7,5.1,7.1
22101,2011-01-05,,1022.2,,,4.3,2.3,1.4,1.8,2.9,6,7.1
22101,2011-01-06,,1027.1,,,4,2,1.2,1.5,2.2,5.1,6.4
22101,2011-01-07,,1029.3,,,3.8,1.4,.8,1.4,2.2,4.9,6.4
22101,2011-01-08,,1024.7,,,3.8,1.1,.7,1.2,2.1,5.1,5.8
22101,2011-01-09,,1027.5,,,3.6,2.3,1.4,1.8,2.9,5.4,6.4
22101,2011-01-10,,1027.3,,,3.4,1,.6,1.1,1.8,5.1,6.4
22101,2011-01-11,,1018.1,,,3.4,1.4,.8,1.6,2.7,5.1,7.1
22101,2011-01-12,,1023.9,,,3.2,1.9,1.1,1.9,3.3,5.5,7.1
22101,2011-01-13,,1026.5,,,3.1,.6,.4,.7,1.2,4,5.3
22101,2011-01-14,,1026.2,,,3,1.8,1.1,1.4,2.5,5.5,7.1
22101,2011-01-15,,1028.4,,,2.8,3.2,1.9,2.3,4.4,5.7,7.1
22101,2011-01-16,,1029,,,2.5,2.6,1.5,2,3.4,5.4,6.4
22101,2011-01-17,,1031.5,,,2.3,1.6,1,1.5,2.4,5.1,6.4
22101,2011-01-18,,1029.6,,,2,1,.7,1,1.6,5.4,6.4
22101,2011-01-19,,1028.7,,,1.7,1.1,.7,1.5,2.3,6.1,8
22101,2011-01-20,,1027.7,,,1.6,1.5,.9,1.3,2.5,5.2,6.4
22101,2011-01-21,,1026.9,,,1.5,.7,.4,.7,1.3,4.4,5.3
22101,2011-01-22,,1027.3,,,1.4,1,.6,.9,1.7,5,7.1
22101,2011-01-23,,1024.8,,,1.4,1.4,.9,1.9,3.2,5.2,8
22101,2011-01-24,,1028,,,1.3,2,1.2,1.6,2.5,5.7,8
22101,2011-01-25,,1031.8,,,1.3,1.1,.7,.9,1.7,5.3,7.1
22101,2011-01-26,,1036.4,,,,1.3,.8,1.2,2,4.3,5.8
22101,2011-01-27,,1038.6,,,,1.5,.9,1.1,2.2,4.4,5.3
22101,2011-01-28,,1034,,,,1,.6,.9,1.5,3.9,4.9
22101,2011-01-29,,1030,,,,1.6,1,1.5,2.7,4.4,6.4
22101,2011-01-30,,1030.1,,,,2,1.2,1.6,2.5,5.2,7.1
22101,2011-01-31,,1028.1,,,,1.4,.9,1.3,2.4,5.8,6.4
22101,2011-02-01,,1024.8,,,,1.1,.7,1,1.7,5.8,6.4
22101,2011-02-02,,1023.3,,,,.5,.3,.5,.8,4.8,5.8
22101,2011-02-03,,1021.7,,,,.4,.2,.3,.6,4.1,4.9
22101,2011-02-04,,1020.6,,,,.6,.3,.5,.8,4.6,5.3
22101,2011-02-05,,1022,,,,.5,.3,.6,.9,4,5.8
22101,2011-02-06,,1017.3,,,,.4,.2,.5,.9,4.3,5.3
22101,2011-02-07,,1018.2,,,,.5,.3,.6,1,4.8,9.1
22101,2011-02-08,,1011.7,,,,.3,.2,.8,1.1,4.3,9.1
22101,2011-02-09,,1018.9,,,,1.8,1.2,1.5,2.4,4.7,5.8
22101,2011-02-10,,1021.7,,,,1.1,.7,1.1,1.7,4.3,5.3
22101,2011-02-11,,1021.2,,,,1.7,1.1,1.7,2.7,4.9,6.4
22101,2011-02-12,,1025,,,,2.1,1.3,1.8,2.9,5.2,6.4
22101,2011-02-13,,1026.2,,,,.9,.5,1,1.6,4.3,5.3
22101,2011-02-14,,1025.9,,,,.9,.5,1,1.6,4.1,5.3
22101,2011-02-15,,1030.4,,,,.8,.5,.9,1.4,5.6,6.4
22101,2011-02-16,,1025.9,,,,.4,.3,.4,.7,4.5,5.3
22101,2011-02-17,,1019.4,,,,.8,.4,1,1.6,3.9,5.8
22101,2011-02-18,,1023.8,,,,.9,.5,.9,1.6,5,7.1
22101,2011-02-19,,1025.5,,,,.5,.3,.5,.8,4.4,5.8
22101,2011-02-20,,,,,,.2,.1,.2,.4,4.1,6.4
22101,2011-02-21,,1026.5,,,,.3,.2,.3,.6,3.3,5.8
22101,2011-02-22,,,,,,,,.1,.3,,8
22101,2011-02-23,,,,,,,,.1,.2,,6.4
22101,2011-02-24,1.4,1020.3,88,1.8,2.6,.2,.1,.2,.4,4.2,6.4
22101,2011-02-25,6.4,1028,51,1.1,3,1.2,.8,1.4,1.7,4.2,4.9
22101,2011-02-26,4.1,1026.6,66,2.9,2.8,.5,.3,.7,1.1,3.3,5.3
22101,2011-02-27,8,1016.5,87,4.1,3,.8,.5,1.1,1.6,3.7,8
22101,2011-02-28,7,1017.5,80,1.8,2.9,1,.7,1.1,1.8,4.2,6.4
22101,2011-03-01,7.7,1017,69,.2,2.7,1.9,1.3,1.7,2.5,5.3,6.4
22101,2011-03-02,8.2,1022.4,41,-.6,2.5,1.8,1.2,1.5,2.5,5,5.8
22101,2011-03-03,7.3,1023.8,46,-.3,2.4,1.6,1,1.3,2,4.7,5.8
22101,2011-03-04,5.4,1025.7,57,1.3,2.4,1.1,.7,1.1,1.6,4.4,5.8
22101,2011-03-05,3.5,1023.5,80,2.3,2.4,.6,.4,.6,.9,4.7,5.3
22101,2011-03-06,3,1018.8,82,2.6,2.5,.8,.5,.7,1.2,4.8,5.8
22101,2011-03-07,8.4,1017.6,55,1.9,2.6,1.8,1.3,1.9,2.8,5.1,5.8
22101,2011-03-08,6,1020.1,63,2.3,2.6,1.3,.9,1.3,2.2,5.3,6.4
22101,2011-03-09,7.3,1025.8,48,1.6,2.7,1.5,1,1.3,2,4.8,5.3
22101,2011-03-10,5.2,1023.6,66,2.4,2.7,1.3,.8,1.2,2.1,5.3,7.1
22101,2011-03-11,4.3,1022.7,82,3.3,2.8,1,.6,1.1,1.6,5.5,7.1
22101,2011-03-12,5.5,1020.1,80,4.3,2.5,.7,.5,.7,1.1,4.2,5.3
22101,2011-03-13,3.6,1019.2,89,4.3,2.1,1,.7,.8,1.7,5.6,6.4
22101,2011-03-14,3.6,1019,84,3.1,2.2,1,.7,1.4,2.3,5.4,6.4
22101,2011-03-15,10.4,1020.1,49,1.4,2.2,2.6,1.7,2.1,4.2,5.6,6.4
22101,2011-03-16,7.1,1022.9,45,.9,2.2,1.7,1.1,1.9,3.1,5.2,5.8
22101,2011-03-17,5.4,1026.3,46,1.8,2.3,1.1,.8,1.2,1.7,5.1,6.4
22101,2011-03-18,6.2,1022.8,66,3.7,2.4,.9,.6,1.3,2,5,6.4
22101,2011-03-19,3.1,1018.9,80,4.4,2.5,1.2,.8,1.3,1.7,6.5,8
22101,2011-03-20,3.4,1015.5,78,3.9,2.7,.4,.3,.6,.8,4.6,6.4
22101,2011-03-21,4.2,1018.5,68,4.2,2.7,.7,.5,1.1,1.6,4.1,5.8
22101,2011-03-22,10.1,1024.9,41,2.1,2.7,2.1,1.4,2,2.9,5.4,5.8
22101,2011-03-23,5.9,1025.2,51,2.9,2.8,1.1,.7,1,1.6,4.8,5.8
22101,2011-03-24,4.6,1022.4,77,2.8,2.8,1.2,.7,1.2,2,5.4,6.4
22101,2011-03-25,9.2,1025.8,50,2.7,2.9,2.1,1.4,1.9,2.8,5.3,7.1
22101,2011-03-26,4.4,1028.4,70,3.7,3,.9,.6,.9,1.3,4.3,4.9
22101,2011-03-27,5.5,1024.9,75,4.1,3.1,.9,.6,1,1.6,3.9,4.9
22101,2011-03-28,3.9,1025.2,81,3.7,3.2,.8,.5,.7,1.1,4.1,5.3
22101,2011-03-29,3.5,1025.4,74,4.1,3.3,.7,.4,.8,1.4,3.5,4.3
22101,2011-03-30,3.3,1022.6,80,4.7,3.4,.9,.6,.8,1.3,4.7,5.8
22101,2011-03-31,3.6,1022.9,89,3.1,3.5,.7,.4,.6,1,4.7,5.3
22101,2011-04-01,1.2,1022.5,87,3.5,3.6,.3,.2,.3,.5,3.8,4.6
22101,2011-04-02,1.4,1021,84,4,3.6,.4,.3,.4,.6,4.3,5.8
22101,2011-04-03,1.5,1021.2,74,5.1,3.8,.5,.3,.4,.7,4.6,5.3
22101,2011-04-04,1.3,1025.3,78,5.1,3.8,.3,.2,.3,.4,4.4,5.3
22101,2011-04-05,.7,1027.2,83,4.6,4,.2,.2,.2,.4,4,7.1
22101,2011-04-06,1.8,1024.4,75,5.3,4.1,.2,.1,.2,.3,4.6,8
22101,2011-04-07,2.8,1017.8,89,6,4.1,.2,.1,.2,.3,4.8,8
22101,2011-04-08,2.7,1020.2,83,5.6,4.3,.4,.3,.4,.6,3.3,4
22101,2011-04-09,4.8,1021.1,90,4.3,4.3,.6,.4,.7,1.1,3.7,4.9
22101,2011-04-10,4.6,1016.9,82,5.8,4.4,1,.7,.8,1.3,4.9,5.8
22101,2011-04-11,5.7,1018.7,67,6.2,4.5,1.1,.7,1,1.5,4.6,5.8
22101,2011-04-12,4,1019.6,79,5.8,4.7,.7,.5,.6,.9,4.1,5.8
22101,2011-04-13,4.6,1018,81,6.1,4.8,.6,.4,.6,.9,3.6,4.3
22101,2011-04-14,2.9,1012.9,74,6.6,5,.6,.4,.5,.7,4.6,5.3
22101,2011-04-15,4.2,1007.4,88,6.8,5.1,.7,.4,.8,1.3,4.6,5.8
22101,2011-04-16,4.2,1015.4,60,7,5.3,1,.7,1.2,1.8,4.4,5.8
22101,2011-04-17,2.8,1011.2,75,6.7,5.3,.3,.2,.4,.6,3.9,6.4
22101,2011-04-18,6,1006.7,76,6.1,5.4,1.5,1,1.9,2.9,5.8,8
22101,2011-04-19,3.1,1015,75,7,5.5,.8,.5,1,1.5,5.5,7.1
22101,2011-04-20,4.9,1018.9,74,7.2,5.7,.6,.4,.5,1.1,4.3,5.8
22101,2011-04-21,3.9,1016.8,59,8.9,5.7,.5,.4,.5,.8,4.4,6.4
22101,2011-04-22,3.8,1009.3,82,7.6,5.8,.7,.5,.6,1.1,5.8,7.1
22101,2011-04-23,5.9,1010.1,76,7.1,5.9,1.2,.8,1.1,1.7,4.7,5.8
22101,2011-04-24,5.3,1010,78,7.3,6.1,.9,.6,.8,1.2,4,4.6
22101,2011-04-25,5.5,1009.7,76,8.1,6.3,1,.7,.9,1.4,4.6,4.9
22101,2011-04-26,5.9,1002.5,74,9.5,6.3,1,.6,1.1,1.8,5.1,8
22101,2011-04-27,5.2,1002.4,78,8.2,6.5,1.3,.9,1.6,2.7,5.8,8
22101,2011-04-28,4.8,1009.6,75,7.9,6.6,1.4,.9,1.3,2,5,6.4
22101,2011-04-29,6.5,1009.7,65,9.7,6.6,1,.6,1.4,2.2,4.4,6.4
22101,2011-04-30,7,1001.6,89,9.8,6.8,2.1,1.4,1.9,3.1,8.2,9.1
22101,2011-05-01,5.8,1006.8,82,8.3,6.9,1.6,1.1,1.5,2.2,6.5,9.1
22101,2011-05-02,2.2,1014,76,8.8,7.2,.7,.4,.7,1.2,5.1,8
22101,2011-05-03,3.9,1013.4,75,9,7.3,.6,.3,.7,1.2,4.5,7.1
22101,2011-05-04,1.2,1015.6,74,9.6,7.4,.4,.3,.5,1,3.9,5.3
22101,2011-05-05,1.8,1015.1,67,10.2,7.6,.2,.1,.2,.3,3.8,5.3
22101,2011-05-06,4.2,1009.5,74,10.9,7.7,.5,.3,.6,1.1,4.4,8
22101,2011-05-07,2.6,1009.1,91,9.3,7.7,.6,.4,.8,1.3,5,5.8
22101,2011-05-08,1.1,1013.6,93,8.6,7.8,.3,.2,.3,.5,4.7,10.7
22101,2011-05-09,6.4,1007.1,89,11.6,7.9,.9,.6,1.3,2.3,4.7,7.1
22101,2011-05-10,2.7,1005.1,,11.5,8,.6,.4,.5,.8,6.1,7.1
22101,2011-05-11,5.6,1003.1,81,14.3,8.2,.5,.3,.5,.9,5.9,10.7
22101,2011-05-12,4.5,1003.6,73,11.6,8.3,.8,.5,1.3,2.3,7.6,10.7
22101,2011-05-13,6.6,1005.3,71,10.6,8.5,1.8,1.2,1.4,2.8,5.7,7.1
22101,2011-05-14,6,1010.2,68,11.2,8.7,1.2,.8,1.3,2.1,5.2,5.8
22101,2011-05-15,7.3,1011.6,69,11.8,8.9,1.1,.7,.9,1.5,4.5,5.3
22101,2011-05-16,2,1014.2,76,10.7,9.2,.7,.5,.6,1,5,5.8
22101,2011-05-17,2.2,1012.3,71,11.2,9.3,.3,.2,.3,.7,4.4,5.8
22101,2011-05-18,8.1,1010.9,77,13.1,9.3,1.3,.9,1.5,2.6,5.4,7.1
22101,2011-05-19,9.3,1011,77,14.1,9.5,2.1,1.4,1.8,2.7,7.2,9.1
22101,2011-05-20,4.5,1011.2,90,11.6,9.7,1,.6,1.1,1.7,6.5,7.1
22101,2011-05-21,2,1012.5,87,10.9,9.7,.4,.3,.4,.6,4.5,5.8
22101,2011-05-22,1.8,1015.7,80,11.5,9.8,.4,.2,.4,.7,4,4.6
22101,2011-05-23,2.3,1015.7,72,12.4,10,.3,.2,.4,.6,4.1,7.1
22101,2011-05-24,2.1,1016.4,68,13.2,10.3,.4,.2,.4,.6,3.4,5.8
22101,2011-05-25,2.8,1014.8,67,14.6,10.2,.3,.2,.3,.4,4.4,8
22101,2011-05-26,2.5,1015.3,60,15.3,10.3,.2,.1,.3,.5,4.6,9.1
22101,2011-05-27,2,1013.4,70,14.3,10.7,.3,.2,.4,.7,6.6,10.7
22101,2011-05-28,1.7,1013.4,78,13.3,10.9,.4,.2,.4,.5,5.8,9.1
22101,2011-05-29,3.2,1011,71,14.3,10.9,.4,.3,.5,.8,8.1,12.8
22101,2011-05-30,2.8,1010.6,68,14,11.1,.3,.2,.5,.6,7.9,12.8
22101,2011-05-31,3.8,1007.5,68,15,11.1,.6,.4,.7,1.2,4.5,5.8
22101,2011-06-01,4.4,1008.2,87,12.7,11.2,.8,.6,.8,1.2,5.9,7.1
22101,2011-06-02,1.6,1012.8,89,12.1,11.4,.4,.3,.4,.7,4.6,5.8
22101,2011-06-03,4.4,1009.9,88,12.5,11.5,.6,.4,.7,1.1,4.2,5.3
22101,2011-06-04,2.8,1009.3,91,13,11.7,1,.6,1,1.7,5.7,6.4
22101,2011-06-05,1.9,1009.4,90,12.7,11.9,.5,.3,.4,.9,4.6,5.3
22101,2011-06-06,1.2,1008.3,92,11.1,11.9,.4,.3,.4,.7,3.6,4.6
22101,2011-06-07,1.9,1003.9,80,13.4,12,.3,.2,.2,.4,3.7,4.9
22101,2011-06-08,5.2,1003.8,85,14.2,12.1,.8,.5,1.1,1.7,4.4,6.4
22101,2011-06-09,2.4,1005.6,88,13.6,12.3,1.2,.8,1.5,1.8,6.1,7.1
22101,2011-06-10,2.5,1004.9,89,14.5,12.3,.4,.2,.4,.5,5,6.4
22101,2011-06-11,1.8,1004.7,79,15.2,12.7,.4,.3,.4,.6,3.2,5.8
22101,2011-06-12,1.5,1005.1,82,15,12.9,.3,.2,.3,.5,7,9.1
22101,2011-06-13,2.3,1006.7,91,13.4,12.9,.5,.3,.5,.7,4.6,8
22101,2011-06-14,2.2,1009.4,93,13.5,13.1,.4,.3,.5,.8,4.7,6.4
22101,2011-06-15,1.7,1008.9,83,15,13.4,.2,.1,.2,.4,5.2,7.1
22101,2011-06-16,1.6,1007.8,71,16.8,13.4,.2,.1,.2,.3,4.8,9.1
22101,2011-06-17,1.9,1009.3,76,16.1,13.6,.2,.2,.2,.4,6.3,7.1
22101,2011-06-18,1.5,1007.8,82,15.6,13.8,.3,.2,.2,.3,5.9,8
22101,2011-06-19,1.2,1007.8,80,16.5,14,.2,.2,.3,.4,4,6.4
22101,2011-06-20,1.9,1008,80,16.4,14,.3,.2,.3,.4,3.8,7.1
22101,2011-06-21,2.9,1010.2,91,15.4,14.2,.3,.2,.3,.5,3.7,5.3
22101,2011-06-22,3.6,1005.5,92,16.6,14.2,.5,.3,.4,.7,4.4,5.8
22101,2011-06-23,7,998.6,,17,14.4,1.1,.7,1.2,1.8,4.9,7.1
22101,2011-06-24,2.5,1004.1,90,16.5,14.6,.8,.6,.9,1.5,5.7,8
22101,2011-06-25,6.8,1008.7,82,17.8,14.6,.7,.5,.8,1.4,3.4,7.1
22101,2011-06-26,12.1,997.8,79,18.5,14.6,1.9,1.3,2,3.3,5.8,12.8
22101,2011-06-27,8.9,1003.1,84,16.6,14.6,2.4,1.6,2.1,3.5,7.6,10.7
22101,2011-06-28,2.9,1010,85,17.7,15.1,.9,.6,1,1.6,6.6,9.1
22101,2011-06-29,4.7,1010,90,18.1,15,.6,.4,.7,1.1,6,9.1
22101,2011-06-30,4.9,1008.7,,18.3,15,.8,.5,.7,1.1,5.8,8
22101,2011-07-01,.9,1006.2,,17,15.1,.5,.3,.4,.6,6.1,7.1
22101,2011-07-02,2.3,1002.9,,17.8,15.3,.3,.2,.3,.4,5.2,6.4
22101,2011-07-03,4.2,997.8,,17.5,15.3,.4,.3,.4,.7,3.9,4.9
22101,2011-07-04,2,1001.5,,17.4,15.5,.8,.5,.6,1.3,4.4,5.3
22101,2011-07-05,,,,,,,,.5,.8,,5.8
22101,2011-07-06,1.9,1000.7,,17.6,15.8,.3,.2,.2,.3,6.1,8
22101,2011-07-07,2.7,998.9,,,15.9,.4,.2,.3,.6,5,8
22101,2011-07-08,,1004.4,,,16.1,.5,.3,.4,.6,7,8
22101,2011-07-09,,,,,16.3,.4,.2,.3,.5,5.6,9.1
22101,2011-07-10,,1011.1,,,16.4,.4,.2,.5,.8,6.7,9.1
22101,2011-07-11,,1012.1,,,16.4,.5,.3,.4,.6,8.4,9.1
22101,2011-07-12,,1010.1,,,16.9,.5,.3,.5,.7,7.1,9.1
22101,2011-07-13,6.3,1007.5,94,20.1,17.3,1,.6,.9,1.6,4.9,8
22101,2011-07-14,4.4,1008.3,95,19.8,17.5,.9,.6,1,1.8,5.5,7.1
22101,2011-07-15,4.2,1008.5,96,18.8,17.5,.9,.6,.7,1.3,5.2,6.4
22101,2011-07-16,3,1007.9,96,19.3,17.7,.4,.2,.4,.6,5.4,7.1
22101,2011-07-17,3.3,1006.7,96,19.3,17.8,.5,.3,.5,.9,4.5,6.4
22101,2011-07-18,2.8,1003.6,90,21.7,18,.3,.2,.2,.4,5.4,7.1
22101,2011-07-19,5.2,999.1,78,22.8,18.2,.4,.3,.4,.6,2.8,4.3
22101,2011-07-20,5.2,1002.1,77,22.2,18.5,.3,.2,.3,.5,4.5,9.1
22101,2011-07-21,2.6,1005.3,84,21.1,18.7,.3,.2,.3,.5,6.2,9.1
22101,2011-07-22,2.7,1007,95,20.1,18.9,.4,.3,.3,.6,6.2,9.1
22101,2011-07-23,2,1007.7,96,19.7,19,.4,.2,.3,.5,5.3,8
22101,2011-07-24,2.7,1007.6,96,20.6,19.3,.4,.2,.3,.5,4,5.8
22101,2011-07-25,2.7,1009.3,88,21.7,19.7,.4,.3,.4,.6,3.8,4.6
22101,2011-07-26,,,,,,,,.9,1.5,,5.8
22101,2011-07-27,6,1008.1,95,22.1,19.3,1.1,.7,.9,1.4,5.3,8
22101,2011-07-28,6.3,1008.1,93,22.6,19.3,1.4,.8,1.2,2,7,8
22101,2011-07-29,1.4,1007.8,96,21.5,20.2,.7,.4,.5,.9,6.2,9.1
22101,2011-07-30,2.2,1005.5,96,21.4,19.8,.4,.3,.3,.6,6.6,9.1
22101,2011-07-31,3.7,1003.9,95,21.5,19.8,.7,.4,.8,1.4,5.1,8
22101,2011-08-01,.5,1006,94,21.1,20,.5,.3,.5,.8,4.6,6.4
22101,2011-08-02,.8,1008.6,93,21.3,20.4,.2,.1,.2,.4,5.3,10.7
22101,2011-08-03,2.9,1007.6,95,21.6,20.3,.2,.1,.3,.4,6.9,10.7
22101,2011-08-04,2.9,1007.7,94,22.4,20.3,.6,.4,.6,1.1,5,5.8
22101,2011-08-05,2.2,1007.9,89,22.9,20.5,.4,.3,.4,.7,5.7,10.7
22101,2011-08-06,2.7,1007.2,78,25.2,20.8,.3,.2,.3,.5,9,10.7
22101,2011-08-07,9,1003.3,74,26.4,20.8,1.1,.7,1.5,2.4,10.7,12.8
22101,2011-08-08,14.9,997.8,90,22.6,20.9,4.2,2.6,3.9,6.2,9.2,12.8
22101,2011-08-09,5.6,1007.6,93,22.1,21.2,1.6,1,1.4,2.6,6.3,8
22101,2011-08-10,2.3,1009.9,96,21.5,21.4,.5,.3,.4,.7,4.9,6.4
22101,2011-08-11,2.3,1008.8,96,21.9,21.4,.3,.2,.2,.5,4.9,6.4
22101,2011-08-12,3.3,1005.4,96,22,21.3,.3,.2,.3,.4,4.6,6.4
22101,2011-08-13,6.9,1004,92,22.7,21.2,1,.6,.8,1.3,4.7,5.8
22101,2011-08-14,4.1,,96,21.8,21.3,.7,.4,.6,1,4.8,8
22101,2011-08-15,3.1,1006.3,96,21.8,21.4,.5,.3,.4,.8,6.4,8
22101,2011-08-16,5.3,1003,96,22.2,21.5,.6,.4,.6,1,5,7.1
22101,2011-08-17,2.1,1002.6,96,21.9,21.6,.5,.3,.5,.8,4.9,7.1
22101,2011-08-18,2.5,1007,90,22.4,21.8,.5,.3,.4,.6,4.9,8
22101,2011-08-19,2.3,1011.1,90,22.2,21.9,.5,.3,.4,.6,4.3,6.4
22101,2011-08-20,3.5,1012,88,21.8,21.9,.7,.4,.5,1,4.2,5.3
22101,2011-08-21,2.4,1011.2,87,22,22.1,.4,.3,.4,.5,4.4,5.3
22101,2011-08-22,1.5,1010.7,84,22.8,22.3,.3,.2,.3,.5,4,6.4
22101,2011-08-23,2.6,1010.2,83,22.8,22.4,.2,.1,.2,.5,3.3,9.1
22101,2011-08-24,2.5,1011.8,77,23.3,22.2,.2,.1,.3,.5,3.8,6.4
22101,2011-08-25,1.6,1014.3,83,23.2,22.1,.2,.1,.2,.3,4.7,5.8
22101,2011-08-26,3.6,1015.3,78,24.3,22.1,.3,.1,.2,.4,2.8,4.6
22101,2011-08-27,2.3,1014.5,84,23.9,22.2,.2,.1,.2,.4,3.6,6.4
22101,2011-08-28,2.1,1013.2,89,23.7,22.3,.3,.2,.2,.4,6.6,10.7
22101,2011-08-29,1.3,1012.6,93,23.3,22.4,.5,.3,.4,.6,7.8,10.7
22101,2011-08-30,2,1010.1,93,23.4,22.5,.4,.3,.4,.6,8.9,10.7
22101,2011-08-31,2.7,1007,89,23.6,22.6,.4,.2,.3,.5,8.7,10.7
22101,2011-09-01,3.7,1005.6,89,23.6,22.8,.5,.3,.4,.6,6.8,9.1
22101,2011-09-02,4.3,1004.1,87,23.7,22.9,.7,.5,.9,1.2,4.8,6.4
22101,2011-09-03,7,1006.8,70,24,22.8,.8,.5,.9,1.4,4.1,5.8
22101,2011-09-04,6.9,1008.1,64,23.5,22.8,.8,.5,1,1.4,3.6,5.3
22101,2011-09-05,5.5,1006.8,69,22.8,22.9,.9,.6,.9,1.6,4.1,4.9
22101,2011-09-06,5.3,1006.2,64,22.6,22.9,1.2,.8,1.5,2.3,5,6.4
22101,2011-09-07,2.6,1007.1,68,22.4,22.9,.7,.5,.8,1.3,4.3,4.9
22101,2011-09-08,3.9,1011.4,63,21.9,22.7,.6,.4,.5,.9,3.5,4.6
22101,2011-09-09,1.4,1017.5,71,21.1,22.6,.4,.3,.4,.6,4,4.9
22101,2011-09-10,4.7,1019.6,74,22.2,22.5,.4,.3,.4,.6,3.1,4
22101,2011-09-11,4.4,1016.9,83,21.7,22.2,.4,.3,.5,.9,3.5,8
22101,2011-09-12,4.5,1016.3,82,22.2,22.2,.4,.2,.4,.7,3,4.3
22101,2011-09-13,3.1,1014.4,78,22.6,22.2,.3,.2,.4,.6,3.3,4.9
22101,2011-09-14,3.2,1012.8,89,22.6,22.2,.3,.2,.3,.4,4.8,9.1
22101,2011-09-15,3,1011.3,89,23.2,22.3,.6,.4,.5,.8,4.2,5.3
22101,2011-09-16,1.9,1008.6,91,22.9,22.4,.6,.4,.5,.9,4.7,5.8
22101,2011-09-17,5.6,1007.9,86,22.8,22.3,.8,.5,1.1,1.9,4.2,7.1
22101,2011-09-18,8.8,1012.3,77,20.8,22.2,1.8,1.2,1.5,2.6,4.7,5.3
22101,2011-09-19,,,,,,,,.7,1,,4.3
22101,2011-09-20,7.2,1013.9,56,18.9,21.8,.8,.5,.9,1.5,3.6,4.6
22101,2011-09-21,7.7,1010.8,55,19.2,21.6,1.2,.8,1.3,2,3.8,4.9
22101,2011-09-22,,,,,,,,1.2,1.9,,5.3
22101,2011-09-23,3.2,1015.4,69,20.2,21.6,.6,.4,.7,1,3.7,4.6
22101,2011-09-24,3.6,1018.8,72,20,21.3,.4,.3,.4,.6,3.7,5.3
22101,2011-09-25,,,,,,,,.2,.4,,4.6
22101,2011-09-26,3,1020.5,74,20.9,21.1,.3,.2,.3,.6,3.8,6.4
22101,2011-09-27,2.8,1018.4,70,21.3,21.1,.3,.2,.3,.5,4.6,8
22101,2011-09-28,3.2,1017.4,71,20.7,21,.3,.2,.4,.5,6.2,12.8
22101,2011-09-29,5.9,1012.8,80,18.7,20.8,.6,.4,.7,1,6.2,10.7
22101,2011-09-30,9.5,1018.7,57,16.1,,1.8,1.2,1.6,2.7,5,5.8
22101,2011-10-01,6,1022.9,54,14.6,,1.1,.7,1.1,1.8,4.5,5.8
22101,2011-10-02,7.4,1024.7,50,,,1.4,.9,1.5,2.2,4.4,5.3
22101,2011-10-03,4.2,1025.3,44,,,.9,.6,.9,1.6,5.3,6.4
22101,2011-10-04,1.8,1022.7,51,,,.4,.3,.3,.5,4,5.3
22101,2011-10-05,4,,,,,.4,.3,.4,.6,3.5,5.3
22101,2011-10-06,7.9,1015.3,67,17.6,,1.6,1.1,1.5,2.3,4.7,5.8
22101,2011-10-07,4.4,1020.2,62,17.1,,.9,.6,1.2,1.5,4.5,5.8
22101,2011-10-08,1.7,1023,65,17.3,,.4,.3,.5,1,3.5,4.3
22101,2011-10-09,2.3,1022.6,70,18.1,,.3,.2,.3,.4,4,4.9
22101,2011-10-10,2.8,1022.1,73,17.8,,.4,.3,.6,.9,3.8,4.9
22101,2011-10-11,5.7,1020.6,52,17.6,,.9,.6,.9,1.3,3.9,4.9
22101,2011-10-12,3.7,1018.3,53,17.6,,.6,.4,.8,1.1,3.8,4.9
22101,2011-10-13,2.1,1015.5,70,17.9,18.8,.3,.2,.4,.5,4.2,7.1
22101,2011-10-14,2.2,1012.4,76,16.4,18.8,.3,.2,.3,.4,3.9,6.4
22101,2011-10-15,6.6,1008.4,72,16.2,18.5,1,.6,1.9,3.3,4.5,7.1
22101,2011-10-16,8.3,1010.6,58,17.2,18.5,2.6,1.7,2.4,3.3,7,8
22101,2011-10-17,8.3,1019.5,40,13.6,17.9,1.9,1.2,1.6,2.8,5.2,6.4
22101,2011-10-18,5.2,1025.9,36,11.8,17.5,.8,.6,.9,1.4,4,4.9
22101,2011-10-19,3.5,,,,,,.3,.4,.6,3.3,4.3
22101,2011-10-20,,,,,,,,.4,.6,,5.3
22101,2011-10-21,4.7,1019.5,66,17.6,17.8,.4,.3,.4,.6,2.5,3.4
22101,2011-10-22,4.9,1015.7,73,17.1,17.8,.7,.4,.5,.8,3.2,4
22101,2011-10-23,2.4,1018.1,76,17.1,17.8,.4,.3,.4,.8,3.6,4.6
22101,2011-10-24,7.7,1017.6,69,13.9,17.3,1.5,1,1.9,3,4.5,6.4
22101,2011-10-25,9.1,1025,45,10.8,16.6,2,1.3,1.9,3.1,5,5.8
22101,2011-10-26,3,1025.9,46,12.4,16.5,.6,.4,.8,1.3,4.8,5.8
22101,2011-10-27,2.4,1025.9,57,14.2,16.5,.3,.2,.2,.5,3.7,5.8
22101,2011-10-28,3.8,1024.9,64,14.8,16.5,.3,.2,.4,.6,3.3,5.8
22101,2011-10-29,3.1,1022.2,66,14.8,16.4,.4,.2,.4,.8,3.9,5.3
22101,2011-10-30,5.9,1022.2,66,15.3,16.4,.7,.4,.7,1,3.3,4.3
22101,2011-10-31,3.8,1026.1,61,15.8,16.5,.4,.2,.4,.6,3.4,7.1
22101,2011-11-01,2.6,1025.6,64,16.3,17.3,.3,.2,.3,.5,3.2,5.3
22101,2011-11-02,3.5,1025.2,66,15.9,16.3,.3,.2,.3,.4,3.2,7.1
22101,2011-11-03,3.1,1025.4,70,16.2,16.1,.4,.2,.4,.5,3.1,5.8
22101,2011-11-04,3.7,1023.7,86,17.1,16.1,.3,.2,.4,.6,3.4,8
22101,2011-11-05,3.6,1019.1,88,17.1,16.2,.4,.2,.3,.5,2.6,6.4
22101,2011-11-06,5.5,1019.4,83,16.1,16.2,.7,.5,.6,.9,4.6,6.4
22101,2011-11-07,3.6,1020.9,76,15.3,16.2,.7,.5,.7,1.2,4.8,6.4
22101,2011-11-08,3.9,1019.9,73,14.3,16.1,.7,.5,.8,1.3,5.1,5.8
22101,2011-11-09,2.8,1019.7,70,15.1,16.1,.6,.4,.7,1,4.9,6.4
22101,2011-11-10,,,,,,,,.5,.7,,6.4
22101,2011-11-11,,,,,,,,.3,.4,,7.1
22101,2011-11-12,4.7,1018,60,14.3,15.7,.7,.5,.6,1,4,5.3
22101,2011-11-13,7.6,1019.9,53,13.4,15.5,1.5,1,1.5,2.2,4.9,5.8
22101,2011-11-14,6.4,1025.9,49,,15,1.3,.9,1.4,2,4.4,5.8
22101,2011-11-15,2.7,1030.4,54,10,14.8,.4,.2,.5,.8,4,6.4
22101,2011-11-16,3.3,1030.3,54,13.6,14.9,.5,.3,.6,.9,4.1,6.4
22101,2011-11-17,6.7,1024.7,61,15,14.9,.7,.4,.6,.9,3.3,4.9
22101,2011-11-18,6.3,1012.3,86,15.2,14.9,.7,.5,.6,1,5,8
22101,2011-11-19,9.5,1011.3,73,10.8,15.5,2.3,1.5,2.5,3.8,5.6,8
22101,2011-11-20,9.4,1028.1,56,,13.9,2.4,1.5,2.4,4.1,5,6.4
22101,2011-11-21,,,,,,,,1,1.5,,5.8
22101,2011-11-22,,,,,,,,1.4,1.9,,6.4
22101,2011-11-23,11.8,1020.6,68,5.8,13.1,3.3,2.1,3.3,5.1,6.8,8
22101,2011-11-24,6.4,1028.9,59,2.5,12.3,1.6,1,2,3.4,5,6.4
22101,2011-11-25,3.2,1030.2,66,5.7,12.3,.3,.2,.4,.7,4.3,5.3
22101,2011-11-26,,,,,,,,1.6,2.3,,7.1
22101,2011-11-27,7.8,1020.7,85,14,12.5,1.6,1,1.6,2.7,6.3,7.1
22101,2011-11-28,,,,,,,,.4,.6,,6.4
22101,2011-11-29,,,,,,,,.7,1.2,,5.3
22101,2011-11-30,9.5,1023.3,83,7.2,12.2,1.5,1,1.5,2.5,4.3,5.8
22101,2011-12-01,6.1,1025.2,61,7.6,12,.7,.5,.6,.9,4.2,7.1
22101,2011-12-02,7.1,1020.1,59,8.1,11.8,.8,.5,.7,1,3.4,4
22101,2011-12-03,6.5,1018.7,69,7.6,11.8,.9,.6,1.2,2,3.6,5.8
22101,2011-12-04,6.7,1026.6,52,5.4,11.5,1.6,1,1.2,2.1,5,6.4
22101,2011-12-05,4.5,1031.2,45,4,11.2,.8,.5,1.1,1.4,3.4,4.9
22101,2011-12-06,4.4,1030,49,5.8,11.2,.5,.3,.5,.8,2.8,3.4
22101,2011-12-07,4,1027.2,66,6.6,11.2,.4,.3,.4,.6,2.7,4.6
22101,2011-12-08,9.2,1024.5,66,1.8,11,2.2,1.5,1.9,3,5.2,6.4
22101,2011-12-09,6.3,1027.7,54,-.2,10,1.7,1.1,1.6,2.2,5.7,8
22101,2011-12-10,,,,,,,,1.4,2.3,,7.1
22101,2011-12-11,,,,,,,,1.6,2.7,,7.1
22101,2011-12-12,6.1,1027.5,55,6,9.8,1.1,.7,1.3,1.9,5.2,6.4
22101,2011-12-13,2.7,1027.9,43,3.9,9.5,.5,.3,.6,1,4.4,5.8
22101,2011-12-14,5.4,1023.7,63,6.2,9.5,.9,.5,1.5,2.5,4.2,6.4
22101,2011-12-15,8.7,1028.5,55,-.3,9,1.9,1.2,1.7,2.9,5,6.4
22101,2011-12-16,9.9,1030.7,62,-3.1,8.4,2.1,1.4,2,2.8,5.1,5.8
22101,2011-12-17,4,1031.7,65,-1,8,1,.7,1.1,1.6,5.5,7.1
22101,2011-12-18,5.4,1030.4,54,1.6,8.1,1.3,.9,1.3,2,5.5,7.1
22101,2011-12-19,3.1,1030.3,55,1.7,7.9,.6,.4,.7,1,4.5,5.8
22101,2011-12-20,3.2,1028.7,61,3.1,7.9,.4,.3,.4,.6,4.1,5.3
22101,2011-12-21,6.9,1023.5,62,5.3,8,1.4,.9,1.9,2.9,4.4,6.4
22101,2011-12-22,9.5,1027.7,54,-2.3,7.4,2.6,1.7,2.2,4.2,5.8,8
22101,2011-12-23,5.8,1026.4,59,-1.6,6.9,1.3,.8,1.8,2.9,4.9,6.4
22101,2011-12-24,9.2,1024.3,57,-1.3,6.7,2,1.2,1.6,2.7,5.6,7.1
22101,2011-12-25,8.2,1030.9,51,-3.2,6.2,1.6,1.1,1.7,2.6,4.7,5.8
22101,2011-12-26,7.4,1035.6,50,-3,5.8,1.4,.9,1.2,2,4.5,5.3
22101,2011-12-27,2.4,1035.3,51,-.3,5.7,.4,.3,.6,1.3,4.7,6.4
22101,2011-12-28,4.7,1029.9,69,4.4,5.9,.6,.4,.7,1.2,4.3,5.3
22101,2011-12-29,6.8,1029.3,58,-.1,5.7,1.2,.8,1.1,2.1,4.4,5.3
22101,2011-12-30,3.1,1031.5,49,-.9,5.4,.8,.5,.8,1.2,4.6,6.4
22101,2011-12-31,2.7,1027.4,72,1.5,5.6,.6,.4,.5,.8,4.8,5.8
22101,2012-01-01,6.9,1025.6,68,-.2,5.5,1.5,1,2.2,3.2,5.1,6.4
22101,2012-01-02,3.2,1026.8,64,-1.9,5.1,.9,.6,.9,1.4,5.5,7.1
22101,2012-01-03,6.3,1022.3,65,-1.1,5.2,1.4,.9,2.1,3.4,4.6,7.1
22101,2012-01-04,9.4,1026.6,66,-3.6,5.2,2.5,1.6,2.1,3.3,5.4,7.1
22101,2012-01-05,4.8,1029.7,57,-1.6,4.9,1.2,.8,1.2,1.8,5.5,7.1
22101,2012-01-06,5.9,1031.7,60,-.3,4.9,1,.6,1.1,1.8,4.4,5.8
22101,2012-01-07,3,1035.7,45,-1.3,4.6,.7,.4,.9,1.5,4.2,4.9
22101,2012-01-08,,,,,,,,.2,.4,,5.3
22101,2012-01-09,,,,,,,,.6,.9,,5.8
22101,2012-01-10,5.1,1029,57,.5,4.4,.8,.5,.9,1.3,4.1,4.9
22101,2012-01-11,8.4,1032.5,57,-3.7,4,1.8,1.1,1.4,2.7,4.8,6.4
22101,2012-01-12,,,,,,,,.8,1.2,,5.8
22101,2012-01-13,,,,,,,,1,1.7,,7.1
22101,2012-01-14,,,,,,,,.8,1.2,,4.9
22101,2012-01-15,5.9,1022.8,45,-.7,3.8,1,.7,.8,1.5,3.9,4.6
22101,2012-01-16,5.1,1020.2,59,.8,3.8,.5,.4,.5,.7,3.2,4.3
22101,2012-01-17,5.3,1021.3,58,2.3,4,.6,.4,.5,.8,3,4.3
22101,2012-01-18,5.1,1023.6,63,2.3,3.9,.5,.3,.5,.9,2.8,3.8
22101,2012-01-19,5.9,1022.9,73,3.3,3.9,.7,.5,.7,1.1,3.2,4.3
22101,2012-01-20,5.7,1023.2,74,4.4,3.9,.5,.3,.5,1.1,2.9,4.9
22101,2012-01-21,7.3,1023,70,1.1,3.8,1.4,.9,1.7,2.6,4.4,5.8
22101,2012-01-22,9.8,1026.8,62,-5.9,3.4,2.2,1.5,1.7,2.6,5.6,6.4
22101,2012-01-23,8.1,1027.4,55,-5.6,3.1,1.6,1.1,1.5,2.1,4.6,5.3
22101,2012-01-24,3.8,1024.9,57,-4.5,2.8,.9,.6,1.2,2,5.2,6.4
22101,2012-01-25,6.3,1025,56,-4.9,2.6,1.8,1.2,2.2,3.5,5.6,7.1
22101,2012-01-26,3.3,1024.2,58,1.2,2.6,1.2,.8,1.2,1.8,5.4,6.4
22101,2012-01-27,,1023.7,68,2.4,2.8,,,.9,1.6,,6.4
22101,2012-01-28,5.1,1028.4,39,-.8,2.6,.6,.4,.8,1.1,3.8,4.9
22101,2012-01-29,6.4,1030.4,38,-1.1,2.5,.9,.6,.7,1.4,3.6,4.6
22101,2012-01-30,6.4,1030.8,38,-3.6,2.3,1,.7,1.3,1.7,4.1,5.3
22101,2012-01-31,7.6,1021.7,64,-1.6,2.2,1.4,.9,1.9,3,4.2,8
22101,2012-02-01,8.5,1027.5,58,-8.9,2.2,2.1,1.5,2.1,2.9,5.3,7.1
22101,2012-02-02,7.7,1031.6,61,-9.5,2.1,2.1,1.4,2.5,4.1,5.3,6.4
22101,2012-02-03,4.6,1027.1,63,-5.1,2,1.2,.7,1.5,2.5,5.1,6.4
22101,2012-02-04,4.4,1026.3,54,-.6,2.1,1.5,1.1,1.6,2.5,6,6.4
22101,2012-02-05,2.4,1024.7,51,.3,1.9,.5,.3,.6,1.1,4.9,5.8
22101,2012-02-06,3.5,1017.5,67,1.3,1.9,.3,.2,.5,.8,3.2,5.3
22101,2012-02-07,10,1021.3,56,-6.5,1.6,2.4,1.6,2.2,3.1,5.6,8
22101,2012-02-08,5.3,1023.4,63,-5.7,1.3,1.6,1.1,1.6,2.5,6,8
22101,2012-02-09,3.5,1026.4,53,-1.8,1.3,1.5,1,1.9,2.7,6.7,8
22101,2012-02-10,4.5,1027.2,53,-1.1,1.2,.9,.6,1.2,2.2,5,6.4
22101,2012-02-11,4.1,1030.1,48,-1.5,1.2,.7,.4,1.1,1.6,4.5,5.3
22101,2012-02-12,3.2,1030.8,47,-.1,1.3,.3,.2,.4,.6,4,4.9
22101,2012-02-13,3.7,1024.9,58,1.6,1.5,.2,.1,.2,.3,3,5.3
22101,2012-02-14,4.8,1022.1,72,2,1.6,.4,.3,.7,1.2,3.3,7.1
22101,2012-02-15,7,1024.3,45,-1.1,1.4,1.4,.9,1.3,2.2,4.3,5.3
22101,2012-02-16,,,,,,,,1.5,2.5,,5.8
22101,2012-02-17,8.9,1025.7,50,-4.2,1.1,2,1.4,1.8,2.9,5.1,6.4
22101,2012-02-18,7.7,1028.2,51,-4.7,1,1.9,1.2,1.4,2.2,5.2,7.1
22101,2012-02-19,3.3,1028.5,50,-2.1,1,.9,.6,1.1,1.6,5.1,5.8
22101,2012-02-20,5.3,1026.8,75,1.4,1.1,.9,.6,.9,1.5,4.9,5.8
22101,2012-02-21,3.6,1023.7,81,2,1.2,.6,.4,.9,1.4,4.7,5.3
22101,2012-02-22,3.2,1017.2,69,3.4,1.3,.3,.2,.3,.4,4.4,5.8
22101,2012-02-23,5.6,1015.5,79,2,1.4,1.1,.7,1.4,2.3,4.8,7.1
22101,2012-02-24,,,,,,,,.7,1,,7.1
22101,2012-02-29,2.3,1023.3,71,2.6,1.7,.2,.1,.1,.2,4.1,6.4
22101,2012-03-01,2.5,1019.6,68,2.9,1.7,.2,,.2,.3,4.3,8
22101,2012-03-03,,,,,,,,.4,.7,,6.4
22101,2012-03-04,,,,,,,,.6,1,,3
22101,2012-03-08,,,,,,,,1.1,1.8,,5.3
22101,2012-03-09,5.6,1021.9,66,1.4,2.5,.9,.6,.9,1.3,4.4,5.3
22101,2012-03-10,5.8,1021.2,67,2,2.8,1.1,.7,1.1,1.7,4.6,5.8
22101,2012-03-11,9.7,1024.8,52,-1.2,2.5,2.2,1.4,1.8,3.2,5.4,6.4
22101,2012-03-12,7.5,1028.1,54,-.5,2.8,1.5,1,1.6,2.6,5.1,5.8
22101,2012-03-13,3.7,1026.3,67,2.8,2.9,.8,.5,.7,1.1,4.8,6.4
22101,2012-03-14,6.5,1024.7,79,3.4,2.7,1.5,.9,1.2,2,5.4,6.4
22101,2012-03-15,3.1,1028,57,3,2.9,.7,.4,.8,1.2,4.8,8
22101,2012-03-16,4.2,1016.7,74,4.8,2.8,.3,.2,.4,.6,3.5,6.4
22101,2012-03-17,,1011.3,90,3.9,3.2,,,.6,.9,,9.1
22101,2012-03-20,,,,,,,,1.3,2.2,,5.8
22101,2012-03-21,3.7,1024,63,3.3,3.5,.8,.5,1,1.6,4.6,5.3
22101,2012-03-22,2.5,1020.6,87,3.9,3.7,.5,.3,.5,.7,4.2,4.9
22101,2012-03-23,4.5,1009.7,90,3.9,3.6,.5,.3,1.2,1.9,3.7,6.4
22101,2012-03-24,9.6,1012.7,65,3.7,3.5,2.4,1.6,2,3.1,6,9.1
22101,2012-03-25,9,1019.5,62,3.7,3.5,2,1.3,1.7,3.5,5.3,6.4
22101,2012-03-26,5,1024.4,63,3.9,3.7,1,.7,1.5,2.1,4.9,6.4
22101,2012-03-27,5.3,1023.2,82,4.4,3.7,.9,.6,.9,1.3,4.8,5.8
22101,2012-03-28,1.3,1025.8,93,4.3,4,.5,.4,.6,1,4.8,5.8
22101,2012-03-29,3.4,1021.3,93,4.1,4,.3,.2,.5,.7,3.8,5.8
22101,2012-03-30,5,1015.2,87,5.3,4.1,.9,.6,1.1,2,4.1,4.9
22101,2012-03-31,6.8,1016.4,68,4.6,4,1.6,1,2,3.2,5.1,6.4
22101,2012-04-01,4,1023.4,52,4.2,4.1,1.1,.7,1.4,1.8,5.4,6.4
22101,2012-04-02,6.8,1012.4,70,6.7,4,.9,.6,1.1,1.6,3.8,7.1
22101,2012-04-03,10.5,1005.6,72,4.6,4,3.1,2.1,3,5.1,6.8,8
22101,2012-04-04,7.2,1010.7,78,5.7,4.2,1.8,1.1,1.3,2.4,6.2,7.1
22101,2012-04-05,,,,,,,,1.3,1.8,,7.1
22101,2012-04-07,,,,,,,,.6,.9,,4.9
22101,2012-04-08,6.1,1017.9,77,7.3,4.6,.9,.6,1.1,1.6,5,7.1
22101,2012-04-09,,,,,,,,1,1.4,,6.4
22101,2012-04-13,,,,,,,,0,.7,,
22101,2012-04-14,,,,,,,,.3,.5,,4.3
22101,2012-04-15,1.5,1013.8,96,3.7,5.3,.3,.2,.2,.4,3.6,4.3
22101,2012-04-16,3.6,1014,87,6,5.4,.6,.4,1,1.7,3.8,4.6
22101,2012-04-17,1.5,1015.8,84,6.6,5.7,.4,.3,.5,.6,3.6,4
22101,2012-04-18,2.4,1018.1,75,7.7,5.8,.2,.1,.2,.3,4.2,6.4
22101,2012-04-19,1.7,1019.5,70,9.2,6,.1,.1,.2,.2,4.1,5.3
22101,2012-04-20,3.2,1019.7,72,10.5,6.2,.2,.1,.3,.4,4.8,8
22101,2012-04-21,9.6,1007.7,82,11.1,6.2,.9,.6,.9,1.4,3.2,4.9
22101,2012-04-22,7.4,1005.5,94,7.4,6.2,1.3,.9,1.9,2.8,5.9,8
22101,2012-04-23,5,1012.1,92,8.5,6.4,.7,.5,1,1.4,4.6,5.3
22101,2012-04-24,3.2,1012,82,11.4,6.6,.5,.3,.4,.7,4.7,5.8
22101,2012-04-25,6.6,999.4,85,10.2,6.6,.9,.6,1.2,1.6,6,9.1
22101,2012-04-26,7.4,1007.9,82,7.8,6.6,1.8,1.2,2.2,3.4,5.7,7.1
22101,2012-04-27,8.8,1010.5,64,10,6.7,1.2,.8,1.5,2.2,4.7,7.1
22101,2012-04-28,5.1,1014.3,71,10.5,6.9,1.4,.9,1.6,2.8,6.5,7.1
22101,2012-04-29,3.6,1014.6,77,12.2,7.2,.5,.3,.4,.7,5.2,6.4
22101,2012-04-30,2.5,1011.2,81,11.5,7.5,.3,.2,.3,.4,4.8,5.8
22101,2012-05-01,2.7,1008.9,76,13.3,7.6,.3,.2,.2,.5,6.2,9.1
22101,2012-05-02,2.7,1006,81,12.3,7.8,.3,.2,.4,.5,5.3,8
22101,2012-05-03,2.4,1005.1,86,10.7,7.9,.6,.4,.6,1,3.9,5.3
22101,2012-05-04,2.8,1007.9,83,11.2,8.2,.4,.3,.4,.6,3.9,6.4
22101,2012-05-05,3.4,1006.3,80,10.5,8.3,.7,.4,.6,1,4.3,5.3
22101,2012-05-06,3,1007.1,82,10.2,8.5,.4,.2,.5,.7,3.9,4.6
22101,2012-05-07,1.1,1007.4,81,10.7,8.8,.2,.1,.3,.4,4,4.9
22101,2012-05-08,2.3,1007.4,79,11.6,8.9,.2,.1,.3,.3,4,5.3
22101,2012-05-09,,,,,,,,.1,.1,,3
22101,2012-05-11,,,,,,,,.4,.7,,4.9
22101,2012-05-12,1.9,1015.2,88,11.3,9.3,.4,.3,.3,.5,4.2,4.9
22101,2012-05-13,1.1,1012.5,90,11.4,9.6,.3,.2,.3,.4,5,5.8
22101,2012-05-14,1.9,1009.9,89,12.2,9.5,.3,.2,.2,.4,5.2,6.4
22101,2012-05-15,3.2,1007.2,94,10.6,9.6,.5,.3,.5,.9,6.6,9.1
22101,2012-05-16,,,,,,,,.5,.8,,5.8
22101,2012-05-19,,,,,,,,.2,.3,,7.1
22101,2012-05-20,1.3,1015.2,84,12.1,10.4,.3,.2,.4,.5,4.1,5.8
22101,2012-05-21,1.7,1016.8,82,13.2,10.6,.4,.2,.5,1,4.2,6.4
22101,2012-05-22,1.3,1015.4,81,13.5,10.8,.2,.1,.2,.3,5.8,9.1
22101,2012-05-23,1.5,1013,86,13.1,11.1,.2,.1,.2,.5,5.2,9.1
22101,2012-05-24,1.7,1011.8,91,12.9,11,.2,.2,.2,.3,4.4,8
22101,2012-05-25,2.3,1010.6,95,12.1,11.2,.2,.1,.2,.3,4,5.8
22101,2012-05-26,3.8,1010.3,90,12.5,11.2,.3,.2,.3,.5,3.4,5.8
22101,2012-05-27,3.5,1012.5,94,13.2,11.5,.6,.4,.5,.7,4.2,4.9
22101,2012-05-28,3.5,1016.2,92,13.8,11.6,.5,.3,.4,.7,4.3,4.9
22101,2012-05-29,4,1017.7,88,14.5,11.8,.6,.4,.5,.9,4.1,5.3
22101,2012-05-30,2.9,1018.2,74,15.4,11.8,.3,.2,.4,.5,4.1,5.8
22101,2012-05-31,1.8,1017.7,88,14.6,12.4,.2,.2,.2,.3,4.8,8
22101,2012-06-01,1.5,1016.5,90,13.9,12.2,.3,.2,.2,.4,6.7,9.1
22101,2012-06-02,1.1,1014,86,14.5,12.5,.2,.1,.3,.4,6,8
22101,2012-06-03,,,,,,,,.1,.2,,6.4
22101,2012-06-05,,,,,,,,.4,.6,,10.7
22101,2012-06-06,1.9,1005.2,96,14.3,13.1,.5,.3,.5,.9,5.9,10.7
22101,2012-06-07,1.3,1005.5,96,14.5,13,.4,.2,.3,.7,4.4,5.3
22101,2012-06-08,1.5,1002.6,96,14.4,13.1,.3,.2,.3,.5,4.8,8
22101,2012-06-09,1.1,1001.9,94,14.5,13.3,.4,.2,.3,.6,4.3,6.4
22101,2012-06-10,1.5,1002.4,95,14.6,13.6,.2,.1,.2,.3,4.9,10.7
22101,2012-06-11,1.3,1001.5,95,15.7,13.7,.3,.2,.3,.5,4.3,4.9
22101,2012-06-12,,,,,,,,.2,.4,,4.9
22101,2012-06-15,,,,,,,,.5,.7,,6.4
22101,2012-06-16,2.4,1007.4,91,16.7,14.6,.5,.3,.5,.8,4.6,7.1
22101,2012-06-17,2.5,1010.8,94,16,14.5,.4,.3,.4,.5,3.9,7.1
22101,2012-06-18,1.4,1008.4,96,15.8,14.7,.4,.3,.4,.7,4.2,4.9
22101,2012-06-19,2.3,1000.9,88,17.1,14.7,.5,.3,.5,.9,4,6.4
22101,2012-06-20,2.6,1004.3,85,17.7,15.1,.4,.3,.5,.8,6.7,9.1
22101,2012-06-21,2,1007,95,16.8,15.3,.3,.2,.3,.5,8.1,10.7
22101,2012-06-22,2.4,1009.5,97,16.3,15.3,.5,.3,.6,.8,8.5,10.7
22101,2012-06-23,1.3,1008.3,95,16.7,15.5,.6,.4,.5,.8,7.7,9.1
22101,2012-06-24,2.7,1005.3,82,20.2,15.5,.4,.3,.4,.6,5.8,8
22101,2012-06-25,4.4,1008.2,66,20.3,15.6,.3,.2,.4,.5,6.3,8
22101,2012-06-26,3.7,1011.5,71,20,15.8,.3,.2,.3,.6,5.9,7.1
22101,2012-06-27,4.1,1012.3,79,19,16,.3,.2,.3,.5,4.7,7.1
22101,2012-06-28,2.2,1012.4,83,18.6,16.2,.3,.2,.2,.4,5.4,8
22101,2012-06-29,2.7,1008.3,93,18.2,16.3,.4,.3,.8,1.1,5.5,7.1
22101,2012-06-30,6.4,1001.4,95,18.5,16.3,1.6,1.1,1.9,2.6,7,8
22101,2012-07-01,2.2,1005.5,96,17.8,16.6,.8,.5,.8,1.1,5.2,8
22101,2012-07-02,2.2,1003.4,95,18,16.7,.5,.3,.4,.7,6.1,9.1
22101,2012-07-03,4,1000,96,18.3,16.5,.6,.4,.6,1,4.8,5.8
22101,2012-07-04,3.5,1003.6,97,18.1,16.5,.5,.3,.5,.7,4.9,5.8
22101,2012-07-05,3.4,1005.3,97,18.8,16.5,.4,.3,.3,.6,5,8
22101,2012-07-06,5,998.3,94,19.3,16.6,.7,.5,.8,1.1,5.3,8
22101,2012-07-07,1.7,1004.2,91,19,16.8,.6,.4,.7,1.3,6,8
22101,2012-07-08,1.6,1006.5,96,18,17,.4,.2,.3,.6,6,7.1
22101,2012-07-09,1.6,1006.8,94,18.7,17.2,.3,.2,.3,.5,5.4,7.1
22101,2012-07-10,5.2,1001.4,89,20,17.1,.7,.5,.9,1.5,5.7,8
22101,2012-07-11,4.4,995.7,95,19.5,17.4,1.3,.8,1.6,2.8,6.7,8
22101,2012-07-12,3,999.7,93,19.6,17.5,.7,.4,.6,1,5.1,8
22101,2012-07-13,2.7,999.7,94,20.7,18,.6,.4,.5,.7,5.9,8
22101,2012-07-14,2.4,1000.9,94,20.5,17.7,.5,.3,.4,.6,6.4,8
22101,2012-07-15,6.7,1001.2,93,19.2,17.5,.9,.6,.9,1.3,3.7,4.3
22101,2012-07-16,1.5,1009.9,91,19.2,17.9,.4,.3,.4,.7,6.7,9.1
22101,2012-07-17,2.3,1011.7,89,20.9,17.8,.2,.1,.2,.3,6.3,8
22101,2012-07-18,3.8,1008.2,93,20.9,17.7,.2,.2,.3,.4,4.3,7.1
22101,2012-07-19,5.6,1004.6,96,20.1,18,.8,.5,1,1.6,3.9,5.3
22101,2012-07-20,1.9,1009.3,97,20.1,18.4,.3,.2,.4,.6,4.6,8
22101,2012-07-21,1.2,1010.1,96,20.2,18.7,.2,.2,.2,.3,4.8,7.1
22101,2012-07-22,3.7,1008.1,94,21.1,18.7,.5,.3,.5,.9,4.6,6.4
22101,2012-07-23,5,1009,95,21.1,18.8,1.2,.8,1.1,2,6,7.1
22101,2012-07-24,3.2,1013.4,96,21.3,19,.8,.6,1,1.2,5.7,7.1
22101,2012-07-25,1.6,1014.2,94,21.6,19.3,.6,.4,.5,.8,5,5.8
22101,2012-07-26,1.5,1011,96,20.9,19.7,.5,.3,.4,.6,4.6,5.8
22101,2012-07-27,2.2,1009.9,95,21.5,19.9,.6,.4,.5,.8,4.5,5.3
22101,2012-07-28,2.3,1010.2,96,21.6,20.1,.4,.3,.4,.6,4.3,4.9
22101,2012-07-29,5.2,1006.3,96,22.5,20,.9,.6,1.1,1.7,5,6.4
22101,2012-07-30,4.5,1005.5,95,22.7,20.1,1.3,.9,1.2,1.7,6.4,7.1
22101,2012-07-31,1.8,1007.9,96,22.7,20.6,.7,.4,.8,1,5.1,6.4
22101,2012-08-01,,,,,,,,.3,.5,,10.7
22101,2012-08-02,,,,,,,,.3,.5,,10.7
22101,2012-08-03,3.2,1010.2,83,24.6,21.1,.6,.4,.7,1.1,8.8,10.7
22101,2012-08-04,2.2,1010.5,87,24,21.4,1,.6,.8,1.4,8.2,10.7
22101,2012-08-05,3.2,1007.9,91,24.2,22,.6,.4,.6,1.1,8.4,9.1
22101,2012-08-06,2.4,1006.2,92,23.9,21.9,.4,.2,.4,.6,5.7,9.1
22101,2012-08-07,2.5,1007.5,82,25.4,22.1,.3,.2,.5,.7,8.7,10.7
22101,2012-08-08,,,,,,,,.3,.5,,9.1
22101,2012-08-10,,,,,,,,.5,.8,,9.1
22101,2012-08-11,1.3,1007.1,88,24,22.9,.4,.3,.4,.5,7.9,9.1
22101,2012-08-12,3.3,1003.8,91,23.4,22.3,.4,.3,.4,.6,5.6,9.1
22101,2012-08-13,2.6,1003.4,88,24.3,23.2,.6,.4,.5,.8,5.7,8
22101,2012-08-14,4.1,1006.9,83,24.9,22.6,.5,.3,.5,.8,4.7,7.1
22101,2012-08-15,5.4,1004.6,92,23.5,22.4,1.8,1.2,2.4,3.7,7.4,9.1
22101,2012-08-16,.6,1010.8,84,23.5,23.1,.7,.5,.8,1.4,6.1,8
22101,2012-08-17,2.3,1011.5,92,24,22.9,.4,.2,.3,.6,5.6,10.7
22101,2012-08-18,4.3,1009.7,95,24.5,22.7,.7,.4,.6,.9,4.7,9.1
22101,2012-08-19,6.2,1006.4,93,25,22.8,1.3,.8,1.3,2.6,5.6,7.1
22101,2012-08-20,4.4,1006.8,91,24,23,1.4,1,1.8,2.5,6.5,8
22101,2012-08-21,3.8,1008.5,93,23.4,23,.8,.5,.9,1.4,5.5,6.4
22101,2012-08-22,5.3,,,,,.9,.6,1,1.6,4.8,6.4
22101,2012-08-23,5.5,1014.2,75,23.8,22.9,.6,.4,.5,.9,4.1,10.7
22101,2012-08-24,7.7,1013.6,80,23.7,22.9,.8,.5,.8,1.3,3.9,10.7
22101,2012-08-25,5,1013.2,90,24.3,23,1,.7,.9,1.5,5.9,9.1
22101,2012-08-26,2.7,1012.1,91,24.5,23.2,.5,.3,.4,.7,7.6,9.1
22101,2012-08-27,5.9,1008.5,71,27.2,24.5,.4,.3,.5,.8,4.6,12.8
22101,2012-08-28,16.1,989.2,75,26.1,23.1,3,2,4.6,6.1,5.9,16
22101,2012-08-29,,,,,,,,1.9,3,,8
22101,2012-08-30,5.2,1008.9,83,23.5,23.2,.8,.5,.8,1.3,6.1,12.8
22101,2012-08-31,3.5,1013.2,85,23.6,23.3,.5,.3,.5,.7,7,9.1
22101,2012-09-01,3.2,1013.6,87,23.7,23.4,.4,.3,.5,.8,4.9,8
22101,2012-09-02,1.9,1012.7,83,23.8,23.6,.2,.2,.3,.4,4.1,7.1
22101,2012-09-03,1.5,1012.1,79,24,23.7,.2,.2,.2,.4,4.3,5.8
22101,2012-09-04,,,,,,,,.6,.7,,5.3
22101,2012-09-05,,,,,,,,1,1.7,,5.8
22101,2012-09-06,,,,,,,,.4,.5,,4.3
22101,2012-09-07,,,,,,,,.6,.9,,5.8
22101,2012-09-08,7.4,1012.7,74,20.8,23.3,1.4,.9,2.2,3.3,4.2,5.8
22101,2012-09-09,3.4,1014.5,70,22.1,23.4,.5,.3,.7,1,3.8,5.8
22101,2012-09-10,4.9,1014.3,71,22.6,23.4,.7,.4,.7,1.1,3.1,4.3
22101,2012-09-11,3.2,1013.8,71,23.1,23.4,.4,.2,.3,.5,3.1,9.1
22101,2012-09-12,2.1,1011,76,22.9,23.4,.3,.2,.4,.6,3.6,5.8
22101,2012-09-13,4.5,1010.2,81,21.6,23.2,.7,.5,.8,1.5,4,4.9
22101,2012-09-14,6,1014.9,55,21.2,23,1,.7,.9,1.4,4.3,5.8
22101,2012-09-15,5,1018.2,63,21.8,23,.6,.4,.8,1.3,3.9,7.1
22101,2012-09-16,7.4,1015.9,66,21.4,22.8,.7,.4,.6,1,3.6,4.9
22101,2012-09-17,10.1,1001.8,80,20.1,22.4,1.7,1.1,1.7,2.9,4.9,6.4
22101,2012-09-18,5.6,1003.4,69,21.6,22.3,1.1,.8,1,1.7,5.3,8
22101,2012-09-19,6.2,1008.3,67,21.8,22.2,1.1,.7,1,1.4,5.5,7.1
22101,2012-09-20,,,,,,,,.6,1,,5.3
22101,2012-09-21,,,,,,,,.3,.5,,7.1
22101,2012-09-22,1.8,1013.8,68,21.3,22.2,.3,.2,.4,.6,3.8,5.8
22101,2012-09-23,3.8,1012.3,72,21.6,22.2,.5,.3,.4,.8,4,6.4
22101,2012-09-24,3.3,1015.1,71,21.9,22.4,.4,.3,.5,.7,3.7,5.8
22101,2012-09-25,3.8,1019.8,71,21.9,22.8,.3,.2,.4,.6,3.3,8
22101,2012-09-26,4,1021.3,66,21.7,22.2,.3,.2,.3,.5,3,4.9
22101,2012-09-27,3.4,1018.2,71,21.2,22.1,.3,.2,.3,.6,6.1,12.8
22101,2012-09-28,6.5,1012.2,71,19.4,21.9,1.1,.7,1.7,2.7,6.2,12.8
22101,2012-09-29,7.6,,,,,2.2,1.4,2,3.7,6.9,8
22101,2012-09-30,4.9,1011.2,66,18.1,21.4,1.3,.9,1.2,2.1,6.3,8
22101,2012-10-01,,,,,,,,.5,.8,,5.8
22101,2012-10-02,,,,,,,,.3,.5,,5.8
22101,2012-10-04,,,,,,,,.2,.3,,3.6
22101,2012-10-05,,,,,,,,.4,.6,,6.4
22101,2012-10-06,4.5,1020.9,64,20.2,,.8,.5,1.2,2.6,3.9,5.8
22101,2012-10-07,,,,,,,,.4,.6,,4.6
22101,2012-10-08,,,,,,,,.4,.6,,2.9
22101,2012-10-09,,,,,,,,.3,.4,,4.3
22101,2012-10-10,,,,,,,,1.1,1.8,,5.3
22101,2012-10-13,,,,,,,,.7,1,,6.4
22101,2012-10-14,,,,,,,,1,1.4,,5.3
22101,2012-10-15,,,,,,,,.6,1,,4.9
22101,2012-10-16,,,,,,,,.4,.6,,9.1
22101,2012-10-17,9.1,1015.9,64,14.7,19.2,1.9,1.3,1.9,3,5.2,7.1
22101,2012-10-18,4.6,1019.7,47,14.3,18.8,1.1,.7,1,1.8,6,7.1
22101,2012-10-19,,,,,,,,.9,1.2,,5.3
22101,2012-10-20,,,,,,,,.9,1.3,,5.8
22101,2012-10-21,,,,,,,,.6,.8,,5.8
22101,2012-10-22,,,,,,,,2.9,4.3,,8
22101,2012-10-23,,,,,,,,2.3,3.6,,7.1
22101,2012-11-09,,,,,,,,.3,.5,,5.3
22101,2012-11-10,8.9,1020.8,59,13.6,14.7,.9,.6,.9,1.4,3.3,4.6
22101,2012-11-11,9.9,1008.5,72,10.4,14.5,2.5,1.7,3.2,4.6,6.1,9.1
22101,2012-11-12,11.1,1012.6,61,10.5,14.1,3.5,2.4,3.6,5.3,8.1,10.7
22101,2012-11-13,10.9,1010.3,64,7.9,13.5,3,2,2.3,3.8,6.7,8
22101,2012-11-14,8.8,1018.3,65,5.4,12.8,2.2,1.4,2.3,3.1,6.1,8
22101,2012-11-15,3.9,1027.2,58,6,12.6,1,.6,1.1,2.1,5.5,7.1
22101,2012-11-16,5.6,1021.5,69,9.5,12.6,.8,.5,1.3,2.1,4.4,5.8
22101,2012-11-17,8.6,1016.5,63,8,12.4,1.9,1.3,1.7,2.7,5.5,7.1
22101,2012-11-18,2.9,1021.5,55,6.4,12.2,.8,.6,.9,1.3,5.4,6.4
22101,2012-11-19,9.7,1017.9,68,7.2,12.1,2.3,1.6,2.2,3.3,5.8,8
22101,2012-11-20,5.1,1024.1,56,5.3,11.7,1.1,.7,1.3,1.9,5.4,7.1
22101,2012-11-21,3.3,1021.2,68,8.4,11.7,.4,.3,.5,.6,4.1,5.3
22101,2012-11-22,3.5,1018.9,67,9.7,11.7,.5,.3,.9,1.6,4.1,6.4
22101,2012-11-23,8.2,1019.5,62,4.5,11.4,1.8,1.2,1.5,2.5,4.9,5.8
22101,2012-11-24,4.6,1023.5,52,5.2,11.3,1.2,.8,1.6,2.2,5.1,5.8
22101,2012-11-25,3.1,1020.4,59,7,11.2,.6,.4,.5,.8,5.1,5.8
22101,2012-11-26,8.8,1016.6,58,5.3,11,2,1.3,2.1,3.8,5.6,7.1
22101,2012-11-27,5.4,1021.6,58,5,10.7,1.2,.8,1.4,2.2,5.8,8
22101,2012-11-28,10.4,1015.9,62,8.9,10.8,2.8,1.9,2.6,4.3,6.9,8
22101,2012-11-29,4.5,1024.3,48,3.3,10.2,1.1,.8,1.8,2.9,6.4,8
22101,2012-11-30,5.4,1025,60,4.7,10.2,.8,.5,1.5,2.6,4.2,5.8
22101,2012-12-01,5.5,1029.2,54,.6,9.6,1,.7,1.5,2.3,4.9,6.4
22101,2012-12-02,2.7,1023.3,59,5.3,9.8,.4,.2,.6,.9,4.3,7.1
22101,2012-12-03,10.2,1014.5,67,6.3,9.8,2.4,1.6,3.5,5.2,6.1,9.1
22101,2012-12-04,6.1,1022.1,60,.5,9.3,2,1.3,2.6,4.1,6.3,8
22101,2012-12-05,9.9,1015.6,72,1.6,9,2.2,1.4,3.1,6.6,5.6,9.1
22101,2012-12-06,6.7,1023.7,65,-1.9,8.5,2.1,1.4,2.5,4,6.2,9.1
22101,2012-12-07,8.3,1018,79,.8,8.2,1.4,.9,1.7,2.9,4.8,7.1
22101,2012-12-08,6.3,1020.5,65,-4.5,7.8,1.6,1.1,2,3.9,5.7,7.1
22101,2012-12-09,5.6,1022.2,70,-5.9,7.4,1.7,1.1,1.5,2.5,6.5,8
22101,2012-12-10,5.6,1025.8,65,-3.2,7.3,1.2,.8,1,1.6,5.6,7.1
22101,2012-12-11,4.8,1027.1,66,-2,7.3,.7,.5,.7,1.2,4.9,6.4
22101,2012-12-12,2.1,1030.4,58,0,7.3,.5,.3,.6,1,5.2,6.4
22101,2012-12-13,5.5,1030.8,66,2.9,7.4,.3,.2,.4,.5,3.9,6.4
22101,2012-12-14,7.2,1018.6,82,5,7.5,.6,.4,.7,1.1,4.1,8
22101,2012-12-15,5.6,1018.6,74,5.7,7.7,.8,.5,.9,1.3,6.1,8
22101,2012-12-16,3.7,1022.5,71,3.9,7.6,.7,.4,.7,1.1,5.6,7.1
22101,2012-12-17,8.2,1022.3,66,2,7.4,1.5,1,1.8,2.8,4.9,6.4
22101,2012-12-18,8.6,1027.2,66,-4.1,6.8,2,1.3,1.9,2.7,5.3,5.8
22101,2012-12-19,5.2,1029.4,62,-3.7,6.4,1.1,.7,1.1,1.8,5.2,7.1
22101,2012-12-20,4.8,1031.2,57,.2,6.5,.6,.4,.7,1.1,3.9,6.4
22101,2012-12-21,5.8,1023.3,73,1.7,6.5,.6,.4,.8,1.3,3.2,4.3
22101,2012-12-22,8.1,1024.5,67,-.3,6.3,1.8,1.2,1.6,2.6,5.2,6.4
22101,2012-12-23,10.5,1029,66,-5.1,5.9,2.5,1.7,2,3.3,5.6,6.4
22101,2012-12-24,4.6,1028.1,72,-5.3,5.4,1,.7,1.2,1.8,5.6,6.4
22101,2012-12-25,9.7,1031.7,61,-5.2,5.4,2.4,1.6,2,3,5.3,6.4
22101,2012-12-26,5.5,1036.1,52,-7.3,4.8,1,.7,1.2,1.9,4,4.9
22101,2012-12-27,3.6,1031.4,57,-2,4.6,.3,.2,.5,.7,4,6.4
22101,2012-12-28,4.5,1025.3,66,.7,4.6,.4,.3,.5,.9,3.3,4.6
22101,2012-12-29,3,1022.5,82,1.6,4.7,.4,.3,1.4,1.8,6.3,9.1
22101,2012-12-30,8.8,1019.8,64,-4.6,4.3,2.1,1.4,2.4,4.1,5.8,8
22101,2012-12-31,4.4,1021.1,65,-4.6,4.1,1.5,.9,1.6,2.7,6.6,8
22101,2013-01-01,7.1,1017.6,74,0,4.3,1.5,1,1.9,2.9,5.8,8
22101,2013-01-02,8,1031.8,68,-7.8,3.9,2,1.2,2.3,3.8,4.9,5.8
22101,2013-01-03,7.5,1037.9,60,-8.1,3.7,1.6,1,1.4,2,4.8,7.1
22101,2013-01-04,3.8,1032.8,56,-6.2,3.5,.8,.5,1,1.3,5,6.4
22101,2013-01-05,3.5,1026.4,69,-1.9,3.4,.5,.3,.7,1.1,4.6,5.8
22101,2013-01-06,3.7,1026.8,57,-2.7,3.5,.7,.5,.6,1,5.1,6.4
22101,2013-01-07,2.4,1025.7,54,-2,3.7,.4,.3,.5,.7,4,5.3
22101,2013-01-08,3.7,1026.7,62,-1.8,3.4,.5,.3,.8,1.2,4.3,4.9
22101,2013-01-09,8,1028.2,56,-5,3.1,1.5,1,1.3,1.9,4.5,5.3
22101,2013-01-10,3.8,1031.2,51,-4.8,3.1,.7,.5,.8,1.2,4.6,6.4
22101,2013-01-11,5.4,1028.6,67,.7,3,.6,.4,.7,1,4.1,5.3
22101,2013-01-12,4.5,1024.9,73,2.7,3.1,1.3,.8,1.3,2.2,6.2,7.1
22101,2013-01-13,3.6,1024.5,71,1.4,3.1,.6,.4,.7,1.3,4.5,6.4
22101,2013-01-14,5.5,1022.1,60,.9,3,.8,.5,1.2,1.9,3.5,5.3
22101,2013-01-15,2.5,1025.7,56,-.9,2.9,.7,.4,1,1.6,4.9,5.8
22101,2013-01-16,5.9,1024.7,73,-.9,2.9,.9,.6,1.5,2.1,4.3,5.8
22101,2013-01-17,7.1,1030.2,62,-3.7,2.6,1.7,1.1,1.6,2.4,5.2,7.1
22101,2013-01-18,2.9,1030.9,59,-1.2,2.7,.9,.6,.9,1.7,5.3,6.4
22101,2013-01-19,2.3,1029.2,71,2.7,3.1,1.1,.7,1,1.4,5.2,6.4
22101,2013-01-20,3.3,1030.3,70,2.7,2.9,.6,.4,.6,1,5.1,6.4
22101,2013-01-21,6.6,1020.8,86,3.1,2.9,.7,.5,.8,1.5,3,4.3
22101,2013-01-22,4.2,1021.4,84,2.8,2.9,1.1,.7,.8,1.5,5.2,7.1
22101,2013-01-23,3.9,1019.1,80,2.4,2.9,1,.6,.9,1.4,5.2,7.1
22101,2013-01-24,7.7,1017.5,66,.7,2.8,1.7,1.2,2.2,3.1,5.6,7.1
22101,2013-01-25,7.5,1023.2,56,-6.1,2.5,1.7,1.1,1.9,2.7,5.1,5.8
22101,2013-01-26,8,1024.3,56,-5.8,2.4,1.6,1.1,1.3,2.2,4.7,5.3
22101,2013-01-27,7,1026.1,63,-3.6,2.2,1.7,1.1,1.8,2.7,5.1,5.8
22101,2013-01-28,4.8,1026.3,74,-.3,2.3,.7,.5,.9,1.4,4.3,5.8
22101,2013-01-29,5.3,1025.7,86,3.6,2.7,1,.7,.9,1.5,5.9,7.1
22101,2013-01-30,2.5,1029,87,3.9,3,.6,.4,.7,1.1,5.6,7.1
22101,2013-01-31,4.1,1028.6,76,5.1,3.9,.3,.2,.3,.4,4.8,5.8
22101,2013-02-01,6,,,,,.8,.5,1.1,2.2,4.2,5.8
22101,2013-02-02,7.8,1028.6,59,-1,2.5,1.9,1.3,1.6,2.4,5.4,7.1
22101,2013-02-03,5.2,1024.8,68,-1.8,2.2,.6,.4,.8,1,3.6,5.3
22101,2013-02-04,6.3,1021.3,76,.2,2.3,1,.6,1.2,1.9,3.8,5.3
22101,2013-02-05,4,1022,76,-.3,2.2,.6,.4,.7,1,4.5,7.1
22101,2013-02-06,7.5,1019.5,69,-.1,2.2,1.5,1,1.2,1.9,4.5,5.3
22101,2013-02-07,11,1027.5,62,-8.4,1.8,2.9,1.9,2.3,4.2,5.8,7.1
22101,2013-02-08,4.5,,,,,1.1,.8,1.8,2.8,5.4,7.1
22101,2013-02-09,2.5,1028.7,69,-4.2,1.9,.6,.4,.6,1,4.9,7.1
22101,2013-02-10,5.8,1027.7,60,-1.8,2,1,.6,1.2,1.9,4.6,5.8
22101,2013-02-11,3.4,1032.4,53,-5,1.8,.8,.5,1.2,1.8,4.5,5.3
22101,2013-02-12,2.6,1026.8,64,-2.6,1.6,.3,.2,.3,.6,4.2,7.1
22101,2013-02-13,3.8,1027.8,74,0,1.7,.7,.5,.6,1.2,5.3,6.4
22101,2013-02-14,3.1,,,,,.5,.3,.4,.6,4.7,5.8
22101,2013-02-15,6.9,1025.2,54,-.4,1.9,1.1,.7,1.2,1.6,4.4,5.3
22101,2013-02-16,,1028.3,49,-1.5,2.3,,,.7,1.3,,5.3
22101,2013-02-17,3.1,1020.8,72,1.2,2.1,.3,.2,.4,.6,3.7,6.4
22101,2013-02-18,8.2,1020.5,58,.2,1.9,1.5,1,1.8,3.1,4.5,5.3
22101,2013-02-19,8.8,,45,-2.4,1.6,1.8,1.2,1.7,2.9,4.6,5.3
22101,2013-02-20,2.8,1030.3,45,-3.9,1.5,.9,.6,1.2,2,5,6.4
22101,2013-02-21,1.7,1030.1,72,-.2,1.9,.4,.2,.4,.6,4.1,5.3
22101,2013-02-22,6.5,1026.7,67,1.6,1.8,1.5,1,1.4,2.3,4.9,6.4
22101,2013-02-23,5.2,1029.5,54,.4,1.7,1.1,.7,1,1.6,4.8,5.8
22101,2013-02-24,,,,,,,,.8,1.3,,5.8
22101,2013-02-25,2.8,1028.8,65,2.1,1.9,.2,.1,.2,.3,4.4,6.4
22101,2013-02-26,2.3,1021.2,80,2.7,2,.2,.1,.2,.3,4.8,5.8
22101,2013-02-27,2.2,1020.2,90,.8,2,.5,.3,.4,.7,4.8,5.8
22101,2013-02-28,3.5,1015.9,82,3.1,2.3,.3,.2,.4,.5,4.1,5.3
22101,2013-03-01,9.6,1019.5,63,-.2,2.1,2.2,1.4,2.1,3.1,5.1,7.1
22101,2013-03-02,8.5,1027.6,61,-.7,2.1,2,1.3,2.1,3.1,5.3,5.8
22101,2013-03-03,3.6,,63,.5,2.6,.8,.5,.8,1.4,4.7,5.3
22101,2013-03-04,4.9,1021.3,80,2.3,3,1.1,.7,1,1.5,4.9,6.4
22101,2013-03-05,4,1025,79,2.5,3.3,.7,.5,.8,1,4.3,5.8
22101,2013-03-06,6.1,1019,82,4.6,3.5,1,.7,1.1,1.7,5,5.8
22101,2013-03-07,6.4,,,,,1.5,1,1.3,1.9,5.4,6.4
22101,2013-03-08,4.7,1009,89,3.7,3.5,1,.7,.9,1.2,5.1,6.4
22101,2013-03-09,7.3,1006.7,79,5.5,3.4,1.1,.7,1.3,2.1,5.3,6.4
22101,2013-03-10,9.6,1021.8,53,.6,3.1,2.2,1.5,2.3,3.3,5.6,7.1
22101,2013-03-11,3.3,1025.6,57,1.5,3,.7,.5,1.2,1.9,4.5,5.3
22101,2013-03-12,3.3,1015.2,83,4.1,3.2,.2,.2,.3,.5,4.1,7.1
22101,2013-03-13,9.5,1015.6,70,2.6,3,1.9,1.3,1.9,3.3,5,6.4
22101,2013-03-14,5.6,1028.1,64,1.9,3,1.1,.7,1.7,2.9,4.9,7.1
22101,2013-03-15,2,1026.4,73,2.6,3.2,.4,.3,.4,.7,4.4,6.4
22101,2013-03-16,2.3,,88,3.5,3.8,.5,.3,.4,.6,4.2,5.3
22101,2013-03-17,,,90,3.5,4.8,.3,.2,.2,.4,4.2,5.8
22101,2013-03-18,3,1005.6,91,4,4.6,.2,.1,.3,.5,3.6,5.8
22101,2013-03-19,3,1012.6,88,3.3,3.7,.7,.4,.7,1.3,4.6,5.8
22101,2013-03-20,,,,,,,,2.4,3.5,,6.4
22101,2013-03-21,4,1018.7,55,.5,3.4,,,1.6,2.2,,6.4
22101,2013-03-22,4.1,1013.9,74,3.2,3.4,1.3,.9,1.5,2.2,5.5,6.4
22101,2013-03-23,3.6,1015.9,55,2.6,3.4,.8,.5,1.1,1.8,5,5.8
22101,2013-03-24,6.3,1014.6,69,3.2,3.4,1.1,.7,1.6,2.6,4.2,6.4
22101,2013-03-25,7.8,1019.3,56,2.2,3.4,1.9,1.2,1.9,3.3,5,5.8
22101,2013-03-26,2.1,1022.1,65,3,3.8,.7,.4,.9,1.5,4.6,5.8
22101,2013-03-27,1.6,1016.8,78,3.5,3.8,.4,.3,.4,.6,4.3,5.3
22101,2013-03-28,3.8,1017.7,77,4.4,3.9,.8,.5,1.1,1.8,4.7,5.8
22101,2013-03-29,7.1,1022.2,54,3.8,3.8,1.2,.8,1.2,1.9,4.3,5.3
22101,2013-03-30,3,1023.4,60,3.6,3.9,.4,.2,.6,.9,3.7,6.4
22101,2013-03-31,2.6,1024.2,67,4.1,4.6,.3,.2,.3,.4,3.3,4.6
22101,2013-04-01,3,1019.2,75,5.6,4.4,.2,.1,.2,.3,3.8,5.8
22101,2013-04-02,6.1,1014.3,87,4.7,4.3,1.2,.8,1.6,2.6,4.6,7.1
22101,2013-04-03,3.6,1016.5,84,5,4.4,.8,.5,.7,1.4,4.9,7.1
22101,2013-04-04,2,,86,5.8,4.9,.5,.3,.5,.7,4.2,4.9
22101,2013-04-05,,,,,,,,.2,.4,,5.3
22101,2013-04-06,7.5,1002.9,85,5,4.6,1.6,1,2.1,3,4.6,6.4
22101,2013-04-07,9.3,1006.7,66,4,4.7,2.5,1.7,2.2,3.5,5.7,7.1
22101,2013-04-08,6.6,1012.9,80,5.6,5,1,.7,1,1.5,4.9,5.8
22101,2013-04-09,8.8,1015.3,70,5.3,5.1,1.9,1.3,1.8,2.6,5.7,7.1
22101,2013-04-10,6.7,1018.2,72,5.2,5.2,1.4,1,1.5,2.2,5.3,7.1
22101,2013-04-11,7.2,1017.1,73,5.4,5.3,1.5,1,1.3,2.4,5.4,7.1
22101,2013-04-12,5.5,1019,75,5.8,5.4,.8,.5,.8,1.2,4.4,5.3
22101,2013-04-13,8.9,1010.9,73,7.5,5.5,1.5,1.1,1.8,2.5,5.5,8
22101,2013-04-14,6.9,1009.7,62,5.9,5.5,1.9,1.3,2,2.4,5.8,8
22101,2013-04-15,3.1,,63,5.8,5.5,.5,.3,.7,1.1,4.1,6.4
22101,2013-04-16,5.5,1003.8,85,7.4,5.7,.8,.5,.9,1.7,4.6,8
22101,2013-04-17,3,1008.5,86,7.2,,.7,.4,.6,1,6,8
22101,2013-04-18,5.6,1012.5,74,7.3,6,1.1,.7,1.4,2.5,4.1,5.8
22101,2013-04-19,4.9,1018.4,65,6.8,6.2,1,.7,1,1.5,4,5.3
22101,2013-04-20,3.2,1017.9,80,5.1,5.9,.6,.4,.6,.9,4,4.9
22101,2013-04-21,4.9,1019.5,80,6.8,6,1.1,.8,1.1,1.7,5.1,6.4
22101,2013-04-22,2.4,1022.1,85,7.1,6.3,.7,.5,.8,1.2,4.8,5.8
22101,2013-04-23,3.9,1015,84,7.9,6.2,.3,.2,.3,.6,3.2,5.3
22101,2013-04-24,4.5,1010.9,91,6.8,6.9,.5,.4,.5,.9,3.3,3.8
22101,2013-04-25,5.9,1009.1,93,6.6,6.5,.8,.5,.9,1.4,4.3,5.8
22101,2013-04-26,5.8,1011.2,79,8,6.7,1.2,.8,1.1,1.6,4.9,5.8
22101,2013-04-27,3.7,1016.5,78,8.5,7,.5,.3,.5,.8,4.2,5.3
22101,2013-04-28,5.9,1015.8,77,10.5,7.2,.8,.5,.9,1.4,4.5,7.1
22101,2013-04-29,6.4,1012,89,8.7,7.1,1.4,.9,1.2,2,6.2,7.1
22101,2013-04-30,5.3,1009.8,80,8.6,7.2,.8,.6,.8,1.1,4.9,5.8
22101,2013-05-01,3.6,1011.2,82,8.7,7.4,.7,.5,.6,.9,4.5,5.8
22101,2013-05-02,3.1,1012.8,84,8.8,7.5,.6,.4,.8,1.3,4.1,5.3
22101,2013-05-03,4,1015.9,87,8.5,7.5,.6,.4,1,1.3,3.6,4.6
22101,2013-05-04,3.2,1019.5,90,8.5,7.6,.6,.4,.7,1.1,4,5.3
22101,2013-05-05,3.3,1021.9,95,6.6,7.7,.5,.3,.4,.6,3.6,4.3
22101,2013-05-06,2.1,1019,88,8.2,7.9,.4,.3,.3,.6,3.8,4.3
22101,2013-05-07,1.3,1020.2,80,10.3,9,.2,.2,.2,.3,3.8,5.8
22101,2013-05-08,1.2,1020.2,82,10.3,9.1,.2,.1,.2,.3,4.1,7.1
22101,2013-05-09,3.4,1013.8,84,11,8.5,.3,.2,.6,1,3.8,5.3
22101,2013-05-10,5.1,1003.2,95,9.6,8.4,.9,.6,.7,1.3,5.2,7.1
22101,2013-05-11,6.3,1003.9,94,10.1,8.6,.8,.5,.7,1.1,4.1,4.9
22101,2013-05-12,7.9,1004.3,90,11.1,8.8,1.4,.9,1.3,2.2,5.5,6.4
22101,2013-05-13,4.5,1010.3,81,11.8,9,1.1,.7,1,1.7,5.8,6.4
22101,2013-05-14,3.2,1012.2,81,13,9.1,.8,.5,.6,1,5,5.8
22101,2013-05-15,2.1,1013.8,92,10.6,9.3,.6,.4,.6,1,5,5.8
22101,2013-05-16,3.2,1016.4,75,13.6,9.5,.3,.2,.4,.6,3.8,5.8
22101,2013-05-17,3.6,1016.4,72,12.8,9.6,.4,.3,.4,.6,3.9,7.1
22101,2013-05-18,2.9,1009,92,10.9,9.6,.5,.3,.7,1.3,5.5,8
22101,2013-05-19,4.8,999.5,93,11.5,9.8,.5,.3,.6,1,3.3,8
22101,2013-05-20,3.7,1004.6,95,9.9,9.8,.6,.4,.5,.8,3.7,4
22101,2013-05-21,2.7,1008.1,84,9.9,9.9,.4,.3,.4,.6,4,7.1
22101,2013-05-22,,1010.8,86,11.4,10.1,,,.4,.6,,5.3
22101,2013-05-23,,1013.9,96,9.5,10.3,,,.3,.5,,4.9
22101,2013-05-24,1.4,1014.9,95,10.4,10.5,.2,.2,.2,.5,4,5.3
22101,2013-05-25,.8,1014.3,89,12.8,10.7,.2,.1,.2,.3,4.1,6.4
22101,2013-05-26,2.5,1015.8,81,15.6,11,.2,.1,.2,.3,4.6,7.1
22101,2013-05-27,8.4,1007.8,87,15.9,10.9,.9,.6,.9,1.8,5,9.1
22101,2013-05-28,4.2,1004.6,95,13.4,10.9,.8,.5,.8,1.4,6.7,8
22101,2013-05-29,3.5,1009.1,94,12.3,11,.6,.4,.5,.8,5.5,7.1
22101,2013-05-30,3.2,1012.7,89,12.3,11,.5,.3,.4,.8,4.4,5.3
22101,2013-05-31,1.6,1010.7,88,13.1,11.5,.3,.2,.3,.4,4.2,6.4
22101,2013-06-01,1.9,1008.1,89,13.3,11.5,.3,.2,.3,.4,4.2,6.4
22101,2013-06-02,1.4,1007.8,93,12.5,11.8,.3,.2,.3,.5,3.5,4.3
22101,2013-06-03,2.4,1012.4,94,12.7,11.8,.3,.2,.3,.5,3.3,4.3
22101,2013-06-04,2,1016.9,90,14.8,12.2,.4,.3,.4,.7,4.3,5.3
22101,2013-06-05,.8,1017.3,89,15.2,12.3,.4,.3,.5,.8,4.6,6.4
22101,2013-06-06,1.1,1015.2,92,16,12.5,.3,.2,.3,.4,4.2,5.8
22101,2013-06-07,.8,1012.2,92,15.1,12.7,.2,.1,.2,.4,4.4,6.4
22101,2013-06-08,1.6,1009.3,91,15.2,12.7,.2,.1,.2,.3,4.6,8
22101,2013-06-09,2.2,1007.1,74,17.6,13,.4,.3,.3,.6,8.8,10.7
22101,2013-06-10,2.1,1007,76,17.5,13.2,.3,.2,.3,.4,7.4,9.1
22101,2013-06-11,2.5,1006.3,84,16.3,13.2,.3,.2,.3,.5,6,7.1
22101,2013-06-12,1.4,1008.7,95,14.8,13.3,.3,.2,.2,.4,5.4,7.1
22101,2013-06-13,.8,1013.6,95,14.6,13.5,.4,.3,.4,.6,4.5,5.8
22101,2013-06-14,1.1,1013.6,89,15.4,13.8,.2,.1,.2,.3,4.1,6.4
22101,2013-06-15,1,1012.6,91,15.9,14.1,.2,.1,.2,.3,3.8,6.4
22101,2013-06-16,1.3,1008.9,93,15.9,14.4,.2,.1,.2,.3,3.8,6.4
22101,2013-06-17,2.4,1002.7,95,16.1,14.2,.3,.2,.4,.6,3.9,5.3
22101,2013-06-18,2.6,996.8,96,17.3,14.2,.5,.3,.4,.7,4.6,5.3
22101,2013-06-19,1.1,1001,94,16.4,14.7,.3,.2,.2,.4,4.4,5.3
22101,2013-06-20,.8,1005.8,92,16.4,14.7,.4,.2,.3,.4,4.7,7.1
22101,2013-06-21,1.1,1005.9,92,16.9,14.8,.4,.2,.4,.6,8.6,10.7
22101,2013-06-22,1.8,1006.9,94,16.4,14.8,.5,.3,.5,.7,7.5,9.1
22101,2013-06-23,2.5,1007.1,93,16.3,14.8,.4,.3,.4,.6,5.4,9.1
22101,2013-06-24,1.2,1006.7,96,15.9,15,.3,.2,.3,.5,7.9,9.1
22101,2013-06-25,1.5,1006.2,94,16,15.1,.3,.2,.2,.4,7.1,8
22101,2013-06-26,1.6,1003.3,95,16.4,15.2,.3,.2,.3,.4,6.9,9.1
22101,2013-06-27,1.5,1005,95,16.7,15.3,.6,.4,.6,.9,7.7,9.1
22101,2013-06-28,1.2,1006.8,95,17.5,15.5,.6,.4,.5,.7,5.2,8
22101,2013-06-29,.9,1010.7,96,17.6,15.9,.5,.3,.4,.7,6.7,9.1
22101,2013-06-30,1.1,1010.9,90,18.4,16.2,.3,.2,.3,.4,7.4,8
22101,2013-07-01,2,1008.3,91,18.5,16.1,.3,.2,.3,.5,4.6,7.1
22101,2013-07-02,8.4,999.6,93,19.7,16.1,1.7,1.1,2,3.5,5.7,7.1
22101,2013-07-03,3.7,999.5,93,18.4,16.4,1.2,.8,1.3,1.8,6.2,8
22101,2013-07-04,5.1,997.4,96,19,16.4,.8,.5,.7,1.1,4.6,8
22101,2013-07-05,1.8,998,96,18.4,16.8,.8,.5,.7,1.2,6.2,8
22101,2013-07-06,1.8,1006.2,96,18.2,16.7,.7,.5,.6,1,8.3,9.1
22101,2013-07-07,2.6,1007.4,96,19.5,16.7,.5,.3,.4,.7,7.7,8
22101,2013-07-08,7.4,1005.9,96,19.7,16.8,1.3,.8,1.3,2.1,6.4,8
22101,2013-07-09,4.6,1006.8,96,19.1,17,1,.6,1.3,2.1,6.7,8
22101,2013-07-10,6.3,1005.5,96,19.2,17.1,.9,.6,.8,1.3,5.1,7.1
22101,2013-07-11,6.5,1006.7,96,19.7,17.1,1,.6,.9,1.4,4.8,7.1
22101,2013-07-12,6.8,1007.5,96,20.2,17.2,1.1,.7,1,1.7,5.7,7.1
22101,2013-07-13,4.3,1010.3,96,20.5,17.5,.9,.6,.9,1.6,5.8,6.4
22101,2013-07-14,,,,,,,,.9,1.4,,12.8
22101,2013-07-26,,,,,,,,.3,.4,,5.8
22101,2013-07-27,1.9,1005,96,21.5,,.3,.2,.4,.5,4.9,7.1
22101,2013-07-28,6,1002.5,96,23,24,.6,.4,.6,1.1,4,6.4
22101,2013-07-29,2.8,1002,98,22.2,23.3,.6,.4,.6,1,4.3,5.3
22101,2013-07-30,4,1001.2,97,22.4,23.7,.5,.3,.6,.9,3.9,7.1
22101,2013-07-31,3.2,1001.7,94,23,23.3,1.2,.7,1.1,1.7,5.1,6.4
22101,2013-08-01,1.2,1006.7,95,22.9,23.9,.5,.3,.5,.9,4.9,8
22101,2013-08-02,2.9,1009.8,95,23.9,23.6,.5,.3,.4,.8,5.5,7.1
22101,2013-08-03,3.6,1008.6,97,23.7,23.3,.7,.5,.6,1.1,5.7,7.1
22101,2013-08-04,2.5,1004.5,98,24.2,24.5,.7,.4,.6,.9,5.7,8
22101,2013-08-05,4.9,1002.6,96,24.5,25.2,1,.6,.8,1.6,5,5.8
22101,2013-08-06,4.9,1005.2,97,24.3,24.3,1.2,.7,1,1.6,6.1,7.1
22101,2013-08-07,4.3,1006.2,97,24.4,23.6,.7,.5,.6,1.1,5.1,5.8
22101,2013-08-08,5.3,1004,97,24.7,23.5,.8,.5,.7,1,4.4,5.3
22101,2013-08-09,4.2,1004.1,97,25.5,23.7,.7,.5,.6,1,4.8,5.8
22101,2013-08-10,2.9,1008,96,24.4,23.6,.7,.4,.8,1,4.8,6.4
22101,2013-08-11,1.9,1010.7,95,24.7,24,.5,.3,.4,.8,4.9,6.4
22101,2013-08-12,2.6,1010.7,97,24.5,24.1,.6,.4,.6,1,5.4,7.1
22101,2013-08-13,3,1010.4,96,24.8,24.3,1,.6,.8,1.3,5.7,7.1
22101,2013-08-14,2.6,1010.5,96,24.9,24.6,.9,.6,.7,1.1,5.5,6.4
22101,2013-08-15,3,1009.1,97,25.2,24.9,1.1,.7,.8,1.4,5.7,6.4
22101,2013-08-16,3.7,1006.2,95,25.6,25,1.1,.7,.8,1.4,5.5,6.4
22101,2013-08-17,4.7,1004.5,90,26.5,25.2,1.6,1,1.3,2,6.1,7.1
22101,2013-08-18,3.4,1005,94,26.4,25.5,1.3,.8,1.1,2,5.6,6.4
22101,2013-08-19,2,1006.6,90,25.2,25.4,.7,.5,.7,.9,4.6,5.8
22101,2013-08-20,2.2,1007.5,87,25.2,25.4,.5,.3,.5,.8,4.8,6.4
22101,2013-08-21,1.6,1008,88,25.5,25.5,.3,.2,.4,.6,4.4,7.1
22101,2013-08-22,1.2,1009.3,89,25.8,25.7,.3,.2,.4,.5,6.9,10.7
22101,2013-08-23,2.1,1008.2,88,24.7,25.6,.7,.4,.9,1,8.8,10.7
22101,2013-08-24,2.2,1006.9,85,25.5,25.8,.6,.4,.6,.8,8.3,9.1
22101,2013-08-25,3.6,1005.6,77,25.5,25.7,.6,.4,.6,1,6.4,9.1
22101,2013-08-26,,1005.1,83,25.8,25.9,,,.5,.8,,8
22101,2013-08-27,2.6,1007.7,81,25.3,25.8,.4,.3,.4,.7,3.6,5.8
22101,2013-08-28,3.4,1007,80,25.1,25.9,.4,.3,.5,.8,3.3,6.4
22101,2013-08-29,8.1,998.6,89,25.8,25.8,2.1,1.3,1.8,3.3,7.1,8
22101,2013-08-30,5.7,1003.4,79,23.8,25.8,1.6,1,1.4,2.2,5.6,8
22101,2013-08-31,5.5,1007.1,72,23.5,25.7,1.5,1,1.2,2,5.4,9.1
22101,2013-09-01,5.5,1012.4,61,24,25.7,1,.6,.9,1.7,5.4,9.1
22101,2013-09-02,5.3,1014.5,60,23.2,25.3,.9,.6,1,1.7,4,9.1
22101,2013-09-03,6,1014,60,22.5,25.1,.9,.6,1.3,2.2,3.9,4.9
22101,2013-09-04,5.5,1013,64,22.2,24.7,.8,.5,1,1.7,3.5,4.6
22101,2013-09-05,4.5,1016.3,72,22.4,24.3,.4,.3,.4,.7,3.8,5.8
22101,2013-09-06,3.9,1018.2,75,21.8,24,.4,.2,.4,.7,4.3,8
22101,2013-09-07,2.7,1017.9,74,21.6,23.8,.4,.2,.3,.6,3.8,4.9
22101,2013-09-08,2.6,1017.9,81,22.7,23.9,.3,.2,.3,.4,3.5,5.3
22101,2013-09-09,2.1,1015.7,88,22.7,23.8,.3,.2,.2,.4,3.9,8
22101,2013-09-10,3.7,1013.5,,,23.1,.3,.2,.6,1,3.7,7.1
22101,2013-09-11,,,,,,,,1.1,1.7,,8
22101,2013-09-12,,,,,,,,.4,.6,,5.8
22101,2013-09-13,3.8,1010.3,79,,,.6,.4,.7,1,4.5,6.4
22101,2013-09-14,4.4,,,,,.5,.3,.4,.8,4.6,5.8
22101,2013-09-15,4.5,1009.7,67,,,.6,.4,.8,1.2,3.7,4.9
22101,2013-09-16,5.2,1012.7,47,,,.9,.6,.9,1.4,4.3,5.3
22101,2013-09-17,1.6,1018.4,66,,,,,.3,.4,4.2,7.1
22101,2013-09-18,,,,,,,,.2,.4,,5.3
22101,2013-09-19,4.4,1018.1,67,,,.3,.2,.3,.5,3.6,7.1
22101,2013-09-20,2.4,1016,74,,,.4,.2,.3,.6,4.4,5.8
22101,2013-09-21,2.7,1015.6,77,,,.3,.2,.3,.5,5.1,9.1
22101,2013-09-22,6.7,1016.8,59,,,.4,.3,.5,.8,6.8,12.8
22101,2013-09-23,4.5,1015.5,64,,,.5,.3,.5,.8,8.6,12.8
22101,2013-09-24,,1011.4,73,,,,,.9,1.6,,10.7
22101,2013-09-25,,1013.4,47,,,,,1.4,2.5,,5.8
22101,2013-09-26,,1017.5,38,,,,,1.1,1.8,,6.4
22101,2013-09-27,3.1,1018.3,53,,,.5,.3,.4,.6,4.3,5.8
22101,2013-09-28,,,,,,,,.5,.8,,5.3
22101,2013-09-29,4.3,1015.4,76,,,.4,.2,.3,.6,3.1,5.3
22101,2013-09-30,4.7,1017.2,70,,,.4,.3,.4,.7,3.2,4.3
22101,2013-10-01,,,,,,,,.3,.5,,5.8
22101,2013-10-02,8.1,1013.1,73,19.7,20.1,1.6,1,1.6,2.4,4.7,6.4
22101,2013-10-03,6,1019.1,57,18.5,20,1,.6,1.4,2.2,4.8,5.8
22101,2013-10-04,,1020.2,57,18.9,19.8,,,.3,.5,,6.4
22101,2013-10-05,3.7,1021.6,72,20.7,19.7,.2,.1,.2,.4,4,9.1
22101,2013-10-06,5.6,1022.4,70,21.6,19.7,.4,.3,.4,.6,4.3,10.7
22101,2013-10-07,,,,,,,,.4,.7,,10.7
22101,2013-10-08,,,,,,,,.5,.8,,10.7
22101,2013-10-09,,1014.7,81,19.3,19.7,,,.5,.8,,10.7
22101,2013-10-10,,,,,,,,.3,.4,,7.1
22101,2013-10-11,,1012.4,71,18.9,19.2,,,2,2.9,,7.1
22101,2013-10-12,5.6,1020,60,18.8,19.2,1,.6,1.1,1.8,5,7.1
22101,2013-10-13,1.7,,,,,.3,.2,.3,.6,3.8,4.6
22101,2013-10-14,3.1,1019,85,19.2,19.3,.5,.3,.5,.9,4.7,5.3
22101,2013-10-15,9.3,1018.1,77,15.7,19,1.5,1,1.3,2.2,4.6,5.3
22101,2013-10-16,5.8,1022.6,59,14.6,19.1,.9,.5,.9,1.7,4.8,6.4
22101,2013-10-17,2.2,,,,,.4,.3,.6,1,4.5,5.8
22101,2013-10-18,3,,,,,.2,.1,.2,.4,4.4,5.3
22101,2013-10-19,,,,,,,,.3,.4,,9.1
22101,2013-10-29,,,,,,,,1.2,1.6,,5
22101,2013-10-30,,,,,17.7,1,.7,1.3,1.8,4.4,4.8
22101,2013-10-31,,,,,17.5,.4,.3,.5,.7,4.1,5.5
22101,2013-11-01,,,,,17.4,.3,.2,.3,.5,5.4,10.4
22101,2013-11-02,,,,,17.3,.3,.2,.4,.6,6.6,11
22101,2013-11-03,,,,,17.2,.4,.3,.5,.8,8.1,11.6
22101,2013-11-04,,,,,17,1,.7,1.1,1.6,5.9,8.1
22101,2013-11-05,,,,,16.9,.5,.4,.6,.7,6.6,10.5
22101,2013-11-06,,,,,16.8,.5,.3,.7,.9,6,10.4
22101,2013-11-07,,,,,16.6,1.5,1.1,1.4,2.1,5.4,6.8
22101,2013-11-08,,,,,16.4,.6,.4,.8,1.1,6.4,11.4
22101,2013-11-09,,,,,16.2,.5,.3,.8,1,4.6,8.9
22101,2013-11-10,,,,,15.9,2.1,1.5,1.9,2.7,5.1,5.8
22101,2013-11-11,,,,,15.6,1.6,1.1,1.7,2.4,4.9,5.5
22101,2013-11-12,,,,,15.3,1.3,.9,1.4,2,4.5,5.1
22101,2013-11-13,,,,,15.1,.7,.5,1,1.4,5.1,6.3
22101,2013-11-14,,,,,14.9,.5,.4,.7,1.1,4.8,8.7
22101,2013-11-15,,,,,14.7,.9,.6,1,1.4,5.1,7.3
22101,2013-11-16,,,,,14.6,.8,.5,1.3,1.8,5.2,7.4
22101,2013-11-17,,,,,14.3,2.4,1.8,2.5,3.1,5.9,7.2
22101,2013-11-18,,,,,13.8,2.5,1.9,2.3,3.1,6.2,7.2
22101,2013-11-19,,,,,13.3,2.3,1.7,2.3,3.1,6.1,7.2
22101,2013-11-20,,,,,12.8,1.3,.9,1.2,1.9,5.3,6.5
22101,2013-11-21,,,,,12.6,.9,.7,1,1.2,4.8,6.5
22101,2013-11-22,,,,,12.3,.9,.6,1,1.5,4.7,6
22101,2013-11-23,,,,,12.3,.5,.4,.4,.7,4.5,5.9
22101,2013-11-24,,,,,12.3,.8,.5,1.1,1.6,4.1,5.6
22101,2013-11-25,,,,,12.1,3.7,2.7,3.5,5.5,6.8,8
22101,2013-11-26,,,,,11.8,1.6,1.2,1.8,2.4,5.5,6.5
22101,2013-11-27,,,,,11.3,2.4,1.7,2.8,4.2,5.8,7.4
22101,2013-11-28,,,,,11,1.9,1.4,1.9,2.5,6.6,7.3
22101,2013-11-29,,,,,10.9,1.4,1,1.3,1.8,6.2,7.2
22101,2013-11-30,,,,,,1,.7,.9,1.2,5.4,6.7
22101,2013-12-01,,,,,10.7,.9,.7,.9,1.3,5.1,6.4
22101,2013-12-02,,,,,10.7,.7,.5,.8,1.2,5.3,7.3
22101,2013-12-03,,,,,10.6,.5,.4,.5,.8,6.5,10.3
22101,2013-12-04,,,,,10.5,.4,.3,.4,.6,6.8,10.8
22101,2013-12-05,,,,,10.4,.4,.3,.9,1.1,6.7,10.6
22101,2013-12-06,,,,,10.2,.9,.6,1,1.4,5.4,9.2
22101,2013-12-07,,,,,10.1,.8,.6,1,1.5,5.1,7.3
22101,2013-12-08,,,,,,.6,.3,.5,.7,5.4,12.8
22101,2013-12-09,7.6,1011.4,83,7.3,10,1.1,.6,1,2.1,4.6,16
22101,2013-12-10,7.3,1015,64,3.1,9.8,1.4,.8,1.2,2.1,5.3,7.1
22101,2013-12-11,10.3,1014.3,78,2,9.6,2,1.1,1.8,2.9,6,8
22101,2013-12-12,8.3,1017.1,71,2.6,9.3,1.7,1,1.5,2.8,6.1,8
22101,2013-12-13,4.9,1024.1,74,-.6,9,1.3,.7,1.1,2,6.2,8
22101,2013-12-14,4.5,1027,71,.3,8.8,1.2,.7,1.1,1.9,6.2,8
22101,2013-12-15,4.1,1032.1,51,.9,8.6,.8,.4,.6,1.1,4.9,16
22101,2013-12-16,4.3,1030.3,56,.7,8.5,.6,.3,.5,1.1,5.1,16
22101,2013-12-17,6.1,1027.3,59,2.4,8.4,.7,.4,.7,1,3,4.6
22101,2013-12-18,6.6,1023.4,74,3.1,8.2,1,.6,1,1.7,5.7,21.3
22101,2013-12-19,10.7,1021.5,72,-.7,8,1.9,1,1.6,3.1,6.3,8
22101,2013-12-20,8.1,1020.3,73,-.2,7.6,1.7,1,1.5,2.5,6.2,8
22101,2013-12-21,5.1,,,,,1,.6,1,1.5,,8
22101,2013-12-22,3,1029.5,66,1.5,7.2,.8,.5,.7,1.2,,6.4
22101,2013-12-23,4.8,1028.5,62,1.3,7.2,.8,.5,.5,1.1,3.2,4.9
22101,2013-12-24,2.4,1030.6,59,1.3,7.1,.7,.4,.7,1.4,5.1,16
22101,2013-12-25,1.2,1027.9,66,3,7,.3,.2,.3,.5,4,5.3
22101,2013-12-26,6.7,1021.2,69,2.1,7,1.2,.7,1.5,2.4,4.2,6.4
22101,2013-12-27,9.6,1023,63,-2.5,6.8,1.7,.9,1.6,2.4,5.6,7.1
22101,2013-12-28,6.4,1022.3,63,-1.2,6.7,1.2,.7,.9,1.8,4.8,5.8
22101,2013-12-29,6.3,1020.9,61,1.7,6.5,1.3,.8,1.4,2.4,5.5,6.4
22101,2013-12-30,6.8,1016.2,61,5.9,6.3,1.5,.9,1.4,2.2,6.7,7.1
22101,2013-12-31,6.7,1012.6,68,6.2,6.2,1.3,.8,1.1,1.7,5.8,7.1
22101,2014-01-01,6.7,1014.3,70,6.2,6,1.5,.8,1.1,2.2,6.5,7.1
22101,2014-01-02,2.5,1021.1,49,3.8,6,.8,.5,.8,1.5,10.2,21.3
22101,2014-01-03,4,1017.9,74,4.9,6,.6,.4,.7,1.1,9.1,21.3
22101,2014-01-04,7.7,1020.6,50,1,5.9,1.2,.6,.9,2.1,4.4,5.3
22101,2014-01-05,3.7,1024.6,47,1.8,5.8,.7,.4,.7,1.2,7.4,21.3
22101,2014-01-06,3.2,1028.1,63,3.6,5.8,.4,.2,.6,.7,10.5,21.3
22101,2014-01-07,3.2,1025.3,76,5.4,5.8,.6,.3,.6,.9,4,16
22101,2014-01-08,9.5,1023.3,67,.2,5.8,1.3,.7,1.1,1.8,4.7,5.8
22101,2014-01-09,8.1,1030,52,-4.3,5.5,1.4,.8,1.2,2.9,4.8,5.8
22101,2014-01-10,2.3,1031.6,72,-1.2,5.4,.8,.5,.8,1.2,5.3,6.4
22101,2014-01-11,3.2,1031.6,55,1.9,5.3,.8,.5,.8,1.5,5,5.8
22101,2014-01-12,7.6,1029.6,56,.3,5.2,1.2,.7,1.1,1.8,4,5.8
22101,2014-01-13,5.5,1033.7,53,-3.4,5,1,.6,.8,1.6,3.5,5.3
22101,2014-01-14,2.9,1033.7,60,-.9,5,.5,.3,.4,.7,7,21.3
22101,2014-01-15,3,1033,59,.6,4.9,.5,.3,.5,.9,4.6,16
22101,2014-01-16,2.4,1029,68,3.7,4.8,.6,.3,.5,.8,4.5,12.8
22101,2014-01-17,2.8,1027.2,62,2.4,4.7,.4,.2,.5,.8,7.5,21.3
22101,2014-01-18,8.2,1028.8,58,.6,4.7,1.4,.8,1.4,2.2,4.9,6.4
22101,2014-01-19,4,1028.5,68,.3,4.5,.8,.4,1.3,2.2,4.9,12.8
22101,2014-01-20,7.6,1022,79,1.6,4.5,1.6,.9,1.3,2.7,5.6,9.1
22101,2014-01-21,6.2,1026.3,69,-3.2,4.4,1.5,.8,1.5,2.6,6.5,16
22101,2014-01-22,2.7,1029,66,-.2,4.3,.7,.4,.7,1.4,8.5,21.3
22101,2014-01-23,5.8,1026.4,80,2.9,4.3,.8,.5,.9,1.4,3.7,5.8
22101,2014-01-24,5,1019.9,85,5.2,4.3,1.1,.7,.9,1.4,6.4,7.1
22101,2014-01-25,5.6,1017.6,86,4,4.4,1,.6,.9,1.7,5.3,7.1
22101,2014-01-26,7.2,1028.6,52,-.7,4.3,1.3,.7,1,1.8,4.3,5.8
22101,2014-01-27,4.7,1023.9,75,2.8,4.2,.8,.5,.8,1.3,3.5,5.8
22101,2014-01-28,5.9,1025.6,64,1.4,4.2,1.2,.7,1.3,2.2,5.3,7.1
22101,2014-01-29,2.7,1021.6,70,1.9,4.2,.5,.3,.4,.8,7.4,21.3
22101,2014-01-30,5,1016.7,75,4.1,4.2,.8,.5,.9,1.4,5.9,16
22101,2014-01-31,3.4,1023.7,54,2.1,4.1,.6,.3,.7,1.1,9.2,16
22101,2014-02-01,4.4,1014.7,84,4.9,4.2,.5,.2,.5,.8,9.6,21.3
22101,2014-02-02,3.1,1011.3,,3.9,4.2,.5,.3,.5,1,8.6,16
22101,2014-02-03,10.3,1018.8,53,-2.3,4.1,1.4,.7,.9,2.1,5,6.4
22101,2014-02-04,8.6,1024.4,47,-4.8,3.8,1.4,.7,1.1,2,6.7,21.3
22101,2014-02-05,4.8,1029.5,48,-3.2,3.7,1.3,.7,1.4,2.3,6.8,21.3
22101,2014-02-06,6,1026.7,48,-.6,3.6,1.3,.8,1.1,1.9,3.2,4.6
22101,2014-02-07,5.7,1020.3,72,2.3,3.6,1.1,.6,.8,1.5,2.7,3.8
22101,2014-02-08,6.9,1017.7,89,.9,3.6,1.8,1,1.5,2.5,3.2,4.3
22101,2014-02-09,8.6,1023,71,-2.1,3.5,2.7,1.5,1.9,3.2,4.9,5.8
22101,2014-02-10,7.5,1026.6,75,-1.1,3.5,2.5,1.4,2.3,4,4,5.8
22101,2014-02-11,5.7,1026.7,63,.8,3.5,1.6,.9,1.3,2.4,2.8,4.6
22101,2014-02-12,5.3,1028.9,70,1.2,3.5,1,.6,1.1,2.2,3.1,3.8
22101,2014-02-13,6,1030.8,68,1.4,3.4,.8,.5,.7,1.1,3.4,16
22101,2014-02-14,4.5,1028.1,70,2.9,3.5,.7,.3,.6,1.3,3.8,16
22101,2014-02-15,3,1027.9,77,2.5,3.5,.7,.3,.5,1.1,7.7,21.3
22101,2014-02-16,1.4,1029,79,3,3.5,.4,.1,.2,.6,7.7,16
22101,2014-02-17,6.1,1027.7,76,2.8,3.5,1.2,.6,1.1,2,3.6,16
22101,2014-02-18,5.4,1027.1,73,2.6,3.4,1.2,.6,1.2,1.9,4.1,16
22101,2014-02-19,3.7,1026.6,71,2.2,3.5,.8,.4,.9,1.5,4.5,21.3
22101,2014-02-20,6.3,1028.4,62,1.5,3.5,1.4,.8,1.4,2.4,3.7,4.9
22101,2014-02-21,3.8,1031.1,66,2.1,3.6,1.1,.6,1.1,2,3.6,4.9
22101,2014-02-22,1.4,1031.9,78,2.9,3.6,.6,.3,.4,.8,3.6,4.6
22101,2014-02-23,1.5,1031.7,78,3.1,3.6,.5,.2,.3,.7,3.4,4.3
22101,2014-02-24,.9,1030.3,94,2.3,3.6,.4,.1,.3,.6,4.1,21.3
22101,2014-02-25,1.3,1029.4,,.2,3.7,.4,.1,.2,.5,3,5.8
22101,2014-02-26,2.5,1024.4,82,4.2,3.8,.4,.2,.3,.6,2.4,5.8
22101,2014-02-27,3.8,1021.4,84,4.8,3.8,.8,.4,1.3,2.1,4.2,8
22101,2014-02-28,3.7,1022.6,77,3.1,3.9,1.1,.6,.9,1.6,4.3,6.4
22101,2014-03-01,3.3,1019.8,82,3.7,3.9,1,.5,.9,1.6,4.3,5.8
22101,2014-03-02,5.1,1023,70,3.6,4,1.3,.7,.9,1.8,3.9,4.9
22101,2014-03-03,2,1027.1,71,3.9,4.1,.7,.3,.5,1.2,7.5,16
22101,2014-03-04,4.2,1023.1,83,4.3,4.1,.9,.4,1.2,1.8,5.9,21.3
22101,2014-03-05,9.7,1025.3,51,1.9,4,2.4,1.4,1.6,2.8,5,5.8
22101,2014-03-06,5.8,1028.3,50,1.7,4,1.6,.9,1.4,2.3,3.8,5.3
22101,2014-03-07,5.7,1030.9,51,.9,4,1.5,.8,1.6,2.6,3.8,5.3
22101,2014-03-08,3.7,1025.4,66,3.1,4.1,1.2,.6,.9,1.6,4.1,5.3
22101,2014-03-09,8.3,1022.6,64,2.4,4.1,2.1,1.2,1.8,3.4,4.5,5.8
22101,2014-03-10,5.2,1027.5,57,1.9,4.2,1.5,.9,1.3,2.5,4,5.3
22101,2014-03-11,5.8,1025.6,85,4.3,4.2,1.5,.9,1.2,2,4,5.3
22101,2014-03-12,4.3,1017.8,87,4.7,4.2,1.4,.8,.9,1.7,5,6.4
22101,2014-03-13,6.2,1014.6,76,4.3,4.2,1.8,1.1,1.5,2.3,4.4,5.8
22101,2014-03-14,4.5,1019.7,73,3.8,4.3,1.6,.9,1.5,2.7,5.2,6.4
22101,2014-03-15,6.8,1018.4,89,5.5,4.3,1.4,.8,1.1,2.1,4.2,5.8
22101,2014-03-16,3.7,1020.4,94,5.7,4.5,1.3,.7,1.2,2,5.4,6.4
22101,2014-03-17,7.6,1017.4,95,7.4,4.6,1.6,.9,1.5,2.5,3.9,6.4
22101,2014-03-18,3.5,1016.2,,5.1,4.8,1.3,.7,1.4,2.3,4.5,6.4
22101,2014-03-19,2.5,1016.9,91,5.2,4.8,.8,.4,.6,1.4,7,21.3
22101,2014-03-20,6.7,1016.1,75,5.4,4.8,2,1.1,2,3.7,4.9,12.8
22101,2014-03-21,6.2,1021.3,74,5.2,4.9,1.8,1,1.5,2.4,4.6,5.8
22101,2014-03-22,4.7,1023.4,92,5.7,5,1,.5,.7,1.3,3.9,5.8
22101,2014-03-23,5,1025.4,87,6.3,5.2,1.1,.7,1,1.5,4.4,5.8
22101,2014-03-24,4.9,1021.5,83,7,5.3,1.1,.6,.9,1.4,4.6,5.8
22101,2014-03-25,1.9,1016.9,97,7.8,5.4,.9,.5,.6,1.1,4.7,5.3
22101,2014-03-26,3.1,1011.2,,7.1,5.5,.8,.4,1,1.8,3.5,5.3
22101,2014-03-27,3.1,1014.3,95,5.8,5.6,.9,.5,.7,1.3,3.1,4.6
22101,2014-03-28,2.4,1016.6,,8.2,5.7,.7,.4,.6,1,3.6,4.9
22101,2014-03-29,3.9,1008.7,90,9.2,5.8,.9,.5,.7,1.4,4.8,6.4
22101,2014-03-30,4,1011.1,88,7.7,5.9,1.3,.7,.9,1.7,4.2,6.4
22101,2014-03-31,1.5,1017.3,80,7.8,6.1,.9,.4,.8,1.5,5.3,16
22101,2014-04-01,1.3,1016.9,69,8.5,6.2,.6,.2,.3,1.2,7.3,21.3
22101,2014-04-02,1.5,1017.5,76,8.1,6.3,.4,.1,.2,.6,8.6,21.3
22101,2014-04-03,4.7,1014.3,86,6.7,6.3,1.2,.6,1.7,3.2,6.4,16
22101,2014-04-04,4.9,1014.6,65,6.1,6.4,1.4,.8,1.3,2.1,4,5.3
22101,2014-04-05,6.4,1015.7,68,6.1,6.4,1.8,1.1,1.9,3.1,4.2,6.4
22101,2014-04-06,6.3,1021.1,72,6.6,6.6,1.7,1,1.6,2.8,4.2,6.4
22101,2014-04-07,4.6,1018.6,84,7.8,6.7,1.3,.8,1.1,2.1,4.6,5.8
22101,2014-04-08,2.1,1018.9,91,7.6,7,.9,.5,.7,1.4,4.4,5.8
22101,2014-04-09,1.5,1019.9,99,6.8,6.9,.6,.3,.4,.8,4.1,5.8
22101,2014-04-10,1.5,1017.9,93,7.1,6.9,.7,.4,.5,.9,3.6,4.3
22101,2014-04-11,1.5,1017.7,96,7.2,7,.6,.3,.5,1,3.5,4.6
22101,2014-04-12,2.5,1018,94,8.5,7.1,.4,.2,.3,.5,4.5,21.3
22101,2014-04-13,2.1,1017,94,8.4,7.2,.5,.2,.4,.7,5.4,21.3
22101,2014-04-14,1.9,1019.6,95,7.4,7.4,.6,.3,.5,.9,3.8,12.8
22101,2014-04-15,3.3,1020.2,100,7.4,7.4,.7,.4,.5,1,3.2,4.6
22101,2014-04-16,2.5,1018,100,7.4,7.5,.6,.3,.5,.8,3.6,4.6
22101,2014-04-17,2.7,1014.5,85,9.1,7.6,.5,.2,.4,.7,6.1,21.3
22101,2014-04-18,2.5,1016.3,85,9.4,7.8,.6,.3,.5,.9,5.5,21.3
22101,2014-04-19,3,1019.1,83,10.5,7.8,.6,.3,.5,.9,2.8,6.4
22101,2014-04-20,3.7,1018,84,9.4,7.9,.5,.2,.5,1,4.5,21.3
22101,2014-04-21,1.7,1016.4,95,8.6,8.1,.6,.3,.5,.9,3.1,4.3
22101,2014-04-22,2,1016.3,87,9.8,8.2,.7,.4,.5,.9,2.7,4.3
22101,2014-04-23,2.7,1018.4,88,10.1,8.4,.6,.3,.4,.8,3.2,4.3
22101,2014-04-24,2.1,1022,98,8.3,8.6,.5,.3,.4,.6,3.4,4.3
22101,2014-04-25,1.8,1023.6,85,10.5,8.7,.4,.2,.3,.5,4,21.3
22101,2014-04-26,1.8,1022.9,76,11.2,8.8,.4,.2,.3,.5,3.8,21.3
22101,2014-04-27,3.8,1020.1,93,11.5,8.9,.5,.2,.5,.9,5.9,21.3
22101,2014-04-28,7.1,1013.6,91,12,9,1.2,.7,1.1,2,2.6,4
22101,2014-04-29,5.6,1010.7,84,11.5,9,1,.6,.8,1.4,2.8,4.9
22101,2014-04-30,3.2,1011,84,10.6,9.1,.7,.3,.6,1,3.9,16
22101,2014-05-01,,,,,,,,.6,1.1,,16
22101,2014-05-02,6.5,1013.5,93,9.8,9.4,1.4,.8,1.9,3.3,3.6,5.8
22101,2014-05-03,4.2,1018.5,84,9.7,9.6,1.8,1.1,2,3.5,5.8,8
22101,2014-05-04,5.3,1015.9,82,10.1,9.6,1.1,.7,1.2,2.1,4.2,5.3
22101,2014-05-05,6.4,1018.1,78,9.8,9.8,1.8,1.1,1.7,2.8,4.7,6.4
22101,2014-05-06,5.2,1018.3,79,10.3,10,1.4,.8,1.1,1.8,4.7,5.8
22101,2014-05-07,8.7,1012,75,12,10.1,2.1,1.2,1.6,2.9,6,8
22101,2014-05-08,6,1011.9,93,10.8,10.3,2,1.2,1.4,2.5,5.3,8
22101,2014-05-09,1.4,1018.5,85,12,10.7,.9,.6,.9,1.5,3.7,5.8
22101,2014-05-10,2.4,1019.9,77,13.1,10.8,.5,.2,.4,.8,2.9,4.6
22101,2014-05-11,7.7,1009.7,75,14.1,10.6,1.1,.7,1.3,2,2.8,7.1
22101,2014-05-12,6.5,1005.9,93,12.1,10.8,1.6,1,1.5,2.2,5,8
22101,2014-05-13,5.4,1007.3,92,12.4,11,1.3,.7,1,1.6,4.4,6.4
22101,2014-05-14,2.8,1002.3,87,12.9,11.2,.9,.5,.6,1.3,4.2,4.9
22101,2014-05-15,3.6,1002,90,12.3,11.3,1,.6,.8,1.3,3.8,4.9
22101,2014-05-16,2.5,1008.9,83,13.1,11.5,1,.5,.8,1.6,4,4.9
22101,2014-05-17,1.7,1012.2,96,12.4,11.7,.7,.3,.5,1,4.9,16
22101,2014-05-18,1.7,1012,99,11.4,11.8,.5,.2,.4,.8,6.3,21.3
22101,2014-05-19,1.9,1011.5,100,11.4,11.8,.5,.3,.4,.8,7,21.3
22101,2014-05-20,2.3,1007.8,91,13.6,12,.6,.3,.7,1,4.5,16
22101,2014-05-21,3.4,1008.3,99,12.2,12.2,1.1,.6,1,1.7,3.1,4.3
22101,2014-05-22,2.7,1011.8,98,12.7,12.5,.7,.4,.6,1,3,4
22101,2014-05-23,2.6,1012.9,100,13.2,12.4,.6,.4,.5,.8,4,4.6
22101,2014-05-24,2.1,1015.1,97,13.7,12.6,.8,.5,.6,1,4.4,5.3
22101,2014-05-25,4.3,1011.6,94,14.8,12.6,1.1,.7,1,1.7,5.1,7.1
22101,2014-05-26,5,1004.2,83,15.3,12.9,1.3,.8,1.1,1.7,4.7,8
22101,2014-05-27,7,999.1,82,15.8,13,1.8,1.1,1.4,2.5,4.8,6.4
22101,2014-05-28,3.9,1000.7,92,15.3,13.2,1.4,.8,1.2,1.9,5.6,6.4
22101,2014-05-29,3.9,1007.2,93,14,13.3,1,.6,.8,1.6,4.6,5.8
22101,2014-05-30,3.5,1009.6,78,16.3,13.5,.8,.5,.6,1.2,4.3,4.9
22101,2014-05-31,2.9,1012.8,88,16.2,13.7,.6,.4,.5,.8,4.2,6.4
22101,2014-06-01,2.5,1012,92,15.9,13.8,.5,.3,.4,.7,4.3,16
22101,2014-06-02,4.7,1007.9,87,17.1,13.8,.8,.4,1,1.7,5.1,16
22101,2014-06-03,6.4,1008,92,16.9,13.9,1.2,.7,1.1,2,3.4,8
22101,2014-06-04,4.6,1006.3,81,18.4,14.2,.6,.4,.7,1.1,2.8,5.3
22101,2014-06-05,3.2,1005,86,17.2,14.2,.5,.3,.4,.7,2.4,5.3
22101,2014-06-06,1.9,1004.4,91,16.7,14.6,.4,.2,.4,.6,2.9,6.4
22101,2014-06-07,1.9,1004.2,96,16.2,14.7,.4,.2,.4,.7,2.8,4.3
22101,2014-06-08,2.3,1005.8,98,15.5,14.7,.5,.3,.4,.7,3.2,4.6
22101,2014-06-09,1.5,1008.3,100,14.6,14.9,.5,.3,.4,.7,3.1,4.6
22101,2014-06-10,1.8,1007.2,96,16,15,.4,.2,.4,.8,3.6,6.4
22101,2014-06-11,2.5,1006,93,16.9,15.2,.6,.3,.6,1.2,2.5,4
22101,2014-06-12,2.6,1003.2,97,16.3,15.4,.8,.4,.7,1.1,3.4,4.3
22101,2014-06-13,2.2,1005,99,16.1,15.5,.8,.5,.8,1.3,3.9,4.9
22101,2014-06-14,2.8,1007.1,100,16.1,15.7,.7,.4,.6,1,5,16
22101,2014-06-15,2.7,1007.4,,16.7,15.8,.6,.3,.4,.9,5.7,16
22101,2014-06-16,2.7,1006.2,95,17.1,16,.4,.2,.4,.6,3.8,16
22101,2014-06-17,1.3,1005,100,17.1,16,.7,.4,.6,.9,4.5,5.8
22101,2014-06-18,1.8,1004.4,100,16.9,16.1,.6,.4,.5,.9,3.8,6.4
22101,2014-06-19,,,,,,,,.9,1.4,,5.8
22101,2014-06-20,2.5,1007.4,,17.4,16.4,.8,.5,.8,1.2,4.4,5.8
22101,2014-06-21,1.8,1007.4,93,18.9,16.4,.4,.2,.3,.8,3.1,4.6
22101,2014-06-22,1.3,1007.3,93,18.7,16.9,.4,.2,.3,.9,3.5,6.4
22101,2014-06-23,2.5,1005.5,100,17.4,16.8,.6,.3,.5,.8,2.5,3.8
22101,2014-06-24,1.7,1005.8,,17.2,16.9,.5,.3,.4,1,3.6,10.7
22101,2014-06-25,1.6,1007.4,97,18.5,17.1,.5,.3,.4,.7,3.9,4.6
22101,2014-06-26,1.5,1007,98,18.3,17.3,.6,.3,.4,1,4.2,16
22101,2014-06-27,2,1003.9,,18.1,17.4,.7,.4,.5,.9,4.2,4.9
22101,2014-06-28,2.9,1002.8,97,18.3,17.5,1,.6,.8,1.5,4.2,5.3
22101,2014-06-29,1.9,1005.1,98,18.6,17.8,.9,.5,.7,1.3,4.7,5.8
22101,2014-06-30,2,1006.6,98,18.8,18,.6,.4,.5,.9,4,5.3
22101,2014-07-01,1.8,1007.6,,19.1,18.2,.4,.2,.5,.8,5,21.3
22101,2014-07-02,2.6,1006.4,98,19.7,18.1,.6,.3,.4,.9,4.8,5.8
22101,2014-07-03,4.8,1003.2,95,19.6,18.2,1,.6,.9,1.5,3.3,4.9
22101,2014-07-04,3,1006,90,20.5,18.5,.5,.3,.5,.7,3.2,7.1
22101,2014-07-05,1.2,1007.6,95,19.7,18.6,.4,.2,.4,.7,3.4,21.3
22101,2014-07-06,2.5,1005.5,91,20,18.7,.5,.3,.4,.7,4.7,8
22101,2014-07-07,2.4,1005.1,91,20.9,19.1,.5,.3,.4,.7,4.9,8
22101,2014-07-08,1.5,1005.6,95,20.5,19.2,.4,.2,.3,.6,4.4,12.8
22101,2014-07-09,2.3,1002.7,96,22,19.1,.5,.3,.5,.8,10.6,12.8
22101,2014-07-10,4.6,997,93,21,19.2,1.1,.7,1.1,2,5,10.7
22101,2014-07-11,4.2,1001,93,21.6,19.6,1.2,.7,.9,1.6,4.5,5.8
22101,2014-07-12,3.2,1000.3,,19.8,19.5,1.1,.6,.8,1.9,4.7,6.4
22101,2014-07-13,3.4,1000.2,96,20.1,19.5,.8,.5,.6,1.1,4.4,5.8
22101,2014-07-14,3.4,1003.9,,19.7,19.6,.7,.4,.5,.9,4.1,5.3
22101,2014-07-15,2,1007.2,98,20.6,19.8,.8,.5,.7,1.2,4.6,5.8
22101,2014-07-16,2.9,1008.6,96,20.6,19.7,1.1,.6,.8,1.3,5.1,6.4
22101,2014-07-17,3.6,1008.6,98,20.5,19.7,1,.6,.8,1.5,5.1,5.8
22101,2014-07-18,3.4,1009.6,,20.7,19.8,.9,.5,.8,1.4,5,5.8
22101,2014-07-19,2.3,1009.7,,20.6,20,.7,.4,.5,1,4.5,5.8
22101,2014-07-20,1.6,1010,,21.5,20.3,.6,.3,.4,.8,3.8,4.9
22101,2014-07-21,2.5,1008.4,98,21.2,20.4,.6,.3,.6,1.2,4.1,9.1
22101,2014-07-22,5.5,1007.1,99,21.5,20.1,1.6,1,1.3,2.4,5.6,6.4
22101,2014-07-23,4.6,1005.7,96,21,20.3,1.4,.8,1.3,2.5,5.1,6.4
22101,2014-07-24,3.5,1006,94,21.1,20.3,.8,.5,.7,1.3,8.3,12.8
22101,2014-07-25,6.7,1004.2,93,23.3,20.3,1.5,.9,2,3.6,7,10.7
22101,2014-07-26,8.6,1006.2,94,21.2,20.5,2.9,1.7,2.8,4.4,7.2,10.7
22101,2014-07-27,2.1,1009.2,96,21.1,20.8,1.2,.6,1.1,2,4.9,5.8
22101,2014-07-28,1.3,1009.3,94,21.5,20.8,.7,.2,.4,.9,4.8,21.3
22101,2014-07-29,1.8,1009.8,92,21.8,21,.8,.2,.3,1.2,4.2,5.3
22101,2014-07-30,2.6,1010.5,95,22.8,21.5,1,.2,.4,1.4,4,5.8
22101,2014-07-31,1.6,1010,91,23.9,21.3,1.4,.4,.5,1.7,4.7,5.8
22101,2014-08-01,3.4,1007.1,84,25.1,21.3,1.4,.2,.3,1.6,6.7,10.7
22101,2014-08-02,7.3,1000.9,70,27.3,21.4,2,.6,1.2,3.1,2.6,3.4
22101,2014-08-03,7.2,998.2,92,24.2,21.6,2.1,.8,1.3,2.9,3.9,9.1
22101,2014-08-04,2.5,1000.5,99,22.7,21.7,1.6,.3,.4,1.8,6.2,9.1
22101,2014-08-05,3.7,1003.8,99,22.5,21.8,1.8,.4,.7,2.1,2.8,3.6
22101,2014-08-06,2,1001.8,95,21.5,21.8,1.6,.4,.9,2.1,3.4,5.3
22101,2014-08-07,1.2,1004.9,93,22,21.8,1.3,.3,.4,1.5,3.7,5.3
22101,2014-08-08,4.8,1006.8,78,24.2,21.8,1.4,.3,.6,1.9,2.6,5.3
22101,2014-08-09,6.1,1005.7,66,24.5,22,1.7,.6,1,2.3,2.9,4.3
22101,2014-08-10,8.3,1001.4,85,22.2,21.8,2.1,1.1,2,3.6,4,5.8
22101,2014-08-11,3.3,1001.6,90,22.1,21.9,1.2,.4,.6,1.7,3.1,4.3
22101,2014-08-12,1.9,1002.1,99,21.6,22,.9,.3,.4,1.4,2.8,4.3
22101,2014-08-13,2.3,1003.4,,21.6,22,.9,.2,.4,1.3,3.8,7.1
22101,2014-08-14,2.2,1009.4,87,21.6,21.9,.8,.2,.4,1.2,4.6,16
22101,2014-08-15,2.7,1009.3,92,22.3,22,.9,.2,.5,1.2,3.8,21.3
22101,2014-08-16,1.7,1010.7,93,22.5,22.1,.9,.3,.6,1.4,3,7.1
22101,2014-08-17,2.9,1010.2,91,22.5,22.1,.9,.3,.6,1.3,2.5,3.4
22101,2014-08-18,5.3,1007.7,89,22.3,22.1,1.2,.5,.8,1.4,2.6,3.8
22101,2014-08-19,2.7,1009.4,91,21.8,22.3,1.1,.4,.6,1.7,3.4,7.1
22101,2014-08-20,1.2,1010.9,93,22.4,22.4,1,.3,.4,1.3,4.2,7.1
22101,2014-08-21,4.7,1006.7,96,22.5,22.3,1.3,.6,1.1,1.9,3.4,7.1
22101,2014-08-22,3.3,1008.1,96,23,22.4,1.3,.5,.6,1.5,3.4,8
22101,2014-08-23,3.1,1008.3,96,22.5,22.5,1.3,.5,.6,1.6,4.2,4.9
22101,2014-08-24,1.4,1008.1,93,22.8,22.6,1,.3,.5,1.3,3.9,4.9
22101,2014-08-25,2.7,1007.5,89,23.7,22.6,.9,.3,.5,1.3,2.8,6.4
22101,2014-08-26,2.1,1010.3,91,23.4,22.7,1.1,.5,.8,1.5,3.9,5.8
22101,2014-08-27,2.9,1015.2,86,23.2,22.7,1,.4,.7,1.6,3.1,5.3
22101,2014-08-28,2.5,1016.1,87,23,22.8,.7,.2,.4,1.2,2.8,5.8
22101,2014-08-29,1.7,1014,90,23.1,22.9,.8,.2,.3,1.2,3.4,5.8
22101,2014-08-30,2.4,1013,89,22.7,22.9,.8,.3,.4,1.1,3.3,9.1
22101,2014-08-31,1.3,1013.5,84,23.1,22.8,.7,.2,.3,1,3.6,16
22101,2014-09-01,1.7,1014.2,84,23.1,22.9,.7,.2,.3,.9,3.3,8
22101,2014-09-02,5.8,1011.1,82,22.5,22.9,1,.5,.9,1.4,2.2,2.7
22101,2014-09-03,6.8,1005.7,89,20.8,22.8,1.6,.9,1.3,2.3,3.3,4.6
22101,2014-09-04,2.9,1008.7,82,22.6,22.9,1.2,.5,.6,1.4,4.2,5.8
22101,2014-09-05,2.1,1012.9,91,22.8,23,1.2,.6,.8,1.7,4.7,6.4
22101,2014-09-06,1.9,1012.7,91,23.2,23,1,.4,.6,1.3,4,9.1
22101,2014-09-07,1.7,1009.3,93,22.8,23.1,.8,.3,.5,1.1,2.6,4.9
22101,2014-09-08,3,1007.5,91,23,23.2,.8,.3,.5,1.2,2.6,3.4
22101,2014-09-09,4.4,1008.6,66,22.9,23,1.1,.5,.9,1.6,3.3,4.6
22101,2014-09-10,3.7,1011.2,69,22.5,23.1,1.1,.5,.8,1.4,3.8,5.3
22101,2014-09-11,2.8,1013.3,73,22.7,23,.9,.4,.7,1.3,3.1,4.6
22101,2014-09-12,1.6,1013.5,82,22.5,23,.6,.2,.5,.9,3.7,7.1
22101,2014-09-13,3,1014.8,83,22.5,22.9,.6,.2,.4,1,3.2,16
22101,2014-09-14,3.8,1015.4,79,22.2,22.9,.7,.3,.6,1.1,2.7,4.9
22101,2014-09-15,4.7,1014.2,72,22.3,22.8,1,.5,1.2,1.9,2.9,4.9
22101,2014-09-16,5.6,1016.2,52,21.4,22.8,1.5,.9,1.3,2.1,4.1,5.3
22101,2014-09-17,4.3,1016.8,59,21.7,22.7,1.3,.7,1.2,2.2,4.4,10.7
22101,2014-09-18,3.7,1017.7,67,21.1,22.7,1.3,.7,1,2.1,5.6,6.4
22101,2014-09-19,2.3,1014.8,68,21.7,22.8,.7,.3,.5,.9,4,7.1
22101,2014-09-20,1.7,1014.4,70,21.8,22.8,.6,.2,.3,.8,2.7,4.9
22101,2014-09-21,1.9,1017.2,71,21.7,22.7,.8,.3,.6,1.1,4.5,10.7
22101,2014-09-22,2.6,1018.7,76,21.7,22.6,.8,.4,.6,1,6.1,10.7
22101,2014-09-23,4.2,1016.5,76,22.2,22.6,.9,.4,1,1.4,6.7,10.7
22101,2014-09-24,5.3,1009.7,77,21.8,22.5,1,.5,.9,1.6,4.6,9.1
22101,2014-09-25,2.8,1013.4,82,21.4,22.5,1.2,.7,.9,1.5,4.5,5.3
22101,2014-09-26,3.5,1016.1,83,20.9,22.5,.8,.4,.5,1,3.4,5.3
22101,2014-09-27,3.8,1016.8,88,21.5,22.4,.8,.4,.7,1.6,3.4,4.9
22101,2014-09-28,1.9,1016.2,89,21.6,22.5,.8,.4,.6,1,4.1,4.9
22101,2014-09-29,3.9,1013.9,85,20.3,22.3,.7,.4,.8,1.5,2.8,4.3
22101,2014-09-30,5.2,1017,81,19,22.2,1.4,.8,1.3,2.1,4.6,6.4
22101,2014-10-01,4.4,1016.6,76,19.5,22.1,1,.6,.9,1.4,3.9,5.8
22101,2014-10-02,6.3,1010,78,19.6,22,1.4,.9,1.8,3.3,3.3,6.4
22101,2014-10-03,6.8,1013.3,68,17.1,21.9,2.4,1.5,2.4,3.8,5.9,7.1
22101,2014-10-04,5.4,1019.2,63,18.9,21.7,1.2,.7,1.2,1.9,3.3,5.3
22101,2014-10-05,6.3,1018.9,62,18.1,21.6,1.3,.7,1.3,2.1,2.8,4.6
22101,2014-10-06,4.8,1019,60,18,21.4,1.3,.8,1.3,2.3,3.8,5.8
22101,2014-10-07,3.8,1022.1,60,18.2,21.3,1,.6,.8,1.5,3.4,5.8
22101,2014-10-08,2.6,1022.4,61,18.3,21.2,.6,.3,.5,1,3,5.3
22101,2014-10-09,2.6,1020.9,71,19.6,21.1,.6,.2,.4,.9,2.6,4.6
22101,2014-10-10,5.8,1021,66,20.7,21,.9,.4,.9,1.4,2.6,5.8
22101,2014-10-11,6.4,1022.3,66,20.1,20.8,1.1,.6,1,1.8,3.8,16
22101,2014-10-12,6,1017.9,68,20.2,20.7,1.1,.7,1.2,1.9,2.8,5.3
22101,2014-10-13,8.8,1013,66,18.1,20.6,2,1.2,1.8,3,4.2,5.8
22101,2014-10-14,4.5,1018,57,15.1,20.4,1,.6,.9,1.5,5.2,8
22101,2014-10-15,3.5,1018,53,16.1,20.3,1,.6,.8,1.6,3.6,4.9
22101,2014-10-16,8.9,1019.5,56,16.6,20.2,2.7,1.6,2.3,3.5,5.4,6.4
22101,2014-10-17,4.5,1022.9,55,16.9,20.1,1.4,.8,1.1,2.1,4.1,5.8
22101,2014-10-18,2.8,1023.8,72,17.6,20,1.5,.9,1.2,2.1,5.5,6.4
22101,2014-10-19,4.1,1021.8,68,18.4,19.8,1,.6,.7,1.3,4.5,5.8
22101,2014-10-20,4.5,1016.2,90,17,19.7,1.1,.7,.9,1.5,4.1,6.4
22101,2014-10-21,8.7,1015.6,83,16.4,19.6,1.4,.9,1.5,2.3,3.2,5.8
22101,2014-10-22,5,1019.3,70,15.3,19.5,1.1,.6,1.3,2.1,3.6,5.8
22101,2014-10-23,4.3,1020.7,73,16.3,19.3,.7,.4,.7,1,2.9,6.4
22101,2014-10-24,5.5,1019.8,79,17.8,19.2,1.2,.7,1.1,1.7,4.6,6.4
22101,2014-10-25,6.2,1020,82,18.2,19.2,1.7,1,1.4,2.4,5.7,6.4
22101,2014-10-26,6.8,1017.9,77,17.6,19.1,1.9,1.1,1.7,2.9,5.1,6.4
22101,2014-10-27,8.9,1024.5,47,12.4,18.8,2.1,1.2,1.7,2.9,4.6,5.8
22101,2014-10-28,3.1,1026.3,46,12.8,18.5,.9,.5,1.1,1.7,4.1,5.8
22101,2014-10-29,,1026.4,54,15.6,18.4,,,.4,.9,,4.9
22101,2014-10-30,2.1,1024.2,60,16.7,18.4,.5,.2,.5,.8,2.4,5.3
22101,2014-10-31,5.6,1018,74,15.6,18.3,.9,.5,.8,1.3,2.8,4.9
22101,2014-11-01,6,1013.7,72,16.5,18.2,1.4,.8,1.4,2.4,3.3,4.9
22101,2014-11-02,11.5,1013.3,56,13.5,18.1,3.2,1.9,2.5,4.3,5.8,6.4
22101,2014-11-03,8.6,1019.5,48,12.3,17.7,2.5,1.5,1.9,3.2,5.2,7.1
22101,2014-11-04,2.4,1022,50,14.5,17.5,1,.6,.8,1.3,4.9,6.4
22101,2014-11-05,4.1,1020.5,67,15.2,17.2,1,.6,.9,1.6,3.9,5.3
22101,2014-11-06,5.8,1021.2,64,15,17.2,1.5,.9,1.5,2.8,4.2,5.8
22101,2014-11-07,3.2,1025.9,54,11.1,17.1,1.3,.7,1.1,2,4.6,6.4
22101,2014-11-08,3.8,1025.2,61,12,16.9,1,.5,.7,1.4,3.8,5.3
22101,2014-11-09,6.4,1024.5,60,12.5,16.7,1.5,.9,1.4,2.2,4.2,5.3
22101,2014-11-10,3.7,1023.1,62,12.5,16.6,1,.6,.8,1.5,3.8,4.9
22101,2014-11-11,4.2,1016.7,65,13,16.4,.9,.5,1.2,2.1,2.9,4.6
22101,2014-11-12,11.9,1013.4,62,8.5,16.1,3.7,2.1,2.7,5,5.9,7.1
22101,2014-11-13,8.1,1021.8,57,4.6,15.5,2.6,1.5,2.4,3.8,5.2,6.4
22101,2014-11-14,5,1025.3,58,8.8,15.2,1.6,1,1.5,2.7,4.7,6.4
22101,2014-11-15,4.3,1030.1,42,7.8,14.9,1.2,.7,1.4,2.4,4.3,5.3
22101,2014-11-16,3.3,1025.8,52,9.5,14.7,.6,.4,.8,1.4,2.3,3.8
22101,2014-11-17,7,1025.2,65,9.2,14.7,1.8,1.1,1.6,2.7,4.4,5.3
22101,2014-11-18,5.8,1028.8,54,8.4,14.6,1.6,1,1.3,2.1,4.2,5.8
22101,2014-11-19,2.4,1027.7,55,9.9,14.4,.8,.4,.8,1.3,3.3,4.9
22101,2014-11-20,4,1024.6,67,11.8,14.4,.7,.4,.8,1.5,3.3,4.6
22101,2014-11-21,7,1022.4,80,13.6,14.2,1.7,1,1.5,2.6,5.3,6.4
22101,2014-11-22,4.2,1023.5,83,12.5,,1.1,.6,1,1.7,4,5.8
22101,2014-11-23,4.4,1023,77,10.5,14,.8,.4,.7,1.1,2.8,4.6
22101,2014-11-24,5.9,1020.8,62,11.2,14,1,.6,1.2,1.9,3.2,4.6
22101,2014-11-25,6.1,1017.4,63,12,13.8,1.2,.6,1.1,2,3.1,4.9
22101,2014-11-26,3.7,1018.4,71,11.8,13.7,.8,.4,.8,1.5,3.8,16
22101,2014-11-27,1.9,1022.6,77,12.3,13.7,.5,.3,.4,.9,3.3,5.3
22101,2014-11-28,7.9,1014.1,86,11.5,13.7,1.7,1,2.1,3.3,3.5,5.8
22101,2014-11-29,4.6,1017.2,78,10.2,13.7,1.4,.8,1.7,2.9,4.1,5.8
22101,2014-11-30,5.8,1016.2,86,10.5,13.6,1.1,.6,1.2,1.9,2.9,4.3
22101,2014-12-01,14.4,1012.3,73,2.3,13.3,4.4,2.5,3,5.4,6.2,8
22101,2014-12-02,9.2,1017.2,69,-.7,12.8,3,1.8,2.6,4.5,4.9,5.8
22101,2014-12-03,6.8,1016.6,79,1.5,12.2,2.5,1.5,2,3.7,6.4,7.1
22101,2014-12-04,6.5,1017.6,72,-1.1,11.7,2.3,1.4,1.9,3.3,6.9,8
22101,2014-12-05,7.8,1017.4,71,-2.4,11.4,2.4,1.4,1.9,3.9,6.3,8
22101,2014-12-06,7.5,1019.1,71,-1.1,11.1,2,1.2,1.5,2.5,5,6.4
22101,2014-12-07,4.1,1025.3,69,.5,10.7,1.1,.6,1,1.6,4.5,6.4
22101,2014-12-08,7.6,1031.8,64,1.4,10.5,1.6,.9,1.5,2.8,3.9,4.9
22101,2014-12-09,3.7,1035.6,53,.7,10.2,1.1,.6,1.2,2.1,3.7,4.9
22101,2014-12-10,4.5,1025.7,67,5.4,10.2,.8,.4,1.6,2.5,2.7,4.6
22101,2014-12-11,8.4,1024.2,66,1.4,10,2.5,1.5,2.1,3.8,5.2,8
22101,2014-12-12,6.3,1023.3,74,.7,9.8,2,1.2,1.8,3,5.8,8
22101,2014-12-13,6.7,1025.2,65,-1.4,9.6,2.3,1.4,2.2,3.5,6.5,8
22101,2014-12-14,3.8,1028.9,67,2.1,9.4,1.6,.9,1.2,2.4,5.5,7.1
22101,2014-12-15,7.1,1023.3,78,6.2,9.3,1.6,.9,1.4,2.4,4.5,6.4
22101,2014-12-16,12.6,1019,70,-1.1,9.1,3.6,2.2,2.6,4.4,6,7.1
22101,2014-12-17,11.3,1022.5,69,-4,8.7,3.6,2.1,2.9,5.3,5.9,8
22101,2014-12-18,5,1032.4,54,-2.8,8.4,1.7,1,2.1,3.5,4.6,6.4
22101,2014-12-19,6.8,1028.6,72,3.1,7.9,1.3,.8,1.5,2.6,4.3,7.1
22101,2014-12-20,9.8,1021,65,1.5,7.3,2.8,1.7,2.5,4.2,5.8,7.1
22101,2014-12-21,6.5,1020.8,62,-2.4,7.1,1.9,1.1,1.8,2.9,4.9,7.1
22101,2014-12-22,4.6,1021.7,72,.6,6.8,2.3,1.4,2.1,3.3,6.8,8
22101,2014-12-23,5.7,1028.6,77,5.9,6.8,1.4,.8,1,1.9,5.3,6.4
22101,2014-12-24,7.1,1025.8,72,4.3,6.8,2,1.2,1.8,3,5.3,6.4
22101,2014-12-25,7.5,1029,55,1,6.6,1.9,1.1,1.5,2.4,4.5,5.8
22101,2014-12-26,5.2,1031.3,50,.5,6.5,1.5,.9,1.4,2.1,4.3,5.8
22101,2014-12-27,1.6,1030.5,55,1.6,6.5,.6,.3,.4,.9,6.2,21.3
22101,2014-12-28,4.4,1021.7,76,4.9,6.4,.9,.5,.8,1.5,3.9,16
22101,2014-12-29,3,1015.1,76,6,6.4,1.1,.7,.9,1.6,4.3,4.9
22101,2014-12-30,4.9,1017.7,67,4.6,6.4,1.9,1.1,1.6,3.4,5.5,6.4
22101,2014-12-31,9.8,1018.4,63,1.3,6.3,2.3,1.4,2.7,4.3,4.5,6.4
22101,2015-01-01,10.2,1023.5,66,4,6,3.1,1.8,2.4,4.1,5.5,6.4
22101,2015-01-02,6.8,1026.4,57,2.1,5.8,2,1.2,1.5,2.6,5.7,7.1
22101,2015-01-03,4.4,1023.3,70,2.5,5.5,1.2,.7,1.2,1.7,4.8,7.1
22101,2015-01-04,2.8,1018,90,5.1,5.5,1.5,.9,1.1,1.9,5.5,6.4
22101,2015-01-05,4,1019.9,91,4.4,5.4,.8,.5,.7,1.3,4.4,6.4
22101,2015-01-06,10.8,1017.5,62,2,5.4,2.7,1.6,2.1,3.5,5.2,6.4
22101,2015-01-07,8.6,1022.3,50,2.2,5,2.4,1.4,1.6,3.1,5,5.8
22101,2015-01-08,5.2,1026.6,61,1.8,4.9,1.7,1,1.2,2.2,4.7,5.8
22101,2015-01-09,4.7,1025.7,60,2.1,4.9,1.5,.9,1.4,2.3,4.6,5.8
22101,2015-01-10,4.2,1023.9,65,3.7,4.8,1.3,.8,1.4,2.5,4.8,5.8
22101,2015-01-11,8.9,1023.8,65,1.9,4.6,2.5,1.5,1.8,3,5.4,6.4
22101,2015-01-12,4.4,1035.5,55,1.5,4.6,1.4,.9,1.9,2.9,4.3,5.8
22101,2015-01-13,2.1,1034.3,58,1.8,4.5,.5,.3,.4,.8,3.2,4.9
22101,2015-01-14,3.4,1027.4,61,3.2,4.5,.5,.2,.4,.6,2.2,2.8
22101,2015-01-15,4.9,1023.1,70,3.3,4.6,1.1,.7,.8,1.5,3.3,5.3
22101,2015-01-16,8.6,1021.3,73,2.5,4.6,2.4,1.4,2.3,4.2,5.4,7.1
22101,2015-01-17,6.7,1030,60,1.4,4.4,2.2,1.3,2,3.1,5,6.4
22101,2015-01-18,7,1021.9,81,2.3,4.4,1.9,1.1,2.5,4.3,4.9,7.1
22101,2015-01-19,7,1024,71,1.9,4.3,2.7,1.6,2.2,4.1,6.9,8
22101,2015-01-20,,,,,,,,1.2,1.8,,12.8
22101,2015-01-21,,,,,,,,.8,1.1,,12.8
22101,2015-01-22,5.9,1020.3,77,2.7,4,1.4,.8,.9,1.8,4,4.9
22101,2015-01-23,2.3,1022.7,71,2.9,4,1,.6,.8,1.5,4.9,5.8
22101,2015-01-24,1.2,1026.3,85,4.1,4.2,.9,.5,.7,1,4.4,5.3
22101,2015-01-25,4,1023,85,4.1,4.2,.9,.4,.7,1.4,3.1,5.3
22101,2015-01-26,6.9,1021.6,85,3.2,4.2,1.7,1,1.6,2.6,4.2,6.4
22101,2015-01-27,9.2,1025.1,63,2.7,4.2,2.5,1.5,2.2,3.8,5,6.4
22101,2015-01-28,5.6,1030.2,61,3,4.1,1.6,.9,1.6,3.1,4.4,7.1
22101,2015-01-29,3.8,1027.3,61,.5,4,.9,.5,.7,1.2,2.9,4
22101,2015-01-30,7.8,1027.4,63,1.3,4.1,2,1.2,2.1,3.4,4.2,6.4
22101,2015-01-31,5.5,1033.3,55,2.8,3.9,1.8,1,1.6,3.1,4.3,6.4
22101,2015-02-01,2.9,1033.8,55,1,3.8,1,.6,1,1.8,4.4,5.3
22101,2015-02-02,2.6,1032.4,55,1,3.9,.6,.4,.7,1.1,5.4,21.3
22101,2015-02-03,2.4,1029.4,74,2.2,3.8,.5,.3,.5,.7,3.3,4.3
22101,2015-02-04,4.9,1023.4,71,2.3,3.8,1.3,.7,1.5,2.9,4.3,5.3
22101,2015-02-05,7.2,1024.6,69,1.1,3.7,2,1.2,1.7,2.9,4.9,5.8
22101,2015-02-06,2.9,1026.2,66,2.3,3.7,1.2,.7,1.4,2,5.3,7.1
22101,2015-02-07,4.6,1022,73,3,3.6,1.2,.8,2.2,3.4,4.6,5.8
22101,2015-02-08,11.2,1028.8,60,6.9,3.4,3.3,1.9,2.3,4.7,5.9,7.1
22101,2015-02-09,8.7,1027.7,63,3.1,3.3,2.6,1.6,2.5,3.9,5.1,7.1
22101,2015-02-10,4.9,1018.1,79,3.5,3.2,2.3,1.4,2,3.1,6.3,7.1
22101,2015-02-11,3.6,1014,80,2.2,3.2,1.6,1,1.3,2.8,6.1,7.1
22101,2015-02-12,9,1016.4,49,-.1,3.1,2.2,1.3,1.6,3.2,4.7,5.3
22101,2015-02-13,6,1020.9,51,.8,3,1.4,.8,1.4,2.3,3.6,4.9
22101,2015-02-14,5.1,1020.5,87,3.7,3,1.2,.7,1.1,1.8,3.7,5.3
22101,2015-02-15,5,1019.5,79,5.7,3.1,1,.6,.9,1.4,4.6,5.8
22101,2015-02-16,5.5,1014.2,93,4.4,3.1,1,.6,1.4,2.1,2.8,5.8
22101,2015-02-17,5.6,1017.1,78,2.5,3.2,2.1,1.3,1.6,3,6.2,7.1
22101,2015-02-18,6.3,1022.5,71,2.1,3.3,1.8,1.1,1.5,2.4,4.7,6.4
22101,2015-02-19,3.4,1027.5,70,1.6,3.3,1.2,.7,1.2,2,3.9,6.4
22101,2015-02-20,2.4,1026,77,3.6,3.3,.5,.2,.5,.8,4.1,5.8
22101,2015-02-21,6.1,1017,89,4.9,3.3,.8,.4,.9,1.4,3.7,7.1
22101,2015-02-22,7,1016.2,77,2.7,,2.2,1.3,1.9,3.6,5.7,7.1
22101,2015-02-23,3.2,1019.2,66,2.1,3.5,1.6,1,1.6,2.8,5.8,7.1
22101,2015-02-24,2.5,1020,64,2.9,3.5,1,.6,.8,1.5,4.4,5.3
22101,2015-02-25,4,1018.7,78,3.6,3.6,.7,.4,.6,1.1,3.4,5.3
22101,2015-02-26,10.1,1021.1,64,1.1,3.6,2.7,1.6,2.4,4.2,5.4,6.4
22101,2015-02-27,7.6,1029,54,-.9,3.6,2.1,1.2,1.8,3,4.6,5.8
22101,2015-02-28,3.6,1026.7,62,2.6,3.6,.7,.4,.6,1.1,2.6,4.6
22101,2015-03-01,5.9,1020.9,72,3.1,3.6,1.6,1,1.8,2.7,4,6.4
22101,2015-03-02,5.1,1019.1,78,4,3.7,1.5,.9,1.1,1.7,5.2,6.4
22101,2015-03-03,7.7,1013.5,76,3.2,3.6,2,1.2,2.4,3.8,5.7,6.4
22101,2015-03-04,10.1,1023.4,55,-.3,3.6,3,1.9,2.5,4.4,5.8,7.1
22101,2015-03-05,4.7,1027.7,53,.4,,1.3,.8,1.5,2.1,4.1,5.3
22101,2015-03-06,2.6,1024.7,63,2.1,,.6,.3,.6,1,2.7,4.9
22101,2015-03-07,1.9,1024.9,75,2.9,3.5,.4,.2,.4,.9,4.1,16
22101,2015-03-08,1.7,1023.3,85,4,3.7,.4,.2,.4,.7,5.1,16
22101,2015-03-09,9.7,1021.8,66,.9,3.7,2.4,1.4,2.8,4.6,4.7,7.1
22101,2015-03-10,10.8,1024.3,54,-1.3,3.5,3,1.8,2.4,3.9,5.8,6.4
22101,2015-03-11,8.3,1020.9,58,2.4,3.6,2.5,1.5,1.9,3.1,5.5,7.1
22101,2015-03-12,6,1020,62,3.2,3.6,1.7,1,1.6,2.6,5.1,6.4
22101,2015-03-13,3.2,1020.4,83,3.8,3.7,1.2,.8,1.1,1.8,5.8,7.1
22101,2015-03-14,3.1,1024.4,69,3.3,3.8,.9,.5,.9,1.5,3.1,4.6
22101,2015-03-15,2,1023,86,3.6,3.8,.5,.3,.4,.7,3.1,5.3
22101,2015-03-16,1.4,1021,79,4.9,4,.6,.3,.5,.8,3.4,4.3
22101,2015-03-17,2.7,1018,84,5.6,4,.3,.2,.3,.5,3.8,6.4
22101,2015-03-18,5.2,1011.6,81,7.1,4,.6,.4,.5,.8,2.3,3.2
22101,2015-03-19,2.4,1014.7,81,5.7,4.1,.4,.3,.4,.7,3.7,12.8
22101,2015-03-20,1.4,1018.3,80,6.1,4.3,.5,.3,.5,.8,3.2,6.4
22101,2015-03-21,2.6,1016.6,91,5.5,4.4,.3,.2,.3,.5,5,16
22101,2015-03-22,6,1022.1,71,5,4,1.6,1,1.8,3,4.6,6.4
22101,2015-03-23,6.8,,,,,1.7,1.1,1.5,2.5,4.5,5.8
22101,2015-03-24,4.7,1032.1,56,4.1,4.6,1.2,.7,1,1.6,4.3,5.3
22101,2015-03-25,1.9,1035.3,85,4.4,4.7,.6,.3,.7,1.1,3,4.3
22101,2015-03-26,2.3,1034.3,92,4.9,4.7,.4,.2,.4,.7,2.9,6.4
22101,2015-03-27,2.1,1027.3,94,4.8,4.9,.8,.5,.7,1.1,3.4,4.6
22101,2015-03-28,3,1019,79,5.9,5,.6,.4,.7,1.1,3.4,4.3
22101,2015-03-29,1.6,1018.6,98,5.7,5.3,1,.6,.8,1.3,4.7,5.8
22101,2015-03-30,1.7,1019.4,97,4.9,5.3,.5,.3,.4,.7,4.3,8
22101,2015-03-31,,,,,,,,.5,.8,,4.6
22101,2015-04-01,4.4,,,,,.7,.4,.6,1,3.7,6.4
22101,2015-04-02,10,1003.2,86,10.3,5.5,1.6,1,1.7,2.8,3.7,7.1
22101,2015-04-03,3.2,1009,94,6.6,5.7,1.7,1.1,1.5,2.5,5.8,8
22101,2015-04-04,4.7,1013.5,79,9.1,5.8,.8,.5,1,1.6,4.2,8
22101,2015-04-05,1.8,1014.4,91,7.5,5.9,.3,.2,.4,.7,6.2,12.8
22101,2015-04-06,6.2,1019.1,79,7,6,1.4,.9,1.5,2.5,3.8,5.8
22101,2015-04-07,7.8,1024.5,64,6.1,6.1,2.1,1.3,1.4,2.3,5,5.8
22101,2015-04-08,4.6,1026.4,72,6,6.1,1.2,.7,1.2,2,4.5,6.4
22101,2015-04-09,1.3,1026.5,85,6.6,6.3,.6,.4,.6,1,3.5,6.4
22101,2015-04-10,2.9,1023.9,84,7.2,6.3,.7,.4,.9,1.5,2.5,3.6
22101,2015-04-11,1.9,1025.9,82,7.7,6.5,.5,.3,.7,1.1,2.8,4
22101,2015-04-12,3.1,1023.9,59,10.5,6.7,.4,.2,.6,1,2.5,3.6
22101,2015-04-13,6.2,1017.7,68,9.7,6.7,.9,.6,.9,1.4,2.8,3.8
22101,2015-04-14,3.7,1009.1,93,7.1,6.7,.6,.4,.7,1.1,2.9,7.1
22101,2015-04-15,5.5,1008.5,94,7.5,6.8,.9,.6,.9,1.5,2.6,3.8
22101,2015-04-16,8,1008.6,85,8.5,6.9,1.9,1.2,1.8,2.9,5,7.1
22101,2015-04-17,4.6,1016.9,79,8.1,7,1.3,.8,1.1,1.7,4.7,6.4
22101,2015-04-18,3.2,1015.2,63,10,7.1,.7,.4,.7,1.1,4.3,5.8
22101,2015-04-19,5.1,1006.8,98,9.8,7.2,.5,.3,.7,1.1,2.7,5.8
22101,2015-04-20,4.1,1008.2,85,9.2,7.3,.9,.5,.9,1.4,3.9,5.8
22101,2015-04-21,2.6,1016.2,81,8.6,7.4,.8,.5,.8,1.2,4.3,5.8
22101,2015-04-22,3.1,1018.8,83,9.2,7.6,1.1,.7,.8,1.4,4.5,6.4
22101,2015-04-23,4.9,1020.9,84,9,7.7,1,.6,.8,1.4,3.9,5.8
22101,2015-04-24,2.3,1021.3,85,9.6,7.9,1.2,.6,1.1,1.7,4.4,5.3
22101,2015-04-25,3,1020.5,76,9.7,8.1,.8,.4,.5,1,3.4,4.9
22101,2015-04-26,5.1,1018.5,79,10.4,8.2,1,.5,.8,1.4,3.1,4.3
22101,2015-04-27,4.1,1016.6,82,10.7,8.4,1,.5,.6,1.3,4,4.6
22101,2015-04-28,3,1013.2,78,12,8.6,.8,.3,.4,.9,4,5.3
22101,2015-04-29,4.3,1012.2,93,12.7,8.5,.8,.4,.6,1.2,3.1,5.3
22101,2015-04-30,2,1013.8,89,12.6,8.7,.7,.2,.4,.9,3.6,5.8
22101,2015-05-01,1.3,1015,94,11.6,8.9,.6,.2,.3,.9,3.1,5.8
22101,2015-05-02,1.9,1012.4,95,11.1,9.1,.5,.2,.2,.9,3.1,4.6
22101,2015-05-03,3.7,1008.2,99,11.1,9.1,.8,.4,1.2,2.3,3.4,4.9
22101,2015-05-04,6.3,1010.8,77,11.1,9.3,1.9,1.1,1.4,2.5,4.5,5.8
22101,2015-05-05,4.5,1013.1,84,10.3,9.6,1.3,.7,1.2,1.8,4.3,5.8
22101,2015-05-06,3.3,1012.6,81,10.8,9.6,1.3,.7,.9,1.7,5.2,6.4
22101,2015-05-07,2.2,1013.5,86,10.6,9.8,.8,.4,.6,1.1,4.3,5.3
22101,2015-05-08,1.3,1013.7,98,10.4,9.9,.6,.3,.5,1,3.6,7.1
22101,2015-05-09,2.2,1014.4,91,11.1,10,.8,.4,.6,1.3,4.9,16
22101,2015-05-10,1.3,1017.3,83,11.9,10.2,.8,.4,.6,1.1,3.1,4
22101,2015-05-11,5.1,1010.5,90,12.8,10.3,.8,.4,.9,1.6,2.8,5.3
22101,2015-05-12,10,1000,86,11.7,10.4,2.5,1.5,2.1,3.4,6,7.1
22101,2015-05-13,9.3,1004.4,81,13.4,10.6,2.4,1.5,2.1,3.2,6.6,7.1
22101,2015-05-14,6,1008.8,95,12.9,10.9,1.7,1,1.5,2.4,6.1,7.1
22101,2015-05-15,1.9,1008.9,93,12,11,1,.5,.9,1.4,3.9,6.4
22101,2015-05-16,2.6,1010.4,81,12.7,11.1,1.1,.5,.8,1.4,3.3,4.3
22101,2015-05-17,2.6,1011.1,84,12.6,11.4,.9,.4,.6,1.2,4,5.3
22101,2015-05-18,3.9,1005.2,87,13.1,11.2,.9,.4,.6,1.3,3.7,5.3
22101,2015-05-19,4.3,1006.1,100,11.6,11.3,1.3,.7,1,1.7,4,5.3
22101,2015-05-20,4.5,1010.2,86,12.7,11.5,1.3,.7,1.3,2.3,4,5.3
22101,2015-05-21,3.9,1014.4,83,13.4,11.6,1.2,.6,.8,1.7,3.5,5.3
22101,2015-05-22,3.1,1014.9,84,13.6,11.8,1.1,.5,.7,1.5,3.6,4.3
22101,2015-05-23,1.5,1012.3,86,13.6,12,.9,.3,.4,1.1,3.4,4.6
22101,2015-05-24,2,1009.4,91,13.3,12.2,1,.4,.8,1.7,2.7,4
22101,2015-05-25,2.5,1009.9,98,12.4,12.4,1.3,.6,.9,1.7,3.3,4
22101,2015-05-26,3,1011.5,100,11.3,12.4,1.3,.6,.8,1.6,3.4,4.3
22101,2015-05-27,,,,,,,,.4,1.1,,4.3
22101,2015-05-28,1.7,1009.3,80,16.1,13.3,.8,.2,.3,1,3.1,4.6
22101,2015-05-29,1.4,1008.2,87,15.2,13,.8,.2,.3,1,3.1,5.3
22101,2015-05-30,2.4,1006.3,95,14.4,13.1,1,.4,.9,1.6,2.6,3.8
22101,2015-05-31,1.7,1009.4,95,13.8,13.3,1,.5,.7,1.3,4,4.6
22101,2015-06-01,3.2,1011.7,95,14.1,13.4,.8,.3,.5,1.1,3.4,8
22101,2015-06-02,2.3,1008.4,91,15.3,13.5,1.1,.5,.6,1.4,4.4,5.3
22101,2015-06-03,5.1,1009,84,15.7,13.7,1.4,.8,1.3,2.3,4,4.9
22101,2015-06-04,1.9,1009.3,90,15.3,13.9,1,.4,.7,1.4,4.2,5.3
22101,2015-06-05,3.3,1006.7,86,15.5,14.1,.9,.3,.6,1.2,3.9,6.4
22101,2015-06-06,4.8,1011.9,86,15.8,14.1,1.4,.8,1.1,2,5.7,7.1
22101,2015-06-07,3.4,1012.6,83,16.4,14.2,1.8,1,1.4,2.5,6.5,7.1
22101,2015-06-08,1.5,1007.9,89,16.4,14.4,1.1,.5,.7,1.7,5.2,6.4
22101,2015-06-09,1.7,1007.8,98,15.6,14.6,.9,.3,.4,1.1,3.9,5.8
22101,2015-06-10,1.4,1008.3,99,15.3,14.8,.8,.2,.3,.9,3.5,6.4
22101,2015-06-11,3.6,1001.9,93,17.1,14.8,.9,.3,.6,1.3,3.2,5.8
22101,2015-06-12,4.9,1003.5,95,16.6,15,1.2,.6,.7,1.4,3.3,4.9
22101,2015-06-13,6,1004.4,91,18,15,1.3,.6,.8,1.7,3.2,4.6
22101,2015-06-14,2.2,1007.7,95,17.1,15.3,1.4,.7,.9,1.8,5.9,7.1
22101,2015-06-15,1.8,1008,99,16.2,15.4,1.1,.4,.6,1.4,3.5,6.4
22101,2015-06-16,2,1006.1,100,15.8,15.5,1,.3,.5,1.2,2.6,5.3
22101,2015-06-17,1.9,1004.8,98,16,15.5,.8,.2,.4,1.1,3.4,6.4
22101,2015-06-18,2.3,1006.1,97,17.3,15.8,.8,.2,.5,1.2,4.1,16
22101,2015-06-19,2.2,1008.5,84,18.9,16,.9,.3,.6,1.3,3.6,7.1
22101,2015-06-20,2,1009.3,99,16.6,16,.7,.2,.3,.9,3,5.8
22101,2015-06-21,1.7,1010.5,98,17.3,16.1,.9,.2,.4,1.1,3.5,5.3
22101,2015-06-22,1.4,1010.7,97,17.3,16.3,.9,.2,.2,1.4,3.3,6.4
22101,2015-06-23,1.9,1011.4,98,17.4,16.5,.9,.2,.3,1.2,2.6,3.8
22101,2015-06-24,1.4,1009.2,98,18,16.9,.9,.2,.4,1.2,2.9,4.3
22101,2015-06-25,,,,,,,,.7,1.3,,9.1
22101,2015-06-26,6.8,999.8,92,18.7,16.8,1.6,.7,1,2.1,3.2,4.9
22101,2015-06-27,3.4,1006.4,87,19.5,17.2,1.2,.4,.7,1.4,4,8
22101,2015-06-28,1.9,1010.1,98,19,17.4,1.1,.4,.6,1.6,3.8,8
22101,2015-06-29,1.7,1007.6,100,18.6,17.6,1,.3,.4,1.2,4.3,9.1
22101,2015-06-30,2.1,999.4,99,18.6,17.5,1.1,.4,.5,1.4,3.1,4
22101,2015-07-01,4,996.9,95,19,17.8,1.4,.6,1.1,2.3,3.7,5.8
22101,2015-07-02,3.5,1001.7,99,18.9,17.8,1.4,.7,1.1,2,4.8,6.4
22101,2015-07-03,2.7,1006.1,90,18.8,17.9,1.1,.5,.9,1.9,3.6,4.6
22101,2015-07-04,2,1009.6,92,19,18.1,1.1,.4,.7,1.6,3.9,4.6
22101,2015-07-05,2.2,1011.6,96,18.9,18.3,.8,.2,.3,1,3.7,5.3
22101,2015-07-06,2.1,1011.7,96,19.1,18.4,.8,.2,.3,1.1,4.5,10.7
22101,2015-07-07,2.1,1010.3,86,20.1,18.4,.9,,.3,1.1,5.2,10.7
22101,2015-07-08,5.2,1011,82,21.6,18.5,1.1,.4,.7,1.5,4.5,10.7
22101,2015-07-09,4.4,1013.9,87,21.4,18.7,1.1,.4,.8,1.6,5.5,9.1
22101,2015-07-10,1.7,1013.2,93,21.3,18.9,.9,.2,.3,1.1,7.3,12.8
22101,2015-07-11,1.4,1009.2,94,22,19.2,1,.3,.4,1.2,10.4,12.8
22101,2015-07-12,9.6,998.7,93,22.8,19,1.9,1.1,2.1,3.4,6.7,10.7
22101,2015-07-13,8,996,97,20.3,19.1,2.3,1.3,2.1,3.1,6.4,10.7
22101,2015-07-14,4.1,1002.8,99,19.7,19.2,1.6,.8,1.2,2.5,6.1,9.1
22101,2015-07-15,2.4,1005.6,96,20.5,19.4,1,.3,.5,1.3,5.3,9.1
22101,2015-07-16,,,,,,,,.7,1.5,,3.8
22101,2015-07-17,4.2,1006.4,80,20.5,19.4,.9,.4,.7,1.2,2.7,4.6
22101,2015-07-18,2.6,1009.2,93,20.3,19.5,.8,.2,.4,1.2,3.4,9.1
22101,2015-07-19,2.4,1011,95,21,19.5,.6,.2,.3,1,3.6,9.1
22101,2015-07-20,2.7,1008.8,97,21.6,19.6,.7,.2,.3,1,4.7,9.1
22101,2015-07-21,1.8,1007.1,99,21.3,19.7,.7,.2,.3,1,7.6,9.1
22101,2015-07-22,1.4,1006.5,98,21.1,19.8,.8,.2,.3,1.1,8.6,9.1
22101,2015-07-23,2.3,1006.7,98,21.1,20,.9,.3,.5,1.1,7,9.1
22101,2015-07-24,3.5,1004.7,100,20.9,20,1,.4,.6,1.3,5.1,8
22101,2015-07-25,7.4,1005.2,100,21.7,20,1.5,.8,1.1,1.9,3.6,8
22101,2015-07-26,3,1007.7,98,21.7,20.1,1.3,.5,.8,1.7,3.8,5.3
22101,2015-07-27,2,1008.4,100,21.4,20.2,1,.3,.4,1.2,3.8,5.8
22101,2015-07-28,2.4,1008.1,100,21.8,20.4,1,.3,.3,1.2,3.4,7.1
22101,2015-07-29,4,1005.9,100,21.8,20.4,1.3,.6,1,1.8,4.4,5.8
22101,2015-07-30,5.9,1007.5,100,22.2,20.4,1.5,.7,.9,1.9,3.8,5.3
22101,2015-07-31,3.5,1009,,22.1,20.5,1.2,.5,.8,1.5,4.7,5.8
22101,2015-08-01,4.3,1009.4,100,22.3,20.6,1.1,.4,.6,1.5,4.1,5.3
22101,2015-08-02,4.4,1009.3,99,22.8,20.8,1.3,.6,.7,1.6,5,6.4
22101,2015-08-03,7.6,1008.7,98,23,20.9,1.7,.9,1.3,2.4,5.3,7.1
22101,2015-08-04,7.8,1007.4,97,23.4,21.1,2,1.1,1.6,2.9,6.4,8
22101,2015-08-05,5.4,1008.2,95,23.5,21.3,1.7,.8,1.5,2.5,5.4,7.1
22101,2015-08-06,2.1,1012,97,23.6,21.5,1.5,.6,.8,2,5.6,6.4
22101,2015-08-07,1.5,1015.1,94,23.8,21.9,1.4,.5,.6,1.7,5.2,6.4
22101,2015-08-08,3.1,1013.8,95,23.4,21.8,1.5,.6,1.4,2.7,4.4,9.1
22101,2015-08-09,1.9,1012.1,95,23,22.1,1.4,.5,.6,1.7,10.2,12.8
22101,2015-08-10,1.9,1010.6,96,23.4,22.3,1.4,.5,.6,1.7,9.8,12.8
22101,2015-08-11,1.5,1008,98,23.1,22.3,1.1,.3,.4,1.3,8.9,10.7
22101,2015-08-12,2.6,1005.3,94,23.5,22.5,1.2,.5,.8,1.6,6.4,9.1
22101,2015-08-13,2.2,1005.3,94,23.9,22.6,1.2,.5,.6,1.6,3.9,8
22101,2015-08-14,1.7,1006.4,96,23.7,22.7,1,.3,.4,1.3,3.6,5.3
22101,2015-08-15,2,1008.2,98,23.7,22.9,.9,.3,.4,1.2,3.5,4.6
22101,2015-08-16,2.7,1007.4,95,23.5,22.9,1,.4,.9,1.6,3.3,4.6
22101,2015-08-17,2.9,1007.8,89,23.6,23.1,.9,.2,.4,1.3,3.1,9.1
22101,2015-08-18,2.6,1012.5,84,24.7,23.3,.9,.2,.4,1.3,5.7,16
22101,2015-08-19,1.2,1013.1,93,24.2,23.3,.8,.1,.2,1.2,8.4,21.3
22101,2015-08-20,,,,,,,,.1,.8,,16
22101,2015-08-21,,1004.8,92,23.7,23.7,.3,.2,.2,.4,5.1,10.7
22101,2015-08-22,,1005.4,91,24,23.8,.6,.4,.5,.9,5.2,10.7
22101,2015-08-23,,1007,88,24.2,24.1,.6,.4,.5,.9,9,10.7
22101,2015-08-24,,1006.7,85,25,24,.6,.3,.7,1.3,8.9,10.7
22101,2015-08-25,,1003.1,77,23.4,23.8,1.7,1.1,1.5,2.4,4.5,9.1
22101,2015-08-26,,1005.9,78,22.8,23.8,.8,.5,1.1,2.2,5.1,9.1
22101,2015-08-27,,1007.1,82,23.6,23.9,.7,.5,.6,1,4.3,4.9
22101,2015-08-28,1.9,1008.3,79,23.5,24,.4,.2,.3,.5,4.7,8
22101,2015-08-29,2.1,1009.1,83,23.5,24,.3,.2,.2,.4,3.9,7.1
22101,2015-08-30,2,1010.8,89,23.7,24.1,.2,.1,.2,.3,3.8,7.1
22101,2015-08-31,2.2,1011.6,88,24.1,24.2,.2,.1,.2,.3,4.2,8
22101,2015-09-01,3.5,1009.9,84,24.6,24.3,.3,.2,.2,.4,3.7,7.1
22101,2015-09-02,5.2,1011.3,88,23.4,24.1,.6,.3,.5,1,3.8,5.8
22101,2015-09-03,4,1011.5,85,23.1,24.2,.6,.4,.7,1.2,4,4.9
22101,2015-09-04,2.9,1012.1,93,24,24.2,.6,.4,.6,1.1,4,5.3
22101,2015-09-05,4.4,1008.6,82,23.1,24.2,.4,.3,.4,.6,3.3,4.6
22101,2015-09-06,6.9,1007.4,74,23.1,24.2,.8,.5,.7,1.2,3.3,4.6
22101,2015-09-07,5.6,1012.7,72,22.6,24.1,.6,.3,.5,.8,2.7,3.4
22101,2015-09-08,4.4,1015.7,64,23,24.1,.4,.3,.4,.8,2.7,5.3
22101,2015-09-09,6,1016.6,61,22.7,24,.7,.4,.7,1.3,3.2,4.3
22101,2015-09-10,3.8,1014.5,74,22.3,24,.6,.4,.8,1.3,3.5,4.9
22101,2015-09-11,4,1010.5,73,21.7,23.9,.7,.4,.7,1,3.3,4.3
22101,2015-09-12,5,1010.2,65,20.7,23.7,.7,.4,1,1.5,3.5,4.9
22101,2015-09-13,5,1017,59,21.4,23.6,1.3,.8,1.1,2.2,5.1,6.4
22101,2015-09-14,2.9,1021.4,73,22.4,23.5,.9,.5,.7,1.2,5.1,7.1
22101,2015-09-15,3.3,1020.4,66,22.6,23.5,.3,.2,.4,.6,4,5.3
22101,2015-09-16,5.1,1017.9,64,21.5,23.4,.4,.2,.4,.6,2.8,5.3
22101,2015-09-17,4.8,1017,68,21.7,23.3,.5,.3,.4,.6,3.2,8
22101,2015-09-18,2.9,1016.9,70,21.2,23.2,.3,.2,.3,.6,3.1,4.9
22101,2015-09-19,3.4,1014.2,79,21.8,23.2,.4,.2,.4,.7,3,5.3
22101,2015-09-20,2.4,1012.5,80,21.9,23.2,.5,.3,.5,.7,3.5,4.3
22101,2015-09-21,1.5,1014.4,79,22.3,23.3,.3,.2,.3,.6,3.1,5.8
22101,2015-09-22,2.9,1015.2,81,22.7,23.3,.3,,.3,.5,3,5.3
22101,2015-09-23,3.4,1010.6,80,22.4,23.3,.3,.2,.3,.5,3,4.9
22101,2015-09-24,4.4,1007.7,81,22.4,23.3,.5,.3,.6,.9,2.8,3.8
22101,2015-09-25,3.3,1007.6,82,22.7,23.3,.5,.3,.6,.9,3.6,5.8
22101,2015-09-26,5.2,1011.7,73,22.3,23.2,.7,.5,.8,1.3,3.7,4.6
22101,2015-09-27,4,1015.3,65,22,23.1,.5,.3,.7,1,3.4,4.6
22101,2015-09-28,5.5,1019.4,64,22.4,23,.5,.3,.6,1.1,3.1,9.1
22101,2015-09-29,7,1023.4,61,21.3,22.8,.9,.6,1.1,1.7,4.6,10.7
22101,2015-09-30,5.4,1020.4,73,21.2,22.6,.7,.4,.7,1.1,8,10.7
22101,2015-10-01,9.4,1003.6,83,18.8,22.4,1.9,1.1,2.8,5.1,5.9,8
22101,2015-10-03,,,,,,,,1.1,2.1,,4.9
22101,2015-10-04,5.2,1026.3,52,,,.6,.4,.7,1.3,3.5,4.9
22101,2015-10-05,,1023.8,,,,.2,.1,.1,.4,2.7,3.8
22101,2015-10-06,,1021.3,,20.8,,.5,.2,.4,.6,3.2,4.6
22101,2015-10-07,2.8,1017.9,87,20.9,21.8,.4,.3,.3,.5,3.4,4
22101,2015-10-08,5.3,1012.8,79,20.8,21.8,.8,.5,1.5,2.3,3,4.6
22101,2015-10-09,7.2,1011.6,46,18.6,21.5,1.5,1,1.4,2.5,4.7,5.8
22101,2015-10-10,7.3,1009.7,61,17.1,21.3,2.2,1.3,1.6,2.7,5.8,7.1
22101,2015-10-11,7.5,1012.7,64,15.5,21,2.3,1.4,2,3.1,6.1,7.1
22101,2015-10-12,7.5,1018.1,63,16.2,20.7,1.8,1.1,1.3,2.3,5.3,7.1
22101,2015-10-13,6.1,1020.3,66,19.1,20.5,1.2,.7,.9,1.9,4.8,5.8
22101,2015-10-14,1.9,1020.6,81,19.9,20.4,.8,.5,.8,1.3,4.5,5.8
22101,2015-10-15,1.7,1019.9,84,19.9,20.4,.4,.2,.4,.5,4.1,7.1
22101,2015-10-16,2.5,1020.3,86,20.2,20.4,.4,.2,.3,.6,3.7,4.6
22101,2015-10-17,2.8,1021,86,19.1,20.4,.4,.2,.3,.6,3.1,4.6
22101,2015-10-18,3.9,1020.7,84,17.8,20.4,.4,.3,.3,.6,3,4.3
22101,2015-10-19,2.7,1017.8,82,17.9,20.4,.4,.2,.4,.6,4.8,10.7
22101,2015-10-20,2.2,1017.5,78,18.4,20.4,.3,,.3,.6,10,12.8
22101,2015-10-21,2.7,1019.4,84,18.4,20.4,.4,.3,.4,.7,6.7,10.7
22101,2015-10-22,3,1020.7,85,17.7,20.3,.5,.3,.4,.6,5.2,9.1
22101,2015-10-23,3.4,1019.3,73,17.5,20.3,.4,.3,.4,.5,5.2,9.1
22101,2015-10-24,7.1,1019.1,73,17.4,20.3,1.2,.7,1.3,2.1,4.2,8
22101,2015-10-25,3.7,1023.5,62,17.3,20.1,.6,.4,1,1.7,4.3,7.1
22101,2015-10-26,6.8,1018.3,78,,20,.9,.6,1.7,2.7,4.6,6.4
22101,2015-10-27,9.4,1012.2,68,13.9,19.8,2.1,1.3,1.9,3.1,5.7,6.4
22101,2015-10-28,5.7,1020.1,50,13,19.4,1.5,1,2.2,3.7,5.3,6.4
22101,2015-10-29,6.4,1022.8,54,11.9,19.2,1.1,.7,1.6,2.6,4.5,5.8
22101,2015-10-30,7.2,1027.9,52,9.5,18.8,1.5,1,1.4,2.2,5,7.1
22101,2015-10-31,4.9,1030.2,54,10.2,18.4,.9,.5,.9,1.5,4,5.3
22101,2015-11-01,1.8,1025.8,60,11.4,18.2,.4,.3,.5,.9,3.9,5.3
22101,2015-11-02,4.9,1023.4,62,14.3,18.2,.6,.4,.9,1.5,3.6,5.3
22101,2015-11-03,1.7,1028.8,60,15.8,18.1,.6,.4,.6,1,3.8,5.3
22101,2015-11-04,1.9,1028.6,67,15.7,18.1,.4,,.3,.5,3.8,4.9
22101,2015-11-05,2.6,1026,73,15.9,18.1,.4,,.4,.7,4,6.4
22101,2015-11-06,7.7,1024.5,70,16.1,18,.8,.5,.8,1.3,3,3.8
22101,2015-11-07,11.5,1021.9,93,13.5,17.8,1.5,.9,1,1.9,3.8,7.1
22101,2015-11-08,8.2,1017.5,95,13.4,17.6,1,.7,.9,1.3,3.6,5.3
22101,2015-11-09,6.4,1017.1,84,12.6,17.6,1.5,.9,1.3,2.5,5.7,8
22101,2015-11-10,3.7,1022.3,72,10.9,17.4,1.2,.8,1.4,2.1,5.1,6.4
22101,2015-11-11,2.7,1028.3,69,13.1,17.4,.6,.3,.5,.9,4.7,5.8
22101,2015-11-12,4.7,1029,74,15.2,17.3,.4,.3,.4,.7,3.6,5.3
22101,2015-11-13,9.1,1021.2,81,13.9,17.2,1,.6,.8,1.3,3.6,4.6
22101,2015-11-14,4.4,1015.2,89,13.9,17,.5,.3,.5,.9,4.2,7.1
22101,2015-11-15,2.5,1019.9,82,15,17,.4,.3,.5,.7,3.8,7.1
22101,2015-11-16,5.3,1018.2,88,15.2,16.9,.4,.2,.4,.6,3.1,4.6
22101,2015-11-17,6.7,1018.6,80,14.9,16.9,1,.6,.9,1.6,3.4,4.9
22101,2015-11-18,8.2,1019.2,82,13,16.7,1,.6,1,1.5,3.7,4.6
22101,2015-11-19,4.2,1019.6,78,12,,.5,.3,.5,.7,3.6,6.4
22101,2015-11-20,3.6,1024.3,70,12.2,16.5,.6,.4,.8,1.3,4.3,5.3
22101,2015-11-21,6,1027.7,62,11.2,16.4,.8,.5,.7,1.1,3.2,4.3
22101,2015-11-22,6.6,1027.8,73,11.8,16.2,.9,.5,.7,1.1,3.3,4.3
22101,2015-11-23,6.6,1024.1,86,10,16.1,.9,.6,1.7,2.6,3.4,4.9
22101,2015-11-24,6.1,1024,80,6.5,15.9,1.4,.8,1.5,2.4,5.1,7.1
22101,2015-11-25,8,1018.6,76,6.3,15.6,1.6,1,2,3.5,4.9,6.4
22101,2015-11-26,11.8,1016,78,2,15.1,3.3,2,2.5,4.3,5.9,8
22101,2015-11-27,7.6,1021.9,76,2.7,14.4,2.1,1.3,1.9,3.2,5.2,6.4
22101,2015-11-28,3.7,1027.5,80,5.2,14,.6,.4,.7,1,4.6,5.8
22101,2015-11-29,5.9,1025.1,83,9.3,13.9,.6,.4,.7,1.2,3.2,4.6
22101,2015-11-30,5,1023.7,68,7.5,13.7,1.1,.7,1,1.8,4.4,5.3
22101,2015-12-01,3.3,1024.7,57,8.6,13.7,.3,.2,.4,.5,3.8,5.3
22101,2015-12-02,10.6,1014.1,74,10,13.6,2.4,1.5,2.8,4.9,5.3,8
22101,2015-12-03,13.7,1012.6,83,3.7,13.3,4.3,2.7,3.4,5.2,7.1,9.1
22101,2015-12-04,8.7,1020.5,68,5.4,12.8,2.7,1.7,2.2,3.5,6.5,9.1
22101,2015-12-05,7.4,1025.3,58,6.9,12.3,2.1,1.3,1.9,3.1,5.7,7.1
22101,2015-12-06,4.1,1029.2,50,4.2,11.9,.8,.5,1.1,1.7,4.6,6.4
22101,2015-12-07,4.8,1031.1,54,4.8,11.7,.7,.4,.7,1,3.3,4.3
22101,2015-12-08,3.9,1033.1,56,5.3,11.7,.7,.4,.7,1.1,4,4.6
22101,2015-12-09,3.3,1029.6,70,8.4,11.7,.3,.2,.3,.4,3,5.8
22101,2015-12-10,5.3,1019.3,85,9.8,11.6,.5,.3,.9,1.4,2.9,6.4
22101,2015-12-11,8.1,1018.3,70,8.5,11.5,1.4,.9,1.6,2.7,4.1,6.4
22101,2015-12-12,4.5,1024.8,59,7.4,11.4,.6,.3,.6,1,3.8,6.4
22101,2015-12-13,4.2,1024.1,63,8.2,11.3,.3,.2,.4,.5,2.7,4.6
22101,2015-12-14,3.3,1020.9,76,7.8,11.3,.2,.1,.2,.4,3.2,8
22101,2015-12-15,7.3,1019.4,69,7.2,11.2,1.8,1.1,1.8,3.1,4.9,6.4
22101,2015-12-16,9.6,1020.3,67,2.6,11,2.6,1.6,2.2,3.9,6,7.1
22101,2015-12-17,8.3,1026.4,64,.3,10.6,2.3,1.4,1.9,3.4,5.1,5.8
22101,2015-12-18,4,1032.2,79,4.9,10.3,1.2,.7,1.1,2,4.9,6.4
22101,2015-12-19,2.3,1035,72,4.6,10.2,.7,.4,.7,1.3,5.1,6.4
22101,2015-12-20,3.1,1029.4,61,6.1,10.1,.2,.1,.2,.3,3.3,5.3
22101,2015-12-21,4.5,1026.1,77,7.7,10,.8,.5,1,1.4,3.7,4.9
22101,2015-12-22,3.5,1028.1,80,5.9,10,.5,.3,.5,.9,4.5,5.8
22101,2015-12-23,5.3,1023.1,72,7.3,10,.5,.3,.6,1.1,3,5.3
22101,2015-12-24,7.7,1021.8,68,4.9,9.8,1.4,.9,1.3,2.2,4.2,5.8
22101,2015-12-25,5.5,1021.6,53,3.1,9.6,1.2,.7,1.2,2.3,4.4,4.9
22101,2015-12-26,7.8,1020.4,66,5.5,9.5,1.9,1.2,1.5,2.4,5.2,6.4
22101,2015-12-27,7.8,1031.1,62,-2.8,9.2,1.6,1,1.4,2.1,4.6,5.3
22101,2015-12-28,5.8,1033.8,63,-.8,8.8,1.2,.7,.9,1.6,4.6,7.1
22101,2015-12-29,3.9,1033.1,70,2,8.7,.9,.6,1,1.6,5.3,6.4
22101,2015-12-30,6.5,1027.7,82,5.1,8.6,.9,.6,.9,1.3,3.8,4.9
22101,2015-12-31,5.9,1030.1,69,3.7,8.6,1.2,.8,1.1,1.7,4.5,5.3
22101,2016-01-01,4.4,1030.6,64,6.1,8.5,.8,.5,.9,1.7,4.3,5.3
22101,2016-01-02,5.6,1022.1,87,9,8.5,1.7,1,1.5,2.5,5.8,6.4
22101,2016-01-03,1.7,1018.8,94,7,8.6,.6,.4,.6,1,4.7,5.8
22101,2016-01-04,7.1,1023.5,61,4,8.5,1.2,.8,1,1.8,4,5.3
22101,2016-01-05,4.9,1028.3,50,.2,8.4,.8,.6,1,1.6,4,5.3
22101,2016-01-06,3.6,1025.9,64,2.5,8.2,.9,.6,1.1,1.8,4.6,5.8
22101,2016-01-07,6.6,1025.5,64,-.1,8.1,1.6,1,1.2,2.1,4.7,5.8
22101,2016-01-08,4.2,1023.9,61,.8,8,1,.6,.8,1.4,5,5.8
22101,2016-01-09,2.6,1025.5,66,1.8,7.9,1,.6,.8,1.4,4.8,5.8
22101,2016-01-10,6,1026.9,54,3.1,7.8,1.1,.7,1.2,1.8,4.6,5.8
22101,2016-01-11,6.5,1027.8,61,-1.1,7.6,1.1,.7,.9,1.6,4,4.6
22101,2016-01-12,5.7,1025.1,65,-1.7,7.4,1.2,.7,1.2,2.2,4.4,5.8
22101,2016-01-13,6.1,1019.4,73,-.6,7.2,1.7,1.1,1.7,2.4,5.3,7.1
22101,2016-01-14,4.5,1021.6,68,-.2,7,1.2,.8,1.4,2.2,5.5,7.1
22101,2016-01-15,4.5,1021.2,64,2.8,7,.7,.4,.9,1.5,4.8,5.8
22101,2016-01-16,5.4,1022.8,78,4.3,6.9,.4,.3,.5,.7,3.1,4.9
22101,2016-01-17,4.1,1017.2,77,4.7,6.9,.3,,.3,.5,3.2,4.9
22101,2016-01-18,12.2,1011,80,-3.4,6.7,3.2,2,2.7,4.2,5.6,7.1
22101,2016-01-19,12,1017.9,76,-7.3,6.4,3.2,2,2.4,4.2,5.7,6.4
22101,2016-01-20,5.1,1024.9,71,-6.1,6,1.4,.9,1.7,2.5,4.8,6.4
22101,2016-01-21,5.7,1029.7,62,-3.7,5.7,1.1,.7,1.1,1.9,4.2,5.3
22101,2016-01-22,7.4,1032.5,59,-3.6,5.4,1.4,.9,1.2,2.4,4.3,4.9
22101,2016-01-23,10.3,1032.4,76,-7.9,5,2.7,1.8,2.6,4.3,5.4,7.1
22101,2016-01-24,10.6,1026.7,77,-9.3,4.4,2.9,1.7,2.1,3.7,5.4,7.1
22101,2016-01-25,4.3,1027.9,68,-5.2,4,1.8,1.1,1.8,2.9,6.5,8
22101,2016-01-26,5.7,1027.4,66,1.4,3.7,1.2,.8,1.2,1.9,5.2,6.4
22101,2016-01-27,2.1,1030,63,1.5,3.7,1.2,.8,1.6,2.4,5.3,6.4
22101,2016-01-28,4.6,1029.1,66,2.1,3.8,.4,.3,.5,.8,4,5.3
22101,2016-01-29,7.6,1025.8,60,2.5,3.8,1,.6,.8,1.3,3.5,4.9
22101,2016-01-30,6.2,1027.2,72,.7,3.8,1.1,.7,1.1,2,4.1,4.9
22101,2016-01-31,7.6,1030.7,58,-2.5,3.8,1.8,1.1,1.2,2.3,4.7,6.4
22101,2016-02-01,7,1030.8,53,-3.8,3.7,1.5,.9,1.3,2,4.4,6.4
22101,2016-02-02,4.6,1029.5,49,-1.8,3.6,1.1,.6,.8,1.6,4.3,5.3
22101,2016-02-03,3.3,1028.1,63,1.8,3.6,.6,.4,.6,1,4.1,4.6
22101,2016-02-04,6,1026.8,63,2.2,3.6,1.2,.8,1.1,1.8,4.5,5.8
22101,2016-02-05,4.1,1024.9,55,.9,3.6,.8,.5,.9,1.5,4,5.3
22101,2016-02-06,7,1024.8,52,-.8,3.5,1.6,1,1.4,2.3,4.7,5.8
22101,2016-02-07,2.9,1023.5,56,.5,3.5,.6,.4,.9,1.3,4.4,5.3
22101,2016-02-08,7,1015.5,73,4.3,3.5,1.4,.9,1.7,2.5,5,6.4
22101,2016-02-09,4.8,1022.7,64,3,3.4,1.4,.9,1.9,3.2,5.8,7.1
22101,2016-02-10,2.2,1025.9,66,3.7,3.4,.3,.2,.4,.7,4.2,7.1
22101,2016-02-11,7,1023.1,62,6.3,3.4,.4,.3,.4,.7,3.6,5.8
22101,2016-02-12,4.9,1017.5,,6.2,3.6,.8,.5,.8,1.3,6,8
22101,2016-02-13,5.9,1008.3,,6.8,3.7,.8,.5,2.1,3.7,6.9,8
22101,2016-02-14,12.4,1011.2,73,-1.2,3.7,3.5,2.2,2.7,4.3,6.1,8
22101,2016-02-15,6.7,1018,66,-3.4,3.5,2,1.2,2.1,3.6,5.5,8
22101,2016-02-16,6.8,1019.6,68,1.3,3.5,2.4,1.5,2.1,3.3,6.3,7.1
22101,2016-02-17,4.1,1025,60,3.4,3.5,1.3,.9,1.1,2.1,5.4,7.1
22101,2016-02-18,7.5,1021.6,82,5.3,3.5,1.3,.9,1.6,2.3,5,6.4
22101,2016-02-19,3.1,1027.3,75,,,1.1,.8,1.2,2,5.6,7.1
22101,2016-02-20,6,1025.5,61,2.8,3.5,.7,.5,1.2,1.8,3.7,4.9
22101,2016-02-21,4.4,1030.9,47,1.9,3.5,1,.7,1,1.6,4.6,5.8
22101,2016-02-22,3.9,1030.6,57,2.5,3.5,.4,.3,.5,.7,4.3,5.3
22101,2016-02-23,6.8,1031.1,70,1.7,3.5,1.2,.8,1.4,2.5,4.6,5.8
22101,2016-02-24,5.9,1034.6,57,-1.2,3.4,1.1,.8,1.2,2,4.5,5.3
22101,2016-02-25,4.4,1033.3,67,3,3.4,1.1,.8,1.1,1.5,5.1,6.4
22101,2016-02-26,3.5,1028.7,68,3.1,3.4,.8,.6,.9,1.4,5.1,6.4
22101,2016-02-27,1.4,1025,91,3.3,3.5,.6,.4,.7,1.2,5.4,7.1
22101,2016-02-28,6,1022.9,78,2.9,3.5,.8,.5,1.1,2.1,4,6.4
22101,2016-02-29,9.6,1026.8,53,-.8,3.4,2.3,1.6,1.9,3.5,5.2,6.4
22101,2016-03-01,4.8,1028.7,58,.4,3.4,1,.7,1.1,1.8,4.5,6.4
22101,2016-03-02,6.5,1024.5,89,4.7,3.4,1.4,1,1.3,2.1,5.1,5.8
22101,2016-03-03,4.1,1023.3,91,6.3,3.5,1,.7,.9,1.4,5.2,5.8
22101,2016-03-04,4,1023.3,87,8,3.7,.4,.3,.3,.5,4.6,5.8
22101,2016-03-05,6.3,1018.1,,7.7,3.7,.7,.5,.7,1,3.7,5.8
22101,2016-03-06,3.1,1020.6,86,4.6,3.8,.7,.5,.7,1.2,4.3,5.3
22101,2016-03-07,2.5,1018.6,77,5.7,3.9,.2,.1,.2,.3,5.8,8
22101,2016-03-08,6.7,1024.3,59,3,3.9,1,.6,1,1.6,3.6,4.9
22101,2016-03-09,10,1025.7,54,.7,3.8,1.9,1.3,1.8,2.9,4.8,5.8
22101,2016-03-10,7.1,1027.8,54,.6,3.8,1.3,.9,1.3,2.1,4.5,5.3
22101,2016-03-11,5.5,1026.6,51,1.3,3.7,.9,.6,.8,1.3,4.4,5.8
22101,2016-03-12,6.5,1024.6,75,4.1,3.8,.9,.6,.9,1.4,4.5,6.4
22101,2016-03-13,2.9,1024.8,88,3.9,3.8,.8,.6,.9,1.3,5,6.4
22101,2016-03-14,5,1024,82,4.4,3.9,.6,.4,.8,1.2,4,4.9
22101,2016-03-15,2.8,1024.2,86,4.5,4,.5,.3,.5,.8,3.6,4.3
22101,2016-03-16,1.6,1022.7,94,5.1,4.2,.3,.2,.3,.4,3.5,4.3
22101,2016-03-17,2.1,1020.5,78,6,4.3,.2,.1,.2,.3,3.8,9.1
22101,2016-03-18,2.6,1013.1,81,7.6,4.4,.2,.1,.3,.4,4.5,16
22101,2016-03-19,4.9,1016,89,6,4.4,.8,.5,.9,1.6,3.5,4.6
22101,2016-03-20,1.2,1021.1,90,5.7,4.6,.6,.4,.6,1,3.7,4.3
22101,2016-03-21,2.4,1023.7,94,5.6,4.7,.4,.3,.5,.7,3.9,4.6
22101,2016-03-22,3.8,1019.9,,5,4.8,.3,.2,.3,.4,3.4,4.9
22101,2016-03-23,7.1,1020.8,71,6.5,4.9,1.3,.9,1.5,2.2,4.3,5.8
22101,2016-03-24,6.7,1025.6,64,5.5,4.9,1.2,.8,1.3,2.2,4.6,5.3
22101,2016-03-25,3,1024.5,76,5.6,5.1,.7,.5,.8,1.3,3.9,4.9
22101,2016-03-26,2.9,1022.3,81,5.6,5.1,.6,.4,.6,1,4.3,4.9
22101,2016-03-27,3.2,1020.9,90,6.2,5.2,.3,.2,.3,.6,3.3,4
22101,2016-03-28,4.5,1021.2,91,6.5,5.3,.5,.3,.4,.6,4,4.9
22101,2016-03-29,8.2,1017.7,90,7.6,5.4,1.2,.8,1.3,2.3,4.6,6.4
22101,2016-03-30,1.2,1020.6,,4,5.6,.6,.4,.7,1.1,4.4,6.4
22101,2016-03-31,1.5,1017,75,8.9,6,.3,.2,.3,.5,4.4,8
22101,2016-04-01,1.5,1016.1,79,8.1,6.1,.2,.1,.2,.3,3.9,5.8
22101,2016-04-02,2.6,1018.7,87,8.5,6.1,.4,.2,.4,.5,3.5,4.3
22101,2016-04-03,2.5,1018.7,89,8,5.9,.4,.3,.4,.6,3.5,4.9
22101,2016-04-04,4.1,1014.4,78,8,6.1,.4,.3,.5,.9,3,3.8
22101,2016-04-05,3.3,1017.2,82,7.9,6.1,.4,.2,.5,.8,3.1,4.9
22101,2016-04-06,2.4,1015.8,81,8.7,6.3,.3,.2,.2,.4,3.3,4
22101,2016-04-07,4.2,1010,95,8.7,6.5,.4,.3,.6,1,3,4.6
22101,2016-04-08,4.7,1016.1,,6.5,6.6,.5,.3,.5,.7,3.8,6.4
22101,2016-04-09,4.2,1014.5,,7.4,6.7,.6,.4,.5,.8,3.9,4.9
22101,2016-04-10,2.7,1014.1,,8.1,6.7,.4,.3,.5,.7,3.6,4.9
22101,2016-04-11,3.9,1019.2,82,8.1,6.8,.4,.3,.7,.9,4.1,5.3
22101,2016-04-12,2.5,1015.4,86,9,7,.3,.2,.3,.5,4.1,7.1
22101,2016-04-13,1.3,1007.4,,8.5,7.1,.4,.2,.3,.6,4.3,5.3
22101,2016-04-14,2.4,1013.7,,7.3,7.1,.6,.4,.5,.7,3.6,4.9
22101,2016-04-15,2.7,1019.1,,6.8,7.2,.4,.2,.4,.6,3.3,6.4
22101,2016-04-16,5.9,1006.5,83,11.3,7.3,.4,.3,.8,1.2,3.3,8
22101,2016-04-17,9.4,1005.3,88,9,7.5,2.2,1.5,2.6,4.3,5.2,7.1
22101,2016-04-18,5.5,1014.7,89,9,7.6,1.1,.8,1.1,1.8,4.7,5.8
22101,2016-04-19,2.5,1023.2,93,8.7,7.9,1.1,.7,1.1,2.6,5.2,6.4
22101,2016-04-20,4.4,1018.5,86,10.6,7.9,.4,.3,.4,.6,4.1,5.3
22101,2016-04-21,4.3,1006.4,,10.3,8,.6,.4,.5,1,5.2,7.1
22101,2016-04-22,4.5,1009.6,,9,8.1,.8,.5,.8,1.3,4.9,7.1
22101,2016-04-23,2,1014.5,,8.8,8.2,.5,.3,.4,.7,4.2,5.3
22101,2016-04-24,1.6,1015.9,82,10.5,8.5,.3,.1,.2,.5,4.2,9.1
22101,2016-04-25,1.3,1018.4,78,11.4,8.5,.3,,.2,.3,3.8,6.4
22101,2016-04-26,2.2,1015.1,84,12.2,8.7,.3,.1,.2,.4,4.2,7.1
22101,2016-04-27,3.7,1009.3,72,12.4,8.7,.4,.2,.4,.9,3.2,9.1
22101,2016-04-28,1.7,1008.1,83,11.6,8.9,.4,.2,.7,1.2,4.4,8
22101,2016-04-29,2.8,1012.3,95,10.4,9.2,.8,.4,.5,1,4.5,5.3
22101,2016-04-30,8.2,1011,81,11.5,9.1,1.3,.8,1.3,2.3,4.3,5.8
22101,2016-05-01,7.9,1012.7,85,12.6,9.3,1.5,.9,1,1.9,5.4,6.4
22101,2016-05-02,5.8,1010.7,,14.2,9.5,.9,.5,.7,1.3,5.3,6.4
22101,2016-05-03,11,995.1,,12.3,9.6,2.6,1.6,3.1,5.7,6.3,8
22101,2016-05-04,8.2,1005.8,77,12,10,2.8,1.7,3.8,5.5,6.5,10.7
22101,2016-05-05,4.4,1012.6,78,14,10.4,.9,.5,.9,1.5,5.1,6.4
22101,2016-05-06,7.3,1007.3,,12.3,10.2,1.2,.7,1.1,1.8,5.6,8
22101,2016-05-07,3.3,1015.1,88,12.4,10.4,.8,.5,.7,1.1,4.5,5.8
22101,2016-05-08,1,1016.6,88,13.3,10.6,.4,.2,.4,.7,4,7.1
22101,2016-05-09,2.1,1011.8,94,12.6,10.7,.3,.2,.4,.6,3.9,7.1
22101,2016-05-10,4.5,1007.9,,12.6,10.7,.6,.3,.7,1.2,3.3,4.9
22101,2016-05-11,2.2,1010.4,95,13.1,10.9,.3,.1,.2,.4,3.7,7.1
22101,2016-05-12,5.8,1013.2,,12.3,11,.7,.5,.9,1.3,4.1,5.8
22101,2016-05-13,4.1,1020.5,89,12.2,11.3,1.3,.8,1.1,1.8,4.9,6.4
22101,2016-05-14,2.6,1021.3,78,14.9,11.7,.4,.2,.4,.6,4.2,7.1
22101,2016-05-15,6.1,1010.2,95,13.1,11.6,.9,.6,1.4,2.2,4,8
22101,2016-05-16,5.5,1010.6,85,13.1,11.8,1.3,.8,1.3,2.4,4.7,5.3
22101,2016-05-17,1.7,1016.2,96,14,12.2,.8,.5,.6,1,4.4,5.3
22101,2016-05-18,1.3,1018.8,91,15.1,12.2,.5,.3,.4,.7,4.3,5.3
22101,2016-05-19,2,1017.8,75,16.8,12.3,.3,.2,.3,.5,4.1,8
22101,2016-05-20,.9,1017.8,87,15.9,12.6,.3,.1,.1,.4,3.3,9.1
22101,2016-05-21,1.7,1018,71,16.9,12.8,.3,.1,.2,.4,4.2,9.1
22101,2016-05-22,2.2,1016.4,76,16.4,12.9,.3,,.2,.4,4.7,9.1
22101,2016-05-23,2.3,1012.9,,15.9,13,.4,.2,.4,.7,5.2,8
22101,2016-05-24,4.9,1007.3,,14.2,13.1,.8,.5,.7,1.2,4.2,5.8
22101,2016-05-25,4.3,1010,,15.2,13.2,.6,.3,.5,.8,4.1,4.6
22101,2016-05-26,2.6,1010.9,,14.9,13.3,.6,.3,.4,.8,4.1,8
22101,2016-05-27,1.7,1012.2,,14.4,13.4,.3,.2,.2,.5,3.9,6.4
22101,2016-05-28,1.7,1009.1,,15.7,13.7,.3,.1,.2,.5,3.2,9.1
22101,2016-05-29,2.5,1005.7,,15.7,14,.4,.2,.7,1.2,3.1,6.4
22101,2016-05-30,2.3,1007.8,,16.4,14.2,.5,.3,.5,.8,3.6,4.3
22101,2016-05-31,2.7,1008.4,,16,14.3,.6,.3,.5,.9,4.1,5.3
22101,2016-06-01,2.8,1007.7,92,16.4,14.5,.4,.2,.4,.6,4,4.9
22101,2016-06-02,2.3,1010.6,94,16.3,14.5,.4,.2,.2,.4,4,8
22101,2016-06-03,2.3,1011.6,98,15.9,14.8,.3,.2,.2,.4,4.8,9.1
22101,2016-06-04,2.2,1009.7,90,16.3,14.7,.3,.1,.2,.5,3.9,7.1
22101,2016-06-05,2.4,1011.1,89,17.5,14.8,.4,.2,.3,.5,5,8
22101,2016-06-06,2,1012.7,93,16.5,15,.3,,.2,.4,5.7,9.1
22101,2016-06-07,1.7,1011.2,99,16.2,15.2,.3,.1,.2,.4,3.9,6.4
22101,2016-06-08,2.3,1010.5,98,16.2,15.2,.3,.2,.2,.5,3.5,5.8
22101,2016-06-09,.9,1011.8,98,15.4,15.3,.3,.2,.2,.6,3.8,9.1
22101,2016-06-10,1.5,1012.2,95,17.4,15.6,.3,.1,.2,.4,3.2,5.3
22101,2016-06-11,3.2,1010.3,98,17.9,15.7,.5,.3,.4,.7,4.2,4.9
22101,2016-06-12,1.7,1006.4,98,16.9,15.8,.5,.3,.3,.6,4.1,4.9
22101,2016-06-13,1.5,1003.2,99,17.2,16,.5,.3,.3,.7,3.5,8
22101,2016-06-14,3.1,1003.2,98,17.1,16,.4,.2,.3,.6,4.7,9.1
22101,2016-06-15,5.6,1000,98,18.3,16,1.3,.8,1.4,2.4,6.7,9.1
22101,2016-06-16,3.4,1001,98,17.6,16.3,.9,.5,.8,1.3,5.1,7.1
22101,2016-06-17,6.5,1007.5,98,18.4,16.4,1.1,.7,.9,1.6,4.9,5.8
22101,2016-06-18,3.5,1011.8,97,18.5,16.6,1,.6,.8,1.4,5.3,5.8
22101,2016-06-19,1.3,1008.8,96,19.5,17,.6,.3,.5,.8,4.8,6.4
22101,2016-06-20,2,1007.1,97,18,16.8,.4,,.3,.5,4.8,6.4
22101,2016-06-21,1.4,1007.3,98,19.3,17,.3,.2,.2,.5,5.7,8
22101,2016-06-22,2.6,1005.7,98,19.7,17.1,.4,.2,.3,.6,4.8,6.4
22101,2016-06-23,1.9,1006.4,98,19.1,17.3,.3,.2,.2,.5,6,7.1
22101,2016-06-24,3.8,1000.6,98,19.1,17.3,.6,.3,.8,1.5,5.3,7.1
22101,2016-06-25,5.3,1004,93,18.9,17.5,1.2,.7,.9,1.7,5.1,6.4
22101,2016-06-26,2.7,1009.5,96,20.1,17.8,.8,.4,.6,1,4.6,5.8
22101,2016-06-27,2.4,1010.1,98,19.4,18,.5,.3,.4,.6,4.5,5.3
22101,2016-06-28,1.4,1011.2,98,19.1,18.1,.4,.2,.3,.6,4,4.9
22101,2016-06-29,2.2,1010.6,97,19.8,18.3,.4,.2,.4,.6,4.7,6.4
22101,2016-06-30,4.1,1009.9,98,19.8,18.2,.7,.4,.5,.9,4.5,5.8
22101,2016-07-01,5,1004.3,98,20.7,18.3,.9,.6,.8,1.3,4.6,5.8
22101,2016-07-02,2.4,1005.3,99,20.2,18.7,.8,.5,.6,1.2,6.6,8
22101,2016-07-03,1.8,1009.8,99,19.8,18.5,.5,.3,.3,.7,6,8
22101,2016-07-04,4,1008.4,98,20.6,18.5,.4,.2,.4,.6,5.2,7.1
22101,2016-07-05,6.5,1009,98,20.5,18.7,1,.6,1,1.7,4.8,6.4
22101,2016-07-06,1.9,1014.3,98,19.9,19,.8,.5,.8,1.5,4.9,6.4
22101,2016-07-07,1.1,1014.9,98,19.9,19,.3,.2,.3,.6,5.3,7.1
22101,2016-07-08,1.5,1010.7,96,20.2,19.2,.3,.1,.2,.4,5.9,10.7
22101,2016-07-09,1.5,1007.1,98,21.4,19.4,.4,.2,.4,.6,9.4,10.7
22101,2016-07-10,1.5,1005.3,98,20.4,19.6,.4,.3,.4,.7,8.4,10.7
22101,2016-07-11,1.6,1004.5,98,21.1,20,.3,.2,.2,.4,8.4,10.7
22101,2016-07-12,1.2,1002.8,98,21.3,20.1,.5,.3,.4,.6,8.3,9.1
22101,2016-07-13,2.1,1002,98,21.3,20.1,.6,.4,.5,.8,8.9,9.1
22101,2016-07-14,2.9,1002.1,92,23.1,20.7,.9,.5,.7,1.1,8.1,9.1
22101,2016-07-15,3.9,1003.6,82,23.8,20.3,.5,.3,.5,.7,7.7,9.1
22101,2016-07-16,7.8,998.1,98,20.9,20.3,1.4,.9,1.5,2.1,6,8
22101,2016-07-17,3.6,1007.1,98,20.9,20.3,1,.6,1.1,1.4,4.7,6.4
22101,2016-07-18,1.7,1011,98,21.3,20.5,.5,.3,.3,.6,4.5,8
22101,2016-07-19,1.1,1011.2,97,22.2,20.7,.3,.1,.2,.4,5.1,7.1
22101,2016-07-20,1.4,1011.5,98,23.5,20.8,.3,,.3,.5,4.5,6.4
22101,2016-07-21,3.7,1010.6,91,24.4,21,.7,.4,.8,1.3,5.7,8
22101,2016-07-22,3.4,1009.3,94,24.1,21.1,.7,.4,.7,1.1,5.6,7.1
22101,2016-07-23,5.1,1008.6,97,23.8,21.1,.8,.5,.7,1.2,5.5,6.4
22101,2016-07-24,4.7,1010,98,23.1,21.2,.8,.5,.7,1.4,4.9,5.8
22101,2016-07-25,2.9,1010.7,98,22.4,21.4,.5,.3,.4,.6,4.5,5.8
22101,2016-07-26,4.2,1007.3,98,22.4,21.4,.8,.5,.7,1.2,5.2,6.4
22101,2016-07-27,5.4,1004.1,98,23.2,21.6,1.2,.7,.9,1.5,5.6,6.4
22101,2016-07-28,2.1,1006.2,99,23.5,21.8,.6,.4,.6,.9,5.2,6.4
22101,2016-07-29,3.4,1008.5,98,23.3,21.9,.5,.3,.4,.8,4.2,5.8
22101,2016-07-30,3.5,1010.9,97,24.3,22,.6,.3,.6,1,4.5,5.8
22101,2016-07-31,1.7,1011.9,98,23.7,22.2,.4,.2,.3,.6,4.7,5.8
22101,2016-08-01,1.3,1010.8,98,23,22.3,.4,,.2,.5,4.5,6.4
22101,2016-08-02,1.6,1009.4,98,23.3,22.2,.4,.2,.2,.5,4.4,10.7
22101,2016-08-03,1.5,1009.5,97,24.7,22.4,.3,.2,.3,.5,8.5,10.7
22101,2016-08-04,1.3,1010,98,24.2,22.7,.3,.2,.3,.5,7.6,9.1
22101,2016-08-05,.7,1010,95,25.5,23,.3,.1,.2,.4,5.6,9.1
22101,2016-08-06,1,1008.5,98,25.1,23.1,.3,,.1,.3,4,5.8
22101,2016-08-07,1,1007.8,97,24.6,23.2,.2,,.1,.3,3.5,5.3
22101,2016-08-08,1.1,1008.1,99,24.9,23.4,.3,,.2,.4,4.1,9.1
22101,2016-08-09,1.6,1008.5,96,26.1,23.7,.3,.2,.2,.4,3.8,6.4
22101,2016-08-10,1.5,1010.4,98,24.6,23.8,.3,.1,.2,.4,5.6,9.1
22101,2016-08-11,1.1,1010.5,98,25.8,24.2,.3,.2,.2,.5,5.1,7.1
22101,2016-08-12,1.1,1008.5,99,25.6,24.4,.3,.2,.2,.4,4.7,7.1
22101,2016-08-13,1.7,1006.7,98,26.3,24.6,.4,.2,.3,.6,5.3,9.1
22101,2016-08-14,2,1005.2,98,26.2,24.9,.5,.3,.4,.7,3.7,4.3
22101,2016-08-15,1.2,1002.7,98,25.1,25.1,.6,.3,.5,.8,3.5,4.3
22101,2016-08-16,1.8,1002,99,26.1,24.8,.8,.5,.6,1.1,4.7,6.4
22101,2016-08-17,1.1,1004,98,25.8,24.8,.5,.3,.6,1,4.3,5.8
22101,2016-08-18,1.1,1005.7,97,26.4,24.7,.3,.1,.2,.4,4.9,9.1
22101,2016-08-19,1,1006.7,93,26.2,24.8,.4,.2,.3,.6,3.5,5.8
22101,2016-08-20,1.4,1006.5,96,27.1,25.1,.4,.2,.3,.5,4.3,5.3
22101,2016-08-21,1.7,1006.3,87,26.4,25.1,.4,.2,.2,.5,4.1,5.3
22101,2016-08-22,2.8,1006.6,98,26.2,25,.4,.2,.4,.7,3.8,5.3
22101,2016-08-23,1.7,1006.3,98,25.8,25.1,.4,.2,.4,.6,4.2,5.8
22101,2016-08-24,1.1,1007.1,98,25.6,25,.3,.1,.2,.4,3.7,5.3
22101,2016-08-25,2.6,1005.8,94,26.3,25.3,.4,.2,.6,1,3.9,8
22101,2016-08-26,7,1008.5,78,24.7,25.2,.9,.6,1,1.7,4,6.4
22101,2016-08-27,5.7,1009.3,56,24.3,25.1,.6,.4,.6,1.1,3.1,3.8
22101,2016-08-28,7,1006,63,24,24.9,.9,.5,.7,1.3,3.6,4.3
22101,2016-08-29,7.1,1003.5,60,24,24.8,1.2,.7,1.4,2.3,4.2,6.4
22101,2016-08-30,10.7,994.4,63,24,24.6,2.6,1.6,2,3.6,5.8,7.1
22101,2016-08-31,12,991.9,76,22.5,24.2,3.5,2.2,2.9,5.3,6.6,8
22101,2016-09-01,7.3,999.5,92,23.4,24,1.7,1,1.5,2.5,6.4,8
22101,2016-09-02,6.6,1005.8,87,25.3,24,1.2,.8,1.1,1.7,6,6.4
22101,2016-09-03,3.5,1008.7,86,23.8,24.1,.6,.3,.6,.9,5.3,6.4
22101,2016-09-04,2.6,1011.2,95,24.9,24,.4,.2,.3,.5,4.1,5.8
22101,2016-09-05,3.4,1010.4,98,24.8,23.9,.4,.2,.3,.6,3.6,6.4
22101,2016-09-06,2.7,1009.4,98,23.3,24,.4,.2,.4,.6,3.9,7.1
22101,2016-09-07,2.5,1006.9,90,23.6,24,.4,.2,.3,.5,3.4,6.4
22101,2016-09-08,1.8,1007,96,23.8,24,.5,.3,.4,.8,4.5,9.1
22101,2016-09-09,3.6,1010.3,87,24.2,24.1,.7,.4,.5,1.1,4.5,5.8
22101,2016-09-10,2.1,1012.3,96,24.5,24.2,.4,.2,.4,.8,3.8,6.4
22101,2016-09-11,2.1,1014.7,87,23.8,24.2,.4,.2,.3,.6,3.5,5.3
22101,2016-09-12,1.9,1016.6,84,24.8,24.3,.4,,.3,.5,3.9,5.8
22101,2016-09-13,2.3,1018.1,85,23.9,24.3,.4,.2,.3,.5,3.6,5.8
22101,2016-09-14,2.7,1017.9,83,24.4,24.2,.4,.2,.3,.6,4.8,10.7
22101,2016-09-15,2.3,1016.9,79,24.3,24.2,.4,.2,.3,.6,9.3,12.8
22101,2016-09-16,1.1,1015,93,23.6,24.1,.4,.2,.4,.8,9,10.7
22101,2016-09-17,5,1011.3,81,23.9,24.1,.5,.3,.4,.7,5.3,9.1
22101,2016-09-18,5.5,1011.5,72,24.6,24,.6,.3,.5,.9,5.5,10.7
22101,2016-09-19,5.4,1012.9,65,23.3,23.9,.6,.3,.5,.9,7.7,10.7
22101,2016-09-20,6,1017.2,55,21.7,23.6,.6,.4,.7,1,3.6,5.3
22101,2016-09-21,4.3,1020.9,56,22.6,23.5,.4,.2,.4,.7,3.1,6.4
22101,2016-09-22,3.2,1018.4,65,22.9,23.3,.4,.2,.3,.6,3.1,5.8
22101,2016-09-23,1.3,1017.4,69,22.2,23.3,.4,.2,.3,.5,3.3,5.8
22101,2016-09-24,1.1,1016.7,68,23.1,23.4,.3,.2,.2,.5,3.5,5.3
22101,2016-09-25,1.3,1017.1,72,22.9,23.5,.4,.2,.3,.5,3.8,4.6
22101,2016-09-26,1.8,1016,84,23.9,23.4,.4,.2,.3,.5,3.7,7.1
22101,2016-09-27,3.6,1016.2,90,23.4,23.3,.4,.2,.5,.9,4.3,12.8
22101,2016-09-28,4.9,1015.8,84,,23.2,1,.6,.9,1.7,4.9,10.7
22101,2016-09-29,5.9,1015.8,78,22.5,23.1,.9,.5,.8,1.3,6.8,10.7
22101,2016-09-30,2.2,1015.3,82,22,23.1,.5,.3,.4,.6,7.5,9.1
22101,2016-10-01,1.5,1017.8,76,22.9,23,.4,.2,.3,.6,7.7,9.1
22101,2016-10-02,6.3,1013.5,88,22,22.8,.7,.4,1,1.7,5.1,9.1
22101,2016-10-03,6,1010.4,90,22,22.8,1.1,.7,1.6,2.7,5.3,6.4
22101,2016-10-04,5.1,1014.6,73,23.3,22.7,.6,.3,.6,1.1,4.3,10.7
22101,2016-10-05,7.9,1011.3,73,22.1,22.6,1.2,.7,1.6,2.4,6.1,12.8
22101,2016-10-06,6.1,1021.6,61,19.5,22.5,1.5,.9,1.4,2.4,5.4,6.4
22101,2016-10-07,5.7,1019.3,79,21.3,22.3,.7,.4,.8,1.2,3.5,4.9
22101,2016-10-08,8.9,1013.5,71,19.3,22.2,2,1.2,2.3,4,4.9,7.1
22101,2016-10-09,9.4,1021,50,13.8,21.9,2.4,1.4,2.3,4.4,4.9,7.1
22101,2016-10-10,5.1,1021.5,45,16.2,21.6,1,.6,1.3,1.9,3.6,5.3
22101,2016-10-11,3.1,1020.6,61,19.6,21.5,.5,.3,.6,1,3.3,5.8
22101,2016-10-12,7,1023.1,53,17.3,21.3,1.3,.8,1.1,1.8,4,4.9
22101,2016-10-13,3.5,1023.7,50,18.1,21.1,.6,.3,.8,1.5,3.8,5.8
22101,2016-10-14,2,1025.4,71,19.6,21,.5,.2,.4,.7,3.8,4.9
22101,2016-10-15,3.2,1025.2,78,20.9,20.9,.4,.2,.3,.6,4.8,6.4
22101,2016-10-16,3.8,1019.2,78,20,20.8,.4,.2,.4,.7,4.1,7.1
22101,2016-10-17,4.2,1018.5,79,19.7,20.7,.6,.3,.6,1.1,3.9,7.1
22101,2016-10-18,3.4,1020.4,60,18.6,20.6,.7,.4,.7,1.3,5.5,10.7
22101,2016-10-19,1.9,1018.7,70,19.5,20.5,.3,.2,.2,.5,5.8,9.1
22101,2016-10-20,3.9,1019.1,75,19.8,20.4,.4,.2,.3,.5,3.3,8
22101,2016-10-21,7.5,1019.2,72,20.2,20.3,.8,.4,.7,1.3,5,12.8
22101,2016-10-22,4.5,1014.7,75,18.2,20.2,.7,.4,.6,1.3,8.1,12.8
22101,2016-10-23,7.4,1016.2,76,16.9,20.1,1,.6,.8,1.4,4.3,10.7
22101,2016-10-24,5.7,1017.2,72,16.4,19.9,.7,.4,.7,1.1,4.1,8
22101,2016-10-25,9.1,1011.2,79,18.2,19.8,2.1,1.3,1.8,3.1,5.6,8
22101,2016-10-26,5.2,1020.4,67,17.4,19.7,1.1,.6,.8,1.3,4.2,5.3
22101,2016-10-27,6.2,1022.8,64,17,19.6,.8,.5,.9,1.4,3.6,7.1
22101,2016-10-28,7.2,1018,66,17.2,19.4,1.2,.7,2.1,3.3,3.7,5.8
22101,2016-10-29,10.2,1027.3,48,10.9,19,2.5,1.5,2.3,3.6,5.1,5.8
22101,2016-10-30,3.4,1029.9,42,11.8,18.6,.8,.5,1.1,1.7,4.4,6.4
22101,2016-10-31,7.5,1027.8,62,10.8,18.3,1.4,.9,1.7,2.8,4.4,5.8
22101,2016-11-01,7.7,1031.6,56,5.4,17.8,1.9,1.2,1.6,2.7,5,5.8
22101,2016-11-02,4.1,1027.5,61,9.4,17.4,.7,.4,.8,1.4,4.3,6.4
22101,2016-11-03,5.4,1022.1,58,13.6,17.2,1.4,.8,1.2,1.9,5.4,6.4
22101,2016-11-04,8.8,1015.5,73,16.6,17.1,1.8,1.1,1.4,2.3,5.6,7.1
22101,2016-11-05,6.5,1013.3,86,16.9,17,1.8,1.1,1.6,2.5,6.8,8
22101,2016-11-06,6.2,1022.3,78,17.2,17,.9,.6,.8,1.3,4.5,6.4
22101,2016-11-07,6.8,1023,76,14.5,17,1,.6,1.4,2.3,3.8,5.3
22101,2016-11-08,10.8,1026.6,62,6.7,16.8,2.9,1.7,2,3.8,5.5,8
22101,2016-11-09,7.3,1030.2,55,6,16.4,1.6,1,2,3,4.2,5.3
22101,2016-11-10,3.4,1020.8,56,9.6,16.2,.5,.3,.5,.8,3.6,7.1
22101,2016-11-11,7.2,1018.6,58,13.6,15.9,2,1.2,2.2,3.3,6,8
22101,2016-11-12,7.9,1021.5,80,15.9,15.7,1.8,1.1,1.4,2.4,6.3,7.1
22101,2016-11-13,3.8,1020.8,87,16.3,15.6,.8,.5,.9,1.3,6.2,7.1
22101,2016-11-14,4.4,1016.8,85,16,15.7,.6,.4,1.1,1.5,4.9,6.4
22101,2016-11-15,9,1022.6,54,8.2,15.4,1.9,1.1,1.7,2.9,4.7,6.4
22101,2016-11-16,3.1,1024.4,50,9.7,15.2,.6,.3,.9,1.6,4.9,7.1
22101,2016-11-17,2.4,1024.8,64,12.4,15,.3,.1,.3,.5,4.5,7.1
22101,2016-11-18,4,1018.5,70,14,15,.3,.1,.3,.4,3.1,7.1
22101,2016-11-19,3.7,1014.7,90,13.8,14.9,.5,.3,.7,1.2,4,6.4
22101,2016-11-20,7.4,1022.5,56,10.8,14.8,1.5,.9,1.5,2.4,4.6,5.8
22101,2016-11-21,7.4,1019.3,61,11.9,14.7,1.2,.7,1.2,2.3,3.8,5.3
22101,2016-11-22,9.9,1024.8,64,4.1,14.5,2.6,1.5,1.9,3.8,5.4,6.4
22101,2016-11-23,9.2,1028.4,58,2.9,14.1,2,1.3,1.6,2.8,4.9,6.4
22101,2016-11-24,6.3,1028.3,56,3.5,13.8,1.6,1,1.8,2.7,4.7,6.4
22101,2016-11-25,2.5,1028,58,5.6,13.5,.8,.5,.6,1.2,5.5,6.4
22101,2016-11-26,5.5,1023.5,72,7.8,13.3,.8,.5,.5,.9,4.5,6.4
22101,2016-11-27,4.5,1021.8,67,9.1,13.2,.9,.5,1,1.7,4.4,5.8
22101,2016-11-28,7.3,1029.1,57,5.7,12.9,1.8,1.1,1.5,2.6,5.2,8
22101,2016-11-29,4.6,1033.7,47,7.3,12.6,.8,.5,1,1.6,4.8,6.4
22101,2016-11-30,4.4,1026.4,60,9.9,12.6,.6,.3,1,1.8,4,5.8
22101,2016-12-01,9.1,1027.7,56,7.6,12.3,2.3,1.4,1.7,2.9,5.6,7.1
22101,2016-12-02,2.7,1031.8,60,6.8,12.1,.9,.5,1.1,1.9,5.6,7.1
22101,2016-12-03,1,1027.2,64,9.2,12,.5,.3,.3,.6,4.8,5.8
22101,2016-12-04,4.3,1018.4,79,10.5,12,.6,.3,.5,1,4.5,5.8
22101,2016-12-05,8.1,1018.7,76,10.1,12,1.7,1.1,2.1,3.4,5,7.1
22101,2016-12-06,6.3,1027,48,2.4,11.7,1.7,1.1,2.3,3.5,5.2,7.1
22101,2016-12-07,6,1021.4,68,8,11.6,1.5,.9,1.2,2.3,5.5,7.1
22101,2016-12-08,4.1,1018.1,69,7.5,11.4,1,.6,1,1.5,5,6.4
22101,2016-12-09,8.6,1021.2,62,5.2,11.2,2.2,1.4,2,3.3,5.5,6.4
22101,2016-12-10,6.4,1028,51,2.9,11,1.2,.7,1.3,2.2,4,4.9
22101,2016-12-11,3.5,1028.8,46,4.1,10.9,.6,.3,.9,1.4,3.5,6.4
22101,2016-12-12,4,1024.3,45,6.9,10.7,.3,.2,.2,.5,2.8,5.8
22101,2016-12-13,6.9,1020.6,64,6,10.5,1.1,.6,1.3,2.4,3.8,5.8
22101,2016-12-14,8.4,1021.7,61,1.8,10.2,2,1.3,1.6,2.7,5.3,6.4
22101,2016-12-15,9.1,1025.2,59,-.1,9.8,2.1,1.3,1.7,2.9,5.2,6.4
22101,2016-12-16,6.1,1028.4,65,1.6,9.5,1.5,.9,1.4,2.2,5.1,7.1
22101,2016-12-17,6.4,1028.3,67,9.4,9.4,1.7,1,1.5,2.4,6,7.1
22101,2016-12-18,5.9,1028.5,74,10.1,9.3,1.3,.8,.9,1.6,6.2,7.1
22101,2016-12-19,4.8,1024,89,9.6,9.3,.8,.5,.8,1.3,5.5,7.1
22101,2016-12-20,4.7,1027.5,89,8.8,9.3,.5,.3,.4,.7,3.6,6.4
22101,2016-12-21,6.2,1020.6,84,10.8,9.4,.6,.4,.8,1.5,3,4.6
22101,2016-12-22,10.7,1010.7,87,7.5,9.4,2.7,1.7,2.7,4.3,5.5,8
22101,2016-12-23,10.2,1021.3,77,1.5,9.2,3.4,2,2.7,4.6,6.4,8
22101,2016-12-24,2.8,1031,65,1,9,1.1,.6,1.3,1.9,6.2,8
22101,2016-12-25,3.3,1030.3,72,4.3,8.9,.4,.2,.3,.6,3.4,5.3
22101,2016-12-26,5.1,1022.3,70,6,8.8,.6,.4,.9,1.4,3.1,4.3
22101,2016-12-27,10,1024.6,60,1.1,8.6,2.6,1.6,2.2,4,5.6,7.1
22101,2016-12-28,4.2,1030.7,58,0,8.4,1,.6,1.2,1.9,4.8,7.1
22101,2016-12-29,8.7,1031.6,62,.4,8.1,1.8,1.1,1.6,2.8,4.9,5.8
22101,2016-12-30,3.9,1032.8,64,2.8,7.9,.7,.4,1,1.5,4.7,5.8
22101,2016-12-31,2.4,1029.7,70,6.8,7.8,.8,.5,.6,1.1,4.7,5.8
22108,2009-10-21,,,,,,,,.9,1.6,,3.2
22108,2009-10-22,4.6,1001.2,56,18,18.3,.9,.5,.7,1.3,3.1,5.3
22108,2009-10-23,4.1,999.5,88,19.1,18.3,1.5,.9,1.1,2.1,3.2,5.8
22108,2009-10-24,2.7,1006.7,78,18.6,18.5,.8,.5,.7,1.2,4.6,7.1
22108,2009-10-25,3,968.3,72,18.7,18.8,.7,.4,.5,.9,5,12.8
22108,2009-10-26,3.5,987.4,79,18.8,18.9,.7,.4,.6,.9,4.1,6.4
22108,2009-10-27,5.2,1019.1,69,17.8,18.7,1.6,1,1.3,2.2,2.7,4.9
22108,2009-10-28,3.9,1022.4,68,17.9,18.7,.8,.5,.7,1.3,3.2,5.3
22108,2009-10-29,6.6,1020.3,79,19.4,18.3,1.6,1,1.3,2.1,2.7,4.9
22108,2009-10-30,2.3,1022.6,82,19,18.4,.8,.5,.8,1.5,2.5,2.7
22108,2009-10-31,8.5,1016.6,83,18.6,18.2,2,1.2,2.3,3.6,2.8,5.8
22108,2009-11-01,,1019.6,69,13.2,18,4.1,2.5,2.9,5.2,3.9,4.3
22108,2009-11-02,,1029.8,64,7.2,17.2,5.4,3.4,4.2,6.9,4.1,4.6
22108,2009-11-03,5.5,1031.8,57,10.8,16.6,2.3,1.4,2.2,3.7,3.4,4
22108,2009-11-04,8.1,1026.7,68,16.2,16.5,3,1.9,2.3,3.7,3.8,8
22108,2009-11-05,3.8,1022.4,78,17.3,16.5,2.2,1.4,2.2,3.8,3.8,6.4
22108,2009-11-06,4.8,1017.6,89,17.5,16.6,1.1,.7,.9,1.5,2.4,2.8
22108,2009-11-07,5.7,1016.3,92,17.8,16.6,1.2,.7,.9,1.5,2.2,2.5
22108,2009-11-08,4.4,1013.8,90,18,16.7,1.8,1.1,1.3,2.5,2.9,4.6
22108,2009-11-09,4,1014.1,89,17.4,16.8,1.3,.8,1.2,1.9,3.7,7.1
22108,2009-11-10,6.6,1011.6,77,17.1,16.6,1.9,1.1,1.9,3,3.1,4
22108,2009-11-11,9.6,1019.4,63,13.7,16.1,2.7,1.7,2.1,3.3,2.7,3.2
22108,2009-11-12,8.3,1024.8,61,12.6,15.8,2.2,1.3,1.7,3.5,2.5,3
22108,2009-11-13,6.3,1016.3,77,13.7,15.6,1.7,1,2.2,3.8,2.6,4
22108,2009-11-14,10.8,1017.8,63,9.4,15.4,4.4,2.7,3.2,5.9,4,4.3
22108,2009-11-15,10.1,1025.1,69,5.9,15.2,4.3,2.6,3.5,5.6,4,4.6
22108,2009-11-16,8.6,1029.5,67,5.7,15,2.9,1.8,2.1,3.6,3.4,6.4
22108,2009-11-17,8.8,1027.7,67,5.4,14.7,2.7,1.6,1.9,3.7,3.1,3.6
22108,2009-11-18,5,1029.7,65,5.6,14.5,2,1.2,1.7,2.8,3,3.6
22108,2009-11-19,6.2,1031.2,54,8.1,14.4,1.7,1.1,1.4,2.3,2.7,4.9
22108,2009-11-20,5.5,1030,58,7.9,14.2,1.6,.9,2.3,3.6,2.7,5.3
22108,2009-11-21,5.5,1030.1,57,5.6,14.1,2.8,1.7,3.3,5.8,3.6,8
22108,2009-11-22,4.6,1025.1,63,8.6,13.9,1.2,.7,1.2,1.9,2.6,3.8
22108,2009-11-23,4.1,1025.3,58,12.7,14,1.6,1,1.2,1.9,3.1,5.8
22108,2009-11-24,2.8,1021.2,65,12.2,13.8,.8,.5,.6,1.2,2.8,5.3
22108,2009-11-25,5.6,1018.8,74,13.4,13.6,1.5,.9,1.4,2.4,2.5,3.8
22108,2009-11-26,2.3,1023,80,11.9,13.7,1.2,.8,1.3,2,2.9,3.6
22108,2009-11-27,7.3,1025.1,70,10.1,13.5,2,1.2,1.8,2.9,2.7,3.8
22108,2009-11-28,4.9,1026,65,7.8,13.3,2.1,1.3,1.9,3.1,3.9,7.1
22108,2009-11-29,4.8,1023.5,63,9.7,13.2,1.4,.8,1.4,2.2,2.8,3.4
22108,2009-11-30,5.4,1024.2,56,10.3,13.2,1.6,1,1.2,2.1,2.7,3
22108,2009-12-01,3.9,1025.8,57,10.6,13.1,1.3,.7,1,1.8,2.5,3
22108,2009-12-02,1.9,1024.3,56,10.8,13.1,.7,.4,.6,1,2.3,2.9
22108,2009-12-03,6.8,1021.4,65,8.6,13.1,2.2,1.4,2,3.5,3.1,3.8
22108,2009-12-04,3.8,1020.1,60,8.9,13,1.6,.9,1.7,3.2,3.3,6.4
22108,2009-12-05,12.9,1017.5,68,5.2,12.9,6.2,3.7,5.1,8.9,4.8,9.1
22108,2009-12-06,6.3,1025.8,64,4.1,12.7,2.4,1.5,2.8,4.2,3.4,4.6
22108,2009-12-07,4.7,1029.4,61,6,12.5,1,.6,.9,1.5,2.7,3.8
22108,2009-12-08,5.9,1026.4,58,8.3,12.4,1,.6,.8,1.4,2.6,5.3
22108,2009-12-09,5.8,1022.3,69,9.5,12.4,1,.6,.9,1.4,2.6,3.6
22108,2009-12-10,4,1016.7,89,10.7,12.3,.9,.6,.8,1.4,2.8,4
22108,2009-12-11,5.9,1018.6,79,10.9,12.3,1.2,.7,.9,1.7,2.5,4.3
22108,2009-12-12,7.2,1022.5,67,8,12.2,2.6,1.6,2.1,3.6,3.5,7.1
22108,2009-12-13,7.6,1022.4,52,7.5,12.1,2.3,1.4,1.7,3,3.2,3.8
22108,2009-12-14,8.2,1027.9,49,5.8,12,2.4,1.5,1.8,2.9,3,3.6
22108,2009-12-15,9,1029.2,59,2.4,11.8,2.6,1.6,2.1,3.5,3.1,5.3
22108,2009-12-16,8,1027.6,65,1.3,11.5,2.8,1.7,2.3,4.4,3.3,3.6
22108,2009-12-17,8.5,1024.1,71,.9,11.3,3.1,1.9,3.2,5.6,3.3,3.8
22108,2009-12-18,10.7,1026.1,82,-.3,11.1,4.5,2.7,3.2,5.6,3.9,4.3
22108,2009-12-19,10.9,1026,68,1.9,10.8,4.5,2.7,3.1,6.6,4,7.1
22108,2009-12-20,10.3,1021.8,67,3.4,10.5,3.8,2.3,2.9,4.6,3.9,6.4
22108,2009-12-21,6.4,1025.6,58,4.3,10.3,2.6,1.6,2.6,4.2,3.6,7.1
22108,2009-12-22,8,1020.9,62,9.4,10.2,2.7,1.7,2,3.6,3.3,4.9
22108,2009-12-23,5.6,1020.6,67,8.3,10.2,2.2,1.3,1.9,3.4,3.2,3.6
22108,2009-12-24,2,1020.4,58,7.3,10.2,.8,.4,.8,1.3,2.4,3
22108,2009-12-25,7.4,1017.3,67,5.6,10.1,2.5,1.5,3.5,6.8,3.3,5.3
22108,2009-12-26,8.2,1023.9,72,-.4,9.9,3.6,2.3,3.7,5.9,3.9,4.6
22108,2009-12-27,5.7,1021.9,79,-.4,9.7,1.7,1,1.3,2.1,2.6,4.3
22108,2009-12-28,4.4,1022.1,74,-.5,9.6,2,1.2,2,3.1,3.3,5.8
22108,2009-12-29,7.3,1016.4,70,5.1,9.6,1.9,1.1,2,3.4,2.9,5.3
22108,2009-12-30,11,1017.8,69,1.7,9.4,4.3,2.8,3.4,5.5,3.8,4.6
22108,2009-12-31,9.8,1022.9,82,-2.4,9.1,4.4,2.7,3.8,7.3,4,4.6
22108,2010-01-01,4.6,1020.8,71,1.4,9,1.4,.9,1.6,2.5,2.6,3.2
22108,2010-01-02,9.1,1016.9,74,5.1,8.9,2.6,1.6,2.4,3.8,3,6.4
22108,2010-01-03,6.1,1021.4,61,.5,8.8,2.6,1.6,2.4,4.2,3.4,4
22108,2010-01-04,10.6,1012.5,71,2.7,8.7,3.2,2,3.2,5.3,3.1,4.3
22108,2010-01-05,10.9,1022.9,73,-1,8.5,4.7,3,4.2,7,4.1,4.6
22108,2010-01-06,9.2,1025.4,71,-.9,8.3,3.4,2,2.3,3.8,3.9,7.1
22108,2010-01-07,5.6,1026.1,83,-1.1,8.2,2.6,1.6,2,3.2,3.5,4
22108,2010-01-08,3.8,1024.7,74,.7,8.2,1.6,1,1.4,2.4,3.1,3.6
22108,2010-01-09,4.1,1025,75,3,8.2,1.2,.7,.9,1.6,2.7,4.9
22108,2010-01-10,3.6,1026.9,76,2.7,8.2,1.1,.6,.9,1.6,2.7,4.9
22108,2010-01-11,7.3,1024.5,68,2.6,8.2,2.1,1.3,2.5,4.1,2.9,4
22108,2010-01-12,6.8,1021.6,79,-2.4,8,3.2,1.9,2.9,4.6,3.9,5.3
22108,2010-01-13,9.8,1024.8,85,-3.3,7.8,4.8,2.8,3.5,6.8,4,4.3
22108,2010-01-14,4.3,1027.3,76,-.2,7.7,2.2,1.4,2.4,3.7,3.5,5.8
22108,2010-01-15,5.4,1030.1,71,2.6,7.7,1.6,1,1.5,2.3,2.8,5.8
22108,2010-01-16,4,1034,67,.4,7.6,1.4,.9,1.4,2.3,2.8,4.6
22108,2010-01-17,2.8,1033.1,70,2.5,7.6,.5,.3,.5,.9,3.3,5.3
22108,2010-01-18,3.3,1030.8,73,5.7,7.6,.7,.4,.8,1.3,2.5,3.8
22108,2010-01-19,5.2,1026.4,77,7.5,7.6,.9,.5,.7,1.2,2.7,4.9
22108,2010-01-20,5.2,1017.8,93,8.4,7.7,1.4,.8,1.8,3.3,2.8,4.6
22108,2010-01-21,12.1,1025,73,.6,7.5,5.4,3.4,4.6,8.4,4.6,8
22108,2010-01-22,7,1029.1,71,-.6,7.3,3.1,1.8,2.4,3.9,3.6,6.4
22108,2010-01-23,5.2,1027,75,.9,7.2,2.5,1.5,2,3.4,3.5,6.4
22108,2010-01-24,5.8,1022.7,60,5.1,7.1,1.9,1.1,1.6,2.8,2.7,3.6
22108,2010-01-25,10.1,1025.3,65,1.8,7,3.9,2.5,3.3,5.3,3.7,4.3
22108,2010-01-26,3.9,1031.2,67,1.4,6.8,1.6,1,1.9,3.4,3,4
22108,2010-01-27,5.9,1018.2,78,5.1,6.7,1.4,.9,1.6,2.5,2.7,3.6
22108,2010-01-28,8,1020.9,72,3.9,6.6,2.8,1.7,1.9,3.2,3.5,5.8
22108,2010-01-29,7.2,1024.4,56,3.6,6.5,2.4,1.5,1.9,3.2,3.2,4
22108,2010-01-30,3.9,1022.5,62,6,6.4,1.8,1.1,1.6,3.2,3.4,8
22108,2010-01-31,2.4,1020.9,76,6,6.5,.6,.3,.5,1,2.6,3.4
22108,2010-02-01,8.2,1018.9,69,3.3,6.5,2.2,1.4,2.6,4.4,2.9,5.3
22108,2010-02-02,8.7,1025.1,58,-1,6.4,2.7,1.7,2.8,4.2,3.1,4
22108,2010-02-03,5.5,1028.3,59,-2.5,6.2,1.5,.9,1.3,2.4,2.5,3
22108,2010-02-04,3.9,1026.2,60,.9,6.2,1.5,1,1.6,2.5,2.9,4.9
22108,2010-02-05,6.5,1027.3,58,.1,6,1.6,1,1.3,2.1,2.6,2.9
22108,2010-02-06,4.9,1030.6,55,-.3,5.9,1.4,.8,1.4,2.4,2.6,3.4
22108,2010-02-07,4.1,1026.2,63,4.1,5.8,.8,.5,.7,1.3,3.1,4.9
22108,2010-02-08,3.3,1018.2,88,6.3,5.7,.7,.4,.7,1.2,3.1,4.9
22108,2010-02-09,5.2,1016,94,5.2,5.7,1.2,.7,1.3,2.3,3,4.3
22108,2010-02-10,9.2,1017,75,4.3,5.8,3,1.8,2.4,4.1,3.4,4.3
22108,2010-02-11,9,1017.7,88,3.7,5.9,3.2,1.9,2.3,3.8,3.6,8
22108,2010-02-12,7.2,1024.8,74,1.6,6,2.4,1.5,1.9,3.1,4,8
22108,2010-02-13,6.3,1027.8,57,.5,5.9,2.4,1.4,1.7,3.3,3.5,7.1
22108,2010-02-14,6,1028.5,52,1.3,5.8,1.5,.9,1.4,2.4,2.8,6.4
22108,2010-02-15,8.9,1027,62,.8,5.7,2.4,1.5,2.6,4.1,2.8,3.8
22108,2010-02-16,8,1029.2,60,-.6,5.5,2.8,1.7,2.3,4.3,3.4,7.1
22108,2010-02-17,5,1025.5,65,.9,5.4,1.2,.7,1.5,2.5,2.7,4.3
22108,2010-02-18,8.2,1024.2,54,1.2,5.2,3.7,2.3,3.7,6,3.7,4.6
22108,2010-02-19,6.4,1021.1,52,4.3,5.2,2.3,1.4,2,4,3.2,4.9
22108,2010-02-20,4.6,1021.5,75,6.3,5.3,1.4,.9,1.2,2.1,2.6,3
22108,2010-02-21,6,1019.5,78,6.4,5.3,1.6,1,1.2,2.3,2.7,3.2
22108,2010-02-22,3.9,1018.5,92,5.1,5.3,1.4,.8,1.1,1.9,2.9,3.4
22108,2010-02-23,3.1,1016.5,96,4,5.4,.7,.4,.6,1,3.2,4.6
22108,2010-02-24,5.6,1012.5,88,8.2,5.4,1.1,.7,1.2,2,2.9,4.3
22108,2010-02-25,5.5,1008,95,8,5.4,2.2,1.4,1.6,2.8,3.7,4.6
22108,2010-02-26,6.8,1012.9,89,5.9,5.5,2.4,1.5,1.8,3.3,3.5,4
22108,2010-02-27,2.5,1015.6,87,5.8,5.7,1.4,.9,1.2,2.6,3,3.4
22108,2010-02-28,2.2,1019.6,94,4.9,5.6,.8,.4,.6,1.2,3.6,12.8
22108,2010-03-01,7.9,1012,88,5.8,5.7,1.7,1.1,1.7,2.8,2.7,3.8
22108,2010-03-02,5.4,1018,79,4.4,5.9,1.4,.8,1.3,2.2,2.8,3.8
22108,2010-03-03,5.1,1022.3,75,4.5,5.9,1.7,1,1.2,2.1,3.1,6.4
22108,2010-03-04,4.7,1014.5,85,6.2,5.9,.8,.5,.7,1.1,3.1,4.9
22108,2010-03-05,5.7,1018.6,84,5.3,5.8,1.1,.7,.9,1.7,2.4,3.8
22108,2010-03-06,8.8,1022.4,74,3.6,5.8,3.1,1.9,2.3,4.5,3.5,4.3
22108,2010-03-07,4.9,1026,77,5.7,6,2,1.2,1.6,2.5,3.4,3.8
22108,2010-03-08,5.9,1029.6,66,5.4,6,1.5,.9,1.2,2.3,2.7,3.8
22108,2010-03-09,6.1,1024.7,81,2.8,5.9,2.1,1.3,3.4,5,2.7,4
22108,2010-03-10,,1021.9,62,1.4,5.7,4.4,2.8,3.8,6,4.2,8
22108,2010-03-11,6.2,1023.2,62,5.5,5.8,2.1,1.3,1.9,3.5,3.1,4.6
22108,2010-03-12,8.8,1017.1,79,6.9,5.8,3.9,2.4,3.1,5.4,4.3,8
22108,2010-03-13,7.2,1026.9,55,3.7,5.7,2.2,1.4,2.5,3.7,3.2,4
22108,2010-03-14,5.7,1021.2,74,7.1,5.7,1,.6,.8,1.4,2.7,4
22108,2010-03-15,9.4,1011.7,83,7.2,5.8,3,1.9,3,5.2,3.2,8
22108,2010-03-16,7,1023.8,56,4.1,5.7,3.2,1.9,3.1,5.4,3.5,4.3
22108,2010-03-17,5.5,1025.2,68,3.1,5.7,1.2,.7,1.2,2.1,2.5,3
22108,2010-03-18,7.5,1021.9,62,2.1,5.7,2.1,1.3,1.7,3,2.6,3
22108,2010-03-19,6.5,1011.5,72,5.5,5.7,1.7,1,1.9,3,2.6,3.8
22108,2010-03-20,7.7,1002.5,89,7,5.8,3.1,1.9,2.7,5.1,3.8,4.6
22108,2010-03-21,,,59,5.2,5.8,4,2.4,4.6,7.7,4.2,9.1
22108,2010-03-22,5,1018,73,5.7,5.8,1.2,.7,.9,1.6,2.6,3.8
22108,2010-03-23,6,1018,83,5.4,5.7,1,.6,.9,1.5,2.7,3.6
22108,2010-03-24,4.7,1018.2,82,6.1,5.8,1.1,.7,1,1.6,2.4,3.6
22108,2010-03-25,9.2,1018.9,66,5.1,5.7,2.8,1.7,2.8,5,3.1,4
22108,2010-03-26,6.9,1025,56,4.7,5.6,2.5,1.6,2.7,4,3.1,3.8
22108,2010-03-27,5.7,1024.7,84,6.9,5.6,2.8,1.7,1.9,3.4,3.5,3.8
22108,2010-03-28,5.5,1026.8,63,4.6,5.6,1.5,.9,1.1,1.9,2.6,3
22108,2010-03-29,2.5,1029.6,74,5.9,5.9,.7,.4,.7,1.1,2.3,3.2
22108,2010-03-30,3.7,1027.7,83,7,5.8,.6,.3,.6,.9,2.5,3.6
22108,2010-03-31,4.2,1016.6,92,7.2,5.9,1.2,.7,1,1.9,2.5,3.6
22108,2010-04-01,5.7,1013.8,85,6.2,5.8,1.4,.9,2.1,3.4,2.8,3.6
22108,2010-04-02,6.1,1019.7,72,6.8,6,1.8,1.1,1.7,2.6,2.8,3.6
22108,2010-04-03,3,1025.9,55,6.3,6.3,1.4,.8,1.4,2.3,2.7,3.2
22108,2010-04-04,2.9,1020.1,75,7.1,6.4,.6,.3,.5,.9,3.2,4.9
22108,2010-04-05,2.1,1015.6,84,8.3,6.8,.5,.3,.4,.6,2.3,2.9
22108,2010-04-06,7.2,1019.1,77,6.9,6.5,2.1,1.2,2.5,5.1,3,7.1
22108,2010-04-07,6.7,1025.2,67,6.1,6.1,1.9,1.2,1.9,3.1,2.8,3.4
22108,2010-04-08,2.5,1023.2,76,7,6.5,.5,.3,.7,1,2.5,4.6
22108,2010-04-09,2.3,1018.6,87,8.3,7.1,.4,.3,.3,.6,2.6,4
22108,2010-04-10,2.3,1015.1,84,8.7,7.4,.5,.3,.5,.9,3.1,5.8
22108,2010-04-11,4.1,1014.5,88,8.2,6.7,.8,.5,.8,1.4,2.4,3.2
22108,2010-04-12,2.9,1010.8,84,9.3,7.2,.6,.4,.7,1.3,2.7,4.3
22108,2010-04-13,,1021.3,65,5.5,6,3.9,2.4,3.2,5.7,3.8,7.1
22108,2010-04-14,7.2,1027.9,49,5.4,5.8,2.6,1.6,2.6,4.5,3.3,4
22108,2010-04-15,5.3,1025.4,70,5.9,6,1.4,.8,1.1,1.8,2.5,2.8
22108,2010-04-16,2.6,1024.6,79,6.4,6.2,.6,.4,.7,1.1,2.5,4
22108,2010-04-17,1.8,1026.9,83,7.2,6.6,.5,.3,.4,.7,2.3,3.4
22108,2010-04-18,5.2,1023.3,81,8.4,6.3,.9,.6,.8,1.6,2.6,4
22108,2010-04-19,4.4,1016.2,85,9.5,6.1,1.2,.7,.8,1.4,2.7,3.4
22108,2010-04-20,3.4,1014.4,92,8.1,6.4,.8,.5,.6,1,3.4,5.8
22108,2010-04-21,3.2,1014.8,92,8.4,6.8,.8,.5,.8,1.3,2.6,4.6
22108,2010-04-22,5.4,1013,87,8.3,6.6,1.1,.7,1,1.7,2.5,3.8
22108,2010-04-23,4.1,1017.1,89,7.8,7,.9,.5,1,1.6,3.1,5.3
22108,2010-04-24,2.3,1022.9,84,8.4,7.5,1,.6,.8,1.3,2.4,2.9
22108,2010-04-25,1.6,1024.9,81,9.9,8.4,.4,.3,.4,.6,2.4,3.8
22108,2010-04-26,3.9,1016.5,84,10.1,8.4,.6,.3,.6,1.1,2.9,4.3
22108,2010-04-27,,1009.4,78,8.6,7.4,3,1.9,4,5.8,3.4,5.3
22108,2010-04-28,9.2,1008.8,81,7.5,6.6,3.6,2.2,3.9,6.6,3.7,7.1
22108,2010-04-29,7,1013.4,80,8.6,6.8,3.4,2.1,3.5,5.7,3.7,4.3
22108,2010-04-30,3.2,1016.2,87,8.6,7.5,1.5,.9,1.3,2.2,2.7,3.2
22108,2010-05-01,4.1,1017.3,84,9.4,7.7,1,.6,.7,1.3,2.7,4
22108,2010-05-02,6.1,1014.3,84,10.6,7.6,1.2,.7,1.3,2,2.4,3.8
22108,2010-05-03,7.8,1013.3,95,10.8,7.5,2.2,1.3,1.4,2.5,2.7,3
22108,2010-05-04,7,1012.8,95,11.2,7.7,1.9,1.2,1.4,2.4,2.8,3.2
22108,2010-05-05,5.9,1008,91,12.1,8,1.5,.9,1.2,2,2.7,3.8
22108,2010-05-06,5.7,1005.6,92,10.1,8,1.9,1.1,1.7,2.7,2.9,3.6
22108,2010-05-07,3.6,1009.9,88,10.1,8.5,1.2,.8,1.2,1.9,2.6,3.4
22108,2010-05-08,2.9,1010.2,87,11.3,9.3,.8,.5,.6,1,2.7,3.8
22108,2010-05-09,2.1,1009.4,86,12.6,10.1,.5,.3,.7,1.1,2.4,3.6
22108,2010-05-10,4.7,1010.2,83,10.9,9.8,1.4,.8,1.1,1.8,2.8,5.3
22108,2010-05-11,3.9,1012.7,84,11.2,9.7,.7,.4,.9,1.4,2.8,6.4
22108,2010-05-12,3.6,1016.5,87,11,10,1,.5,.9,2,2.3,3.8
22108,2010-05-13,3.2,1017.2,86,11.6,10.5,.6,.3,.5,1,2.6,3.8
22108,2010-05-14,1.9,1019.4,86,12.7,11.3,.4,.2,.3,.5,2.8,5.8
22108,2010-05-15,1.6,1019.3,87,12.7,11.3,.3,.2,.2,.6,3.2,5.3
22108,2010-05-16,1.8,1019.2,82,13.5,11.3,.3,.2,.2,.4,3.2,7.1
22108,2010-05-17,2.2,1015.2,84,14.6,12.3,.4,.3,.3,.6,3.5,4.6
22108,2010-05-18,5.9,1005.5,95,14.1,11.8,1.5,.9,1.3,2,2.5,3
22108,2010-05-19,3.7,1007.5,95,12.7,11.9,.8,.5,.6,1.1,3.2,5.3
22108,2010-05-20,4.5,1012,94,13,12.1,1,.5,.8,1.4,2.5,3.8
22108,2010-05-21,2.5,1012.4,90,14.5,12.9,.5,.3,.4,.6,2.9,3.8
22108,2010-05-22,5,1005.3,83,15,12.8,.8,.5,1.1,1.9,3.1,5.8
22108,2010-05-23,4.9,993.1,95,13.8,12.5,1.1,.6,.9,1.7,2.6,5.3
22108,2010-05-24,7.1,995.5,92,13.3,12.1,1.9,1.1,1.5,2.5,2.7,5.3
22108,2010-05-25,5.4,1002.2,89,13.3,12.2,2.3,1.4,1.6,2.9,3.1,3.8
22108,2010-05-26,2.5,1011,85,14.6,12.7,1.3,.7,1.2,2.3,3,5.3
22108,2010-05-27,2.8,1017.2,83,14.9,13.4,.6,.3,.5,1,2.9,4.3
22108,2010-05-28,1,1016.3,91,14.6,13.8,.4,.2,.3,.8,2.9,4.9
22108,2010-05-29,1.9,1012.3,88,14.9,14.5,.4,.2,.3,.5,2.7,6.4
22108,2010-05-30,2.2,1011.9,89,15.6,15,.4,.2,.3,.5,2.5,4.3
22108,2010-05-31,4.6,1014.1,80,15.6,14.9,.7,.4,.8,1.4,3.1,4.6
22108,2010-06-01,3.8,1015.3,86,15.4,15.4,.6,.4,.5,.8,2.9,4.6
22108,2010-06-02,3,1017.9,91,13.6,15.2,.6,.4,.6,.9,2.5,3.6
22108,2010-06-03,2.9,1019.3,87,15.7,15.6,.4,.2,.3,.5,3.4,6.4
22108,2010-06-04,4.2,1017.1,78,16.7,15.7,.5,.2,.4,.8,3.9,6.4
22108,2010-06-05,3.7,1014.7,78,16.7,15.8,.6,.4,.5,.9,3.1,5.3
22108,2010-06-06,3.9,1013.1,80,17.4,16,.6,.3,.5,.9,3.3,4.3
22108,2010-06-07,1.6,1014.4,82,19.4,17.1,.5,.3,.4,.7,2.7,3.6
22108,2010-06-08,1.7,1015.2,91,18.5,18.3,.4,.2,.3,.6,3.1,4.3
22108,2010-06-09,1.9,1014.8,80,20.1,18.7,.3,.2,.2,.4,3.3,4.6
22108,2010-06-10,2,1013.8,83,20.6,19.7,.3,.2,.2,.4,3,4.3
22108,2010-06-11,3.6,1011.9,79,20.6,19.1,.7,.4,.8,1.4,3,5.3
22108,2010-06-12,5.1,1008.9,93,18.6,18.3,1,.6,.9,1.8,3.1,10.7
22108,2010-06-13,2.7,1008.2,93,19.3,18.7,.6,.3,.5,.9,3.6,4.9
22108,2010-06-14,2,1008.1,91,19.5,18.9,.4,.3,.3,.5,3.4,9.1
22108,2010-06-15,2.7,1006.1,93,19.4,19.1,.4,.2,.3,.5,3.2,5.3
22108,2010-06-16,3.8,1006.6,92,20.6,19.7,.7,.3,.7,1.3,2.6,7.1
22108,2010-06-17,2.9,1006.2,90,20.1,19.9,.9,.5,.8,1.4,2.3,4.9
22108,2010-06-18,2.3,1002.9,92,20.7,20,.5,.3,.4,.8,3,4.3
22108,2010-06-19,3,1004.4,92,21.4,20.5,.8,.5,.6,1.1,3.5,4.6
22108,2010-06-20,3.8,1004.6,91,20.3,20.6,.9,.5,.7,1.1,3.3,4
22108,2010-06-21,3.4,1005.7,80,21.1,20.9,.9,.5,.6,1.2,2.7,4.3
22108,2010-06-22,2.4,1007.4,82,21.9,21.1,.8,.5,.7,1.1,3,4.9
22108,2010-06-23,2.1,1008.7,84,21,21.8,.6,.4,.5,.8,2.6,3.6
22108,2010-06-24,.9,1009.8,72,21.7,22.2,.5,.3,.3,.6,2.9,3.4
22108,2010-06-25,3.1,1008.5,77,21.8,22,.5,.2,.3,.7,3.2,7.1
22108,2010-06-26,3.3,1005.2,89,21.1,20.6,.4,.2,.3,.6,3.2,4.9
22108,2010-06-27,3.7,1007.2,90,22.6,21.5,1,.6,.6,1.3,2.9,3.8
22108,2010-06-28,2.2,1007.3,93,20.7,22.4,.8,.4,.7,1.1,3.4,5.8
22108,2010-06-29,3.5,1007.2,89,22.8,23,.7,.4,.5,1,3.2,7.1
22108,2010-06-30,4.1,1005.3,91,23.4,23.2,.8,.5,.6,1.1,2.7,3.8
22108,2010-07-01,4.4,1003.1,93,23.6,23.2,1.2,.7,1.1,1.8,2.2,3.4
22108,2010-07-02,8.3,999,92,23.9,23.1,2,1.2,1.7,3.2,2.7,5.3
22108,2010-07-03,2.7,998.6,94,23.5,23.1,1,.6,.9,1.6,2.4,5.3
22108,2010-07-04,2.1,999.4,94,23.6,23.4,.6,.3,.4,.7,2.9,4.3
22108,2010-07-05,2.8,999.5,90,24.4,23.9,.7,.4,.5,1,3.3,4.3
22108,2010-07-06,4,1001,88,25.3,24.3,1,.6,.8,1.7,3.3,4.3
22108,2010-07-07,3.2,1005.3,78,24.6,24.4,1.1,.6,.8,1.4,2.3,4
22108,2010-07-08,1.9,1008.9,75,24.6,24.9,.7,.4,.5,.9,3.5,4.3
22108,2010-07-09,2.2,1007.9,79,25.3,25.3,.6,.3,.4,.7,3.6,5.3
22108,2010-07-10,3.7,1007.1,86,24.8,25.2,.7,.4,.7,1.3,3.4,4
22108,2010-07-11,6.6,1001.9,84,23.7,24.5,1.3,.7,1.2,2.2,3.1,4.6
22108,2010-07-12,1.9,1008.8,81,24.5,24.6,1.3,.7,1.1,1.9,3.9,7.1
22108,2010-07-13,3.9,1008.2,84,23.9,24.3,.8,.5,.6,1.1,3.4,4.9
22108,2010-07-14,2.4,1009.7,81,24.4,24.4,.7,.4,.5,.9,3.2,3.8
22108,2010-07-15,2.7,1011.5,84,24.6,25,.6,.3,.5,.8,3,3.6
22108,2010-07-16,7.4,1009.2,92,24.2,24.6,1.8,1,2,3.3,2.9,4
22108,2010-07-17,8.4,1011.5,91,24.5,23.8,3.1,1.8,2.4,3.9,3.3,3.8
22108,2010-07-18,9.7,1011,91,24.3,21.4,3.4,2,2.5,4.5,3.5,6.4
22108,2010-07-19,5.4,1013,92,23.4,20.2,2,1.2,1.9,3.4,3.2,3.8
22108,2010-07-20,4,1012.6,88,24.3,21.6,1.2,.7,.8,1.5,2.7,3
22108,2010-07-21,7.5,1011.4,89,24.6,21.9,2.1,1.2,2,3.3,3,3.8
22108,2010-07-22,5.2,1012.7,94,23.8,21.4,1.7,1,1.3,2.3,2.8,3.4
22108,2010-07-23,3.9,1011.8,95,23.7,21.3,1.5,.9,1.2,2.1,2.6,3.2
22108,2010-07-24,,,,,,,,.7,1.2,,3
22108,2010-09-17,,,,,,,,.2,.5,,4.9
22108,2010-09-18,2.4,1012.5,81,24.8,24.7,.5,.3,.4,.7,5,6.4
22108,2010-09-19,4.8,1011.5,84,25,24.5,1.1,.6,.9,1.6,4.1,9.1
22108,2010-09-20,3.6,1012.4,86,25.3,24.8,1.3,.7,.9,1.6,3.8,5.8
22108,2010-09-21,6.9,1010.8,91,25.4,25.1,1.6,1,2.1,3.4,3.3,4.9
22108,2010-09-22,8,1012.9,74,20.6,23.7,3,1.8,2.2,3.5,3.7,4.6
22108,2010-09-23,7.1,1016,56,20.5,22.5,2.2,1.3,1.6,2.7,3.3,4
22108,2010-09-24,4.5,1017.2,52,21,22.2,1,.6,1,1.8,2.4,3.6
22108,2010-09-25,4.3,1017.6,58,21.3,22.1,.7,.4,.7,1.2,2.9,4.9
22108,2010-09-26,4,1018.5,68,21.2,21.8,.7,.4,.6,.9,2.8,5.3
22108,2010-09-27,2,1015.6,70,21.3,22,.5,.3,.5,.9,3,5.8
22108,2010-09-28,8.1,1018.2,57,19,21,2.3,1.4,2,3,2.9,5.3
22108,2010-09-29,4.9,1021,52,17.6,20.5,1.6,.9,1.6,2.7,2.8,3.6
22108,2010-09-30,3.7,1020.8,53,18.4,20.7,.6,.4,.5,.8,2.8,4.3
22108,2010-10-01,4.2,1021,60,19.7,20.4,.7,.4,.5,.9,3.2,5.8
22108,2010-10-02,5.2,1015.1,80,19.5,20.4,.9,.5,.9,1.3,2.9,4.9
22108,2010-10-03,7.4,1010.3,70,20.4,20.4,2.4,1.4,2.3,4,2.8,3.6
22108,2010-10-04,9.3,1010.5,69,18.1,19.9,4.3,2.7,3.1,5.2,4.3,8
22108,2010-10-05,6.1,1015.1,68,17.9,19.6,2.7,1.7,2.5,4.9,3.7,7.1
22108,2010-10-06,1.2,1019.6,62,18.6,20.5,.7,.4,.7,1.1,2.4,3
22108,2010-10-07,2.8,1020,71,19.8,20.5,.4,.2,.3,.6,2.4,3.8
22108,2010-10-08,3.2,1016.7,80,20.1,20.5,.4,.2,.3,.5,2.7,5.8
22108,2010-10-09,4.8,1012.3,82,20.2,20.6,.6,.3,.6,1.2,3,4.9
22108,2010-10-10,3.7,1015.2,79,20.1,20.8,.7,.4,.7,1.1,2.4,4.6
22108,2010-10-11,2,1015.7,83,19.7,20.5,.3,.2,.3,.5,2.6,4.3
22108,2010-10-12,4.8,1017.1,76,17.9,19.8,1.4,.8,1.7,3,3.1,5.8
22108,2010-10-13,4.3,1015.1,64,17.6,20.2,1.1,.7,.9,1.6,2.6,3
22108,2010-10-14,6.5,1014.8,65,18.7,19.9,1.5,.9,1.7,2.6,2.5,5.3
22108,2010-10-15,6.4,1017.3,44,17.8,19.6,2.1,1.3,2,3.1,3,3.6
22108,2010-10-16,5.9,1019,66,19.6,19.2,2,1.2,1.5,2.6,3,5.8
22108,2010-10-17,3.2,1023.2,66,18.5,19.3,1.3,.8,1.3,1.9,2.9,3.8
22108,2010-10-18,4.5,1025.2,55,17.5,19.3,1.1,.6,.8,1.4,2.5,3.6
22108,2010-10-19,2.5,1023.6,66,18.7,19.5,.5,.3,.4,.6,3,5.8
22108,2010-10-20,5.9,1022,71,17.4,19.4,1.3,.8,1.4,2.2,3.5,7.1
22108,2010-10-21,5.8,1019.9,70,16.7,19.2,1.6,1,1.5,2.4,2.8,3.4
22108,2010-10-22,3,1021.2,71,18.5,19.3,.7,.4,.6,1,2.8,5.3
22108,2010-10-23,4,1019.3,65,18,19.2,.6,.3,.6,1,3,4
22108,2010-10-24,4.6,1013.8,74,18.7,19.2,.7,.4,1.4,2.2,3.8,6.4
22108,2010-10-25,12.8,1017.6,63,13.1,18.5,5.3,3.2,4.3,7.1,4.1,4.9
22108,2010-10-26,11,1028.6,47,8.7,16.6,5.1,3.1,4.4,8,4.2,8
22108,2010-10-27,4.6,1028.9,43,9.9,16.1,1.6,.9,1.6,2.6,3.2,4.3
22108,2010-10-28,6.6,1025.4,51,11.6,15.7,1.5,.8,1.2,2.1,2.2,2.6
22108,2010-10-29,7.3,1026.1,47,13.5,15.6,1.8,1.1,1.5,2.7,2.5,2.8
22108,2010-10-30,5.5,1026.3,53,15,15.7,1.1,.7,.9,1.5,2.3,3.8
22108,2010-10-31,4,1023.5,60,14.9,15.8,.8,.5,.8,1.4,2.8,4.6
22108,2010-11-01,6.8,1020.9,60,14.4,15.4,1.5,.9,1.6,2.9,2.3,4.9
22108,2010-11-02,9.8,1023.4,54,9.8,14.7,3.9,2.4,3,5.2,3.8,8
22108,2010-11-03,3.5,1025.7,49,12.2,14.3,1.7,1,1.6,2.5,2.9,3.4
22108,2010-11-04,3.5,1024.3,66,14.8,14.1,1.3,.8,.9,1.6,2.7,3.2
22108,2010-11-05,2.7,1023.5,79,15,14.1,.9,.5,.7,1.2,2.6,5.3
22108,2010-11-06,2.7,1022.1,85,14.8,14.2,.7,.4,.5,1,2.2,3.4
22108,2010-11-07,5.5,1016.9,78,14.1,14.2,1.1,.6,1.5,2.6,2.6,4.6
22108,2010-11-08,11.4,1015.5,58,11.3,13.3,5.3,3.1,4.1,8.5,4,4.9
22108,2010-11-09,10.3,1018.9,51,9,12.3,4.9,2.8,4.4,7.9,4.1,4.9
22108,2010-11-10,3.5,1021,55,9.9,12.3,1.1,.7,1.4,2.4,2.7,4.3
22108,2010-11-11,7.6,1014.2,68,13.4,12.1,2.1,1.2,2.3,4,2.7,5.3
22108,2010-11-12,5.9,1021.7,53,12.8,12,3.8,2.4,3.4,6.3,3.8,4.6
22108,2010-11-13,5.1,1025,73,12.9,12,1.5,.9,1,2,2.5,3.6
22108,2010-11-14,10.1,1029.2,53,9.1,11.9,3.2,1.9,2.4,4.2,3,3.8
22108,2010-11-15,8.2,,52,6.4,11.7,2.9,1.7,2.2,4.1,3.2,3.8
22108,2010-11-16,4.9,1025.7,60,8.6,11.9,1.2,.7,.9,1.5,2.3,2.9
22108,2010-11-17,2.7,1025.4,53,11,12.2,.9,.6,.8,1.3,2.4,2.8
22108,2010-11-18,2.2,1025.4,49,10.9,12.3,.5,.3,.5,.8,2.9,8
22108,2010-11-19,2.3,1020.2,58,10.6,12.1,.4,.2,.4,.7,3.4,6.4
22108,2010-11-20,4.3,1017.5,74,12,12.1,.9,.5,.7,1.2,2.6,4.6
22108,2010-11-21,4.8,1013.5,87,13.2,12.2,.9,.5,.7,1.3,2.4,3.4
22108,2010-11-22,9.8,1015.8,63,9.1,11.9,3.4,2.1,2.9,5.4,3.3,4
22108,2010-11-23,4.1,1021.2,56,7.8,11.5,1.5,.9,1.7,3.1,2.9,3.6
22108,2010-11-24,2.4,1022,62,9.5,11.5,.5,.3,.4,.6,2.5,3.4
22108,2010-11-25,7.7,1022.1,57,7.7,11.3,2.4,1.5,2.1,3.6,3.3,5.3
22108,2010-11-26,5.5,1021.6,42,6.2,11.2,1.8,1.1,1.6,3.1,3,3.4
22108,2010-11-27,9.7,1017.8,59,8.7,11.1,3.6,2.2,4,6.2,3.5,7.1
22108,2010-11-28,6,1024.7,58,5.5,11,2.8,1.7,3.2,5.4,3.6,4.6
22108,2010-11-29,5.8,1022.5,72,10.2,11,2.1,1.2,1.9,3.3,2.9,3.4
22108,2010-11-30,3.7,1018.9,92,11,11.1,1.2,.7,.9,1.4,2.6,4.6
22108,2010-12-01,3.8,1019.1,91,10.3,11.1,1.1,.6,.8,1.4,2.4,2.8
22108,2010-12-02,5.7,1014.1,83,12.3,11.1,1.3,.8,1.6,2.4,2.4,2.8
22108,2010-12-03,10.7,1020.5,61,5.3,10.9,5.1,3.1,4.4,7,4.2,4.9
22108,2010-12-04,6,1020.5,68,9.3,10.9,1.9,1.1,1.7,3,2.9,3.6
22108,2010-12-05,5.3,1017,87,12,10.9,2.1,1.3,1.7,2.7,3.7,6.4
22108,2010-12-06,10.7,1018.9,70,6,10.8,4.8,2.9,4,7.1,3.8,4.6
22108,2010-12-07,6.8,,52,4.5,10.7,3,1.8,2.9,5.4,3.7,4.3
22108,2010-12-08,7.4,1011.4,62,6.1,10.6,2.5,1.5,3.7,5.6,3.1,5.8
22108,2010-12-09,6.6,,46,5.1,10.4,2.9,1.8,3.2,5.3,3.6,8
22108,2010-12-10,9.6,1010.3,68,9.6,10.3,3.4,2,3.3,6.2,3.5,6.4
22108,2010-12-11,7.9,1020.7,57,2.5,10.2,4.2,2.5,4,7.1,4.1,4.9
22108,2010-12-12,5.3,1023,45,4.6,10.1,1.3,.8,1.1,2,2.5,3.6
22108,2010-12-13,6.8,1017,60,8.2,10,1.4,.9,1.8,3.4,2.3,4
22108,2010-12-14,11.5,1024.6,68,1.7,9.8,5.1,3,3.6,7,4,4.6
22108,2010-12-15,8.7,1024.8,76,-2.2,9.3,3.5,2.2,3,4.8,3.7,4.3
22108,2010-12-16,4.8,1018.7,79,-.4,9,2.7,1.6,2.2,3.8,3.7,7.1
22108,2010-12-17,7.7,1014.7,55,6.5,9,3.1,1.9,2.3,4.2,3.6,4.3
22108,2010-12-18,4.9,1020.5,60,8.1,9,1.9,1.2,1.7,2.6,3.1,5.8
22108,2010-12-19,6,1017.6,82,9.8,9,2.3,1.4,1.9,3,3.3,3.8
22108,2010-12-20,4.5,1019,67,8.1,9,1.6,.9,1.3,2.1,2.9,3.8
22108,2010-12-21,6.3,1013.6,58,7.7,8.9,1.2,.7,1,1.6,2.2,3.4
22108,2010-12-22,2.8,1016.1,70,8.1,8.9,.7,.4,.8,1.4,2.4,3.4
22108,2010-12-23,8.9,1023.2,63,3.6,8.8,3.1,1.8,3.4,5.9,3.4,4.6
22108,2010-12-24,11,1028.1,76,-3.8,8.5,4.6,2.8,3.7,6,4,4.6
22108,2010-12-25,8.7,1021.2,82,-2.5,8.2,4.2,2.4,2.9,5.7,3.8,4.3
22108,2010-12-26,7.8,1012.8,80,-.5,8.1,3.9,2.4,3.8,5.8,3.9,7.1
22108,2010-12-27,7.7,1012.1,60,5.1,8,3.5,2.1,3.2,6.1,3.8,8
22108,2010-12-28,9.6,1011.8,63,4.9,7.9,4.5,2.6,4.1,6.8,3.7,4.9
22108,2010-12-29,5.4,1018.6,61,2.1,7.9,2.9,1.8,3,4.9,3.6,4.6
22108,2010-12-30,12.2,1011.6,78,.5,7.7,5.7,3.6,4.4,6.8,4.6,8
22108,2010-12-31,9.2,1014.5,91,-1.8,7.5,5.5,3.3,4.2,6.9,4.5,8
22108,2011-01-01,6.6,1022.8,68,0,7.5,3.6,2.2,3.3,5.3,4.1,4.6
22108,2011-01-02,5.3,1027.6,63,1.2,7.4,2.3,1.4,1.6,3,3.6,4.3
22108,2011-01-03,5,1023.4,61,.7,7.3,1.7,1,1.5,2.3,3.1,3.6
22108,2011-01-04,6,1022.6,60,2.5,7.2,2.3,1.3,1.6,3,3.2,7.1
22108,2011-01-05,9.6,1022.2,60,2.1,7.1,3.6,2.2,2.7,4.3,3.6,4.3
22108,2011-01-06,10.3,1026.3,63,0,6.9,4.2,2.5,2.8,5.2,4.1,8
22108,2011-01-07,6.8,1028.8,59,.7,6.7,2.7,1.6,2.6,4.5,3.3,4
22108,2011-01-08,4.9,1025.1,54,3.8,6.6,1.5,.9,1.2,2.2,2.5,2.9
22108,2011-01-09,10.5,1026.5,65,-.5,6.4,4,2.4,3,5.9,3.4,4
22108,2011-01-10,5.9,1026.8,56,-2,6.3,2.3,1.3,2.2,4.3,3.3,4
22108,2011-01-11,6.6,1018.2,59,1.6,6.1,2.1,1.2,2.9,4.8,2.8,4.3
22108,2011-01-12,7,1022.9,60,-1.7,5.9,3,1.8,2.9,4.9,3.4,4
22108,2011-01-13,4.1,,67,.2,5.8,1,.6,.9,1.5,2.6,3.8
22108,2011-01-14,7.1,1026.5,56,3,5.8,1.9,1.1,1.8,3.2,2.8,3.4
22108,2011-01-15,11.9,1027.5,75,-4.6,5.6,5,3,4.2,8.5,3.9,4.9
22108,2011-01-16,11.5,1027.9,73,-4,5.4,5.3,3.2,3.8,6.3,4.5,9.1
22108,2011-01-17,7.7,1031.2,59,-.9,5.3,2.9,1.7,2.6,4.2,3.3,4
22108,2011-01-18,4.4,1029.4,75,-.2,5.1,1.8,1.1,1.5,2.7,2.9,3.2
22108,2011-01-19,3.8,1028.4,66,-.8,5.1,2.1,1.2,2.2,3.4,3.1,3.8
22108,2011-01-20,6.9,1027.4,64,-1.8,5.1,2.3,1.4,1.7,2.9,2.9,3.4
22108,2011-01-21,5.3,1026.9,57,-1.3,5.1,1.5,.9,1.3,2.3,2.5,3
22108,2011-01-22,4.8,1027.8,58,1.4,4.9,1.6,1,1.5,2.7,2.6,3.2
22108,2011-01-23,7.1,,65,1.7,4.9,2.2,1.3,2.8,4.5,2.8,4
22108,2011-01-24,9,1027.6,75,-2.2,4.7,4,2.3,2.8,5,4.2,8
22108,2011-01-25,4.7,1031.8,67,-1.7,4.7,2,1.2,1.8,2.9,3.2,4
22108,2011-01-26,6.8,1035.6,65,-1.9,4.6,2,1.2,1.9,3.4,2.7,3.6
22108,2011-01-27,8.1,1037.9,58,-2.4,4.5,2.6,1.5,1.7,3.2,3.1,3.6
22108,2011-01-28,7,1033.5,54,-2.5,4.3,1.9,1.1,1.4,2.4,2.6,2.9
22108,2011-01-29,7,1029.5,72,-2.9,4,2.6,1.5,2.6,5.3,3,3.6
22108,2011-01-30,6.6,1030.1,72,-3.9,3.9,3.3,2,2.6,4.2,3.8,7.1
22108,2011-01-31,5,1028.6,58,.5,3.9,2.3,1.4,2.1,3.9,3.2,4.9
22108,2011-02-01,2.2,1024.8,68,4.7,4,1.7,1,1.3,2.2,3,5.8
22108,2011-02-02,1.4,1023.5,83,4.8,4.1,.8,.5,.7,1.1,2.4,2.8
22108,2011-02-03,3.6,1021.6,87,4.9,4,.8,.5,.8,1.2,2.3,3.2
22108,2011-02-04,2.1,1020.7,85,3.5,4.1,.9,.5,.8,1.3,2.3,2.9
22108,2011-02-05,2,1022,75,2.7,4.2,.7,.4,.7,1.1,2.2,3.6
22108,2011-02-06,4.7,1017.1,82,4.3,4.1,.9,.5,1,1.6,2.6,4.6
22108,2011-02-07,3.9,1017.7,64,3.2,4.1,1.1,.7,1,1.7,2.6,3.8
22108,2011-02-08,4.8,,69,4,4.1,.8,.5,1.2,1.9,3.2,4.9
22108,2011-02-09,8.8,1019.5,61,1,4,3.2,2,2.6,4.1,3.5,4.6
22108,2011-02-10,6.4,1021.5,56,-.4,4,2.2,1.4,1.8,2.8,3.2,3.8
22108,2011-02-11,9.2,1021,57,-.1,4,3.3,1.9,2.8,5.1,3.4,3.8
22108,2011-02-12,9.9,1024.1,63,-2.7,3.9,4.6,2.7,4,6.8,4.1,8
22108,2011-02-13,4.1,1026.1,60,-1.6,3.8,1.5,.9,1.7,2.8,3.1,7.1
22108,2011-02-14,6.6,1025.5,61,-.7,3.7,1.8,1.1,1.6,2.6,2.6,3.4
22108,2011-02-15,2.6,1030.6,57,.9,3.9,1.4,.9,1.4,2.5,3,3.4
22108,2011-02-16,2.4,1025.6,64,1.4,3.9,.6,.4,.5,.9,2.6,4.3
22108,2011-02-17,6.8,1019.3,68,2.2,3.8,1.3,.8,2.2,3.7,3,6.4
22108,2011-02-18,5.8,1023.5,68,2.5,3.8,2.1,1.3,2.2,3.5,3.3,6.4
22108,2011-02-19,4.2,1025.3,63,3,3.9,.9,.5,.8,1.4,2.5,3.6
22108,2011-02-20,4.8,1025.5,75,3.6,3.9,.8,.5,.7,1.1,2.4,4.3
22108,2011-02-21,2.1,1026.2,79,4.8,4,.5,.3,.4,.7,2.5,4
22108,2011-02-22,1.9,1025.5,92,1.9,3.9,.3,.2,.2,.5,3.2,9.1
22108,2011-02-23,1.9,1022.2,95,1.7,4.1,.3,.1,.2,.4,3.6,16
22108,2011-02-24,2.2,1020.1,91,5,4.2,.3,.2,.2,.6,2.9,3.8
22108,2011-02-25,8.1,1027.7,63,2.6,3.9,2.4,1.5,2.1,3.7,3.1,3.6
22108,2011-02-26,4.5,,69,4.4,4.2,1.1,.7,1.2,2,2.9,6.4
22108,2011-02-27,4.8,1015.7,91,6,4.3,1.1,.7,1.3,2,2.6,3.8
22108,2011-02-28,6.9,1016.5,89,3.8,4.5,2.1,1.2,1.8,3.1,2.7,4
22108,2011-03-01,10.1,1017.7,78,,,3.8,2.3,3.4,5,3.6,4.3
22108,2011-03-02,,1022.9,,,,3,1.8,2.7,4.6,3.6,7.1
22108,2011-03-03,,1024.3,,,,2.5,1.5,1.7,3.2,2.9,3.4
22108,2011-03-04,,1026.4,,,,1.6,.9,1.5,2.4,2.7,5.3
22108,2011-03-05,,1023.7,,,,.9,.5,.6,1.1,2.4,2.8
22108,2011-03-06,,1018.8,,,,.9,.5,.8,1.4,2.4,2.8
22108,2011-03-07,,1018.6,,,,3.1,1.9,2.3,4.4,3.5,7.1
22108,2011-03-08,,1020.8,,,,2.1,1.3,1.8,2.8,3,6.4
22108,2011-03-09,,1026.6,,,,2.1,1.3,1.7,2.9,2.9,3.4
22108,2011-03-10,,1024.7,,,,2.1,1.3,2,3.4,3,6.4
22108,2011-03-11,,1023.4,,,,1.4,.8,1.5,2.4,3,4.9
22108,2011-03-12,,1020.2,,,,1,.6,.7,1.3,2.4,4
22108,2011-03-13,,1019.1,,,,1.3,.8,1.1,1.7,2.7,2.9
22108,2011-03-14,,1019.4,,,,1.8,1,2.2,4.2,3,4.6
22108,2011-03-15,,1021.7,,,,4.1,2.5,3.1,5.4,3.8,4
22108,2011-03-16,,1023.5,,,,2.5,1.5,3,5,3.6,8
22108,2011-03-17,,1027.2,,,,1.9,1.1,1.7,2.8,3,3.4
22108,2011-03-18,,1023.4,,,,1.3,.7,1.2,2.2,2.5,4.6
22108,2011-03-19,,1019.1,,,,1.7,1,1.4,2.3,3.4,6.4
22108,2011-03-20,,1014.5,,,,1.3,.8,1.4,2.4,2.5,3.6
22108,2011-03-21,,1018.8,,,,1.2,.7,2,2.9,2.4,4.6
22108,2011-03-22,,1025.8,,,,3.2,1.9,2.6,4.5,3.5,6.4
22108,2011-03-23,,1026.3,,,,1.8,1,1.4,2.8,2.8,3.2
22108,2011-03-24,,1022.6,,,,1.7,1,1.4,2.5,2.6,3.2
22108,2011-03-25,,1027,,,,3.2,1.9,2.5,4.9,3.5,4
22108,2011-03-26,,1029.1,,,,1.1,.7,1.2,1.9,2.4,2.9
22108,2011-03-27,,,,,,,,.8,1.3,,4.3
22108,2011-04-25,,,,,,,,.9,1.6,,2.2
22108,2011-04-26,5,1001.2,90,10.4,7.4,2.1,1.3,2.1,3.6,3.4,4.6
22108,2011-04-27,6.7,1003.8,86,9.3,7.5,2.1,1.3,1.9,2.9,3.1,6.4
22108,2011-04-28,5.7,1010.5,86,9,7.5,2.2,1.4,2.2,3.1,3.2,3.6
22108,2011-04-29,7,1009.5,82,10.8,7.7,1.7,1.1,2.6,3.8,2.6,3.6
22108,2011-04-30,7.9,1001.9,97,11.3,7.5,4.2,2.6,3.4,5.8,4.2,4.6
22108,2011-05-01,5.1,1008.4,89,10.1,7.7,2.3,1.4,2.1,3.8,3.2,4.3
22108,2011-05-02,1.5,1014.2,87,11,8.6,1.1,.6,1,1.7,3.2,4.3
22108,2011-05-03,3.2,1013.7,89,11,8.9,.6,.4,.5,.8,3.4,5.3
22108,2011-05-04,1.9,1015.7,88,10.9,9.1,.7,.4,.6,.9,2.2,3.2
22108,2011-05-05,1.7,1015,89,12.1,9.9,.3,.2,.3,.7,2.7,4.6
22108,2011-05-06,4.7,1009.3,91,12.3,9.8,1,.6,.8,1.4,2.3,4.3
22108,2011-05-07,2.3,1009,99,11.7,9.7,.8,.5,.8,1.3,2.4,4.6
22108,2011-05-08,2.4,1013.2,98,10.8,10,.5,.3,.4,.6,2.6,4.3
22108,2011-05-09,6,1007.3,99,12.9,9.6,1.7,1,1.8,3.2,3.1,6.4
22108,2011-05-10,2.6,1004.4,100,12.2,9.8,1.6,.9,1.1,2.2,3.2,5.8
22108,2011-05-11,3.7,1001.6,98,13.2,10.3,1,.6,.7,1.2,3.6,5.8
22108,2011-05-12,4.5,1004.4,83,12.9,10.3,1.4,.8,1.6,2.5,3.4,5.3
22108,2011-05-13,6.4,1006.8,79,13,9.7,2.2,1.3,1.6,2.6,3.3,6.4
22108,2011-05-14,4.3,1011.6,83,13.2,10.3,1.5,.9,1.2,2.1,2.7,5.3
22108,2011-05-15,5.9,1012.9,85,13.8,10.6,1.4,.8,1.1,2.1,2.3,2.6
22108,2011-05-16,1.5,1014.4,89,13.2,11.1,1,.6,.8,1.5,2.7,4.6
22108,2011-05-17,,,,,,,,.5,.9,,4.9
22108,2011-05-18,8.1,1010.9,92,14.4,11.4,2.3,1.4,1.9,3.3,2.9,3.6
22108,2011-05-19,8.3,1011.5,90,15.3,11.2,3,1.9,2.4,3.8,3.6,4
22108,2011-05-20,,,,,,,,1.3,2.3,,3.6
22108,2011-05-21,4.6,1012.1,92,12.7,11.8,.9,.5,.9,1.4,2.5,3.4
22108,2011-05-22,4.4,1015,86,12.9,11.8,.7,.4,.6,1.1,2.5,3.2
22108,2011-05-23,3.6,1015.5,81,14,12.1,.5,.3,.5,.9,2.9,4.6
22108,2011-05-24,3.8,1015.7,79,14.3,12.2,.7,.4,.5,1,3.1,4.6
22108,2011-05-25,2.3,1014.4,78,16.2,12.6,.5,.3,.4,.8,3.1,4.3
22108,2011-05-26,5,1013.9,79,16,12.3,.8,.5,.8,1.5,2.7,4.6
22108,2011-05-27,2.2,1013.2,87,15,13,.5,.3,.6,1.1,3.8,6.4
22108,2011-05-28,3.4,1013.1,86,15.5,13.4,.6,.3,.5,.9,4.1,7.1
22108,2011-05-29,4.2,1010.9,86,16.1,13.6,.8,.4,.5,1,5.8,8
22108,2011-05-30,2.4,1010.9,84,16.7,14.3,.5,.3,.3,.6,5.1,6.4
22108,2011-05-31,5.5,1006.8,89,16.9,14.1,1.4,.8,1.8,3.3,2.6,4.9
22108,2011-06-01,5.5,1008.3,97,15.4,13.7,1.9,1.1,1.9,3.4,2.7,3
22108,2011-06-02,2.2,1012.8,97,14.6,14.2,.7,.4,.6,1.2,2.4,3.6
22108,2011-06-03,5.5,1010.1,95,15.4,14.2,.9,.6,1.3,1.9,2.6,7.1
22108,2011-06-04,3.7,1009.3,99,15.9,14.5,1.6,.9,1.4,2.4,2.7,4.9
22108,2011-06-05,2.7,1009.3,98,15.6,15,.7,.4,.6,1.1,2.5,4.6
22108,2011-06-06,1.5,1008.2,96,14.9,15.1,.4,.3,.4,.7,2.9,4.3
22108,2011-06-07,2.2,1003.9,93,16.9,15.7,.4,.3,.3,.6,3.2,6.4
22108,2011-06-08,5.6,1003.9,95,17.4,15.9,1.1,.7,1.3,2.1,2.6,4.3
22108,2011-06-09,2.3,1005.5,98,17.4,16,1.6,1,1.4,2.7,2.9,3.4
22108,2011-06-10,3.2,1004.1,97,17.1,16,.7,.4,.7,1.1,3,7.1
22108,2011-06-11,2.8,1005,89,17.9,16.3,.6,.4,.5,.8,3,4.3
22108,2011-06-12,2.2,1005.2,91,18.7,16.7,.8,.5,.5,1,3.7,4.3
22108,2011-06-13,3.2,1007,95,16.7,16.7,1,.6,.7,1.3,2.5,3.6
22108,2011-06-14,1.7,1009.4,96,17.6,16.9,.6,.4,.5,1.1,3,4
22108,2011-06-15,1.9,1009,98,18,18,.4,.3,.3,.7,3.1,3.6
22108,2011-06-16,3.6,1007.4,84,19.4,18.3,.4,.2,.3,.6,3.6,7.1
22108,2011-06-17,2.2,1009.4,90,19.8,18.6,.5,.3,.4,.7,3.6,6.4
22108,2011-06-18,3.6,1007.9,90,19.4,18.9,.5,.3,.4,.8,3.4,4
22108,2011-06-19,3.2,,91,20,19.5,.4,.2,.2,.5,3.2,5.8
22108,2011-06-20,2.7,1008.4,94,21.3,19.9,.5,.3,.4,.6,3.1,4.3
22108,2011-06-21,2.1,1010.3,97,20.6,20.4,.5,.3,.4,.6,2.9,3.8
22108,2011-06-22,5.1,1004.9,99,21.7,20.3,1.3,.8,1.2,1.9,2.5,3.2
22108,2011-06-23,8.2,999.7,100,21.5,19.3,2.5,1.5,2.3,3.6,2.9,3.6
22108,2011-06-24,2.8,1003.4,,19.5,18.6,1.6,1,1.6,2.5,3.4,7.1
22108,2011-06-25,5.3,1006.6,,19.6,18.5,1,.6,1.2,2.7,3,7.1
22108,2011-06-26,12.4,994.9,94,19.6,17,4,2.4,3.5,6.3,3.4,7.1
22108,2011-06-27,7.5,1003.4,98,17.6,15.1,3.7,2.4,3.3,5,4.3,7.1
22108,2011-06-28,3.5,1009.5,,18.1,15.9,1.2,.7,1.3,1.8,3.5,4.9
22108,2011-06-29,6.9,1009.3,,19.1,15.8,2.1,1.3,2,3.1,2.9,4.3
22108,2011-06-30,4.7,1008.3,,18.7,16.3,1.6,1,1.4,2.2,3.2,6.4
22108,2011-07-01,2.1,1006,,18.5,16.3,1.2,.7,1.2,2.1,3.3,5.8
22108,2011-07-02,3.4,1002.8,,19.2,16.8,.6,.3,.5,.9,2.9,4.9
22108,2011-07-03,6,998.3,,19.7,17.2,1.2,.7,1,1.6,2.4,4
22108,2011-07-04,3.8,1002.4,,19.8,17.6,1.2,.7,.8,1.5,2.3,3.2
22108,2011-07-05,2.1,1004.2,98,20.5,18.1,.9,.5,.7,1.2,3.2,4.6
22108,2011-07-06,1.2,1000.4,,20.6,18.7,.7,.4,.5,1.5,3.4,4
22108,2011-07-07,4.3,998.6,,20.1,18.2,1.2,.7,1.2,2.1,2.9,4
22108,2011-07-08,1.8,1004.4,,19.8,18,1.5,.9,1.1,1.9,3.6,5.8
22108,2011-07-09,1.8,1007.9,,20.8,18.1,.8,.5,.6,1,3.4,6.4
22108,2011-07-10,3.4,1010.6,,21.2,18.9,.7,.4,.9,1.7,3.4,4.6
22108,2011-07-11,4.7,1011.7,,20.7,18.3,1,.6,.7,1.3,3.9,4.9
22108,2011-07-12,5.2,,,22.1,19.2,1,.6,.7,1.3,3.3,6.4
22108,2011-07-13,7.1,1007.2,99,23.2,20.2,1.8,1.1,1.6,2.7,2.5,3.2
22108,2011-07-14,4.6,1007.9,,23.1,20.7,1.4,.9,1.5,2.2,2.9,4
22108,2011-07-15,4.2,1008.8,,22.2,20.9,1.6,.9,1.4,2.3,2.6,2.9
22108,2011-07-16,4.3,1007.4,,23.4,21.4,1,.6,.7,1.2,2.8,3.8
22108,2011-07-17,3.3,1006.1,,23.1,21.7,.8,.5,.7,1.3,2.5,3.2
22108,2011-07-18,3.8,1002.7,96,24.1,22.2,.6,.4,.6,1.1,2.9,7.1
22108,2011-07-19,5.8,997.4,89,24.6,22.4,.9,.6,.8,1.3,2.3,4.6
22108,2011-07-20,5,1000.9,88,25,23.2,.7,.4,.6,1.2,2.9,4.6
22108,2011-07-21,3.8,1004.6,,24.9,23.9,,,.8,1.3,,4.6
22108,2011-07-22,,,,,,,,1,1.7,,4
22108,2011-07-23,3.5,1007.7,98,24.9,24,.9,.5,.8,1.2,3,4
22108,2011-07-24,4.2,1007.8,99,25.2,24.1,.7,.4,.6,1,3.1,4.9
22108,2011-07-25,4.7,1008.8,91,25.7,24.5,1.1,.6,.8,1.5,2.4,3.4
22108,2011-07-26,7.4,1007.4,95,26.5,24.4,1.8,1.1,1.6,2.4,2.5,3
22108,2011-07-27,,,,,,,,1.8,3.2,,3.4
22108,2011-07-28,7.6,1008.5,,26.1,24.2,2.7,1.7,2,3.3,3.4,4
22108,2011-07-29,2.5,1007.6,,26.1,24.6,1.5,.9,1.3,2.7,3.4,6.4
22108,2011-07-30,3.5,1005.3,,26.3,25,1,.6,.7,1.3,3.3,4.3
22108,2011-07-31,5.3,1003.6,,25.7,24.8,1.4,.8,1.1,2,2.5,3.8
22108,2011-08-01,2.1,1005.4,96,25.6,25.3,.8,.5,.6,1,2.5,4.3
22108,2011-08-02,,,,,,,,.4,.6,,5.3
22108,2011-08-03,4.8,1007,,26.8,25.6,.8,.5,.8,1.4,3,7.1
22108,2011-08-04,3.6,1007,,26.8,25.6,1.1,.6,.8,1.4,2.4,4.3
22108,2011-08-05,3.9,1007.3,,27.1,26.2,.6,.4,.5,.8,3.2,6.4
22108,2011-08-06,3.9,1006.2,86,27.8,26.2,.7,.4,.7,1,5.9,8
22108,2011-08-07,9.5,999.7,86,27.6,25.9,2.7,1.6,3.7,6.7,6,7.1
22108,2011-08-08,,,,,,,,5.7,8.5,,5.8
22108,2011-08-09,4.9,1007.9,98,22.5,21.5,1.9,1.1,2.2,3.7,3.2,4
22108,2011-08-10,2.8,,,,,.9,.5,.8,1.3,2.7,3.6
22108,2011-08-11,3.5,1007.8,98,22.1,19.7,.6,.4,.5,.9,3,4.3
22108,2011-08-12,4.2,1005.3,98,22.7,20.5,.8,.4,.8,1.4,2.6,5.3
22108,2011-08-13,6.8,1004,98,22.5,20.4,1.6,.9,1.3,2.6,2.5,3.4
22108,2011-08-14,4.1,1005.8,98,22,20.3,1.1,.6,.9,1.7,3.1,4.3
22108,2011-08-15,3.1,1006.2,98,22.2,20.2,.8,.5,.7,1.2,3.6,7.1
22108,2011-08-16,5.8,1003.1,98,22.7,20.6,1.2,.7,1,1.7,2.7,4.6
22108,2011-08-17,3.5,1002.8,98,22.6,20.8,1.2,.7,.8,1.4,2.7,4
22108,2011-08-18,3,1007,96,22.9,21.1,1,.6,.7,1.2,3.3,7.1
22108,2011-08-19,2.9,1011.4,94,23,21.5,.9,.5,.7,1.1,2.7,4
22108,2011-08-20,2.3,1012,88,22,21.3,.7,.5,.6,.9,2.6,5.8
22108,2011-08-21,,,,,,,,.6,1,,2.9
22108,2011-08-22,1.4,1010.4,88,24.1,22.2,.4,.3,.5,.8,2.8,3.8
22108,2011-08-23,3.7,1009.3,85,24.2,22.3,.7,.4,.6,1,2.8,6.4
22108,2011-08-24,3.4,1011.5,82,24.2,22.3,.7,.4,.7,1.3,2.8,3.4
22108,2011-08-25,2.5,1013.7,87,24.4,22.9,.5,.3,.3,.6,3.3,6.4
22108,2011-08-26,1.7,1014.7,90,25.1,23.5,.4,.2,.4,.6,3,4
22108,2011-08-27,2,1014,88,25.8,24.1,.4,.2,.3,.6,3,4.9
22108,2011-08-28,1.7,1013.1,92,25.9,24.5,.6,.4,.5,.8,4.1,7.1
22108,2011-08-29,2.1,1012.4,88,25.8,24.6,.8,.5,.6,1,5.8,10.7
22108,2011-08-30,3.9,1010,91,25.2,24.5,.8,.5,.7,1.3,4.7,6.4
22108,2011-08-31,3.7,1006.9,91,25.2,24.2,.7,.4,.6,.9,4.2,9.1
22108,2011-09-01,5.2,1005.5,89,25,23.9,.8,.5,.7,1.3,3.8,7.1
22108,2011-09-02,6.8,1003.7,88,24.4,23.5,1.7,1,1.6,2.5,2.9,5.8
22108,2011-09-03,6.9,1005.7,82,24.5,23.2,1.5,.9,1.3,2.1,2.7,3.2
22108,2011-09-04,7.6,1007.2,75,24,23.1,1.5,.9,1.1,2,2.3,2.7
22108,2011-09-05,6.1,1006.9,78,23.5,22.9,1.4,.9,1.4,2.6,2.5,3.2
22108,2011-09-06,5.5,1006.8,71,23.3,22.5,1.8,1.1,1.4,2.3,3.1,3.4
22108,2011-09-07,2.6,1007.6,73,23.5,22.6,1.2,.7,1.5,2.2,2.6,3.2
22108,2011-09-08,3.1,1011.6,65,22.7,22.3,.7,.4,.7,1.1,2.9,4.6
22108,2011-09-09,3.3,1017.4,79,21.8,22.1,.5,.3,.4,.6,3,7.1
22108,2011-09-10,5.9,1018.6,80,22.7,22,1,.6,.9,1.5,2.8,5.8
22108,2011-09-11,3.5,1016.4,91,22.3,22.2,.7,.4,.6,1,2.9,5.3
22108,2011-09-12,5.3,1016.1,86,23.1,22.3,.8,.4,.6,1.1,2.8,3.2
22108,2011-09-13,3,1014.3,87,23.8,22.6,.6,.4,.5,.9,2.3,4.3
22108,2011-09-14,3,1012.7,92,24.3,23,.4,.2,.4,.7,3.5,5.3
22108,2011-09-15,2.8,1011.4,92,24.8,23.5,.6,.3,.4,.7,3.2,5.3
22108,2011-09-16,2,1008.2,90,24.7,24,.6,.3,.4,.8,2.8,7.1
22108,2011-09-17,6.1,1007.6,90,23.7,23.7,1.6,1,2,3.5,3.4,5.8
22108,2011-09-18,9.3,1011.7,82,21.6,22.4,3.8,2.3,3,5.4,4,4.9
22108,2011-09-19,8.7,1014.7,72,20.4,21.9,2.2,1.3,1.7,3.1,2.6,4
22108,2011-09-20,8.4,1012.9,66,20,21.4,1.7,1,1.4,2.2,2.3,2.6
22108,2011-09-21,7.9,,60,20.1,21.1,1.9,1.1,1.3,2.5,2.3,3
22108,2011-09-22,,,,,,,,1.6,2.4,,4.9
22108,2011-09-23,2.7,1015.9,67,20.3,21.2,.6,.4,.7,1.1,3.6,5.3
22108,2011-09-24,3,1019.1,74,20,21,.5,.3,.4,.6,3.6,5.8
22108,2011-09-25,2,1021.9,76,19.8,21.2,.3,.2,.3,.4,3.8,5.8
22108,2011-09-26,4.3,1020.4,76,20.5,21.1,.5,.3,.6,.9,3.8,6.4
22108,2011-09-27,,,,,,,,.5,.7,,7.1
22108,2011-09-28,3.3,1017.4,77,20.4,21,.5,.3,.4,.8,7.7,12.8
22108,2011-09-29,7.7,1012,85,19.1,20.7,1.4,.9,1.5,2.5,5.6,10.7
22108,2011-09-30,10.7,1019.3,61,16.7,19.9,2.9,2,2.8,3.9,6.4,8
22108,2011-10-01,7,1023.3,56,15.4,19.2,1.8,1.3,2.2,3.1,5.6,7.1
22108,2011-10-02,8,1025.1,53,16.2,18.5,1.7,1.2,1.6,2.6,4.9,6.4
22108,2011-10-03,5.2,1025.2,48,15.5,18.1,1.5,1,1.5,2.4,6.1,7.1
22108,2011-10-04,1.9,1022.9,50,16.6,18.7,.6,.4,.6,.9,4.4,7.1
22108,2011-10-05,3.7,1016.9,57,17.4,18.7,.4,.3,.4,.6,3.4,6.4
22108,2011-10-06,7.1,1016.4,70,17.5,18.4,1.7,1.1,1.5,2.6,4.8,6.4
22108,2011-10-07,4.1,1021,60,17,18.4,1,.7,1.4,2.2,4.9,5.8
22108,2011-10-08,2.2,1023.2,62,17.1,18.8,.5,.3,.5,.7,3.7,4.6
22108,2011-10-09,2.7,1022.8,78,17.7,18.6,.3,.2,.3,.5,3.4,5.8
22108,2011-10-10,3,1022.1,78,17.9,18.9,.4,.3,.5,.7,3.3,4.3
22108,2011-10-11,6.1,1020.9,61,17.5,18.7,1.2,.8,1.2,1.8,4.6,5.3
22108,2011-10-12,3.8,1018.5,64,17.3,18.6,1.1,.7,1.2,2,4.5,5.8
22108,2011-10-13,2.6,1015.7,74,17.7,18.8,.4,.3,.4,.5,4.4,7.1
22108,2011-10-14,2.4,1012.4,80,16.2,18.6,.3,.2,.4,.6,3.6,7.1
22108,2011-10-15,7.7,1009.3,77,17.3,18.5,1.6,1.1,2.9,4.3,4.6,7.1
22108,2011-10-16,8.4,1012.2,61,17.7,17.8,3.2,2.2,2.8,4.3,7.3,8
22108,2011-10-17,,,,,,,,1.7,2.6,,7.1
22108,2011-10-18,,,,,,,,1.3,2,,6.4
22108,2011-10-19,,1025.7,49,15,17.4,,,.5,.7,,4.6
22108,2011-10-20,4.4,1023.7,70,16.8,17.4,.5,.4,.6,.9,3.2,5.3
22108,2011-10-21,3.9,1018.8,78,17,17.5,.5,.3,.5,.9,2.9,6.4
22108,2011-10-22,5.8,1015.6,78,17,17.4,1.1,.7,.8,1.4,4.2,4.9
22108,2011-10-23,2.4,1018,83,16.8,17.3,.6,.4,.5,1,3.9,4.9
22108,2011-10-24,7.5,1018.5,70,14.7,17.1,1.8,1.2,2.6,4.4,4.6,7.1
22108,2011-10-25,10.4,1025.2,50,11.3,16.3,3.6,2.4,3.9,5.1,7.2,9.1
22108,2011-10-26,3.8,1026,53,12.8,16.1,1.1,.7,1.5,2.6,5.3,6.4
22108,2011-10-27,2,1026,63,14.3,16.1,.4,.3,.4,.6,4.1,7.1
22108,2011-10-28,3.4,1024.6,70,15.1,16.2,.4,.3,.5,.8,3.6,6.4
22108,2011-10-29,5.2,1021.9,69,15,16.2,.7,.5,.7,1.1,3.5,4
22108,2011-10-30,6.9,1022.1,73,15.4,16.1,1.1,.8,.9,1.4,4,4.6
22108,2011-10-31,4.9,1025.8,73,15.9,16,.7,.5,.8,1.1,3.7,4.3
22108,2011-11-01,2.8,1025.3,72,16.1,16.2,.4,.3,.4,.6,3.6,7.1
22108,2011-11-02,4.2,1024.9,80,16,16.2,.5,.3,.6,.9,3.7,6.4
22108,2011-11-03,3.3,1025.3,82,16.3,16.2,.6,.4,.5,.9,3.9,9.1
22108,2011-11-04,3,1023.4,87,17.1,16.5,.5,.3,.6,.8,5.9,8
22108,2011-11-05,4.3,1019,91,16.6,16.3,.7,.4,.7,1.1,4,7.1
22108,2011-11-06,,,,,,,,1,1.5,,6.4
22108,2011-11-07,5.5,1021.1,82,15.3,16.2,1.1,.8,.9,2,5.1,5.8
22108,2011-11-08,4.9,1020.2,74,14.3,16,1.4,.9,1,1.8,6,6.4
22108,2011-11-09,,,,,,,,1.1,1.8,,6.4
22108,2011-11-10,3.6,1018.1,76,14.6,15.8,.7,.4,.6,1.1,4.5,5.8
22108,2011-11-11,,,,,,,,.5,.8,,7.1
22108,2011-11-12,4,1018.8,64,14.6,15.7,.8,.5,.6,1.1,4.4,5.3
22108,2011-11-13,6.1,1020.6,59,13.8,15.5,1.5,1.1,1.8,2.5,5.3,5.8
22108,2011-11-14,6.8,1026.5,51,10.3,15.1,1.8,1.2,1.9,2.8,5.4,6.4
22108,2011-11-15,3.8,1030,50,11.3,14.9,.7,.4,.7,1.1,3.6,4.9
22108,2011-11-16,,,,,,,,.5,.8,,5.8
22108,2011-11-17,6.4,1024.6,67,14.7,14.8,1,.7,.9,1.4,3.7,5.3
22108,2011-11-18,5.7,1012.2,88,15.3,14.9,1.2,.8,1.1,1.7,5.9,7.1
22108,2011-11-19,10.8,1012.3,75,11.3,14.7,3.6,2.3,3.6,5.9,6.7,9.1
22108,2011-11-20,,,,,,,,4.1,6.4,,9.1
22108,2011-11-21,,,,,,,,1.5,2.3,,6.4
22108,2011-11-22,6.4,1025.5,55,10.2,14.3,1,.7,1.3,1.9,4.1,4.9
22108,2011-11-23,,,,,,,,4,7,,9.1
22108,2011-11-24,6.1,1029.1,54,5,13.7,2.6,1.8,3.7,5,7,9.1
22108,2011-11-25,,,,,,,,.8,1.4,,5.8
22108,2011-11-29,,1022.1,87,12.6,13.5,,,1.4,2.5,,7.1
22108,2011-11-30,,,,,,,,1.7,3,,5.8
22108,2011-12-01,,,,,,,,1.6,3,,5.3
22108,2011-12-02,,,,,,,,.9,1.5,,4.6
22108,2011-12-03,,,,,,,,1.7,3.5,,6.4
22108,2011-12-04,,,,,,,,1.4,2.6,,6.4
22108,2011-12-05,,,,,,,,.9,1.5,,4.9
22108,2011-12-06,,,,,,,,.6,1,,4.9
22108,2011-12-07,,,,,,,,.7,1.3,,4
22108,2011-12-08,,,,,,,,3.5,5.5,,8
22108,2011-12-09,,,,,,,,2.9,4.8,,9.1
22108,2011-12-10,,,,,,,,2,3.6,,7.1
22108,2011-12-11,,,,,,,,1.8,3.1,,7.1
22108,2011-12-12,,,,,,,,.9,1.3,,4.6
22108,2011-12-13,,,,,,,,.8,1.3,,5.3
22108,2011-12-14,,,,,,,,1,1.5,,8
22108,2011-12-15,,,,,,,,2.8,4.2,,8
22108,2011-12-16,,,,,,,,2.7,4,,8
22108,2011-12-17,6.3,,59,2.2,11.2,,1.3,2,,6.2,7.1
22108,2011-12-18,,,,,,,,2.1,1.9,,7.1
22108,2011-12-19,,,,,,,,1,1.6,,5.3
22108,2011-12-28,,,,,,,,.6,.9,,5.8
22108,2011-12-29,8.3,1029.2,61,3.2,9.5,2.6,1.6,2,4,5.8,7.1
22108,2011-12-30,4.7,1031.5,57,1.8,9.4,1.7,1,1.6,2.7,5.6,7.1
22108,2011-12-31,3.7,1027.7,60,4.1,9.4,1.1,.7,1,1.5,4.8,5.8
22108,2012-01-01,9,1025.3,72,2.6,9.3,3.2,1.9,3.6,6.3,6.1,8
22108,2012-01-02,4.7,1026.5,60,1.7,9.2,2.1,1.3,2.4,4.2,6.5,8
22108,2012-01-03,8,1022.6,66,1.5,9.2,2.6,1.6,3.6,6.2,5.8,8
22108,2012-01-04,,,,,,,,3.7,6.3,,9.1
22108,2012-01-05,5.2,1029.7,62,.8,8.6,2.1,1.3,2.2,3.2,6.4,7.1
22108,2012-01-06,6.4,,58,2.2,8.3,1.7,1,1.3,2.4,4.9,5.8
22108,2012-01-07,4.4,1035.5,57,1,8.2,1.4,.9,1.4,2.5,5.1,6.4
22108,2012-01-08,3.1,,60,2.9,8.1,.7,.4,.6,.9,4.2,4.9
22108,2012-01-09,3.6,,65,4.5,8.1,1,.6,.9,1.4,4.5,5.3
22108,2012-01-10,5.4,1028.8,56,3.2,8.1,1.3,.8,1.4,2.5,4.5,4.9
22108,2012-01-11,9,1031.9,60,-.3,7.9,3.4,2.1,2.8,4.5,6.9,8
22108,2012-01-12,4.9,1029.5,54,1.4,7.9,1.6,1,1.4,2.2,5.2,6.4
22108,2012-01-13,6.8,1025.5,56,3.9,7.8,2.2,1.4,1.6,2.6,5.6,6.4
22108,2012-01-14,3.6,1024.9,52,3.3,7.8,1.1,.7,1.1,1.8,4.5,5.3
22108,2012-01-15,7.2,1022.3,51,1.8,7.6,1.7,1,1.2,2,4.9,5.3
22108,2012-01-16,5.8,1019.3,60,2.8,7.6,1.3,.8,1,1.7,4.4,5.3
22108,2012-01-17,5.4,1020.9,59,4.5,7.6,1.1,.7,.9,1.6,4.1,4.6
22108,2012-01-18,7.5,,60,4.4,7.5,1.4,.9,1.2,2,4.1,4.9
22108,2012-01-19,8.4,1021.6,74,5.4,7.4,1.8,1.1,1.5,2.3,4.6,4.9
22108,2012-01-20,8.4,1021.9,79,6.1,7.4,1.8,1.1,1.3,2.4,4.4,4.9
22108,2012-01-21,9.4,1022.5,76,3.1,7.3,3.3,2,2.9,5,6.8,8
22108,2012-01-22,,,,,,,,3.5,6.2,,9.1
22108,2012-01-23,7.7,,69,-3.3,6.9,2.8,1.8,2.3,3.6,6.6,7.1
22108,2012-01-24,5.1,1024.6,75,-2.3,6.7,1.8,1.1,1.5,2.7,5.5,6.4
22108,2012-01-25,6.6,1024.9,66,-2.7,6.6,3.1,1.9,3.3,6,6.7,8
22108,2012-01-26,5,1025,51,2.8,6.5,1.8,1.1,1.5,2.7,5.5,6.4
22108,2012-01-27,5.1,1024,56,4.9,6.5,1.5,.9,1.2,2,5,5.8
22108,2012-01-28,6.6,1028.1,44,1.5,6.4,1.5,.9,1.3,2.3,4.4,5.3
22108,2012-01-29,7.8,1030.1,47,1.1,6.3,1.5,.9,1.1,2.2,4.3,4.9
22108,2012-01-30,7.6,1030.8,42,-1.3,6,2.1,1.3,2.1,3.1,5.2,6.4
22108,2012-01-31,7.3,1022.2,69,1.2,5.7,2.2,1.3,2.9,5.2,5.2,8
22108,2012-02-03,4.5,1027.1,72,-2.3,5,1.8,1.1,1.6,2.5,5.9,7.1
22108,2012-02-04,6,1026.3,48,2.5,5.1,2.2,1.4,2,3.7,6,7.1
22108,2012-02-05,2.9,1024.2,54,2.1,5.1,.6,.4,.7,1.1,4.4,7.1
22108,2012-02-06,3.4,,64,3.7,5.1,.5,.3,.4,.7,2.7,5.8
22108,2012-02-07,12.2,1021.5,66,-3.5,5,4.9,3.1,3.9,7.1,7.8,9.1
22108,2012-02-08,8.4,1023.4,73,-2.7,4.8,3.9,2.4,2.9,4.9,7.5,8
22108,2012-02-09,4.9,1026.6,54,.2,4.7,2.8,1.7,2.9,4.9,6.6,8
22108,2012-02-10,4.1,1027.4,55,1.1,4.7,1.5,.9,1.3,2.2,4.8,5.8
22108,2012-02-11,2.7,1030.4,53,-.6,4.6,1.2,.8,1.4,2.4,5.2,6.4
22108,2012-02-12,2.6,1030.8,53,2.3,4.7,.6,.3,.4,.8,3.7,4.9
22108,2012-02-13,5.4,1024.1,60,3.5,4.6,.8,.5,.6,1,3.3,4
22108,2012-02-14,6.6,1021.8,72,3.3,4.6,1.1,.7,1.4,2.2,3.5,4.9
22108,2012-02-15,8.4,,53,.6,4.5,2.6,1.6,2.1,3.6,6.2,7.1
22108,2012-02-16,7.5,,54,.8,4.2,2,1.2,1.8,2.8,5.1,5.8
22108,2012-02-17,8.7,,63,-2.3,4,3,1.9,2.3,4.3,6.6,7.1
22108,2012-02-18,8,1028.2,63,-2.6,4,3.2,2,2.7,4.3,6.9,8
22108,2012-02-19,3.2,1028.7,59,-.9,4.1,1.6,1,1.6,2.9,5.4,6.4
22108,2012-02-20,4.1,1027.2,64,2.2,4.1,.9,.5,.7,1.2,4.5,5.8
22108,2012-02-21,2.7,1023.5,73,3.2,4,.6,.4,.5,1,4.5,5.3
22108,2012-02-22,2.6,1016.6,77,4,4.1,.4,.2,.3,.6,4.2,5.8
22108,2012-02-23,6.8,1015.9,79,3,4,2.3,1.4,2.6,4.4,6.2,9.1
22108,2012-02-24,3.9,1018.4,77,3,4.2,1.6,1,1.7,2.9,6.5,8
22108,2012-02-25,10.5,1019.7,63,1.5,4,3.6,2.1,3,5.8,6.5,9.1
22108,2012-02-26,9.6,1024.3,55,-.3,4,3.5,2.1,2.6,4.5,7.1,9.1
22108,2012-02-27,7.3,1026.8,48,.3,3.9,2.1,1.3,2.2,3.7,5.2,6.4
22108,2012-02-29,,,,,,,,.2,.4,,2.8
22108,2012-03-01,,,,,,,,.3,.5,,8
22108,2012-03-02,3.2,1018.7,81,4.2,4.3,1.2,.8,1.4,2,5.3,7.1
22108,2012-03-03,3.5,1024,82,4.3,4.3,1.5,.9,1.2,2.1,6.1,6.4
22108,2012-03-04,4.8,1020.2,81,5,4.4,.8,.5,.7,1.1,3.9,6.4
22108,2012-03-05,5.6,1010.2,92,4.5,4.3,1,.6,.7,1.2,3.5,4
22108,2012-03-06,,,,,,,,2.1,3.6,,6.4
22108,2012-03-07,,,,,,,,2.1,3.5,,8
22108,2012-03-09,,,,,,,,1.4,3,,7.1
22108,2012-03-10,,,,,,,,1.6,2.5,,6.4
22108,2012-03-12,,,,,,,,.9,1.7,,6.4
22108,2012-03-13,5,1026.8,56,3.9,4.2,1.4,.8,1,1.7,5,5.8
22108,2012-03-14,4.6,1025.6,82,4.7,4.1,1.6,1,1.1,1.9,5.2,5.8
22108,2012-03-15,,,,,,,,.4,.6,,8
22108,2012-03-16,4.7,1014.6,86,4.8,4.3,.7,.4,.6,1,3.2,5.3
22108,2012-03-17,,,,,,,,.7,1.2,,7.1
22108,2012-03-18,,,,,,,,3,5.1,,8
22108,2012-03-19,6.8,1022.3,58,2.2,4.3,2.5,1.5,2.3,4.6,6.8,8
22108,2012-03-20,6.7,1022.9,62,3.3,4.5,1.7,1,1.3,2.3,4.9,5.3
22108,2012-03-21,3.1,,57,4.2,5,1.2,.7,1.1,1.8,4.9,5.3
22108,2012-03-22,3.8,1020.2,83,4.3,4.6,.5,.3,.4,.7,3.4,4.6
22108,2012-03-23,6.1,1009.5,88,4.5,4.5,1,.7,1.4,2,3.7,5.3
22108,2012-03-24,9.2,1015.3,65,4.7,4.6,3.6,2.3,3.1,5.4,6.9,8
22108,2012-03-25,8,1020.7,61,4.5,4.6,2.7,1.6,2,4.2,6.4,7.1
22108,2012-03-26,,,,,,,,1.8,2.9,,6.4
22108,2012-03-30,,,,,,,,1.4,2.2,,5.8
22108,2012-03-31,7.4,1018.2,70,5.1,4.7,2.3,1.5,3,5.1,5.5,7.1
22108,2012-04-01,3.8,1023.7,51,4.6,5.2,1.8,1.1,2.2,3.8,6,8
22108,2012-04-02,7.5,1013.3,80,7.1,5,1.9,1.1,1.9,3.2,4.7,7.1
22108,2012-04-03,,,,,,,,1.8,3,,8
22108,2012-04-13,,,,,,,,.5,.8,,4.9
22108,2012-04-14,2.5,1016,96,4.8,5.8,.5,.3,.4,.6,3.8,5.8
22108,2012-04-15,2.2,1013.8,97,4.3,6.2,.3,.2,.2,.5,3.6,6.4
22108,2012-04-16,3.8,1014.7,90,5.7,6.1,.6,.4,.7,1.2,3.2,4.6
22108,2012-04-17,,,,,,,,.7,1.1,,4.9
22108,2012-04-18,,,,,,,,.2,.3,,7.1
22108,2012-04-19,2,1019.4,79,9.8,8.2,.3,.2,.2,.4,4.7,7.1
22108,2012-04-20,3.4,1019.1,85,9.7,8,.4,.3,.4,.6,5.5,8
22108,2012-04-21,6.5,1006.1,94,9.1,7.4,1.3,.8,1.2,2.1,5.1,7.1
22108,2012-04-22,5.1,1007.4,94,7.8,6.9,2.2,1.3,2.5,4.2,5.8,7.1
22108,2012-04-23,5.4,1012.3,93,9,7.3,1.1,.7,1,1.6,4.3,5.3
22108,2012-04-24,4.3,1011.5,84,10.6,7.9,1,.6,.7,1.2,4.8,6.4
22108,2012-04-25,7.6,999.7,91,10.2,7.6,2.1,1.3,2.4,4.1,6.2,8
22108,2012-04-26,5.3,1009.7,84,8.4,7.1,2.7,1.7,2.6,4.4,6.7,8
22108,2012-04-27,,1011.2,81,9.1,7.1,,,1.5,3.1,,5.8
22108,2012-04-28,5.3,1014.3,81,9.8,7.5,1.8,1.2,1.5,2.5,6.1,7.1
22108,2012-04-29,2.9,1014.4,84,10.3,8,.8,.5,.8,1.2,5.3,6.4
22108,2012-04-30,3.1,1011,86,10.8,9.3,.6,.3,.4,.8,5.5,7.1
22108,2012-05-01,2.9,1008.6,86,11.7,9.8,.5,.3,.4,.8,6.4,7.1
22108,2012-05-02,3.1,1006,88,11.8,10,.5,.3,.4,.7,5.8,8
22108,2012-05-03,5.4,1005.5,87,11,9.5,1,.6,.8,1.3,4.4,6.4
22108,2012-05-04,2.7,1008.5,86,12,10.4,.6,.4,.6,1.1,3.8,7.1
22108,2012-05-05,3.2,1007.5,84,12.2,10.5,.9,.6,.9,1.3,4.2,4.9
22108,2012-05-06,2.5,1007.7,88,11.9,11.1,.5,.3,.4,.6,3.8,4.3
22108,2012-05-07,1.4,1007.6,93,11.2,11.2,.5,.3,.4,.6,3.7,4.6
22108,2012-05-08,2.4,1007.5,90,13.2,11.5,.4,.2,.3,.6,3.6,4.9
22108,2012-05-09,2,1013.1,94,12.4,11.9,.9,.5,.8,1.3,5.2,7.1
22108,2012-05-10,2.7,1015.1,94,12.2,11.6,.7,.5,.6,1.2,4.8,6.4
22108,2012-05-11,1.7,1016.7,96,11.9,11.5,.6,.4,.5,.8,3.9,5.8
22108,2012-05-12,1,1015.3,91,12.9,12.5,.5,.3,.3,.6,3.8,5.3
22108,2012-05-13,2.2,1012.6,87,13.3,13.1,.5,.3,.3,.6,5.2,6.4
22108,2012-05-14,2.6,1009.4,90,13.3,12.9,.4,.2,.4,.7,5.4,8
22108,2012-05-15,3.5,1007.8,94,12.8,12.4,.8,.5,.6,1,5.8,8
22108,2012-05-16,3.7,1004.8,95,12.5,12.4,1,.6,.7,1.2,4.1,4.9
22108,2012-05-17,5.3,1005.3,87,13,11.9,1.8,1.1,1.7,2.9,5.3,6.4
22108,2012-05-18,1.2,1014.8,86,13.8,13,1,.6,.9,1.8,4.9,6.4
22108,2012-05-19,1.5,1016.3,86,14,13.4,.3,.2,.3,.5,3.9,6.4
22108,2012-05-20,2.8,1015.5,84,13.9,13.5,.4,.2,.4,.6,4.3,6.4
22108,2012-05-21,1.8,1016.7,89,14.7,14.4,.5,.3,.5,.8,4.1,8
22108,2012-05-22,2.5,1015.4,88,15.1,14.8,.4,.2,.2,.4,6.9,8
22108,2012-05-23,1.7,1013.4,88,16.1,15.5,.3,.2,.2,.5,6.4,9.1
22108,2012-05-24,1.4,1012,87,16.1,16,.3,.2,.3,.6,5.6,7.1
22108,2012-05-25,1.6,1011.1,92,16.4,16.1,.3,.2,.3,.5,4.8,6.4
22108,2012-05-26,3.1,1011,94,15.9,15.8,.5,.3,.4,.6,3,5.8
22108,2012-05-27,3.7,1012.6,95,16.3,15.9,.7,.4,.5,.9,3.9,4.6
22108,2012-05-28,4,1016.5,91,17.5,16.3,.7,.4,.5,.8,3.6,4.6
22108,2012-05-29,3,1018.1,92,17.9,17.1,.9,.5,.6,1.1,3.9,4.3
22108,2012-05-30,2.6,1018.1,84,18,17.7,.4,.3,.4,.6,3.4,6.4
22108,2012-05-31,2.2,1017.9,84,18.3,18.8,.5,.3,.4,.7,5.5,8
22108,2012-06-01,2.9,1016.4,85,17.2,19.1,.5,.3,.4,.6,6.6,8
22108,2012-06-02,2.6,1014.2,64,18.8,19.3,.4,.2,.4,.6,6.6,8
22108,2012-06-03,1.7,1012.8,74,19.2,19.7,.4,.2,.3,.6,5.2,8
22108,2012-06-04,2.5,1011.4,81,19.6,20.1,.4,.3,.4,.7,6.5,10.7
22108,2012-06-05,2.9,1008.3,89,20.5,20.7,.7,.4,.5,.9,11.1,12.8
22108,2012-06-06,2.6,1005.7,87,20.6,20.7,1,.6,.8,1.4,5.6,10.7
22108,2012-06-07,2.7,1005.5,95,19.6,20.5,.6,.4,.5,.9,4.5,7.1
22108,2012-06-08,2.9,1002.5,95,18.6,20.2,.5,.3,.4,.7,5.2,8
22108,2012-06-09,2.1,1002.1,93,18.3,19.6,.6,.4,.5,.9,4.2,5.8
22108,2012-06-10,2.1,1002.4,90,20.3,20.5,.4,.3,.3,.6,4.9,5.8
22108,2012-06-11,,1001.5,89,20,20.6,,,.5,.9,,7.1
22108,2012-06-12,2.6,1001.3,88,19.7,20.4,.5,.3,.4,.6,6.3,8
22108,2012-06-13,2.5,1006.5,92,20.4,21.1,.6,.4,.6,1.1,6.9,9.1
22108,2012-06-14,,1011.5,86,21,21.8,,,1,1.6,,6.4
22108,2012-06-15,4.1,1009.1,83,21,21.8,1,.6,1,1.5,5.1,7.1
22108,2012-06-16,3.7,1007.7,85,20.5,21.7,.8,.5,.6,1.1,5.6,8
22108,2012-06-17,3.2,1010.9,85,21.6,21.9,.7,.4,.5,.9,5.9,8
22108,2012-06-18,2.6,1008.3,84,21.6,22.6,.7,.4,.5,1,6.5,7.1
22108,2012-06-19,,,,,,,,.9,1.3,,12.8
22108,2012-06-20,3.9,1004.9,83,22.1,22.2,.9,.6,.8,1.4,5.8,9.1
22108,2012-06-21,2.6,1007.1,87,21.9,22.9,.7,.4,.5,.9,6.5,10.7
22108,2012-06-22,2.6,1009.9,94,21.3,21.8,.9,.5,.8,1.4,8.9,10.7
22108,2012-06-23,2.4,1008.2,91,21.1,21.9,.9,.6,.7,1.2,8.1,9.1
22108,2012-06-24,3.4,1004.8,85,21.4,22,.6,.4,.5,.9,6.9,8
22108,2012-06-25,3.8,1007.9,71,22.1,22.5,.9,.6,.8,1.1,6.8,7.1
22108,2012-06-26,4.5,1010.8,74,21.3,22.4,.8,.5,.6,1.1,6.3,7.1
22108,2012-06-27,4.7,1011.6,75,21.8,22.6,.7,.4,.5,.9,5.3,7.1
22108,2012-06-28,3,1012.2,84,21.9,22.8,.5,.3,.4,.7,6.1,7.1
22108,2012-06-29,6.2,1008.2,90,22.2,22.8,1.3,.8,2.1,3.5,5.2,7.1
22108,2012-06-30,6.8,1002.8,93,22,21.5,3,1.8,2.5,4,6.6,8
22108,2012-07-01,2.5,1006,90,22.3,22.2,1.4,.8,1.3,2.1,5.5,7.1
22108,2012-07-02,2.8,1003.4,91,22.1,22.4,.9,.6,.7,1.3,6.2,9.1
22108,2012-07-03,5.1,1000.2,95,22.3,21.9,1.4,.8,1.1,2.1,4.8,6.4
22108,2012-07-04,4.1,1003.9,95,22.7,22.2,1.1,.7,.8,1.3,5,7.1
22108,2012-07-05,5.3,1004.7,95,22.8,22.5,1.2,.8,1.2,2,4.8,7.1
22108,2012-07-06,7.3,998.4,92,22.4,22,2.3,1.4,1.7,2.9,5.6,7.1
22108,2012-07-07,3.5,1004.4,83,21.9,22.3,1.2,.8,1,1.9,6.3,8
22108,2012-07-08,2.2,1006.6,87,23,23.3,.8,.5,.6,1,6.5,8
22108,2012-07-09,2.6,1006.8,88,23,23.8,.7,.4,.5,.9,5.7,7.1
22108,2012-07-10,7.9,1001.1,89,23,23.5,1.8,1.2,2.2,3.6,5.2,6.4
22108,2012-07-11,5.3,996.4,90,23.6,23.6,2,1.3,2.5,4.4,5.9,6.4
22108,2012-07-12,5.3,999.7,91,23.6,23.7,1.4,.8,1.2,2,5.6,7.1
22108,2012-07-13,5,999.3,92,24,23.7,1.4,.8,1.2,2.3,5.3,7.1
22108,2012-07-14,3.8,1000.5,94,23.6,23.8,1,.6,.8,1.3,6.6,8
22108,2012-07-15,6.8,1000.9,90,21.7,23.5,1.9,1.1,1.5,2.7,5.3,8
22108,2012-07-16,3.1,1009.5,87,22.5,23.5,.9,.6,.7,1.5,6.8,8
22108,2012-07-17,4.6,1011.2,91,23.6,23.9,.7,.4,.5,.9,5.4,7.1
22108,2012-07-18,5.9,1006.9,91,24,23.9,.8,.5,.9,1.4,3.1,5.8
22108,2012-07-19,6.3,1005,93,23.9,23.6,1.8,1.1,2.1,3.5,4.8,5.8
22108,2012-07-20,2.4,1009.5,95,24,24,.6,.4,.5,.8,4.8,7.1
22108,2012-07-21,2.1,1010.1,95,23.9,24.7,.4,.3,.3,.5,4.7,8
22108,2012-07-22,5.8,1008.4,91,25.6,25.1,1.3,.8,1.1,1.9,4.5,5.8
22108,2012-07-23,7.1,1009.3,93,25.7,25.2,2,1.2,1.5,2.6,5.5,6.4
22108,2012-07-24,4.4,1013.5,92,25.7,25.6,1.5,.9,1.1,1.9,5.4,6.4
22108,2012-07-25,2.2,1014.2,91,26,26.2,1,.6,.8,1.3,6,7.1
22108,2012-07-26,2.2,1011.3,90,25.9,26.7,.8,.5,.5,1,6,7.1
22108,2012-07-27,3.3,,,,,.9,.5,.7,1,4,6.4
22108,2012-07-28,3.4,1010.1,90,27.2,27.3,.6,.4,.5,.8,3.4,4.9
22108,2012-07-29,,1006.4,90,27.9,27.6,,,1.5,2.3,,5.8
22108,2012-07-30,6.2,1006,90,27.9,27.7,2,1.2,1.6,2.7,5.8,6.4
22108,2012-07-31,,,,,,,,.9,1.4,,5.8
22108,2012-08-01,,,,,,,,.8,1.3,,10.7
22108,2012-08-02,,,,,,,,.8,1.3,,10.7
22108,2012-08-03,,1010,78,28.7,28.5,1.2,.8,1,1.5,8.1,10.7
22108,2012-08-04,,1010.2,80,28.2,28.6,,,1.2,1.9,,10.7
22108,2012-08-05,,1007.6,82,27.3,28.1,1.1,.7,.8,1.4,7.7,9.1
22108,2012-08-06,,1006.2,85,26.8,27.6,,,.9,1.4,,5.3
22108,2012-08-07,,1007.3,88,27.5,28.1,.8,.5,.8,1.1,7.8,10.7
22108,2012-08-08,3.6,1007.1,76,27.9,28.8,1.5,1,1.4,1.8,10.3,12.8
22108,2012-08-09,1.4,1006.7,82,27.8,29.2,1.6,1.1,1.3,2.2,8.9,10.7
22108,2012-08-10,,1006.3,83,25.5,28.5,,,1.4,1.8,,9.1
22108,2012-08-11,2.8,,,,,.9,.6,.8,1.3,6.6,8
22108,2012-08-12,,,,,,,,1.6,3,,6.4
22108,2012-08-13,5,1002.9,81,26.3,27.9,1.7,1.2,1.7,2.5,6.3,7.1
22108,2012-08-14,6.6,1006.6,86,27.1,28,1.3,.9,1.5,2.3,5.3,7.1
22108,2012-08-15,9.7,,,,,3.9,2.4,3,6.1,6.9,8
22108,2012-08-16,3.5,1010.8,79,25.7,27.6,1.3,.9,1.4,2.4,6,7.1
22108,2012-08-17,,,,,,,,.6,1,,9.1
22108,2012-08-18,6.2,1010.3,89,28,28.2,,,.9,1.5,,10.7
22108,2012-08-19,,,,,,,,1.8,2.7,,6.4
22108,2012-08-20,,,,,,,,2.3,3.5,,6.4
22108,2012-08-21,,1008.5,87,27.8,27.6,,,1.3,2.1,,5.8
22108,2012-08-22,,1011.5,74,23.6,26.5,,,1.6,2.3,,7.1
22108,2012-08-23,,,,,,,,1.4,1.9,,6.4
22108,2012-08-24,,1012.3,88,24.5,26.8,,,2.6,4,,8
22108,2012-08-25,,,,,,,,2.2,3.6,,7.1
22108,2012-08-26,4,1011.3,86,26.8,27.4,.8,.5,.6,1.1,6.2,9.1
22108,2012-08-27,,1007.6,79,27.6,27.1,,,1,1.4,,12.8
22108,2012-08-28,,,,,,,,4.5,6.6,,7.1
22108,2012-09-03,,,,,,,,.3,.5,,6.4
22108,2012-09-04,5.6,1012.6,91,22.1,21.6,1.2,.7,1,1.7,4.4,5.3
22108,2012-09-05,4.7,1018.7,71,21.9,21.8,1.6,1,1.3,2.2,5.7,6.4
22108,2012-09-06,4.5,1019.9,69,22.5,22.3,1,.6,.9,1.5,4.8,5.3
22108,2012-09-07,5,1016.4,77,22.7,22.4,.8,.5,1.4,2.7,3.7,4.9
22108,2012-09-08,5.5,1013.6,75,21.1,21.9,1.9,1.2,2.3,3.4,5.4,6.4
22108,2012-09-09,3.6,1014.6,75,21.7,21.6,.6,.4,.6,.9,3.5,4.6
22108,2012-09-10,4.6,1014.4,77,22.2,21.4,1,.6,.8,1.5,3.9,4.6
22108,2012-09-11,2.1,1013.9,86,22.4,22,.5,.3,.4,.7,3.6,5.3
22108,2012-09-12,2,1011.6,85,22.1,22.1,.4,.3,.5,.8,4.2,8
22108,2012-09-13,3.7,1010.7,84,21.1,21.6,.7,.4,1,1.8,3.6,4.9
22108,2012-09-14,6.5,1015.3,59,21.4,21.1,1.8,1.1,1.2,2.3,5.6,6.4
22108,2012-09-15,6.4,1018.1,67,21.7,21.1,1.3,.8,1.1,1.8,4.3,4.9
22108,2012-09-16,8.2,1014.3,76,21,21,1.6,1,1.4,2.3,4.1,4.9
22108,2012-09-17,11.4,1001,85,19.8,20.5,3.6,2.2,2.8,5.3,6,7.1
22108,2012-09-18,4.7,1004.8,76,21.2,20.6,2.3,1.4,1.6,2.7,6.5,7.1
22108,2012-09-19,5.1,1009.7,76,21.3,20.5,1.7,1,1.3,2.5,5.9,7.1
22108,2012-09-20,2.3,1015.7,77,21.5,21.2,1,.6,.9,1.6,5.1,5.8
22108,2012-09-21,1.4,1016.5,76,,21.4,.5,.3,.5,.8,4.1,6.4
22108,2012-09-22,2.3,1014,72,,,.4,.2,.3,.6,4.3,6.4
22108,2012-09-23,4.2,1012.7,68,,,.5,.3,.4,.7,3.4,5.8
22108,2012-09-24,3.6,1015.2,74,,,.6,.3,.4,.8,3.6,4.6
22108,2012-09-25,3.9,1020,66,,,.5,.3,.5,.8,3.2,6.4
22108,2012-09-26,3.6,1021.1,60,,,.6,.3,.5,1,3.8,6.4
22108,2012-09-27,2.7,1018.4,63,,,.5,.3,.4,.7,8.7,12.8
22108,2012-09-28,6.8,1013.4,58,,,1.4,.9,1.7,2.8,6.7,12.8
22108,2012-09-29,7.6,1012.4,50,,,3.4,2.2,2.8,4.4,7.2,8
22108,2012-09-30,7.4,1011.7,54,,,2.4,1.5,1.7,2.7,6.5,7.1
22108,2012-10-01,2.8,,,,,1.3,.8,1.4,2.3,5.7,6.4
22108,2012-10-02,2.2,1017.3,56,,,.6,.4,.5,1,4.4,5.3
22108,2012-10-03,3.5,1014.7,60,,,.4,.3,.4,.6,3,4
22108,2012-10-04,3.7,1013.7,63,,,1.4,.3,.4,11.4,2.7,3.4
22108,2012-10-05,2.1,1018.1,77,,20.4,.6,.4,.5,1,4.2,5.8
22108,2012-10-06,5.7,1021.5,67,,20.3,1.1,.7,1.4,2,4.1,5.8
22108,2012-10-07,2.6,1022.5,59,,20.4,1,.7,1.3,2.4,4.9,5.8
22108,2012-10-08,2.8,1021.4,75,,20.4,.5,.3,.4,.8,3.9,5.8
22108,2012-10-09,2.2,1017.9,66,18.8,20.3,.4,.2,.3,.6,4.2,7.1
22108,2012-10-10,7.6,1015.1,66,18.4,20.2,2,1.2,2.3,4,4.9,7.1
22108,2012-10-11,8.8,1017.8,50,17.1,20.2,2.7,1.7,2.2,3.4,6.2,7.1
22108,2012-10-12,3.7,1019.2,54,17.6,21.2,.9,.5,1.1,1.6,4.6,5.3
22108,2012-10-13,3.2,1018.3,63,18.6,20.5,.7,.4,.5,1,4.9,5.8
22108,2012-10-14,5.8,1019.4,61,18.6,19.2,1.3,.8,1.1,1.7,4.9,5.3
22108,2012-10-15,7.6,1023.3,51,17,18.9,1.6,1,1.2,1.9,4.8,5.3
22108,2012-10-16,3.5,1019.2,65,17.6,19.3,.7,.5,.6,1.1,3.9,8
22108,2012-10-17,9.9,1016.9,62,15.1,19.3,3.1,2,3.2,5.5,6,8
22108,2012-10-18,6.8,1019.9,44,15,18.8,1.8,1.2,1.7,2.6,6.1,7.1
22108,2012-10-19,3.2,1022.3,52,17.4,19,.8,.5,.8,1.2,4.8,5.8
22108,2012-10-20,6.1,1021.7,72,17.7,19.1,1.1,.7,1,1.6,4.3,5.3
22108,2012-10-21,3.9,1022.8,73,18.4,19.3,.9,.6,.8,1.3,5,5.3
22108,2012-10-22,11.2,1013.8,74,16.6,18.9,3.4,2.2,3.8,6.1,6,9.1
22108,2012-10-23,7.6,1018.6,55,13.8,18.1,3.5,2.1,3.8,6.1,7.4,9.1
22108,2012-10-24,6.5,1019.1,62,16.4,17.9,1.6,1,1.2,2.2,4.8,5.8
22108,2012-10-25,4.4,1021.3,76,17,18,1.6,1,1.3,2.3,5.7,6.4
22108,2012-10-26,3.7,1022.1,74,17.5,18.1,.6,.4,.6,1,4.2,6.4
22108,2012-10-27,9.2,1015.2,82,17.3,18.1,1.9,1.2,2,2.8,4.7,6.4
22108,2012-10-28,9,1020.7,69,15.8,17.6,3.2,2.1,2.7,4.2,7.1,8
22108,2012-10-29,5.5,1020.6,59,14.4,17.3,1.6,1,1.7,2.6,5.8,7.1
22108,2012-10-30,8.9,1018.4,59,11,17,2.9,1.8,2.5,3.5,6.7,8
22108,2012-10-31,7.4,1017.5,53,11.2,16.7,2.1,1.3,2.8,4.3,6,7.1
22108,2012-11-01,7.5,1022,53,10,16.2,2.9,1.9,3.2,4.8,6.5,8
22108,2012-11-02,3.5,1025.8,52,11.1,16,.7,.5,.6,1,3.6,5.8
22108,2012-11-03,4.2,1024.7,54,13.2,15.8,.5,.3,.4,.7,2.9,4.9
22108,2012-11-04,9.5,1015.8,65,14,15.7,2.7,1.6,2.5,4.2,5.5,9.1
22108,2012-11-05,6.4,1014.6,67,11.7,15.4,3.3,2.1,2.6,4.2,7.4,8
22108,2012-11-06,10.2,1015.7,66,11.9,15.2,4.4,2.8,3.5,6.2,7.9,9.1
22108,2012-11-07,7.8,1017.8,63,12.7,14.9,2.8,1.6,2.6,4.2,6.7,8
22108,2012-11-08,4.3,1018.4,62,14,14.9,1.2,.7,1.2,1.8,4.8,5.8
22108,2012-11-09,4.7,1022.8,65,12.9,15.7,.9,.6,.8,1.4,4.2,5.3
22108,2012-11-10,8,1020.2,63,14.4,15.7,1.4,.9,1.6,2.3,4,4.6
22108,2012-11-11,12.6,1009.8,69,11.3,15.1,5.3,3.2,5.7,11.1,7.3,10.7
22108,2012-11-12,10.7,1014.9,53,11,14.5,5.9,3.6,5.8,9,8.6,10.7
22108,2012-11-13,10.9,1011.4,54,10.1,14.2,4,2.4,3.1,5.6,6.9,8
22108,2012-11-14,10.8,1018.6,61,7.9,13.7,4.2,2.6,3.8,6.2,7.5,8
22108,2012-11-15,5.4,1027.2,60,7.9,13.4,1.8,1.1,1.6,2.6,6,7.1
22108,2012-11-16,4.6,1022.3,69,10.1,13.3,.9,.6,1.1,1.6,4.3,5.8
22108,2012-11-17,9.4,1017.3,61,9.6,13.3,3.1,1.9,2.6,4.4,6.5,7.1
22108,2012-11-18,3.3,1021.7,54,8.4,13.3,1.6,1,1.7,3,5.7,6.4
22108,2012-11-19,10,1019.4,63,9.6,13.2,3.3,2,2.9,5.4,6.1,8
22108,2012-11-20,6.4,1024.3,56,7.3,13,2,1.2,2.2,3.6,5.5,8
22108,2012-11-21,2.4,1021.2,62,8.8,12.8,.6,.4,.5,.8,4.3,5.3
22108,2012-11-22,3.7,1019,63,10.3,12.7,.5,.3,.8,1.1,2.9,4
22108,2012-11-23,9.4,1019.9,61,6.8,12.6,3,1.9,2.2,3.8,6.4,8
22108,2012-11-24,5.7,1023.5,48,6.7,12.4,2.1,1.2,1.9,3.5,5.8,7.1
22108,2012-11-25,3.1,1021.4,58,7.1,12.3,.8,.5,.7,1.4,4.8,5.8
22108,2012-11-26,9,1017.1,59,6.9,12.3,3.1,1.9,3,5.1,6.5,8
22108,2012-11-27,6.8,1021.9,55,6.9,12.1,2.2,1.4,2.4,4.4,6.3,8
22108,2012-11-28,9.9,1017.3,59,10.3,12,4,2.5,3.1,5,7.1,8
22108,2012-11-29,7.1,1024,51,5.4,11.9,2.3,1.4,2.1,3.5,6.1,8
22108,2012-11-30,5,1024.9,56,6.5,11.8,1,.6,1.9,2.9,3.5,5.8
22108,2012-12-01,7,1028.7,54,3.2,11.7,2.3,1.5,2.2,3.5,6.2,7.1
22108,2012-12-02,3.1,1023.6,54,6.4,11.6,.7,.4,.7,1.3,4.4,6.4
22108,2012-12-03,10,1016,66,7.3,11.6,3.3,2,4.8,7.4,6.2,9.1
22108,2012-12-04,7.2,1022,60,3.2,11.3,3.9,2.5,4.9,7,7.6,9.1
22108,2012-12-05,9.8,1016.6,67,4,11.1,3.7,2.3,4.7,7.6,6.3,9.1
22108,2012-12-06,6.3,1023.9,61,.7,10.8,4,2.4,4.9,7.5,7.2,9.1
22108,2012-12-07,8.6,1018,63,5.1,10.8,2.8,1.7,3,4.7,5.9,8
22108,2012-12-08,7.7,1019.9,69,-.1,10.6,3.6,2.3,3.4,5.2,7.1,8
22108,2012-12-09,6.6,1021.4,78,-1.1,10.6,3.4,2.1,2.8,4.3,7.1,8
22108,2012-12-10,6,1025.5,68,1.1,10.6,1.9,1.2,1.6,2.5,6,7.1
22108,2012-12-11,5.5,1026.6,65,2.1,10.5,1.6,1,1.4,2.4,5.3,5.8
22108,2012-12-12,4.4,1030.3,58,2.8,10.4,1.4,.9,1.4,2.3,5.6,6.4
22108,2012-12-13,4,1030.6,60,4.6,10.4,.7,.4,.6,1,3.9,5.3
22108,2012-12-14,7.5,1017.3,86,8.2,10.4,1.8,1.1,1.6,2.6,5.2,8
22108,2012-12-15,7,1018.7,74,7.5,10.4,1.8,1.1,1.2,2.1,5.3,8
22108,2012-12-16,4.9,1022.3,71,6.1,10.3,1.7,1,1.3,2.1,6.1,7.1
22108,2012-12-17,9.7,1022.3,67,4.4,10.2,2.9,1.8,3.5,5.6,6.1,8
22108,2012-12-18,11.4,1026.9,69,-.1,9.9,4.6,2.8,3.7,7.5,7.7,9.1
22108,2012-12-19,6,1028.9,65,0,9.7,2.2,1.3,2.3,3.7,6.6,8
22108,2012-12-20,6,1031,59,2,9.5,1.1,.7,1.1,1.8,3.8,5.3
22108,2012-12-21,7.3,1022,71,5.1,9.3,1.4,.9,1.5,2.5,4.1,5.3
22108,2012-12-22,10.6,1024.6,66,2.8,9.2,3.7,2.2,2.8,5.2,6.5,8
22108,2012-12-23,11.2,1029,73,-2,9,4.3,2.7,3.4,5.8,7.5,8
22108,2012-12-24,6,1028,73,-1.9,8.7,2.2,1.4,2.2,3.8,6.3,7.1
22108,2012-12-25,10.3,1031.3,67,-1.4,8.6,3.6,2.3,2.9,4.6,6.8,8
22108,2012-12-26,,,,,,,,2,3.5,,7.1
22108,2013-01-07,,,,,,,,.7,1.5,,4.6
22108,2013-01-08,5.6,1026.1,59,1.2,7.2,.9,.6,1,1.7,4.1,4.6
22108,2013-01-09,7.8,1027.9,67,-1.5,7.1,2.2,1.4,1.9,3,5.6,7.1
22108,2013-01-10,4.6,1031.3,59,-2.2,6.9,1.4,.9,1.2,2.1,5,5.8
22108,2013-01-11,3.6,1029.3,58,1,6.8,.6,.4,.5,.9,3.8,4.9
22108,2013-01-12,5,1025.6,67,4.6,6.8,1.9,1.2,1.8,3,5.6,7.1
22108,2013-01-13,6,1023.9,64,3.5,6.8,1.1,.7,.9,1.5,4,5.8
22108,2013-01-14,8.4,1022.3,60,3.4,6.6,2.1,1.3,2.2,3.9,5,7.1
22108,2013-01-15,2.7,1025.7,50,1.5,6.7,1.5,.9,1.7,2.9,6,7.1
22108,2013-01-16,7.1,1024.8,71,2.3,6.6,2,1.2,2.3,4.1,4.9,7.1
22108,2013-01-17,9.8,1029.8,62,-.6,6.4,3.9,2.4,2.8,4.6,7.8,8
22108,2013-01-18,5,1031,59,1.5,6.4,1.9,1.1,1.9,3.7,6.2,8
22108,2013-01-19,3.8,1029.5,59,4.5,6.3,1.5,.9,1.3,2.2,5.3,5.8
22108,2013-01-20,2.9,1030.2,66,4.5,6.3,.8,.5,.8,1.3,4.7,5.8
22108,2013-01-21,7.1,1019.5,89,5.2,6.3,1.4,.9,1.4,2.2,4.6,7.1
22108,2013-01-22,5.7,1021.7,78,4.3,6.3,2.3,1.4,1.7,2.8,6,7.1
22108,2013-01-23,4.8,1019.9,72,3.9,6.3,1.5,.9,1.2,2.5,5.3,6.4
22108,2013-01-24,8.9,1018.3,65,3.2,6.3,2.6,1.6,3.2,4.9,5.5,8
22108,2013-01-25,8,1023.4,62,-2.2,6.1,3.1,2,3,4.9,6.8,8
22108,2013-01-26,8.6,1024.6,63,-2.5,6.1,2.4,1.5,2,3.3,5.5,6.4
22108,2013-01-27,9.8,1026.6,60,-.3,6.1,3.5,2.1,2.9,5.2,6.8,8
22108,2013-01-28,4.5,1026.7,68,3.4,6.1,1.4,.9,1.6,2.3,4.7,6.4
22108,2013-01-29,5.8,1026.1,85,6.1,6.1,1.8,1.1,1.3,2.3,5.8,6.4
22108,2013-01-30,3.4,1029.3,85,6.2,6.2,.9,.6,.9,1.4,5.3,5.8
22108,2013-01-31,4.9,1028.2,78,6.8,6.2,.6,.4,.5,.7,3.2,4.9
22108,2013-02-01,7.9,1018,91,6.9,6.2,1.8,1.1,2,3.1,4.7,6.4
22108,2013-02-02,9.5,1029.2,62,1.4,6.1,3.9,2.3,3.2,5.5,7.4,8
22108,2013-02-03,5.9,1024.2,66,.8,6.1,1.4,.9,1.5,2.4,4.7,6.4
22108,2013-02-04,8.4,1021.1,76,2.5,6.1,1.9,1.2,2.1,3,4.8,7.1
22108,2013-02-05,4.6,1021.7,78,1,6,1.5,1,2.1,3.2,5.7,8
22108,2013-02-06,8.1,1020.5,72,1.9,5.9,2.2,1.4,1.7,3.1,5.5,6.4
22108,2013-02-07,12.2,1027.5,68,-5.1,5.5,4.8,3,3.9,5.9,7.9,9.1
22108,2013-02-08,7.7,1032.8,67,-6.5,5.1,3.5,2.1,3.7,6.4,7.5,8
22108,2013-02-09,2.7,1028.8,74,-2.1,5.1,1.2,.7,1,1.6,5.2,6.4
22108,2013-02-10,5.8,1027.7,65,.8,5,1.4,.8,1.4,2.3,4.7,5.3
22108,2013-02-11,5.9,1032,58,-2.6,5,1.8,1.1,1.7,2.7,5.8,6.4
22108,2013-02-12,3.9,1026.8,66,-.3,5,.9,.6,.9,1.6,4.4,5.8
22108,2013-02-13,3.1,1028.1,65,1.7,5,1.3,.8,1,1.7,5.3,5.8
22108,2013-02-14,2.6,1025,68,3.1,5.1,.6,.4,.5,1,4.7,5.8
22108,2013-02-15,8.1,1025.3,57,1.4,5,1.9,1.2,1.7,2.8,5,6.4
22108,2013-02-16,3.4,1028.2,58,.3,5.1,1.2,.8,1.2,2,5.1,5.3
22108,2013-02-17,4.4,1020.6,68,3.7,4.9,.8,.5,.9,1.4,3.6,4.9
22108,2013-02-18,10.2,1019.8,63,2.2,4.9,2.8,1.7,2.6,4.2,5.4,7.1
22108,2013-02-19,9.6,1026.8,48,-.3,4.9,2.9,1.8,2.7,4.7,5.9,7.1
22108,2013-02-20,3.9,1030.3,52,-1.2,4.6,1.5,.9,1.6,2.7,5.5,6.4
22108,2013-02-21,2.9,1030.4,70,1.9,4.4,.7,.4,.5,.9,3.9,4.9
22108,2013-02-22,6.4,1027.6,68,3.2,4.3,1.6,1,1.5,2.3,4.9,5.8
22108,2013-02-23,5,1030.5,51,1.9,4.3,1.6,1,1.3,2.4,5.3,5.8
22108,2013-02-24,2.5,1030.6,63,3.3,4.3,1,.6,1,1.7,5,5.8
22108,2013-02-25,2.8,1028.6,68,3.7,4.3,.3,.2,.2,.4,3.3,5.8
22108,2013-02-26,2.6,1020.7,79,4.8,4.3,.4,.3,.4,.6,4.4,8
22108,2013-02-27,4.3,1020.3,85,2.8,4.4,.9,.6,.7,1.2,4.4,5.3
22108,2013-02-28,4.3,1016,83,5.3,4.5,.7,.4,.8,1.2,3.8,7.1
22108,2013-03-01,11.7,1019.6,67,1.3,4.4,4.4,2.7,4,6.4,7,9.1
22108,2013-03-02,9.6,1028.5,65,.3,4.3,4,2.5,3.6,5.8,7.4,9.1
22108,2013-03-03,3.9,1024.5,60,2.3,4.4,1.4,.9,1.6,2.6,5.4,6.4
22108,2013-03-04,4.5,1022,80,4.4,4.5,1.3,.8,1,1.5,5,5.8
22108,2013-03-05,3.8,1025.6,70,4.2,4.5,1.1,.7,1.2,1.9,4.6,5.3
22108,2013-03-06,7.7,1019.4,87,6.1,4.5,1.7,1,1.4,2.6,4.5,5.3
22108,2013-03-07,5.2,1013,90,5,4.7,2.3,1.4,1.9,3.1,6.1,7.1
22108,2013-03-08,5,1009.7,89,5.4,4.7,1.9,1.1,1.9,2.9,5.3,6.4
22108,2013-03-09,7.6,1007.6,81,6.9,4.8,1.9,1.1,2.2,4.7,5.2,5.8
22108,2013-03-10,11.7,1022.7,59,1.3,4.6,4.7,3,4.6,7,7.7,9.1
22108,2013-03-11,4.7,1025.3,59,2.4,4.7,1.5,1,2,3.4,5.3,7.1
22108,2013-03-12,4,1015.2,83,5.9,4.7,.7,.4,.8,1.3,4,6.4
22108,2013-03-13,11.3,1016.3,75,3,4.7,4.3,2.6,4.2,6.7,6.9,9.1
22108,2013-03-14,6,1028,67,2.8,4.8,2.6,1.6,2.9,5.2,7.2,9.1
22108,2013-03-15,1.5,1026.6,65,3.8,5.1,.6,.4,.6,1.1,4.7,7.1
22108,2013-03-16,1.5,1024.8,83,5.1,5.3,.5,.3,.4,.7,3.9,4.6
22108,2013-03-17,3.2,1014,89,5.2,5.3,.5,.3,.5,.9,3.5,6.4
22108,2013-03-18,4.3,1005.9,90,5.4,5.2,.7,.5,.6,1,4.4,7.1
22108,2013-03-19,2.4,1012.4,90,4.2,5.2,1.5,.9,1.4,2.8,5.7,7.1
22108,2013-03-20,10.7,1015.3,72,2,4.9,3.9,2.3,3.6,6.5,6.9,9.1
22108,2013-03-21,4,1019.4,54,1.3,5.2,2.1,1.3,2.8,5,6.5,8
22108,2013-03-22,4.4,1014.6,75,4.3,4.8,1.5,.9,1.8,3.5,5,6.4
22108,2013-03-23,3.2,1016,58,3.3,5,1.6,1,2.1,3.7,5.8,7.1
22108,2013-03-24,5.8,1015.1,71,3.6,4.8,1.8,1.1,2.4,4.3,5,7.1
22108,2013-03-25,9.8,1020.1,59,2.4,4.6,3.5,2.1,2.4,4.8,6.8,8
22108,2013-03-26,3,1022.1,60,3.4,4.9,1.1,.7,1.5,2.5,5.2,6.4
22108,2013-03-27,1.3,1017.1,70,4.7,5.2,.4,.2,.3,.5,3.9,4.6
22108,2013-03-28,4.2,1017.8,81,5,4.8,1.1,.6,1.8,3,4.3,6.4
22108,2013-03-29,8,1022.5,58,4,4.7,2,1.2,1.6,2.9,5.5,6.4
22108,2013-03-30,6.4,1023,74,3.4,4.7,1.2,.7,1.2,2.3,3.9,4.9
22108,2013-03-31,4.3,1024.3,71,4.2,4.9,.6,.4,.5,.9,3.6,4.3
22108,2013-04-01,3.1,1019.7,82,5.8,5.2,.4,.3,.4,.7,3,4.9
22108,2013-04-02,7,1015.5,82,5.1,5,2.1,1.3,2.2,3.5,5.4,7.1
22108,2013-04-03,2.9,1017.6,86,5.5,5.2,1.3,.8,1.6,2.9,5.5,7.1
22108,2013-04-04,2,1017,87,6.2,5.9,.5,.3,.4,.8,4.1,4.6
22108,2013-04-05,2.4,1013.5,81,7.7,6.7,.3,.2,.3,.6,4.3,6.4
22108,2013-04-06,11.3,1003.8,80,4.9,5.4,3.7,2.3,4.4,8.1,6.2,9.1
22108,2013-04-07,10.3,1009.2,68,4.3,5.2,4.9,3,4.5,8.1,7.8,9.1
22108,2013-04-08,5.4,1014.1,84,5.9,5.3,1.5,.9,1.4,2.4,4.9,6.4
22108,2013-04-09,6.6,1017,67,6,5.3,2,1.2,1.9,3.3,5.9,7.1
22108,2013-04-10,5.8,1019.8,70,5.4,5.4,2.1,1.2,1.9,3.3,6,7.1
22108,2013-04-11,4.5,1018.7,79,5.9,5.6,1.6,1,1.2,2.2,5.3,6.4
22108,2013-04-12,3.5,1020.2,75,6,5.9,1,.6,.8,1.4,4.5,4.9
22108,2013-04-13,9,1011.8,80,7.5,5.6,2.4,1.5,2.9,4.7,5,7.1
22108,2013-04-14,7.1,1010.6,64,6.2,5.6,2.8,1.7,2.7,4.9,6.1,7.1
22108,2013-04-15,3.5,1010.5,67,5.9,5.6,.7,.5,.9,1.3,4.7,5.3
22108,2013-04-16,6.5,1004.1,90,7.7,5.7,2.3,1.4,2.1,3.5,5.4,7.1
22108,2013-04-17,3.5,1008.8,91,6.3,6.2,1.3,.8,1.2,1.9,6,7.1
22108,2013-04-18,7,1013.4,76,6.7,6.2,2,1.3,2.7,4.6,5.2,7.1
22108,2013-04-19,7.1,1018.1,69,6.4,5.9,2,1.3,2.2,3.8,6,7.1
22108,2013-04-20,5,1017.9,84,4.9,6,1.1,.7,1.3,2,4.7,6.4
22108,2013-04-21,3.9,1020.8,82,6.5,6.2,1.3,.8,1.1,2.2,5.6,6.4
22108,2013-04-22,2,1022.8,88,7.2,7,.8,.5,.7,1.2,4.7,5.3
22108,2013-04-23,4.1,1014.3,88,7.7,6.8,.6,.4,.6,.9,3.4,4.6
22108,2013-04-24,4.8,1011.8,93,6.4,6.9,.9,.6,.7,1.1,3.9,5.8
22108,2013-04-25,6.1,1010.4,90,7,6.9,1.2,.7,1,1.6,4.1,6.4
22108,2013-04-26,4.2,1012.9,80,8.2,7.1,1.3,.8,.9,1.7,4.9,5.8
22108,2013-04-27,4.2,1016.6,87,8.2,7,.9,.5,.8,1.5,4,4.9
22108,2013-04-28,6.9,1015.9,82,9.8,6.7,1.6,1,1.5,2.3,5.7,7.1
22108,2013-04-29,5.2,1013.2,93,7.5,6.7,1.9,1.2,1.6,2.5,6.2,7.1
22108,2013-04-30,4.7,1010.8,84,8.3,6.9,1.1,.7,.9,1.6,4.9,6.4
22108,2013-05-01,3.5,1011.5,87,8.1,7.7,1.2,.8,1.1,1.8,5,5.3
22108,2013-05-02,4,1013.9,90,8.5,7.9,.7,.5,.6,1,4.1,4.6
22108,2013-05-03,3.5,1016.7,89,8.7,7.8,.7,.5,1,1.5,3.8,4.6
22108,2013-05-04,2,1020.6,91,8.5,8.6,.6,.4,.6,.9,3.7,4.6
22108,2013-05-05,1.7,1022.4,95,6.5,8.7,.5,.3,.4,.8,3.5,4.9
22108,2013-05-06,1.7,1019.4,89,9.8,9.8,.3,.2,.3,.4,3.4,4.3
22108,2013-05-07,1.5,1020.5,84,11.5,11,.3,.2,.2,.4,3.4,5.3
22108,2013-05-08,1.8,1020,80,12.3,11.1,.3,.2,.2,.5,4.8,6.4
22108,2013-05-09,4.1,1012.9,88,12,10.1,.6,.4,1.1,1.8,4.4,6.4
22108,2013-05-10,4.8,1004.4,95,10.4,9.5,1.6,1,1.2,2.1,5.7,6.4
22108,2013-05-11,5.9,1004.8,96,10.3,9.2,1.2,.7,1,1.5,4.4,6.4
22108,2013-05-12,8.2,1005.1,91,11.4,9,2.2,1.4,1.9,2.9,5.2,5.8
22108,2013-05-13,5.7,1010.7,87,11.6,9.3,1.7,1,1.2,2,5.3,5.8
22108,2013-05-14,4.5,1011.9,87,12,9.8,1,.6,.8,1.2,4.6,4.9
22108,2013-05-15,2.6,1014,93,11,10.3,.7,.5,.6,.9,4.4,5.3
22108,2013-05-16,2.7,1015.9,84,12.8,11.4,.5,.3,.3,.6,4,6.4
22108,2013-05-17,3.3,1016.4,85,12.3,11.9,.6,.4,.5,.9,5.2,7.1
22108,2013-05-18,2.8,1009.3,91,11.7,11.9,.6,.4,.6,1.1,5.1,8
22108,2013-05-19,5.5,999.7,94,11.9,11.6,1,.7,.8,1.3,3.9,4.9
22108,2013-05-20,3.5,1004.7,95,11.8,12.2,.8,.5,.6,1.1,4.1,5.3
22108,2013-05-21,2.9,1008.2,91,11.4,13,.5,.3,.4,.6,3.8,7.1
22108,2013-05-22,3.5,1011.1,94,13.2,13.2,.8,.5,.7,1.1,4.2,6.4
22108,2013-05-23,1.9,1014,96,12.6,13.6,.5,.3,.4,.7,4,4.6
22108,2013-05-24,1.5,1015,96,13,14.3,.3,.2,.3,.5,4.7,7.1
22108,2013-05-25,1.7,1014.5,89,15.4,15.1,.3,.2,.2,.5,4.9,6.4
22108,2013-05-26,3.4,1015.6,87,16.5,15.3,.5,.3,.5,.9,4.5,6.4
22108,2013-05-27,8.8,1006.8,91,15.6,13.8,1.8,1.1,1.8,2.8,5.2,8
22108,2013-05-28,4.5,1004.9,96,14.2,12.6,1.6,1,1.5,2.4,6.3,8
22108,2013-05-29,3.3,1009.8,93,13.9,13.1,1,.6,.7,1.1,6.7,8
22108,2013-05-30,1.6,1013.3,89,14.9,14.5,.8,.5,.6,1.1,4.6,7.1
22108,2013-05-31,1.6,1010.8,88,15.2,15,.5,.3,.3,.6,4.4,5.8
22108,2013-06-01,2.7,1008.4,87,15.3,15,.4,.2,.3,.5,3.9,5.8
22108,2013-06-02,3.5,1008.4,94,14.1,15.2,.4,.3,.3,.5,2.9,5.3
22108,2013-06-03,3.2,1012.6,93,14.9,15.6,.5,.3,.4,.7,3,3.6
22108,2013-06-04,2.2,1016.8,88,16.7,16.8,.4,.3,.4,.7,4,4.9
22108,2013-06-05,1.5,1017.4,83,17.9,17.7,.4,.2,.3,.5,4.5,5.8
22108,2013-06-06,2.5,1015.3,84,18.1,18.3,.3,.2,.2,.4,4.6,6.4
22108,2013-06-07,2,1012.5,90,18.8,18.9,.3,.2,.2,.4,5,6.4
22108,2013-06-08,2.9,1009.1,86,18.8,18.7,.4,.2,.3,.6,5.3,9.1
22108,2013-06-09,2.9,1006.7,82,19.3,18.6,.8,.5,.6,1.1,8,10.7
22108,2013-06-10,2.1,1007,85,19.6,19.2,.7,.4,.4,.8,6.7,8
22108,2013-06-11,2.4,1006.5,88,18.6,19.2,.5,.3,.3,.6,6.3,8
22108,2013-06-12,2.1,1009.6,90,19,19.4,.5,.3,.5,.8,4.8,8
22108,2013-06-13,3.1,1013.7,89,17,19.2,.7,.4,.6,1,4.4,5.3
22108,2013-06-14,.9,1013.9,83,19.4,20.4,.3,.2,.3,.4,3.8,7.1
22108,2013-06-15,1.7,1012.7,84,20.4,21.2,.3,.2,.2,.4,4.8,7.1
22108,2013-06-16,2,1009.3,86,20.3,21.2,.3,.2,.3,.5,5.7,9.1
22108,2013-06-17,4.5,1002.7,92,20.8,21,.8,.5,.8,1.3,4.4,7.1
22108,2013-06-18,4.6,996.6,95,20.9,20.8,1.3,.8,1.2,2,4.5,4.9
22108,2013-06-19,1.2,1001.3,90,20.2,20.8,.7,.4,.6,1,5,6.4
22108,2013-06-20,1,1005.8,90,20.8,21.5,.8,.5,.6,1.1,6.1,7.1
22108,2013-06-21,,,,,,,,.6,1,,10.7
22108,2013-06-22,2.2,1007.2,84,22.5,22.5,.9,.5,.6,1,6.4,9.1
22108,2013-06-23,2.7,1007.7,81,21.4,22,.7,.4,.5,.9,6.4,9.1
22108,2013-06-24,2.1,1007.1,86,20.9,22.5,.6,.3,.5,.8,7.2,9.1
22108,2013-06-25,2.3,1006.3,84,20.6,22.3,.5,.3,.4,.7,6.9,8
22108,2013-06-26,3.4,1003.7,85,21.5,22.4,.7,.4,.6,1,7.4,9.1
22108,2013-06-27,3.2,1005.3,89,21.6,22.5,1,.6,.8,1.4,8,9.1
22108,2013-06-28,2.5,1006.9,87,21.7,22.9,.8,.5,.7,1.1,7.3,9.1
22108,2013-06-29,2.1,1010.9,84,21.4,22.3,.7,.4,.5,1,7.9,9.1
22108,2013-06-30,1.9,1011.2,76,22.5,23.2,.6,.4,.4,.8,7.1,8
22108,2013-07-01,4.1,1008.4,85,23.3,23.5,.8,.5,1,1.8,5.5,7.1
22108,2013-07-02,9.9,1001.1,91,23.3,22.4,3,1.8,2.4,4,5.9,7.1
22108,2013-07-03,3.7,1000.4,90,22.6,22.3,1.7,1,1.7,3,6.2,7.1
22108,2013-07-04,6.2,998.3,92,23.1,22.5,1.6,1,1.1,1.8,5.8,8
22108,2013-07-05,3.3,998.2,92,21.9,22.3,1.3,.8,1,1.5,6.7,8
22108,2013-07-06,2.5,,91,22.6,22.9,1.5,.9,1.4,2.4,7.4,8
22108,2013-07-07,6.6,1007.1,93,23,23,1.5,.9,1.4,2.3,6.3,8
22108,2013-07-08,9.1,1006.7,93,23.3,22.4,2.9,1.8,2.2,3.9,6.6,9.1
22108,2013-07-09,6.9,1007.4,94,23.1,22.7,2,1.2,1.8,2.9,6.4,8
22108,2013-07-10,8.9,1006.3,94,23.1,22.7,2.1,1.3,1.5,2.4,5,5.8
22108,2013-07-11,8.3,1007.7,93,23.5,22.8,2.1,1.4,1.5,2.6,5.6,6.4
22108,2013-07-12,7,1008.7,93,23.5,22.7,2.2,1.4,1.7,2.8,5.9,7.1
22108,2013-07-13,4.8,1010.8,95,23.7,23,1.2,.8,1.1,2,6.2,12.8
22108,2013-07-14,5.3,1012,93,24.3,23.4,1.8,1.1,1.4,2.1,10.5,12.8
22108,2013-07-15,9,1010.1,89,25,23.5,2.5,1.6,2.2,3.9,6.9,10.7
22108,2013-07-16,11.6,1007.1,87,24.7,23.2,4,2.5,3,4.9,7.6,9.1
22108,2013-07-17,7,1008.7,93,23.9,23.3,2.6,1.6,2.5,4.6,7.1,9.1
22108,2013-07-18,6.1,1009.8,93,24.1,23.5,1.6,1,1.3,2.2,6.1,7.1
22108,2013-07-19,8.1,1009,91,24.7,23.8,2.1,1.2,1.6,2.8,5.8,6.4
22108,2013-07-20,8.5,1007.8,90,25,24,2.4,1.5,1.7,2.8,6.3,7.1
22108,2013-07-21,6.4,1006.5,93,24.9,24.4,1.9,1.2,1.6,2.6,6.3,7.1
22108,2013-07-22,6.9,1008,92,25.2,24.4,1.8,1.1,1.4,2.4,6.1,7.1
22108,2013-07-23,8.2,1004.9,92,25.3,24.6,2.4,1.5,1.7,2.9,6.3,8
22108,2013-07-24,5.4,1001.8,86,25,25,2.4,1.5,1.9,3.2,6.6,8
22108,2013-07-25,3.9,1002.7,90,25.7,25.5,1.4,.9,1.1,2,5.6,7.1
22108,2013-07-26,2.5,1004.3,85,25.7,26,.7,.5,.6,.9,5.2,7.1
22108,2013-07-27,3.3,1005.4,88,25.5,25.9,.6,.4,.6,.8,6,7.1
22108,2013-07-28,6.8,1003.3,93,26.1,25.9,1.3,.8,1.1,2,4.8,7.1
22108,2013-07-29,3.5,1002.8,88,25.9,26.3,1.2,.7,.9,1.5,4.7,7.1
22108,2013-07-30,4.9,1001.8,89,25.7,26.4,1.1,.7,1.2,2,5.8,7.1
22108,2013-07-31,4.1,1002.3,84,26.1,26.7,1.6,1,1.3,2.3,5.3,6.4
22108,2013-08-01,2.9,1006.4,88,26.5,27.2,1,.7,.8,1.4,6.2,7.1
22108,2013-08-02,6.7,1010,90,27.3,27.3,1.6,1,1.1,1.9,5.4,7.1
22108,2013-08-03,6,1009.1,90,27.5,27.5,1.8,1.1,1.3,2.3,5.8,6.4
22108,2013-08-04,4,1005.2,90,27.8,27.7,1.5,.9,1.3,2,5.7,6.4
22108,2013-08-05,6.5,1003.6,86,27.8,27.7,1.8,1.1,1.4,2.5,5.2,6.4
22108,2013-08-06,6.9,1005.5,90,27.9,27.8,2,1.2,1.4,2.5,5.4,6.4
22108,2013-08-07,7.1,1006.6,91,28,28,1.7,1,1.3,2.4,4.9,7.1
22108,2013-08-08,7.2,1005,92,28.3,28.3,1.8,1.1,1.2,2,4.8,5.3
22108,2013-08-09,6.2,1004.9,90,29.1,28.7,1.6,1,1.2,2.6,4.7,5.8
22108,2013-08-10,4.1,1008.6,88,28,28.8,1.2,.7,.9,1.3,4.6,6.4
22108,2013-08-11,4.2,1010.8,86,28.6,29,1.1,.7,.8,1.5,5,5.8
22108,2013-08-12,4.8,1011,80,28.6,29.2,1.3,.8,1,1.8,5.4,5.8
22108,2013-08-13,4.7,1010.7,77,28.7,29.4,1.4,.9,1,1.9,5.6,6.4
22108,2013-08-14,4.8,1010.7,78,28.7,29.5,1.3,.8,.9,1.6,5.4,5.8
22108,2013-08-15,5.8,1009.5,82,29,29.5,1.6,1,1.1,2,5.5,6.4
22108,2013-08-16,6.8,1006.7,81,28.9,29.6,1.5,1,1.2,2,5,5.8
22108,2013-08-17,7.5,1005.2,79,29.1,29.4,2,1.2,1.4,2.5,5.4,5.8
22108,2013-08-18,6.1,1005.5,79,29.1,29.3,1.6,1,1.1,2,4.9,5.3
22108,2013-08-19,4.5,1007.1,75,27.6,29.3,1.1,.7,.8,1.4,4.6,5.3
22108,2013-08-20,3.8,1007.7,73,26.9,29.3,1,.6,.9,1.5,5.2,5.8
22108,2013-08-21,2,,,,,.7,.4,.6,1,5,5.8
22108,2013-08-22,2.8,1009.3,82,28.3,29.7,.8,.5,.7,1.3,8,10.7
22108,2013-08-23,4.3,1008.3,88,26.4,29.1,1.4,.9,1.2,1.8,8.6,10.7
22108,2013-08-24,4.2,1007,77,26.8,29,1.4,.8,1.1,1.9,7.8,9.1
22108,2013-08-25,4.5,1005.9,69,26.6,29,1.4,.9,1.2,1.9,6.9,8
22108,2013-08-26,3.7,1005.6,65,27.3,28.9,1,.6,.8,1.3,6,7.1
22108,2013-08-27,3.4,1008.4,75,27.1,28.7,.8,.5,.6,1,4.5,7.1
22108,2013-08-28,5.5,,73,27.1,28.8,1,.6,1.4,2.1,4,5.3
22108,2013-08-29,9.1,1000.4,83,27.4,28.3,3.7,2.3,3.1,5.3,7,8
22108,2013-08-30,5,1004.2,74,25.2,28,2.1,1.3,1.7,3.2,6.2,7.1
22108,2013-08-31,7.4,1007.7,69,23.8,27.6,2.7,1.6,1.9,3.3,6.7,8
22108,2013-09-01,6.5,1012.7,59,24.4,27.3,1.5,.9,1.6,2.9,4.8,6.4
22108,2013-09-02,6.4,1014.8,56,24.2,26.9,1.3,.8,1.1,2,4.3,5.3
22108,2013-09-03,8.9,1014.1,58,23.5,26.4,1.8,1.1,1.6,2.8,4.6,5.3
22108,2013-09-04,6.5,1013.2,62,22.7,25.9,1.5,.9,1.6,2.6,4.8,5.8
22108,2013-09-05,3.7,1016.4,67,23.3,25.7,.7,.4,.5,1,4.2,5.3
22108,2013-09-06,3.4,1018.3,70,21.9,25.5,.6,.4,.8,1.2,3.1,5.8
22108,2013-09-07,4,1018.2,72,21.9,25.4,.5,.3,.4,.8,3,5.8
22108,2013-09-08,2.6,1018.4,73,23.5,25.5,.4,.3,.3,.5,3,4.6
22108,2013-09-09,2.5,1015.9,78,23.8,25,.4,.2,.3,.5,3.5,5.8
22108,2013-09-10,5.6,1013.4,79,23.1,24.7,.8,.5,1.2,1.9,3.2,5.3
22108,2013-09-11,7,1013.4,81,23.5,24.1,2,1.2,1.9,3.4,5.3,6.4
22108,2013-09-12,1.7,1016.3,82,22.5,23,.6,.4,.6,.9,3.7,4.9
22108,2013-09-13,6.3,1011.3,89,24.3,23.9,1.6,1,1.6,2.5,4.7,5.8
22108,2013-09-14,4.9,1009.8,86,23.8,24.3,1.2,.7,1,1.9,4.5,5.3
22108,2013-09-15,5.4,1010.1,81,23.5,24.7,.9,.5,1,1.8,3.9,5.3
22108,2013-09-16,6.7,1013.6,53,22.4,24.4,1.9,1.2,1.9,3.3,5.2,5.8
22108,2013-09-17,2.8,1018.3,62,23.4,24.7,.4,.3,.4,.8,3.5,5.8
22108,2013-09-18,4.7,1019.9,69,24.1,24.6,.5,.3,.4,.7,2.7,3.6
22108,2013-09-19,3.7,1018.2,76,23.9,24.6,.5,.3,.5,.8,3.7,6.4
22108,2013-09-20,1.8,1016.4,77,23.6,24.8,.5,.3,.4,.7,5.2,7.1
22108,2013-09-21,3.2,1015.8,79,23.1,25,.6,.4,.5,.8,5.9,8
22108,2013-09-22,3.9,1016.4,80,23.6,24.2,.7,.4,.6,.9,10.9,12.8
22108,2013-09-23,4,1015.5,75,23.1,23.2,1,.6,.9,1.5,9.3,12.8
22108,2013-09-24,5.7,1012.8,82,22,23.4,1.6,1,1.5,2.8,6.4,10.7
22108,2013-09-25,10.6,1014.1,58,19.8,22.4,3.5,2.2,3,5,6.8,8
22108,2013-09-26,6.6,1018.4,48,19.3,20.8,2.3,1.4,2.6,4.1,6.1,7.1
22108,2013-09-27,2.2,1018.9,58,19.8,21.3,.7,.4,.5,.9,4.3,5.3
22108,2013-09-28,4.9,1015.4,69,19.7,21.2,.8,.5,.7,1.4,4.1,5.3
22108,2013-09-29,5,1015.1,90,19.3,21.3,.8,.5,.8,1.3,3.6,5.3
22108,2013-09-30,5.4,1017.2,85,20.5,21.8,.9,.5,.7,1.2,3.9,7.1
22108,2013-10-01,2,1016.2,86,21.3,21.9,.5,.3,.5,.8,4.1,6.4
22108,2013-10-02,9.1,1014.3,72,18.9,21.2,2.8,1.7,3.3,5.2,5.6,9.1
22108,2013-10-03,6.2,1019.2,51,18.3,20.5,2.1,1.3,2.5,3.8,5.9,8
22108,2013-10-04,4.1,1020.1,69,18.8,20.2,.7,.4,.6,1,3.9,5.8
22108,2013-10-05,4,1020.8,75,19.6,20.1,.6,.4,.5,.8,3,3.8
22108,2013-10-06,4.8,1021.6,82,20.5,19.8,.7,.4,.6,1,5.6,12.8
22108,2013-10-07,4.5,1019.1,85,21,20.9,.8,.5,.8,1.3,10.7,12.8
22108,2013-10-08,7.6,1013.2,87,20,20.4,1.4,.9,1.3,2.1,5.7,16
22108,2013-10-09,3.8,1014.7,82,19.3,20.8,1,.6,1,1.7,4.2,4.9
22108,2013-10-10,3.2,1014.2,83,20.4,21.1,.5,.3,.5,.8,5.3,8
22108,2013-10-11,8,1014.4,68,19.3,20.5,2.6,1.7,2.5,3.9,6.1,8
22108,2013-10-12,3.8,1020.8,50,19,20.3,1.5,1,1.9,2.8,5.9,7.1
22108,2013-10-13,2.4,,70,19.4,20.4,.5,.3,.4,.7,3.9,4.6
22108,2013-10-14,3.4,1019.3,75,20,20.5,.6,.4,.5,.7,7.8,12.8
22108,2013-10-15,10.7,1017.5,72,15.5,19.5,3.9,2.4,3.1,5.4,7.5,9.1
22108,2013-10-16,6.3,1022.8,61,13.8,19,2.1,1.3,2.1,4,6.8,8
22108,2013-10-17,2.8,1028.6,48,15.4,18.6,.8,.5,.7,1.2,4.5,5.8
22108,2013-10-18,,,,,,,,.4,.6,,5.8
22108,2013-10-19,,,,,,,,.5,.8,,6.4
22108,2013-10-20,4.4,1020.6,63,17.4,19.3,.5,.3,.6,1.1,3.3,5.8
22108,2013-10-21,5.4,1020,73,16.7,18.7,1,.6,.8,1.6,4.3,5.3
22108,2013-10-22,5.4,1022,66,17,18.9,.9,.5,.8,1.4,3.6,4.3
22108,2013-10-23,4.3,1020.4,70,17.2,18.8,.7,.4,.7,1.2,3.5,5.3
22108,2013-10-24,10.5,1018.6,66,15,18,2.6,1.6,2.8,4.7,5.3,7.1
22108,2013-10-25,11.6,1018.5,63,12.6,16.9,3.6,2.3,3.1,4.7,6.8,7.1
22108,2013-10-26,9.1,1018.6,62,12.8,16.6,3,1.9,2.3,4,6.9,7.1
22108,2013-10-27,3.1,1022.8,54,14.7,16.7,1.3,.8,1.6,2.2,5.4,7.1
22108,2013-10-28,2.9,1024.6,62,14.9,16.6,.6,.4,.5,.9,4.1,5.8
22108,2013-10-29,3.6,1024.3,71,14.9,17,.9,.6,1,1.5,4.7,5.3
22108,2013-10-30,6,1026,65,12.8,16.6,1.7,1.1,1.3,2.2,5.7,6.4
22108,2013-10-31,4,1026.4,69,13.8,16.4,.9,.6,.7,1.1,4.3,5.8
22108,2013-11-01,2.6,1025.5,68,15.3,16.4,.5,.3,.5,.8,3.6,4.3
22108,2013-11-02,4.2,1023.3,81,14,15.9,.6,.3,.7,1.1,3.3,7.1
22108,2013-11-03,3.7,1021.2,75,14.4,15.8,.6,.3,.5,1,8.2,10.7
22108,2013-11-04,7.3,1024.7,71,14.1,15.2,2,1.3,1.8,2.8,5.9,7.1
22108,2013-11-05,2.2,1026.3,73,14.4,15.5,.8,.5,1,1.8,5,6.4
22108,2013-11-06,3.6,1019.7,79,15.3,15.8,.5,.3,.5,.9,3.8,5.3
22108,2013-11-07,7,1020.3,62,13.7,15.4,1.9,1.2,1.6,2.6,5.6,7.1
22108,2013-11-08,3.6,1026.2,57,12.5,15.4,1,.6,1.3,2.1,5,6.4
22108,2013-11-09,6.5,1020,80,14.8,15.2,1.1,.7,1,1.6,3.9,5.3
22108,2013-11-10,,1021,,,,3.9,2.6,3.2,4.7,4.9,8
22108,2013-11-11,,1023.4,,,,3.5,2.2,2.6,4.2,4.5,8
22108,2013-11-12,,1022.7,,,,2.4,1.5,2.5,4.2,3.5,7.1
22108,2013-11-13,,1023.4,,,,1.3,.8,1.3,2.1,3,5.3
22108,2013-11-14,,1020.6,,,,.8,.5,.8,1.7,2.6,5.3
22108,2013-11-15,,1021.5,,,,1.4,.8,1.3,2.2,3.2,6.4
22108,2013-11-16,,1017.1,,,,1.2,.7,1.4,2.4,2.9,5.3
22108,2013-11-17,,1016.6,,,,3.8,2.4,3.1,5.2,4.5,8
22108,2013-11-18,,1017.3,,,,4.8,3.1,4,6,4.7,9.1
22108,2013-11-19,,1018.8,,,,4.3,2.8,3.9,5.8,5.6,8
22108,2013-11-20,,1022.1,,,,2.5,1.6,2,3.1,4.1,7.1
22108,2013-11-21,,,,,,,,1.7,2.7,,5.8
22108,2013-11-22,,,,,,,,1,1.6,,5.3
22108,2013-11-23,2.5,1024.3,67,10.8,11.3,.7,.5,.7,1,4.5,4.9
22108,2013-11-24,6.4,1012.5,85,11.1,11.4,1.8,1.1,2.6,4.3,4.9,7.1
22108,2013-11-25,11.8,1010.4,64,7.9,11.3,6.3,4,5.2,7.6,8.8,9.1
22108,2013-11-26,6.6,1018,54,7.2,11.2,3,1.9,3.3,5,6.9,8
22108,2013-11-27,9.1,1016.8,72,4.2,11.1,4.2,2.7,4.4,6.6,7.2,9.1
22108,2013-11-28,7.5,1021.1,76,1.8,10.8,4,2.5,3.6,6,7.8,9.1
22108,2013-11-29,6.6,1020.8,59,6.1,10.8,3,1.9,2.5,4.5,6.8,7.1
22108,2013-11-30,3.9,1020.9,64,9.9,10.8,1.6,1,1.2,1.9,5.8,6.4
22108,2013-12-01,5.1,1022.4,63,7.3,10.7,1.6,1,1.2,2,5.3,6.4
22108,2013-12-02,2.7,1022.3,52,8.1,10.7,1,.6,.8,1.3,5.2,6.4
22108,2013-12-03,3.6,1020.9,62,9.3,10.7,.9,.6,.8,1.2,4.9,6.4
22108,2013-12-04,3.1,1021.4,69,9.2,10.7,.7,.4,.6,1,3.6,4.3
22108,2013-12-05,4.5,1019.2,81,9.5,10.6,.8,.5,1.2,2,3.3,4.6
22108,2013-12-06,5,1021.2,49,6.5,10.5,1.7,1.1,1.5,2.7,5.7,6.4
22108,2013-12-07,4.8,1023.2,62,8.9,10.5,1,.6,.8,1.4,4.3,5.3
22108,2013-12-08,4,1022.4,66,9.4,10.5,.7,.4,.6,1,3.1,4
22108,2013-12-09,8.8,1011.6,77,7.9,10.4,2.4,1.5,3.7,6.3,4.8,8
22108,2013-12-10,8.8,1015.4,59,4.8,10.3,4.1,2.5,4,5.9,7.5,9.1
22108,2013-12-11,10.4,1015.2,63,3.9,10.2,4.6,2.8,4.1,6.7,7.2,9.1
22108,2013-12-12,9.1,1017.6,61,5.1,9.8,4.2,2.5,4.2,7.3,7.1,8
22108,2013-12-13,7,1023.6,65,1,9.6,3,1.9,2.9,4.8,6.9,8
22108,2013-12-14,6.8,1026.7,67,4.2,9.5,2.7,1.7,2.3,3.6,6.4,7.1
22108,2013-12-15,5,1031.7,59,3.2,9.4,1.3,.9,1.2,1.8,5,6.4
22108,2013-12-16,5,1029.7,60,3.2,9.2,1.1,.7,1,1.8,3.6,4.6
22108,2013-12-17,7.5,1026.1,58,4.9,9.1,1.6,1,1.4,2.1,4.1,5.3
22108,2013-12-18,8.4,1022.6,68,5.5,9,2.4,1.5,2.1,3.2,5.4,6.4
22108,2013-12-19,10.8,1022.1,69,.7,8.9,4.1,2.7,4.5,6.4,7.4,9.1
22108,2013-12-20,11,1022.7,71,2.7,8.7,5.2,3.4,5.2,7.8,8.3,9.1
22108,2013-12-21,7.1,,,,,3,1.9,2.4,4,7.4,8
22108,2013-12-22,4.6,1029.6,58,3.5,8.5,1.7,1.1,1.6,2.2,6.1,6.4
22108,2013-12-23,5.7,1028.4,62,3.8,8.5,1.5,.9,1.1,2,5,5.8
22108,2013-12-24,3.9,1030.4,59,3.9,8.4,1.4,.9,1.3,1.9,5,5.8
22108,2013-12-25,1.9,1027.5,61,4.7,8.3,.6,.4,.5,.9,4.8,5.8
22108,2013-12-26,7.7,1021.5,67,4,8.2,2.4,1.4,3.1,5.5,5.1,8
22108,2013-12-27,11.7,1022.8,64,.6,8,5.1,3.1,3.9,7.1,7.9,9.1
22108,2013-12-28,7.3,1022.5,62,1,7.8,2.3,1.4,1.7,3,5.9,7.1
22108,2013-12-29,7.3,1021.7,59,3.3,7.5,2.4,1.5,2.3,3.4,5.7,7.1
22108,2013-12-30,7.8,1017.3,56,6.8,7.3,3.2,1.9,2.2,3.8,6.7,7.1
22108,2013-12-31,6.8,1014,65,7.3,7.3,2.5,1.5,1.8,3.1,6.3,7.1
22108,2014-01-01,6.3,1016.5,65,7.3,7.4,2.8,1.7,2.3,3.9,6.4,7.1
22108,2014-01-02,,,,,,,,1,1.6,,5.8
22108,2014-01-03,,,,,,,,.3,.5,,4.6
22108,2014-01-04,,,,,,,,1.8,2.9,,7.1
22108,2014-01-05,,,,,,,,1.3,2,,5.8
22108,2014-01-06,,,,,,,,.3,.6,,2.9
22108,2014-01-07,,,,,,,,.3,.6,,6.4
22108,2014-01-08,,,,,,,,3.7,6.2,,8
22108,2014-01-09,,,,,,,,3.8,5.7,,8
22108,2014-01-10,,,,,,,,1.6,2.6,,7.1
22108,2014-01-11,,,,,,,,1,1.8,,5.8
22108,2014-01-12,,,,,,,,2.4,3.6,,7.1
22108,2014-01-13,,,,,,,,1.7,3.1,,7.1
22108,2014-01-14,,,,,,,,.7,1.2,,5.8
22108,2014-01-15,2.3,,,,,.6,.3,.4,.7,4,4.9
22108,2014-01-16,2.2,1029.7,57,4.2,6.2,.6,.4,.5,.8,4.1,5.3
22108,2014-01-17,2.3,1027.2,69,4.1,6.2,.5,.3,.4,.7,4.1,4.9
22108,2014-01-18,9.1,1028.8,62,2.3,6.1,3,1.7,2.6,4.9,5.7,7.1
22108,2014-01-19,4.1,1028.8,66,2.2,6.1,1.5,.9,1.9,3.1,5.7,7.1
22108,2014-01-20,9.3,1020.5,69,3.7,6,3.3,2.1,4.2,6.2,6.2,9.1
22108,2014-01-21,9.5,1025.9,71,-.8,5.9,4.4,2.7,4,6.8,8,9.1
22108,2014-01-22,2.3,1029.2,57,1.7,6,1.6,1,1.6,3,5.8,7.1
22108,2014-01-23,4.4,1026.6,67,3.8,5.9,1,.6,.9,1.5,4.3,5.3
22108,2014-01-24,5.9,1020.7,87,6.7,5.9,2.1,1.3,1.5,2.5,6.3,7.1
22108,2014-01-25,6.8,1017.5,86,5.6,5.9,2.4,1.5,3.4,5.3,6.9,8
22108,2014-01-26,7.7,1028.5,61,.9,5.9,3.4,2,3.3,6,6.9,9.1
22108,2014-01-27,4.3,1024.3,72,3.8,5.8,1.2,.7,1.3,2.2,4.4,5.3
22108,2014-01-28,6.8,1025.7,65,3.1,5.7,2.4,1.5,2.2,3.6,6.2,8
22108,2014-01-29,3.1,1022.1,71,3.7,5.7,.9,.5,1.1,1.9,4.5,7.1
22108,2014-01-30,4.8,1017.2,87,5.5,5.7,1,.6,1.4,2.1,4.3,5.3
22108,2014-01-31,3.4,1023.9,56,3.7,5.8,1.1,.7,1.5,2.3,4.9,6.4
22108,2014-02-01,3.3,1014.4,90,7,5.8,.7,.4,.8,1.2,3.8,6.4
22108,2014-02-02,4.5,1011.5,,5.7,5.9,1.1,.6,.8,1.4,5.2,6.4
22108,2014-02-03,11.5,1018.3,56,0,5.8,3.9,2.4,3,5.2,6.7,9.1
22108,2014-02-04,10.1,1026.2,56,-2.8,5.4,3.6,2.2,3.1,5.4,6.7,8
22108,2014-02-05,6.4,1028.7,53,-1.5,5.3,1.6,1,1.4,2.3,5.3,5.8
22108,2014-02-06,6.3,1026.2,54,.9,5.1,1.2,.8,1,1.6,4,4.6
22108,2014-02-07,4.5,1019.5,68,3.2,5.2,1.2,.7,1,1.7,4.7,5.8
22108,2014-02-08,5.7,1017.3,84,2.3,5.1,1.5,.9,2.1,4,4.9,6.4
22108,2014-02-09,8.4,1022.1,69,-.3,5.1,3.5,2.1,2.4,4.5,7.3,8
22108,2014-02-10,7.6,1025.5,75,.5,5.1,2.7,1.6,2.2,3.6,6.8,8
22108,2014-02-11,5.3,1025.9,64,2,5.1,1.3,.8,1.2,2.1,4.8,6.4
22108,2014-02-12,7.3,1028.3,72,2.2,4.9,1.4,.9,1.1,1.7,4.3,4.9
22108,2014-02-13,7.4,1030.1,72,2.8,4.8,1.6,1,1.2,2,4.6,5.3
22108,2014-02-14,4.2,1027.6,68,4.1,4.8,.9,.6,.8,1.4,4.4,5.8
22108,2014-02-15,2.8,1027.9,67,3.8,4.9,.4,.3,.4,.6,4.5,9.1
22108,2014-02-16,3.2,1028.4,69,4.3,5,.4,.3,.4,.6,3.6,7.1
22108,2014-02-17,7.7,1027.2,71,4,4.9,1.5,1,1.6,2.6,4.2,5.8
22108,2014-02-18,6.1,1026.2,72,4,4.9,1.8,1,1.5,2.8,5.7,7.1
22108,2014-02-19,4.2,1026.4,66,3.3,4.9,.8,.5,.8,1.4,3.9,5.8
22108,2014-02-20,5.4,1028.9,62,2.7,4.9,1.1,.7,1.3,1.9,4.3,5.3
22108,2014-02-21,4.6,1031.3,59,2.9,4.9,1.4,.8,1.5,2.6,5.1,5.8
22108,2014-02-22,2,1032.1,71,4.2,5.3,.4,.3,.4,.7,4.1,6.4
22108,2014-02-23,2.7,1031.7,78,4.4,5.1,.3,.2,.2,.4,3.1,5.8
22108,2014-02-24,2.4,1030.2,78,4.9,5.4,.2,.1,.2,.4,3.2,5.8
22108,2014-02-25,3.2,1029,90,4,5.2,.3,.2,.4,.6,2.5,4.6
22108,2014-02-26,3.3,1023.9,86,5.3,5.2,.4,.2,.4,.7,2.9,6.4
22108,2014-02-27,4.3,1021.9,88,5.2,5.2,.9,.5,1.7,2.9,6.6,8
22108,2014-02-28,4.6,1022.8,71,3.7,5.2,1.9,1.2,1.9,3.2,6.6,7.1
22108,2014-03-01,5.5,1020.2,73,4.5,5.2,1.3,.8,1.2,2.4,5.2,7.1
22108,2014-03-02,6.4,1022.9,68,4.6,5.2,1.8,1.1,1.6,2.8,5.4,6.4
22108,2014-03-03,2.6,1027.4,67,4.9,5.3,.6,.3,.6,1.2,4.6,8
22108,2014-03-04,2.6,1023.7,87,5.1,5.3,.4,.3,1,1.6,4.3,8
22108,2014-03-05,10.5,1026,50,2.6,5.2,3.2,2,2.9,4.7,6.4,8
22108,2014-03-06,5,1029,53,2.7,5.2,1.5,.9,1.7,3,5.1,6.4
22108,2014-03-07,5.3,1031.6,47,1.9,5.2,1.6,1,1.5,2.8,5.1,5.8
22108,2014-03-08,3.6,1026.1,65,4.5,5.2,.9,.6,.9,1.5,4,4.9
22108,2014-03-09,9,1023.5,62,3.6,5,2.4,1.5,2.4,4.1,5.3,7.1
22108,2014-03-10,4.8,1028.3,59,2.9,5.1,1.8,1.1,1.9,3.2,5.9,6.4
22108,2014-03-11,5.4,1026.3,82,5.2,5.1,1.1,.7,1,1.7,4.3,5.3
22108,2014-03-12,5.8,1017.2,91,5.4,5.1,1.6,.9,1.6,3.2,5.5,6.4
22108,2014-03-13,9.1,1014.7,78,4.4,5.1,3.2,1.9,2.2,3.7,6.7,8
22108,2014-03-14,4.9,1020.5,75,4.7,5.2,1.7,1.1,1.8,3,5.8,7.1
22108,2014-03-15,6.5,1019.6,89,6.3,5.2,1.6,.9,1.6,3,4.8,5.8
22108,2014-03-16,5.4,1020.5,93,6.8,5.3,1.9,1.2,1.5,2.7,5.8,7.1
22108,2014-03-17,7.5,1017.4,97,7.5,5.4,1.7,1,1.4,2.4,4.8,6.4
22108,2014-03-18,4.5,1017,93,5.6,5.5,1.7,1,1.3,2,5.9,7.1
22108,2014-03-19,1.9,1017.3,93,5.7,5.5,1,.6,.9,1.8,5.5,6.4
22108,2014-03-20,10.4,1016.7,73,5.6,5.5,3.6,2.2,4.2,7.9,6.2,9.1
22108,2014-03-21,6.7,1022.4,74,5.8,5.6,2.5,1.5,2.5,4.8,6.4,8
22108,2014-03-22,4.1,1024.1,92,6.5,5.8,1.1,.7,.8,1.6,4.7,5.8
22108,2014-03-23,3.7,1028.1,92,6.8,6,1,.6,.8,1.5,5,5.8
22108,2014-03-24,5,1022.6,87,7.6,6.2,.9,.6,.8,1.4,4.2,4.9
22108,2014-03-25,3,1014.9,97,7.6,6.3,1,.6,.8,1.3,5,5.8
22108,2014-03-26,4.4,1011.7,,6.9,6.5,.7,.5,.6,1,4.4,5.3
22108,2014-03-27,3.4,1017.9,98,5.8,6.6,.7,.5,.6,1,3.6,4.3
22108,2014-03-28,3.6,1016.7,89,8.6,6.9,.6,.3,.6,1,4.5,6.4
22108,2014-03-29,4.1,1008.2,96,8.9,7.1,1.1,.7,.8,1.3,5.6,7.1
22108,2014-03-30,6,1011.9,91,7.5,6.6,1.8,1.1,1.5,2.3,5.5,8
22108,2014-03-31,2,1017.6,89,7.9,6.9,.8,.5,.8,1.3,4.7,5.8
22108,2014-04-01,2.2,1016.8,83,8.3,7,.4,.2,.3,.5,3.2,4
22108,2014-04-02,1.3,1017.6,86,9.1,7.9,.3,.2,.3,.5,4.4,7.1
22108,2014-04-03,6.1,1015.6,83,7.6,7.1,1.6,.9,2.5,4.1,5.2,7.1
22108,2014-04-04,4,1015.2,71,6.3,6.5,1.9,1.2,2.1,3.4,6.1,6.4
22108,2014-04-05,7.4,1016.9,71,5.9,6.4,2.5,1.5,3.2,6.1,5.6,8
22108,2014-04-06,5.8,1022.3,75,6.8,6.6,2,1.2,2.2,3.7,5.7,7.1
22108,2014-04-07,3.7,1019.6,91,7.8,7.2,1.3,.8,.9,1.6,5.1,5.8
22108,2014-04-08,2.2,1018.9,90,8.2,8,.7,.4,.6,.9,4.6,5.3
22108,2014-04-09,2.1,1018.4,97,7.8,8.2,.5,.3,.4,.7,4.7,5.3
22108,2014-04-10,2.2,1020,90,7.8,8.3,.5,.3,.3,.6,3.4,4
22108,2014-04-11,1.5,1019.8,94,8.3,8.4,.4,.2,.3,.5,4.3,9.1
22108,2014-04-12,2.4,1017.6,92,9.9,9.1,.3,.2,.3,.5,4.8,8
22108,2014-04-13,2.5,1017.7,93,9.6,9.2,.4,.2,.3,.5,4.6,5.8
22108,2014-04-14,1.5,1021.3,97,8.4,9.7,.4,.3,.3,.6,4.9,8
22108,2014-04-15,3,1020.4,100,9.5,9.5,.5,.3,.4,.6,4.5,7.1
22108,2014-04-16,,,,,,,,.4,.7,,4
22108,2014-04-17,3.7,1013.1,86,10,9.6,.4,.2,.5,.8,3.6,6.4
22108,2014-04-18,4.2,1016.3,89,9.8,9.1,.8,.5,.7,1.1,3.6,4.3
22108,2014-04-19,2.2,1019.1,93,10.2,9.7,.5,.3,.3,.6,5.3,6.4
22108,2014-04-20,1.6,1018.3,81,11.2,10.5,.4,.2,.2,.5,5.6,7.1
22108,2014-04-21,2.1,1016.8,94,10.5,10.1,.4,.3,.4,.6,5.4,8
22108,2014-04-22,2.6,1016.9,87,11.3,10.2,.4,.3,.3,.6,4.4,8
22108,2014-04-23,3.1,1018.9,84,12,10.3,.4,.2,.3,.5,2.8,8
22108,2014-04-24,1.8,1022.1,92,11.8,11.6,.3,.2,.2,.4,3.7,5.3
22108,2014-04-25,1.6,1023.6,87,12.8,11.8,.2,.1,.3,.5,4,5.8
22108,2014-04-26,2.3,1022.8,82,13,11.4,.3,.2,.3,.5,6.4,7.1
22108,2014-04-27,6.2,1018.7,96,12,11.1,.9,.5,.9,1.4,3.9,7.1
22108,2014-04-28,8.3,1011,96,10.9,9.7,1.8,1,1.4,2.6,4.1,4.6
22108,2014-04-29,6.8,1009.7,90,10.5,8.9,1.2,.7,.9,1.5,4.1,7.1
22108,2014-04-30,3.7,1011.2,88,10.2,9.2,.7,.4,.6,1.1,4,8
22108,2014-05-01,,,,,,,,.3,.5,,4.6
22108,2014-05-02,6.2,1014.4,93,10.5,9.4,1.3,.8,1.8,2.8,3.9,7.1
22108,2014-05-03,3,1020.6,86,10,9.6,2.1,1.3,2.2,3.4,6.3,8
22108,2014-05-04,3.9,1016.5,86,10.2,9.4,.7,.5,.6,1.1,4.3,4.9
22108,2014-05-05,4.1,1019.2,80,10.2,9.5,1.6,1,1.2,2.2,5.8,7.1
22108,2014-05-06,4.5,1019.1,82,10.5,9.8,1.2,.8,.8,1.4,4.8,5.3
22108,2014-05-07,7.6,1012.6,81,11.8,9.6,2.2,1.4,2.1,3.4,5.5,7.1
22108,2014-05-08,5.6,1013,93,10.6,9.7,2.2,1.4,2,3.1,6.5,8
22108,2014-05-09,,,,,,,,.9,1.6,,5.8
22108,2014-05-10,,,,,,,,.2,.4,,6.4
22108,2014-05-11,7.3,1009.6,86,13.4,10.9,1.6,1,2.3,4.1,4.6,6.4
22108,2014-05-12,5.3,1007.6,93,12.3,10.7,2,1.2,1.9,2.8,6.4,8
22108,2014-05-13,4.5,1008.3,92,13,11.2,1.2,.7,1.1,1.7,4.5,5.3
22108,2014-05-14,2.5,1002.7,87,13.9,12.6,.7,.4,.6,.9,4,4.6
22108,2014-05-15,3.4,1003.1,90,13.4,12.6,.9,.6,.7,1.3,4,4.9
22108,2014-05-16,2.4,1009.4,91,14.1,13.1,.8,.5,.6,1.1,4.5,5.3
22108,2014-05-17,2.1,1012.9,94,14.7,13.9,.6,.4,.6,1.2,4.5,5.3
22108,2014-05-18,1.8,1014,97,13.6,14.7,.4,.2,.3,.5,4.8,8
22108,2014-05-19,1.6,1013.3,93,14.6,15.2,.4,.2,.3,.4,4.9,7.1
22108,2014-05-20,2.7,1007.2,87,15.3,15.5,.4,.2,.3,.5,5.6,8
22108,2014-05-21,2.9,1008.8,95,14.8,15.1,.7,.4,.7,1.1,3.9,6.4
22108,2014-05-22,3.8,1012.7,98,14.7,14.8,.6,.3,.4,.8,3.2,4.3
22108,2014-05-23,3.5,1018.3,98,15.7,15.4,.8,.5,.8,1.2,4.1,4.6
22108,2014-05-24,3.6,1017.2,97,15.8,15.3,.8,.5,.9,1.8,4.4,7.1
22108,2014-05-25,5.9,1008.3,93,16.2,15.2,1.9,1.2,1.7,3.1,5.7,7.1
22108,2014-05-26,5.2,1004.3,87,16.9,15.4,1.5,.9,1.3,2.2,5.3,7.1
22108,2014-05-27,7.7,1000.3,83,17.6,15.2,2.2,1.3,1.7,2.9,4.8,5.8
22108,2014-05-28,4.8,1001,92,16.7,15.9,2,1.2,1.5,2.7,5.6,6.4
22108,2014-05-29,4,1007.8,95,16.5,16.2,1,.6,1,1.5,4.7,5.3
22108,2014-05-30,4.2,1010.1,86,18.1,17.1,.7,.5,.6,.9,3.5,4.3
22108,2014-05-31,4,1012.8,93,18.5,17.7,.8,.5,.6,1,4,4.6
22108,2014-06-01,2.4,1012,90,18.5,17.9,.4,.2,.4,.6,3.9,6.4
22108,2014-06-02,4.9,1006.3,86,18.3,17.7,1.4,.9,2,3.6,6.5,8
22108,2014-06-03,5.6,1003.9,95,17.4,17.5,1.3,.8,1.3,2.1,6,8
22108,2014-06-04,3.8,1004.3,92,18.3,17.8,.7,.4,.5,.9,6.3,8
22108,2014-06-05,4.2,1004.5,86,18.4,17.9,.5,.3,.4,.6,4.4,8
22108,2014-06-06,2.3,1005.7,89,19,18.8,.3,.2,.3,.5,3.3,6.4
22108,2014-06-07,2.4,1005.8,95,18.9,19.1,.3,.2,.2,.3,3.9,5.8
22108,2014-06-08,3.1,,92,19.2,19.3,.5,.3,.4,.7,3,4.3
22108,2014-06-09,1.7,1010.4,98,17.8,19.4,.4,.2,.3,.6,4,8
22108,2014-06-10,2.7,1010,91,18.9,19.1,.3,.2,.3,.5,3.2,5.8
22108,2014-06-11,3.7,1006.9,89,19.1,19.5,.4,.2,.4,.7,3.3,7.1
22108,2014-06-12,4.8,1003.6,90,18.9,19.2,.9,.5,.7,1.2,4,4.3
22108,2014-06-13,2.7,1004.8,94,19.8,19.2,.8,.5,.6,.9,4,4.6
22108,2014-06-14,2,1008.1,94,20.3,19.8,.6,.4,.5,1,3.9,4.6
22108,2014-06-15,2.2,1008,94,20.2,20.7,.4,.3,.4,.6,3.8,7.1
22108,2014-06-16,2.9,1006.4,96,20.6,20.5,.5,.3,.6,1,3.7,6.4
22108,2014-06-17,2.9,1005.4,93,20.9,20.5,.9,.6,.8,1.2,4.8,7.1
22108,2014-06-18,2.8,1005.5,96,20.1,20.6,.7,.4,.5,.9,6,8
22108,2014-06-19,2.4,1007,94,21,21.1,.9,.5,.6,1.3,5.2,9.1
22108,2014-06-20,2.8,1008.1,95,20.3,21.5,.7,.4,.7,1.2,5.7,7.1
22108,2014-06-21,2.4,1007.8,91,21,21.7,.4,.2,.3,.5,5.6,6.4
22108,2014-06-22,3.2,1007.8,92,21.2,21.7,.5,.3,.4,.7,4.7,6.4
22108,2014-06-23,2,1007.1,91,21.8,22.1,.5,.3,.4,.7,4.5,6.4
22108,2014-06-24,1.5,1007.3,85,22.1,22.9,.7,.4,.5,.8,4.1,8
22108,2014-06-25,3.2,1008.9,88,22.4,22.9,.6,.3,.4,.7,4.3,6.4
22108,2014-06-26,2.5,1008.2,86,22.7,23.3,.5,.3,.4,.6,4.1,6.4
22108,2014-06-27,2.5,1006,86,22.6,23.9,.6,.3,.6,1.1,4.6,8
22108,2014-06-28,4.8,1004.3,85,23,23.6,1.2,.7,.9,1.6,4.4,5.3
22108,2014-06-29,2.1,1005.9,83,23,24.1,1.1,.6,.8,1.3,4.8,5.3
22108,2014-06-30,1.9,1009.2,81,24.1,24.8,.6,.4,.6,.9,4.1,4.6
22108,2014-07-01,3.9,1010.3,89,23.7,24.6,.7,.4,.7,1.2,3.9,5.8
22108,2014-07-02,3.9,1007.6,84,22.9,24.2,1,.6,.8,1.7,4.6,5.3
22108,2014-07-03,6.7,1000.9,95,20.6,23.1,1.1,.6,.9,1.5,3.8,6.4
22108,2014-07-04,3.7,1007,89,21.8,22.3,.6,.4,.7,1.1,4.3,7.1
22108,2014-07-05,1.8,1010.6,91,22.5,22.8,.4,.2,.4,.6,5.1,6.4
22108,2014-07-06,4.1,1006,89,21.7,22.9,.7,.4,.5,1,5.5,8
22108,2014-07-07,3.2,1006,85,22.7,24,.5,.3,.5,.8,5.1,6.4
22108,2014-07-08,3.1,1006.9,90,23.5,24.2,.6,.4,.5,.7,9.9,16
22108,2014-07-09,5.8,1001.2,93,23.7,23.5,1.1,.7,1.2,1.8,13.7,16
22108,2014-07-10,6.4,997.7,92,23.3,22.2,1.4,.8,1,1.7,5.2,12.8
22108,2014-07-11,3.4,1002.2,93,23.9,22.8,1.2,.8,.9,1.6,4.8,5.3
22108,2014-07-12,3.1,1004.3,93,23.5,23,1.1,.7,.9,1.4,5,6.4
22108,2014-07-13,4.2,,90,23.2,23,.9,.6,.7,1.2,4.2,4.9
22108,2014-07-14,3.6,1008.3,91,24.1,23.7,.9,.6,.7,1.1,4.7,6.4
22108,2014-07-15,4,1010.4,89,23.9,24.2,.9,.6,.7,1.3,4.4,6.4
22108,2014-07-16,4.7,1010.4,87,24,24.4,1.1,.7,.8,1.5,4.5,5.8
22108,2014-07-17,6.2,1011.2,92,23.9,24.1,1.3,.8,1,1.7,4.5,5.3
22108,2014-07-18,4.6,1011.8,98,24.5,24.4,1.4,.9,1.2,2.3,4.8,5.8
22108,2014-07-19,3.8,1012.8,96,24.7,25.1,.9,.6,.7,1.3,4.5,9.1
22108,2014-07-20,1.5,1011.6,86,25.7,26.1,.5,.3,.4,.7,5.1,8
22108,2014-07-21,4.2,1009.3,88,25.6,26.1,.6,.4,.6,1.1,3.6,5.8
22108,2014-07-22,7.7,1007.1,90,25.7,25.6,1.9,1.2,1.7,2.5,5,5.8
22108,2014-07-23,6.5,1006,94,25.8,25.6,1.7,1,1.4,2.4,5.1,5.8
22108,2014-07-24,3.7,1006.2,97,26.1,26.1,1.2,.8,1,1.6,9.4,12.8
22108,2014-07-25,10.4,1003,88,27,26.1,3.4,2.1,4.2,8,7.6,10.7
22108,2014-07-26,7.8,1009.1,88,23.2,23.2,4,2.5,4.9,7.4,7.6,9.1
22108,2014-07-27,2.6,1011.3,83,23.7,24.2,1.3,.8,1.3,1.9,6.1,8
22108,2014-07-28,3,1009.2,86,23.5,24.3,.7,.4,.9,1.5,5.7,7.1
22108,2014-07-29,4.5,1009.3,90,23.3,24.2,.8,.5,1,1.7,4.1,5.3
22108,2014-07-30,3.1,1010.4,94,25.3,24.7,.6,.4,.6,1,3.6,4.6
22108,2014-07-31,2.7,1009.6,90,26.3,25.9,.6,.3,.5,.8,4.3,6.4
22108,2014-08-01,4.6,1006.1,88,26.3,25.9,.7,.4,.6,.9,7.9,12.8
22108,2014-08-02,8.9,998.3,85,25.8,25.3,1.5,.9,1.6,2.6,5.2,12.8
22108,2014-08-03,7,994.1,95,24.5,24.6,1.7,1.1,1.5,2.7,5.5,10.7
22108,2014-08-04,3.9,999.8,97,24.5,24.8,1.1,.7,.9,1.4,6.7,9.1
22108,2014-08-05,3,1004.9,95,25.3,25.3,.9,.5,.6,1.1,5.6,8
22108,2014-08-06,3,1006.3,94,24,25.1,.8,.5,.7,1.2,4.2,7.1
22108,2014-08-07,4.2,1006.8,88,22.9,24.5,.7,.4,.6,1,6,16
22108,2014-08-08,5.3,1006.8,86,23.7,24.4,.9,.6,.8,1.4,3.4,4
22108,2014-08-09,6,1004.7,80,24.3,24.5,1,.6,.8,1.3,3.5,4.3
22108,2014-08-10,8.1,1001.3,84,22.9,23.7,1.7,1,1.8,2.7,4.4,5.8
22108,2014-08-11,3.8,1003.5,85,23.1,23.4,.9,.6,1.1,1.9,4.3,5.8
22108,2014-08-12,2,1005.4,93,24.5,24.9,.4,.3,.3,.6,3.6,7.1
22108,2014-08-13,3,1009,88,22.7,24.6,.4,.3,.3,.5,3.9,6.4
22108,2014-08-14,3.8,1009.3,87,21.9,24.1,.5,.3,.4,.7,2.9,5.8
22108,2014-08-15,4.6,1009.5,82,23,24.2,.5,.3,.4,.7,2.8,8
22108,2014-08-16,3,1011,85,23.8,24.5,.6,.3,.4,.8,7.4,9.1
22108,2014-08-17,5.3,1011.8,83,23.1,23.9,.7,.4,.7,1.2,4.4,8
22108,2014-08-18,5.1,1008.6,93,22.2,23.6,.9,.6,.7,1.2,4.1,8
22108,2014-08-19,2.1,1010.7,89,22.7,24,.8,.5,.6,1,6.7,8
22108,2014-08-20,1.1,1011.1,85,23.1,24.6,.5,.3,.4,.7,6.6,7.1
22108,2014-08-21,6.9,1008,91,23,23.9,1.2,.8,1.2,2.2,5.1,8
22108,2014-08-22,3.8,1011.5,90,24.4,24.5,1,.6,.6,1.1,5.6,7.1
22108,2014-08-23,2.6,1010.7,89,23.8,24.7,.7,.5,.6,.9,4.1,5.8
22108,2014-08-24,2.7,1008.7,89,23.8,24.3,.4,.2,.4,.6,4.1,7.1
22108,2014-08-25,4.8,1006.8,94,23.6,24.2,.7,.4,.6,1,4,7.1
22108,2014-08-26,4.8,1011.6,89,24.2,24.2,1.2,.7,.9,1.6,5.3,6.4
22108,2014-08-27,2.1,1015,90,23.5,24.7,.9,.5,.9,1.5,5,6.4
22108,2014-08-28,2.4,1016.5,88,23.6,25,.5,.3,.6,.9,3.7,7.1
22108,2014-08-29,2.6,1015.6,84,23.7,25.1,.4,.3,.4,.6,3.8,5.8
22108,2014-08-30,2.6,1014.9,82,23.5,24.9,.4,.2,.3,.6,4.4,7.1
22108,2014-08-31,2.3,1013.7,81,23.2,24.9,.4,.2,.3,.8,4.7,7.1
22108,2014-09-01,2.7,1014.1,77,23.7,25.1,.3,.2,.3,.5,4.1,7.1
22108,2014-09-02,6,1010.4,84,22.7,25,.8,.5,1.3,1.9,3.3,5.3
22108,2014-09-03,7.3,1003.2,87,23.2,24.4,1.9,1.2,1.9,2.9,5,5.8
22108,2014-09-04,3.1,1009.2,77,23.6,24.7,1,.6,1.1,1.9,4.8,5.8
22108,2014-09-05,2.1,1013,83,23.8,25,.8,.5,.6,1,4.6,9.1
22108,2014-09-06,3.8,1012.6,83,23.9,24.9,.5,.3,.4,.6,3.7,5.8
22108,2014-09-07,3.3,1009.7,84,23.8,24.9,.4,.3,.3,.7,3,4
22108,2014-09-08,4.1,1007.9,80,24.1,24.8,.6,.3,.5,.8,3.1,3.8
22108,2014-09-09,5,1009.1,68,23.2,24.4,.9,.6,.8,1.2,4.2,5.3
22108,2014-09-10,5.4,1011.5,67,22.7,23.5,1.2,.8,1,1.7,4.8,5.8
22108,2014-09-11,3,1013.4,76,22.7,23.6,.9,.6,.7,1.3,5,5.8
22108,2014-09-12,1.8,1013.7,78,22.8,23.8,.4,.3,.3,.6,4.4,5.8
22108,2014-09-13,2.6,1014.7,80,22.6,24.2,.4,.2,.3,.5,3.4,5.8
22108,2014-09-14,3.6,1015.5,82,22.8,24,.5,.3,.4,.7,3.7,7.1
22108,2014-09-15,4.6,1014.7,73,22.6,23.8,.8,.5,1.1,2.2,3.7,6.4
22108,2014-09-16,6.4,1016.3,55,21.7,23.2,1.7,1,1.5,2.4,5.6,12.8
22108,2014-09-17,6.2,1016.9,61,21.8,22.8,1.5,.9,1.2,2,5,10.7
22108,2014-09-18,5.2,1017.3,73,21.5,22.2,1.4,.9,1.3,2.1,5.6,6.4
22108,2014-09-19,2.4,1014.9,79,21.4,22.5,.5,.3,.5,.7,5.4,8
22108,2014-09-20,1.9,1014.5,69,21.6,22.9,.4,.2,.3,.4,3.9,6.4
22108,2014-09-21,1.5,1017.5,73,22,23,.5,.3,.5,.7,10.4,12.8
22108,2014-09-22,3.7,1018.4,76,21.9,22.9,.7,.4,.6,.9,10.1,10.7
22108,2014-09-23,4.3,1016.5,75,21.6,22.7,1.2,.7,1,1.8,10.6,12.8
22108,2014-09-24,9.5,1009.1,86,20.9,22.2,1.9,1.2,1.6,2.5,5.3,9.1
22108,2014-09-25,4.9,1014,80,21,22.2,1.8,1.1,1.5,2.6,5.7,6.4
22108,2014-09-26,2.2,1016.3,78,20.9,22.3,.7,.4,.7,1.3,4.9,5.8
22108,2014-09-27,3.9,1017.2,88,21.8,22.4,.7,.4,.6,1,3.9,5.8
22108,2014-09-28,2.4,1016,89,21.8,22.6,.5,.3,.4,.6,3.6,4.3
22108,2014-09-29,4,1014,83,20.5,22.3,.6,.4,.6,1,3.5,4.3
22108,2014-09-30,6.4,1017.1,82,18.9,22.1,2.3,1.4,2.5,3.8,6.9,9.1
22108,2014-10-01,2.6,1017.3,76,19.8,22,1.1,.7,1.2,1.9,5.4,6.4
22108,2014-10-02,5.5,1010.9,79,20.2,21.7,1.1,.7,1.6,2.5,4.4,5.8
22108,2014-10-03,8.3,1013.9,73,17.4,21,3.2,2,2.4,4.2,7.1,8
22108,2014-10-04,4.6,1018.7,68,19,21,1.3,.8,1.5,2.7,5.3,7.1
22108,2014-10-05,7.9,1018.2,65,18.4,20.9,1.5,.9,1.6,2.6,4.1,5.3
22108,2014-10-06,5.5,1019.1,65,18.2,20.7,1.6,1,1.5,2.4,5.6,6.4
22108,2014-10-07,3.3,1022.5,63,18.7,20.7,1.1,.6,1,1.9,5.1,6.4
22108,2014-10-08,3.3,1022.3,64,18.3,20.5,.5,.3,.4,.6,3.4,6.4
22108,2014-10-09,3.9,1020.9,71,19.5,20.5,.5,.3,.5,.9,3.1,6.4
22108,2014-10-10,4.4,1020.4,76,20.3,20,.7,.5,.7,1,3.6,4.3
22108,2014-10-11,4.8,1021.6,76,19.6,19.9,1,.6,.9,1.5,3.6,4.6
22108,2014-10-12,5.7,1017.3,77,19.6,19.9,1.1,.7,1.6,2.8,4.3,10.7
22108,2014-10-13,9.1,1011.9,72,19.1,19.4,3.2,2,2.6,5,7,9.1
22108,2014-10-14,5.7,1018.1,60,15.5,18.5,1.5,.9,1.3,2.2,6.2,7.1
22108,2014-10-15,2.3,1018.7,51,16.2,18.6,.8,.5,.7,1.2,4.6,5.8
22108,2014-10-16,9.1,1020.5,62,16.6,18.3,3,1.9,2.9,4.7,6.1,8
22108,2014-10-17,3,1023.6,50,16.7,18.1,1.1,.6,1.4,2.7,4.9,6.4
22108,2014-10-18,2.4,1024.1,67,16.6,18.3,1.2,.7,.8,1.6,5.2,5.8
22108,2014-10-19,3.9,1022,75,18,18.3,.7,.4,.6,.9,4,5.8
22108,2014-10-20,4.9,1016.2,96,18.7,18.5,1.5,1,1.5,2.5,4.8,5.3
22108,2014-10-21,9.2,1014.6,91,16.7,18.1,2.2,1.4,2.6,4.6,4.9,6.4
22108,2014-10-22,7,1019.7,74,15.6,18,1.6,1,2,3,4.7,6.4
22108,2014-10-23,2.6,1021.2,75,16.5,18.2,.6,.4,.5,.8,4.7,6.4
22108,2014-10-24,4.5,1020.3,80,17.7,18.1,1,.6,.9,1.6,4.4,5.8
22108,2014-10-25,4.7,1020.3,87,18,18,1.4,.9,1,1.9,5.5,5.8
22108,2014-10-26,5.8,1019.2,78,17.7,18.1,1.4,.9,2.5,4.3,5.1,6.4
22108,2014-10-27,9.2,1024.3,53,13.6,17.6,3.4,2.1,2.7,4.4,6.8,8
22108,2014-10-28,3.5,1026.4,53,14,17.4,1.3,.8,1.5,2.4,5.6,7.1
22108,2014-10-29,1.9,1026.5,59,15.3,17.4,.4,.3,.4,.7,4.3,6.4
22108,2014-10-30,3.5,1024.4,67,16.7,17.3,.4,.3,.4,.6,3.7,8
22108,2014-10-31,7.5,1017.3,84,14.7,17.1,1.5,.9,1.4,2.6,4.1,5.3
22108,2014-11-01,5.7,1014.2,80,16.3,17.2,1.2,.7,1,1.8,4.4,6.4
22108,2014-11-02,10.4,1014.5,61,14.1,17,3.5,2.2,3.5,5.3,6.6,8
22108,2014-11-03,7.6,1020.4,47,12.9,16.8,3.2,1.9,3.6,5.8,7,8
22108,2014-11-04,1.5,1022.4,54,14.5,17.1,1.1,.7,1,1.6,5.3,5.8
22108,2014-11-05,2.1,1021.3,62,14.9,16.8,.7,.4,.6,1,4.9,5.8
22108,2014-11-06,5.7,1021.5,70,15.5,16.7,1.4,.9,2.1,3.4,4.9,7.1
22108,2014-11-07,5.3,1026.2,63,12,16.6,2,1.2,1.7,2.6,6,7.1
22108,2014-11-08,4.6,1025.3,68,13,16.6,1.3,.8,1,1.6,5.1,6.4
22108,2014-11-09,7,1024.8,61,13.2,16.5,1.8,1.1,1.5,2.6,5.1,5.8
22108,2014-11-10,4.3,1023.1,61,13,16.5,1,.6,.8,1.3,4.6,5.3
22108,2014-11-11,3.3,1017.6,65,13.2,16.4,.6,.4,.6,1,4.2,6.4
22108,2014-11-12,11.9,1016.4,62,10.3,16.3,4.6,2.8,4.3,7.2,6.9,9.1
22108,2014-11-13,9.5,1024.5,62,6.6,16,4.3,2.6,4.1,6.3,7.5,9.1
22108,2014-11-14,5.3,1025.8,56,10.3,15.8,1.6,1,1.4,2.2,5.3,6.4
22108,2014-11-15,4.1,1030,53,9.9,15.6,1.3,.8,1.4,2.2,5.1,6.4
22108,2014-11-16,2.7,1026.2,56,10.1,15.5,.5,.3,.6,.9,3.8,5.3
22108,2014-11-17,7.6,1025.7,60,10.6,15.4,2,1.2,2,3.3,5.1,6.4
22108,2014-11-18,7.2,1029,54,10,15.3,2.1,1.3,1.8,2.7,5.9,6.4
22108,2014-11-19,3.2,1028,58,10.8,15.1,.9,.6,1.1,1.8,4.2,5.8
22108,2014-11-20,3.7,1025.2,64,11.9,15,.6,.4,.5,.8,3.4,4.9
22108,2014-11-21,4.9,1023.2,73,13.3,15,1.2,.8,1,1.7,5.1,5.8
22108,2014-11-22,3.8,1024.7,80,13.5,15,.8,.5,.9,1.3,4.6,5.3
22108,2014-11-23,4.4,1025.2,73,12,14.9,.7,.4,.6,1.2,3.8,4.6
22108,2014-11-24,6.8,1020.1,71,11.7,14.8,1.1,.7,1.4,2.1,3.7,4.6
22108,2014-11-25,6.8,1016.7,71,13,14.7,1.7,1,1.4,2.6,5.1,5.8
22108,2014-11-26,5,1018,79,13.2,14.7,1.1,.7,.8,1.4,4,4.6
22108,2014-11-27,2.6,1022.8,66,12.8,14.7,.5,.3,.5,.9,3.9,7.1
22108,2014-11-28,8.7,1014.5,84,13.2,14.6,2.2,1.4,2.5,4.1,5,7.1
22108,2014-11-29,5.4,1020.6,72,12.1,14.5,1.7,1,1.7,3,5.2,6.4
22108,2014-11-30,7.1,1012.9,85,11.8,14.5,1.3,.8,1.6,2.7,3.9,5.3
22108,2014-12-01,15,1017.7,70,4.7,14.3,7.1,4.6,5.8,10.7,8.5,10.7
22108,2014-12-02,10,1023.3,69,2.2,13.8,4.5,2.8,4.3,7.9,7.9,9.1
22108,2014-12-03,10.6,1020.7,67,5.3,13.5,3.8,2.3,2.8,4.7,6.8,8
22108,2014-12-04,,,,,,,,3.5,5.3,,8
22108,2014-12-05,,,,,,,,2.8,4.9,,8
22108,2014-12-06,,,,,,,,2.6,4.3,,7.1
22108,2014-12-07,,,,,,,,1.6,2.6,,6.4
22108,2014-12-08,,1029.8,75,4.4,12.4,,,1.8,2.8,,6.4
22108,2014-12-09,5.1,1035.3,61,3.6,12.2,1.5,.9,1.6,3.1,5.2,6.4
22108,2014-12-10,,,,,,,,1.1,1.6,,4.6
22108,2014-12-11,9.7,1024.3,67,4.5,12,3.6,2.3,2.8,4.9,7,8
22108,2014-12-12,9.8,1023.8,70,3.5,11.9,3.5,2.1,3.7,5.8,6.7,8
22108,2014-12-13,9.1,1027,78,1.7,11.6,3.6,2.3,3.1,5.8,7.2,8
22108,2014-12-14,5.5,1029.5,58,4.1,11.4,1.8,1.1,1.7,2.7,5.6,6.4
22108,2014-12-15,7.5,1023.8,67,8.8,11.3,2.1,1.3,2,3.9,5,5.8
22108,2014-12-16,13.6,1021.1,70,1.9,11.1,5.5,3.5,4.3,7.4,7.9,9.1
22108,2014-12-17,,,,,,,,4.6,7.8,,9.1
22108,2014-12-18,,,,,,,,1.8,3.5,,7.1
22108,2014-12-19,5.6,1027.6,70,4.9,9.6,1.2,.8,1.8,2.8,4.3,6.4
22108,2014-12-20,10.2,1023.1,62,3.9,9.6,3.7,2.4,3.3,5.5,7.1,8
22108,2014-12-21,8.3,1023.5,69,.7,9.5,3.1,1.9,3.2,5.4,6.6,8
22108,2014-12-22,,,,,,,,2.7,4.2,,8
22108,2014-12-23,4.4,1025.6,63,7.3,9.3,1.5,.9,1.5,2.5,5.4,6.4
22108,2014-12-24,8.1,1023.5,71,6.4,9.2,2.4,1.5,2.6,4.3,5.6,8
22108,2014-12-25,8.9,1029,60,3.3,9.1,3,1.8,2.3,4.4,6.5,7.1
22108,2014-12-26,6.8,1031.1,56,2.2,8.9,2,1.2,1.9,2.9,5.6,6.4
22108,2014-12-27,3.4,1030.5,59,3.5,8.9,.8,.5,.8,1.3,4.2,5.3
22108,2014-12-28,3.2,1022.3,67,5.9,8.8,.6,.4,.6,1.2,3.7,5.3
22108,2014-12-29,5.1,1015.8,68,7.1,8.8,1.2,.8,.9,1.6,4.6,5.3
22108,2014-12-30,5.5,1018.1,64,7.3,8.8,1.9,1.2,1.7,2.7,5.5,6.4
22108,2014-12-31,10.9,1019.2,68,2.8,8.7,3.3,2.1,4.5,6.1,5.9,8
22108,2015-01-01,11.8,1025.7,78,-1.1,8.4,5.5,3.4,4.3,6.9,8.3,9.1
22108,2015-01-02,7.7,1026.6,80,.2,8.1,3.2,2,2.4,4.2,6.6,7.1
22108,2015-01-03,,,,,,,,1.9,3,,7.1
22108,2015-01-04,3.4,1018.3,80,7.3,8,1.5,.9,1.2,2,5.1,5.8
22108,2015-01-05,4.5,1016.3,87,6.5,8,1,.6,.7,1.1,4.9,5.8
22108,2015-01-06,11.8,1019.1,69,1.4,7.9,4.6,2.8,4.1,8.6,7.5,9.1
22108,2015-01-07,10.1,1024,64,.5,7.7,3.7,2.3,2.6,4.4,7.3,8
22108,2015-01-08,8.2,1027.1,69,2.2,7.4,2.8,1.8,2,3.9,6.6,7.1
22108,2015-01-09,7.5,1026.2,63,4.9,7.2,2,1.3,1.6,2.7,5.3,6.4
22108,2015-01-10,5.4,1024.9,62,5,7,1.5,.9,1.3,2.4,5,5.8
22108,2015-01-11,9.7,1025.7,65,4.1,7,3.6,2.1,2.8,4.7,6.5,8
22108,2015-01-12,5.6,1035.2,61,.6,6.8,2.3,1.4,2.2,3.5,6.7,7.1
22108,2015-01-13,1.9,1034,62,3.3,6.8,.6,.4,.6,1.1,4.7,5.8
22108,2015-01-14,4.4,1027.1,66,5.2,6.8,.6,.4,.7,1.1,3.2,6.4
22108,2015-01-15,6.5,1023.7,71,5.3,6.8,1.6,1,1.4,2.3,4.9,5.8
22108,2015-01-16,,1022.4,76,4.3,6.7,,,2.4,3.9,,7.1
22108,2015-01-17,,,,,,,,2.9,4.8,,8
22108,2015-01-18,6.7,1023.3,65,4.4,6.4,2.1,1.3,3.6,5,5.6,8
22108,2015-01-19,8.5,1024.6,62,4.1,6.1,3.8,2.4,4,5.5,7.2,8
22108,2015-01-20,,1027.6,71,1.8,6.2,,,1.5,2.5,,6.4
22108,2015-01-21,3.5,1022.3,77,5.1,6.2,.5,.3,.4,.8,2.9,4.9
22108,2015-01-22,,,,,,,,1.6,2.9,,6.4
22108,2015-01-23,3.5,1023.2,65,4.1,6.4,1.3,.8,1.2,2,5.5,6.4
22108,2015-01-24,3.1,1026.3,69,5.9,6.4,.8,.5,.7,1.1,4.4,4.9
22108,2015-01-25,6,1022.4,87,6.6,6.4,1.2,.8,1.2,2,4.4,7.1
22108,2015-01-26,7,1021.3,88,4.9,6.4,2,1.3,1.9,3.4,5.4,7.1
22108,2015-01-27,10.4,1026.7,72,-.1,6.2,4.2,2.6,3.4,5.3,7.5,9.1
22108,2015-01-28,7.3,1029.8,69,-1,6.2,2.8,1.7,2.5,4,6.7,8
22108,2015-01-29,,1027.4,65,1.8,6.2,,,.9,1.4,,6.4
22108,2015-01-30,8.2,1027.5,69,1,6.1,2.5,1.5,2.5,4.4,5.3,7.1
22108,2015-01-31,,1033.1,63,-.8,5.9,,,2.6,4.1,,8
22108,2015-02-01,5.1,1033.9,62,1,5.8,1.5,.9,1.7,2.6,5.3,6.4
22108,2015-02-02,4.5,1032.5,57,2.4,5.7,.9,.6,.8,1.6,3.9,4.9
22108,2015-02-03,,1030.1,68,3.5,5.7,,,.4,.7,,4.3
22108,2015-02-04,5.4,1024.7,70,3.5,5.7,1.5,.9,1.5,2.6,4.9,5.8
22108,2015-02-05,8.5,1025.3,67,2.6,5.7,3.1,2,2.4,3.9,6.8,8
22108,2015-02-06,3,1026.7,60,3.1,5.7,1.6,1,1.8,2.7,6.1,7.1
22108,2015-02-07,3.7,1022.5,64,3.9,5.8,1.2,.8,2.4,3.5,5.4,7.1
22108,2015-02-08,12.8,1029.3,69,-3.8,5.7,5.3,3.4,4.5,7.3,8,9.1
22108,2015-02-09,8.4,1029.3,55,-.3,5.5,3.3,1.9,2.5,4.3,6.7,8
22108,2015-02-10,7.3,1019.7,69,5.4,5.2,3.1,1.9,2.3,4.6,6.8,7.1
22108,2015-02-11,3.9,1014.3,81,4.5,5.3,2.2,1.3,2,3.2,6.2,7.1
22108,2015-02-12,9.2,1017,53,1.4,5.1,2.7,1.6,2.1,3.7,5.8,7.1
22108,2015-02-13,4.7,1021.5,54,2,5,1.4,.9,1.6,2.9,5.2,7.1
22108,2015-02-14,5.2,1021.5,85,5.4,4.9,1.3,.8,1.2,2.2,4.3,5.8
22108,2015-02-15,5.3,1019,89,6.1,5,1.2,.8,.9,1.4,5.5,6.4
22108,2015-02-16,4.9,1014.6,96,5.4,5.1,1.1,.6,1.3,2.5,5.2,5.8
22108,2015-02-17,,,,,,,,2.4,5,,8
22108,2015-02-18,9.3,1023.2,69,3,4.9,3.4,2.1,2.7,4.5,6.8,8
22108,2015-02-19,3.9,1027.9,64,2.5,5.1,2.3,1.4,2.4,3.8,7.1,8
22108,2015-02-20,3.7,1025.8,81,4.7,5.1,.6,.4,.5,.8,4.2,6.4
22108,2015-02-21,,1017.2,92,5.7,5.2,,,1.2,2,,5.8
22108,2015-02-22,,,,,,,,2.1,4.1,,8
22108,2015-02-23,4.2,1021.7,61,3,5.3,1.8,1.1,2,3.2,6.4,8
22108,2015-02-24,3.3,1020.2,59,3.9,5.2,1,.6,.9,1.3,4.8,5.3
22108,2015-02-25,,1019.1,75,4.7,5.2,.6,.4,.5,1,3.7,4.9
22108,2015-02-26,9.2,1022.1,67,2.7,5.1,2.7,1.7,2.7,4,5.8,7.1
22108,2015-02-27,8.4,1028.9,56,.1,4.8,3.1,1.9,2.6,4.7,6.9,8
22108,2015-02-28,4.1,1026.6,58,3.5,4.7,.9,.6,1,1.6,4.7,6.4
22108,2015-03-01,,,,,,,,1.6,2.5,,7.1
22108,2015-03-02,4.7,1020,68,5,4.7,1.6,1,1.3,2.1,5.5,6.4
22108,2015-03-03,6.9,1014.4,78,4.3,4.8,2.3,1.4,4,6.8,5.6,8
22108,2015-03-04,,,,,,,,4.6,6.8,,9.1
22108,2015-03-05,6.2,1027.6,52,1.3,4.9,1.9,1.1,2.1,3.6,5.8,7.1
22108,2015-03-06,3.2,1024.9,57,2.6,4.9,.6,.4,.6,1,4,5.3
22108,2015-03-07,3.2,1025,65,3.4,4.8,.4,.2,.3,.5,3,5.8
22108,2015-03-08,2.7,1023.3,81,4.7,5,.4,.2,.4,.9,3.6,10.7
22108,2015-03-09,10.2,1024.3,71,1.7,4.7,3.5,2.2,4.3,7.5,6.1,9.1
22108,2015-03-10,11.1,1028.3,54,-.2,4.5,4.8,3,3.9,7.6,7.8,9.1
22108,2015-03-11,7.9,1023.1,58,3.6,4.4,3.2,1.9,2.3,4.5,6.6,7.1
22108,2015-03-12,5.6,1020.9,57,4,4.3,2.1,1.3,1.8,3.2,5.6,6.4
22108,2015-03-13,4.3,1020.4,82,4.8,4.5,1.6,1,1.4,2.1,6,7.1
22108,2015-03-14,2.8,1024.8,63,4.2,4.8,.9,.6,.7,1.2,4.8,5.8
22108,2015-03-15,2.1,1023.2,84,4.5,4.9,.4,.3,.4,.7,3.7,4.9
22108,2015-03-16,1.7,1021,85,6,5.7,.3,.2,.2,.6,4,5.8
22108,2015-03-17,2.8,1017.7,85,6.7,5.7,.3,.2,.3,.5,5.6,7.1
22108,2015-03-18,,1010.2,94,6.6,5.1,,,.8,1.3,,4
22108,2015-03-19,,,,,,,,.5,.9,,8
22108,2015-03-20,,1018.8,89,6.6,5.9,,,.5,.8,,7.1
22108,2015-03-21,2.6,1017,94,6.8,6,.3,.2,.4,.6,6,9.1
22108,2015-03-22,7.5,1023,71,5.3,5.1,2.3,1.4,2.8,4.2,5.4,8
22108,2015-03-23,6.5,1028.7,65,4.9,5,2,1.2,2.1,3.8,5.5,7.1
22108,2015-03-24,5.4,1033,60,4.4,5.1,1.5,.9,1.2,2.4,5.3,5.8
22108,2015-03-25,1.7,1035.7,74,5.3,5.9,.6,.4,.6,.9,4.4,9.1
22108,2015-03-26,2.1,1034.4,87,5.8,5.9,.3,.2,.2,.4,4.5,7.1
22108,2015-03-27,1.6,1027.7,91,6.2,6.4,.3,.2,.3,.4,4.1,5.8
22108,2015-03-28,2.8,1019.2,86,6.9,6.7,.5,.3,.5,.8,6.2,9.1
22108,2015-03-29,2,1018.4,96,7.3,7,.8,.5,.6,1.2,5.6,8
22108,2015-03-30,3.1,1018.7,99,6.4,7.1,.6,.3,.5,.9,5.3,8
22108,2015-03-31,3.5,1014.3,100,8.2,6.8,.7,.4,.7,1.1,4.2,6.4
22108,2015-04-01,3.2,1014.5,96,8,7,.8,.5,.6,1.1,5,6.4
22108,2015-04-02,8.6,1003.9,94,9.5,6.6,2.2,1.3,2.3,4.3,5.5,7.1
22108,2015-04-03,3.9,1007.7,94,6.6,6.3,2.4,1.5,1.9,3.3,7,9.1
22108,2015-04-04,2.6,1013.1,96,7.8,6.9,1.1,.7,1.3,2,6.5,8
22108,2015-04-05,1.8,1014.1,100,7.6,7,.6,.4,.5,.8,6.8,8
22108,2015-04-06,7.9,1020.1,84,6.5,6.5,2.1,1.3,2.7,4.4,5.7,10.7
22108,2015-04-07,9.4,1024.9,69,5.3,6.1,3.5,2.2,2.8,4.8,7.3,8
22108,2015-04-08,5.8,1026.6,77,5.7,6.1,1.8,1.1,2,3.6,5.8,7.1
22108,2015-04-09,1.7,1025.9,81,6.5,6.8,.6,.3,.6,1.2,4.3,5.8
22108,2015-04-10,4,1024,87,6.9,6.7,.4,.3,.4,.7,3.4,6.4
22108,2015-04-11,1.9,1026.2,81,8.1,7.5,.4,.2,.4,.7,3.7,8
22108,2015-04-12,2.6,1023.2,81,9,7.9,.3,.1,.2,.5,4.1,7.1
22108,2015-04-13,3.3,1016.8,84,8.8,7.5,.6,.4,.6,1,3.2,3.8
22108,2015-04-14,3.5,1009,93,7.4,7.5,.8,.5,.7,1.4,4.9,7.1
22108,2015-04-15,5,1009.3,93,8.6,7.9,.9,.6,1,1.4,4.4,6.4
22108,2015-04-16,6.8,1010.4,87,8.5,7.2,2.1,1.3,2.1,3.2,5.5,6.4
22108,2015-04-17,3.9,1017.5,87,8,7.1,1.3,.8,1.2,2,5.2,6.4
22108,2015-04-18,3.2,1014.6,80,8.9,7.3,.6,.4,.5,.8,5.6,7.1
22108,2015-04-19,4.1,1006,99,9.4,7.3,.8,.5,.8,1.2,5.7,7.1
22108,2015-04-20,6.9,1007.7,88,8.3,7,1.6,1,1.4,2.3,5,7.1
22108,2015-04-21,3,1016.8,83,8.6,7.8,.9,.6,.8,1.3,4.9,5.8
22108,2015-04-22,3.1,1019.4,90,8.7,7.7,.8,.5,.7,1.2,4.6,5.8
22108,2015-04-23,3.7,1021.6,91,9,7.9,.7,.4,.6,1,4,4.9
22108,2015-04-24,2.7,1020.8,92,9.6,8.5,.8,.5,.6,1.1,4.2,5.3
22108,2015-04-25,1.7,1021,85,10.8,9.8,.4,.2,.4,.6,4,7.1
22108,2015-04-26,4.5,1019.2,88,10.7,9.1,.5,.3,.5,.7,2.7,3.8
22108,2015-04-27,3.9,1016.8,88,11.1,9.5,.6,.4,.5,.8,3.5,4
22108,2015-04-28,4.3,1012.8,89,12.3,10,.6,.4,.5,.7,3.8,4.9
22108,2015-04-29,4.2,1010.7,98,11.4,9.7,.7,.5,.6,1,4.3,5.8
22108,2015-04-30,1.8,1013.6,96,12.7,11.3,.5,.3,.4,.6,4.4,5.3
22108,2015-05-01,1.7,1014.6,98,12.2,12.1,.4,,.3,.5,5,6.4
22108,2015-05-02,2.4,1012.1,99,12.3,12.1,.3,.2,.3,.5,4.9,7.1
22108,2015-05-03,6.2,1007.6,100,12.2,11.4,1.1,.7,1.4,2.2,4.1,6.4
22108,2015-05-04,6.1,1012.3,82,11.4,10.4,1.7,1.1,1.3,2.1,5.3,5.8
22108,2015-05-05,3.4,1012.9,88,11.1,10.7,1.1,.7,1.1,1.7,5.1,5.8
22108,2015-05-06,2.7,1011.9,89,11.6,11.2,1,.6,.7,1.3,4.7,5.8
22108,2015-05-07,1.7,1013.7,88,12.3,11.8,.5,.3,.5,.8,4,4.6
22108,2015-05-08,2.2,1013.8,95,12.2,12.1,.4,.2,.3,.5,3.8,5.8
22108,2015-05-09,2.8,1014.4,91,12.6,12.4,.5,.3,.5,.8,3.3,5.3
22108,2015-05-10,2.3,1017.9,82,13.1,12.8,.7,.4,.7,1.3,4.3,4.9
22108,2015-05-11,6.2,1009.1,90,13.7,12.1,1.1,.7,1.9,2.9,3.7,6.4
22108,2015-05-12,7.5,1002.3,89,12,10.6,3.5,2,2.4,4.6,6.7,8
22108,2015-05-13,7.4,1004.9,87,12.9,10.4,2.8,1.8,2.6,3.9,6.9,8
22108,2015-05-14,6.2,1007.3,97,12.6,10.5,2.1,1.3,1.6,2.7,6.1,7.1
22108,2015-05-15,3.1,1010.2,95,11.4,10.8,.9,.6,.9,1.4,6,7.1
22108,2015-05-16,3.6,1012,79,12.6,11.6,.8,.5,.7,1.3,4.2,4.9
22108,2015-05-17,2.1,1011.3,88,13.4,12.6,.5,.3,.4,.6,4.3,5.8
22108,2015-05-18,3.2,1005.5,93,13.4,12.3,.6,.4,.6,.9,4.5,6.4
22108,2015-05-19,2.8,1007.3,100,12.8,12.4,.8,.5,.7,1.1,3.9,5.3
22108,2015-05-20,4.5,1010.7,87,13,12.6,1,.6,1.2,2.1,4.1,5.3
22108,2015-05-21,3.8,1015.3,87,14.1,13.1,.9,.5,.9,1.5,4.3,4.9
22108,2015-05-22,2.6,1015.1,89,14.7,13.7,.7,.4,.5,.9,4.3,4.9
22108,2015-05-23,2,1012.1,87,15.4,14.9,.4,.3,.4,.6,3.7,5.8
22108,2015-05-24,2.9,1010.1,87,15,14.9,.3,.2,.4,.6,3.7,7.1
22108,2015-05-25,3.1,1010.8,97,14.3,14.9,.6,.4,.5,.8,3.5,4
22108,2015-05-26,2.3,1012.9,98,13.5,15.2,.6,.4,.5,.8,3.7,4
22108,2015-05-27,2,1010.8,92,15.5,16.1,.3,.2,.3,.5,5.9,7.1
22108,2015-05-28,1.8,1009.5,91,17.7,17.5,.3,.2,.3,.5,5.6,8
22108,2015-05-29,1.7,1008.6,84,18.4,17.9,.5,.3,.4,.6,5.8,8
22108,2015-05-30,3.7,1006.7,91,16.7,17.5,.7,.4,.6,.9,4.8,7.1
22108,2015-05-31,2.3,1009,97,16.5,17.4,.7,.4,.5,.9,4.2,4.9
22108,2015-06-01,2.8,1010.6,95,17.9,17.8,.5,.3,.4,.7,4.9,8
22108,2015-06-02,2.6,1008.8,95,18.2,18.4,.7,.4,.5,.8,4.3,4.9
22108,2015-06-03,6.6,1009.7,81,17.6,17.1,1.3,.8,1.2,1.8,4.5,5.3
22108,2015-06-04,2.1,1010.4,91,18,17.4,.8,.5,.8,1.2,4.5,5.3
22108,2015-06-05,3.7,1006.9,82,18,17.5,.8,.5,.7,1.2,4.3,6.4
22108,2015-06-06,6.7,1012,87,18.1,17.6,1.7,1.1,2,3.3,5.2,6.4
22108,2015-06-07,4.1,1013.4,89,18.4,17.8,1.7,1.1,1.8,2.8,6,7.1
22108,2015-06-08,2.4,1008,91,18.5,18.2,.8,.5,.7,1.2,5.2,6.4
22108,2015-06-09,2.2,1008,94,18.2,18.7,.5,.3,.4,.6,5,6.4
22108,2015-06-10,1.9,1008.2,94,18.1,19.5,.4,.3,.3,.6,5.7,6.4
22108,2015-06-11,4.5,1002.2,97,19.2,19.2,.7,.4,.9,1.3,4.3,6.4
22108,2015-06-12,5.3,1003.7,94,19.7,19.3,1,.6,.8,1.2,4,4.9
22108,2015-06-13,7.6,1004.9,93,20.5,19.4,1.9,1.2,2.2,3.3,5,5.8
22108,2015-06-14,4.3,1007.4,92,19.5,19.4,1.6,1,1.8,2.7,5.9,6.4
22108,2015-06-15,3.8,1008.3,95,19,19.8,.7,.4,.6,1,3.9,5.3
22108,2015-06-16,2.4,1006.5,91,20,20.6,.5,.3,.3,.6,5,6.4
22108,2015-06-17,2,1005.1,94,19.6,20.5,.4,.2,.3,.5,5,6.4
22108,2015-06-18,4,1006.1,93,20.1,20.5,.4,.3,.4,.6,3.9,6.4
22108,2015-06-19,2.6,1008.7,91,21.2,21.2,.5,.3,.4,.6,6,8
22108,2015-06-20,4.2,1009,94,19.7,20.9,.7,.4,.7,1.2,4.8,7.1
22108,2015-06-21,3.6,1010.6,92,19.1,20.6,.6,.4,.5,.9,3.9,6.4
22108,2015-06-22,2.3,1011,87,20.6,21.2,.4,.2,.3,.5,5.2,7.1
22108,2015-06-23,2.7,1011.5,88,20.8,21.8,.5,.3,.4,.5,3.9,5.3
22108,2015-06-24,2.9,1009,89,20.8,21.2,.4,.3,.4,.6,4.7,6.4
22108,2015-06-25,4.2,1002.7,91,20.5,21.1,.5,.3,.6,1.1,5.7,7.1
22108,2015-06-26,8.3,997.8,92,19.6,20.6,1.8,1.1,1.6,2.9,4.6,6.4
22108,2015-06-27,3.3,1006.6,85,20.7,21.2,.8,.5,.8,1.4,6.6,8
22108,2015-06-28,3.3,1010.5,89,21.7,21.8,.7,.4,.5,1,7.2,8
22108,2015-06-29,1.6,1007.9,88,22.5,22.3,.6,.4,.4,.7,7.3,8
22108,2015-06-30,1.7,1000.2,92,21.3,22.2,.6,.3,.4,.7,7,8
22108,2015-07-01,4.8,997.9,84,22.1,21.9,1.3,.8,1.2,2.2,5.4,6.4
22108,2015-07-02,4.3,1002.4,92,21.8,22.2,1.3,.8,1.1,2.1,5.3,7.1
22108,2015-07-03,3.1,1006.8,80,21.6,22.3,.9,.5,.8,1.5,6.8,9.1
22108,2015-07-04,2.7,1010.1,74,21.3,22.6,.8,.5,.8,1.3,4.7,7.1
22108,2015-07-05,2.2,1011.8,82,21.9,22.7,.5,.3,.3,.6,5.4,7.1
22108,2015-07-06,2.5,1011.9,82,22,23,.4,.2,.3,.6,6,9.1
22108,2015-07-07,3.6,1010.1,82,21.5,22.8,.5,.3,.5,.9,8.3,10.7
22108,2015-07-08,4.7,1010.3,94,21,22.8,.7,.5,.6,1,6.9,10.7
22108,2015-07-09,4.8,1013.6,97,21.9,22.5,.8,.5,.6,1,6.9,9.1
22108,2015-07-10,2.9,1013.3,94,22.8,22.8,.6,.4,.5,.8,10.9,16
22108,2015-07-11,3.2,1008.8,95,23.2,23,1,.7,1.1,1.7,11,16
22108,2015-07-12,9.8,,,,,2.9,1.8,4,5.7,10.5,12.8
22108,2015-07-27,,,,,,,,.5,.9,,6.4
22108,2015-07-28,3.7,1008,97,24.7,24.8,.8,.5,.7,1.2,5,7.1
22108,2015-07-29,5.3,1006.4,96,25.4,25.1,1.2,.7,.9,1.5,3.8,4.3
22108,2015-07-30,7.1,1008.2,98,24.9,25,1.6,.9,1.2,2.4,4.3,5.8
22108,2015-07-31,5.2,1009,98,25.1,25.1,1.2,.8,1,1.6,4.1,4.9
22108,2015-08-01,6.3,1009.6,98,25.6,25.4,1.2,.8,.9,1.4,4.1,5.3
22108,2015-08-02,7,1009.6,97,26,25.6,1.5,1,1.3,2.2,4.7,5.8
22108,2015-08-03,9.7,1008.5,96,25.8,25.7,2.4,1.6,1.9,3.2,5.3,6.4
22108,2015-08-04,9.2,1006.6,96,25.8,25.7,2.6,1.8,2,3.1,5.8,7.1
22108,2015-08-05,6.9,1008,96,25.9,25.9,1.8,1.1,1.6,2.7,5.1,6.4
22108,2015-08-06,3,1011.6,93,26.4,26.6,1.1,.6,.9,1.7,4.7,5.3
22108,2015-08-07,2.5,1014.8,87,26.8,27.3,.6,.4,.5,.8,4.5,4.9
22108,2015-08-08,3.9,1013.7,86,26.2,26.7,1.2,.8,1.7,2.6,6.7,10.7
22108,2015-08-09,3.7,1011.7,87,25.1,26.5,1.3,.8,1.2,1.8,10.3,12.8
22108,2015-08-10,3.1,1010.3,89,25.4,26.5,1.2,.7,.9,1.6,9.6,10.7
22108,2015-08-11,4,1007.4,83,25.3,26.3,.9,.6,.8,1.2,6.9,9.1
22108,2015-08-12,7,1004.8,86,25.1,26.2,1.3,.8,1,1.9,5.8,8
22108,2015-08-13,3.9,1005.3,82,26.1,26.7,1,.6,.8,1.4,4.7,7.1
22108,2015-08-14,3.1,1006.1,86,26.6,27,.6,.4,.5,.9,4.5,6.4
22108,2015-08-15,,,,,,,,.5,.9,,4.9
22108,2015-08-16,4.2,1007.4,82,25.7,26.9,.6,.4,.7,1,3.6,7.1
22108,2015-08-17,4.6,1008.2,79,25.3,26.8,.7,.4,.6,1,3.6,7.1
22108,2015-08-18,2.9,1012.2,83,26.3,26.9,.5,.3,.4,.6,6.4,9.1
22108,2015-08-19,1.9,1013.1,75,26.2,27,.4,.2,.3,.4,5.5,7.1
22108,2015-08-20,3.6,1009.5,81,25.3,26.9,.5,.4,.6,.9,3.7,5.8
22108,2015-08-21,3.5,1005.2,77,25.3,26.9,.6,.4,.4,.8,7.4,12.8
22108,2015-08-22,2.9,1006.1,72,26.1,26.9,.9,.6,.7,1.2,9.8,12.8
22108,2015-08-23,2.7,1007.4,72,25.4,27,.9,.6,.8,1.2,11.3,12.8
22108,2015-08-24,3.6,1006.2,78,26,26.8,.9,.6,.7,1.1,10.9,12.8
22108,2015-08-25,11.7,1002.2,78,23.6,25.5,2.6,1.7,2.3,4.4,5.1,5.8
22108,2015-08-26,5.6,1006.5,71,24,25.3,1.3,.9,1.6,2.6,4.8,7.1
22108,2015-08-27,3.4,1007.8,79,24.9,25.6,1,.7,.9,1.5,4.3,4.9
22108,2015-08-28,3.7,1008.7,79,24.4,25.4,.6,.4,.5,.9,3.8,6.4
22108,2015-08-29,1.9,1009.5,74,24.6,25.7,.4,,.3,.5,5.4,8
22108,2015-08-30,2,1011.3,76,24.6,25.8,.3,.2,.3,.5,4,4.9
22108,2015-08-31,3.7,1011.7,79,24.5,25.8,.4,,.4,.6,5,8
22108,2015-09-01,4.2,1009.8,79,24.9,25.5,.5,.3,.4,.7,4.1,7.1
22108,2015-09-02,5.4,1011.7,84,23.5,25.4,.9,.6,.9,1.4,4.4,6.4
22108,2015-09-03,3.6,1012,81,24.1,25.5,.7,.4,.6,1.1,4,4.6
22108,2015-09-04,4.1,1012.8,80,25.3,25.5,.8,.5,.7,1.2,4.4,4.9
22108,2015-09-05,4.2,1008.5,84,23.9,24.9,.7,.4,.7,1,3.5,4.9
22108,2015-09-06,6.9,1006.7,77,23,24.3,1.1,.7,.9,1.3,3.9,5.3
22108,2015-09-07,6.7,1012.3,69,22.6,23.9,1.1,.7,.9,1.4,3.6,4
22108,2015-09-08,5.5,1015.4,70,22.8,23.8,.8,.5,.7,1.1,3.3,3.8
22108,2015-09-09,7.1,1016.1,64,22.5,23.5,1.1,.7,1,1.8,3.6,4
22108,2015-09-10,3.9,1015.1,68,22.6,23.6,.7,.5,.8,1.3,3.7,4.9
22108,2015-09-11,2.7,1011.1,81,22.2,23.8,.8,.5,.7,1,4,5.3
22108,2015-09-12,3.7,1010.9,68,20.8,23.7,.9,.6,1.3,2.2,4.2,5.3
22108,2015-09-13,4.8,1017.9,55,21.6,23.6,1.8,1.1,1.6,2.4,5.7,6.4
22108,2015-09-14,2.7,1021.7,66,22.5,23.6,1.1,.7,.9,1.6,5.3,6.4
22108,2015-09-15,4,1020.3,62,22.2,23.5,.6,.4,.5,1,3.3,4.9
22108,2015-09-16,5.6,1017.5,63,21.2,23.6,.9,.5,.9,1.6,3.3,4
22108,2015-09-17,6.1,1016.7,69,21.9,23.7,.9,.5,.8,1.4,3.4,4
22108,2015-09-18,2.4,1017,75,21.7,23.8,.5,.3,.5,.8,3.3,5.3
22108,2015-09-19,2.8,1014.7,69,22.1,23.9,.4,,.4,.7,3.9,7.1
22108,2015-09-20,2.9,1013.1,72,22.5,23.8,.6,.4,.5,.7,3.6,4.6
22108,2015-09-21,2.2,1014.9,62,22.4,23.9,.5,.3,.4,.6,4.1,5.8
22108,2015-09-22,2.8,1015.8,79,22.3,23.5,.3,.2,.3,.5,3.3,5.3
22108,2015-09-23,4.4,1010.5,80,21.6,22.8,.5,.4,.5,.8,3.1,4.9
22108,2015-09-24,5.9,1007.7,79,22.1,22,.8,.5,.7,1,3,3.6
22108,2015-09-25,2.6,1008.1,85,22.3,22.3,.7,.4,.7,1.2,3.7,4.6
22108,2015-09-26,5.5,1012.2,76,22.1,22.1,1,.6,.8,1.5,3.9,5.3
22108,2015-09-27,4.9,1015.4,69,21.8,22.3,.9,.6,.9,1.4,3.9,5.3
22108,2015-09-28,5.8,1019.2,74,22,22.2,.8,.5,1,1.6,4,10.7
22108,2015-09-29,7.9,1023,67,21.4,21.8,1.6,1.1,1.5,2.3,5.8,12.8
22108,2015-09-30,6,1020.4,77,21,21.9,1.3,.8,1.1,2.2,7.6,10.7
22108,2015-10-01,11.1,1004.6,82,20,21.4,3.2,2.2,4.5,7.1,6.1,9.1
22108,2015-10-02,7.5,1015.6,56,19.2,19.6,3.1,2,4.2,6.4,7,9.1
22108,2015-10-03,6.3,1019.9,73,19.5,19.3,2.3,1.5,2.1,4,6.2,7.1
22108,2015-10-04,5.5,1026.3,51,18.4,19.3,1.1,.7,1.3,2.4,4.1,5.8
22108,2015-10-05,2.9,1024.1,64,19.4,19.8,.3,.2,.3,.4,4.3,9.1
22108,2015-10-06,2.8,1021.6,68,19.7,20,.3,,.3,.5,4.6,8
22108,2015-10-07,3.5,1018.1,82,19.6,20.2,.4,.3,.3,.5,3.2,6.4
22108,2015-10-08,5.2,1013.2,79,19.6,20.2,.7,.4,1.1,1.8,2.8,4
22108,2015-10-09,5.5,1012.4,43,18,19.9,2.1,1.4,2,3.4,5.7,6.4
22108,2015-10-10,7.9,1010.2,59,17.6,19.7,2.2,1.4,2.2,3.7,5.5,7.1
22108,2015-10-11,8.6,1013.4,60,15.5,19,3.3,2.1,2.9,5,6.6,7.1
22108,2015-10-12,7.2,1018.6,61,16.2,18.7,2.4,1.5,2,3.6,5.9,7.1
22108,2015-10-13,5.3,1021,63,18,18.7,1.5,.9,1.1,2.2,4.8,5.8
22108,2015-10-14,2.3,1021.1,82,18.8,19.2,1.1,.7,1,1.4,4.5,5.3
22108,2015-10-15,1.8,1020,82,18.1,19.2,.4,.3,.4,.7,3.7,4.3
22108,2015-10-16,2.4,1019.8,80,18.3,19.2,.4,,.4,.7,3.6,5.8
22108,2015-10-17,3.2,1018.7,87,18.2,19.2,.4,.3,.3,.5,3.3,9.1
22108,2015-10-18,4.5,1019.1,87,17.8,18.9,.5,.3,.5,.7,2.6,3.6
22108,2015-10-19,2.3,1017.7,86,18.6,19.1,.7,.5,.6,1.1,4.6,6.4
22108,2015-10-20,2.7,1017.2,88,,18.9,.5,.3,.3,.6,10.2,10.7
22108,2015-10-21,3.6,1017.7,88,18.7,19,.5,,.4,.6,9.2,10.7
22108,2015-10-22,3.8,1018.1,82,17.9,18.9,.7,.4,.6,.9,6.3,10.7
22108,2015-10-23,2.1,1018.7,79,17.9,18.9,.5,.3,.4,.6,5.6,9.1
22108,2015-10-24,6.2,1019.5,77,18.1,18.6,1.3,.8,1.6,2.6,4.2,6.4
22108,2015-10-25,3.7,1023.1,70,17.7,18.6,1.5,.9,1.5,2.9,5.9,7.1
22108,2015-10-26,7.5,1018.7,74,17.6,18.6,1.8,1.1,1.9,3.2,5.3,6.4
22108,2015-10-27,9.9,1012.6,67,15.2,18.2,3.1,2,2.4,4,5.8,7.1
22108,2015-10-28,6,1020.1,50,15.4,17.9,2.2,1.3,2.3,4.3,5.6,6.4
22108,2015-10-29,5.7,1022.9,54,13.4,17.7,1.2,.8,2,2.7,4.4,5.8
22108,2015-10-30,8.3,1027.9,49,11.2,17.3,2.7,1.7,2.3,3.6,6.1,7.1
22108,2015-10-31,5.5,1030,51,11.5,17,1.6,1,1.4,2.4,5.1,5.8
22108,2015-11-01,1.9,1025.6,51,12.4,16.9,.8,.5,.9,1.4,4.2,5.3
22108,2015-11-02,3.8,1023.4,60,14.2,16.7,.7,.4,.8,1.3,3.9,5.3
22108,2015-11-03,2.1,1028.7,48,15.9,17.1,.8,.5,.7,1.2,4.2,5.3
22108,2015-11-04,2.9,1028.2,65,15.5,17,.5,,.3,.6,3.2,4.9
22108,2015-11-05,3.4,1025.4,73,16.5,17,.5,.3,.5,.8,3,5.8
22108,2015-11-06,6.1,1024.1,80,16.1,16.7,1,.7,1.2,1.7,4.4,6.4
22108,2015-11-07,9.7,1019.9,90,15.7,16.5,2.4,1.5,1.8,3.2,4.4,4.9
22108,2015-11-08,,,,,,,,1.1,1.8,,6.4
22108,2015-11-09,,,,,,,,2.3,3.5,,6.4
22108,2015-11-10,,,,,,,,1.6,2.7,,7.1
22108,2015-11-11,3.4,1027.6,64,13.1,16.2,1.1,.7,1,1.5,5,5.8
22108,2015-11-12,3.8,1028.1,74,15.8,16.4,.7,.5,.7,1,3.9,4.9
22108,2015-11-13,8.5,1020,81,14,16.1,1.6,1,1.6,2.3,4.2,4.9
22108,2015-11-14,4.7,1014.9,80,14.6,16.1,1,.6,.8,1.7,4.9,7.1
22108,2015-11-15,2.5,1020.7,74,15.3,16.1,.7,.5,.8,1.2,3.7,5.3
22108,2015-11-16,5.9,1015.5,86,15.5,15.9,1.1,.7,1.5,2.4,4,5.8
22108,2015-11-17,7.8,1018.4,78,15.2,15.7,1.8,1.2,1.6,2.7,4.9,6.4
22108,2015-11-18,5.4,1018.9,85,13.8,15.5,1.6,1,1.3,2.2,5.8,7.1
22108,2015-11-19,3.2,1022.2,82,12.6,15.4,.9,.6,1,1.4,4.8,5.8
22108,2015-11-20,4.2,1024.3,71,13,15.4,.9,.6,.8,1.3,4.5,5.3
22108,2015-11-21,6.3,1027.4,61,12.4,15.2,1.2,.8,1,1.7,4,4.6
22108,2015-11-22,6.6,1027.2,68,13.5,15.2,1.3,.8,1.1,1.8,4.2,4.9
22108,2015-11-23,6.4,1025.3,78,12.5,15.2,1.5,.9,1.8,3.2,4.7,6.4
22108,2015-11-24,7.1,1025.8,71,8.3,15,3,1.9,2.8,4.5,7.2,8
22108,2015-11-25,9.2,1020.1,69,7.4,14.9,2.8,1.8,3,4.8,6.3,8
22108,2015-11-26,13.8,1017.7,78,3.4,14.7,5.8,3.8,5.1,7.6,8.2,9.1
22108,2015-11-27,7.9,1025.5,65,5.2,14.4,3.4,2.3,3.9,6.1,7.4,9.1
22108,2015-11-28,3.4,1029,59,8.3,14.3,1.1,.8,1.1,1.6,4.8,6.4
22108,2015-11-29,5.8,1025.7,66,11.3,14.2,1,.6,.8,1.3,4,4.9
22108,2015-11-30,5.3,1024.7,58,9.6,14.2,1.5,1,1.5,2.5,5.1,5.8
22108,2015-12-01,2.5,1024.6,56,9.8,14.1,.6,.4,.7,1,4.3,4.9
22108,2015-12-02,9.7,1016.8,71,10.9,14.2,2.6,1.7,3.7,4.9,5.4,8
22108,2015-12-03,13.8,1015.9,60,6.1,14,6.4,4.3,5.7,8.7,8.7,9.1
22108,2015-12-04,9.8,1022.9,60,7.1,13.8,4.1,2.7,4.3,7.5,7.4,9.1
22108,2015-12-05,,,,,,,,2,3.5,,8
22108,2015-12-06,,,,,,,,.8,1.3,,5.8
22108,2015-12-07,6.1,1030.9,57,7.1,13.2,1.2,.8,1.2,1.9,4.5,5.3
22108,2015-12-08,5.8,1032.8,55,8,13.1,1.2,.8,.9,1.7,4.4,4.9
22108,2015-12-09,3.3,1029.1,65,10.6,,.5,.3,.4,.8,3.3,4.3
22108,2015-12-10,,,,,,,,.8,1.2,,3.6
22108,2015-12-11,,,,,,,,2.1,3.2,,8
22108,2015-12-12,3.6,1024,67,9.3,12.9,1,.7,1.2,1.9,5.3,7.1
22108,2015-12-13,4.4,1023.6,57,10.4,12.9,.6,.4,.7,.9,3.7,5.8
22108,2015-12-14,,,,,,,,.8,1.1,,4
22108,2015-12-15,,,,,,,,2.4,3.6,,7.1
22108,2015-12-16,,,,,,,,3.7,6.5,,8
22108,2015-12-17,,,,,,,,3.1,5.8,,8
22108,2015-12-18,,,,,,,,1,1.8,,5.3
22108,2015-12-19,3.4,1034.7,64,7,12,1.2,.8,1.4,2.2,5.6,7.1
22108,2015-12-20,3,1029.1,61,7.4,12,1.1,.3,.4,14.9,3.1,4.9
22108,2015-12-21,6.9,1026.5,71,8.7,11.9,1.6,1.1,1.6,2.7,4.6,5.8
22108,2015-12-22,4.3,1027.8,66,7.8,,.9,.6,.8,1.2,4.4,5.3
22108,2015-12-23,5.9,1022.7,63,8.8,11.9,.9,.6,1,2,3.5,4.6
22108,2015-12-24,8.8,1021.9,61,7.2,11.8,2.2,1.4,2.3,3.7,5.1,6.4
22108,2015-12-25,6.5,1021.9,51,5.1,11.6,2.1,1.3,2,4.1,5.9,7.1
22108,2015-12-26,8.4,1021.1,60,8,11.5,2.5,1.7,2,3.2,5.9,7.1
22108,2015-12-27,9,1031.1,61,.9,11.3,2.9,1.9,2.2,3.6,6.3,8
22108,2015-12-28,6.8,1033.5,62,2.5,11.2,2,1.3,1.5,2.8,5.8,6.4
22108,2015-12-29,3.4,1033,61,4.4,11.1,1.3,.8,1.4,2.3,5.6,6.4
22108,2015-12-30,5.9,1028.5,61,7.1,11,1.4,.9,1.5,2.4,4.6,5.8
22108,2015-12-31,6.5,1031.5,64,6.1,11,1.8,1.2,1.5,2.5,5.4,5.8
22108,2016-01-01,4.6,1031,60,6.7,10.9,1.1,.7,1.1,1.7,4.6,5.3
22108,2016-01-02,6.2,1022.7,80,10.2,,2,1.3,1.7,2.8,5.8,6.4
22108,2016-01-03,2.9,1019.9,77,9.7,,.7,.5,.8,1.2,4.5,5.8
22108,2016-01-04,7.5,1024.7,62,6,10.9,1.7,1.1,1.6,2.6,4.8,6.4
22108,2016-01-05,6.5,1027.9,56,2.5,10.7,1.4,.9,1.3,1.9,5,6.4
22108,2016-01-06,6.9,1025.7,59,5.4,10.5,1.6,1,1.5,2.4,4.9,5.3
22108,2016-01-07,7.8,1025.5,58,3.1,10.2,2.2,1.4,1.5,2.6,5.7,6.4
22108,2016-01-08,5.8,1023.9,63,3.1,10,1.7,1.1,1.6,2.3,5.5,6.4
22108,2016-01-09,6.7,1025.8,55,3.9,10,1.7,1.1,1.3,2.2,5.2,5.8
22108,2016-01-10,5.1,1027.2,56,4.6,9.9,1.4,.9,1.2,1.9,5.2,6.4
22108,2016-01-11,7.7,1027.5,59,1.8,9.8,1.9,1.2,1.7,2.9,5.3,7.1
22108,2016-01-12,7.8,1025.1,63,1.2,9.7,2.4,1.5,1.8,2.9,5.9,6.4
22108,2016-01-13,9,1021.4,63,1.8,9.5,2.9,1.9,2.4,4.2,6.2,7.1
22108,2016-01-14,5.1,1022.1,59,2.7,9.5,2.1,1.3,2.1,3.4,5.7,7.1
22108,2016-01-15,3.4,1020.9,64,5.3,9.5,1.1,.7,1.1,1.6,4.8,5.3
22108,2016-01-16,3.3,1021.6,56,7.4,9.5,.8,.5,.6,1.1,3.6,4.6
22108,2016-01-17,3.7,1016.8,66,6.8,9.6,.5,.3,.6,1,3,4.3
22108,2016-01-18,13.4,1016.7,76,-.6,9.3,5,3.3,4.7,6.7,7.4,9.1
22108,2016-01-19,13.5,1024.2,79,-3.4,8.7,5.7,3.8,4.6,7.1,8.4,9.1
22108,2016-01-20,8.1,1030.7,72,-1.4,8.3,3.1,2,3.1,5,7.1,8
22108,2016-01-21,7.5,1029.3,65,-.4,8,2,1.3,1.9,2.9,5.5,6.4
22108,2016-01-22,8.9,1032.3,60,-.4,7.6,2.3,1.5,1.8,2.9,5.8,6.4
22108,2016-01-23,12.3,1031,78,-5,7.4,4.4,2.9,4.7,7.7,7.3,8
22108,2016-01-24,13.4,1026.6,77,-4.8,7.2,6.1,3.8,4.3,7.3,8.5,9.1
22108,2016-01-25,4,1029.4,81,-1.9,7,3.4,2.2,3.5,6.6,7.3,9.1
22108,2016-01-26,6.2,1027.9,52,3.2,7,1.9,1.2,1.5,2.4,5.7,6.4
22108,2016-01-27,2.6,1030.3,50,3.9,7,1.6,1.1,1.5,3,5.3,6.4
22108,2016-01-28,5.8,1028,62,3.9,6.9,.9,.6,1,1.7,3.7,4.9
22108,2016-01-29,9.6,1024.4,62,4.5,6.9,2.2,1.4,1.7,3.3,5.1,6.4
22108,2016-01-30,,,,,,,,2,3.2,,7.1
22108,2016-01-31,9.1,1030.9,63,.1,6.7,2.7,1.8,2.2,3.7,6.4,7.1
22108,2016-02-01,9.1,1030.7,62,-.8,6.5,2.7,1.7,2.3,4.2,6,7.1
22108,2016-02-02,6.5,1029.5,57,-.1,6.3,1.6,1.1,1.7,2.5,5.2,6.4
22108,2016-02-03,4.8,1028.4,49,2.9,6.3,1.1,.7,.9,1.3,4.5,5.3
22108,2016-02-04,5.9,1027.3,54,3.6,6.4,1.5,.9,1.4,2.4,4.9,6.4
22108,2016-02-05,4.3,1025.2,52,2.2,6.3,1.1,.7,1,1.5,4.7,4.9
22108,2016-02-06,9.1,1025,59,.5,6.3,2.6,1.7,2.4,4.1,6.1,7.1
22108,2016-02-07,3.1,1023.7,59,1,6.3,1.3,.8,1.6,3.4,5.2,6.4
22108,2016-02-08,8.6,1017.1,61,5.7,6.2,2.3,1.4,2.5,3.9,5.4,7.1
22108,2016-02-09,3.8,1023.6,54,4.6,6.3,2.2,1.4,2.5,3.9,6,7.1
22108,2016-02-10,4.1,1025.5,68,5.3,6.2,.7,.4,.6,.9,4.2,5.3
22108,2016-02-11,7.4,1022.2,74,7.6,6.3,1.3,.9,1.2,2,4.1,5.8
22108,2016-02-12,4.8,1016.2,95,8.4,6.4,1.9,1.2,1.6,3.3,6.5,8
22108,2016-02-13,6.6,1007.4,98,7.6,6.6,1.6,1,3.4,5.3,7.3,9.1
22108,2016-02-14,13.4,1017.3,95,.3,6.4,6.5,4.2,4.8,8.9,9.2,10.7
22108,2016-02-15,8.4,1023,94,-2.1,6.2,4.1,2.6,3.8,6.1,7.6,9.1
22108,2016-02-16,9.5,1020.2,82,2.8,6,3.6,2.4,2.7,4.8,7.1,8
22108,2016-02-17,5.2,1025.5,75,4.1,6.1,1.9,1.3,2.2,3.4,5.7,7.1
22108,2016-02-18,6.8,1022.5,96,6.4,6,2,1.3,2,2.9,5.3,7.1
22108,2016-02-19,4.2,1027.4,93,4.7,5.9,1.6,1.1,1.7,2.4,5.7,7.1
22108,2016-02-20,7.8,1025.2,79,3.5,6,1.4,.9,1.7,3.1,3.9,5.8
22108,2016-02-21,4.8,1031.4,53,2.3,5.9,1.5,1,1.4,2.2,5.4,6.4
22108,2016-02-22,3.3,1030.6,67,3.5,5.8,.6,.4,.6,1,4.9,8
22108,2016-02-23,8.1,1031.4,91,2.6,5.8,2,1.3,2.4,4.4,5,7.1
22108,2016-02-24,7.6,1035,80,-.4,5.6,2.2,1.4,2.2,4.4,5.9,7.1
22108,2016-02-25,6.2,1034.2,75,4,5.5,1.8,1.2,1.4,2.5,5.6,6.4
22108,2016-02-26,4.5,1028.3,98,4.5,5.5,1.5,1,1.4,2.2,5.4,6.4
22108,2016-02-27,3.7,1024.8,98,4.6,6,1.6,1.1,1.6,2.6,6.5,8
22108,2016-02-28,7.9,1022.4,90,3.4,5.7,1.5,1,1.8,2.5,5.2,6.4
22108,2016-02-29,12.1,1027.8,71,-.2,5.5,4.3,2.9,3.6,6.4,7.3,8
22108,2016-03-01,5.1,1029.2,74,1.2,5.3,1.6,1.1,2.1,3.1,5.8,7.1
22108,2016-03-02,6.1,1025.4,98,5.5,5,1.7,1.1,1.5,2.3,5,5.8
22108,2016-03-03,4.4,1023,98,6.5,4.9,1.4,.9,1.3,1.9,5.7,6.4
22108,2016-03-04,4.8,1023,98,7.2,5.2,.9,.6,.7,1.1,5.3,5.8
22108,2016-03-05,6.7,1018.1,98,7.6,5.3,1.4,.9,1.3,2.1,4.7,5.8
22108,2016-03-06,5,1020.4,98,5.4,5.4,1.2,.8,1.1,1.9,4.8,5.3
22108,2016-03-07,2.3,1018.5,98,5.8,5.7,.5,.3,.4,.6,6.6,8
22108,2016-03-08,8.5,1023.9,87,3.4,5.4,1.7,1.2,1.8,2.8,4.7,6.4
22108,2016-03-09,12,1025.2,79,1,5.2,3.8,2.4,3.3,5.2,6.6,7.1
22108,2016-03-10,8.3,1028.2,69,.9,5,2.6,1.6,2.3,3.9,6.2,7.1
22108,2016-03-11,5,1026.9,66,1.4,4.9,1.5,1,1.2,2.2,5.4,5.8
22108,2016-03-12,4.5,1025.4,88,4.1,5,1.1,.7,1.1,1.7,4.6,5.8
22108,2016-03-13,4.6,1024.2,96,4.5,5,1,.6,1,1.5,4.1,6.4
22108,2016-03-14,5.7,1024.2,97,4.2,5,.9,.6,.9,1.6,3.7,5.3
22108,2016-03-15,2.5,1024.6,96,4.9,5.1,.6,.4,.8,1.2,4,4.6
22108,2016-03-16,1.6,1022.9,98,5.8,6,.4,.2,.3,.5,4,6.4
22108,2016-03-17,2.6,1020.4,98,6.9,6.2,.3,.2,.3,.4,4.1,7.1
22108,2016-03-18,3.4,1012.8,98,7.3,6.2,.4,.2,.3,.6,3.4,5.8
22108,2016-03-19,6.2,1016.5,98,5.8,5.7,1.2,.8,1.1,1.8,4.3,5.3
22108,2016-03-20,3.6,1021.6,98,5.8,5.9,1.1,.7,1.1,1.6,4.7,5.3
22108,2016-03-21,1.7,1024,98,6.1,6.3,.8,.5,.7,1.2,4.3,5.3
22108,2016-03-22,2.4,1020.6,98,6.4,6.5,.4,.2,.4,.6,3.8,7.1
22108,2016-03-23,8.8,1021.4,91,5.9,5.8,2.3,1.5,3,5.2,5.4,7.1
22108,2016-03-24,8.5,1025.8,87,4.9,5.3,2.5,1.6,2,3.5,6,6.4
22108,2016-03-25,3.6,1025.2,97,5.2,5.6,1.3,.8,1.3,2,4.9,5.8
22108,2016-03-26,2.7,1022.7,94,5.2,5.8,1,.6,1,1.7,4.8,5.3
22108,2016-03-27,2.8,1021.6,98,5.9,5.9,.5,.4,.5,.8,4.5,7.1
22108,2016-03-28,4.5,1021.5,98,6.8,5.9,.7,.5,.5,1,3.8,5.3
22108,2016-03-29,7.1,1018.7,98,7.5,5.9,1.8,1.2,1.7,2.6,5,7.1
22108,2016-03-30,1.7,1020.6,98,4.5,6.2,1.2,.8,1.4,2.1,5.8,7.1
22108,2016-03-31,1.9,1016.8,97,8,7.1,.4,.3,.4,.6,4.5,5.8
22108,2016-04-01,1.2,1016.1,91,8.7,7.8,.3,.2,.3,.4,4.6,5.8
22108,2016-04-02,1.9,1018.9,98,8.6,8.5,.4,.2,.4,.6,3.7,6.4
22108,2016-04-03,5.4,1017.8,98,7.8,7.2,.9,.6,.8,1.3,4.3,5.3
22108,2016-04-04,5.3,1014.6,98,7.3,7,.9,.6,.9,1.5,3.9,4.6
22108,2016-04-05,2.1,1017.9,98,7.6,7.5,.4,.3,.4,.6,3.9,5.8
22108,2016-04-06,3.1,,,,,.5,.3,.5,.9,3.9,7.1
22108,2016-04-07,4.7,1010.3,98,8.1,7.5,.8,.5,.8,1.4,4,7.1
22108,2016-04-08,3,1016.7,,,7.3,.8,.5,.6,1,5.6,7.1
22108,2016-04-09,3.8,1014.7,,,7.1,.8,.5,.7,1.1,4.1,6.4
22108,2016-04-10,2.1,1014.3,,,7.2,.6,.4,.5,.8,3.5,6.4
22108,2016-04-11,3.6,1019.2,,,7.4,.9,.6,1.1,1.7,4.8,5.8
22108,2016-04-12,2.4,1015.1,,,8.3,.7,.4,.5,.9,4.6,6.4
22108,2016-04-13,2.2,1007.2,,,8.3,.6,.4,.5,.8,4.9,6.4
22108,2016-04-14,2.3,1014.1,,,8.2,.6,.4,.5,.8,3.8,7.1
22108,2016-04-15,1.9,1019.2,,,8.5,.5,.3,.5,.9,3.9,5.8
22108,2016-04-16,7.1,1005.4,90,10.4,8.2,1.3,.8,2.4,3.9,4.1,6.4
22108,2016-04-17,8.2,1008.4,87,8.5,7.5,4.3,2.7,5.2,8.8,7.5,9.1
22108,2016-04-18,5.1,1015.9,87,8.8,7.8,1.8,1.1,1.5,2.4,5.5,6.4
22108,2016-04-19,2.7,1023.6,87,7.9,8.5,1.2,.8,1.2,1.7,5.2,6.4
22108,2016-04-20,4,1018.5,92,9.3,8.4,.5,.3,.5,.7,3.9,4.9
22108,2016-04-21,4.8,1006.2,96,9.3,8.4,1.2,.7,.9,1.7,5.8,8
22108,2016-04-22,5.3,1010.2,98,8.2,8.4,1.3,.8,1.3,2,4.9,6.4
22108,2016-04-23,3.2,1014.5,95,7.5,8.4,.7,.4,.7,1,5.8,7.1
22108,2016-04-24,2.7,1015.9,83,9.4,9,.4,.2,.3,.5,4.9,7.1
22108,2016-04-25,2.6,1018.2,77,10.6,9.9,.4,.2,.3,.5,4.6,7.1
22108,2016-04-26,2.4,1015.1,80,11,10.3,.4,.2,.3,.5,4.3,6.4
22108,2016-04-27,4,1008.4,89,11.1,10.3,.6,,.7,1.2,4,6.4
22108,2016-04-28,2.9,1008.8,84,10.6,10.2,.6,.3,.9,1.5,4.7,7.1
22108,2016-04-29,2.3,1012.9,86,10.6,10.8,1.1,.7,.9,1.6,4.8,5.3
22108,2016-04-30,6.7,1012.2,82,11.6,10.2,1.4,.9,1.3,2,4.2,5.3
22108,2016-05-01,7.2,1013.2,86,12,9.9,2,1.2,1.4,2.4,5.4,5.8
22108,2016-05-02,6.4,1010.4,90,12.9,10.2,1.7,1,1.6,2.6,5.3,6.4
22108,2016-05-03,10.2,997.4,87,12,10.2,4,2.5,3.6,5.8,7.1,9.1
22108,2016-05-04,5.5,1008.1,82,11.5,10,3.4,2.1,3.9,5.8,7.3,9.1
22108,2016-05-05,5,1012.8,85,12.6,10.6,1.4,.8,1.2,2.2,4.9,6.4
22108,2016-05-06,5,1008.1,94,11.3,10.5,1.7,1.1,1.6,2.3,6.1,8
22108,2016-05-07,3.8,1016,82,11.3,10.7,1.1,.6,.9,1.5,4.8,7.1
22108,2016-05-08,1.5,1016.6,85,12.7,12.2,.6,.3,.5,.9,4.3,7.1
22108,2016-05-09,3.3,1011.7,84,12.4,11.7,.5,.3,.5,.8,4.3,6.4
22108,2016-05-10,7.6,1007.2,91,11.2,11.2,1.4,.9,1.6,2.5,4.2,5.3
22108,2016-05-11,2.5,1010.6,89,12.4,12.2,.5,.3,.5,1,3.4,4.3
22108,2016-05-12,5.6,1013.9,94,12.5,11.7,.9,.6,1.2,2.2,3.8,5.8
22108,2016-05-13,6,1020.8,84,11.6,11.8,1.8,1.1,1.5,2.4,5.4,5.8
22108,2016-05-14,2.1,1021.4,87,13.6,12.9,.6,.3,.7,1.2,4,5.3
22108,2016-05-15,6.9,1010.7,92,13.1,12.4,1.5,.9,1.7,2.7,4.6,5.8
22108,2016-05-16,4.8,1012,85,12.7,12.3,1.5,.9,1.5,2.5,5.1,5.8
22108,2016-05-17,2,1016.4,88,13.9,13.5,1,.6,.8,1.4,4.4,4.9
22108,2016-05-18,2.5,1018.6,85,15,14.3,.6,.3,.5,.9,3.6,4.6
22108,2016-05-19,2,1018,82,15.9,15,.4,.2,.2,.6,3.9,9.1
22108,2016-05-20,1.6,1017.8,87,16.3,15.9,.4,.2,.2,.5,4,7.1
22108,2016-05-21,1.9,1018,85,16.8,16.2,.4,.2,.3,.5,5.2,8
22108,2016-05-22,1.5,1016.4,79,17.6,17.1,.5,.2,.3,.6,5.1,8
22108,2016-05-23,1.5,1013,85,17.5,16.9,.5,.3,.5,.8,4.8,8
22108,2016-05-24,4.5,1008.2,92,16,16.2,1,.6,.9,1.4,4,4.9
22108,2016-05-25,4.2,1010.2,91,16.7,16.3,.8,.5,.5,1.2,3.4,4.3
22108,2016-05-26,2.2,1011,92,17,16.7,.7,.4,.5,.9,3.8,5.8
22108,2016-05-27,2.4,1012.2,93,15.6,16.7,.5,.3,.3,.7,3.4,5.8
22108,2016-05-28,1.9,1009.4,86,17.1,17.5,.4,.2,.3,.6,3.3,5.3
22108,2016-05-29,3,1006.3,89,17.3,17.6,.6,.3,.4,.8,3.2,5.8
22108,2016-05-30,2.8,1008.4,88,17.9,18.3,.8,.4,.7,1,3.8,4.3
22108,2016-05-31,3.4,1008.7,89,18.3,18.4,.8,.4,.7,1.1,3.9,4.6
22108,2016-06-01,2.3,1007.7,94,16.7,18.7,.7,.3,.4,.8,4.4,6.4
22108,2016-06-02,2.7,1010.9,88,19,19.6,.6,.3,.3,.7,4.1,5.3
22108,2016-06-03,1.9,1011.5,83,19.1,19.9,.6,.3,.4,.7,5.9,8
22108,2016-06-04,4.5,1009.4,77,18.3,19,.7,.3,.7,1.3,3.8,6.4
22108,2016-06-05,4.7,1011.1,82,17.9,18.5,1,.6,.7,1.7,4.6,8
22108,2016-06-06,1.7,1012.8,89,18.7,18.9,.6,.3,.4,.8,5.2,7.1
22108,2016-06-07,2.4,1011.7,88,18.8,18.9,.6,.2,.3,.7,4.1,7.1
22108,2016-06-08,1.7,1010.9,90,19,19.5,.5,.2,.3,.8,3.5,8
22108,2016-06-09,2.7,1011.9,94,17.6,19.7,.6,.2,.3,.7,3,4.9
22108,2016-06-10,2.8,1012.3,91,19.5,20.2,.7,.3,.5,1.2,4,6.4
22108,2016-06-11,4.4,1010.6,92,20.6,20.7,1,.5,.6,1.2,4.1,4.6
22108,2016-06-12,2.2,1006.5,95,20.4,21.1,.7,.3,.5,1.3,4,4.9
22108,2016-06-13,3,1003.4,87,19.4,21.4,.8,.4,.4,1.1,4.5,8
22108,2016-06-14,4.3,1003.4,85,20.8,21.3,1,.5,1.1,1.8,6.2,9.1
22108,2016-06-15,9.1,1000.1,90,20.1,19.8,2.9,1.8,2.4,4.2,5.9,7.1
22108,2016-06-16,3.6,1001.9,90,19.5,19.5,1.4,.8,1,2,5.5,6.4
22108,2016-06-17,6.3,1008.2,92,19.8,19.5,1.6,.9,1.2,2.1,4.7,5.8
22108,2016-06-18,3.9,1011.6,88,20.2,20.1,1.3,.8,1,1.7,4.6,5.3
22108,2016-06-19,1.8,1008.9,87,21.4,21.4,1.1,.6,.8,1.5,5.4,6.4
22108,2016-06-20,3.1,1006.9,90,21,21.5,.8,.4,.5,1,5.3,6.4
22108,2016-06-21,1.9,1007.6,90,21.3,22.3,.9,.4,.6,1.1,6.1,7.1
22108,2016-06-22,3.6,1005.3,88,21.6,22,.9,.4,.5,1.1,5.9,7.1
22108,2016-06-23,3,1006.5,95,21,22,.9,.4,.6,1.2,6.5,7.1
22108,2016-06-24,6.7,1000.9,90,20.7,21.3,1.2,.7,1.2,2,4.5,6.4
22108,2016-06-25,5.8,1005.4,83,21.5,20.1,1.8,1.1,1.3,2.3,5.3,5.8
22108,2016-06-26,2.8,,88,21.9,21.2,1.3,.7,1,1.8,5.3,6.4
22108,2016-06-27,3.5,1010.3,89,21.8,22.1,.9,.4,.5,1.2,4.1,5.3
22108,2016-06-28,1.4,1011.2,85,22.1,23.1,.8,.4,.4,.9,4.4,7.1
22108,2016-06-29,5.7,1010.5,91,21.5,22.6,1.2,.6,1.2,2,4.4,6.4
22108,2016-06-30,7.7,1010,94,22.1,22.4,1.8,1,1.2,2.2,4.7,5.8
22108,2016-07-01,8,1004.5,95,22.5,22.3,2.2,1.4,2.3,3.7,5.2,6.4
22108,2016-07-02,2.6,1005.5,91,22.9,22.9,2,1.2,1.9,3.1,6.9,8
22108,2016-07-03,,,,,,,,.8,1.4,,7.1
22108,2016-07-04,5.5,1007.9,95,21.8,22.4,1.1,.5,1,1.7,4.6,7.1
22108,2016-07-05,7.9,1009.3,96,22.6,22,2.6,1.6,1.9,3.5,5.9,7.1
22108,2016-07-06,1.8,1014.6,90,21.4,22.3,1.4,.8,1.1,2,5.7,7.1
22108,2016-07-07,2.3,1014.8,93,21.3,22.5,.9,.4,.5,1.3,5.4,6.4
22108,2016-07-08,3.6,1010.4,88,22.7,23,.9,.3,.5,1.1,5.3,12.8
22108,2016-07-09,3.3,1007.2,90,22.9,23.1,1,.4,.5,1.1,9.3,10.7
22108,2016-07-10,2.4,1005.5,90,23,23.8,1,.4,.5,1.1,8.5,10.7
22108,2016-07-11,1.8,1004.6,89,23.4,24.1,.9,.4,.6,1.2,7.6,9.1
22108,2016-07-12,2,1002.6,90,23.6,24,1.2,.6,.8,1.4,8,9.1
22108,2016-07-13,2.2,1002.5,90,24,24.7,1.4,.7,1,1.8,8.2,9.1
22108,2016-07-14,4.7,1002.6,81,24,24.4,1.7,1,1.2,2.5,6.5,9.1
22108,2016-07-15,3.2,1003.2,86,23.9,24.5,1.3,.7,.9,1.7,7.2,8
22108,2016-07-16,10.4,998.7,88,22.9,23.5,3.4,2.1,2.7,4.8,6.1,8
22108,2016-07-17,4.7,1007.9,83,22.2,23.1,1.7,1,1.5,2.6,5.6,8
22108,2016-07-18,2.2,1011.1,83,22.6,23.7,1.1,.5,.8,1.4,6.5,8
22108,2016-07-19,2.5,1011.1,84,24,24.3,.8,.3,.4,1,5.8,6.4
22108,2016-07-20,2.8,1011.3,85,24.5,24.4,1,.4,.5,1.3,5.2,5.8
22108,2016-07-21,4.9,1010.4,85,24.9,24.2,1.6,.9,1.2,2.1,6,7.1
22108,2016-07-22,5.5,1009.2,85,25,24.4,1.6,.9,1.1,2.2,5.8,7.1
22108,2016-07-23,6.9,1008.7,86,24.9,24.4,1.8,1,1.2,2.1,5.1,5.8
22108,2016-07-24,5.8,1010.2,92,25.1,24.6,1.4,.8,1.1,1.9,4.4,5.3
22108,2016-07-25,4,1010.8,96,25.1,24.9,1.2,,.5,1.5,4.7,5.8
22108,2016-07-26,5.7,1007.4,94,25.5,25.2,1.5,.7,.9,2.1,4.8,5.8
22108,2016-07-27,6.8,1004.5,93,25.6,25.2,1.9,1.1,1.3,2.3,5.4,5.8
22108,2016-07-28,3.4,1006.6,90,25.6,25.7,1.6,.8,1.3,2.2,5.9,7.1
22108,2016-07-29,5.6,1008.6,95,26.4,26.1,1.5,.7,.8,1.9,4.3,5.3
22108,2016-07-30,3.6,1011.2,94,26.7,26.7,1.3,.6,.9,1.6,4.8,5.3
22108,2016-07-31,2.4,1011.9,92,27,27.4,1.1,.4,.4,1.3,4.5,5.3
22108,2016-08-01,1.4,1010.8,91,26.8,27.7,1,.3,.3,1.2,4.3,4.9
22108,2016-08-02,3.1,1009.3,88,26.1,27.4,1.1,.3,.5,1.3,4.8,10.7
22108,2016-08-03,2.8,1009.3,84,26.8,27.5,1.2,.4,.5,1.4,9.1,10.7
22108,2016-08-04,2.9,1009.9,83,27.1,28,1.2,.4,.5,1.4,6.3,9.1
22108,2016-08-05,2.3,1010.1,84,27.9,28.6,1.1,.3,.3,1.3,6.3,9.1
22108,2016-08-06,1.2,1008.8,80,28.2,29.4,1.1,.2,.4,1.3,4.8,7.1
22108,2016-08-07,1.1,1007.9,74,28.3,29.5,1.1,.2,.2,1.3,4.8,6.4
22108,2016-08-08,3.6,1008,77,28,29.4,1.3,,.5,1.6,3.7,5.8
22108,2016-08-09,2.1,1008.5,82,28.1,29.5,1.3,,.4,1.5,5,7.1
22108,2016-08-10,1,1010.4,83,28.4,30.2,1.3,.3,.4,1.5,6,7.1
22108,2016-08-11,3.1,1010.5,81,28.4,29.9,1.5,.3,.4,1.7,5.4,7.1
22108,2016-08-12,2.3,1008.6,81,28.7,30.2,1.5,.3,.3,1.6,5.4,8
22108,2016-08-13,2.3,1006.9,81,29.1,30.3,1.5,.3,.3,1.7,6,8
22108,2016-08-14,3,1005.4,80,29.4,30.3,1.6,.4,.4,1.9,5.5,8
22108,2016-08-15,4,1002.9,79,28,30,1.8,.5,.7,2.2,4.5,8
22108,2016-08-16,4.4,1002.1,77,27.2,29.3,2.2,.9,1.1,2.6,5.4,6.4
22108,2016-08-17,1.2,1004.1,75,27.8,29.3,1.6,.5,.8,2.1,4.7,5.3
22108,2016-08-18,1.8,1005.7,75,28.5,29.7,1.4,.2,.3,1.6,4.4,7.1
22108,2016-08-19,2.6,1006.6,75,28.6,29.8,1.6,.3,.5,1.9,4,7.1
22108,2016-08-20,2.5,1006.4,72,28.7,29.9,1.7,.3,.4,1.8,4.3,6.4
22108,2016-08-21,3.7,1006.3,81,27.8,29.7,1.7,.3,.5,1.9,4,7.1
22108,2016-08-22,4.7,1006.8,85,26.9,29,1.9,.5,.9,2.4,3.7,5.3
22108,2016-08-23,1.8,1006.4,75,27.5,29.3,1.8,.5,.7,2.2,4.9,5.8
22108,2016-08-24,2.2,1006.9,75,28.2,29.7,1.5,.3,.4,1.8,4.3,5.8
22108,2016-08-25,3.2,1005.9,74,27.8,29.4,1.7,.3,.5,2,3.7,5.8
22108,2016-08-26,6.9,1007.5,80,24.1,28.4,2.5,1.1,1.7,3.1,5.4,8
22108,2016-08-27,5.6,1008.3,73,22.8,27.5,2.1,.8,1,2.8,4.3,6.4
22108,2016-08-28,7.9,1005.2,66,23,25.7,2.1,.9,1.3,3,4.2,5.8
22108,2016-08-29,8.8,1003.3,62,23.5,24.1,2.6,1.3,2.2,4.1,5,6.4
22108,2016-08-30,12.4,995.8,65,22.8,23.2,5,3.1,4.3,7.1,7.7,9.1
22108,2016-08-31,9.9,994,72,23.1,22.3,5.7,3.3,4.4,7.1,8.8,9.1
22108,2016-09-01,7.3,1000.3,91,23.1,22.4,3.2,1.9,2.5,4.3,6.9,8
22108,2016-09-02,5.5,1005.5,86,22.9,22.8,2.2,1.1,1.5,2.8,5.6,6.4
22108,2016-09-03,2.3,1008.8,85,23.1,23.6,1.4,.5,.7,1.8,5.3,5.8
22108,2016-09-04,3.8,1011.1,86,23.2,23.3,1.3,.3,.5,1.5,4.2,7.1
22108,2016-09-05,4.2,1010.7,84,23.6,23.5,1.4,.4,.5,1.6,4.1,8
22108,2016-09-06,2.5,1009.7,91,23.4,23.7,1.2,.2,.3,1.3,4.2,7.1
22108,2016-09-07,3.4,1007.1,82,23,23.9,1.3,.3,.5,1.5,3.3,5.8
22108,2016-09-08,3.4,1007.2,82,24.1,24.5,1.5,.5,.6,1.6,3.9,5.3
22108,2016-09-09,4.5,1010.6,78,23.1,24.5,1.5,.6,.7,1.9,4.5,5.8
22108,2016-09-10,1.3,1012.5,81,22.9,24.8,1.2,.3,.4,1.4,6.2,8
22108,2016-09-11,1.8,1014.7,81,23.5,24.6,1.2,.3,.4,1.5,4.5,7.1
22108,2016-09-12,2,1016.6,80,23.7,24.8,1.1,.2,.3,1.3,3.7,5.8
22108,2016-09-13,2.3,1018.2,80,23.9,24.9,1.2,,.3,1.3,3.6,12.8
22108,2016-09-14,1.6,1018.1,75,24.1,25,1.1,,.3,1.4,9.7,12.8
22108,2016-09-15,2.4,1017,75,23.5,24.8,1.4,.3,.5,1.8,11.6,12.8
22108,2016-09-16,3.4,1015,79,22.6,24.4,1.5,.5,.7,2,8.9,10.7
22108,2016-09-17,9.2,1009.9,86,22,23.8,2,1,1.4,2.5,4.3,8
22108,2016-09-18,6.8,1010.7,75,22.3,23.4,1.9,.9,1.3,2.7,4.9,12.8
22108,2016-09-19,7.4,1011.9,72,22,23.3,1.9,.9,1.3,2.4,5.5,10.7
22108,2016-09-20,7.4,1016.4,61,20.8,23,1.9,.9,1.3,2.6,4.1,4.9
22108,2016-09-21,3.9,1020.5,59,20.9,22.9,1.4,.5,.8,1.9,4.2,7.1
22108,2016-09-22,.8,1018.5,57,21.7,23.3,1,.2,.3,1.3,5,7.1
22108,2016-09-23,.9,1017.6,63,21.5,23.3,1,,.2,1.2,4.3,6.4
22108,2016-09-24,.9,1016.8,67,21.9,23.3,1,.2,.3,1.2,4.1,5.8
22108,2016-09-25,3.2,1017.1,71,22.3,22.9,1.2,.2,.3,1.3,3.6,5.8
22108,2016-09-26,2.5,1015.9,80,22.9,23.2,1,.2,.4,1.3,4.2,12.8
22108,2016-09-27,4.2,1016,86,22.2,23.2,1.3,.4,.7,1.6,9,16
22108,2016-09-28,7.2,1015.7,79,20.6,22.8,2.2,1.2,1.9,3.9,5.5,8
22108,2016-09-29,2.5,1015.7,84,20.9,21.8,1.9,1,1.4,2.8,6.8,10.7
22108,2016-09-30,2.4,1015.5,83,20.4,21.1,1.4,.6,.8,1.7,8,9.1
22108,2016-10-01,2.2,1017.8,82,20.4,20.6,1.2,.4,.4,1.3,7.5,9.1
22108,2016-10-02,6.6,1013.2,89,20.6,20.8,1.5,.7,1.5,2.7,5.3,8
22108,2016-10-03,6.3,1010.6,87,21.2,21.6,1.8,.9,1.6,2.7,4.8,5.8
22108,2016-10-04,4.9,1013.9,82,21.4,21.7,1.4,.6,.8,1.7,4.1,4.9
22108,2016-10-05,8.1,1011.2,77,20.8,21.5,2,1,2.1,3.5,6,16
22108,2016-10-06,8.4,1021.5,66,19.1,21.3,2.6,1.6,2,3.5,6.4,7.1
22108,2016-10-07,5.3,1019.8,79,19.2,20.9,1.5,.7,1.3,2.3,4.9,6.4
22108,2016-10-08,8.5,1013.8,73,18.7,20.7,2.3,1.3,2.8,4.8,4.8,8
22108,2016-10-09,10.3,1020.6,55,14.4,19.8,3.8,2.3,3.3,5,7,8
22108,2016-10-10,6,1021.1,54,15.4,19.3,1.9,1,1.7,2.9,5,6.4
22108,2016-10-11,2.7,1021,59,17.7,19.4,.9,.2,.3,1.1,4.9,8
22108,2016-10-12,7,1023.1,55,17.3,18.9,1.7,.9,1.2,2.1,4.7,5.8
22108,2016-10-13,3.3,1023.7,54,17.1,18.9,1.2,.5,.9,1.7,4.4,5.8
22108,2016-10-14,3.6,1025.2,70,18.2,19,.9,.2,.4,1.2,4.7,9.1
22108,2016-10-15,3.4,1024.8,81,18.9,19,1,.3,.4,1.2,4.2,6.4
22108,2016-10-16,4.8,1019,86,17.7,18.9,1.1,.4,.8,1.4,4.4,8
22108,2016-10-17,5.4,1018.6,83,18.3,18.9,1.2,.6,.7,1.6,3.7,7.1
22108,2016-10-18,4.9,1020.4,63,17.8,18.8,1.3,.7,.9,1.7,4.5,9.1
22108,2016-10-19,2,1018.9,70,17.7,18.9,.9,.3,.4,1.1,6.7,9.1
22108,2016-10-20,4,1018.9,82,18.2,18.7,1,.3,.4,1.3,4.2,12.8
22108,2016-10-21,4.5,1019,78,18.4,18.7,1.2,.5,.7,1.5,9.8,12.8
22108,2016-10-22,5,1014.4,77,18,18.8,1.4,.6,.8,1.7,9.9,12.8
22108,2016-10-23,6.6,1014.8,80,17.1,18.4,1.8,1,1.4,2.3,5.5,7.1
22108,2016-10-24,6.1,1016.9,80,15.7,18,1.3,.7,.9,1.5,3.6,4.3
22108,2016-10-25,9.4,1012.2,81,16.9,18,3,1.9,2.7,4,6.2,7.1
22108,2016-10-26,5.4,1020.3,72,17,17.7,1.6,.9,1.4,2,5.1,6.4
22108,2016-10-27,5.1,1022.2,69,16.5,17.7,1.6,.9,1.3,2.3,5.5,7.1
22108,2016-10-28,7.6,1017.8,69,15.8,17.6,2.1,1.2,3,4.8,4.8,8
22108,2016-10-29,10.9,1027.1,51,11.3,17.1,4.2,2.5,3.1,6.4,7.4,8
22108,2016-10-30,4.2,1030,45,11.4,16.8,1.6,.9,1.8,3.2,5,6.4
22108,2016-10-31,7.5,1027.8,61,11.4,16.6,2.1,1.2,2.2,3.5,5.2,8
22108,2016-11-01,9.4,1031.3,56,7.4,16.1,3.2,2,2.6,5.1,6.8,8
22108,2016-11-02,5.7,1027.7,62,9.6,15.8,1.4,.8,1.3,2.2,4.8,5.8
22108,2016-11-03,5.9,1022.7,55,13.6,15.7,1.9,1.1,1.5,2.3,5.5,7.1
22108,2016-11-04,8,1016.3,70,15.5,15.6,2.1,1.3,1.7,2.9,5.5,7.1
22108,2016-11-05,4.7,1014.1,87,16.1,15.8,2.3,1.4,2.1,3.7,6.5,7.1
22108,2016-11-06,2.5,1022.2,81,15.4,15.9,1.4,.8,1,1.9,5.9,7.1
22108,2016-11-07,6.5,1023.1,78,14.5,15.8,1.5,.8,2,3,4.1,5.8
22108,2016-11-08,11.8,1026.4,65,8.4,15.4,4.5,2.8,3.4,5.7,7.8,9.1
22108,2016-11-09,8.6,1029.9,54,7.1,15,2.8,1.7,2.9,4,6.2,7.1
22108,2016-11-10,3,1020.9,56,10,14.8,1,.5,.8,1.4,4.3,6.4
22108,2016-11-11,6.6,1019.3,56,13.5,14.7,2.6,1.6,2.5,4.9,6.2,8
22108,2016-11-12,7.5,1021.7,78,14.6,14.7,2.2,1.4,1.6,2.7,5.9,7.1
22108,2016-11-13,4,1020.7,86,15.3,14.8,1.4,.8,1.1,2.1,6.1,7.1
22108,2016-11-14,4.1,1016.7,84,15.1,15,1.2,.6,1.3,2.2,4.5,5.3
22108,2016-11-15,10.3,1022.5,55,9.8,14.6,3.2,2.1,2.8,3.9,6.7,8
22108,2016-11-16,4,1024.1,55,10.2,14.4,1.3,.7,1.5,2.2,4.9,6.4
22108,2016-11-17,4.8,1024.3,63,12.5,14.4,.9,.4,.7,1.5,3.2,4
22108,2016-11-18,5.1,1017.9,74,13.2,14.3,.9,.4,.8,1.8,3.2,5.8
22108,2016-11-19,2.8,1014.9,88,13.7,14.5,.9,.4,1,1.5,4.5,6.4
22108,2016-11-20,9.1,1021.9,58,12,14.3,2.7,1.7,2.5,4,6,8
22108,2016-11-21,6.7,1018.8,64,12.4,14.3,1.9,1.1,2,3.6,4.9,7.1
22108,2016-11-22,12.4,1024.8,68,6,14,4.7,2.9,3.3,6.2,7.6,9.1
22108,2016-11-23,9.7,1028,61,4.4,13.6,3.5,2.1,3,4.6,6.8,8
22108,2016-11-24,7.1,1028,59,4.6,13.3,2.5,1.4,2.1,4,6.1,7.1
22108,2016-11-25,4.1,1027.7,61,7,13.1,1.3,.8,1.1,2,5.1,6.4
22108,2016-11-26,4.6,1023.6,66,7.9,13.1,1,.5,.7,1.5,3.9,5.8
22108,2016-11-27,5.9,1022.2,57,9.7,13,1.4,.8,1.8,3,4.1,5.8
22108,2016-11-28,9.2,1029.1,58,6.8,12.9,3.2,2,2.4,4,6.8,8
22108,2016-11-29,5.8,1033.2,52,7.8,12.8,1.5,.9,1.6,2.4,4.7,6.4
22108,2016-11-30,4.1,1026.6,62,9.9,12.8,1,.6,1,1.8,3.8,4.9
22108,2016-12-01,9.4,1028.1,56,8.8,12.8,3.2,1.9,2.3,3.9,6.3,8
22108,2016-12-02,3.5,1031.8,57,7.2,12.7,1.6,1,1.9,3.3,6.2,7.1
22108,2016-12-03,1,1027.2,66,8.2,12.7,.7,.3,.5,1,4.9,5.8
22108,2016-12-04,3.5,1018.7,74,10.3,12.6,.8,.4,.8,1.5,4,6.4
22108,2016-12-05,8.1,1019.6,73,10.2,12.6,2.2,1.4,3.4,5.4,5.5,8
22108,2016-12-06,6.8,1027.2,57,4,12.4,3.3,2,3.8,7.1,7,9.1
22108,2016-12-07,6.8,1021.8,61,9.3,12.2,2.1,1.2,1.6,3.1,5.6,6.4
22108,2016-12-08,4.8,1018.5,65,8.6,12.2,1.5,.8,1.2,2.4,4.8,6.4
22108,2016-12-09,9.9,1021.5,61,5.9,12.1,3.8,2.2,3.3,5.3,7,8
22108,2016-12-10,7.3,1027.6,53,4.5,11.8,2,1.3,1.9,2.8,5.6,7.1
22108,2016-12-11,5.6,1028.4,51,5.1,11.7,1.3,.8,1.5,2.4,4.3,5.8
22108,2016-12-12,3.8,1023.6,57,8.2,11.7,.8,.4,.5,1.3,3.2,6.4
22108,2016-12-13,7.7,1020.2,67,7.1,11.6,1.9,1.1,2.3,4.2,4.6,7.1
22108,2016-12-14,10.7,1021.6,65,3.6,11.5,4.6,2.8,3.3,5.3,7.8,9.1
22108,2016-12-15,11.1,1025.1,61,2.6,11.3,4.1,2.5,3.5,5.6,7.4,8
22108,2016-12-16,8.1,1028.6,59,3.4,11,2.7,1.7,2.5,4,6.3,7.1
22108,2016-12-17,6.4,1029.3,65,8.9,11,2,1.2,1.6,2.7,5.8,7.1
22108,2016-12-18,6.7,1028.4,74,9.7,11,1.9,1.1,1.4,2.7,5.9,6.4
22108,2016-12-19,5,1023.8,87,9.9,11,1.2,.6,.9,1.6,5.1,6.4
22108,2016-12-20,5.1,1027.3,80,9.5,11,1,.6,.7,1.2,4.2,5.8
22108,2016-12-21,6.4,1019.5,85,10.8,11,1.1,.7,1.8,3,3.7,5.8
22108,2016-12-22,11.5,1012.7,81,7.2,,4.2,2.7,4,6.8,7,9.1
22108,2016-12-23,,,,,,,,4.3,6.8,,9.1
22108,2016-12-24,,,,,,,,1.3,2.4,,7.1
22108,2016-12-25,,,,,,,,.4,2.2,,5.8
22108,2016-12-26,,,,,,,,.8,1.4,,8
22108,2016-12-27,,,,,,,,4.4,7.8,,9.1
22108,2016-12-28,4.8,1030.7,57,1.8,10,2,1.2,2.5,4.3,6.6,8
22108,2016-12-29,9.2,1031.5,64,2.1,9.8,2.9,1.8,2.5,3.9,5.9,8
22108,2016-12-30,,,,,,,,1.4,2.2,,6.4
22108,2016-12-31,2.6,1030.1,66,7.1,9.7,1.2,.7,.8,2.1,4.5,5.3
