지점,일시,평균 풍속(m/s),평균기압(hPa),평균 상대습도(%),평균 기온(°C),평균 수온(°C),평균 최대 파고(m),평균 유의 파고(m),최고 유의 파고(m),최고 최대 파고(m),평균 파주기(sec),최고 파주기(sec)
22101,2017-01-01,3.6,1027.6,80,8.4,7.8,.6,.4,.6,1,4.5,5.8
22101,2017-01-02,5.3,1023,85,8.1,7.8,.8,.5,.8,1.6,4.2,5.3
22101,2017-01-03,3.9,1024.5,65,6.5,7.8,.9,.5,.8,1.2,4.7,5.8
22101,2017-01-04,5.3,1024.6,70,7.4,7.8,.9,.5,.8,1.4,4.3,5.8
22101,2017-01-05,6.6,1026.7,60,7.2,7.7,.8,.5,.7,1.2,3.4,4.3
22101,2017-01-06,3.7,1026.7,75,7.8,7.7,.5,.3,.5,.9,3.7,5.8
22101,2017-01-07,3,1021.6,79,7.4,7.7,.3,.2,.2,.5,5.1,8
22101,2017-01-08,6,1015.1,77,7.6,7.7,.7,.4,1,1.5,3.1,4.6
22101,2017-01-09,7.8,1018.7,64,4,7.6,2.1,1.3,1.9,2.7,5.7,8
22101,2017-01-10,7.8,1024.9,59,.9,7.5,1.8,1.1,1.5,2.7,5,7.1
22101,2017-01-11,5,1025.8,52,1.8,7.3,1.3,.8,1.4,2.4,5.5,7.1
22101,2017-01-12,6.9,1019.3,56,2.3,7.1,1.9,1.1,1.6,2.8,5.5,7.1
22101,2017-01-13,6.8,1018.4,65,-1.1,6.9,1.5,.9,1.9,3.8,5.1,7.1
22101,2017-01-14,10.9,1026.9,54,-3.5,6.5,2.6,1.6,2,3.3,5.6,7.1
22101,2017-01-15,6.8,1029.1,52,-1.5,6.2,1.4,.9,1.4,2.2,4.7,5.3
22101,2017-01-16,3.4,1029.9,46,.1,5.9,.8,.5,.9,1.6,4.6,5.3
22101,2017-01-17,1.2,1031.7,56,2.7,5.8,.3,.2,.2,.4,4.1,4.9
22101,2017-01-18,3.1,1030.8,67,4.1,5.9,.5,.3,.7,1,4.1,5.8
22101,2017-01-19,2.9,1024.5,63,1.8,5.8,.6,.3,.6,.9,4.6,7.1
22101,2017-01-20,9.1,1023.3,77,-.9,5.8,2.5,1.5,2.4,4.2,5.7,7.1
22101,2017-01-21,6.1,1026.5,65,.7,5.7,1.8,1.1,1.8,3.3,5.9,7.1
22101,2017-01-22,9.6,1028.8,64,-3.3,5.5,2.8,1.7,2.2,4.1,5.9,8
22101,2017-01-23,8,1032.2,63,-3.7,5.2,2,1.3,1.6,2.8,5.1,6.4
22101,2017-01-24,5.7,1035,60,-1.7,5,1.3,.8,1,1.6,4.4,5.8
22101,2017-01-25,2,1035,52,-.3,4.8,.6,.3,.8,1.4,4.1,4.6
22101,2017-01-26,7.1,1026.5,77,4,4.7,1,,2,2.8,4.1,6.4
22101,2017-01-27,8,1028.4,53,.1,4.6,2.2,1.4,2.4,3.8,6.3,8
22101,2017-01-28,4.1,1027.2,51,1.1,4.5,.5,.3,.7,1.3,4.8,8
22101,2017-01-29,5.1,1019.6,83,3,4.4,.6,.4,.9,1.4,4.1,9.1
22101,2017-01-30,9.9,1026.6,62,-2.3,4.3,2.5,1.6,2,3.3,5.8,8
22101,2017-01-31,2.1,1029.9,51,-1.7,4.2,.8,.5,1,1.7,5.6,7.1
22101,2017-02-01,8,1030.1,53,.4,4.1,1.6,.9,1.2,2.1,4.7,5.8
22101,2017-02-02,5.7,1031,63,1.8,4.1,1.2,.7,1.1,1.8,4.6,5.8
22101,2017-02-03,2.3,1027.3,73,4.5,4,.8,.4,.7,1.4,5,5.8
22101,2017-02-04,3,1021,81,4.6,4,.4,.2,.3,.5,3.8,5.8
22101,2017-02-05,5.4,1014.7,80,4,4.1,.9,.6,1.6,2.8,3.9,6.4
22101,2017-02-06,9.3,1023.5,57,1.2,4,2.5,1.5,2,3.4,5.4,6.4
22101,2017-02-07,4.4,1026.2,48,.7,3.9,1.1,.6,1.2,2,4.9,6.4
22101,2017-02-08,5.1,1020.4,55,1.2,3.8,1,.6,1.6,2.5,4.4,5.3
22101,2017-02-09,10.7,1017.7,59,-1.9,3.7,2.7,1.7,2,3.4,5.4,7.1
22101,2017-02-10,11,1019.9,57,-2.9,3.5,2.8,1.7,2.3,3.4,5.7,6.4
22101,2017-02-11,8.6,1025.5,58,-1.3,3.3,2.1,1.3,1.9,3,5.3,5.8
22101,2017-02-12,4.6,1029.5,56,1.5,3.1,.9,.5,1.1,1.7,4.9,6.4
22101,2017-02-13,3.7,1030.6,75,3.3,3,.5,.3,.5,.8,4.3,5.8
22101,2017-02-14,4.2,1033.6,55,2.8,3.1,.8,.5,.7,1.2,5.3,6.4
22101,2017-02-15,3.5,1029.8,79,3.9,3.1,.6,.3,.6,1.1,3.9,5.8
22101,2017-02-16,6.3,1019.5,86,5.9,3.3,1.1,.7,.9,1.6,5.5,7.1
22101,2017-02-17,9.1,1023.4,60,.6,3.3,2.2,1.4,1.9,3.2,5.5,6.4
22101,2017-02-18,6.1,1026.9,54,.6,3.3,1.3,.8,1.4,2.5,4.3,5.8
22101,2017-02-19,8,1014.8,75,4.3,3.3,1.7,1,1.7,3.3,5.4,8
22101,2017-02-20,10.6,1019.3,61,-.4,3.2,3.1,1.9,2.2,4.2,5.9,8
22101,2017-02-21,3.6,1029.9,52,-.6,3.3,1,.6,1.7,2.7,5.2,7.1
22101,2017-02-22,6.6,1016.8,84,2.3,3.2,1,.6,1.4,2.4,3.6,6.4
22101,2017-02-23,10.5,1020.8,58,.5,3.2,2.6,1.6,1.9,3.2,5.4,6.4
22101,2017-02-24,4.6,1025,59,1.6,3.2,1.3,.8,1.4,2.1,5.3,6.4
22101,2017-02-25,4.3,1022.4,76,4.2,3.2,1.1,.7,1.2,1.7,5.6,6.4
22101,2017-02-26,3.7,1025.7,75,3.8,3.2,.7,.5,.9,1.4,4.7,5.8
22101,2017-02-27,1.4,1027.9,67,3.7,3.3,.3,.2,.3,.5,4.1,10.7
22101,2017-02-28,4.3,1024.7,76,5.1,3.3,.6,.4,.6,1,4.3,5.8
22101,2017-03-01,4.5,1016.8,85,4.6,3.3,.9,.5,.8,1.2,5.2,6.4
22101,2017-03-02,8.3,1017.4,63,1.1,3.4,2.1,1.3,1.8,3.5,5.4,8
22101,2017-03-03,4.8,1020.2,86,4.6,3.5,1.1,.6,.8,1.7,5.2,6.4
22101,2017-03-04,1.8,1019.5,90,4.9,3.6,.8,.5,.7,1.1,4.7,5.8
22101,2017-03-05,3.1,1017.2,92,4.4,3.7,.5,.3,1.2,1.8,4.3,5.8
22101,2017-03-06,8.7,1018.3,56,1.6,3.6,2,1.3,1.7,2.9,4.9,5.8
22101,2017-03-07,8.6,1018.3,54,.3,3.6,1.8,1.1,1.5,2.4,4.7,5.8
22101,2017-03-08,6.2,1015.7,61,3,3.7,1.6,1,1.6,2.6,5.4,6.4
22101,2017-03-09,5.6,1013.7,76,4.8,3.7,1.6,1,1.3,2.3,6,7.1
22101,2017-03-10,2.7,1019.8,81,4.8,3.8,.9,.5,1,1.5,5.3,6.4
22101,2017-03-11,2.3,1023.4,81,5.6,3.9,.5,.3,.3,.6,4.1,4.9
22101,2017-03-12,3.3,1021.4,88,5.5,4,.3,.1,.3,.7,3.5,4.9
22101,2017-03-13,5.4,1020,69,4.8,4.1,1.1,.7,.9,1.7,4.8,5.8
22101,2017-03-14,8,1020.5,62,5.4,4.1,1.7,1,1.7,3.2,5.1,6.4
22101,2017-03-15,4.2,1024,65,5,4.2,.9,.5,1,1.8,4.3,5.3
22101,2017-03-16,2.1,1022.5,82,5.1,4.3,.4,.2,.4,.6,3.3,8
22101,2017-03-17,1.5,1024.3,90,5.8,4.4,.3,.2,.3,.6,3.2,5.3
22101,2017-03-18,2,1025.2,90,6.3,4.5,.3,.2,.3,.5,3.5,7.1
22101,2017-03-19,1.7,1026.1,88,6,4.7,.3,.2,.2,.5,3,4.3
22101,2017-03-20,1.9,1019.7,78,6.3,4.7,.2,,.2,.3,3.4,7.1
22101,2017-03-21,7.1,1017.9,71,6.3,4.8,1.7,1,1.7,2.7,4.6,5.8
22101,2017-03-22,2.4,1021.9,83,6.6,5,.9,.6,.9,1.6,4.8,5.8
22101,2017-03-23,3.4,1021.5,77,7,5,.6,.4,.8,1.4,3.9,5.3
22101,2017-03-24,2.8,1021.7,79,6.5,5.1,.5,.3,.6,1,3.6,4.9
22101,2017-03-25,2.6,1020,82,5.6,5.1,.4,.2,.3,.5,3.6,8
22101,2017-03-26,2.9,1019.3,95,5.9,5.2,.4,.2,.5,.8,3.2,7.1
22101,2017-03-27,3.6,1020.6,95,6.7,5.3,.6,.4,.6,1,4.2,5.3
22101,2017-03-28,2.8,1023.6,96,5.6,5.4,.6,.3,.5,.9,4.5,5.3
22101,2017-03-29,2.4,1023.4,92,6.5,5.5,.4,.3,.4,.8,5,8
22101,2017-03-30,1.6,1022.6,93,7.2,5.6,.4,.2,.4,.7,5.4,7.1
22101,2017-03-31,1.8,1018.7,93,6.8,5.6,.4,.2,.3,.5,3.6,5.3
22101,2017-04-01,2.8,1017,91,7.3,5.8,.7,.4,.8,1.3,4.9,6.4
22101,2017-04-02,2.6,1019.4,93,7.7,5.9,.6,.3,.7,1.2,3.9,5.8
22101,2017-04-03,3.9,1023,95,7.2,6,.6,.4,.5,.8,3.8,4.9
22101,2017-04-04,3,1023.9,84,8.5,6.2,.5,.3,.4,.7,4.4,7.1
22101,2017-04-05,5.7,1016,83,9.5,6.2,.6,.4,.7,1.3,3.7,7.1
22101,2017-04-06,4.1,1012.9,98,8.3,6.3,.9,.5,.7,1.4,6,8
22101,2017-04-07,1.4,1015,98,8.4,6.5,.4,.2,.3,.6,5.1,7.1
22101,2017-04-08,2.9,1014,98,7,6.5,.6,.4,.7,1,3.7,5.8
22101,2017-04-09,3.7,1014,79,10.8,6.7,.7,.4,.6,1.1,4,5.8
22101,2017-04-10,5,1012,60,11,6.8,.5,.2,.4,.7,3,6.4
22101,2017-04-11,6.2,1007.7,75,9.7,7,1.1,.7,1.2,2.1,3.8,5.3
22101,2017-04-12,5.2,1016.1,69,9.4,7.2,1.1,.6,1.4,2.3,4.7,5.8
22101,2017-04-13,4.3,1016.5,93,8.9,7.3,.9,.5,.7,1.3,5,6.4
22101,2017-04-14,8.4,1011.5,83,10.2,7.3,1.8,1.1,1.7,2.8,6.3,8
22101,2017-04-15,3.3,1013.9,98,10.3,7.5,.9,.5,1.1,2,5.9,7.1
22101,2017-04-16,2.2,1015.1,98,9,7.6,.5,.3,.4,.6,4.4,5.3
22101,2017-04-17,3.1,1003,96,11,7.7,.4,.2,.4,.7,3.4,7.1
22101,2017-04-18,6.1,999.9,96,9.8,7.7,.9,.5,1.1,1.8,3.4,5.3
22101,2017-04-19,4.1,1011,85,9.7,8,1.2,.7,1.2,2,5.2,5.8
22101,2017-04-20,2.4,1013.1,84,10.3,8,.4,.3,.4,.6,4.1,5.3
22101,2017-04-21,2,1011.9,90,9.1,8.2,.4,.2,.8,1.2,3.9,5.3
22101,2017-04-22,2.9,1013.7,84,9.6,8.3,.7,.4,.6,1,3.8,4.6
22101,2017-04-23,3.3,1017.2,77,9.8,8.3,.4,.3,.4,.6,3.5,5.8
22101,2017-04-24,5.1,1018.4,75,10.7,8.5,1.1,.6,.9,1.5,5.1,6.4
22101,2017-04-25,3.3,1018.8,86,10.2,8.8,.9,.6,.8,1.3,5.5,7.1
22101,2017-04-26,4.1,1017.3,78,10.1,8.9,.7,.4,.7,1.2,3.9,5.3
22101,2017-04-27,4.1,1012.5,82,10.1,9.1,.7,.4,.6,1,4.2,5.3
22101,2017-04-28,4.9,1005.4,81,10.8,9.2,.9,.6,.8,1.3,4.8,6.4
22101,2017-04-29,4.8,1006.5,81,11,9.3,1,.6,.7,1.2,5,6.4
22101,2017-04-30,4.8,1007.3,90,10.8,9.5,.8,.5,.6,1.1,4.8,5.8
22101,2017-05-01,2.4,1016.4,95,8.9,9.6,.5,.3,.4,.9,5,5.8
22101,2017-05-02,1.8,1021.8,80,11.7,9.9,.3,.2,.2,.5,3.9,5.3
22101,2017-05-03,1.4,1021.2,79,12.2,10,.3,.2,.2,.4,4,5.8
22101,2017-05-04,2.2,1016.6,84,12.4,10.1,.3,.1,.2,.5,4.2,7.1
22101,2017-05-05,2.8,1014.5,86,12.5,10.5,.4,.2,.8,1.2,5.6,9.1
22101,2017-05-06,5.1,1016.1,75,11.6,10.4,1.3,.9,1.1,1.7,4.9,5.8
22101,2017-05-07,3.8,1014.5,86,11.8,10.6,1.1,.7,.9,1.7,5.3,6.4
22101,2017-05-08,5,1013.5,86,11.9,10.7,.7,.4,.6,.9,4.1,4.9
22101,2017-05-09,2.4,1010.9,86,12.2,10.7,.6,.3,.5,.9,4.6,6.4
22101,2017-05-10,3,1010.2,91,12,10.9,.5,.3,.5,1,5.4,8
22101,2017-05-11,3.3,1011.2,88,13.3,11.1,.6,.3,.5,.8,5.1,5.8
22101,2017-05-12,4.1,1008.5,93,12.5,11.2,.6,.4,.5,.9,4.5,5.3
22101,2017-05-13,6.6,1005.6,89,12.9,11.3,1.3,.8,1.5,2.9,4.8,7.1
22101,2017-05-14,6.3,1010.7,78,12.6,11.4,1.5,.9,1.3,2.2,5.3,6.4
22101,2017-05-15,5,1012.6,84,12.5,11.6,1.2,.7,1,1.8,4.5,5.8
22101,2017-05-16,2.4,1011.3,90,12.3,11.8,.5,.3,.4,.7,3.7,4.6
22101,2017-05-17,1.9,1011.9,92,11.9,12.1,.3,.2,.2,.5,3.7,6.4
22101,2017-05-18,4,1015.4,85,13.8,12.2,.5,.3,.5,.8,3.6,4.3
22101,2017-05-19,3.9,1016.8,84,14.1,12.4,.8,.4,.6,1,4.4,4.9
22101,2017-05-20,1.9,1016.3,84,14.4,12.7,.6,.4,.5,.9,4.5,5.3
22101,2017-05-21,1.5,1015.6,83,14.5,12.9,.4,.2,.3,.5,4.4,5.8
22101,2017-05-22,1.3,1014.4,87,15.1,12.9,.3,.2,.2,.4,4.9,8
22101,2017-05-23,1.9,1010.9,88,14.6,12.9,.3,.2,.2,.4,4.6,5.8
22101,2017-05-24,2.3,1008.9,91,14.3,13.2,.5,.3,.4,.7,4.8,7.1
22101,2017-05-25,6.3,1006.2,75,15.1,13.3,1.4,.9,1.9,3,4.7,6.4
22101,2017-05-26,5.5,1008.6,72,14.7,13.5,1.5,.9,1.3,2.4,4.7,5.3
22101,2017-05-27,2.4,1012.3,83,14.3,13.7,.5,.3,.7,1.1,4.6,9.1
22101,2017-05-28,5.5,1011.1,81,15.4,13.8,.9,.6,1,1.6,5.2,7.1
22101,2017-05-29,3.6,1011.9,91,14.8,14,.8,.5,.8,1.4,5.5,6.4
22101,2017-05-30,4.2,1009.5,86,15.8,14.2,.6,.3,.5,.9,4.4,6.4
22101,2017-05-31,2.1,1003.5,95,15.1,14.4,.5,.3,.5,.8,4.6,5.8
22101,2017-06-01,4.4,1000.4,90,15.8,14.4,.9,.5,1.2,2.4,4.5,6.4
22101,2017-06-02,4.3,1005.3,76,16.5,14.7,1,.6,.8,1.4,4.1,4.9
22101,2017-06-03,5.4,1008.9,81,15.5,14.9,1.2,.7,1.3,2.2,4.1,4.9
22101,2017-06-04,2.4,1012.5,86,16.6,15,.7,.4,.7,1,3.6,4.6
22101,2017-06-05,1,1015.2,83,17.4,15.3,.4,.2,.3,.5,3.5,6.4
22101,2017-06-06,4.8,1012.3,84,16.8,15.2,.4,.2,.6,.9,3,5.8
22101,2017-06-07,5.9,1005.3,92,16,15.3,1.2,.7,1.2,2.1,5.1,8
22101,2017-06-08,4.2,1010.3,96,16.1,15.4,1,.6,.9,1.5,4.7,5.8
22101,2017-06-09,6.8,1006.9,94,17.6,15.5,1.2,.7,.9,1.8,4.7,5.8
22101,2017-06-10,2.3,1007.8,81,17.2,15.8,.8,.5,.7,1.2,4.9,5.8
22101,2017-06-11,2.2,1008.9,74,17.9,15.9,.5,.3,.4,.7,3.7,5.3
22101,2017-06-12,2.9,1014.3,75,18,15.9,.4,.2,.4,.7,4,8
22101,2017-06-13,1.8,1015.1,92,17.2,16.1,.4,.2,.3,.6,4.7,6.4
22101,2017-06-14,2.8,1011.9,95,17.2,16.2,.5,.3,.4,.7,3.5,5.8
22101,2017-06-15,3.9,1008.6,95,17.7,16.4,.8,.5,.8,1.2,4.3,5.8
22101,2017-06-16,3.6,1009.4,94,18.4,16.6,.8,.5,.6,1.1,4.8,5.8
22101,2017-06-17,3.4,1010.8,93,18.1,16.8,.7,.4,.6,.9,4.4,4.9
22101,2017-06-18,1.8,1011,98,17.2,16.9,.6,.3,.4,.7,4.3,5.3
22101,2017-06-19,1.6,1010.1,98,17.8,17.2,.5,,.4,.7,4,4.9
22101,2017-06-20,1.3,1005.9,88,19.2,17.1,.5,.3,.4,.7,4.5,5.3
22101,2017-06-21,2.9,1006.5,95,19,17.3,.5,.3,.4,.7,3.8,6.4
22101,2017-06-22,1.7,1009.6,98,18.4,17.6,.4,.2,.3,.5,5,8
22101,2017-06-23,1.6,1007.1,96,19,17.7,.3,.2,.3,.5,4.8,8
22101,2017-06-24,1.7,1003.7,94,18.8,17.6,.4,.2,.2,.5,4.2,7.1
22101,2017-06-25,1.2,1003,89,19.9,17.9,.3,.2,.2,.4,5,9.1
22101,2017-06-26,1.9,1007,88,20.3,18.1,.3,.1,.2,.4,5.5,10.7
22101,2017-06-27,1.9,1010.1,92,20.1,18.2,.3,.1,.2,.5,4.9,9.1
22101,2017-06-28,1.8,1012.5,96,19.5,18.2,.4,.2,.2,.5,4.1,7.1
22101,2017-06-29,1.2,1011.8,97,19.4,18.4,.3,.2,.2,.5,3.6,5.8
22101,2017-06-30,.9,1009.3,97,19.2,18.5,.4,.2,.3,.5,3.9,6.4
22101,2017-07-01,1.7,1007.8,95,20.8,18.7,.4,,.2,.5,3.9,4.9
22101,2017-07-02,3.7,1006.8,97,20.7,18.8,.5,.3,.4,.7,4.4,6.4
22101,2017-07-03,5.4,1005.8,97,22.1,19,1,.6,.8,1.5,5.1,7.1
22101,2017-07-04,1.8,1006.5,98,21.1,19.1,.6,.3,.4,.7,5.5,10.7
22101,2017-07-05,1.6,1010.4,98,21.5,19.3,.5,.3,.4,.7,8.1,10.7
22101,2017-07-06,1.7,1010.3,96,21.7,19.5,.3,.2,.2,.4,5.5,8
22101,2017-07-07,6.5,1006.9,96,22.3,19.3,.8,.4,.8,1.3,4.3,6.4
22101,2017-07-08,4.9,1005.9,97,21.5,19.4,1,.6,.8,1.3,5.3,7.1
22101,2017-07-09,4.2,1006,97,21.7,19.6,.9,.5,.8,1.2,5.1,5.8
22101,2017-07-10,5,1000.6,98,21.9,19.7,1,.6,.9,1.5,5.4,6.4
22101,2017-07-11,3.4,1007.3,97,21.3,19.8,.8,.5,.6,1.1,6.3,9.1
22101,2017-07-12,2.7,1010.5,96,21.5,20,.7,.4,.5,.9,4.9,8
22101,2017-07-13,2.6,1008.3,95,21.7,20.1,.7,.4,.5,.9,4.6,5.8
22101,2017-07-14,4,1007.8,93,22.7,20.3,.8,.5,.7,1.2,4.8,5.8
22101,2017-07-15,2.9,1009.4,97,22.3,20.4,.9,.5,.8,1.4,5.5,6.4
22101,2017-07-16,2.9,1011.8,,,20.6,.6,.4,.5,1,5,7.1
22101,2017-07-17,2.9,1012.1,,,20.5,.6,.4,.5,.9,5.5,7.1
22101,2017-07-18,2.2,1009.7,,,20.9,.7,.4,.5,.9,4.9,5.8
22101,2017-07-19,1.9,1007.6,96,22.7,21.3,.4,.3,.3,.6,4.9,6.4
22101,2017-07-20,3.1,1006.8,96,23.4,21.1,.4,.2,.4,.7,4.5,6.4
22101,2017-07-21,3.8,1008,97,23.5,21.4,.5,.3,.4,.8,3.9,5.3
22101,2017-07-22,4.4,1009.1,98,23.6,21.5,.5,.3,.3,.7,3.9,5.3
22101,2017-07-23,3.2,1004.9,98,24.2,21.5,.6,.3,.4,.7,4.2,4.9
22101,2017-07-24,2.2,1002.9,98,24,21.6,.4,.2,.3,.7,4.4,6.4
22101,2017-07-25,2.2,1004,94,23.9,21.9,.3,.2,.3,.5,4.4,5.3
22101,2017-07-26,4.1,1007.2,84,24.3,22.1,.4,.2,.4,.8,3.3,4.9
22101,2017-07-27,2.2,1007.9,93,24,22.1,.5,.3,.5,1,4.4,8
22101,2017-07-28,2.1,1008,97,24.2,22.2,.6,.4,.5,.9,4.6,5.8
22101,2017-07-29,1.3,1007.5,95,23.7,22.3,.4,,.2,.5,3.8,4.9
22101,2017-07-30,1.5,1007.3,96,24.4,22.6,.4,.2,.3,.6,7.6,10.7
22101,2017-07-31,2.6,1008.5,94,24.3,22.5,.6,.4,.5,.8,10.1,12.8
22101,2017-08-01,2,1010.1,92,24.9,22.9,.6,.4,.5,.7,8.4,9.1
22101,2017-08-02,.9,1007.5,90,26.9,23.2,.6,.4,.4,.7,7.5,9.1
22101,2017-08-03,2.6,1004.8,89,25.9,23.1,.7,.4,.6,.9,6.7,9.1
22101,2017-08-04,3.1,1005.1,87,25.8,23.4,.8,.5,.7,1.2,5.6,6.4
22101,2017-08-05,1.3,1003.5,91,26.1,23.6,.6,.4,.5,.9,5.2,8
22101,2017-08-06,1.9,1000.8,94,24.7,23.5,.4,.2,.3,.5,4.5,5.8
22101,2017-08-07,2,1000.2,93,25.3,23.6,.6,.3,.7,1.3,4.4,5.8
22101,2017-08-08,1.9,1000.1,93,25.2,23.6,.5,.3,.5,.9,4,6.4
22101,2017-08-09,2.1,998,93,25.5,23.9,.4,.2,.3,.5,4.2,9.1
22101,2017-08-10,1.1,1000.8,92,25.2,24.1,.4,.2,.3,.6,6.5,9.1
22101,2017-08-11,1.3,1006.3,93,25.3,24.1,.4,.2,.3,.6,8.1,9.1
22101,2017-08-12,2.4,1010.4,84,25.5,24.1,.4,.2,.3,.6,6.2,9.1
22101,2017-08-13,5.3,1009.6,79,25.6,24.1,.5,.3,.5,1.1,4,7.1
22101,2017-08-14,8.3,1005.3,82,24.1,24.1,.9,.6,.7,1.2,3.6,6.4
22101,2017-08-15,8,1001.4,92,24.4,23.9,1,.6,.8,1.3,3.8,5.3
22101,2017-08-16,5.2,1004.3,92,23.8,23.9,.7,.4,.7,1.1,3.9,5.8
22101,2017-08-17,1.8,1008,89,24.8,24.3,.4,.2,.3,.5,4.2,7.1
22101,2017-08-18,1.7,1011,92,25.1,24.1,.4,.2,.3,.5,3.9,5.8
22101,2017-08-19,2.5,1011.7,91,24.7,24,.4,.2,.3,.5,3.9,4.9
22101,2017-08-20,8.1,1006.8,92,23.8,23.9,1,.6,1.2,1.9,4.2,8
22101,2017-08-21,5.8,1006.5,91,24.4,24,1.1,.7,1,1.5,5.9,7.1
22101,2017-08-22,1.4,1012.1,91,25.1,24,.5,.3,.4,.7,4.5,6.4
22101,2017-08-23,4.9,1011.3,95,25.7,24.1,.6,.3,.7,1.1,4.3,5.8
22101,2017-08-24,7.6,1006.4,91,25.4,24.3,1.6,1,1.6,2.5,5.7,7.1
22101,2017-08-25,2.5,1009.1,83,24.6,24.3,.9,.5,.9,1.4,5.3,8
22101,2017-08-26,3.2,1014.3,65,25.1,24.4,.8,.5,.7,1.3,4.7,5.8
22101,2017-08-27,1.8,1015.2,60,24.2,24.3,.4,.2,.3,.6,3.8,5.3
22101,2017-08-28,4.7,1011.5,75,22.9,24.3,.7,.4,1.3,2.3,4.2,8
22101,2017-08-29,10,1015.3,48,21.5,24.1,2.1,1.3,1.8,3.2,4.5,5.3
22101,2017-08-30,6,1014.5,63,21.8,23.9,1.2,.7,1.3,2.1,4.2,5.3
22101,2017-08-31,4.5,1012.7,70,22.7,23.9,1.4,.9,1.2,1.9,5.6,6.4
22101,2017-09-01,4.1,1013.1,65,23.5,23.9,.7,.3,.7,1.6,3.9,7.1
22101,2017-09-02,3.6,1012.9,72,23.5,23.9,.5,.3,.4,.7,3.1,6.4
22101,2017-09-03,1.4,1015,79,24.3,24,.3,.1,.2,.5,2.9,4.9
22101,2017-09-04,2.3,1015.3,75,23.6,23.8,.3,.1,.2,.4,3.9,8
22101,2017-09-05,3.4,1011.8,76,23.4,23.5,.3,.2,.2,.5,3.6,8
22101,2017-09-06,2.2,1009,76,21.2,23.4,.4,,.3,.5,3.6,6.4
22101,2017-09-07,2.9,1008.3,85,23.3,23.5,.5,.3,.5,.9,4.2,5.8
22101,2017-09-08,2.8,1011.9,86,23.7,23.5,.5,.3,.4,.8,4.2,5.3
22101,2017-09-09,1.8,1013.5,90,23.3,23.5,.4,.2,.3,.5,4.4,7.1
22101,2017-09-10,1.9,1013.5,92,23.2,23.4,.4,.2,.2,.5,3.5,5.3
22101,2017-09-11,5.7,1008,81,21.6,23.3,.8,.4,1,1.9,3.7,5.3
22101,2017-09-12,5.6,1014.3,68,23.4,23.3,1.1,.7,1,1.6,4.3,5.3
22101,2017-09-13,5.6,1019.2,64,22.7,23.2,1,.6,.8,1.4,4.2,4.9
22101,2017-09-14,5,1019.6,64,22.5,23.3,.7,.4,.7,1.3,,4.6
22101,2017-09-15,5.1,1018.7,64,23.3,23.3,.8,.5,.6,1,,12.8
22101,2017-09-16,6.6,1014.3,60,22.8,23.1,.9,.5,.8,1.3,9.7,12.8
22101,2017-09-17,6.2,1008.3,69,22.2,23,.9,.5,.8,1.4,4.5,10.7
22101,2017-09-18,3.4,1008.7,76,22.5,23.1,.7,.4,.7,1.3,3.8,4.9
22101,2017-09-19,6.7,1008.6,92,23.5,23,.8,.5,1,1.8,4,5.8
22101,2017-09-20,6.9,1013.1,56,20.2,22.8,1.3,.8,1.3,2.2,4.6,5.8
22101,2017-09-21,1.8,1014.4,65,21.5,22.7,.5,.3,.6,.9,4.5,8
22101,2017-09-22,2,1013.2,70,21.1,22.6,.3,.1,.2,.5,3.6,6.4
22101,2017-09-23,4.5,1015.3,88,22.4,22.5,.9,.5,.7,1.2,4.8,6.4
22101,2017-09-24,3,1015.5,91,21.7,22.4,.6,.3,.5,.8,4.1,5.3
22101,2017-09-25,2.8,1015,79,22.6,22.5,.5,.3,.4,.9,4.6,5.8
22101,2017-09-26,3.1,1012,81,23.5,22.5,.4,.2,.3,.5,3.7,6.4
22101,2017-09-27,5,1008.4,72,21.5,22.5,.9,,1.2,2.2,4.4,8
22101,2017-09-28,8.1,1011.6,53,19.5,22.4,1.9,1.1,1.8,3.8,4.9,6.4
22101,2017-09-29,5.6,1017.8,45,19.4,22.2,1.5,.9,1.3,2.2,5.1,7.1
22101,2017-09-30,6.3,1021.1,78,21.4,22.2,1.7,1,1.2,2,5.7,6.4
22101,2017-10-01,6.5,1016.2,76,20,22,1.1,.7,1,1.9,5.2,8
22101,2017-10-02,8.1,1011.9,72,20.4,21.9,1.4,.9,1.7,2.6,5.8,9.1
22101,2017-10-03,9.5,1019.3,52,17.4,21.6,2.3,1.4,1.6,2.7,4.9,5.8
22101,2017-10-04,8.1,1024,52,17.4,21.2,1.6,1,1.8,2.8,4.4,5.3
22101,2017-10-05,3.8,1023,68,19.5,21,.6,.3,.5,1,3.8,6.4
22101,2017-10-06,4.7,1019.1,66,20,20.9,.4,.2,.4,.8,3.8,8
22101,2017-10-07,3.1,1020.2,79,19.9,20.8,.4,.2,.3,.5,4,7.1
22101,2017-10-08,1.8,1022.7,83,20.7,20.7,.4,.1,.3,.5,4,9.1
22101,2017-10-09,2,1022.1,86,20.2,20.7,.3,.1,.2,.4,3.7,10.7
22101,2017-10-10,4.1,1018.7,92,21.1,20.6,.4,.2,.3,.6,4.1,9.1
22101,2017-10-11,7.8,1019.4,73,16.1,20.5,1.8,1.1,1.6,2.6,4.9,6.4
22101,2017-10-12,6.6,1021.7,56,14.3,20.2,1.3,.8,1.3,2.1,4.3,6.4
22101,2017-10-13,6.3,1023,50,15.3,20,.9,.6,.8,1.3,3.5,4.3
22101,2017-10-14,4.8,1026.2,45,17.5,19.9,.7,.4,.8,1.4,4.2,4.9
22101,2017-10-15,6.4,1027.3,51,17.7,19.7,.9,.5,.8,1.5,3.3,4.3
22101,2017-10-16,5.8,1027.3,53,18,19.6,.9,.5,1,1.9,3.5,4.6
22101,2017-10-17,4.4,1025,55,17.5,19.4,.8,.4,.8,1.4,3.9,9.1
22101,2017-10-18,6.5,1022.7,63,17.9,19.2,.7,.4,.7,1.3,3.5,5.3
22101,2017-10-19,4.5,1019.7,66,17.2,19.1,.5,.3,.5,.8,3.4,9.1
22101,2017-10-20,4,1019.5,71,17.8,19,.5,.3,.4,.7,3.5,5.8
22101,2017-10-21,5.8,1018.3,72,18.4,18.9,.6,.4,.6,.9,3.2,4.9
22101,2017-10-22,7.9,1014.1,64,,18.8,.9,.6,.9,1.3,3.9,5.3
22101,2017-10-23,5.2,1018.4,54,15.7,18.5,.7,.4,.7,1.2,5,6.4
22101,2017-10-24,2.9,1024.2,65,16.5,18.4,.6,.4,.5,.9,5.5,6.4
22101,2017-10-25,3.4,1025.6,67,15.9,18.4,.6,.3,.5,.9,3.8,5.8
22101,2017-10-26,2.3,1021.9,61,16.1,18.3,.5,.3,.5,.8,4.3,8
22101,2017-10-27,3.9,1020.4,68,17.6,18.3,.4,.2,.4,.8,2.7,7.1
22101,2017-10-28,4.7,1020.4,72,18,18.3,.6,.3,.6,1.3,2.9,5.8
22101,2017-10-29,11,1019,58,13.8,18.1,2.7,1.7,2.7,4.2,5.3,7.1
22101,2017-10-30,7.8,1026.4,45,10.6,17.8,2.2,1.3,2.3,3.7,4.9,6.4
22101,2017-10-31,4.2,1025.2,60,13.8,17.7,.8,.5,.8,1.5,4.4,5.8
22101,2017-11-01,6.2,1020.9,75,16.9,17.5,1.5,.9,1.3,2.3,5.5,7.1
22101,2017-11-02,5,1018.3,81,16.8,17.3,.9,.5,.7,1.2,5.2,6.4
22101,2017-11-03,9.4,1020.9,67,13.1,17.2,2,1.2,2,3.5,5.1,7.1
22101,2017-11-04,6.1,1029.5,57,9.3,16.8,1.6,1,1.8,2.9,5.2,6.4
22101,2017-11-05,2.7,1029.1,56,12.3,16.6,.7,.4,.7,1.2,5,6.4
22101,2017-11-06,3.6,1024.9,64,13.9,16.4,.8,.5,.7,1.1,5,6.4
22101,2017-11-07,5.1,1020.6,77,16.1,16.3,.9,.6,.8,1.3,5.2,6.4
22101,2017-11-08,7.8,1021.3,64,12.8,16.1,1.7,1,1.5,2.6,4.8,5.8
22101,2017-11-09,2.7,1024.4,47,11.5,15.9,.7,.4,.9,1.6,4.3,5.8
22101,2017-11-10,8.9,1016.8,68,14.2,15.8,1.7,1,2.2,4.5,4,7.1
22101,2017-11-11,7.2,1022.5,51,8.9,15.5,2,1.2,2,3.2,4.8,8
22101,2017-11-12,2.8,1022.2,56,9.7,15.3,.7,.4,.9,1.3,4,5.3
22101,2017-11-13,6.9,1017.1,72,12.6,15.1,1.1,.7,1.4,2.1,4.4,5.8
22101,2017-11-14,8.2,1019.7,48,10.4,15,2.3,1.4,1.7,2.8,5.6,7.1
22101,2017-11-15,7.4,1022.5,55,6.6,14.7,2.2,1.3,1.9,2.8,5.9,7.1
22101,2017-11-16,2.8,1025.8,46,4.6,14.4,.8,.4,1.1,1.9,5.1,5.8
22101,2017-11-17,6.3,1019.7,58,8,14.2,.7,.4,1.5,2.3,3.6,4.9
22101,2017-11-18,10.3,1025,57,1.1,13.7,2.6,1.6,2.1,4.5,5.3,6.4
22101,2017-11-19,4.9,1027.7,56,3,13.3,1.2,.8,1.3,2.2,5.6,7.1
22101,2017-11-20,4.9,1026.9,61,4.7,13,1.1,.7,1,1.8,5.2,6.4
22101,2017-11-21,3.6,1026.5,60,6,12.8,.7,.4,.7,1,5.3,6.4
22101,2017-11-22,8.6,1018.6,64,9.1,12.7,1.8,1.1,1.9,3.6,5.4,7.1
22101,2017-11-23,7.7,1020.9,55,5.1,12.4,2.4,1.5,2.2,3.8,6.4,8
22101,2017-11-24,4.3,1024.9,69,2.9,12.2,2,1.2,1.9,3.1,6.8,8
22101,2017-11-25,7.2,1022.7,59,9.3,12,2.2,1.3,2,3.5,6.3,8
22101,2017-11-26,5.4,1025.4,57,7,11.8,1.6,1,1.4,2.2,6.9,8
22101,2017-11-27,2.5,1027.5,54,4.6,11.7,.7,.4,.7,1,4.7,5.8
22101,2017-11-28,4.1,1022.6,72,8.9,11.6,.5,.3,.6,1.1,3.7,5.8
22101,2017-11-29,8.5,1027.4,58,4,11.5,1.8,1.1,1.6,2.6,4.5,5.3
22101,2017-11-30,9.4,1030,51,.7,11.2,2.1,1.3,1.5,3.1,4.7,5.3
22101,2017-12-01,5.1,1031.1,54,1.8,11,1,.6,1,1.8,4.4,5.8
22101,2017-12-02,5.1,1027.9,63,6.1,10.7,.9,.5,.7,1.2,5.4,7.1
22101,2017-12-03,4.9,1023.2,69,9.4,10.6,1.3,.8,1.2,1.9,5.6,7.1
22101,2017-12-04,9.2,1024.4,60,1.3,10.3,2.1,1.3,1.9,2.9,5,5.8
22101,2017-12-05,5.1,1023.4,60,-.7,10,1.3,.8,1.7,3,5.7,7.1
22101,2017-12-06,6.1,1021.9,65,5.5,9.7,1.6,1,1.7,2.4,6.5,8
22101,2017-12-07,7.3,1023.4,57,3.6,9.6,1.5,1,1.4,2.4,5.6,7.1
22101,2017-12-08,6.6,1024.7,61,-.1,9.4,1.7,1.1,1.8,2.9,5.2,6.4
22101,2017-12-09,3.2,1020.3,68,3.9,9.3,1.1,.7,1.1,2.4,6,8
22101,2017-12-10,8.8,1014.9,68,5.9,9.2,2.1,1.3,2.7,4,5.6,8
22101,2017-12-11,9.9,1024.6,61,-2.9,9,2.8,1.7,2.1,3.5,5.8,8
22101,2017-12-12,8.3,1030.7,62,-4.4,8.5,1.9,1.2,1.6,3.3,4.5,4.9
22101,2017-12-13,6.6,1032.9,56,-3.4,8.2,1.5,.9,1.2,2.2,4.6,5.3
22101,2017-12-14,3.5,1032.4,52,-2.5,8,.5,.3,.6,1.1,4.3,8
22101,2017-12-15,4.3,1027.3,62,1.5,7.8,.6,.3,1.3,1.9,4,5.8
22101,2017-12-16,8.3,1028.6,56,-2.3,7.5,1.9,1.2,1.8,3,5,7.1
22101,2017-12-17,5.2,1031.2,59,-3,7.2,1.7,1,2,3.3,6.4,8
22101,2017-12-18,8.1,1026.7,60,4.8,7,2,1.3,1.8,2.7,5.9,7.1
22101,2017-12-19,7.3,1032.4,60,-1.3,6.8,1.9,1.2,1.7,3,5.8,7.1
22101,2017-12-20,6.3,1030.5,72,2.1,6.6,1.2,.7,1,1.7,5.4,6.4
22101,2017-12-21,3.6,1031.5,64,2.7,6.6,1,.6,1.2,1.8,5.5,7.1
22101,2017-12-22,5.8,1025.6,73,7,6.5,1,.6,1,1.6,4.8,6.4
22101,2017-12-23,2.4,1022.9,90,5.6,6.6,1,.6,1,1.7,5.6,6.4
22101,2017-12-24,7,1014.5,75,5,6.6,1.2,.7,1.8,2.9,4.3,6.4
22101,2017-12-25,7.1,1024.1,57,.5,6.5,2.1,1.2,2.2,3.5,5.2,7.1
22101,2017-12-26,8.1,1026.8,55,-.6,6.4,2.1,1.2,1.7,2.9,5.2,6.4
22101,2017-12-27,5.5,1031.1,46,-3.1,6.2,1.3,.8,1.4,2.6,4.4,5.8
22101,2017-12-28,2.3,1030.2,62,1.3,6,.3,.2,.3,.5,4.2,5.3
22101,2017-12-29,3.1,1027.5,81,4.7,6,.9,.5,.8,1.4,4.4,5.3
22101,2017-12-30,3.6,1025.2,80,2.6,6,.4,.3,.5,.9,4.2,4.9
22101,2017-12-31,6.9,1024.6,56,2.8,5.9,1.3,.8,1.1,1.7,4.4,4.9
22101,2018-01-01,2.7,1028.1,48,3,5.8,.8,.5,.8,1.3,5.1,5.8
22101,2018-01-02,5.7,1029.9,49,1.6,5.6,.8,.5,.9,1.6,4,5.3
22101,2018-01-03,7.7,1031.9,57,-2.1,5.5,1.6,1,1.3,2.1,4.8,5.8
22101,2018-01-04,4.1,1028.3,55,-2.9,5.2,1.1,.6,1.1,1.9,5,6.4
22101,2018-01-05,5,1021.9,62,-.2,5.2,.9,.6,1.1,1.9,4.6,5.8
22101,2018-01-06,4.8,1024.3,54,.8,5.1,1.3,.8,1.2,1.9,5.1,6.4
22101,2018-01-07,2.5,1021.9,56,1.6,5,.4,.3,.4,.7,4.5,5.3
22101,2018-01-08,6,1012.5,63,2.4,5,1.2,.7,2.9,5.2,4.4,9.1
22101,2018-01-09,7,1014.3,78,-1.7,4.9,3.1,1.9,3.1,5.3,7.2,9.1
22101,2018-01-10,9,1019.6,63,-4.1,4.7,2.7,1.6,1.9,3.3,6.4,8
22101,2018-01-11,10.1,1027.9,65,-7.5,4.4,2.6,1.6,1.8,3.3,5.3,6.4
22101,2018-01-12,5.4,1031.9,67,-6.5,4.2,1.5,.9,1.6,2.7,5.3,6.4
22101,2018-01-13,4.7,1031.5,81,.5,4,1.3,.8,1,1.8,5.7,6.4
22101,2018-01-14,6.4,1028,76,3.9,4,1.2,.7,1.2,1.9,5.4,6.4
22101,2018-01-15,2.9,1024.2,83,4,4,1.4,.8,1.4,2.1,6.5,8
22101,2018-01-16,2.8,1018.5,78,3.8,4,.4,.3,.5,1.1,4.9,8
22101,2018-01-17,2.6,1018.5,83,3.7,4,.3,.1,.2,.5,3.8,7.1
22101,2018-01-18,3.8,1024.3,73,2.7,4,.6,.3,.5,.9,4.1,4.9
22101,2018-01-19,2.8,1025,52,2.6,4,.4,.2,.3,.6,4.2,7.1
22101,2018-01-20,3.6,1023.1,78,4.1,4,.7,.4,.6,1.1,4.3,5.3
22101,2018-01-21,3.7,1024.1,46,1.5,4,.5,.3,.6,1,3.7,5.8
22101,2018-01-22,5.5,1016.6,67,1.6,4,.9,.5,1.6,2.8,4.5,7.1
22101,2018-01-23,9.7,1025.3,60,-8.2,3.8,2.5,1.5,2.2,3.8,5.2,5.8
22101,2018-01-24,9.6,1030.3,60,-9.8,3.5,2.2,1.4,1.7,2.8,4.9,5.3
22101,2018-01-25,9.5,1031.9,60,-10,3.2,2.4,1.5,1.9,3.7,5.3,6.4
22101,2018-01-26,8.3,1031.4,62,-11,2.8,2.2,1.3,1.9,3.1,5,6.4
22101,2018-01-27,3,1029.9,54,-6.6,2.6,.8,.5,.7,1.1,4.9,5.8
22101,2018-01-28,6.3,1024,51,-3.1,2.6,1.2,.8,1.3,1.9,4.2,5.8
22101,2018-01-29,7,1025,56,-5.4,2.4,1.9,1.1,1.4,2.7,6.1,8
22101,2018-01-30,4.6,1026,58,-1.3,2.3,1.4,.9,1.2,2,5.9,7.1
22101,2018-01-31,4.3,1028.3,46,-.3,2.1,1.2,.7,1.3,2,6,8
22101,2018-02-01,4.2,1030.1,45,-1.6,2,.5,.3,.6,1,4,8
22101,2018-02-02,4.1,1029.4,59,-.6,2,.6,.3,.8,1.4,4,8
22101,2018-02-03,10.1,1029.8,60,-5,1.8,2.6,1.6,1.8,3.2,5.4,6.4
22101,2018-02-04,9.1,1029.7,57,-6.4,1.7,2.2,1.4,1.7,3.3,5.5,8
22101,2018-02-05,8.8,1027.8,53,-6.3,1.5,1.9,1.2,1.5,2.7,5,6.4
22101,2018-02-06,8.7,1027,54,-7.3,1.3,2.1,1.3,1.5,2.6,5.2,5.8
22101,2018-02-07,2,1027.2,52,-5.2,1.1,.8,.5,1,1.8,5.1,7.1
22101,2018-02-08,1.9,1025.4,55,-2.3,1.2,.4,.2,.3,.5,4.9,8
22101,2018-02-09,3.6,1022.6,72,1.1,1.2,.5,.3,.4,.8,4.3,8
22101,2018-02-10,7.7,1023.2,68,-.2,1.1,1.7,1.1,1.8,3,4.9,6.4
22101,2018-02-11,5.7,1023.2,66,-4.5,1.1,2.3,1.4,2.2,3.5,6.7,8
22101,2018-02-12,5.1,1023,60,-3.5,1.1,2.3,1.4,2,3.4,6.9,8
22101,2018-02-13,5.6,1021.9,63,1.1,1.1,2.1,1.3,2.1,3.5,6.6,8
22101,2018-02-14,8.2,1017.4,71,2.5,1.1,2.4,1.5,2,3,7.4,8
22101,2018-02-15,6.9,1023.7,50,-1.1,1.1,1.4,.9,1.3,2.4,4.6,5.8
22101,2018-02-16,4.5,1020.1,53,-.6,1.1,.8,.4,1.3,2.5,4,6.4
22101,2018-02-17,6.5,1026.1,41,-2,1.1,1.4,.9,1.4,2.1,4.7,5.8
22101,2018-02-18,2.9,1027.1,45,-.5,1.1,.4,.2,.6,1.1,3.8,6.4
22101,2018-02-19,1.5,1025.1,80,1,1.1,.3,,.1,.4,4.1,8
22101,2018-02-20,4.5,1024.7,61,.9,1.2,.6,.3,.8,1.4,3.2,6.4
22101,2018-02-21,5.8,1025.5,46,-.2,1.2,.9,.5,.9,1.6,3.8,4.6
22101,2018-02-22,5.2,1021.5,79,2.5,1.2,1.4,.8,1.4,2.3,5.1,7.1
22101,2018-02-23,4.8,1021,89,3.1,1.3,1.5,1,1.5,2.4,6.2,7.1
22101,2018-02-24,4.7,1028.7,64,.6,1.3,1.2,.7,.9,1.7,5.3,6.4
22101,2018-02-25,4,1026.5,63,.3,1.5,.7,.4,.5,.9,3.3,4.6
22101,2018-02-26,2.5,1025.4,63,1.3,1.5,.5,.3,.5,.8,4.7,7.1
22101,2018-02-27,2.7,1023.2,79,2.6,1.5,.8,.4,.6,1,5.2,6.4
22101,2018-02-28,6.1,1010.8,80,3.8,1.6,.7,.4,.7,1.2,3.9,5.8
22101,2018-03-01,9.7,1013.7,66,-.2,1.6,2.5,1.5,2.6,4,5.3,7.1
22101,2018-03-02,2.8,1019.2,47,-.8,1.7,.9,.5,1.4,2.3,5.4,7.1
22101,2018-03-03,2.6,1014.4,66,3.4,1.7,.6,.3,.5,1,4.8,6.4
22101,2018-03-04,5.3,1013.3,94,4.4,1.8,.8,.5,1.1,1.6,4.4,5.8
22101,2018-03-05,7.2,1018.4,79,3.5,2,1.3,.8,1.3,2.2,4.8,6.4
22101,2018-03-06,3.7,1030.5,75,2.1,2.1,.8,.5,.6,1.4,4.9,6.4
22101,2018-03-07,3.3,1027.5,76,3.5,2.2,.5,.3,.4,.9,4.2,6.4
22101,2018-03-08,5.8,1021.5,83,2.5,2.2,1.1,.7,1.8,2.8,4.7,6.4
22101,2018-03-09,3.9,1024.3,73,2.2,2.4,1.2,.7,1.1,2,5.7,8
22101,2018-03-10,4,1024.5,88,3,2.5,.7,.4,.7,1.1,4.3,5.3
22101,2018-03-11,1.6,1026.4,95,1.4,2.7,.7,.4,.6,1,4.8,5.8
22101,2018-03-12,3.5,1022.7,90,2.9,2.6,.4,.2,.4,.6,3.7,4.6
22101,2018-03-13,6,1018.3,85,6.1,2.7,1,.6,.8,1.4,4.9,5.8
22101,2018-03-14,6.8,1018.4,88,7.4,2.9,1,.6,.8,1.4,4.4,5.3
22101,2018-03-15,5.1,1014.3,92,5.9,3.1,1.1,.6,1.2,2.1,5,6.4
22101,2018-03-16,5.2,1024.7,77,4.1,3.3,1.3,.8,1.5,2.6,5.1,7.1
22101,2018-03-17,2.6,1027.8,82,3.6,3.3,.5,.3,.4,.8,4.5,6.4
22101,2018-03-18,2,1022.1,87,4,3.4,.2,.1,.2,.3,4.8,6.4
22101,2018-03-19,6.2,1016.3,78,6.2,3.4,.5,.3,.6,1,2.9,4.3
22101,2018-03-20,8.6,1022.9,52,4.8,3.5,.8,.5,.8,1.4,3.8,5.3
22101,2018-03-21,6.9,1018.9,72,2.1,3.5,.9,.5,.7,1.2,3.9,5.3
22101,2018-03-22,3.6,1016.1,80,3.7,3.6,.6,.3,.4,.9,4.3,7.1
22101,2018-03-23,2.4,1020.3,89,3.7,3.7,.4,.2,.4,.6,3.9,6.4
22101,2018-03-24,3.5,1022.8,91,4.5,3.8,.4,.3,.4,.7,3.9,7.1
22101,2018-03-25,2.8,1025.5,97,2.8,3.9,.4,.2,.3,.5,3.5,4.3
22101,2018-03-26,1.8,1022.7,97,2.8,4,.5,.3,.4,.7,3.7,4
22101,2018-03-27,4.7,1018,90,6.3,4,.6,.3,.5,.9,3.7,4.6
22101,2018-03-28,5.5,1016.7,92,6.8,4.1,1.1,.7,.8,1.4,4.8,5.8
22101,2018-03-29,2.1,1020.6,93,6.5,4.3,.7,.5,.8,1.3,5.5,6.4
22101,2018-03-30,2.2,1023.7,86,6.2,4.4,.3,.2,.3,.6,4.5,5.3
22101,2018-03-31,2.9,1020.8,86,7,4.7,.2,.1,.2,.3,5.2,9.1
22101,2018-04-01,3.2,1016.6,91,7.2,4.7,.4,.2,.3,.5,4.2,4.9
22101,2018-04-02,4.3,1015.6,93,8.9,4.9,.4,.3,.4,.6,4,5.3
22101,2018-04-03,4,1017,97,8.8,5,.5,.3,.4,.6,4.2,4.9
22101,2018-04-04,4.3,1018.4,87,7.2,5.1,.8,.5,.7,1.1,4.5,6.4
22101,2018-04-05,5.2,1015.8,93,7.3,5.2,.5,.3,.5,.8,4,7.1
22101,2018-04-06,8.8,1013.1,75,5.2,5.3,2.4,1.5,2.8,4.8,5.4,9.1
22101,2018-04-07,10.3,1015.9,54,4.9,5.3,3.1,1.9,2.6,4.6,6.2,9.1
22101,2018-04-08,6.9,1014.9,70,5.7,5.5,1.6,1,1.3,2,5.7,7.1
22101,2018-04-09,2.2,1018.2,78,5.5,5.9,1.1,.7,1.1,1.9,6.5,8
22101,2018-04-10,10.4,1009.8,77,10.3,5.7,1.8,1.1,2.1,3.7,5,8
22101,2018-04-11,5.1,1012.3,82,7.4,5.9,1.3,.8,1.2,2.1,5.9,8
22101,2018-04-12,3.2,1019.2,76,7.8,6.1,.7,.4,.7,1,4.5,5.8
22101,2018-04-13,2.9,1022.3,58,9.9,6.1,.4,.2,.5,.7,4.6,7.1
22101,2018-04-14,5.7,1010.8,84,7.7,6.1,.6,.4,1,1.7,3.2,5.8
22101,2018-04-15,5.9,1014,81,7.3,6.3,1.4,.8,1.3,2.1,4.8,6.4
22101,2018-04-16,3,1020.6,78,7.8,6.5,.7,.4,1,1.5,4.9,5.8
22101,2018-04-17,1.4,1020.9,82,7.5,6.6,.3,.1,.2,.4,4.6,7.1
22101,2018-04-18,1.9,1018.7,76,7.7,6.9,.2,.1,.2,.3,4.1,6.4
22101,2018-04-19,4.2,1018.5,82,8,6.9,.6,.3,.5,.8,4.3,5.8
22101,2018-04-20,1.6,1020.3,84,9,7.1,.5,.3,.4,.7,4.4,5.3
22101,2018-04-21,1.8,1018.8,80,10.6,7.3,.4,.3,.5,.8,4.2,5.3
22101,2018-04-22,6.4,1017.2,85,11.4,7.4,.7,.4,.9,1.4,4.6,6.4
22101,2018-04-23,10,1013.8,90,9.7,7.4,1.2,.8,.9,1.5,3.5,4.6
22101,2018-04-24,5.6,1012,80,9.5,7.5,.7,.4,.5,.9,3.6,7.1
22101,2018-04-25,2.3,1014.4,80,9.3,7.7,.4,.2,.3,.5,4.2,6.4
22101,2018-04-26,3,1014.8,84,9.3,7.7,.3,.2,.2,.5,3.9,6.4
22101,2018-04-27,2.1,1015.1,88,9,8,.4,.2,.4,.7,3.6,5.8
22101,2018-04-28,2.8,1017.4,86,8.7,8,.4,.2,.3,.6,4.3,9.1
22101,2018-04-29,3.8,1014.1,86,8.9,8.2,.4,.2,.5,.8,3.9,5.3
22101,2018-04-30,1.9,1014.9,91,11.1,8.3,.6,.3,.6,1,4.7,5.8
22101,2018-05-01,2.4,1014.3,97,11.9,8.4,.3,.2,.2,.4,4.4,5.3
22101,2018-05-02,4.9,1006.6,92,10.2,8.5,1.1,.6,2,3.7,4.8,7.1
22101,2018-05-03,7.9,1009.5,77,9.8,8.6,2.1,1.3,1.9,3.4,5.5,7.1
22101,2018-05-04,7.4,1012.6,74,10.7,8.8,1.9,1.1,1.7,2.6,5.6,6.4
22101,2018-05-05,6.6,1014.5,82,11.8,9,1.6,1,1.2,2,5.7,6.4
22101,2018-05-06,4.4,1007.4,95,12.4,9.3,.8,.5,.8,1.3,6.1,8
22101,2018-05-07,2.6,1007.1,87,11.8,9.4,.5,.3,.4,.6,6.8,8
22101,2018-05-08,4.5,1013.5,74,13.8,9.6,.6,.3,.4,.8,3.7,7.1
22101,2018-05-09,3.3,1021.6,81,11.2,9.9,.4,.2,.4,.7,4.4,7.1
22101,2018-05-10,3,1023.6,93,10.2,9.6,.5,.3,.4,.7,3.8,8
22101,2018-05-11,1.8,1019.4,96,9.5,9.7,.6,.3,.4,.7,4.2,4.9
22101,2018-05-12,3.9,1009.9,91,11.1,9.8,.5,.3,.4,.7,3.7,4.9
22101,2018-05-13,2.8,1009.6,95,10.2,9.9,.4,.2,.3,.6,4,5.3
22101,2018-05-14,3,1011.7,91,11.1,10.2,.4,.2,.3,.5,3.8,4.9
22101,2018-05-15,3.7,1009.9,81,15.5,10.4,.5,.3,.4,.7,4.4,5.3
22101,2018-05-16,6.5,1004.6,96,15.2,10.5,1.2,.7,1.2,2.1,5.3,7.1
22101,2018-05-17,3.7,1003.9,97,13.9,10.6,.8,.4,.6,1.2,6,7.1
22101,2018-05-18,3.3,1006.2,94,12.2,10.8,.6,.3,.5,.8,6,8
22101,2018-05-19,4.7,1015.6,73,14.2,10.9,.5,.3,.6,.9,4.6,7.1
22101,2018-05-20,4.4,1018.9,58,15,10.9,.4,.2,.2,.5,3.8,8
22101,2018-05-21,3.5,1018.4,69,13.5,11.1,.4,.2,.3,.5,4.3,7.1
22101,2018-05-22,1.8,1012.6,89,13.3,11.2,.3,.2,.2,.5,6.2,9.1
22101,2018-05-23,3.9,1009.8,90,12.4,11.4,.7,.4,.5,1,4.2,8
22101,2018-05-24,6.1,1009.6,81,13.2,11.5,1,.6,.8,1.4,4.1,5.3
22101,2018-05-25,2.7,1008.9,70,14.1,11.7,.8,.5,.6,1.2,5,5.8
22101,2018-05-26,1.9,1009.8,83,14.1,11.9,.4,.2,.4,.6,3.9,4.9
22101,2018-05-27,1.9,1011.1,81,13.6,12,.3,.2,.2,.4,4.7,6.4
22101,2018-05-28,1.1,1010.7,85,14.1,12.3,.4,.2,.2,.5,4.7,7.1
22101,2018-05-29,2.6,1011.7,93,14.2,12.3,.4,.3,.4,.6,4.2,5.3
22101,2018-05-30,2.2,1011.1,95,13.7,12.5,.6,.3,.6,1,4,4.6
22101,2018-05-31,2.6,1012.6,90,14,12.7,.5,.3,.4,.8,3.3,4
22101,2018-06-01,1.2,1015.7,86,14.7,13,.4,.2,.3,.5,3.7,6.4
22101,2018-06-02,1.6,1016.2,89,15,13.1,.3,.1,.3,.5,3.9,5.8
22101,2018-06-03,1.1,1013.9,83,15.9,13.3,.3,.1,.2,.4,3.4,4.6
22101,2018-06-04,2.7,1013.3,93,14.9,13.4,.3,.1,.2,.4,4.6,7.1
22101,2018-06-05,1.4,1012.3,80,16.8,13.7,.5,.3,.4,.9,3.9,4.6
22101,2018-06-06,1.5,1013.1,93,16.2,14,.6,.4,.5,.9,4.3,4.9
22101,2018-06-07,1.5,1012.8,95,15.5,13.9,.7,.4,.5,.8,4.7,5.8
22101,2018-06-08,1.4,1009.8,94,15.7,14.1,.5,.3,.3,.7,4.1,7.1
22101,2018-06-09,2,1007.3,94,15.8,14.3,.4,.2,.2,.6,3.7,8
22101,2018-06-10,3.8,1004.7,84,17.2,14.2,.4,.2,.3,.6,4.3,9.1
22101,2018-06-11,3.1,1001.2,88,16.4,14.3,.4,.2,.4,.5,9.2,10.7
22101,2018-06-12,2.1,1003.7,92,15.8,14.6,.3,.1,.2,.5,8,10.7
22101,2018-06-13,3.2,1006.6,93,16,14.6,.5,.2,.7,1.5,6.2,9.1
22101,2018-06-14,2.9,1007.5,90,17.4,14.6,.9,.5,.9,1.7,5.8,7.1
22101,2018-06-15,4.2,1010.6,80,17.9,14.9,.6,.4,.6,.9,5.4,6.4
22101,2018-06-16,3.1,1012.6,79,17.2,15.1,.4,.2,.3,.6,5.1,9.1
22101,2018-06-17,1.4,1011,93,15.8,15,.4,.2,.2,.5,6.4,9.1
22101,2018-06-18,1.4,1007.8,93,16.5,15.3,.4,.2,.3,.5,6.8,10.7
22101,2018-06-19,1.7,1005.6,92,16.6,15.4,.4,.2,.2,.5,7.4,9.1
22101,2018-06-20,2.1,1004.9,96,16.4,15.6,.4,,.3,.8,3.9,8
22101,2018-06-21,1.6,1008,95,16.9,15.8,.6,.3,.4,.8,4.9,9.1
22101,2018-06-22,2.2,1008.9,89,17.7,16.1,.4,.2,.3,.6,6.4,9.1
22101,2018-06-23,3.1,1005.1,89,17.9,16.1,.8,.4,.6,1,4.8,5.8
22101,2018-06-24,3.6,1008.5,96,17.2,16.2,.6,.3,.4,.7,4.4,4.9
22101,2018-06-25,2.4,1010.7,94,17.9,16.5,.5,.3,.4,.7,4.1,4.9
22101,2018-06-26,8.1,1003.2,95,18.9,16.3,1.2,.7,1.5,2.7,4.8,7.1
22101,2018-06-27,3.6,1002.8,97,17.6,16.4,1.2,.7,1.3,2.1,5.8,8
22101,2018-06-28,3,999.5,98,18.3,16.6,.6,.4,.5,.9,5.3,8
22101,2018-06-29,1.3,1003.4,98,18.1,16.7,.6,.3,.4,.7,5.1,8
22101,2018-06-30,1.5,1009.6,94,19,16.9,.4,.2,.3,.5,5.5,7.1
22101,2018-07-01,4.7,1008.4,94,19.5,16.9,.6,.3,.6,1,5.7,7.1
22101,2018-07-02,4.8,1006.7,96,19.7,17,.6,.4,.5,.9,4.8,6.4
22101,2018-07-03,3.1,1000.1,93,21,17.2,.5,.3,.4,.7,8.6,10.7
22101,2018-07-04,2.9,999.1,95,19.3,17.7,.6,.3,.4,.7,5.3,9.1
22101,2018-07-05,1.6,1003.2,96,20.2,17.8,.4,.2,.2,.5,8,9.1
22101,2018-07-06,5.9,1007.6,79,21,17.8,.6,.4,.5,.8,5.5,9.1
22101,2018-07-07,5,1010.1,80,20,18.1,.6,.3,.5,.9,5.5,9.1
22101,2018-07-08,3.9,1012.1,76,20.2,18.2,.6,.3,.5,.9,5.2,8
22101,2018-07-09,5.3,1014,90,20,18.1,.6,.3,.5,.9,4.6,8
22101,2018-07-10,4.4,1013.6,91,20.7,18.2,.8,.5,.7,1.1,6.2,7.1
22101,2018-07-11,3.3,1014.7,92,21.4,18.5,.8,.5,.7,1.2,5.7,6.4
22101,2018-07-12,2.9,1013.6,97,20.7,18.6,.8,.5,.9,1.3,9.8,12.8
22101,2018-07-13,2.8,1012.6,96,20.4,18.6,.8,.5,.7,1,7.1,9.1
22101,2018-07-14,3.7,1011.4,96,20.8,18.8,.9,.5,.7,1.1,5.4,6.4
22101,2018-07-15,1.9,1012.6,96,21,19.2,.8,.5,.8,1.2,5.1,6.4
22101,2018-07-16,.7,1013.1,96,20.8,19.2,.5,.3,.4,.8,4.4,5.8
22101,2018-07-17,1.7,1012.7,97,20.6,19.2,.5,.3,.4,.6,4.9,6.4
22101,2018-07-18,.8,1012.6,95,21,19.5,.5,.3,.4,.6,4.6,5.8
22101,2018-07-19,1,1011.9,97,20.9,19.8,.5,.3,.3,.6,4.6,5.8
22101,2018-07-20,.9,1010.2,97,20.6,20.1,.4,.2,.3,.5,4.6,5.8
22101,2018-07-21,.8,1009.6,96,21.8,20.5,.4,.2,.2,.6,4.6,7.1
22101,2018-07-22,1.9,1008.9,90,24,20.7,.4,.2,.3,.6,8.6,12.8
22101,2018-07-23,1.1,1009.5,85,24.9,20.9,.9,.5,.8,1.2,8.2,10.7
22101,2018-07-24,1.7,1007.8,91,23.6,21.2,.7,.4,.6,1,6.5,8
22101,2018-07-25,3.7,1007.3,94,22.8,20.8,1,.6,.8,1.4,6,9.1
22101,2018-07-26,2,1007.8,96,23.7,20.9,.6,.4,.5,.8,5,6.4
22101,2018-07-27,1.1,1007.9,97,22.5,21.1,.5,.2,.3,.7,4.2,5.3
22101,2018-07-28,1.1,1006.5,96,23.8,21.3,.4,.2,.2,.5,4.3,5.3
22101,2018-07-29,3.4,1004.2,84,25.4,21.4,.3,.1,.2,.5,3.6,5.8
22101,2018-07-30,3.5,1004.4,84,24.5,21.7,.4,.2,.3,.6,4,7.1
22101,2018-07-31,2.1,1005,86,24.3,21.9,.3,.1,.2,.4,4.2,7.1
22101,2018-08-01,1.9,1003.9,93,24.5,22.1,.3,.1,.2,.5,3.8,7.1
22101,2018-08-02,1.3,1005.7,90,24.9,22.3,.3,,.2,.5,4,7.1
22101,2018-08-03,1.6,1007.6,95,24.2,22.5,.3,,.3,.5,5.5,9.1
22101,2018-08-04,,1008.7,92,24.6,22.7,,,.5,.8,,9.1
22101,2018-08-05,,,,,,,,.5,.9,,5.8
22101,2018-08-06,,,,,,,,.4,.7,,6.4
22101,2018-08-07,,,,,,,,.2,.5,,3.8
22101,2018-08-08,,,,,,,,.3,.6,,4.3
22101,2018-08-09,2.2,1004.8,95,24.4,23.6,.6,.3,.4,.8,3.5,4.6
22101,2018-08-10,,,,,,,,.4,.7,,4.6
22101,2018-08-11,,,,,,,,.3,.6,,4.9
22101,2018-08-12,,,,,,,,.2,.4,,5.3
22101,2018-08-13,,,,,,,,.4,.7,,6.4
22101,2018-08-14,,,,,,,,.6,1.1,,9.1
22101,2018-08-15,,,,,,,,.6,1,,9.1
22101,2018-08-16,4.1,1008.9,74,27.5,24.4,.5,.3,.6,1,6.3,10.7
22101,2018-08-17,6.9,1011.6,62,25.4,24.3,.9,.5,.9,1.5,7.7,10.7
22101,2018-08-18,5.1,1011.1,70,24.4,24.3,.8,.5,.6,1.2,7.7,9.1
22101,2018-08-19,,,,,,,,.5,.9,,9.1
22101,2018-08-20,7,1004.8,80,25.6,24.4,1.4,.8,2.2,3.3,6.5,8
22101,2018-08-21,3.7,1004.1,87,24.6,24.5,2.1,1.3,2.5,3.8,7.2,9.1
22101,2018-08-22,4.1,1004.7,86,26,24.6,.7,.4,.7,1.2,3.5,5.3
22101,2018-08-23,6.9,999.7,81,26.5,24.4,.9,.5,.9,1.5,6.6,12.8
22101,2018-08-24,8.4,998.1,86,24.3,24.3,1.9,1.1,1.5,2.8,4.8,5.3
22101,2018-08-25,4.1,1009.5,82,24.3,24.4,1.1,.7,.9,1.4,5,6.4
22101,2018-08-26,4.3,1012,75,23.1,24.3,.6,.4,.6,.9,6.3,9.1
22101,2018-08-27,3.6,1011.4,89,23.4,24.2,.5,.3,.4,.9,7,9.1
22101,2018-08-28,3.7,1011,94,24.3,24.2,.6,.4,.7,1,6.6,9.1
22101,2018-08-29,8.9,1008.6,92,25.3,24.2,1.5,.9,1.3,1.9,5.5,9.1
22101,2018-08-30,3.1,1009.7,88,24.1,24.2,1,.6,1.1,1.8,5.1,5.8
22101,2018-08-31,3.1,1011,80,24.1,24.2,.6,.4,.4,.8,4.6,8
22101,2018-09-01,4.2,1011.1,78,24.9,24.3,.6,.3,.6,.9,6.6,8
22101,2018-09-02,4.9,1008.9,74,23.9,24.3,.6,.4,.7,1,4.7,7.1
22101,2018-09-03,3.1,1001.6,89,24.1,24.3,.6,.3,.5,1,4.6,6.4
22101,2018-09-04,6.4,998.9,78,23.7,24.3,1.1,.7,1.3,2.5,3.9,4.9
22101,2018-09-05,5.1,1003.6,78,24.6,24.5,1.4,.8,.9,1.7,5.3,5.8
22101,2018-09-06,4.7,1004.1,84,24.6,24.5,1.1,.6,1.3,2.3,4.8,5.3
22101,2018-09-07,7.6,1006.4,60,22.8,24.3,2.1,1.3,1.7,3.1,5.9,7.1
22101,2018-09-08,4.8,1014.2,60,23,24.3,1,.6,.9,1.7,5.2,6.4
22101,2018-09-09,4,1016.9,59,22.2,24.1,.7,.4,.7,1.1,4,4.9
22101,2018-09-10,4.2,1020.5,66,22.8,24.1,.5,.3,.5,1,4.1,8
22101,2018-09-11,6.1,1020.5,61,22.5,23.9,.5,.3,.4,.8,3.4,5.8
22101,2018-09-12,5.2,1018.1,66,22.2,23.8,.5,.3,.5,1,4.3,7.1
22101,2018-09-13,3.8,1016.7,76,23.3,23.7,.4,.2,.3,.5,4.3,6.4
22101,2018-09-14,4.8,1015.3,75,23.8,23.7,.4,.2,.4,.6,3.3,7.1
22101,2018-09-15,4.1,1014.7,84,22.8,23.6,.5,.3,.4,.7,4.3,10.7
22101,2018-09-16,5.4,1015.9,78,22.6,23.6,.9,.5,.9,1.3,3.9,10.7
22101,2018-09-17,4,1017.9,66,22,23.6,1,.6,.7,1.5,6,12.8
22101,2018-09-18,3.6,1017.2,59,22.6,23.6,.8,.5,.6,1,5.8,10.7
22101,2018-09-19,3.8,1014.3,64,22.6,23.6,.6,.3,.5,.8,7.8,9.1
22101,2018-09-20,6.6,1010.2,82,20.5,23.4,.8,.5,.6,1.1,2.9,3.6
22101,2018-09-21,5.1,1010.2,84,20.6,23.3,.6,.4,.6,1,3.1,5.8
22101,2018-09-22,,,,,,,,1.1,1.6,,7.1
22101,2018-09-23,4.8,1016,61,21.4,23.2,1,.6,1.4,2.5,4.6,5.8
22101,2018-09-24,5.6,1019.7,53,19.6,23,1.5,.9,1.5,2.4,6,7.1
22101,2018-09-25,5.2,1019.9,57,19.3,22.8,.8,.4,.9,1.6,3.5,4.6
22101,2018-09-26,5.5,1019.7,60,20.7,22.7,.6,.3,.5,.8,3,6.4
22101,2018-09-27,4.5,1019.2,59,20.1,22.6,.5,.2,.5,.8,3.9,9.1
22101,2018-09-28,6.1,1017.9,67,20.3,22.4,.6,.3,.5,.9,3.9,7.1
22101,2018-09-29,4.5,1014.2,70,20.7,22.4,.5,.3,.4,.9,4.2,10.7
22101,2018-09-30,8.4,1007.6,57,19.3,22.2,1.9,1.1,1.9,3.1,5.1,7.1
22101,2018-10-01,9.1,1008.9,62,17.5,21.9,2.7,1.7,2.1,3.7,6.4,9.1
22101,2018-10-02,3.6,1017.9,60,18.4,21.7,1.4,.8,1.4,2.3,6.4,9.1
22101,2018-10-03,2.4,1022.3,57,19.1,21.7,.5,.2,.4,.9,3.6,5.8
22101,2018-10-04,4.6,1023.4,66,20.8,21.6,.4,.2,.3,.6,2.6,4.9
22101,2018-10-05,8.5,1017.7,79,19,21.6,1,.6,.8,1.4,3.4,5.3
22101,2018-10-06,10,1007.5,77,20.3,21.5,2,1.2,1.7,3.1,4.5,5.8
22101,2018-10-07,7.5,1017.7,53,18.7,21.3,1.9,1.1,1.4,2.4,5.1,6.4
22101,2018-10-08,3.9,1020,42,18.5,21.1,.9,.5,.7,1.3,5,6.4
22101,2018-10-09,4.5,1015.9,58,18.5,20.9,.5,.3,.8,1.2,4.1,5.8
22101,2018-10-10,9.5,1018.3,53,14.6,20.6,2.3,1.4,2,3.5,5.4,7.1
22101,2018-10-11,6.6,1023.7,51,13.4,20.2,1.3,.8,1.1,1.9,5.3,6.4
22101,2018-10-12,3.7,1026.5,47,14.2,19.8,.8,.5,.8,1.3,4.9,5.8
22101,2018-10-13,2.5,1025.8,52,15.4,19.7,.4,.2,.4,.7,4,7.1
22101,2018-10-14,2.6,1023.4,59,16.1,19.7,.4,.2,.4,.6,3.1,4.9
22101,2018-10-15,4.2,1020.8,72,17.8,19.6,.7,.4,.6,1,3.7,8
22101,2018-10-16,4.4,1017.5,51,17.1,19.5,.7,.4,.8,1.2,3.4,4.6
22101,2018-10-17,5.8,1016.7,50,15.6,19.4,1.3,.8,1.2,1.9,4.1,5.3
22101,2018-10-18,5.3,1020.5,66,14.4,19.3,1,.6,.9,1.4,4,6.4
22101,2018-10-19,5.7,1025.8,57,15.3,19.2,.9,.5,1,1.6,3.6,4.9
22101,2018-10-20,3.5,1026.3,55,15.7,19.2,.7,.4,.8,1.3,3.5,6.4
22101,2018-10-21,2.4,1023.9,53,16.2,19.1,.4,.2,.4,.7,3.6,5.3
22101,2018-10-22,1.6,1020.6,60,16.4,19,.3,.1,.2,.6,4.2,6.4
22101,2018-10-23,5,1017.6,66,16.3,18.9,.8,.5,1.1,1.9,3.8,5.8
22101,2018-10-24,3.1,1021.2,52,16.1,18.8,1.1,.7,1.2,2.1,5.5,7.1
22101,2018-10-25,2.4,1020.7,64,16.7,18.7,.4,.2,.3,.6,4.3,5.3
22101,2018-10-26,9.1,1012.3,67,15.7,18.5,1.7,1,2.5,4,4.8,8
22101,2018-10-27,10.2,1015.6,54,12.4,18.1,3.1,1.9,2.4,3.9,6.5,9.1
22101,2018-10-28,7.9,1010.2,63,13.5,17.7,2.6,1.6,2.6,4.2,6.6,8
22101,2018-10-29,6.4,1015.2,62,10.9,17.4,1.9,1.2,1.7,2.7,6.2,7.1
22101,2018-10-30,4.5,1022.3,55,9.5,17.1,1,.6,1.1,1.9,5,5.8
22101,2018-10-31,5.8,1024.3,57,10.2,16.9,1.1,.7,1,1.7,4.3,6.4
22101,2018-11-01,4.8,1026.7,54,13.1,16.8,.9,.6,.8,1.4,3.8,4.9
22101,2018-11-02,2.9,1028.2,63,14,16.8,.6,.3,.5,.8,3.9,4.9
22101,2018-11-03,2.4,1026,68,14.6,16.8,.4,.2,.3,.6,3.6,5.8
22101,2018-11-04,3.3,1023.3,67,14.5,16.7,.4,.2,.4,.8,3.4,7.1
22101,2018-11-05,4.5,1023.8,78,14.3,16.7,.7,.4,.9,1.4,3.9,7.1
22101,2018-11-06,3.3,1025.7,74,13.6,16.6,.8,.5,.7,1.3,4.6,6.4
22101,2018-11-07,3.7,1024.7,76,13.4,16.5,.6,.4,.7,1.2,4.8,5.8
22101,2018-11-08,8.3,1012.4,87,14.6,16.4,1.1,.6,2,3.1,3.9,6.4
22101,2018-11-09,9,1018.1,69,13.8,16.2,2.9,1.8,2.5,3.9,7.3,9.1
22101,2018-11-10,4.4,1024.3,67,14.3,16.1,1.3,.8,1.3,2.2,5.7,6.4
22101,2018-11-11,3.7,1023,52,11.6,15.9,.6,.3,.5,1,4,5.8
22101,2018-11-12,5.3,1020.8,52,11,15.8,.8,.5,.8,1.4,3.8,5.3
22101,2018-11-13,5.4,1020.7,45,11.7,15.6,.8,.5,.8,1.3,3.5,4.6
22101,2018-11-14,3.3,1023.8,61,11.9,15.5,.6,.4,.6,1,4.1,5.3
22101,2018-11-15,1.9,1024.9,60,13,15.5,.3,.2,.2,.6,3.4,5.3
22101,2018-11-16,5.2,1023,65,11.3,15.4,1,.6,1.3,2.3,3.8,6.4
22101,2018-11-17,4.8,1024.4,49,8.3,15.2,1.2,.7,1.2,2,5.1,5.8
22101,2018-11-18,2.6,1022,55,10.4,15.2,.6,.3,.5,.8,4.4,5.3
22101,2018-11-19,5.1,1023,52,10.7,15.1,1.1,.7,.9,1.6,4.5,6.4
22101,2018-11-20,5.5,1025,51,10.6,14.9,1,.6,1.5,2.5,4.5,5.3
22101,2018-11-21,5.7,1024.8,50,9.1,14.7,1.1,.7,1.3,2.3,4.7,6.4
22101,2018-11-22,6.1,1026.7,44,6.3,14.4,1.2,.7,1.3,2.2,4.6,5.8
22101,2018-11-23,4.7,1028.5,45,5.7,14.2,.8,.4,1.1,1.9,4.7,6.4
22101,2018-11-24,7.3,1022.4,75,8.7,13.9,1.3,.8,1.3,1.7,5.7,8
22101,2018-11-25,2.7,1024.5,66,10.1,13.8,.8,.5,1,1.6,5.7,7.1
22101,2018-11-26,2.7,1024.8,68,11.3,13.7,.5,.2,.4,.8,4.6,5.8
22101,2018-11-27,5.6,1023,65,11.8,13.7,.8,.5,.9,1.5,3.8,5.3
22101,2018-11-28,5.6,1025.5,35,7.7,13.5,.8,.5,.7,1.2,3.7,5.3
22101,2018-11-29,3.4,1026.8,48,8.1,13.3,.5,.2,.4,.6,3.1,7.1
22101,2018-11-30,2.9,1027.7,46,6.2,13.2,.5,.3,.5,1,3.6,5.8
22101,2018-12-01,3.3,1027.1,61,9.4,13.1,.4,.2,.4,.7,3.6,5.8
22101,2018-12-02,5.9,1022.9,66,11.4,13,.5,.3,.5,.7,2.7,3.4
22101,2018-12-03,6.2,1016,90,12.6,13,.8,.5,.7,1.1,3.9,6.4
22101,2018-12-04,8.9,1020.8,69,8,12.9,2.1,1.3,1.9,3.5,5,6.4
22101,2018-12-05,8.2,1028.2,54,2.4,12.6,1.6,1,1.8,3.3,4.4,5.8
22101,2018-12-06,7.1,1024.6,58,4.6,12.4,1.3,.8,2.5,4,3.8,6.4
22101,2018-12-07,10.5,1033.3,66,-3.5,11.9,2.5,1.6,2.5,3.8,5.2,6.4
22101,2018-12-08,8.1,1034.6,66,-4.5,11.3,1.8,1.1,1.5,2.4,5.2,7.1
22101,2018-12-09,6.4,1037.2,51,-2.7,10.7,1.4,.8,1.6,2.8,5.5,7.1
22101,2018-12-10,4.9,1034.8,53,1.7,10.5,.5,.3,.4,.8,3.6,7.1
22101,2018-12-11,5.6,1029.2,55,4,10.3,.8,.4,.9,2,3.4,4.6
22101,2018-12-12,6.6,1030.6,53,1.2,10.1,1.6,1,1.4,2.4,4.7,5.3
22101,2018-12-13,8.3,1029.8,65,2.5,10,2,1.2,1.7,3,5.4,7.1
22101,2018-12-14,5,1035.9,59,-.8,9.6,1.3,.8,1.4,2.3,5.4,7.1
22101,2018-12-15,2.3,1032.3,49,1.6,9.5,.5,.3,.6,1,4,4.6
22101,2018-12-16,5.4,1020.6,70,5.3,9.4,.8,.5,1.1,1.8,3.7,5.3
22101,2018-12-17,6.1,,,,,2,1.2,1.5,2.5,5.7,6.4
22101,2018-12-18,4.7,1020.3,56,7.2,9.2,1.5,.9,1.2,2,5.4,6.4
22101,2018-12-19,3.3,1021.3,64,7.1,9.2,1.1,.7,1,1.8,5.1,6.4
22101,2018-12-20,4.1,1023.6,54,6.7,9.1,.4,.2,.4,.7,4.1,5.3
22101,2018-12-21,2.3,1023.3,61,7.6,9.1,.3,.2,.3,.5,4.3,6.4
22101,2018-12-22,4.4,1024,69,6.6,9,.4,.2,.5,.8,3.3,5.8
22101,2018-12-23,8.2,1026.1,56,4.4,8.9,1.7,1,1.6,3,4.5,6.4
22101,2018-12-24,4.2,1028.4,55,1.1,8.7,1.1,.7,1.3,2,4.6,5.3
22101,2018-12-25,3.9,1023.7,68,5.7,8.5,.7,.4,.6,1.3,4.4,5.3
22101,2018-12-26,8.8,1027.1,54,-.2,8.4,1.7,1,1.6,2.4,4.3,5.3
22101,2018-12-27,10.5,1031.6,61,-5.8,8,2.4,1.6,2,3.8,5.1,5.8
22101,2018-12-28,8.8,1033.5,64,-5.4,7.5,2.1,1.3,1.8,3,4.9,5.8
22101,2018-12-29,9,1036.2,58,-3.4,7.1,2.1,1.3,1.6,3,4.8,5.8
22101,2018-12-30,5.3,1038.5,56,-3.8,6.8,1.4,.9,1.4,2.4,5,6.4
22101,2018-12-31,4.5,1037.9,57,-1.5,6.7,.8,.5,.9,1.7,4.4,5.8
22101,2019-01-01,7.4,1034.3,64,-.7,6.4,1.9,1.2,1.9,3.3,4.8,5.8
22101,2019-01-02,5.1,1035.1,58,-.7,6.3,1.4,.8,1.2,2,5.2,6.4
22101,2019-01-03,3.5,1035.7,57,.2,6.2,.7,.4,.8,1.5,4,4.9
22101,2019-01-04,3.2,1030.8,63,3.5,6.2,.3,.2,.4,.7,3.9,7.1
22101,2019-01-05,7.1,1028.5,50,-.5,6,1.3,.8,1,1.9,4.1,4.9
22101,2019-01-06,3.6,1029.2,53,.2,5.9,.7,.4,.8,1.3,4.1,5.3
22101,2019-01-07,4.3,1028.9,62,1.9,5.8,.8,.5,.6,1.2,4.1,5.3
22101,2019-01-08,8.4,1030.1,49,-.6,5.6,1.7,1,1.9,3.5,4.3,5.8
22101,2019-01-09,3.7,1033.7,51,-2.9,5.4,1,.6,1.4,2.2,5,6.4
22101,2019-01-10,2.6,1026.8,67,2,5.3,.5,.3,.7,1.2,4.3,5.3
22101,2019-01-11,2.1,1025.4,67,4.1,5.3,.8,.5,.8,1.4,5.5,7.1
22101,2019-01-12,3.4,1023.7,64,3.8,5.3,.3,.2,.3,.6,4,7.1
22101,2019-01-13,4.1,1026.2,69,3.5,5.3,.5,.3,.5,.8,3.2,4.6
22101,2019-01-14,2.1,1025.8,78,4.1,5.2,.5,.3,.4,.6,4,4.9
22101,2019-01-15,7.6,1025.4,68,0,5.2,1.7,1,2.1,3.9,4.1,6.4
22101,2019-01-16,5.8,1027.5,60,-2.6,5.1,1.5,.9,1.6,2.6,5,6.4
22101,2019-01-17,6.3,1025,55,2.7,5,1.8,1,1.6,3,5.5,7.1
22101,2019-01-18,3.2,1027.7,62,3.3,4.9,.7,.5,.7,1.2,4.9,5.8
22101,2019-01-19,3.5,1022.6,85,4.9,4.9,.5,.3,.4,.7,3.7,4.9
22101,2019-01-20,9.4,1024,54,.3,4.8,2.2,1.2,1.6,2.9,4.8,6.4
22101,2019-01-21,5.7,1022.2,66,3.4,4.7,1.8,1,1.4,2.4,5.6,9.1
22101,2019-01-22,3.8,1019.7,72,4.8,4.7,1.3,.8,1.5,2.6,5.7,6.4
22101,2019-01-23,6.1,1021.2,66,4.3,4.6,1.4,.9,1.3,2.3,5.1,6.4
22101,2019-01-24,4.6,1025.4,45,2,4.6,.8,.5,1,1.7,3.9,4.9
22101,2019-01-25,8.6,1025.6,48,.9,4.6,1.7,1,1.9,2.9,4.3,5.8
22101,2019-01-26,8.6,1029.6,54,-.5,4.4,2.1,1.3,1.9,3,4.9,6.4
22101,2019-01-27,4.1,1027.1,61,3,4.3,.9,.5,.8,1.5,4.6,5.3
22101,2019-01-28,8.1,1023.6,53,2.6,4.3,2.3,1.4,2.2,3.3,5.7,7.1
22101,2019-01-29,1.8,1028.4,48,2.1,4.3,.7,.4,.9,1.4,4.9,5.8
22101,2019-01-30,3,1026.3,76,3.6,4.3,.4,.2,.5,.9,4.1,6.4
22101,2019-01-31,8.9,1022.8,49,-1.1,4.2,2.2,1.3,1.6,2.9,4.7,6.4
22101,2019-02-01,4.6,1024.2,53,1.1,4.2,1.8,1.1,1.4,2.2,6,7.1
22101,2019-02-02,5.1,1021.1,72,4.8,4.1,1.5,.9,1.2,2.3,5.7,7.1
22101,2019-02-03,7.1,1013,87,4.2,4.1,1.5,.8,1.8,3.2,5.6,8
22101,2019-02-04,3.9,1026.5,43,1,4.1,1.4,.8,2,3.4,4.9,6.4
22101,2019-02-05,5,1021.1,68,4,4.1,1.2,.7,1,1.7,5.2,7.1
22101,2019-02-06,3,1016.5,83,4.8,4.1,.9,.6,.9,1.6,5,6.4
22101,2019-02-07,9.4,1024.3,58,-2.1,4,2,1.2,1.9,2.7,4.9,7.1
22101,2019-02-08,6.7,1027.5,55,-5.3,3.8,1.4,.9,1.4,2.9,4.5,5.3
22101,2019-02-09,8.2,1029.5,52,-3.5,3.7,1.9,1.1,1.4,2.5,4.6,6.4
22101,2019-02-10,4.4,1031.8,48,-3.4,3.5,.9,.6,1,1.6,4.6,6.4
22101,2019-02-11,5.7,1032.5,50,-.6,3.4,1.3,.8,.9,1.8,4.2,5.3
22101,2019-02-12,3.3,1034.7,58,.5,3.4,.6,.4,.5,.9,4.3,5.3
22101,2019-02-13,5.7,1034.1,48,-1,3.4,1,.6,1,1.6,3.5,4.6
22101,2019-02-14,4.3,1031.9,44,-1.4,3.3,.8,.5,.9,1.6,3.8,5.8
22101,2019-02-15,4.6,1024.6,81,0,3.3,1,.6,1.6,3.3,3.6,5.8
22101,2019-02-16,7.2,1025.4,60,-1.2,3.3,2.1,1.2,1.5,2.7,5.8,7.1
22101,2019-02-17,5.8,1027.3,54,.5,3.3,1.4,.8,1.2,2,4.9,6.4
22101,2019-02-18,2.9,1026.2,58,1.8,3.3,.6,.3,.6,1.3,4.4,5.3
22101,2019-02-19,5.7,1020,86,1.6,3.2,.5,.3,.6,1,3.1,4.6
22101,2019-02-20,5.2,1026.2,75,2.9,3.2,1,.6,1,1.7,4.4,5.3
22101,2019-02-21,2.6,1027.5,74,2.8,3.2,.7,.4,.8,1.1,4.5,5.8
22101,2019-02-22,3.2,1022.8,74,3,3.3,.4,.3,.5,.8,3.9,4.9
22101,2019-02-23,2,1023.8,77,4.1,3.4,.6,.4,.6,1,4.6,6.4
22101,2019-02-24,2.1,1023.6,86,2.6,3.5,.2,.1,.2,.3,4,4.9
22101,2019-02-25,3.2,1022.8,82,3.1,3.6,.6,.3,.9,1.5,3.9,5.8
22101,2019-02-26,2.7,1025,71,3.9,3.7,.7,.4,.6,1,4.1,4.9
22101,2019-02-27,1.8,1022.3,80,4.3,3.9,.3,.2,.3,.5,3.6,4.6
22101,2019-02-28,2.2,1020.1,82,4.4,3.9,.4,.2,.4,.8,3.2,9.1
22101,2019-03-01,2,1022.8,87,4.4,4,.5,.3,.5,.8,3.7,6.4
22101,2019-03-02,1.4,1020,82,4.2,4,.3,.2,.4,.7,3.4,4.6
22101,2019-03-03,2,1014,76,5.1,4,.2,.1,.3,.5,5.4,9.1
22101,2019-03-04,3.6,1014.6,82,5.3,4.1,.6,.3,.6,1,3.1,4
22101,2019-03-05,3.5,1020.4,91,4.7,4.2,.6,.4,.5,.8,4.3,4.9
22101,2019-03-06,3.3,1017.2,88,4.9,4.2,.5,.3,.7,1.2,3.7,4.6
22101,2019-03-07,6.5,1021,70,4.6,4.3,1.5,.9,1.1,1.9,4.6,5.3
22101,2019-03-08,2.1,1025.7,82,4.6,4.4,.8,.5,1,1.8,4.6,5.8
22101,2019-03-09,2.2,1022.3,78,4.4,4.4,.2,.1,.2,.4,4.1,6.4
22101,2019-03-10,3.8,1014.5,68,5.9,4.5,.3,,.4,.9,3,4
22101,2019-03-11,3.5,1010.1,89,4.2,4.5,.7,.5,.6,1.1,3.7,5.3
22101,2019-03-12,6.8,1012.4,70,4.2,4.6,1.5,.9,1.8,3.3,4.5,5.8
22101,2019-03-13,7.5,1021.2,54,4.4,4.6,1.8,1.1,1.6,2.4,4.5,5.8
22101,2019-03-14,4.9,1022.9,74,4.9,4.6,1.1,.6,.8,1.3,5,6.4
22101,2019-03-15,5.3,1017.8,89,3.1,4.7,1.6,1,2.4,4.4,5.3,7.1
22101,2019-03-16,4.1,1021,78,4.8,4.7,1.4,.8,1.6,3,5.2,7.1
22101,2019-03-17,2.2,1024.1,85,5.2,4.8,.9,.5,.7,1.2,5.2,6.4
22101,2019-03-18,2.7,1020,81,4.9,4.9,.4,.2,.4,.6,4.1,5.3
22101,2019-03-19,4.2,1016.9,82,5.8,5,.7,.4,.5,.9,4.3,5.3
22101,2019-03-20,4.7,1009.4,89,7,5,.5,.3,.5,.8,3.9,4.9
22101,2019-03-21,8.5,1008.6,82,5.1,5.1,2.2,1.4,2.5,3.7,6.2,8
22101,2019-03-22,8.7,1021.3,56,3.3,5.1,2,1.2,1.7,3.2,4.8,5.8
22101,2019-03-23,7.2,1021.9,65,5,5.2,1.4,.8,1.9,3.3,4.4,6.4
22101,2019-03-24,5.8,1021.8,63,5,5.2,1.2,.7,1.2,2.2,5.1,6.4
22101,2019-03-25,7.3,1016.5,87,6,5.3,1.6,1,1.2,2.2,5.5,6.4
22101,2019-03-26,2.7,1017.9,95,4.8,5.5,1,.6,1.1,1.5,5,5.8
22101,2019-03-27,6.3,1012.5,88,7.1,5.6,1.5,.9,1.4,2.2,5,6.4
22101,2019-03-28,5,1015.1,69,6,5.7,1.2,.7,1.1,1.8,4.6,6.4
22101,2019-03-29,4.4,1015,64,6,5.9,.8,.5,.8,1.3,3.7,4.9
22101,2019-03-30,7.8,1013.7,77,4.9,5.9,2,1.3,3.1,5.1,4.5,8
22101,2019-03-31,10.1,1020.6,54,5.1,5.9,3,1.8,2.8,5,5.5,7.1
22101,2019-04-01,4.9,,60,6,6,1.1,.6,1.2,2.4,4.4,5.3
22101,2019-04-02,5.1,1023.9,70,6.1,6.1,.8,.5,.7,1.3,3.6,4.9
22101,2019-04-03,3.7,1024.1,76,6.2,6.2,.7,.4,.7,1.2,3.7,4.6
22101,2019-04-04,6.7,1018.4,85,6.9,6.3,1,.6,1.2,1.7,4.1,5.8
22101,2019-04-05,6.4,,75,7.8,6.5,1.8,1.1,1.6,2.5,5.3,6.4
22101,2019-04-06,3.5,1011.9,69,7.9,6.5,.5,.3,.7,1.1,4.1,5.8
22101,2019-04-07,3.9,,77,8,6.7,.4,.3,.5,.9,4.8,8
22101,2019-04-08,3.6,1016.7,76,7.8,6.7,.5,.3,.6,1,3.8,5.8
22101,2019-04-09,6.9,,69,8.2,6.8,.7,.4,.7,1.4,2.9,4
22101,2019-04-10,5.5,1012.9,88,6.6,6.8,.7,.4,.7,1.3,4.5,8
22101,2019-04-11,2.3,1015.9,85,7.8,6.9,.5,.3,.4,.7,4.4,7.1
22101,2019-04-12,2.5,,86,7.9,7.2,.4,.2,.3,.6,3.4,4.3
22101,2019-04-13,2.8,1020.1,82,7.4,7.2,.3,.2,.2,.4,3.3,6.4
22101,2019-04-14,4.7,1016.1,78,8.4,7.2,1,.6,1.4,2.2,3.8,4.9
22101,2019-04-15,4.6,1019.1,82,8.5,7.4,.8,.5,.9,1.5,4.1,5.8
22101,2019-04-16,3,1017.7,70,9.6,7.5,.6,.4,.5,.9,4.2,4.9
22101,2019-04-17,2.7,1013.2,77,9.6,7.8,.4,.3,.4,.6,4.4,5.3
22101,2019-04-18,4.4,1011.7,93,8.9,7.7,.7,.4,.7,1.2,4.3,5.8
22101,2019-04-19,,,,,,,,.6,.9,,4.6
22101,2019-04-20,,,,,,,,.1,.2,,5.3
22101,2019-04-21,1.2,1014.5,88,9.2,8.1,.2,.1,.1,.4,4.3,6.4
22101,2019-04-22,1.9,,90,10.1,8.3,.2,.1,.2,.3,4.5,7.1
22101,2019-04-23,2.2,1012.8,85,12.1,8.3,.2,.1,.1,.3,5.1,7.1
22101,2019-04-24,1.6,1007.3,92,11.2,8.5,.3,,.5,.9,4.5,7.1
22101,2019-04-25,3.6,1006.9,91,9.6,8.6,.7,.4,1,1.6,3.9,5.3
22101,2019-04-26,4.7,1013.5,87,9,8.6,.9,.5,1.1,1.8,4.6,5.8
22101,2019-04-27,2.1,1022,80,9.7,8.9,.5,.3,.3,.7,4.2,4.9
22101,2019-04-28,1.2,1021.2,77,10.9,9.2,.3,.2,.3,.6,3.6,4.9
22101,2019-04-29,2.4,1014.6,82,10.5,8.8,.2,.1,.2,.3,4.6,7.1
22101,2019-04-30,1.8,1009.8,88,10.5,9.1,.2,.1,.2,.3,4.7,9.1
22101,2019-05-01,4.1,1007.9,86,10.7,9.1,.7,.4,.9,1.5,3.5,8
22101,2019-05-02,4.4,1012.7,76,11.8,9.4,.7,.4,.7,1.3,4.2,4.9
22101,2019-05-03,2.3,1017.1,83,11.5,9.6,.4,.2,.4,.6,4,4.9
22101,2019-05-04,2,1018.7,81,12.2,9.7,.3,.2,.3,.4,3.8,4.9
22101,2019-05-05,3,1017,81,12,9.8,.3,.1,.6,1,3.5,6.4
22101,2019-05-06,6.9,1018.5,64,11.3,9.9,1.2,.7,1,1.7,4.3,5.3
22101,2019-05-07,4.2,1016.7,82,11.5,10.2,.6,.3,.5,.8,4,5.8
22101,2019-05-08,4.5,1012.6,82,11.7,10.2,.7,.4,.6,1,4.3,5.3
22101,2019-05-09,3.5,1011.6,85,11.7,10.4,.6,.3,.4,.7,4.5,5.3
22101,2019-05-10,1.5,1014.2,94,11.1,10.6,.3,.2,.2,.4,3.7,4.6
22101,2019-05-11,1.5,1014.6,87,12.5,10.8,.2,.1,.2,.3,3.5,5.8
22101,2019-05-12,1.3,1015.5,80,13.4,10.9,.2,.1,.1,.3,3.1,4.6
22101,2019-05-13,2.7,1014.9,78,13.3,10.9,.3,.2,.4,.6,4.2,6.4
22101,2019-05-14,1.5,1013.7,87,13.4,11.3,.3,.2,.3,.5,4.1,7.1
22101,2019-05-15,1.6,1013.6,92,12.9,11.3,.2,.1,.2,.4,4.1,4.9
22101,2019-05-16,1.4,1012.6,90,14.3,11.4,.2,.1,.1,.4,4.8,8
22101,2019-05-17,1.6,1012.6,84,14.8,11.6,.2,.1,.1,.4,5.2,6.4
22101,2019-05-18,5.1,,83,16.1,11.6,.3,.1,.3,.5,4.1,8
22101,2019-05-19,5.4,1008.2,92,15.9,11.8,.3,.2,.3,.5,4.3,8
22101,2019-05-20,6,1006.4,82,13.4,11.9,1.3,.7,1.4,2.6,5.5,9.1
22101,2019-05-21,5.5,1005.9,85,13.7,12.2,1,.6,.8,1.4,5.1,6.4
22101,2019-05-22,5.8,1005.4,85,14.5,12.2,.8,.5,.6,1,4.7,5.8
22101,2019-05-23,2.9,1008.7,90,14.2,12.4,.5,.3,.4,.7,4,4.9
22101,2019-05-24,3.3,1010.7,87,15.5,12.7,.4,.2,.3,.6,4.4,5.8
22101,2019-05-25,4.2,1014.8,85,16.2,12.7,.5,.3,.3,.7,4.7,5.8
22101,2019-05-26,3.7,1013.7,79,17.2,13,.8,.5,.7,1,5.8,7.1
22101,2019-05-27,7.4,1004.7,87,15.8,13,1.8,1.1,1.7,2.9,6.6,8
22101,2019-05-28,4.9,,83,15.1,13.3,1.1,.7,1.3,2.3,5.1,8
22101,2019-05-29,3.4,1010.5,87,15.1,13.4,.7,.4,.5,1,4.6,5.3
22101,2019-05-30,6.3,1010.8,77,16.3,13.5,.8,.5,1,1.6,4,4.9
22101,2019-05-31,2.7,1011.1,87,15.1,13.8,.7,.4,.8,1.3,4.5,5.8
22101,2019-06-01,3.3,,95,14.8,13.9,.4,.2,.3,.5,3.9,4.6
22101,2019-06-02,1.7,1008.2,85,16.8,14.1,.4,.2,.3,.5,4,4.9
22101,2019-06-03,2.5,1008.1,86,16.9,14.1,.4,,.3,.5,4.3,5.3
22101,2019-06-04,2.2,1009.8,90,16.5,14.4,.8,.5,.7,1.1,5.3,6.4
22101,2019-06-05,1.5,1012.6,96,16.2,14.5,.5,.2,.4,.7,4.3,5.3
22101,2019-06-06,3.9,1009.9,94,16.9,14.5,.4,.2,.3,.5,3.8,5.8
22101,2019-06-07,6.2,1003.6,89,17.5,14.6,.7,.4,.8,1.6,5.1,8
22101,2019-06-08,1.6,1008.4,87,17.3,14.8,.4,.2,.3,.6,5.4,7.1
22101,2019-06-09,1.6,1006.1,93,16.8,15,.2,.1,.2,.4,4.8,7.1
22101,2019-06-10,2.7,1007,92,16.4,15,.5,.2,.4,.7,4.5,7.1
22101,2019-06-11,2.2,1009.4,87,16.8,15.3,.3,.1,.2,.4,4.6,8
22101,2019-06-12,1.6,1010.9,93,17.2,15.7,.3,.1,.2,.4,3.9,7.1
22101,2019-06-13,1.6,1010.5,96,17.1,15.7,.2,.1,.1,.3,,6.4
22101,2019-06-14,2,1006.3,95,17.7,15.7,.3,.1,.2,.4,3.5,4.9
22101,2019-06-15,4.8,1001.5,90,18.3,15.9,.7,.4,.9,1.4,3.7,5.3
22101,2019-06-16,2,1007.2,91,17.9,16.2,.5,.3,.7,1.1,4.2,4.9
22101,2019-06-17,3,1012.2,95,17.6,16.2,.3,.2,.3,.5,3.7,5.3
22101,2019-06-18,4,1010.2,93,18.2,16.3,.4,.2,.3,.6,3.7,4.9
22101,2019-06-19,2.6,1008.3,96,18.2,16.5,.7,.4,.6,1,5.2,6.4
22101,2019-06-20,1.7,1007.6,97,18.3,16.7,.4,.2,.3,.5,5,6.4
22101,2019-06-21,1.6,1006.6,96,18.3,16.6,.3,.1,.2,.4,4,6.4
22101,2019-06-22,2.8,1006.7,89,18.8,16.9,.2,.1,.2,.4,3.4,4.3
22101,2019-06-23,2.6,1008.7,81,20.1,17.1,.2,.1,.1,.4,3.3,4.6
22101,2019-06-24,2,1012.5,94,19.1,17.4,.2,0,.1,.3,4.1,6.4
22101,2019-06-25,1.8,1014.9,97,18,17.5,.2,0,.1,.3,,5.8
22101,2019-06-26,2,1008.6,87,19.6,17.4,.3,.1,.2,.4,4.3,7.1
22101,2019-06-27,2,1001.2,94,19.8,17.6,.2,.1,.1,.3,4.8,7.1
22101,2019-06-28,2.4,1002.2,96,19.6,17.8,.3,.1,.2,.4,7.4,9.1
22101,2019-06-29,2.5,998.7,95,19.7,17.8,.3,,.2,.5,4.5,8
22101,2019-06-30,3.3,1000.6,97,19.6,17.8,.4,.2,.3,.6,4.5,7.1
22101,2019-07-01,2.6,1006.2,96,20.1,18.1,.4,.2,.3,.5,4.7,6.4
22101,2019-07-02,2.8,1009.3,97,19.3,18.2,.3,.1,.2,.3,4.7,6.4
22101,2019-07-03,2.3,1008.7,97,19.1,18.1,.3,.1,.1,.4,4.4,5.8
22101,2019-07-04,1.5,1007.2,97,18.8,18.3,.2,.1,.1,.3,5.7,9.1
22101,2019-07-05,1.8,1004,96,19.4,18.6,.4,.2,.2,.5,6.3,9.1
22101,2019-07-06,2.7,1004,77,23,18.5,.3,.1,.2,.4,4.3,7.1
22101,2019-07-07,3.5,1007.1,79,22.5,18.7,.3,.2,.3,.4,5.5,9.1
22101,2019-07-08,3.9,1007.4,76,21.9,18.8,.4,.2,.2,.5,5.4,9.1
22101,2019-07-09,3.2,1006.5,80,21.9,19.1,.3,.1,.2,.4,5.8,8
22101,2019-07-10,5.4,1006.7,82,21.5,19,.4,.2,.3,.5,3.1,6.4
22101,2019-07-11,6,1006,91,20.6,19,.7,.4,1,1.6,3.4,4.6
22101,2019-07-12,3.7,1006.7,96,20.3,19.3,.3,.1,.2,.4,6.4,9.1
22101,2019-07-13,2.9,1002.2,96,20.5,19.4,.5,.3,.3,.5,4.3,5.3
22101,2019-07-14,1.4,1002.7,97,20.7,19.5,.3,.2,.3,.5,4.3,7.1
22101,2019-07-15,2.5,1006.8,95,21.2,19.4,.3,.2,.3,.5,5.3,9.1
22101,2019-07-16,2.3,1010.8,96,21.4,19.5,.3,.1,.2,.4,4.1,4.9
22101,2019-07-17,1.7,1011.4,96,20.9,19.5,.3,.1,.2,.4,4.2,6.4
22101,2019-07-18,1.4,1008.9,92,21.8,19.7,.3,.1,.2,.4,4.3,5.3
22101,2019-07-19,3.1,,89,23.6,19.9,.3,.1,.3,.5,7.1,10.7
22101,2019-07-20,7.5,999.5,83,25.6,19.9,.7,.4,.8,1.2,10.3,10.7
22101,2019-07-21,4.9,1001.8,97,22.2,19.9,.6,.3,.5,1,8,10.7
22101,2019-07-22,3.4,1006.4,97,21.3,20.1,.5,.3,.3,.7,4.8,8
22101,2019-07-23,4.1,1005.2,96,22.5,20.3,.5,.3,.4,.7,4.5,8
22101,2019-07-24,4.8,1003.9,97,22.5,20.3,.6,.3,.5,.8,4.9,6.4
22101,2019-07-25,4.3,1004.1,97,22.4,20.4,.5,.3,.4,.6,4.7,6.4
22101,2019-07-26,3.2,1003.8,97,22.7,20.5,.5,.3,.4,.6,4.1,5.3
22101,2019-07-27,2.3,1005.5,97,23.4,21,.3,.1,.2,.4,4,5.8
22101,2019-07-28,6.4,1007.1,96,23.6,20.6,.7,.4,.6,1.1,4,6.4
22101,2019-07-29,6.7,1008.4,95,24.1,20.8,1,.6,.8,1.4,5.6,7.1
22101,2019-07-30,7.6,1006.2,97,24.6,20.9,1.1,.7,.8,1.4,5.2,7.1
22101,2019-07-31,5,1008.7,97,23.7,21,.9,.5,.7,1.4,5.5,6.4
22101,2019-08-01,3.6,1011.7,97,23.4,21,.6,.3,.4,.7,5,5.8
22101,2019-08-02,2,,97,23.7,21.4,.4,.2,.3,.5,4.6,5.8
22101,2019-08-03,1.8,1011.3,95,23.7,21.6,.3,.1,.2,.4,4.4,5.8
22101,2019-08-04,1,1011,92,24.6,21.6,.3,.1,.2,.3,5,9.1
22101,2019-08-05,1.5,1009.8,93,24.7,21.9,.3,.1,.2,.5,5.7,8
22101,2019-08-06,2.2,1006.6,87,26.4,22.1,.2,.1,.1,.3,5.3,9.1
22101,2019-08-07,2.2,1005.5,87,25.9,22.3,,0,.1,.2,6,9.1
22101,2019-08-08,2,,97,24.8,22.6,.2,.1,.1,.3,,9.1
22101,2019-08-09,1.5,1007.7,94,25.9,23,.3,.1,.2,.4,7.3,10.7
22101,2019-08-10,3.4,1005.2,88,27.3,23,.6,.3,.5,.8,10.2,12.8
22101,2019-08-11,9,1000.1,77,27.9,22.8,1.1,.6,.8,1.3,8.7,10.7
22101,2019-08-12,6.1,999.6,95,25.5,23.1,1.5,.9,1.2,2.1,7.8,9.1
22101,2019-08-13,3.4,1002.4,92,25.7,23.3,1.1,.6,.9,2,6.4,7.1
22101,2019-08-14,2.2,999.6,95,25.4,23.3,.7,.4,.6,.9,5.3,7.1
22101,2019-08-15,2.8,,90,25.8,23.4,.4,.2,.3,.5,3.8,4.9
22101,2019-08-16,3.5,,,,,.6,.3,.7,1.3,4.5,5.8
22101,2019-08-17,,,,,,,,.6,1,,5.3
22101,2019-08-18,,1006.9,85,25,24.1,,,.5,.9,,5.3
22101,2019-08-19,,,,,,,,.2,.5,,8
22101,2019-08-20,2,,,,,.3,.1,.2,.4,,8
22101,2019-08-21,1.2,1008.4,92,25.5,24.3,.2,0,.1,.3,,7.1
22101,2019-08-22,,,,,,,,.3,.5,,4.9
22101,2019-08-23,4.2,1008.9,84,25.7,24.5,,,.4,.7,,4.6
22101,2019-08-24,,,,,,,,.6,1.1,,4.3
22101,2019-08-25,,,,,,,,.5,.9,,10.7
22101,2019-08-26,,,,,,,,.3,.7,,10.7
22101,2019-08-27,2.2,1007.9,81,24.7,24.7,.4,.2,.3,.5,8.2,9.1
22101,2019-08-28,3.6,1006.9,84,25.6,24.9,.4,.2,.3,.5,6.8,8
22101,2019-08-29,5,1005.7,84,25.4,24.8,.8,.4,.7,1.4,4.3,5.8
22101,2019-08-30,5.7,1009.3,74,24.4,24.7,1,.6,.8,1.3,5.1,6.4
22101,2019-08-31,4.3,1013.6,73,24.9,24.7,.7,.4,.7,1.1,4.6,5.8
22101,2019-09-01,2.5,1017,69,24.9,24.6,.3,.2,.4,.7,3.9,5.3
22101,2019-09-02,2.7,1016.8,79,25.2,24.5,.2,.1,.2,.4,4.4,8
22101,2019-09-03,2.9,1014.9,85,24.9,24.5,.2,.1,.2,.4,,5.8
22101,2019-09-04,6,1012,90,24.7,24.4,.5,.2,.4,.7,4,7.1
22101,2019-09-05,4.6,1011.4,93,24.1,24.4,.7,.4,.7,1.1,5.1,5.8
22101,2019-09-06,4.5,1008.5,91,25.1,24.4,.5,.3,.4,.8,6.4,9.1
22101,2019-09-07,14.5,994.3,85,26,24.2,2.5,1.4,3.4,6.1,6.4,10.7
22101,2019-09-08,3.2,1008.3,93,24.1,24.3,1.1,.7,1.1,1.8,5.9,7.1
22101,2019-09-09,2.9,,91,25.2,24.4,.4,.2,.3,.6,5.9,9.1
22101,2019-09-10,5.3,1010.7,94,24.5,24.2,.6,.3,.7,1.3,4.7,8
22101,2019-09-11,5.2,1014.3,87,24.4,24.1,.7,.4,.7,1.1,4.3,6.4
22101,2019-09-12,7.8,1015.7,81,23,23.8,.6,.4,.5,.8,3,4.3
22101,2019-09-13,4.8,1013.6,78,23.2,23.7,.4,.2,.3,.6,3.4,5.3
22101,2019-09-14,4,1011.6,88,23.5,23.7,.4,.2,.4,.7,3.9,5.3
22101,2019-09-15,4.4,1011.1,88,23.6,23.6,.6,.3,.6,.9,4.4,6.4
22101,2019-09-16,5.4,1011.2,81,24.4,23.6,.5,.3,.5,.9,3.6,4.3
22101,2019-09-17,4.1,1014.4,68,24.1,23.6,.5,.2,.5,.8,4.3,5.8
22101,2019-09-18,8.7,1017.4,61,21.9,23.4,1.2,.7,1.2,1.9,4.3,5.8
22101,2019-09-19,6.2,1018.8,58,21,23.2,.8,.5,.8,1.5,4.3,5.8
22101,2019-09-20,5.5,1017.3,66,21.8,23,.5,.3,.5,1,3.5,4.6
22101,2019-09-21,6.6,1018.7,70,22,22.9,.5,.3,.6,1.1,3,4.3
22101,2019-09-22,9.8,1013.8,68,21.5,22.7,1,.6,1,1.9,3.8,4.9
22101,2019-09-23,6.3,1015,63,20.9,22.6,.9,.5,1.1,1.9,4.4,7.1
22101,2019-09-24,2.8,1019.1,72,21.4,22.7,.4,.2,.3,.5,4.3,6.4
22101,2019-09-25,2.5,1021.9,77,21.8,22.6,.3,.1,.2,.5,3.4,5.8
22101,2019-09-26,3.7,1023.5,76,22.5,22.4,.2,.1,.2,.4,2.8,5.3
22101,2019-09-27,2.9,1022.2,81,22.7,22.4,.2,0,.1,.3,,7.1
22101,2019-09-28,3.2,1018.6,84,22.7,22.4,.2,.1,.1,.3,,5.3
22101,2019-09-29,3.4,,81,22.2,22.5,.3,.1,.3,.6,2.7,3.6
22101,2019-09-30,1.9,1017.1,91,21.5,22.4,.2,0,.1,.3,4.4,7.1
22101,2019-10-01,2,1018.1,89,22.2,22.4,.2,.1,.2,.4,,12.8
22101,2019-10-02,6.6,1010.9,88,22.8,22.3,.6,.3,.7,1,11.1,12.8
22101,2019-10-03,5.9,1006.9,86,23,22.3,.9,.5,.8,1.4,5.1,10.7
22101,2019-10-04,4.1,,89,21.5,22.3,.6,.3,.5,.8,4.8,7.1
22101,2019-10-05,6.5,,76,19.1,22.2,1.3,.8,1.1,1.9,4.9,6.4
22101,2019-10-06,4.9,1022.1,73,19.1,22.1,.5,.3,.5,.8,4.6,6.4
22101,2019-10-07,4.5,,80,17.6,22.1,.5,.3,.4,.8,3.1,5.3
22101,2019-10-08,8.4,1019,60,18.1,21.9,1.5,.9,1.2,2.1,4.8,6.4
22101,2019-10-09,2.6,,50,17.7,21.8,.6,.4,.9,1.4,4.3,5.3
22101,2019-10-10,1.8,1016.5,63,18.8,21.6,.2,.1,.2,.3,4,5.3
22101,2019-10-11,5.7,1015.4,75,20.3,21.5,.5,.3,.5,.8,3.6,4.9
22101,2019-10-12,8.7,1017.8,63,20.1,21.4,.7,.4,.6,1,3.7,4.6
22101,2019-10-13,5.3,1022.4,65,18.7,21.2,.4,.2,.4,.8,3.7,7.1
22101,2019-10-14,8.2,1026.1,65,16,21,1.3,.8,1.1,1.8,4.4,5.3
22101,2019-10-15,4.1,1028.3,65,15.8,20.7,.7,.4,.8,1.4,5.1,7.1
22101,2019-10-16,3.3,1026.7,66,16.8,20.6,.3,.2,.3,.5,3.9,5.8
22101,2019-10-17,3.3,1024.2,59,17.7,20.5,.3,.2,.3,.6,3.6,4.9
22101,2019-10-18,4.8,1021.7,64,19.2,20.4,.3,.2,.3,.6,3,4.9
22101,2019-10-19,3.6,1021,70,18.8,20.3,.4,.2,.4,.7,3.4,4.3
22101,2019-10-20,2.9,1021.9,70,17.8,20.3,.4,.2,.4,.8,3.3,4
22101,2019-10-21,4.1,1018.9,73,18.9,20.2,.3,.2,.3,.5,2.8,4.6
22101,2019-10-22,4,1017.6,71,19.6,20.2,.3,.2,.3,.5,2.9,3.8
22101,2019-10-23,4.9,1018.5,66,19.4,20.2,.3,.2,.3,.5,2.5,6.4
22101,2019-10-24,6,1019.2,64,19.8,20.1,.4,.2,.3,.6,2.9,4.9
22101,2019-10-25,5.8,1018.4,69,17.4,20.1,.8,.4,1.5,2.6,4.2,6.4
22101,2019-10-26,6.7,1019.7,66,12.3,19.9,1.5,.9,1.3,2,5.3,7.1
22101,2019-10-27,4.2,1019.5,54,15.1,19.6,.7,.4,.7,1.1,4.2,4.9
22101,2019-10-28,7.8,1015.3,66,16.6,19.4,1,.6,1.4,2.4,4.7,7.1
22101,2019-10-29,6.6,1016.4,59,15.1,19.1,1.5,.9,1.4,2.5,6.4,8
22101,2019-10-30,3.8,1021.6,60,15.5,18.9,.7,.4,.8,1.4,4.9,5.8
22101,2019-10-31,6.3,1020.3,75,18.4,18.8,.9,.5,.8,1.2,4.8,5.8
22101,2019-11-01,4.1,1022.1,51,17,18.7,.6,.4,.5,1,4.5,5.8
22101,2019-11-02,2.5,1020.6,63,16.9,18.6,.3,.2,.3,.6,4.2,5.3
22101,2019-11-03,4.2,1019.9,57,16.6,18.6,.4,.2,.3,.6,3.1,3.8
22101,2019-11-04,3.3,1022,69,15.8,18.5,.4,.3,.4,.7,4.8,8
22101,2019-11-05,4.7,1019.8,67,15.2,18.4,.6,.4,.7,1,3.3,4.9
22101,2019-11-06,4.4,1017.4,56,14.1,18.4,.7,.4,.6,1.3,4.2,5.3
22101,2019-11-07,8.1,1018.7,54,11.9,18.2,1.3,.8,1,1.8,4.6,5.3
22101,2019-11-08,6.7,1022.2,46,11,17.9,1.1,.6,.9,1.5,4.2,4.9
22101,2019-11-09,3.7,1021.9,60,13.8,17.8,.6,.4,.5,.9,4.5,5.8
22101,2019-11-10,6.2,,71,14.2,17.6,.8,.5,1.5,2.2,4.5,6.4
22101,2019-11-11,9.7,1011.4,70,14.4,17.3,2.2,1.3,1.8,2.9,6.7,8
22101,2019-11-12,2.1,1020.9,57,14.2,17,.7,.4,1,1.7,5.1,6.4
22101,2019-11-13,8.5,1017.9,68,12.9,16.9,1.2,.7,1.4,2.5,4.4,6.4
22101,2019-11-14,6.4,1024.5,56,5.3,16.4,1.2,.7,1.8,3,5.2,7.1
22101,2019-11-15,8.4,1017.1,73,13.5,16.1,1.9,1.1,1.8,3.2,6.6,8
22101,2019-11-16,4.1,1020.4,69,11.8,16,.7,.4,.8,1.3,6.1,7.1
22101,2019-11-17,7.6,1016.1,84,13.7,15.9,.6,.4,.7,1.1,4.1,6.4
22101,2019-11-18,9.6,1020,72,7.2,15.8,2.1,1.3,2,3.4,5.7,8
22101,2019-11-19,7.7,1026.1,63,5,15.5,2.1,1.3,1.9,3,6.6,8
22101,2019-11-20,4.7,1032,51,4.6,15.2,.8,.5,.8,1.4,5.6,7.1
22101,2019-11-21,4.9,1031.3,52,9.5,15,.4,.2,.5,.7,3,4.9
22101,2019-11-22,4,1027,57,13.3,14.8,.4,.2,.3,.5,3.5,5.8
22101,2019-11-23,3.2,1023.5,75,14.3,14.8,.3,.2,.3,.5,5.1,9.1
22101,2019-11-24,7.6,1020.9,80,12.1,14.7,1.1,.6,1.5,3,5.3,8
22101,2019-11-25,8,1030.6,70,3.9,14.4,1.5,.9,1.6,3,5.2,7.1
22101,2019-11-26,4.2,1029.7,71,8.3,14.2,.5,.3,.7,1,4.3,6.4
22101,2019-11-27,8.6,1029.4,61,5.8,13.9,1.1,.7,1,1.7,4.1,5.3
22101,2019-11-28,7.7,1030.7,62,5.2,13.6,1.1,.7,1,1.7,4.6,5.8
22101,2019-11-29,5.3,1032.2,49,5.5,13.3,.8,.5,.8,1.3,4.5,6.4
22101,2019-11-30,2.3,1028.9,58,7.9,13.1,.3,.2,.2,.4,4.3,5.3
22101,2019-12-01,5.7,1022.4,74,7.9,13.1,.7,.4,.6,1.1,4.1,5.3
22101,2019-12-02,8.1,1023.2,64,3.6,12.9,1.7,1,1.4,2.4,5,7.1
22101,2019-12-03,4.9,1025.2,72,5.4,12.6,1.4,.8,1.1,1.7,5.9,6.4
22101,2019-12-04,4.8,1029.4,59,6,12.4,1,.6,1,1.7,5.4,7.1
22101,2019-12-05,9.1,1037.2,60,-1,12.2,1.6,.9,1.1,2.2,4.5,5.8
22101,2019-12-06,4.5,1036.7,62,-1.1,11.9,.8,.5,.8,1.2,4.2,5.3
22101,2019-12-07,5.7,1029.6,65,5.2,11.6,1,.6,.9,1.5,4.7,6.4
22101,2019-12-08,3.1,1028.7,64,5,11.5,.6,.4,.7,1.1,5,6.4
22101,2019-12-09,8.8,1021.6,79,9.9,11.4,1.1,.7,1.2,1.9,4.6,6.4
22101,2019-12-10,4.5,1018.7,81,10.8,11.3,.9,.6,1,1.6,5.7,7.1
22101,2019-12-11,9.4,1018.5,67,8.2,11.2,1.6,1,1.8,3.1,5.3,7.1
22101,2019-12-12,5.6,1029.2,59,3,10.9,1.1,.7,1.1,1.8,5.4,7.1
22101,2019-12-13,6.4,1026.2,69,7.1,10.7,.7,.4,1.1,1.8,4.4,5.8
22101,2019-12-14,7.6,1028.6,62,4.8,10.5,1.5,.9,1.5,2.7,5.3,7.1
22101,2019-12-15,2.8,1028.8,63,7.4,10.3,.3,.2,.3,.5,4.5,6.4
22101,2019-12-16,3.6,1022.1,76,10.1,10.4,.2,.1,.1,.2,3.6,7.1
22101,2019-12-17,8.3,1016.5,81,8.8,10.4,1.2,.7,1.3,2,4.6,6.4
22101,2019-12-18,6.9,1025,67,2.1,10.2,1.4,.8,1.2,2,5,6.4
22101,2019-12-19,5.4,1026.8,61,2.3,10,.9,.6,1,1.5,4.9,6.4
22101,2019-12-20,5.1,1030,59,1.6,9.9,.9,.5,1,1.6,4.8,6.4
22101,2019-12-21,4.2,1026.7,70,5.8,9.8,.7,.4,.7,1.4,4.1,5.3
22101,2019-12-22,4,1020.5,75,7.9,9.7,.5,.3,.5,.7,4.4,5.8
22101,2019-12-23,6.5,1022.8,73,5.5,9.6,1.2,.7,1.2,1.9,5.1,6.4
22101,2019-12-24,4.5,1027.5,64,3.9,9.5,.5,.3,.5,.9,4.1,5.8
22101,2019-12-25,1.7,1023.9,68,6.2,9.4,.2,.1,.1,.3,5,7.1
22101,2019-12-26,7.7,1018.6,72,4.2,9.3,1,.6,1.3,2.4,3.9,6.4
22101,2019-12-27,5.4,1025.3,57,2.2,9.1,1.2,.8,1.6,2.5,5.2,6.4
22101,2019-12-28,6.3,1027.6,68,6.2,8.9,.6,.4,.6,1,4.2,5.8
22101,2019-12-29,6.5,1024.8,71,6.9,8.7,.7,.4,.6,1,5.1,5.8
22101,2019-12-30,7.5,1024.8,76,4,8.6,1.3,.8,2.1,3.5,5.6,8
22101,2019-12-31,7.9,1035.6,68,-3.9,8.4,1.7,1,1.8,2.9,5.1,7.1
22101,2020-01-01,3.8,1031.8,70,3.1,8.1,1,.6,1,1.5,4.9,6.4
22101,2020-01-02,3.7,1029.6,70,4.9,8,.6,.4,.5,.9,4.6,6.4
22101,2020-01-03,3.8,1027.7,70,3.8,8,.5,.3,.4,.7,3.8,4.6
22101,2020-01-04,3.7,1026.5,65,5.4,7.9,.5,.3,.4,.7,4,4.6
22101,2020-01-05,3,1030.6,56,4.6,7.8,.5,.3,.5,.8,4.6,5.3
22101,2020-01-06,5.7,1024.9,78,5.8,7.8,.4,.2,.5,.7,2.8,5.8
22101,2020-01-07,7.2,1009.6,93,6.7,7.8,.6,.4,.5,.9,3.1,4
22101,2020-01-08,11.5,1015.4,80,3.8,7.8,2.5,1.5,1.9,3.4,5.9,7.1
22101,2020-01-09,5.9,1024.9,70,1.5,7.7,1.2,.8,1.4,2.2,5.3,8
22101,2020-01-10,2.4,1024.4,69,2.2,7.5,.4,.2,.5,.9,4.3,7.1
22101,2020-01-11,4.4,1020.9,66,2.9,7.5,.6,.4,.6,1.3,4.2,4.9
22101,2020-01-12,7.2,1019,68,1.6,7.3,1.1,.7,.9,1.7,4.5,5.8
22101,2020-01-13,5.8,1023.8,62,.6,7.1,1.1,.7,1,1.7,4.9,6.4
22101,2020-01-14,3.8,1026.2,64,.6,6.9,.3,.2,.4,.6,4,6.4
22101,2020-01-15,3.9,1029.1,61,.6,6.9,.5,.3,.4,.8,4.2,5.3
22101,2020-01-16,4.2,1027.9,52,1,6.8,.4,.3,.4,.6,3.9,5.3
22101,2020-01-17,5.1,1024.1,55,1.9,6.7,.5,.3,.5,.9,3.6,4.3
22101,2020-01-18,5,1022.3,58,3.3,6.6,.7,.4,.6,1.1,4.2,5.3
22101,2020-01-19,6.9,1019.3,65,5.1,6.6,1.2,.7,1,1.8,4.9,6.4
22101,2020-01-20,6.3,1023.7,62,3.3,6.5,1.4,.9,1.3,2.5,5.5,6.4
22101,2020-01-21,3,1030.1,54,1.6,6.4,.7,.4,.8,1.2,5.3,7.1
22101,2020-01-22,3.2,1025.4,66,4.4,6.4,.2,.1,.2,.4,3.3,6.4
22101,2020-01-23,5.8,1025.1,75,5.4,6.4,.5,.3,.5,.7,3,4
22101,2020-01-24,6.5,1031.1,66,3.3,6.3,.8,.5,.6,1,3.8,4.3
22101,2020-01-25,4.9,1030,70,4.2,6.3,.5,.3,.5,.8,3.5,4.9
22101,2020-01-26,5.8,1027.2,71,5.6,6.2,.5,.3,.5,.9,3.4,4.9
22101,2020-01-27,8.8,1021.1,67,6.3,6.1,.6,.4,.5,.8,3.5,4.9
22101,2020-01-28,6.7,1018.7,78,6.2,6.1,.7,.4,.8,1.4,3.4,6.4
22101,2020-01-29,4.7,1016.5,77,6,6.2,.3,.2,.3,.5,3.2,5.3
22101,2020-01-30,4.1,1015.5,74,5.7,6.2,.8,.5,.7,1.2,5.5,6.4
22101,2020-01-31,4.9,1020.3,69,4.3,6.2,1,.6,.8,1.5,5.3,7.1
22101,2020-02-01,5.2,1024.6,72,5,6.2,1,.6,.9,1.6,4.7,5.3
22101,2020-02-02,3.3,1026.2,60,3.5,6.1,.6,.3,.7,1.1,4.4,5.3
22101,2020-02-03,6.6,1028,62,1.3,6.1,1,.6,.8,1.3,3.8,4.9
22101,2020-02-04,5.8,1027.1,69,1.4,6,.9,.5,1.2,2,4.1,4.9
22101,2020-02-05,8.7,1033.1,59,-5.5,5.8,1.6,.9,1.4,2.3,4.6,6.4
22101,2020-02-06,4.1,1034.7,55,-4.5,5.7,.7,.4,.9,1.5,3.8,4.9
22101,2020-02-07,2.7,1030,64,.5,5.6,.2,.1,.2,.3,3.5,5.8
22101,2020-02-08,6.8,1028.5,62,1.8,5.5,1.1,.7,.8,1.4,4.9,5.8
22101,2020-02-09,4.2,1025.9,59,2.5,5.4,.6,.3,.7,1.1,4.5,5.8
22101,2020-02-10,2.1,1024.3,78,5.4,5.4,.8,.5,.7,1.1,5.3,6.4
22101,2020-02-11,3.6,1026.7,74,6.4,5.4,.4,.3,.4,.7,4.9,6.4
22101,2020-02-12,3.9,1016.9,88,6.4,5.4,.3,,.2,.4,5.1,8
22101,2020-02-13,2.4,1019.8,89,6,5.5,.4,.2,.3,.5,5.1,7.1
22101,2020-02-14,2.8,1021.4,90,5.8,5.6,.2,.1,.2,.3,5.1,7.1
22101,2020-02-15,4.7,1018.2,87,6.2,5.6,.4,,1.2,1.9,5.4,8
22101,2020-02-16,11.3,1014.6,78,.3,5.5,2.8,1.7,2.1,3.6,7,9.1
22101,2020-02-17,11.1,1019.3,68,-2.7,5.4,2.4,1.5,1.7,2.9,6,9.1
22101,2020-02-18,5.3,1028,60,-1,5.2,1.3,.8,1.3,2.3,5.5,7.1
22101,2020-02-19,3.5,1029.8,68,3.8,5.1,.6,.3,.4,.7,4.9,5.8
22101,2020-02-20,1.2,1033.7,87,5.3,5.2,.4,.3,.3,.5,4.6,5.8
22101,2020-02-21,3.5,1029.3,85,6,5.2,.3,.2,.3,.5,4.1,4.9
22101,2020-02-22,8.4,1026.3,73,5.2,5.2,1.6,1,1.5,2.2,5.6,7.1
22101,2020-02-23,5.2,1029.4,60,4.7,5.2,.9,.6,1.3,2.2,5.5,7.1
22101,2020-02-24,4.2,1023.8,82,6,5.2,.8,.5,.6,1,5.4,6.4
22101,2020-02-25,6.7,1017.4,85,6.6,5.2,.5,.3,.5,.8,3.6,5.3
22101,2020-02-26,5.1,1024,81,5.7,5.3,.7,.4,1,1.8,5.4,7.1
22101,2020-02-27,4.1,1028.4,79,5.1,5.4,.6,.4,.7,1.1,5.3,6.4
22101,2020-02-28,2.6,1022.9,89,4.7,5.4,.2,.1,.2,.3,4.8,6.4
22101,2020-02-29,4.3,1019,86,5.6,5.5,.3,.2,.3,.5,3.4,5.8
22101,2020-03-01,4.3,1019.3,81,5.8,5.6,.7,.4,1,1.6,4,5.8
22101,2020-03-02,7.2,1024.7,65,4.1,5.6,1.4,.9,1.4,2.5,5.2,7.1
22101,2020-03-03,3.5,1024.5,74,5.1,5.7,.4,.2,.5,.8,3.9,4.9
22101,2020-03-04,10,1023.7,68,3.1,5.6,2,1.3,2,3.1,5.5,7.1
22101,2020-03-05,6.1,1026.3,61,2.3,5.6,1.3,.8,1.2,2.3,4.9,5.8
22101,2020-03-06,1.6,1023.1,60,3.6,5.6,.4,.2,.4,.6,4.1,5.3
22101,2020-03-07,1.9,1018.5,75,5.4,5.6,.4,.2,.3,.5,4.7,5.8
22101,2020-03-08,1.4,1019.3,84,6.3,5.7,.2,.1,.2,.4,4.6,5.3
22101,2020-03-09,2.1,1015,80,6.7,5.8,.2,,.2,.3,4.1,8
22101,2020-03-10,8.3,1009.5,77,6.3,5.8,1.2,.8,1.6,2.7,4.8,8
22101,2020-03-11,7.8,1019.2,57,4.9,5.8,1.4,.8,1.6,2.9,5.3,8
22101,2020-03-12,7,1021.2,81,6.7,5.8,.8,.5,.7,1.3,4.9,7.1
22101,2020-03-13,7.3,1023.4,56,4.4,5.9,1.1,.7,1,1.6,5,6.4
22101,2020-03-14,5.8,1016.6,69,5.5,5.9,.9,.6,.9,1.3,5.1,7.1
22101,2020-03-15,9.3,1013.2,62,5.2,6,1.8,1.1,1.7,3.2,5.7,6.4
22101,2020-03-16,5.8,1022.7,65,3.7,6,.9,.6,1.4,2.4,4.5,7.1
22101,2020-03-17,5.6,1015.8,89,6.8,6,1.1,.7,1,1.8,5.6,6.4
22101,2020-03-18,5.5,1013.1,86,6.5,6.1,.7,.4,.7,1,4.9,6.4
22101,2020-03-19,11.5,1007.3,79,7.5,6.2,2.3,1.4,1.9,3.1,5.7,8
22101,2020-03-20,6.7,1014,76,7.9,6.3,1.1,.7,1.3,2,5.5,7.1
22101,2020-03-21,4.2,1011.7,91,7.7,6.5,1.1,.7,.9,1.6,6.7,8
22101,2020-03-22,5.6,1015.8,70,7.5,6.5,.8,.5,.8,1.4,4.4,6.4
22101,2020-03-23,3.7,1018.3,81,7.6,6.7,.6,.4,.6,1,4.1,5.8
22101,2020-03-24,2.3,1020.9,80,7.8,6.8,.5,.3,.6,1,4.1,4.9
22101,2020-03-25,2.6,1020.3,78,8.5,6.9,.1,.1,.1,.2,3.9,5.8
22101,2020-03-26,3.3,1014.7,82,9.6,6.9,.2,.1,.2,.4,4.5,6.4
22101,2020-03-27,8.4,1015.2,73,7.8,7,1.4,.9,1.6,2.4,5.3,6.4
22101,2020-03-28,8.9,1022.9,50,6.6,7.1,1.4,.9,1.3,2.5,5,6.4
22101,2020-03-29,,,,,,,,.4,.6,,4.3
22101,2020-04-14,,,,,,,,.3,.5,,4.6
22101,2020-04-15,2.3,1015.6,84,11.2,8.9,.3,.2,.3,.5,3.8,4.9
22101,2020-04-16,3.1,1016.4,78,12.4,9.1,.3,.2,.2,.4,3.9,4.9
22101,2020-04-17,5.7,1012.3,88,12.1,8.9,.9,.5,.7,1.2,5.6,8
22101,2020-04-18,3.9,1017.2,93,10.3,9.1,.8,.5,.6,1.1,4.7,5.8
22101,2020-04-19,3.9,1014.3,90,11.7,9.1,.3,.2,.3,.5,4,5.3
22101,2020-04-20,5.4,1011.8,86,11.4,9.2,.7,.4,1.4,2.2,4.1,6.4
22101,2020-04-21,9.6,1015.7,55,9.7,9.3,2,1.2,1.8,2.8,5.7,7.1
22101,2020-04-22,10,1017.7,55,9.1,9.4,2.1,1.3,2,3.1,6,8
22101,2020-04-23,8.8,1017.3,63,10.3,9.4,1.6,1,1.3,2.1,5.2,6.4
22101,2020-04-24,9.6,1013.1,70,11.8,9.5,1.8,1,1.4,2.4,6,7.1
22101,2020-04-25,9.6,1009.5,75,12.6,9.7,1.9,1.2,1.6,2.7,6.7,8
22101,2020-04-26,4.6,1018.7,78,12.1,9.8,.8,.5,.9,1.6,5.1,6.4
22101,2020-04-27,3.6,1020.7,81,12,9.9,.5,.3,.7,1.1,3.8,5.3
22101,2020-04-28,5.1,1020.1,81,12.6,10,.5,.3,.4,.8,3.6,4.3
22101,2020-04-29,5,1019.2,78,13.2,10.2,.8,.5,.6,1,5.1,5.8
22101,2020-04-30,5.1,1015.6,84,13.7,10.2,.8,.5,.6,1.1,5.3,5.8
22101,2020-05-01,6.5,1012.9,96,14.4,10.3,.8,.5,.6,1,4.8,5.8
22101,2020-05-02,4.2,1011.4,95,14.8,10.5,.5,.3,.4,.8,4.6,5.8
22101,2020-05-03,2.2,1006.1,90,16,10.8,.3,.2,.3,.4,5.3,6.4
22101,2020-05-04,2.6,1009.1,88,13.2,10.8,.7,.4,.8,1.4,5,7.1
22101,2020-05-05,2.4,1012.1,92,12.6,10.9,.5,.3,.6,1,4.5,5.3
22101,2020-05-06,2.3,1014.4,88,13.6,10.9,.3,.1,.2,.4,3.7,4.9
22101,2020-05-07,4,1017.1,67,16.3,11.1,.2,.1,.4,.6,3.3,7.1
22101,2020-05-08,3.7,1014.6,68,15.4,11.2,.2,.1,.2,.3,4.9,7.1
22101,2020-05-09,7.1,1003.7,94,14.6,11.3,.8,.4,.9,1.4,5.9,8
22101,2020-05-10,4.2,1007.5,93,13.5,11.3,.8,.5,.6,1,5.8,8
22101,2020-05-11,3.3,1008.4,88,13.9,11.5,.7,.4,.6,1,4.8,5.3
22101,2020-05-12,6.4,1005.9,85,14,11.6,.8,.5,.9,1.6,4.4,6.4
22101,2020-05-13,5,1015.4,78,14.8,11.8,.9,.5,.7,1.2,5.1,5.8
22101,2020-05-14,3.2,1015.9,64,16.6,12,.6,.4,.5,.8,4.7,5.8
22101,2020-05-15,5.8,1007.6,87,15.9,11.9,.8,.4,.6,1,5.4,8
22101,2020-05-16,3,1007,95,13.9,12.1,.5,.3,.5,.8,6.1,8
22101,2020-05-17,2.9,1005.8,95,14.7,12.2,.3,.2,.3,.5,4.6,6.4
22101,2020-05-18,5.2,998.4,91,15.6,12.1,.5,.3,.7,1,4.3,9.1
22101,2020-05-19,5.1,1000,83,14.6,12.3,1.4,.9,1.5,2.6,6.8,8
22101,2020-05-20,3.4,1012,75,14.5,12.4,.6,.3,.7,1,5.7,7.1
22101,2020-05-21,1.7,1014.7,85,14.9,12.5,.2,.1,.2,.4,4.8,8
22101,2020-05-22,3.2,1013,90,15.6,12.4,.3,.1,.3,.6,4.7,7.1
22101,2020-05-23,2.9,1011.3,86,16.2,12.7,.5,.3,.4,.7,5.4,6.4
22101,2020-05-24,5.8,1010.1,94,14.7,12.8,.9,.5,.7,1.3,4.8,5.8
22101,2020-05-25,1.9,1013.1,96,13.6,13,.4,.2,.5,.8,4.7,9.1
22101,2020-05-26,1.6,1010.2,96,14,13,.3,.1,.2,.4,5,8
22101,2020-05-27,1.8,1010.3,92,15.4,13.2,.3,.1,.2,.4,3.3,5.3
22101,2020-05-28,2.5,1010.1,91,15.9,13.4,.2,.1,.2,.3,3.6,5.8
22101,2020-05-29,1.7,1015.5,92,15.8,13.7,.4,.2,.3,.6,4.1,6.4
22101,2020-05-30,1.3,1016.7,88,17.5,13.9,.2,0,.1,.2,3.8,5.8
22101,2020-05-31,1.8,1012.3,88,17.5,13.9,.2,.1,.2,.3,4.8,8
22101,2020-06-01,3.6,1010.7,95,16.2,14.1,.6,.3,.4,.8,4.2,8
22101,2020-06-02,5.3,1007,87,16.2,14.1,.6,.4,.8,1.2,4,4.6
22101,2020-06-03,3.1,1004.2,95,17.7,14.3,.5,.3,.4,.6,5.5,6.4
22101,2020-06-04,3.5,1004.8,96,16.9,14.4,.4,.2,.3,.5,4.1,5.3
22101,2020-06-05,1.3,1007.8,95,17.3,14.6,.3,.1,.2,.4,4.1,5.3
22101,2020-06-06,1.8,1008.6,94,17.2,14.6,.2,.1,.1,.3,4.8,7.1
22101,2020-06-07,2.8,1011.9,94,17.6,15,.2,0,.1,.3,,6.4
22101,2020-06-08,2.6,1015,86,19.3,15,.3,.1,.3,.5,4.5,6.4
22101,2020-06-09,1.2,1014.8,82,19.2,15.1,.3,.1,.2,.4,4,4.9
22101,2020-06-10,2,1009.3,83,20.4,15.3,.2,0,.1,.3,,8
22101,2020-06-11,2.4,1004.5,95,19.3,15.6,.3,.1,.2,.4,4.6,6.4
22101,2020-06-12,1.3,1005.3,95,17.8,15.5,.3,.2,.3,.6,4.4,7.1
22101,2020-06-13,1.9,1004.9,91,19.7,16,.2,.1,.1,.3,6.1,7.1
22101,2020-06-14,2.6,1004.9,88,19.8,16.1,.4,.2,.4,.7,5,9.1
22101,2020-06-15,3.6,1006.9,90,20.1,16.1,.6,.3,.4,.8,4.1,4.6
22101,2020-06-16,1.9,1006.3,96,18.6,16.4,.6,.3,.5,.9,4.6,5.3
22101,2020-06-17,1.8,1005.7,92,19.3,16.6,.3,.1,.2,.5,4.9,7.1
22101,2020-06-18,1.5,1003.5,95,19.4,16.5,.3,.1,.3,.5,,7.1
22101,2020-06-19,2.8,1006.8,92,20.2,16.7,.4,.2,.2,.5,4.2,8
22101,2020-06-20,1.8,1010.6,95,19.2,17,.3,.1,.2,.4,5.4,8
22101,2020-06-21,1.6,1008.8,96,19.1,17.1,.2,.1,.2,.3,3.5,7.1
22101,2020-06-22,1.4,1008.7,90,21,17.2,.3,.1,.2,.4,3.7,6.4
22101,2020-06-23,2.1,1008.6,86,21.3,17.4,.2,0,.1,.2,,7.1
22101,2020-06-24,6.7,1001.4,88,21.6,17.4,.8,.5,1.1,1.6,6.3,8
22101,2020-06-25,4.9,1001.3,95,19.7,17.5,.6,.3,.5,.9,5.3,7.1
22101,2020-06-26,5.1,1006.6,94,20.5,17.6,.6,.3,.5,1,4.3,5.3
22101,2020-06-27,1.8,1005.9,91,20.7,17.8,.4,.2,.3,.5,4.1,4.9
22101,2020-06-28,2.5,1005.5,95,19.4,18,.4,.2,.3,.5,3.6,6.4
22101,2020-06-29,3.5,1001.5,92,20.5,17.9,.4,.2,.6,1,4.7,7.1
22101,2020-06-30,10.6,994.4,88,20.6,18,1.6,1,1.5,2.5,4.6,5.8
22101,2020-07-01,2.6,1004.8,93,20.4,18.1,.5,.2,.4,.7,4.7,8
22101,2020-07-02,2.5,1010.8,94,20.6,18.4,.3,.1,.2,.4,5.3,8
22101,2020-07-03,2.7,1010.6,88,21.4,18.4,.2,0,.1,.3,5.3,8
22101,2020-07-04,1.7,1007.7,93,21.1,18.5,.2,0,.1,.4,,7.1
22101,2020-07-05,1.6,1004.9,95,20,18.7,.3,.1,.2,.4,5.9,8
22101,2020-07-06,1.5,1001.7,90,21.5,18.8,.2,.1,.1,.3,,7.1
22101,2020-07-07,1.7,1004.8,94,21.5,19,.3,.1,.1,.3,4.6,8
22101,2020-07-08,2,1005.3,95,21.2,19,.4,.1,.2,.5,4.8,8
22101,2020-07-09,1.5,1004.3,94,21.1,19.1,.2,0,.1,.3,5.9,8
22101,2020-07-10,5.2,1002.1,89,23.3,19.3,.4,.2,.4,.7,,6.4
22101,2020-07-11,3.7,1007.2,88,22.9,19.6,.3,.1,.2,.4,5.3,9.1
22101,2020-07-12,4.6,1008.1,85,23.4,19.4,.3,.1,.3,.6,5.4,8
22101,2020-07-13,11.2,1000.9,89,21.1,19.4,1,.6,.8,1.4,3.5,4.6
22101,2020-07-14,7.3,1003.5,86,21.2,19.4,.8,.5,.7,1.2,4.4,7.1
22101,2020-07-15,2.4,1005.7,83,22.2,19.7,.3,.1,.2,.4,5.1,6.4
22101,2020-07-16,1.7,1007.4,90,21.7,19.9,.2,0,.1,.3,,7.1
22101,2020-07-17,1.4,1008.8,93,22.6,19.9,.3,.1,.2,.4,,3.4
22101,2020-07-18,1.8,1008.5,92,22.4,20,.2,0,.1,.3,,8
22101,2020-07-19,7.4,1003.1,91,23.7,19.9,.7,.4,.9,1.7,4.8,7.1
22101,2020-07-20,6.7,1005.6,94,22.1,20,1.1,.6,.9,1.5,5.1,7.1
22101,2020-07-21,1.6,1012.1,95,21.2,20.1,.6,.3,.5,.9,5.5,8
22101,2020-07-22,1.5,1010,95,21.3,20.2,.3,.1,.2,.4,5.6,7.1
22101,2020-07-23,9.3,1003.2,91,21.9,20.2,.8,.4,1,1.7,3.8,6.4
22101,2020-07-24,9.2,998.7,81,22.2,20,1.1,.6,1,1.6,4.4,5.8
22101,2020-07-25,6.7,1003.3,81,23,20,.7,.4,.6,1.1,3.8,5.3
22101,2020-07-26,2.7,1007.2,86,22.3,20.3,.3,.1,.2,.4,,4.6
22101,2020-07-27,2,1008.4,93,21.6,20.3,.2,0,.1,.3,,7.1
22101,2020-07-28,1.7,1010,93,22.4,20.3,.2,0,.1,.2,,
22101,2020-07-29,1.7,1011.5,95,22.1,20.4,.2,,.1,.3,,6.4
22101,2020-07-30,1.7,1013.5,95,21.7,20.6,,0,.1,.3,5.6,7.1
22101,2020-07-31,2.4,1013.8,95,22.2,20.6,.2,0,.1,.3,,7.1
22101,2020-08-01,4.5,1009.8,95,22.7,20.7,.5,.2,.5,.9,,5.8
22101,2020-08-02,7.8,1007,95,23.3,20.7,.8,.5,.8,1.2,4.6,5.3
22101,2020-08-03,6.9,1007.3,94,23.3,20.8,.9,.5,.8,1.4,5.6,6.4
22101,2020-08-04,7.7,1010.2,93,24.2,21,.9,.5,.8,1.5,5.8,10.7
22101,2020-08-05,6.1,1009.6,91,24.6,21.1,.8,.5,.6,1.1,8,10.7
22101,2020-08-06,8,1005,93,23.2,21.3,1.5,.9,1.7,2.6,6.9,9.1
22101,2020-08-07,3,1006.3,90,23.2,21.5,.5,.2,.5,.8,5.7,8
22101,2020-08-08,5,1001.9,94,23.3,21.5,.3,.1,.5,.8,5.2,7.1
22101,2020-08-09,9.9,1001,94,24.2,21.6,1,.6,1,1.6,5.1,7.1
22101,2020-08-10,4.8,1003,95,24.3,21.8,.8,.4,.8,1.8,5.5,7.1
22101,2020-08-11,4.8,1008.6,93,23.6,22,.6,.3,.4,.8,5.9,9.1
22101,2020-08-12,2.2,1012.2,95,24.2,22.3,.4,.2,.3,.5,8.8,9.1
22101,2020-08-13,7,1008.3,95,24.5,22.3,.8,.4,.6,1.2,6.1,9.1
22101,2020-08-14,7.1,1005.2,94,24.6,22.4,.9,.5,.8,1.3,4.7,5.8
22101,2020-08-15,4.3,1008.3,96,24.3,22.6,.6,.3,.4,.8,4.8,5.8
22101,2020-08-16,6.1,1010.2,94,24.8,22.5,.7,.4,.7,1.1,4.8,6.4
22101,2020-08-17,2.9,1013.5,95,24.5,23,.5,.3,.4,.7,5.5,7.1
22101,2020-08-18,1.3,1013.4,92,24.6,23,.3,.1,.2,.4,4.7,5.8
22101,2020-08-19,2.6,1011.6,93,24.3,22.9,.4,.2,.3,.5,5.1,6.4
22101,2020-08-20,2.5,1012.3,95,24.6,23.1,.4,.2,.3,.6,4.9,6.4
22101,2020-08-21,2.2,1013.7,95,24.7,23.3,.3,.1,.2,.4,4.5,5.3
22101,2020-08-22,1.2,1012.1,93,25.6,23.3,.2,0,.1,.6,,4.9
22101,2020-08-23,1.1,1008.6,89,26.2,23.6,.2,0,.1,.3,,
22101,2020-08-24,3.2,1004.9,90,26.4,23.6,.3,.1,.3,.5,,
22101,2020-08-25,3.1,1004.3,88,26.8,23.9,.7,.4,.5,1,8.4,10.7
22101,2020-08-26,6.7,1001.1,75,29.5,24,.7,.4,.9,1.5,10.3,10.7
22101,2020-08-27,11.3,998.3,92,25.8,24.1,2.2,1.4,2.9,4.7,7.8,10.7
22101,2020-08-28,4.1,1006.8,95,25.3,24.3,.7,.4,.7,1.3,5.7,7.1
22101,2020-08-29,2.7,1008.9,95,25.9,24.6,.4,.2,.3,.5,5.5,8
22101,2020-08-30,1.7,1011.4,95,25.5,24.6,.3,.1,.2,.4,5.9,8
22101,2020-08-31,,,,,,,,.1,.4,,6.4
22101,2020-09-01,4,1008.9,87,25.8,24.4,.3,.1,.2,.4,3.6,4.9
22101,2020-09-02,6.1,1003.4,92,25.3,24.4,.5,.2,.6,1,8,12.8
22101,2020-09-03,11.2,998.7,83,24.2,24.4,1.9,1.1,1.7,3.1,5.6,8
22101,2020-09-04,5.9,1011.7,72,24.4,24.4,1.2,.7,1.2,2,6.2,7.1
22101,2020-09-05,4.5,1013,78,25,24.3,.5,.2,.4,.8,4.9,5.8
22101,2020-09-06,5.7,1008.9,75,24.2,24.2,.4,.2,.3,.7,4.2,5.8
22101,2020-09-07,13.8,994.5,87,22.3,24,2.2,1.3,1.9,3.4,5.4,7.1
22101,2020-09-08,7.6,1008.8,79,24.3,23.9,1.4,.9,1.7,2.9,5.3,6.4
22101,2020-09-09,5.2,1009.4,85,23,23.8,.6,.3,.4,.8,4.4,5.8
22101,2020-09-10,3.8,1009.1,85,23.8,23.9,.5,.3,.4,.7,4.8,7.1
22101,2020-09-11,4.2,1013.4,82,24.3,23.8,.4,.1,.4,.6,3.8,4.9
22101,2020-09-12,7,1015.9,82,21.8,23.7,.5,.3,.4,.7,3.1,4
22101,2020-09-13,5.3,1016,73,22.5,23.7,.5,.3,.4,.7,3.5,6.4
22101,2020-09-14,3.9,1014.7,80,23.1,23.6,.5,.3,.4,.8,3.3,4
22101,2020-09-15,1.7,1012.4,78,23.3,23.7,.3,.1,.3,.5,3.8,5.3
22101,2020-09-16,4.5,1009.4,85,22.8,23.3,.4,.2,.4,.7,3.9,4.9
22101,2020-09-17,4.4,1010.5,68,26.2,23.1,.7,.4,.6,1,5.1,7.1
22101,2020-09-18,6.2,1013.1,68,28.6,23.1,.9,.5,.6,1.1,5.3,6.4
22101,2020-09-19,6.1,1015.3,74,28.1,23.1,.8,.5,.6,1.1,5.4,6.4
22101,2020-09-20,4.1,1017.5,60,27.1,23,.5,.3,.5,.9,4.5,6.4
22101,2020-09-21,3.6,1018.3,56,26.6,22.9,.3,.1,.2,.4,4.3,9.1
22101,2020-09-22,5.7,1018.2,64,26.8,22.7,.3,.1,.3,.5,3,4
22101,2020-09-23,,,,,,,,.3,.6,,4.3
22101,2020-09-24,6.9,1014.8,69,26.4,22.5,.5,.3,.5,.9,3.4,4.6
22101,2020-09-25,7,1013.6,70,26.5,22.5,.6,.3,.6,.9,3.5,4.6
22101,2020-09-26,7.6,1016.5,64,26,22.3,.6,.4,.5,.9,3.6,4.6
22101,2020-09-27,5,1018.7,71,25.7,22.3,.4,.2,.4,.7,3.1,4.6
22101,2020-09-28,2.1,1016.9,76,26.5,22.3,.3,.1,.2,.4,4.3,7.1
22101,2020-09-29,3.6,1012.1,77,26,22.2,.3,.1,.3,.5,3.5,5.8
22101,2020-09-30,3.9,1010.9,80,25.1,22.1,.6,.3,.4,.8,4,4.9
22101,2020-10-01,4.1,1013.1,72,25,22,.5,.2,.5,.8,4.2,5.8
22101,2020-10-02,6.3,1014.2,78,26,21.9,.9,.5,1,1.5,4.7,6.4
22101,2020-10-03,3,1015.3,71,25.5,21.8,.5,.3,.4,.8,4.8,5.3
22101,2020-10-04,7,1013.3,63,23.4,21.7,.9,.5,1.5,2.4,4,7.1
22101,2020-10-05,7.7,1018.6,57,21.4,21.5,1.4,.8,1.1,2.4,5.1,6.4
22101,2020-10-06,6.4,1022.9,51,21.9,21.2,.8,.5,.7,1.2,4.6,5.8
22101,2020-10-07,6.2,1025.9,52,23.2,20.9,.5,.3,.5,.8,3.5,4.6
22101,2020-10-08,6,1026.5,59,24.1,20.8,.4,.2,.3,.5,3.1,4.3
22101,2020-10-09,6.6,1023.4,58,24.2,20.7,.5,.3,.4,.7,3.2,3.8
22101,2020-10-10,5.5,1020,64,23.1,20.6,.4,.2,.4,.6,3,4
22101,2020-10-11,3.4,1016.2,71,22.9,20.5,.3,.1,.2,.5,3.8,10.7
22101,2020-10-12,7.1,1016,65,22.5,20.5,1,.6,1.2,1.9,4.2,5.8
22101,2020-10-13,6.2,1021.4,47,21.8,20.2,1,.6,.9,1.6,4.6,5.3
22101,2020-10-14,6.8,1025.6,51,20.3,20,.8,.5,.7,1.3,3.9,4.6
22101,2020-10-15,5,1026.7,45,18.8,19.7,.6,.3,.8,1.2,3.8,4.9
22101,2020-10-16,2.4,1024.2,63,20.5,19.5,.2,.1,.2,.5,4.2,7.1
22101,2020-10-17,3.7,1023.8,60,20.2,19.3,.3,.2,.3,.5,4.2,5.8
22101,2020-10-18,,,,,,,,.3,.5,,5.8
22101,2020-10-19,,,,,,,,.3,.6,,6.4
22101,2020-10-20,2.1,1025.8,71,22.1,18.9,.2,.1,.2,.5,4,6.4
22101,2020-10-21,4.7,1018.4,75,22.3,18.8,.3,.2,.3,.6,3.9,5.3
22101,2020-10-22,8.4,1014.5,63,19.8,18.7,1.5,.9,1.7,2.7,5,6.4
22101,2020-10-23,9.3,1016.3,56,15.7,18.4,1.8,1.1,1.4,2.4,5.4,6.4
22101,2020-10-24,8.3,1019.9,55,17.2,18.1,1.5,.9,1.2,2,4.8,6.4
22101,2020-10-25,5.1,1020.5,62,20.7,17.9,.8,.5,.7,1.3,5.1,5.8
22101,2020-10-26,2.4,1020.4,67,20.8,18,.4,.2,.3,.6,4.5,5.8
22101,2020-10-27,2.9,1021.6,80,21.1,17.9,.2,.1,.2,.4,3.5,6.4
22101,2020-10-28,7.6,1023.7,52,19.7,17.7,1,.6,.9,1.8,4,4.6
22101,2020-10-29,6.3,1024.7,44,18.5,17.4,.8,.5,.9,1.4,4.1,4.9
22101,2020-10-30,4.2,1026,47,19.2,17.3,.6,.4,.8,1.2,4.5,5.3
22101,2020-10-31,6.1,1024.3,71,20.2,17.2,.5,.3,.5,.8,4,4.9
22101,2020-11-01,6.3,1019.6,76,20.7,17,.8,.5,.7,1.1,4.7,6.4
22101,2020-11-02,4.5,1021,50,16.6,17,.6,.3,.5,.9,4.5,5.3
22101,2020-11-03,10.2,1022.9,53,-.1,16.6,1.8,1,1.3,2.7,5.2,6.4
22101,2020-11-04,4.4,1026.1,51,,16.3,.9,.6,1.1,1.8,5.6,7.1
22101,2020-11-05,2.8,1027,63,7.8,16.1,.6,.3,.4,.8,4.4,5.3
22101,2020-11-06,4.8,1021,75,15.1,16,.5,.3,.4,.7,4.7,5.8
22101,2020-11-07,5.9,1018.5,71,15.2,16,.7,.4,.6,.9,4.6,5.8
22101,2020-11-08,9.2,1023.9,49,10.2,15.9,1.6,1,1.3,2.4,5.2,7.1
22101,2020-11-09,5,1025.9,51,9,15.7,1,.6,1,1.4,5.2,6.4
22101,2020-11-10,4,1029,51,10.8,15.6,.7,.4,.8,1.2,5.3,7.1
22101,2020-11-11,1.6,1032.1,58,12.3,15.5,.3,.2,.2,.4,4.1,5.3
22101,2020-11-12,1.8,1030.4,69,13.1,15.4,.2,.1,.3,.4,4.1,5.3
22101,2020-11-13,2.6,1028.9,79,13.8,15.3,.4,.3,.4,.6,4.7,5.3
22101,2020-11-14,2.8,1029.4,76,12.9,15.3,.3,.2,.3,.5,5,10.7
22101,2020-11-15,1.1,1027.8,74,13.2,15.2,.2,.1,.1,.3,6.7,9.1
22101,2020-11-16,3.3,1026.4,79,13.1,15.2,.2,.1,.1,.3,5.2,9.1
22101,2020-11-17,5.7,1022.9,78,15.2,15.1,.3,.2,.3,.5,3.8,9.1
22101,2020-11-18,7.2,1014.4,86,17,15.1,.6,.4,.8,1.4,4.3,6.4
22101,2020-11-19,10.8,1009,84,12.8,15.1,2.1,1.3,1.7,2.8,6.9,9.1
22101,2020-11-20,8.1,1020.1,74,5.1,14.9,1.7,1,1.4,2.3,5.6,8
22101,2020-11-21,5.4,1023.1,73,7.7,14.6,.5,.3,.6,1,4.6,8
22101,2020-11-22,8.3,1023.5,69,7.7,14.4,1.3,.8,1.4,2.3,4.5,5.8
22101,2020-11-23,6.3,1029.1,61,4.4,14.2,1.3,.8,1.2,2,5.8,8
22101,2020-11-24,3.4,1028.9,59,6.1,14,.5,.3,.5,.8,4.7,5.8
22101,2020-11-25,3,1027.6,61,8.4,13.9,.3,,.4,.6,4.4,6.4
22101,2020-11-26,,,,,,,,.3,.5,,4.6
22101,2020-11-27,,,,,,,,2,3.5,,5.3
22101,2020-11-28,8.1,1030,61,2.4,13.3,2.1,1.4,1.8,2.9,4.5,5
22101,2020-11-29,4.8,1030.7,70,3.3,13,1.3,.8,1.5,2.5,4.2,4.8
22101,2020-11-30,5,1035.6,57,4.1,12.7,1.1,.7,.9,1.5,4,4.5
22101,2020-12-01,5.5,1036,49,4.2,12.4,.7,.4,.8,1.4,3.1,3.8
22101,2020-12-02,5.5,,,,,.7,.5,.6,1,3.1,3.5
22101,2020-12-03,8,1030.8,62,3.8,12,1.5,1,1.3,2.2,3.8,4.3
22101,2020-12-04,4.7,1030.8,61,3.5,11.7,1.1,.7,1.2,2.3,3.7,4.2
22101,2020-12-05,2.7,1029.9,67,5.9,11.6,1.2,.8,1.1,1.9,4.5,5.5
22101,2020-12-06,4.2,1028.6,55,7.9,11.5,.9,.6,.8,1.2,3.9,4.8
22101,2020-12-07,6.8,1028.9,66,5.6,11.4,1.3,.8,1.2,1.8,3.7,4.3
22101,2020-12-08,4.9,1029.7,56,2.5,11.2,1,.7,1,1.6,3.8,4.1
22101,2020-12-09,3.1,1026.6,63,5.5,11.1,.4,.3,.5,.8,3.5,4
22101,2020-12-10,3.3,1022.6,70,8.7,11,.7,.5,.6,.9,3.8,4.3
22101,2020-12-11,4.4,1020.2,62,8.5,10.9,.8,.5,.7,1.1,3.7,4.5
22101,2020-12-12,4.2,1020.1,54,5.6,10.9,.9,.6,.9,1.7,3.8,4.4
22101,2020-12-13,9.8,1019.3,73,3.3,10.7,1.9,1.1,2,3.6,4.3,5.4
22101,2020-12-14,10.6,1030.3,68,-3.7,10.2,2.2,1.5,2,3.1,4.4,5.2
22101,2020-12-15,8.7,1031.8,68,-3.6,9.7,1.9,1.2,1.8,4,4.2,5.1
22101,2020-12-16,8.3,,,,,1.6,1,1.4,2.2,4,4.6
22101,2020-12-17,3.8,1030.5,69,.7,8.9,.8,.5,.8,1.3,4.1,4.6
22101,2020-12-18,8.4,1029.2,65,1.6,8.7,2,1.2,1.8,2.9,4.3,4.9
22101,2020-12-19,6.6,1033.9,60,-1.6,8.5,1.4,.9,1.6,2.3,3.9,4.5
22101,2020-12-20,3.1,1032.8,55,.8,8.3,1,.6,.9,1.8,4.6,5.2
22101,2020-12-21,2.8,1029.1,67,3.2,8.2,.8,.5,.6,1,4.4,5
22101,2020-12-22,4.9,1025.9,57,6.8,8.2,1,.6,.8,1.2,3.8,4.7
22101,2020-12-23,5,1021.7,74,8.7,8.1,1.3,.8,1.1,1.7,4.2,4.5
22101,2020-12-24,7.3,1019.4,62,4.7,8.1,2,1.3,1.7,3.2,4.4,4.7
22101,2020-12-25,5.3,1024,55,3.3,8.1,1.9,1.2,1.6,2.6,4.6,5.2
22101,2020-12-26,4.1,1024.1,69,6.7,8,1.1,.7,1.1,1.8,4.2,4.8
22101,2020-12-27,4.7,1021.1,80,8.3,8,.8,.5,.7,1.2,4,4.7
22101,2020-12-28,2.7,1023.8,,5.2,8,.5,.4,.6,1,3.7,4.1
22101,2020-12-29,8.1,1023,,1.5,7.9,1.5,.9,2,3.7,3.8,4.7
22101,2020-12-30,13,1025.1,75,-7.1,7.6,3.4,2.2,2.8,4.4,5,5.6
22101,2020-12-31,5.9,1026.8,73,-4.8,7,1.9,1.2,2,3,5,6
22101,2021-01-01,3.2,1025.9,71,-.5,6.6,1.6,1,1.5,2.5,5.1,5.8
22101,2021-01-02,6.9,1030.3,56,-2,6.4,1.2,.8,1,1.7,3.8,4.2
22101,2021-01-03,3.9,1034.5,59,-2,6.3,.7,.5,1.1,1.6,3.5,3.9
22101,2021-01-04,5.1,1031.5,72,-.8,6.1,.3,.2,.3,.5,2.7,3.3
22101,2021-01-05,7.7,1031.1,63,-3.3,6,1.5,.9,1.4,2.4,3.7,4.4
22101,2021-01-06,7.7,1024.2,67,-4,5.8,1.7,1.1,3.2,4.3,4.2,6.3
22101,2021-01-07,,,,,,,,3,4.9,,5.7
22101,2021-01-08,,1025.7,75,-11.1,5,2.3,1.5,2,3.3,4.5,5.1
22101,2021-01-09,,,,,,,,1.4,2.3,,5.1
22101,2021-01-10,,,,,,1.1,.7,1.1,1.7,4.8,5.6
22101,2021-01-11,,1026.7,62,-3.4,4.4,.8,.5,1,1.5,4.5,5.5
22101,2021-01-12,,1017.2,73,1.4,4.3,1.1,.7,1.3,2.2,4.2,5.1
22101,2021-01-13,,1015.1,75,5,4.3,1.7,1.1,1.4,2.5,5.2,6.1
22101,2021-01-14,,1021.5,56,3.3,4.3,,,1.3,1.9,,5.1
22101,2021-01-15,,1016.5,85,4.4,4.3,1.2,.8,1.5,2.6,3.8,5.1
22101,2021-01-16,,,,,,,,1.8,3,,4.9
22101,2021-01-21,,,,,,,,.3,.5,,4.3
22101,2021-01-22,3,1020.1,100,3.7,3.8,.4,,.4,.7,3.9,4.5
22101,2021-01-23,5.2,1019.8,84,5.1,3.9,.5,.4,.5,.8,3.1,4.4
22101,2021-01-24,3.8,1026.1,83,4.7,3.9,.3,.2,.4,.5,3.1,4.3
22101,2021-01-25,2.2,1025.7,84,5.1,4,.2,.1,.3,.4,3.7,4.9
22101,2021-01-26,4.2,1020.8,90,4.2,4,.6,.4,.9,1.4,4.1,5.2
22101,2021-01-27,4.5,1024.6,44,2.4,4,.8,.5,.8,1.4,3.6,4
22101,2021-01-28,10.6,1018.2,65,-.7,4,2.4,1.5,2.9,4.8,4.5,5.9
22101,2021-01-29,5.9,1027.7,64,-6,3.7,1.8,1.2,2.4,3.7,4.7,5.5
22101,2021-01-30,4.6,1025.6,81,1.9,3.5,1.7,1,1.8,3.1,4.7,6.2
22101,2021-01-31,6.1,,,,,.9,.6,1,1.6,4.1,5.4
22101,2021-02-01,5.9,1017.6,86,3.7,3.5,1.2,.8,1.7,2.8,4.4,5.6
22101,2021-02-02,7.3,1027.4,60,-4.2,3.5,1.6,1.1,1.8,2.9,4.1,5
22101,2021-02-03,5.8,1025.8,74,-1.1,3.4,1.2,.7,.9,1.7,4.2,5
22101,2021-02-04,5.9,1027.9,57,-1.3,3.3,1.5,1,1.9,2.9,4.4,4.8
22101,2021-02-05,6.4,1019.7,87,,3.4,1.6,1,1.3,2.1,4.3,4.9
22101,2021-02-06,5,1015.3,97,5.1,3.4,1.6,1,1.2,1.9,4.8,5.3
22101,2021-02-07,5.8,1022.8,77,1.7,3.5,1.3,.8,1.6,2.6,4.3,5.1
22101,2021-02-08,8.7,1029.8,53,-1.6,3.4,2.1,1.3,1.5,3,4.2,4.7
22101,2021-02-09,4.1,1028.9,63,1.2,3.4,.8,.5,.9,1.4,3.7,4.1
22101,2021-02-10,3.6,1025.1,93,3.9,3.4,.9,.6,.8,1.3,4.4,5.2
22101,2021-02-11,2,1025.5,97,3,3.4,.6,.4,.7,1.3,4.1,4.8
22101,2021-02-12,1.7,1025.5,97,2,3.5,.2,.1,.2,.3,3.7,4.3
22101,2021-02-13,2.1,1024.9,100,1.3,3.5,.2,,,.2,4.1,5.9
22101,2021-02-14,1.2,1015.5,93,4,3.5,.2,,.2,.2,5.4,6.2
22101,2021-02-15,10.8,1013.5,77,.4,3.5,2.3,1.6,2.9,4,4.6,5.6
22101,2021-02-16,7.4,1018,63,-3.2,3.5,1.7,1.1,1.9,3.1,4.3,5
22101,2021-02-17,12.2,1020.6,67,-6.2,3.2,3.1,2,2.3,4,4.9,5.6
22101,2021-02-18,10,1023.8,59,-3.1,2.9,2.8,1.8,2.4,4,4.8,5.5
22101,2021-02-19,7.3,1016.2,83,2.8,2.8,1.4,.9,1.5,2.5,4,5.1
22101,2021-02-20,4.3,1010,94,4.4,3,1.7,1.1,1.6,2.7,4.9,5.8
22101,2021-02-21,6.5,1008.9,87,6.9,3,1.1,.7,.9,1.4,3.5,3.9
22101,2021-02-22,6.4,1016.2,79,3.6,3.1,1.8,1.1,2.1,3.7,4.3,4.8
22101,2021-02-23,7.2,1027.3,52,-.3,3.1,1.6,1.1,1.8,2.4,3.9,4.8
22101,2021-02-24,4.4,1026.3,53,.8,3.1,.6,.4,1,1.7,3.2,3.9
22101,2021-02-25,2.8,1024.2,72,2.9,3.1,.2,.2,.2,.3,3,3.7
22101,2021-02-26,4.5,1024.1,71,4.1,3.2,.3,.2,.3,.5,2.8,3.5
22101,2021-02-27,5.8,1028.1,65,6.5,3.3,.4,.2,.4,.5,2.9,3.8
22101,2021-02-28,3.6,1025.8,79,4.3,3.3,.3,.2,.4,.5,4.2,6.5
22101,2021-03-01,8.3,1015.6,95,3.2,3.4,1,.6,1.6,2.7,3.9,5.7
22101,2021-03-02,4.8,1025.9,74,2.4,3.4,1,.6,.9,1.6,4.2,4.8
22101,2021-03-03,2.7,1029.1,84,3.3,3.5,.6,.4,.7,1.2,4.1,4.7
22101,2021-03-04,3.1,1023.9,82,5,3.6,.5,.3,.4,.6,4,4.5
22101,2021-03-05,3,1022.2,91,4.8,3.7,.5,.3,.8,1.3,3.8,4.2
22101,2021-03-06,5.4,1027.3,85,4.4,3.8,.9,.6,.9,1.3,3.7,4
22101,2021-03-07,4,1028.7,83,3.8,3.9,.6,.4,.5,.8,3.5,4.3
22101,2021-03-08,2.9,1027.8,90,3.8,4,.5,.3,.5,.8,3.3,3.7
22101,2021-03-09,2.1,1026.7,93,4.3,4.1,.3,.2,.3,.5,3.1,4.2
22101,2021-03-10,1.2,1029,93,4.4,4.3,.4,.2,.3,.6,3.4,3.7
22101,2021-03-11,1.6,1026.1,90,5,4.3,.2,.1,.2,.3,3.5,4
22101,2021-03-12,3.1,1022.4,83,6.3,4.3,.3,.2,.3,.5,2.8,3.6
22101,2021-03-13,2.4,1022.4,90,5.3,4.4,.3,.2,.3,.5,3.4,4
22101,2021-03-14,1.9,1021,100,3.2,4.5,.2,.1,.2,.4,3.1,3.7
22101,2021-03-15,3.8,1016.5,94,5.1,4.6,.2,.2,.3,.5,3.1,3.6
22101,2021-03-16,5.8,1017.5,71,5.4,4.6,1.2,.7,1.4,2.4,3.7,4.9
22101,2021-03-17,2.7,1020.3,78,5,4.7,.6,.4,.7,1.1,3.6,4.3
22101,2021-03-18,1.8,1020.1,91,5.4,4.9,.3,.2,.3,.5,3.5,4.1
22101,2021-03-19,2.1,1018.8,86,6.4,5,.2,.2,.2,.4,3.5,4.1
22101,2021-03-20,4.1,1014.2,88,5.7,5,.6,.4,1,1.8,3.3,4
22101,2021-03-21,9.1,1016.7,77,5.1,5.1,2.5,1.6,2.7,4.5,4.5,5.4
22101,2021-03-22,5.3,1021.4,83,5.6,5.3,1.9,1.2,2,3.4,4.7,5
22101,2021-03-23,,1020.1,90,6.8,5.4,,,1,1.5,,4.8
22101,2021-03-24,,,,,,,,1.1,1.7,,4.6
22101,2021-03-25,2.2,1022.1,100,5.4,5.5,.6,.4,.5,.9,3.8,4.7
22101,2021-03-26,1.3,1021.2,98,4.2,5.7,.3,.2,.3,.4,3.5,4
22101,2021-03-27,5.5,1009,90,8.2,5.7,.4,.3,.5,1.1,3.2,4.2
22101,2021-03-28,6.9,1003.6,99,6.7,5.8,1.3,.8,1.3,2,4.1,4.8
22101,2021-03-29,3.2,1010,98,5.7,5.9,.9,.6,.8,1.4,4.2,5.2
22101,2021-03-30,1.4,1013.6,84,7.1,6,.4,.3,.4,.7,3.9,4.4
22101,2021-03-31,1.9,1014.9,86,7.3,6.2,.2,.1,.2,.5,3.6,4.7
22101,2021-04-01,5,1017.7,56,12,6.3,.2,,.3,.4,3,5.9
22101,2021-04-02,4.9,1018.8,50,12.4,6.3,.4,.3,.5,.7,3.4,5.6
22101,2021-04-03,5.2,1012.1,93,9.5,6.5,.4,.3,.6,1,4,5.9
22101,2021-04-04,5.7,1016.5,86,8.2,6.6,1,.6,.9,1.6,3.7,4.4
22101,2021-04-05,2.2,1022.8,86,7.9,7.1,.8,.5,.6,1.1,4.1,4.8
22101,2021-04-06,3.5,1021.2,87,8,7,.5,.3,.5,.9,3.2,3.7
22101,2021-04-07,2.8,1020.4,89,8.2,7.1,.7,.4,.5,1.1,3.3,3.7
22101,2021-04-08,4.6,1019.9,78,8.4,7.2,.8,.5,1.1,1.7,3.2,3.8
22101,2021-04-09,2.7,1024.9,80,8.7,7.4,.4,.3,.6,.8,3.4,3.9
22101,2021-04-10,3.2,1030.6,84,8.5,7.4,.2,.2,.4,.6,3.2,3.9
22101,2021-04-11,1.8,1029.7,82,9.4,7.6,.2,.1,.2,.4,3.7,4.4
22101,2021-04-12,5.4,1016.6,82,10.2,7.6,.4,.2,.7,1.2,3.4,4.8
22101,2021-04-13,9,1015.3,77,7.7,7.8,2.1,1.4,2.1,3.2,4.5,5.3
22101,2021-04-14,5.9,1020,71,7.8,7.9,1.2,.8,1.5,2.5,4.1,4.6
22101,2021-04-15,3.6,1019.1,95,7.9,8.2,.8,.5,.7,1.2,4,4.6
22101,2021-04-16,4.5,1016.1,84,9.3,8.2,.9,.6,.8,1.3,3.9,4.8
22101,2021-04-17,6.4,1015.8,74,9,8.2,1.5,.9,1.6,2.9,4.2,4.8
22101,2021-04-18,6.6,1017.5,79,8.8,8.4,1.7,1.1,1.8,2.8,4.2,5.1
22101,2021-04-19,4.8,1017.5,86,9.6,8.6,.8,.5,.8,1.3,3.6,4.3
22101,2021-04-20,2.9,1021.4,90,9.9,8.8,.7,.5,.6,1.1,3.9,4.4
22101,2021-04-21,1.8,1021.9,79,11.9,9.3,.4,.2,.3,.5,4.1,4.8
22101,2021-04-22,3.2,1018.7,61,13.7,8.9,.4,,.4,.5,4.3,5.9
22101,2021-04-23,5.7,1018.4,63,14.7,8.9,.6,.4,.5,.8,3.3,4.3
22101,2021-04-24,2.9,1020.5,78,12,9,.6,.4,.6,.8,3.9,4.4
22101,2021-04-25,2.4,1019.8,86,11.9,9.3,.4,.3,.3,.6,4,5
22101,2021-04-26,2.5,1021.2,91,11.1,9.4,.3,.2,.3,.4,3.9,4.5
22101,2021-04-27,4.5,1018,89,10.9,9.4,.5,.3,.6,1.1,3.9,4.7
22101,2021-04-28,3.5,1016.7,100,9.1,9.6,.6,.4,.6,1,3.7,4.4
22101,2021-04-29,3.5,1006.1,87,10.9,9.7,.4,.2,.3,.6,3.4,4.3
22101,2021-04-30,3.8,1005.3,92,9.6,9.8,1.1,.7,1.4,2.3,4.3,5.5
22101,2021-05-01,6.8,1006.9,85,9.8,9.7,1.6,1,2,3.1,4.1,4.9
22101,2021-05-02,3.8,1017.2,89,10.1,9.9,1,.7,1.2,1.7,3.9,4.4
22101,2021-05-03,3,1019,93,9.8,10.1,.5,.3,.5,.8,3.4,4.1
22101,2021-05-04,6,1009.2,94,11.8,10.1,.8,.6,1,1.5,3.4,4.3
22101,2021-05-05,6,1013.5,87,11.2,10.4,1.4,.9,1.1,1.9,3.9,4.4
22101,2021-05-06,,1015.2,77,12,10.3,,,.9,1.5,,4.2
22101,2021-05-07,7.8,1006.6,81,12.1,10.5,2.2,1.3,1.6,3.3,4.6,5.3
22101,2021-05-08,8.1,1004.5,83,11.9,10.7,1.6,1,1.3,2,4.3,5
22101,2021-05-09,3.6,1010.7,84,11.7,10.9,1,.7,1,1.7,4.2,5
22101,2021-05-10,4.4,1013.7,89,11.9,10.9,.3,.2,.4,.6,3,3.6
22101,2021-05-11,5.4,1012.7,71,14.7,10.9,.3,.2,.4,.6,2.9,3.6
22101,2021-05-12,3.9,1012.1,68,14.6,11.1,.3,.2,.3,.5,3.7,5.2
22101,2021-05-13,1.4,1012.1,93,13.3,11.3,.3,.2,.3,.4,4.2,4.9
22101,2021-05-14,1.5,1011.6,95,13.8,11.5,.3,.2,.2,.5,4,4.5
22101,2021-05-15,2.6,1006.4,98,14.4,11.6,.2,.1,.2,.3,4,4.9
22101,2021-05-16,2.6,1001.1,100,13.4,11.6,.3,.2,.3,.5,3.9,4.6
22101,2021-05-17,2.5,1007.6,99,12.6,11.7,.5,.3,.4,.7,4,4.7
22101,2021-05-18,2.5,1011.1,96,12.9,11.9,.4,.3,.3,.6,3.8,4.4
22101,2021-05-19,1.9,1012.2,94,13.7,12.4,.3,.2,.2,.4,3.5,4.6
22101,2021-05-20,4.9,1005.3,82,15.4,12.1,.4,.2,.6,.9,3,4
22101,2021-05-21,4.3,1007.1,96,13.4,12.2,.9,.6,.8,1.6,3.4,3.8
22101,2021-05-22,2.6,1011.4,98,13.2,12.5,.4,.2,.4,.6,3.3,3.8
22101,2021-05-23,2.2,1011.3,93,14,12.6,.3,.2,.2,.4,3.5,4.1
22101,2021-05-24,2.7,1008.9,98,13.6,12.6,.5,.3,.5,.7,3.4,3.9
22101,2021-05-25,5.3,1007.7,93,13.4,12.9,.9,.6,1,1.6,3.7,4.8
22101,2021-05-26,6.8,1006.5,88,14.5,12.9,1.1,.7,.9,1.4,4.1,4.9
22101,2021-05-27,6.1,1001.9,97,13.6,12.9,1.3,.8,1.3,1.8,4.4,5.2
22101,2021-05-28,6.5,1001,93,14,13.1,1.1,.7,1.3,1.9,3.9,4.8
22101,2021-05-29,3.6,1006.9,88,14.7,13.2,1.1,.7,1.4,2.1,4.4,5.1
22101,2021-05-30,3.1,1008.6,86,15.4,13.4,.4,.3,.4,.7,3.7,4.3
22101,2021-05-31,,,,,,,,.4,.7,,4.7
22101,2021-06-01,3.5,1013.8,84,15.9,13.5,.4,.3,.4,.6,3.5,4.7
22101,2021-06-02,2.4,1012.8,84,17.7,13.9,.5,.3,.3,.6,3.9,4.4
22101,2021-06-03,3.1,1004.7,96,15.5,13.7,.4,.3,.6,1,4,4.7
22101,2021-06-04,5.7,1002.1,96,14.7,14,.7,.5,.9,1.3,3.2,3.5
22101,2021-06-05,,,,,,,,1.1,2.1,,5.3
22101,2021-06-06,3.9,1006.8,98,16.2,14.3,.6,.4,.6,.9,3.7,4.6
22101,2021-06-07,3.4,1013.7,91,16.6,14.4,.6,.4,.4,.7,4,4.5
22101,2021-06-08,1.9,1015.6,98,16.4,14.6,.7,.4,.6,1.1,4.6,5.5
22101,2021-06-09,1.6,1015,97,17.3,14.8,.5,.3,.5,.8,4.1,5
22101,2021-06-10,4.2,1010.1,91,18.3,14.7,.4,.2,.9,1.7,4,4.8
22101,2021-06-11,3.6,1010.6,100,16.1,14.9,.8,.5,1.1,2,4.1,4.8
22101,2021-06-12,2.2,1012.5,100,15.8,15.1,.4,.3,.4,.7,3.6,4.5
22101,2021-06-13,1.9,1009.6,100,15.3,15.3,.5,.3,.4,.7,3.1,3.5
22101,2021-06-14,1.2,,,,,.3,.2,.3,.5,3.3,3.7
22101,2021-06-15,2.9,1004,94,18.6,15.5,.3,.2,.2,.4,3.4,4
22101,2021-06-16,4.2,1005,81,20.1,15.7,.3,.2,.3,.7,3.3,4.3
22101,2021-06-17,2.9,1005.8,92,17.9,15.8,.3,.2,.3,.4,3.7,4.5
22101,2021-06-18,4.2,1001.8,100,17.4,15.9,.6,.4,.7,1.2,3.6,4.7
22101,2021-06-19,3,1001.7,100,16.6,16.1,.4,.3,.3,.6,3.6,4.3
22101,2021-06-20,4.9,1001,100,17,16.2,.7,.5,.7,1.2,3.4,4
22101,2021-06-21,2.1,1005.2,100,16.3,16.4,.5,.3,.5,.7,3.7,4.3
22101,2021-06-22,2.3,1008.4,97,18,16.6,.2,.2,.2,.4,3.5,4.3
22101,2021-06-23,1.9,1010.6,95,18.8,16.8,.4,.2,.4,.7,3.8,5
22101,2021-06-24,1.6,1011.7,100,18.2,17,.2,.1,.2,.3,3.7,4.3
22101,2021-06-25,1.5,1011.2,100,17.7,17,.2,.1,.2,.3,4,4.8
22101,2021-06-26,2.6,1010.5,99,19,17.1,.2,.1,.2,.3,3.7,4.3
22101,2021-06-27,2.2,1007.6,99,19.4,17.6,.3,.2,.2,.4,4,4.7
22101,2021-06-28,1.6,1005.5,98,19.4,17.6,.3,.2,.3,.5,4.4,5.1
22101,2021-06-29,1.4,1005.9,100,19,17.7,.3,,.2,.4,4.3,4.6
22101,2021-06-30,1.3,1007.3,100,19.4,17.8,.3,.2,.3,.4,4.2,4.9
22101,2021-07-01,1.6,1007.3,100,19.7,18.1,.3,,.3,.4,3.9,4.7
22101,2021-07-02,1.5,1008.4,93,21.7,18.2,.3,.2,.2,.5,3.9,4.2
22101,2021-07-03,8.7,1003.9,90,21.8,18.2,.7,.5,1.1,1.6,2.9,4.7
22101,2021-07-04,5.5,1003.9,100,19.4,18.3,1.3,.8,1.1,1.8,4.2,4.9
22101,2021-07-05,1.8,1010,,19.7,18.5,.6,.4,.7,1.1,4.2,4.8
22101,2021-07-06,1.4,1007.4,,21,18.7,.4,.2,.3,.5,4.4,5.3
22101,2021-07-07,1.6,1007.3,,20.3,18.6,.4,.3,.3,.6,4.9,5.6
22101,2021-07-08,1.7,1005.8,,20,18.8,.5,.3,.4,.7,5.1,6.5
22101,2021-07-09,2.3,1005.7,,20,18.8,.4,.3,.3,.5,4.9,5.9
22101,2021-07-10,2.9,1007.5,99,20.3,18.9,.4,.2,.3,.5,4,5
22101,2021-07-11,3.2,1009.7,99,20.4,19.1,.4,.3,.4,.6,3.8,4.7
22101,2021-07-12,2.5,1009.8,99,22.3,19.3,.4,.3,.4,.6,4.1,4.9
22101,2021-07-13,4.4,1009.3,99,23.1,19.3,.6,.4,.6,.9,4.2,5.3
22101,2021-07-14,4.7,1011.6,99,22.9,19.5,1,.6,.8,1.1,4.8,5.7
22101,2021-07-15,2.7,1014.4,99,23.3,19.7,.9,.6,.7,1.2,4.7,5.5
22101,2021-07-16,2,1014.7,98,23.1,19.9,.6,.4,.5,.9,4.6,5.3
22101,2021-07-17,2.2,1012.1,99,22.7,20.4,.4,.2,.3,.5,4.2,4.8
22101,2021-07-18,1.4,1011.7,98,23.3,21,.2,.1,.2,.4,4,4.6
22101,2021-07-19,2.2,1013.3,99,23.2,20.8,.2,.1,.2,.3,3.9,4.3
22101,2021-07-20,1.5,1014.5,99,23.9,21.3,.3,.2,.2,.4,4.2,4.8
22101,2021-07-21,2,1012.9,99,24.3,21.1,.2,.2,.2,.3,4.7,5.3
22101,2021-07-22,2.1,1011,98,24.7,21.3,.3,.2,.2,.4,4.8,5.9
22101,2021-07-23,1.8,1009.5,98,24.2,21.4,.3,.2,.3,.6,5.4,6.5
22101,2021-07-24,1.5,1008.4,98,24.4,21.4,.3,,.3,.5,6.3,9.1
22101,2021-07-25,2.3,1006.5,94,25.4,21.6,.6,.4,.9,1.5,7.6,10.3
22101,2021-07-26,2.6,1004.6,97,25,21.9,.9,.6,.8,1.3,7.6,10
22101,2021-07-27,1.9,1003.2,95,24.9,22.2,.7,.5,.6,1.1,6.1,7.3
22101,2021-07-28,1.7,1003,99,23.8,22.3,.6,.4,.5,.8,5.4,6.1
22101,2021-07-29,2,1002.3,99,23.7,22.4,.4,.3,.3,.6,4.8,5.7
22101,2021-07-30,4.5,1000.3,99,24.7,22.5,1,.6,1,1.4,4.8,5.8
22101,2021-07-31,2.5,1000.8,99,24.2,22.8,1.1,.6,.8,1.4,4.7,5.6
22101,2021-08-01,2.9,1000.8,99,24,22.8,.6,.4,.5,.9,4,4.7
22101,2021-08-02,3.2,1003.4,99,23.7,22.8,.4,.3,.4,.6,3.2,3.7
22101,2021-08-03,1.4,1007.8,,24.8,23.5,.3,,.2,.4,3.8,4.3
22101,2021-08-04,3.1,1008.9,,24.5,23.2,.5,.3,.5,.9,3.8,4.4
22101,2021-08-05,1.9,1006.6,,25.5,23.5,.5,.3,.4,.7,4.2,4.6
22101,2021-08-06,2.7,1004.3,,24,23.3,.5,.3,.7,1.2,3.9,4.5
22101,2021-08-07,3,1004,93,24.4,23.5,.4,.3,.3,.7,3.7,4.7
22101,2021-08-08,3.3,1003.5,91,25.1,23.5,.4,.3,.4,.8,3.2,3.7
22101,2021-08-09,3.2,1003.9,91,25.2,23.7,.3,.2,.3,.5,3.4,4.6
22101,2021-08-10,1.8,1007.8,94,24.8,23.9,.2,.1,.2,.4,3.9,4.8
22101,2021-08-11,2.1,1010.3,95,24.9,24,.3,.2,.3,.5,3.9,4.8
22101,2021-08-12,2.3,1009.8,97,24.7,24,.3,.2,.3,.5,4.2,4.9
22101,2021-08-13,2.7,1006.5,95,25,24,.3,.2,.3,.4,3.7,4.8
22101,2021-08-14,4.4,1007.9,83,25.5,24,.4,.2,.4,.6,3.4,4.3
22101,2021-08-15,3.2,1013.7,84,24.8,24.1,.3,.2,.3,.6,3.7,5.4
22101,2021-08-16,3.8,1014.1,86,25.1,24.2,.3,.2,.4,.6,3.7,5.3
22101,2021-08-17,4.5,1010.4,82,24.8,24.3,.4,.3,.5,.8,3,3.5
22101,2021-08-18,4.9,1010.2,82,24.4,24.3,.4,.3,.4,.8,2.8,3.4
22101,2021-08-19,4,1011.7,77,24.8,24.3,.3,.2,.4,.6,3,3.6
22101,2021-08-20,4.5,1011,88,24.7,24.3,.6,.4,.7,1,3.5,5
22101,2021-08-21,8.1,1002.3,91,24.1,24.2,1.4,.8,1.3,2.1,4.3,5.2
22101,2021-08-22,3.5,1008.5,92,24.6,24.2,1,.7,1,1.4,4.5,5.4
22101,2021-08-23,6.7,1007.8,92,23.7,24.1,.6,.4,.7,1.2,3.6,4.7
22101,2021-08-24,7.5,998.9,94,24.4,24,1.2,.8,1.3,2.1,4.3,6.2
22101,2021-08-25,3.9,1006.1,96,24.3,24.1,1.1,.7,1.5,2.8,4.7,5.6
22101,2021-08-26,5.3,1011.3,97,24.7,24.1,.8,.5,.7,1.2,4,4.9
22101,2021-08-27,3.2,1013.3,81,23.4,23.9,.7,.4,.5,.9,4,4.6
22101,2021-08-28,3.3,1014.5,90,23.6,24,.6,.4,.5,.8,3.9,4.6
22101,2021-08-29,2.8,1014.7,89,23.1,24,.5,.3,.5,.7,3.4,3.8
22101,2021-08-30,1.9,1016.2,91,24.2,24.1,.5,.3,.4,.6,3.6,4.2
22101,2021-08-31,5.9,1013.4,91,22.2,24,.7,.4,.9,1.6,3.1,3.7
22101,2021-09-01,5.3,1009.7,85,22.6,23.9,.8,.5,.7,1.4,3.4,4
22101,2021-09-02,4.7,1009.5,80,24.1,23.8,.4,.3,.4,.7,3,3.4
22101,2021-09-03,4.6,1009.6,80,24.1,23.9,.4,.2,.4,.6,2.8,3.4
22101,2021-09-04,4.9,1015,72,23.9,23.9,.4,.3,.5,.9,2.9,3.4
22101,2021-09-05,6.2,1018.1,71,23.8,23.8,.5,.3,.5,.8,2.9,3.6
22101,2021-09-06,9.7,1015.2,80,22.2,23.7,.8,.5,1.1,1.8,3.1,3.6
22101,2021-09-07,7.9,1007.2,93,22.6,23.5,1.4,.9,1.2,1.9,4.3,5.1
22101,2021-09-08,4.9,1011.3,81,23,23.5,1,.6,1.1,1.8,3.9,4.5
22101,2021-09-09,1.7,1013.9,86,23.1,23.5,.3,.2,.4,.7,3.5,3.9
22101,2021-09-10,2.1,1013.5,88,23.4,23.6,.3,.2,.2,.4,3.6,4.2
22101,2021-09-11,2.2,1013.1,90,23.5,23.7,.3,.2,.3,.5,3.8,4.7
22101,2021-09-12,3,1013.6,84,23.9,23.7,.3,.2,.3,.5,3.7,4.8
22101,2021-09-13,3.6,1016,81,24.6,23.8,.5,.3,.5,.7,4.8,9.1
22101,2021-09-14,5,1015.1,68,24.7,23.8,.8,.5,.8,1.3,5.4,8
22101,2021-09-15,6.5,1015.7,67,24.3,23.8,.8,.5,.7,1.1,3.7,4.8
22101,2021-09-16,5.8,1012.6,70,23.5,23.7,.6,.4,.7,1.2,3.2,3.9
22101,2021-09-17,5.9,1009.6,76,24,23.7,.7,.4,.6,1,3.1,4
22101,2021-09-18,3.7,1014.6,78,23.4,23.8,.4,.3,.5,.7,3.2,3.8
22101,2021-09-19,2.5,1015.7,87,23.8,23.8,.2,.1,.2,.3,3.2,4
22101,2021-09-20,8,1009.6,82,23.7,23.8,.7,.4,.9,1.5,3.3,4.3
22101,2021-09-21,7.7,1004.6,84,23.9,23.8,1.8,1.1,1.4,2.4,5,5.7
22101,2021-09-22,6.5,1009.3,75,22.8,23.7,1.7,1.1,1.8,3,4.7,5.6
22101,2021-09-23,7.8,1017.4,67,22.9,23.6,1.3,.9,1.2,1.9,3.9,4.4
22101,2021-09-24,3.8,1022.5,78,22.5,23.6,.4,.3,.7,1,3.4,4.2
22101,2021-09-25,5.9,1023.1,75,23.1,23.5,.4,.3,.4,.6,2.8,3.2
22101,2021-09-26,4.9,1020.5,73,23,23.4,.4,.3,.4,.6,3,4.1
22101,2021-09-27,4.2,1015.7,74,22.4,23.4,.4,.3,.5,.7,3.3,4.2
22101,2021-09-28,5.8,1012.2,88,21.6,23.3,.6,.4,.6,1.1,3.3,4.4
22101,2021-09-29,5.2,1008.3,86,22.2,23.3,.9,.6,.8,1.2,3.6,4
22101,2021-09-30,3,1009.6,85,21.9,23.3,.4,.3,.4,.7,3.3,4
22101,2021-10-01,5.6,1009.3,76,22.6,23.3,.8,.5,1.4,2.3,3.2,4
22101,2021-10-02,3.6,1014,84,22.2,23.4,.8,.5,.7,1.2,3.6,4.2
22101,2021-10-03,6.5,1017.9,89,23.3,23.3,1,.6,1,1.6,3.6,4.5
22101,2021-10-04,10.1,1018.6,90,24.5,23.2,2,1.3,1.8,2.8,4.7,5.6
22101,2021-10-05,6.6,1020.4,90,23.2,23.2,1.2,.8,1.2,2,4.2,4.9
22101,2021-10-06,2,1018.9,88,22.4,23.2,.6,.4,.7,.9,4,4.6
22101,2021-10-07,3.9,1017.3,83,20.9,23.2,.6,.4,.7,1.2,3.9,4.8
22101,2021-10-08,2,1020.9,83,20.8,23.1,.5,.3,.6,1,4,4.7
22101,2021-10-09,3.4,1021.5,88,23,23.1,.2,.2,.3,.4,3.4,4.9
22101,2021-10-10,6.4,1018.6,84,21.1,23,.8,.5,1.1,1.8,3.7,4.4
22101,2021-10-11,6,1022,65,17.2,22.8,1.1,.7,1.4,2.3,3.9,4.7
22101,2021-10-12,7.2,1024.5,73,19.5,22.6,.7,.5,.7,1.1,3.2,3.5
22101,2021-10-13,5.2,1023.7,74,20.3,22.5,.5,.4,.6,.9,3.2,4.4
22101,2021-10-14,4,1020.1,74,20.7,22.4,.6,.4,.5,.8,3.7,4.8
22101,2021-10-15,6.5,1019.1,73,19.9,22.4,1.1,.7,1.6,2.3,3.6,4.8
22101,2021-10-16,12,1024.8,60,12.8,22.1,2.9,1.9,2.4,4,4.7,5.2
22101,2021-10-17,8.4,1029,52,9,21.5,2,1.3,2.3,4,4.1,5.5
22101,2021-10-18,5.2,1022.9,70,14.3,21,.8,.5,.8,1.3,3.6,4.2
22101,2021-10-19,7.3,1020.5,64,13.6,20.6,1.6,1,1.5,2.3,4.3,5
22101,2021-10-20,4.4,1022,55,11.7,20.4,1,.6,1.4,2.4,4.1,4.8
22101,2021-10-21,3.5,1020.5,53,13.4,20.2,.5,.3,.6,1,3.5,4.3
22101,2021-10-22,6.5,1023.3,49,14.9,20,.9,.6,.9,1.4,3.5,4
22101,2021-10-23,3,1028.5,45,15.7,19.8,.6,.4,.8,1.2,3.7,4.1
22101,2021-10-24,2.5,1026.7,59,15.5,19.7,.3,.2,.3,.4,3.1,3.9
22101,2021-10-25,2.8,1023.5,61,15.7,19.6,.2,.2,.3,.4,3,3.9
22101,2021-10-26,2.9,1020.6,66,17.3,19.5,.3,.2,.5,.7,3.1,3.8
22101,2021-10-27,7.8,1020.6,61,16.3,19.4,1.6,1,1.2,2,3.8,4.3
22101,2021-10-28,3.8,1023.6,53,16.5,19.3,.8,.5,.9,1.3,3.8,4
22101,2021-10-29,5.3,1024.5,64,17.2,19.2,.5,.4,.6,.8,2.9,3.7
22101,2021-10-30,3.9,1023.6,71,17.4,19.1,.4,.3,.5,.7,2.9,3.2
22101,2021-10-31,2.8,1024,72,17.5,19.1,.4,.2,.3,.6,3.3,3.8
22101,2021-11-01,6.1,1024.3,73,15,19,1.2,.8,1.1,1.7,3.5,4.1
22101,2021-11-02,4.4,1022.8,69,13.7,18.9,1,.6,.8,1.5,3.7,4.1
22101,2021-11-03,3.2,1020.1,69,14.6,18.8,.6,.4,.6,1.2,3.5,4
22101,2021-11-04,2.4,1020,76,16.3,18.7,.6,.4,.5,.9,4,4.5
22101,2021-11-05,3.9,1020.9,75,16.6,18.6,.4,.2,.3,.6,3.6,5.3
22101,2021-11-06,4.5,1020.9,68,17.4,18.5,.3,.2,.3,.4,3.1,4.4
22101,2021-11-07,6.7,1018.3,70,17.7,18.4,.4,.3,.7,.9,3.5,5.1
22101,2021-11-08,11.6,1012.1,78,11,18.2,2.6,1.8,2.6,4.9,5,6.3
22101,2021-11-09,10,1010.7,79,8.5,17.7,3.1,2,2.5,4,5.5,5.8
22101,2021-11-10,8,1008.8,76,8.4,17.2,2.5,1.7,2.1,3.3,5.1,5.8
22101,2021-11-11,9.2,1012.3,65,8.8,16.7,2.7,1.7,2.3,3.7,4.8,5.2
22101,2021-11-12,7.3,1017.7,57,8.8,16.5,2.1,1.3,2,3.2,4.4,4.8
22101,2021-11-13,4.1,1018.3,61,13.1,16.2,1.2,.7,.8,1.4,4.2,5.1
22101,2021-11-14,6.2,1018,63,14.8,16.2,1.2,.8,1,1.6,3.9,4.3
22101,2021-11-15,3.3,1022.1,61,13.6,16.1,.7,.5,.7,1.1,3.5,4
22101,2021-11-16,5.3,1025.1,60,11.3,16,.8,.5,.9,1.2,3.2,3.5
22101,2021-11-17,3.8,1023.9,62,11.3,15.9,.5,.3,.7,1.1,3.3,3.7
22101,2021-11-18,7.6,1017.7,81,15.5,15.7,1.4,.9,1.2,2,4.1,4.9
22101,2021-11-19,5.3,1018.1,84,14.6,15.7,1.3,.8,1.1,2,4.3,4.9
22101,2021-11-20,2,1021.2,69,12.4,15.6,.5,.3,.7,.9,3.6,4.2
22101,2021-11-21,4.9,1017,77,13.4,15.6,.5,.3,1.6,2.5,3.2,4.3
22101,2021-11-22,11.6,1016,75,6.8,15.3,3.2,2.1,2.8,4.1,5.3,5.8
22101,2021-11-23,8.2,1019.4,78,3.3,15,2.4,1.5,2.3,4.3,4.8,5.3
22101,2021-11-24,6.9,1017.4,67,7.9,14.6,2.4,1.5,2,3.1,5.1,5.6
22101,2021-11-25,6.2,1020,57,8.8,14.2,1.6,1,1.6,2.5,4.5,4.9
22101,2021-11-26,5.3,1027.6,59,7.5,14.1,.9,.6,1,1.9,3.5,3.9
22101,2021-11-27,4.1,1034.8,56,6.2,13.9,.8,.5,1,1.4,3.4,3.7
22101,2021-11-28,1.9,1033.8,61,9.1,13.8,.3,.2,.2,.5,3.1,3.6
22101,2021-11-29,4.3,1026.8,79,11.6,13.6,.4,.3,.4,.6,2.8,3.3
22101,2021-11-30,11.3,1012,79,9.3,13.7,2.6,1.7,3.1,5,4.6,5.9
22101,2021-12-01,,,,,,3.1,2,2.9,4.7,4.9,5.8
22101,2021-12-02,,,,,,,,1.1,1.8,,4.8
22101,2021-12-03,,,,,,,,1.4,2.3,,4.7
22101,2021-12-04,,,,,,,,1,1.7,,5
22101,2021-12-09,,,,,,,,.4,.5,,3.1
22101,2021-12-10,5.6,1025.3,84,10.1,11.5,.7,.4,.8,1.2,3.1,3.8
22101,2021-12-11,3.3,1026.9,77,8.6,11.5,.6,.4,.6,1,3.8,4.3
22101,2021-12-12,9.1,1027.6,63,3.9,11.3,2.1,1.3,1.9,3.3,4.1,5
22101,2021-12-13,5.2,1028.8,59,1.6,11.1,1.3,.9,1.7,2.5,4.1,4.6
22101,2021-12-14,6,1021.1,67,8.4,11,1.3,.8,1.5,2.2,3.9,4.7
22101,2021-12-15,4.8,1020.4,73,9.9,10.9,1.7,1.1,1.4,2.7,4.8,5.3
22101,2021-12-16,4.4,1019.5,69,8.3,10.8,.9,.6,1.7,3.1,4,4.7
22101,2021-12-17,12.3,1025.7,69,-2.2,10.4,3.1,2,2.4,4.1,4.8,5.6
22101,2021-12-18,8.4,1025.3,66,1,10.1,2.2,1.4,2.6,3.8,4.9,5.6
22101,2021-12-19,6.9,1022.2,59,4.8,9.5,2.4,1.5,2.6,4.3,5,5.5
22101,2021-12-20,5.8,1016.9,76,10,9.3,1.8,1.1,1.6,2.9,5,5.9
22101,2021-12-21,5.9,1018.4,70,7.3,9.3,1.4,.9,1.2,1.9,4.6,5.7
22101,2021-12-22,4.8,1024.1,50,4.6,9.1,.7,.4,.9,1.3,3.4,4
22101,2021-12-23,2.4,1025,54,6.7,9.1,.3,.2,.2,.4,3.5,4.8
22101,2021-12-24,8.1,1024.5,73,1.7,9,1.7,1.1,2.1,3.8,3.9,5.3
22101,2021-12-25,11.2,1033.7,79,-7.7,8.6,2.9,1.9,2.3,3.8,4.8,5.3
22101,2021-12-26,9.3,1035,73,-6.9,8.2,2.3,1.4,1.8,3.8,4.3,5
22101,2021-12-27,4.3,1031,74,-.8,7.9,1.7,1.1,1.7,2.5,5,5.7
22101,2021-12-28,4,1027.3,61,3.3,7.7,1.2,.8,1,2,4.5,5.8
22101,2021-12-29,8.8,1020.2,68,5.3,7.6,2.1,1.3,2.4,3.3,4.5,5.2
22101,2021-12-30,7.6,1026.4,59,-.5,7.3,2.1,1.3,2.2,3.3,4.4,5.3
22101,2021-12-31,8.6,1032.6,56,-3.2,7,2.1,1.4,2.1,3.7,4.3,5.3
22101,2022-01-01,4.1,1030.9,59,0,6.8,.5,.3,.8,1.1,3.4,4
22101,2022-01-02,7.1,1027.4,66,2,6.6,1.5,1,1.4,2.3,4.2,5.2
22101,2022-01-03,3.9,1026.6,65,1.7,6.4,.6,.4,.7,1.1,3.8,4.1
22101,2022-01-04,7.1,1029.3,56,-.4,6.3,1.3,.8,1.1,1.7,3.9,4.3
22101,2022-01-05,4.8,1028.4,56,-.2,6.1,.6,.4,.8,1.1,3.4,4.2
22101,2022-01-06,6.8,1030,56,1.2,6,1.1,.7,.9,1.6,3.6,4.2
22101,2022-01-07,2.9,1030.2,52,1.9,6,.5,.4,.7,1,3.6,4.1
22101,2022-01-08,4.4,1024.7,72,5,6,.7,,.8,1.5,3.5,4.1
22101,2022-01-09,3.7,1023.4,66,2.6,5.9,1.1,.7,1.2,2,4.2,4.6
22101,2022-01-10,3.5,1021.5,69,2.5,5.9,.5,.3,1.2,2.2,3.5,4.3
22101,2022-01-11,10.4,1022.6,69,-4.5,5.7,2.7,1.8,2.2,3.9,4.6,4.9
22101,2022-01-12,6.6,1023.8,61,-3.5,5.5,1.5,1,1.4,2.2,3.9,4.3
22101,2022-01-13,9.7,1023.3,66,-2.7,5.3,2.2,1.4,2.1,3.2,4.1,5.1
22101,2022-01-14,4.3,1026.7,54,-1.9,5.1,1.4,.9,1.4,2.5,4.2,4.5
22101,2022-01-15,5.4,1022.5,69,3.2,5,.7,.5,.9,1.4,3.5,4.5
22101,2022-01-16,8.5,1026.6,64,-.8,4.8,2.1,1.3,1.7,2.8,4.3,4.6
22101,2022-01-17,6,1028.2,65,-1.7,4.5,1.4,.9,1.6,2.9,4,4.7
22101,2022-01-18,4.4,1029.6,56,-2.9,4.3,1.1,.7,1.5,2.6,4,4.6
22101,2022-01-19,6.6,1025.3,71,-.9,4.2,1.2,.8,1.5,2.8,3.8,4.6
22101,2022-01-20,4.4,1029.9,67,-2.9,4,.9,.6,1.4,2,3.8,4.3
22101,2022-01-21,2.6,1030.7,58,-.5,3.9,.3,.2,.3,.5,3.7,4.5
22101,2022-01-22,4.2,1026.9,59,1.2,3.9,.3,.2,.4,.5,3.1,4
22101,2022-01-23,5.7,1023.1,69,1.9,3.9,.7,.4,.6,1,3.1,4
22101,2022-01-24,4.9,1021.5,73,4.8,3.9,.5,.4,.5,.8,3.4,4.3
22101,2022-01-25,3.7,1021.4,85,4.2,4,.6,,.7,1.1,3.9,4.6
22101,2022-01-26,5.6,1025.6,65,2.7,4,1.4,.9,1.1,1.9,3.9,4.4
22101,2022-01-27,6.1,1026.3,62,.3,4,1.3,.8,1.4,2.2,3.6,4.4
22101,2022-01-28,7.6,1026.2,62,-.8,3.9,1.7,1.1,1.3,2.2,4,4.5
22101,2022-01-29,7,1023.5,58,-1.3,3.8,1.5,1,1.2,2.1,3.9,4.3
22101,2022-01-30,6.8,1023.4,56,-.2,3.7,1.3,.8,1.3,2.1,3.6,4.2
22101,2022-01-31,5.9,1024.2,66,2,3.6,.9,.6,1.6,2.9,3.6,4.4
22101,2022-02-01,8.5,1026.1,74,.4,3.4,2.7,1.7,2.1,3.7,5.2,5.6
22101,2022-02-02,4.6,1029.2,67,-1,3.3,1.2,.8,1.3,2.2,4.2,4.6
22101,2022-02-03,5.1,1028.3,58,-1.2,3.2,1.1,.7,1.2,1.8,4,4.8
22101,2022-02-04,7.4,1026.2,67,-2.2,3.2,1.3,.8,1.7,2.7,3.8,5
22101,2022-02-05,9.4,1027.5,62,-3,3.1,2.2,1.4,1.8,3,4.5,5.1
22101,2022-02-06,6.9,1029,60,-.5,3,1.8,1.2,1.6,2.6,4.5,5.1
22101,2022-02-07,3.4,1029,51,.4,3,.9,.6,.9,1.5,4,4.6
22101,2022-02-08,2.5,1028.3,66,2,3.1,.4,.3,.4,.8,3.1,3.5
22101,2022-02-09,1.7,1026,67,2.4,3.4,.6,.4,.5,.8,3,3.8
22101,2022-02-10,2.9,1024.2,69,2.8,3.5,.8,.5,.7,1.2,3.6,5.8
22101,2022-02-11,1.5,1027,78,3.9,3.6,.6,.4,.5,.8,3.4,5.8
22101,2022-02-12,3.3,1025.7,78,3,3.5,.7,.4,.6,1,3,4.3
22101,2022-02-13,3.4,1022.7,66,3.8,3.5,.7,.4,.6,1,2.8,4.3
22101,2022-02-14,5.9,1021.2,75,2.5,3.5,,,1.6,2.6,,4.9
22101,2022-02-15,9.5,1023.4,63,-3.4,3.5,,,1.8,3.2,,6.4
22101,2022-02-16,9.5,1025.3,58,-4.8,3.3,2.4,1.4,1.8,3,5.1,6.4
22101,2022-02-17,6.9,1029.3,51,-4.4,3,1.7,1.1,1.8,3.4,5,6.4
22101,2022-02-18,2.8,1030.5,52,-.8,3,.5,.3,.5,.9,4,6.4
22101,2022-02-19,6.3,1025.3,64,-.5,2.9,1.1,.7,1.7,2.8,4.1,6.4
22101,2022-02-20,8.9,1027.8,53,-2.8,2.8,2.4,1.4,2.1,3.9,5,6.4
22101,2022-02-21,7.3,1028.7,60,-.1,2.8,2,1.2,2.1,3.3,5.5,6.4
22101,2022-02-22,6.9,1033.2,49,-2.8,2.8,1.5,.9,1.5,2.6,5,7.1
22101,2022-02-23,7.1,1034.3,48,-3.4,2.7,1.4,.9,1.2,2.5,4.3,5.3
22101,2022-02-24,3.7,1031.4,56,.4,2.7,.8,.5,1,1.4,4.4,5.3
22101,2022-02-25,4.3,1026.8,80,4.2,2.8,1.2,.7,1,1.6,4.9,5.8
22101,2022-02-26,9,1018.1,80,4.7,2.8,2,1.2,1.8,3.1,6.1,7.1
22101,2022-02-27,6,1022,71,4.4,2.8,1.6,1,1.7,2.6,5.9,8
22101,2022-02-28,3.2,1021.1,86,3.7,2.9,1.1,.7,1.1,2,5.3,5.8
22101,2022-03-01,5.2,1015.9,78,3.6,3,1.3,.8,1.5,2.5,4.8,6.4
22101,2022-03-02,4.5,1018.5,73,3.9,3.1,1.1,.7,1.1,1.9,5.3,7.1
22101,2022-03-03,2.3,1018.4,83,3.8,3.2,1,.6,1,1.7,5.1,6.4
22101,2022-03-04,8.3,1011.4,84,5.3,3.3,1.1,.7,1.2,2.2,4.9,8
22101,2022-03-05,9.3,1016.5,47,2.8,3.3,2.6,1.5,2,3.9,5.8,7.1
22101,2022-03-06,7.5,1023.2,45,2.1,3.4,1.8,1.1,1.7,2.8,4.8,5.8
22101,2022-03-07,2.6,1021.6,54,2.4,3.5,.5,.3,.7,1.2,4.1,6.4
22101,2022-03-08,3.1,1019.6,81,3.9,3.6,.7,.4,.5,.8,4.6,5.8
22101,2022-03-09,1.8,1022.7,86,3.8,3.7,.3,.2,.3,.5,4,6.4
22101,2022-03-10,3,1021,81,4.8,3.7,.3,.2,.3,.6,3.6,6.4
22101,2022-03-11,2.6,1018.6,75,6.3,3.9,.4,.2,.3,.7,4.3,5.3
22101,2022-03-12,3.6,1015.1,87,6.4,3.9,.4,.3,.4,.7,3.8,5.8
22101,2022-03-13,2.4,1011.4,94,5.8,4.1,.5,.3,.5,.9,4.3,5.8
22101,2022-03-14,5,1012.3,91,4.9,4,1.1,.7,1.7,2.9,4.9,8
22101,2022-03-15,2.2,1015.1,81,4.1,4.1,1.1,.7,1.6,2.6,5.5,7.1
22101,2022-03-16,2.7,1017.2,89,4.6,4.1,.3,.2,.4,.6,3.5,4.6
22101,2022-03-17,4.4,1019.3,78,5.8,4.2,.8,.5,.7,1.2,4,6.4
22101,2022-03-18,5.6,1010.8,70,6.6,4.3,.5,.3,.6,1,3.8,8
22101,2022-03-19,5.9,1009.2,83,4,4.4,1.4,.8,1.4,2.4,5.2,9.1
22101,2022-03-20,5.4,1019.8,69,4.3,4.5,1.2,.8,1.2,1.9,4.9,6.4
22101,2022-03-21,3.9,1024.9,63,4.2,4.5,.6,.4,.7,1.5,3.9,5.3
22101,2022-03-22,4.8,1023.3,73,4.7,4.6,.6,.4,.9,1.4,3.1,4.9
22101,2022-03-23,3.7,1018.9,73,4.8,4.7,.6,.4,.6,1,3.6,5.8
22101,2022-03-24,5.9,1019.1,83,6,4.8,1.1,.7,.9,1.4,5.1,6.4
22101,2022-03-25,6.9,1013.5,76,8.6,4.9,.9,.6,.9,1.8,5.4,7.1
22101,2022-03-26,7.3,1003.1,84,7.5,5,1.9,1.2,1.7,2.9,6.3,9.1
22101,2022-03-27,5.2,1017.2,73,6.1,5.1,1.6,1,1.5,2.9,5,7.1
22101,2022-03-28,2.4,1025.5,78,5.6,5.2,.8,.5,.8,1.5,4.3,5.3
22101,2022-03-29,2,1024.8,71,6.5,5.4,.3,.1,.2,.4,3.9,5.3
22101,2022-03-30,3,1020.7,83,6.9,5.4,.3,.2,.3,.4,3.7,4.9
22101,2022-03-31,5.1,1025,83,6.6,5.5,1,.6,1,1.6,4.3,5.3
22101,2022-04-01,3.8,,76,6.3,5.6,.8,.5,.9,1.6,4.7,5.8
22101,2022-04-02,3.4,1028.4,74,6.1,5.8,.7,.4,.6,1,3.9,4.3
22101,2022-04-03,1.5,1028.9,85,6.4,5.9,.4,.2,.4,.7,3.2,4
22101,2022-04-04,2.2,1028.5,86,6.5,6,.2,.1,.2,.3,3.4,5.8
22101,2022-04-05,4.2,1022.7,77,7,6.1,.5,.3,.6,1,4,5.8
22101,2022-04-06,1.8,1022.1,83,7.3,6.3,.7,.4,.6,1.1,4.5,5.3
22101,2022-04-07,2.8,1019.1,80,7.2,6.4,.5,.3,.4,.6,3.2,4.3
22101,2022-04-08,3.5,1019,74,8.2,6.6,.4,.3,.3,.6,3.3,5.8
22101,2022-04-09,8.9,1013.7,73,10.7,6.7,1.6,1,1.3,2.2,4.8,6.4
22101,2022-04-10,5.3,1016,77,10.7,7.1,1.3,.8,1.2,2,5.5,6.4
22101,2022-04-11,3.6,1013,84,11.5,7.4,.6,.4,.4,.8,5,5.8
22101,2022-04-12,3.3,1011,95,9.5,7.2,.7,.4,.6,1,4.5,5.8
22101,2022-04-13,6,1013.5,81,9.9,7.3,.9,.5,.8,1.3,3.6,4.9
22101,2022-04-14,5.4,1018,73,9.9,7.4,.6,.4,.7,1.3,3.7,9.1
22101,2022-04-15,3.4,1018.7,77,9,7.6,.6,.4,.9,1.6,5,9.1
22101,2022-04-16,2.9,1018.6,82,8.7,7.7,.9,.5,.9,1.4,4.8,5.8
22101,2022-04-17,2.9,1018.8,84,8.9,7.9,.5,.3,.4,.8,4.2,5.3
22101,2022-04-18,3.5,1018.3,83,9.1,8,.4,.3,.4,.7,4.2,5.8
22101,2022-04-19,3,1017.9,87,9.3,8.2,.4,.2,.3,.5,3.6,4.6
22101,2022-04-20,4.3,1016.3,84,9.4,8.3,.3,.2,.3,.5,3,3.8
22101,2022-04-21,6.8,1011.7,70,10.8,8.5,.9,.5,1.2,1.9,4.1,6.4
22101,2022-04-22,7.1,1010.3,87,10.4,8.6,1.6,1,1.4,2.2,5.9,7.1
22101,2022-04-23,2.8,1012.7,92,9,8.7,.6,.4,.7,1.3,4.8,6.4
22101,2022-04-24,3,1011.7,94,10.6,8.9,.3,,.3,.5,3.9,5.8
22101,2022-04-25,1.9,1011,94,11.2,9,.4,.2,.3,.5,3.4,4.3
22101,2022-04-26,5.1,1004.5,87,12.4,9.1,.7,.4,1,2,3.9,4.9
22101,2022-04-27,4.6,1015.8,72,11.1,9.3,1.1,.7,1,1.6,4,4.9
22101,2022-04-28,2.7,1016.7,78,10.9,9.5,.6,.3,.6,1.4,3.9,4.6
22101,2022-04-29,4.3,1016.8,87,10.6,9.5,.6,.4,.6,.9,3.8,4.9
22101,2022-04-30,3.7,1018.6,85,10.3,9.7,.5,.3,.6,1,3.9,4.9
22101,2022-05-01,5.4,1013.7,77,11,9.8,1,.6,.8,1.4,4.2,4.9
22101,2022-05-02,3.9,1014.6,80,10.9,10,1.3,.8,1.1,1.9,5,6.4
22101,2022-05-03,4.5,1019.2,77,10.9,10.1,.7,.4,.7,1,4.4,5.3
22101,2022-05-04,7.1,1018.4,72,12.2,10.3,1.3,.8,1.1,1.8,5,5.8
22101,2022-05-05,3.3,1018.7,77,12.9,10.4,.9,.5,.8,1.3,5,5.8
22101,2022-05-06,2.6,1016.9,83,13.4,10.6,.6,.3,.5,.8,4.6,5.8
22101,2022-05-07,4.4,1018.3,81,12.1,10.8,1,.6,1.2,2.2,4.2,4.9
22101,2022-05-08,4.1,1018.6,70,13,10.9,.6,.4,.7,1.2,3.9,4.9
22101,2022-05-09,3.4,1018.5,81,12.5,11.1,.5,.3,.3,.6,3.2,5.3
22101,2022-05-10,2.9,1016.5,76,13.3,11.4,.3,.2,.3,.5,3.5,5.8
22101,2022-05-11,2.2,1016.1,85,12.7,11.5,.4,.2,.4,.7,3.4,5.8
22101,2022-05-12,3.3,1012.6,83,13.2,11.5,.5,.3,.5,.9,3.2,4.9
22101,2022-05-13,4.7,1009.1,79,13.4,11.6,.8,.5,.9,1.5,3.4,4.6
22101,2022-05-14,6.4,1013.7,73,12.6,11.8,1.4,.8,1.1,2,4.4,5.3
22101,2022-05-15,3.4,1015.1,82,12.7,12,.7,.4,.8,1.4,3.9,4.6
22101,2022-05-16,5.9,1011.4,83,13.3,12.1,.9,.5,.9,1.7,4.2,5.8
22101,2022-05-17,5.1,1012.9,84,13.7,12.2,.9,.5,.7,1.2,4.4,5.3
22101,2022-05-18,6.6,1015,77,14.8,12.4,1.3,.8,1.1,1.7,5.2,7.1
22101,2022-05-19,5.2,1016,80,14.2,12.4,1.3,.8,1.2,1.8,5.8,6.4
22101,2022-05-20,3.3,1013.9,80,14.4,12.5,.8,.5,.7,1.1,4.7,5.8
22101,2022-05-21,2.6,1010.3,91,13.7,12.7,.5,.3,.4,.6,3.9,4.6
22101,2022-05-22,4.5,1008.1,92,13.6,12.8,.9,.6,.7,1.1,4.3,5.3
22101,2022-05-23,2.7,1012.8,90,14.5,13,.5,.3,.4,.6,4,4.6
22101,2022-05-24,2.3,1014.7,88,15,13.3,.3,.2,.3,.4,3.7,4.6
22101,2022-05-25,3.8,1009.3,91,14.5,13.2,.5,.3,.7,1.1,4.1,5.3
22101,2022-05-26,5.7,1004.7,80,15.1,13.3,1.3,.7,1.2,2.1,4.5,5.3
22101,2022-05-27,3.9,1002.2,87,14.9,13.6,1.3,.8,1.1,1.8,5.3,5.8
22101,2022-05-28,5.8,1005,88,15.6,13.7,1,.6,.8,1.6,5.1,6.4
22101,2022-05-29,3.4,1005.4,88,15.8,13.9,1,.6,.8,1.4,5.2,6.4
22101,2022-05-30,3.1,1003.5,86,15.5,13.9,.7,.4,.7,1.2,4.6,5.3
22101,2022-05-31,3.7,1008.1,82,15.4,14.1,.6,.4,.7,1.2,4,5.8
22101,2022-06-01,3.6,1006.3,78,16.5,14.3,1.1,.7,1,1.5,5.5,6.4
22101,2022-06-02,2.7,1008.1,89,16,14.5,.6,.3,.6,.9,4.4,5.3
22101,2022-06-03,1.4,1010.2,89,17,14.7,.4,.2,.4,.7,3.8,5.3
22101,2022-06-04,2.1,1009.9,93,16.2,14.7,.6,.4,.5,.8,4.7,5.8
22101,2022-06-05,2.7,1002.7,79,17.5,14.8,.5,.3,.5,.8,5.2,7.1
22101,2022-06-06,4.8,1001.7,81,16.8,15,.5,.3,.5,.8,4,6.4
22101,2022-06-07,3.8,1007.5,73,16.9,15.1,.5,.3,.5,.8,5.7,8
22101,2022-06-08,2.2,1011.5,86,17,15.3,.3,.2,.2,.4,5.8,8
22101,2022-06-09,2,1013.5,90,16.9,15.6,.3,.2,.3,.5,3.9,5.3
22101,2022-06-10,2.4,1014.3,87,,15.5,.4,.2,.3,.6,4.3,7.1
22101,2022-06-11,3,1012.6,83,,15.6,.4,.2,.3,.5,3.8,5.3
22101,2022-06-12,3.1,1012.2,85,,15.9,.3,.2,.2,.4,5.1,8
22101,2022-06-13,3.4,1008.8,84,,16.1,.4,.2,.3,.6,4.1,8
22101,2022-06-14,6.9,1008.2,67,,16.1,.5,.3,.5,.8,2.9,3.8
22101,2022-06-15,4.9,1005.8,89,,16.1,.5,.3,.5,.8,4,5.8
22101,2022-06-16,2.7,1008.6,86,,16.3,.5,.3,.4,.6,4.4,8
22101,2022-06-17,3.2,1008,91,18,16.4,.4,.2,.4,.6,5,6.4
22101,2022-06-18,3.3,1007.6,94,18.3,16.4,.6,.4,.5,.9,5,7.1
22101,2022-06-19,2.5,1007.8,95,18.4,16.5,.6,.4,.6,.8,5,5.8
22101,2022-06-20,1.3,1005.3,95,18.9,16.8,.4,.3,.3,.5,4.3,5.8
22101,2022-06-21,.8,1004.8,95,18.8,17,.3,.2,.3,.5,3.7,5.8
22101,2022-06-22,2.1,1007.6,94,18.6,17,.4,.2,.4,.5,3.8,6.4
22101,2022-06-23,7.1,999.5,95,20.1,17,1.1,.6,1,1.9,4.3,5.8
22101,2022-06-24,5.5,998.4,95,19.2,17.2,1.1,.7,.9,1.6,4.5,5.3
22101,2022-06-25,6,1003.7,94,19.7,17.4,1,.6,.7,1.3,4.4,5.3
22101,2022-06-26,8.5,1007.2,93,20.9,17.6,1.4,.8,1,1.9,4.3,5.3
22101,2022-06-27,9.6,1005.2,89,21.9,17.7,1.8,1.1,1.7,3.2,5.8,8
22101,2022-06-28,11.3,1001.8,89,22.4,17.9,2.8,1.7,2,3.6,7.1,9.1
22101,2022-06-29,7.6,1004.5,94,21,18.1,1.9,1.2,1.8,3.1,7.6,9.1
22101,2022-06-30,5.8,1009.5,95,21.2,18.3,1,.6,.8,1.4,5.1,7.1
22101,2022-07-01,3.3,1014.1,93,21.4,18.6,.8,.5,.8,1.1,5.2,6.4
22101,2022-07-02,2.1,1013.1,95,21.4,18.9,.6,.4,.5,.8,4.9,5.8
22101,2022-07-03,1.3,1009.3,94,21,18.9,.4,.2,.4,.6,3.7,5.3
22101,2022-07-04,1.1,1005.8,90,21.8,19.1,.3,,.2,.4,6.7,9.1
22101,2022-07-05,1.3,1005.4,92,22,19.4,.3,.2,.2,.4,7.4,9.1
22101,2022-07-06,3.2,1006.5,86,23.6,19.7,.3,.2,.4,.8,5.8,8
22101,2022-07-07,7.1,1004.5,88,23.4,19.8,1.5,.9,1.2,2,6.6,8
22101,2022-07-08,3.8,1003.2,93,22.5,20.2,.9,.6,.7,1.2,4.7,7.1
22101,2022-07-09,1.6,1003.3,95,21.8,20.7,.5,.3,.4,.6,3.7,4.9
22101,2022-07-10,1.9,1005.1,95,22.4,20.9,.3,.2,.2,.4,4.1,5.8
22101,2022-07-11,1.2,1006.2,92,22.6,20.9,.4,.2,.4,.6,4.2,5.3
22101,2022-07-12,2.8,1007.4,86,23.4,20.9,.3,,.2,.4,4.6,5.3
22101,2022-07-13,5.7,1001.8,94,22.7,20.8,1.1,.7,1.4,2.6,5.3,8
22101,2022-07-14,3.7,1000.8,92,22.5,21,1,.6,.9,1.7,5,6.4
22101,2022-07-15,2.7,1000.6,94,22.2,21.3,.5,.3,.6,.9,4.5,6.4
22101,2022-07-16,2.9,998.7,91,22.9,21.5,.6,.4,.5,.9,4.1,5.3
22101,2022-07-17,2.5,1000.7,93,22.7,21.7,.4,.2,.4,.8,4.4,8
22101,2022-07-18,2.4,999.3,89,23.3,21.8,.3,.2,.3,.4,5.8,8
22101,2022-07-19,3,1002.9,94,23.2,22,.6,.3,.5,.9,4.4,7.1
22101,2022-07-20,2.1,1006.6,92,23.7,22.3,.5,,.4,.6,3.9,7.1
22101,2022-07-21,8.5,1002.9,85,23.1,22.3,1.6,1,1.5,2.4,4.3,5.3
22101,2022-07-22,3,1006.2,91,23.6,22.8,.9,.6,.9,1.5,4.3,5.3
22101,2022-07-23,4,1004.1,90,23.3,22.7,.5,.3,.6,.9,4.2,7.1
22101,2022-07-24,3.8,1001.7,91,24,22.9,.9,.5,.7,1.1,5.4,7.1
22101,2022-07-25,1.8,1009.4,90,24.3,23.1,.6,.3,.7,1.2,4.4,5.3
22101,2022-07-26,1,1009.8,91,24.7,23.5,.3,.2,.2,.4,3.4,4.9
22101,2022-07-27,1.6,1009.4,88,25.2,23.5,.3,.2,.4,.7,4.6,7.1
22101,2022-07-28,3.6,1010.4,80,25.6,23.5,.6,.3,.5,.9,5,6.4
22101,2022-07-29,2.7,1011.9,86,25.7,23.5,.5,.3,.4,.7,5.1,5.8
22101,2022-07-30,3.1,1009,77,27.3,23.7,.3,.2,.3,.5,4.7,5.8
22101,2022-07-31,5.8,1005.4,84,26.5,23.6,.4,.2,.4,.6,2.9,8
22101,2022-08-01,5.4,,88,26.4,23.8,.5,.3,.4,.7,5,6.4
22101,2022-08-02,8.4,1007,92,25.4,23.8,1.1,.7,.9,1.7,4.9,6.4
22101,2022-08-03,4.2,1010.3,94,25.3,24,.7,.4,.7,1.2,4.2,5.3
22101,2022-08-04,2.2,1009.7,95,25,24.1,.4,.2,.3,.5,4,8
22101,2022-08-05,2.8,1006.3,95,25.4,24.3,.4,.3,.3,.6,4.4,5.3
22101,2022-08-06,3.4,1005.8,94,25.7,24.5,.5,.3,.4,.6,4.6,5.8
22101,2022-08-07,6.1,1005.6,93,26.4,24.6,.8,.5,.7,1.4,3.9,5.3
22101,2022-08-08,7.5,1005.3,92,26.5,24.6,1.4,.9,1,1.9,5.4,7.1
22101,2022-08-09,6,1005.7,93,24.8,24.7,1.2,.7,.9,1.5,5.6,7.1
22101,2022-08-10,2.5,1006.4,78,24,24.7,.8,.5,.9,1.6,5.5,7.1
22101,2022-08-11,2.3,1004.5,88,23.8,24.8,.6,.4,.6,.8,5.7,6.4
22101,2022-08-12,1.6,1006.6,76,25.3,24.8,.5,.3,.4,.6,4.9,6.4
22101,2022-08-13,4.2,1005.4,86,25,24.8,.4,.2,.3,.6,4.3,5.8
22101,2022-08-14,3,1005.2,91,26,24.9,.5,.3,.7,1.1,4.3,5.3
22101,2022-08-15,9.2,1000.2,90,26.8,24.9,2.1,1.2,1.8,3,6.4,8
22101,2022-08-16,4.2,,79,25,25,1.3,.8,1.2,2,5.9,7.1
22101,2022-08-17,3.2,1006.5,76,25,25.1,.7,.4,.5,.9,5.6,8
22101,2022-08-18,2.6,1007.7,80,25.5,25.2,.5,.3,.4,.7,4.4,7.1
22101,2022-08-19,7,1002.2,88,26.5,25.2,1,.6,1.1,2,4.1,5.8
22101,2022-08-20,4.1,1002.8,84,26,25.5,1.1,.7,.8,1.3,5,6.4
22101,2022-08-21,2,1005,83,26.4,26,.6,.4,.5,.9,5.2,8
22101,2022-08-22,4,1004.1,81,26.4,25.8,.8,.5,.7,1.2,4.7,7.1
22101,2022-08-23,7.1,1006.2,72,25.1,25.5,1.3,.8,1.2,1.9,4.3,5.3
22101,2022-08-24,4.2,1007.7,71,25.3,25.4,.8,.5,.9,1.6,4.8,5.8
22101,2022-08-25,3.9,1008,69,24.3,25.2,.7,.4,.7,1,3.9,4.9
22101,2022-08-26,3.9,1007.5,74,24.7,25.3,1,.6,.7,1.2,4.6,5.8
22101,2022-08-27,7.5,1011,56,23,25.1,1.5,.9,1.3,2.7,4.6,5.8
22101,2022-08-28,4.1,1014.8,60,23.4,25,.6,.4,.9,1.3,4.4,5.8
22101,2022-08-29,5.9,1014.6,70,22.8,24.9,.4,.3,.5,.9,3.6,5.8
22101,2022-08-30,6,1011.2,88,21.1,24.7,.6,.3,.5,.8,3.6,5.8
22101,2022-08-31,5.7,1009.1,78,23,24.6,.8,.5,.8,1.4,3.8,4.9
22101,2022-09-01,3.6,1013.7,80,24.2,24.6,.6,.4,.5,.9,4,4.9
22101,2022-09-02,4,1015.4,72,25.3,24.6,.5,.3,.4,.7,4.4,9.1
22101,2022-09-03,7.8,1013.3,65,25.3,24.6,.7,.4,.6,1,3.3,10.7
22101,2022-09-04,8.9,1008.2,83,24.1,24.5,1.1,.7,1,1.6,4,10.7
22101,2022-09-05,10.4,1006.6,85,21,24.3,1.6,1,1.6,2.8,6.7,12.8
22101,2022-09-06,9.9,1006,76,22.6,24.1,1.9,1.2,1.8,2.6,4.7,5.8
22101,2022-09-07,2.9,1017.5,74,23.9,24.1,.9,.6,.9,1.4,4.6,5.3
22101,2022-09-08,3.6,1018.3,76,23.4,23.9,.4,.3,.4,.6,3.9,7.1
22101,2022-09-09,2.9,1017.3,79,23.9,23.6,.3,.2,.3,.5,3.7,7.1
22101,2022-09-10,5,1017.1,60,24,23.3,.3,.2,.3,.5,2.9,5.3
22101,2022-09-11,3.3,1015,72,23.2,23.2,.2,.1,.2,.4,3.3,5.3
22101,2022-09-12,2.2,1014.4,81,23.2,23.2,.2,.1,.1,.3,6.2,10.7
22101,2022-09-13,3.9,1015.6,83,24,23.1,.3,.2,.3,.5,5.8,10.7
22101,2022-09-14,6.6,1015.1,66,24.8,22.9,.6,.4,.6,1.1,6.2,10.7
22101,2022-09-15,9,1009.5,68,25.1,22.8,1.1,.7,.9,1.4,7.4,10.7
22101,2022-09-16,6.8,1006.7,85,23.7,22.7,1.2,.7,1,1.7,7.5,9.1
22101,2022-09-17,2.5,1008.6,88,23.3,22.9,1.3,.8,1.2,1.7,5.7,7.1
22101,2022-09-18,6.7,1004.2,86,23.8,22.9,1,.6,1.1,1.8,3.5,5.3
22101,2022-09-19,11.9,1003.1,63,22.5,22.9,2.8,1.6,2,3.5,4.8,5.8
22101,2022-09-20,7.2,1014,56,20.1,22.6,1.5,.9,1.5,2.5,4.7,6.4
22101,2022-09-21,3.5,1017.1,54,20.1,22.2,.6,.4,1,1.7,3.9,5.8
22101,2022-09-22,3.9,1015.1,71,20.5,21.7,.4,.3,.4,.7,3.3,5.8
22101,2022-09-23,8.7,1013.3,67,19.6,21.5,1.9,1.2,1.9,3.2,5.1,8
22101,2022-09-24,5.6,1017.2,70,20.3,21.3,1.6,.9,1.6,3.3,5.8,8
22101,2022-09-25,2.6,1016.6,73,20.8,21.1,.7,.4,.8,1.5,5,5.8
22101,2022-09-26,3.4,1017.3,72,20.8,21.3,.3,.2,.3,.5,3.7,5.3
22101,2022-09-27,3.1,1016,78,20.5,21.1,.3,.2,.3,.5,3.2,5.8
22101,2022-09-28,2,1014.1,87,20.3,20.9,.2,.1,.2,.4,,7.1
22101,2022-09-29,1.8,,85,19.5,20.8,.2,.1,.1,.3,,5.8
22101,2022-09-30,1.7,1016.6,84,20,20.8,.3,.1,.3,.5,3.8,6.4
22101,2022-10-01,1,1018,86,19.9,20.8,.3,.2,.2,.4,3.6,4.6
22101,2022-10-02,6,1014.9,79,21.7,20.7,.6,.4,1.2,2,3,5.3
22101,2022-10-03,9.2,1011,93,21.8,20.8,1.7,1,1.4,2.3,5.5,7.1
22101,2022-10-04,9.1,1014.1,72,17.6,20.7,2.4,1.4,1.9,3.2,5,6.4
22101,2022-10-05,5.2,1020.3,71,16,20.5,1.5,.9,1.5,2.4,5.3,7.1
22101,2022-10-06,5.8,1019.9,72,16.6,20.4,1.1,.7,1.1,1.9,4.8,6.4
22101,2022-10-07,9.2,1021.2,50,15.9,20.1,1.9,1.1,1.5,2.5,4.4,5.3
22101,2022-10-08,3.9,1023.2,65,17.4,20,.5,.3,.6,1.2,4.3,7.1
22101,2022-10-09,7.2,1017.7,77,15.6,19.6,1.1,.6,1.7,3.4,3.6,6.4
22101,2022-10-10,12.2,1014.9,69,12.5,19.3,3.9,2.3,2.8,5.1,6.5,9.1
22101,2022-10-11,7.7,1022.2,60,14.2,18.7,2.2,1.3,2.3,3.8,5.2,8
22101,2022-10-12,3.4,1026.7,61,15.2,18.5,.6,.3,.7,1.3,4.4,5.8
22101,2022-10-13,3.8,1025.2,74,17.5,18.3,.3,.2,.2,.4,3.3,5.8
22101,2022-10-14,3.3,1020.5,75,17.7,18.3,.3,.2,.3,.6,3.5,6.4
22101,2022-10-15,3.5,1019.4,71,17.7,18.3,.4,.2,.3,.6,3.1,5.3
22101,2022-10-16,3.8,1018.6,77,17.5,18.3,.5,.3,1,1.8,3,5.3
22101,2022-10-17,10.3,1021.2,49,13.1,18.2,2.6,1.6,2.1,4.2,4.9,5.8
22101,2022-10-18,7.5,1023.8,46,12.2,17.9,1.8,1.1,1.7,2.7,4.7,6.4
22101,2022-10-19,3.9,1026.6,54,14.3,17.9,.8,.5,1,1.4,3.8,4.6
22101,2022-10-20,1.9,1028,56,15.6,17.7,.5,.3,.4,.7,4,4.9
22101,2022-10-21,1.5,1024.8,66,15.5,17.4,.4,.2,.3,.5,4.3,8
22101,2022-10-22,2.4,1021.4,78,16.4,17.3,.4,.2,.4,.7,3.6,5.3
22101,2022-10-23,9,1020.2,58,15,17,1.7,1.1,1.5,2.9,4.3,5.3
22101,2022-10-24,9.9,1022.7,51,12.5,16.9,2.1,1.3,1.6,2.5,4.7,5.3
22101,2022-10-25,4.1,1028.5,56,13.2,16.6,.5,.3,.9,1.6,3.6,4.9
22101,2022-10-26,3.8,1027.7,62,14.8,16.4,.3,.2,.3,.5,3.4,5.8
22101,2022-10-27,4.8,1026.4,69,14.4,16.4,.5,.3,.7,1.1,3.6,5.3
22101,2022-10-28,3.5,1026.6,68,14.3,16.3,.7,.4,.7,1.1,4.5,6.4
22101,2022-10-29,2.8,1026.3,77,15.3,16.2,.4,.3,.4,.7,4.2,5.8
22101,2022-10-30,2.5,1025.3,78,15.5,16.1,.3,,.2,.4,3.6,5.8
22101,2022-10-31,2.8,1024.3,76,15.4,16.2,.3,.2,.3,.4,6.3,10.7
22101,2022-11-01,4.1,1022.6,74,14.8,16.1,.7,.4,1.1,1.7,5.8,10.7
22101,2022-11-02,4.4,1021.8,53,13,16,.8,.5,.8,1.3,3.8,5.3
22101,2022-11-03,6.4,1020.7,55,12,15.9,1,.6,1.4,2.6,3.4,5.3
22101,2022-11-04,9.2,1024.5,52,8.1,15.7,2.3,1.3,1.7,3.2,4.8,5.8
22101,2022-11-05,3.3,1025.7,55,11.1,15.4,.8,.5,1,1.5,4.7,5.8
22101,2022-11-06,2.8,1024.7,51,13.4,15.3,.8,.5,.7,1.2,5,6.4
22101,2022-11-07,4,1023.2,64,14,15.2,.5,.3,.5,.9,4.3,5.3
22101,2022-11-08,2.7,1025.1,81,13.6,15.1,.6,.4,.7,1.3,4.7,5.8
22101,2022-11-09,2.3,1025.6,78,13.6,15,.3,.2,.2,.5,3.8,5.3
22101,2022-11-10,3,1025,80,14.3,15,.3,.1,.2,.3,3.6,5.8
22101,2022-11-11,2.5,1024.8,73,15.2,15,.3,.2,.2,.4,3.8,7.1
22101,2022-11-12,6.5,1015.3,83,16.1,14.9,.8,.4,1.1,2.1,3.7,5.8
22101,2022-11-13,7.4,1016.4,73,10.6,14.8,2.3,1.4,2.4,4.3,5.7,8
22101,2022-11-14,5.7,1019,67,10.8,14.7,1.4,.8,1.1,1.9,4.8,5.8
22101,2022-11-15,5.1,1017.1,64,12.5,14.6,1.1,.7,.9,1.6,4.6,5.8
22101,2022-11-16,3.9,1020.7,63,12.1,14.6,1.3,.8,1.2,1.8,5.4,6.4
22101,2022-11-17,3,1023.7,68,13.5,14.5,.7,.4,.6,.9,4.3,5.3
22101,2022-11-18,3.2,1026.4,72,13.4,14.5,.4,.2,.3,.5,3.8,4.6
22101,2022-11-19,4.3,1022.4,72,14,14.4,.5,.3,.4,.7,3.9,8
22101,2022-11-20,2.6,1020.3,75,14.4,14.4,.3,.2,.2,.6,6.5,9.1
22101,2022-11-21,2.6,1022,75,13.8,14.4,.3,.2,.2,.4,5.8,8
22101,2022-11-22,3.3,1021.2,76,12.4,14.3,.4,.2,.3,.5,4.6,7.1
22101,2022-11-23,5.8,1018.8,64,11.6,14.2,.8,.5,.8,1.2,3.6,4.9
22101,2022-11-24,3.2,1021.1,72,12.5,14.1,.5,.3,.5,.9,4,5.3
22101,2022-11-25,8.2,1017.3,81,13.8,14,1.5,.9,1.4,2.6,5.2,6.4
22101,2022-11-26,6.9,1019.4,53,8.5,13.9,1.8,1.1,1.4,2.4,5.7,7.1
22101,2022-11-27,4.7,1020.2,54,8.8,13.6,.6,.4,.7,1.1,4.3,6.4
22101,2022-11-28,7,1012.8,82,14.8,13.6,.8,.5,.8,1.4,4.2,7.1
22101,2022-11-29,10.7,1018.6,67,6.8,13.4,2.6,1.6,2,3.6,5.3,6.4
22101,2022-11-30,10.3,1032.9,69,-2.1,13,2.7,1.6,2.1,3.7,4.8,5.8
22101,2022-12-01,5.3,1032.1,61,-1.8,12.5,1.2,.7,1.2,2,5.3,6.4
22101,2022-12-02,5.4,1029.9,55,.8,12.3,1,.6,.8,1.3,5.4,7.1
22101,2022-12-03,6.2,1025.6,69,6.1,12.1,1.7,1,1.4,2.5,5.2,6.4
22101,2022-12-04,8.1,1033,56,-1,11.7,1.9,1.1,1.7,2.8,4.5,6.4
22101,2022-12-05,5.7,1030.3,55,.4,11.4,1,.6,1.2,2,4.1,5.3
22101,2022-12-06,6.4,1023.2,66,5.5,11.2,1.7,1.1,2,3.2,5.3,7.1
22101,2022-12-07,8.6,1023.6,56,8.3,10.9,2.7,1.7,2.4,3.9,6.1,7.1
22101,2022-12-08,3.5,1026.1,56,7.8,10.6,.9,.5,1.2,2.1,5.3,6.4
22101,2022-12-09,4.1,1022.8,70,8.3,10.5,.5,.3,.4,.7,3.6,4.9
22101,2022-12-10,5.2,1021.3,46,5.6,10.4,.6,.3,.7,1.3,3.1,4.3
22101,2022-12-11,5.1,1024.2,57,4.3,10.2,1.3,.8,1,2,4.6,6.4
22101,2022-12-12,5.2,1020.1,66,6.1,10.2,1.1,.7,2.1,2.9,4.4,5.8
22101,2022-12-13,11.3,1019.1,72,2.9,10,3.7,2.2,3.2,5.7,6.7,9.1
22101,2022-12-14,6.6,1028.5,73,-4.4,9.5,2.5,1.5,2.8,4.6,6.7,9.1
22101,2022-12-15,7.1,1024.5,72,1.6,9.2,1.8,1.1,1.6,3,5.4,6.4
22101,2022-12-16,6.5,1031.5,57,-3.1,8.9,1.5,.9,1.4,2.4,4.3,5.8
22101,2022-12-17,7.3,1025.9,72,-3.6,8.6,2,1.2,2.5,4,5.6,8
22101,2022-12-18,5.9,1024.1,70,-6.2,8.4,2.4,1.5,1.8,3.2,7.4,8
22101,2022-12-19,3.6,1026.9,69,-3.2,8.2,1.1,.7,1.3,2.3,5.8,8
22101,2022-12-20,5.4,,,,,.6,.3,.6,.9,3.7,5.3
22101,2022-12-21,6.7,1012,73,4.5,8.1,1.8,1.1,2,3.3,5.2,7.1
22101,2022-12-22,11.9,1011.8,69,-3.8,7.8,3.3,2,2.4,4.3,5.5,7.1
22101,2022-12-23,13.2,1015.7,76,-6.2,7.2,3.8,2.2,2.5,4.6,6,7.1
22101,2022-12-24,4.5,1021.6,67,-5.4,6.5,1.3,.8,1.7,3,6.1,9.1
22101,2022-12-25,5.6,1024.4,67,0,6.2,1.4,.8,1.3,2.3,5.3,6.4
22101,2022-12-26,3,1026.9,66,.3,6.1,.8,.5,.8,1.4,4.5,5.8
22101,2022-12-27,2.5,1029.4,63,2,6.1,.6,.3,.5,.8,4.1,5.3
22101,2022-12-28,4.8,1031.3,62,-.7,6.1,1.2,.7,1.3,2.5,5.3,7.1
22101,2022-12-29,3.3,1032.9,67,.3,6,.8,.5,.7,1.3,5.2,6.4
22101,2022-12-30,4.1,1032.7,65,.3,6,1.1,.6,1.1,1.8,5.2,6.4
22101,2022-12-31,3.4,1030.9,60,3.7,6,.9,.6,.9,1.3,4.6,5.8
22101,2023-01-01,6.6,1032,58,2,6,1.4,.8,1.2,2,4.7,5.3
22101,2023-01-02,7,1033.4,54,-1.5,5.8,1.7,1,1.3,2.4,4.5,5.3
22101,2023-01-03,3.7,1031.4,53,-.7,5.7,.9,.5,1,1.5,4.4,5.8
22101,2023-01-04,2.2,1031.1,62,2,5.7,.7,.4,.6,1.2,4.6,5.8
22101,2023-01-05,2.1,1030.9,65,2.6,5.6,.3,.2,.3,.5,4.1,5.3
22101,2023-01-06,5.9,1021.5,76,4.5,5.6,.6,.3,1,2,3.5,4.9
22101,2023-01-07,7.5,1020.5,68,3.7,5.5,2.4,1.4,2,3.5,6.2,8
22101,2023-01-08,3.9,1024.5,70,3.9,5.5,.6,.4,.7,1.1,4.5,5.3
22101,2023-01-09,6.9,1025.7,67,3.4,5.4,1.2,.7,1.3,2.2,4.2,6.4
22101,2023-01-10,3.3,1029.2,64,2.3,5.3,.7,.4,1,1.6,4.6,6.4
22101,2023-01-11,1.3,1026.2,71,3.9,5.3,.3,.2,.2,.3,4.5,6.4
22101,2023-01-12,4.4,1021.6,72,6.3,5.3,.3,.2,.3,.5,3,5.3
22101,2023-01-13,4.6,1010.7,95,6.5,5.4,.6,.3,.5,.8,3.8,5.8
22101,2023-01-14,6.6,1015,93,3.8,5.4,1.6,.9,1.4,2.3,5,6.4
22101,2023-01-15,9.3,,79,-1.2,5.4,2.7,1.6,1.9,3.2,5.4,6.4
22101,2023-01-16,6.5,,58,-3.2,5.2,1.9,1.1,1.7,2.9,5.1,6.4
22101,2023-01-17,4.2,1026.8,68,-.4,5.1,.9,.5,.9,1.4,4.7,5.8
22101,2023-01-18,3.1,1027.1,54,-.2,5,.9,.5,.8,1.4,5.3,6.4
22101,2023-01-19,5.9,1023.4,59,3.3,5,.9,.6,1.4,2.4,4.1,5.8
22101,2023-01-20,8,1029.6,55,-1.3,4.9,2.5,1.5,2.1,3.5,5.8,7.1
22101,2023-01-21,4.1,1030.8,66,-1.9,4.7,.6,.4,.9,1.3,4.9,6.4
22101,2023-01-22,5.2,1026,63,2.4,4.6,.5,.3,.5,.8,3.6,4.9
22101,2023-01-23,6.5,1024.9,74,.4,4.6,1.2,.8,1.9,3.3,4.6,5.8
22101,2023-01-24,11.5,1031.7,76,-11,4.2,3.2,1.9,2.3,4.2,5.6,8
22101,2023-01-25,5.3,1030.8,64,-8.3,3.9,1.3,.8,1.4,2.6,5.7,8
22101,2023-01-26,4.9,1023.8,80,-1.4,3.7,1.1,.7,.9,1.7,5.1,7.1
22101,2023-01-27,10.3,1024.6,57,-3.9,3.5,2.3,1.4,2.1,4.3,5.1,6.4
22101,2023-01-28,5.5,1023.1,55,-2.7,3.3,1.8,1.1,1.6,2.6,6.2,7.1
22101,2023-01-29,6.2,1019.4,65,1.8,3.3,1.8,1.1,1.7,2.7,5.6,7.1
22101,2023-01-30,4.8,1023.9,52,1.9,3.3,1.3,.8,1.3,2.1,5.5,6.4
22101,2023-01-31,7.3,1017.4,84,4,3.2,1.5,.9,1.3,2.4,5.1,6.4
22101,2023-02-01,7,1021,72,1.1,3.2,1.7,1,1.6,3,5.3,6.4
22101,2023-02-02,6.9,1028.3,54,-1.6,3.2,1.5,.9,1.5,2.5,4.2,5.8
22101,2023-02-03,4.8,1024.5,55,-.8,3.2,.8,.5,.7,1.3,3.8,4.6
22101,2023-02-04,3.2,1025.5,65,2.1,3.1,.6,.4,.7,1.1,4.1,4.9
22101,2023-02-05,4,1024.9,86,3.3,3.2,.5,.3,.4,.7,3.6,4.3
22101,2023-02-06,2.8,1022.9,89,3.2,3.2,.4,.2,.3,.5,3.7,4.6
22101,2023-02-07,4.2,1022.5,87,2.8,3.2,.3,.2,.3,.5,3.1,4.9
22101,2023-02-08,5.8,1027.8,63,2.5,3.2,.9,.5,.8,1.3,3.8,4.9
22101,2023-02-09,3.9,1026.2,62,3.5,3.2,.5,.3,.7,1.1,3.8,7.1
22101,2023-02-10,3.6,1021.9,86,3.2,3.3,.3,.2,.4,.6,3.3,5.8
22101,2023-02-11,2.7,1024.3,79,2.5,3.3,.3,.2,.3,.5,3.8,5.8
22101,2023-02-12,4.2,1022.2,82,3.3,3.4,.3,.2,.3,.6,3.3,8
22101,2023-02-13,6.7,1019.7,79,3.5,3.4,1.3,.8,1.4,2.5,3.8,5.3
22101,2023-02-14,8.7,1024.1,57,1,3.4,2.1,1.2,1.6,2.8,4.4,5.3
22101,2023-02-15,5.2,1029,65,2.3,3.4,.9,.5,1.2,2.3,4.2,7.1
22101,2023-02-16,3.4,1030.8,70,2.5,3.4,.6,.4,.5,.9,3.4,5.8
22101,2023-02-17,2.8,1027.8,81,3.2,3.4,.4,,.4,.6,3.7,4.3
22101,2023-02-18,2.3,1020.9,86,3.7,3.5,.3,.1,.2,.3,3.8,5.3
22101,2023-02-19,7.3,1021.3,71,2.9,3.5,1.9,1.1,2.3,3.9,4.9,7.1
22101,2023-02-20,8.4,1028.3,53,.8,3.5,2.1,1.2,1.6,2.8,5.3,6.4
22101,2023-02-21,5.5,1035.7,51,-1.3,3.4,1.3,.8,1.6,2.6,4.8,6.4
22101,2023-02-22,2.4,1031.1,59,.8,3.4,.4,.3,.5,.7,3.9,5.3
22101,2023-02-23,2.3,1025.1,79,3.3,3.4,.4,.2,.3,.5,3.9,5.3
22101,2023-02-24,6.9,1026.1,72,2.8,3.5,1.2,.7,1.4,2.9,4.2,5.3
22101,2023-02-25,8.5,1033.6,52,1.2,3.5,2.1,1.2,1.6,2.5,4.9,5.8
22101,2023-02-26,3.6,1037.4,63,2.9,3.5,1.1,.6,1,1.6,5.1,6.4
22101,2023-02-27,1.3,1034.7,87,2.2,3.7,.4,.2,.4,.8,3.7,4.9
22101,2023-02-28,3.7,1027.4,87,4.2,3.6,.8,.5,.9,1.3,4.3,5.3
22101,2023-03-01,4.6,1023.8,79,4.3,3.7,1,.6,1,1.6,4.4,4.9
22101,2023-03-02,7.9,1029,49,2.6,3.7,1.8,1.1,1.6,2.6,4.5,5.3
22101,2023-03-03,4.7,1027.6,84,4.3,3.7,1.2,.8,1.1,2,4.8,6.4
22101,2023-03-04,2.2,1029.4,89,4.1,3.9,.8,.5,.9,1.3,4.7,5.8
22101,2023-03-05,1.1,1028,93,2.2,3.9,.4,.2,.3,.6,4.1,4.9
22101,2023-03-06,4.2,1023.3,83,5.3,4,.4,.2,.5,.8,3.8,6.4
22101,2023-03-07,5.1,1019.7,90,6.3,4.1,1,.6,.7,1.4,5.2,6.4
22101,2023-03-08,6.6,1018,82,8.1,4.2,.9,.5,.8,1.2,4.8,5.8
22101,2023-03-09,3.3,1016.3,95,5.5,4.3,.8,.5,.8,1.3,5.1,5.8
22101,2023-03-10,4.1,1018.7,87,5.7,4.4,.5,.3,.5,.9,4.4,5.3
22101,2023-03-11,4.9,1021.4,83,7.8,4.5,.7,.4,.5,.9,4.5,5.3
22101,2023-03-12,8.3,1021.9,73,4.5,4.6,2.1,1.2,2.5,4.3,5.1,8
22101,2023-03-13,6.9,1023,58,3.4,4.6,1.7,1.1,2,3.6,5.4,7.1
22101,2023-03-14,9.1,1017.1,80,6.5,4.7,2.3,1.4,1.8,2.8,6.6,8
22101,2023-03-15,8,1020.7,75,6.6,4.7,1.9,1.1,1.4,2.6,6.2,7.1
22101,2023-03-16,5.6,1029.9,51,4.7,4.8,1.3,.8,1.1,1.9,4.6,5.3
22101,2023-03-17,4.9,1024.9,64,4.8,4.9,.7,.4,.8,1.2,3,4.3
22101,2023-03-18,5.5,1020.8,71,5.4,4.9,1,.6,1,1.6,3.7,4.6
22101,2023-03-19,1.9,1021.1,95,3.7,5,.6,.3,.5,.9,3.9,4.9
22101,2023-03-20,1.4,1016.7,91,3,5.1,.2,,.2,.3,3.9,8
22101,2023-03-21,2,1012.8,79,6.2,5.2,.1,,.2,.3,4.6,6.4
22101,2023-03-22,2.9,1010.5,76,7.8,5.3,.2,,.3,.4,4.4,7.1
22101,2023-03-23,5.3,1008.7,77,8,5.4,1,.6,1.1,2.2,3.8,6.4
22101,2023-03-24,6.3,1017,66,6.3,5.5,1.6,1,1.3,2.4,5.1,6.4
22101,2023-03-25,2.7,1019.1,82,6.3,5.6,.8,.5,.8,1.7,4.9,6.4
22101,2023-03-26,6.9,1019.4,64,6.5,5.7,1.2,.7,1.3,2.1,4.2,4.9
22101,2023-03-27,3.2,1022.9,81,6.1,5.8,.6,.4,.9,1.5,3.8,4.6
22101,2023-03-28,2,1024.4,83,6.3,5.9,.5,.3,.4,.8,3.7,4.9
22101,2023-03-29,1.4,1023.3,92,5.8,6,.4,.2,.3,.6,4.1,4.9
22101,2023-03-30,1.4,1020.6,79,8.2,6.9,.3,,.2,.4,3.8,8
22101,2023-03-31,1.4,1019.3,80,8.4,6.5,.2,.1,.2,.3,3.3,6.4
22101,2023-04-01,1.3,1016.7,78,8.8,6.6,.3,.2,.2,.5,6.8,9.1
22101,2023-04-02,3.3,1019.3,57,11.4,6.4,.3,.1,.2,.5,4.9,8
22101,2023-04-03,3.6,1021.9,59,11.2,6.6,.2,.1,.2,.3,4.9,8
22101,2023-04-04,4.4,1017.9,70,10.9,6.7,.4,.2,.8,1.2,4.9,9.1
22101,2023-04-05,7.9,1008.3,94,9.1,6.8,1.2,.8,1.4,2.1,5.3,8
22101,2023-04-06,4.2,1011.6,89,7.4,6.9,1.3,.8,1.2,1.9,5.7,7.1
22101,2023-04-07,6.7,1016,73,7.3,7,1.6,1,2,3.6,4.9,7.1
22101,2023-04-08,5.4,1019.9,81,7.5,7.1,1.4,.8,1.5,2.6,4.9,5.8
22101,2023-04-09,5.2,1019.5,86,7.9,7.3,.7,.5,.6,.9,4.6,5.8
22101,2023-04-10,8.3,1014.2,81,,7.3,1.6,1,1.4,2.2,5.3,7.1
22101,2023-04-11,8.7,1010.7,84,10.1,7.4,1.8,1.1,1.5,2.6,6.1,7.1
22101,2023-04-12,3.3,1018.6,79,8.2,7.6,.8,.5,.8,1.4,4.2,6.4
22101,2023-04-13,3.6,1017.6,73,9,7.7,.5,.3,.4,.7,3.7,4.6
22101,2023-04-14,3.4,1013.4,84,10.1,7.8,.6,.4,.5,.9,4.4,5.3
22101,2023-04-15,3.4,1005.9,94,8.1,7.8,.6,.4,.7,1.2,4,5.3
22101,2023-04-16,3.2,1006.5,91,8.6,8,.5,.3,.6,.9,3.9,4.9
22101,2023-04-17,,,,,,,,.4,.7,,5.8
22101,2023-04-20,,1011.2,94,9,8.4,,,.3,.5,,6.4
22101,2023-04-21,5.8,1013.7,64,11,8.5,.9,.5,.8,1.3,4.4,8
22101,2023-04-22,4.7,1019.9,58,11.8,8.7,.5,.3,.7,1,4.2,5.8
22101,2023-04-23,3.1,1023.4,67,11.1,8.8,.3,.2,.2,.4,4.5,7.1
22101,2023-04-24,3.1,1023,77,10.5,8.9,.4,.3,.4,.6,3.6,4.9
22101,2023-04-25,2.2,1016.2,88,9.1,8.9,.3,.2,.2,.4,4.2,5.8
22101,2023-04-26,6.8,1014.5,76,8.6,9,1.5,.9,1.5,2.7,4.4,5.8
22101,2023-04-27,2.6,1020.6,84,8.9,9.3,.6,.4,.6,1,4.2,5.8
22101,2023-04-28,3.4,1016.2,81,11.2,9.3,.7,.4,.7,1.1,4.3,4.9
22101,2023-04-29,6,1007.7,89,10.6,9.3,1.3,.8,2.2,3.5,4.6,6.4
22101,2023-04-30,5,1010.5,86,10.4,9.4,1.5,.9,1.7,2.7,5.3,7.1
22101,2023-05-01,1.8,1017.9,79,10.9,9.5,.7,.4,.5,.9,4.5,5.3
22101,2023-05-02,3,1022.2,71,12.2,9.7,.3,.2,.2,.5,4,4.9
22101,2023-05-03,2.8,1020.8,72,13.8,10,.6,.3,.5,1.2,3.4,5.3
22101,2023-05-04,3.1,1012.9,84,14.9,10,.6,.3,.5,.8,3.3,5.8
22101,2023-05-05,6.2,1001.5,96,13.6,10.1,.9,.5,1,1.5,3.4,7.1
22101,2023-05-06,8.4,1005.8,87,12.5,10.3,1.1,.6,.9,1.9,2.8,4.9
22101,2023-05-07,3.9,1012.6,73,12.4,10.4,.4,.2,.3,.6,3.6,6.4
22101,2023-05-08,1.6,1017.2,83,12.1,10.5,.3,.2,.2,.4,2.8,4.6
22101,2023-05-09,1.9,1017.2,87,12.1,10.5,.3,.2,.2,.4,2.7,4.3
22101,2023-05-10,1.6,1017.5,88,12.4,10.6,.2,.1,.2,.4,2.6,3.4
22101,2023-05-11,1.6,1018.4,80,13.2,10.9,.2,.1,.2,.3,4.6,12.8
22101,2023-05-12,2.2,1017.2,81,13.1,11,.2,,.2,.3,3.9,8
22101,2023-05-13,1.7,1013.8,93,12.7,11.2,.3,.2,.3,.5,3.3,3.8
22101,2023-05-14,2.3,1010.1,85,13.2,11.4,.3,.2,.3,.5,3.9,4.9
22101,2023-05-15,2.9,1008.4,82,13.9,11.5,.5,.3,.5,.8,4.1,4.9
22101,2023-05-16,5,1010.4,85,14.9,11.6,.8,.5,.6,1,4.1,5.3
22101,2023-05-17,6.9,1012.7,93,15.4,11.9,1.1,.7,.9,1.5,5,7.1
22101,2023-05-18,3,1010.9,92,15.4,12.1,.6,.4,.6,1,5.8,7.1
22101,2023-05-19,2.8,1009.8,87,15.6,12.3,.4,.2,.3,.6,7.6,9.1
22101,2023-05-20,4,1010.8,93,13.8,12.4,.5,.3,.8,1.4,6.1,8
22101,2023-05-21,3.2,1010.4,92,14.1,12.6,1,.6,.9,1.5,4.9,5.8
22101,2023-05-22,2.6,1008.9,85,14.9,12.8,.5,.3,.5,.9,4,4.9
22101,2023-05-23,2.2,1011,84,15.3,13,.4,.2,.4,.7,3.7,4.6
22101,2023-05-24,1.8,1014.8,86,14.6,13,.3,.2,.3,.5,3.6,4.3
22101,2023-05-25,2.2,1016.5,85,15.2,13.2,.3,.2,.3,.5,3.6,4.6
22101,2023-05-26,1.8,1018.5,78,16.3,13.4,.4,.2,.4,.8,3.9,4.9
22101,2023-05-27,3.8,1016.7,92,16.4,13.4,.4,.2,.4,.7,3.8,4.6
22101,2023-05-28,4.5,1010.8,96,15.9,13.5,.9,.6,.7,1.2,5.1,6.4
22101,2023-05-29,1.6,1010.7,95,17,13.8,.5,.3,.4,.7,5.4,6.4
22101,2023-05-30,2.6,1010.1,90,17.1,13.8,.3,,.3,.4,8.1,10.7
22101,2023-05-31,3.5,1010.5,87,16.8,14,.4,.2,.3,.6,9.6,12.8
22101,2023-06-01,1.2,1006.6,95,15.9,14,.5,.3,.4,.6,10.5,12.8
22101,2023-06-02,2.1,1003.7,94,16.1,14.2,.6,.4,.8,1.2,9.2,10.7
22101,2023-06-03,3.5,1009.3,83,16.9,14.3,.7,.4,.6,1.2,3.7,4.3
22101,2023-06-04,2.9,1011.1,89,16.8,14.5,.5,.3,.6,.9,4.5,8
22101,2023-06-05,3.8,1011.2,89,16.9,14.7,.8,.5,.8,1.6,4.4,5.8
22101,2023-06-06,2.8,1008.3,94,15.8,14.9,.9,.6,.7,1.2,4.9,5.8
22101,2023-06-07,5.5,1008.3,94,16.4,14.9,.9,.6,.7,1.3,4.9,6.4
22101,2023-06-08,4.8,1004.5,93,17.1,15,1.3,.8,1.1,1.6,5.9,7.1
22101,2023-06-09,2.2,1004.1,93,17.1,15.2,.7,.4,.7,1.1,4.8,5.8
22101,2023-06-10,3.9,1004.9,90,17.7,15.3,.7,.4,.6,1.1,5.1,7.1
22101,2023-06-11,2.3,1005.8,92,17.7,15.5,.5,.3,.4,.7,5.4,6.4
22101,2023-06-12,1.7,1006.1,96,16.3,15.6,.3,.2,.3,.5,6.2,10.7
22101,2023-06-13,1.4,1005.2,96,16.6,15.9,.3,.2,.2,.5,6.3,9.1
22101,2023-06-14,2,1006.8,,16.1,15.9,.3,.2,.2,.4,3.6,5.3
22101,2023-06-15,1.5,1008.9,,17.7,16.1,.3,.2,.2,.4,3.2,8
22101,2023-06-16,1.6,1013.7,94,17.9,16.5,.2,.1,.2,.4,5,8
22101,2023-06-17,1.3,1013.8,94,17.8,16.5,.4,.2,.3,.6,3.8,4.9
22101,2023-06-18,1.1,1008.6,95,18,16.6,.4,.2,.3,.5,3.8,4.9
22101,2023-06-19,1.9,1006.5,88,19,16.8,.3,.2,.3,.5,4.4,7.1
22101,2023-06-20,3,1004.1,83,19.5,16.8,.3,.2,.3,.5,5.2,5.8
22101,2023-06-21,3.2,1002,92,18.8,17,.5,.3,.4,.7,5.2,6.4
22101,2023-06-22,3,1004.7,91,18.9,17.1,.7,.4,.5,.9,3.7,4.3
22101,2023-06-23,1.4,1009.7,93,18.7,17.3,.4,.2,.4,.9,3.3,4.9
22101,2023-06-24,1.4,1014.3,92,20.2,17.5,.2,.1,.3,.4,3.9,5.8
22101,2023-06-25,1.5,1011.9,90,20.8,17.8,.4,.2,.4,.6,4.6,7.1
22101,2023-06-26,6.9,1005.1,92,20.4,17.7,1,.6,1,2.1,5.7,8
22101,2023-06-27,5.3,1008.4,91,20.2,17.9,1.2,.8,1,1.7,5.2,6.4
22101,2023-06-28,4,1007.5,94,20.3,18.1,.6,.4,.5,.9,4.2,5.3
22101,2023-06-29,6.2,1000.5,,20.8,18.1,.9,.5,.8,1.3,4.2,6.4
22101,2023-06-30,1.6,1001,,20.4,18.5,.6,.4,.5,.8,4.7,6.4
22101,2023-07-01,1.4,1006.7,,20,18.5,.4,.3,.4,.6,6.7,8
22101,2023-07-02,2,1008.8,,20.7,18.7,.3,.2,.3,.5,6.5,8
22101,2023-07-03,1.9,1005.8,,21.1,18.6,.3,.2,.2,.4,6.5,8
22101,2023-07-04,5.8,999.8,,21.6,18.8,.7,.4,1.4,2.2,4.8,6.4
22101,2023-07-05,6.2,995.2,,21.5,19.1,1.8,1.1,1.7,3,6.3,7.1
22101,2023-07-06,7.2,1000.8,,21.7,19.2,1.3,.8,1.1,1.9,5,6.4
22101,2023-07-07,4.6,1001.7,,22.5,19.3,.8,.5,.8,1.4,5,5.8
22101,2023-07-08,3.3,1002.3,,21.2,19.5,.4,.2,.3,.7,5.4,8
22101,2023-07-09,4.2,1002.2,,21.7,19.6,.5,.3,.4,.7,5.8,9.1
22101,2023-07-10,4.1,1003.7,,22.2,19.8,.6,.4,.5,1,4.5,6.4
22101,2023-07-11,4.4,1005,,21.8,19.9,.8,.5,.6,1,4.7,5.8
22101,2023-07-12,2.2,1005.8,,21.6,20.2,.6,.4,.6,.9,4.9,6.4
22101,2023-07-13,6.4,1002.5,,22.9,20.1,.9,.5,1,1.6,4.6,7.1
22101,2023-07-14,,997.6,,23.2,20.2,,,1.1,1.8,,8
22101,2023-07-15,6.7,999.9,,22.8,20.3,1.2,.7,.9,1.5,4.6,6.4
22101,2023-07-16,3.7,1007.5,,22.2,20.4,.8,.5,.6,1,4.8,6.4
22101,2023-07-17,2.1,1011.9,,21.7,20.6,.5,.3,.3,.6,4.4,8
22101,2023-07-18,1.8,1011.1,,22.7,20.7,.4,.2,.4,.5,7,9.1
22101,2023-07-19,1.7,1008.3,,23.1,21.1,.4,.2,.4,.6,7.3,9.1
22101,2023-07-20,1.3,1009.6,89,23.3,21.4,.4,.2,.3,.5,5.6,8
22101,2023-07-21,1.6,1011.9,86,23.7,21.5,.2,.1,.2,.4,5.8,8
22101,2023-07-22,6.2,1010.4,87,24.1,21.4,.7,.4,1,2,4.7,5.8
22101,2023-07-23,6,1007,94,23.4,21.6,1,.6,.9,1.7,5.4,7.1
22101,2023-07-24,2.8,1008.8,94,23.1,21.8,.5,.3,.4,.8,4.9,6.4
22101,2023-07-25,3.9,1012.3,93,23.6,21.8,.5,.3,.4,.7,4.3,5.8
22101,2023-07-26,3.2,1014.5,92,24.3,22.2,.7,.4,.5,.9,5,9.1
22101,2023-07-27,1.9,1014.6,89,25.2,22.4,.7,.4,.5,.9,8.8,12.8
22101,2023-07-28,1.8,1014.3,87,25.5,22.9,.7,.4,.6,1,9.7,10.7
22101,2023-07-29,2,1014.8,88,25.7,23.4,.8,.5,.7,1.1,8.8,10.7
22101,2023-07-30,1.6,1013.6,87,25.9,23.4,.7,.5,.7,1.1,8.1,9.1
22101,2023-07-31,1.5,1013.2,89,26.1,23.6,.5,.3,.4,.7,5.6,8
22101,2023-08-01,.8,1011,93,25.4,23.6,.3,.2,.3,.5,4.7,6.4
22101,2023-08-02,1.1,1008.4,91,25.3,23.4,.3,.2,.2,.4,7,10.7
22101,2023-08-03,2,1006.5,87,25.6,23.6,.4,.2,.4,.6,7.8,10.7
22101,2023-08-04,,,,,,,,.3,.5,,7.1
22101,2023-08-08,,,,,,,,.2,.4,,8
22101,2023-08-09,5.4,1003.5,82,26.9,24.5,.4,.3,.4,.7,3,5.8
22101,2023-08-10,8.7,997.6,82,25.7,24.4,1.3,.8,1.2,2,3.7,4.6
22101,2023-08-11,7.3,998.8,89,24.4,24.5,1.6,1,1.3,2.2,5.1,6.4
22101,2023-08-12,4.6,1003.2,90,25,24.6,1.1,.7,1.1,1.5,5.3,6.4
22101,2023-08-13,4.1,1004.4,90,26,24.6,.6,.4,.6,1,4.5,5.8
22101,2023-08-14,2.2,1005.9,92,26,24.5,.8,.5,.6,1,5.2,6.4
22101,2023-08-15,1.3,1005.3,93,25.4,24.5,.4,.2,.4,.7,4.1,4.6
22101,2023-08-16,1.8,1004.4,91,25.5,24.6,.3,.2,.2,.4,3.7,5.8
22101,2023-08-17,1.3,1005.3,89,25.5,24.6,.2,.1,.2,.3,4.5,9.1
22101,2023-08-18,1.2,1007.2,84,26,24.6,.2,,.2,.3,4.4,8
22101,2023-08-19,1.9,1010.3,89,25.9,24.8,.2,,.2,.3,3.8,5.8
22101,2023-08-20,1.6,1011.6,93,25.7,24.7,.2,.1,.2,.3,4,9.1
22101,2023-08-21,4,1007.7,88,26.1,24.6,.4,,.7,1.3,4.4,7.1
22101,2023-08-22,6.1,1003.6,88,25.7,24.6,1.2,.7,1,1.7,6,7.1
22101,2023-08-23,3.5,1005.1,90,25.1,24.7,.7,.4,.7,1.2,5,6.4
22101,2023-08-24,3.8,1006.3,89,25.1,24.6,.4,.2,.3,.6,3.8,5.8
22101,2023-08-25,3.2,1008.1,91,25.5,24.7,.5,.3,.4,.7,3.2,4.6
22101,2023-08-26,2,1010.2,82,25.6,25,.8,.5,.6,1,4.6,5.3
22101,2023-08-27,2.5,1008.8,86,25.7,24.8,.4,.3,.5,.6,3.7,4.9
22101,2023-08-28,8.7,1005.6,82,25.3,24.5,1,.6,.8,1.3,3.3,4.3
22101,2023-08-29,6,1005,85,24.5,24.3,1.5,.9,1.4,2.2,6.5,8
22101,2023-08-30,2.7,1009.5,80,23.9,24.2,.9,.6,1,1.5,5.6,7.1
22101,2023-08-31,,1011.1,78,24.3,24.1,,,.6,1.1,,4.9
22101,2023-09-01,3.5,1012.7,76,24.6,23.9,.4,.2,.4,.7,5.2,10.7
22101,2023-09-02,3.4,1012.2,79,24.4,23.9,.3,.2,.3,.5,4.6,9.1
22101,2023-09-03,2.1,1012.2,88,25,23.9,.2,.1,.2,.3,7,9.1
22101,2023-09-04,2,1012.4,89,25.4,23.8,.3,.2,.3,.6,7.5,9.1
22101,2023-09-05,3.1,1011.9,90,25.3,23.9,.4,.2,.4,.6,9,10.7
22101,2023-09-06,2.6,1012.1,88,25.6,24,.4,.2,.3,.5,3.8,9.1
22101,2023-09-07,3.4,1014.7,69,26,24.1,.3,.2,.4,.6,3.6,8
22101,2023-09-08,3.2,1013.7,71,25.1,24.2,.3,.2,.3,.4,3.6,8
22101,2023-09-09,2.8,1011.5,75,25.5,24.5,.4,.2,.3,.6,3.4,8
22101,2023-09-10,1.8,1010.6,84,25,24.5,.3,.2,.3,.5,3.2,8
22101,2023-09-11,1.9,1009.9,78,25.2,24.4,.2,.1,.2,.4,2.7,5.3
22101,2023-09-12,2.2,1011.2,82,25,24.4,.3,.2,.4,.7,3.3,5.8
22101,2023-09-13,3.4,1012,84,23.2,24,.4,.2,.3,.7,3.2,6.4
22101,2023-09-14,4.5,1013.2,76,24.3,23.8,.4,.2,.4,.6,3,4.3
22101,2023-09-15,4.8,1013.3,84,23.7,23.7,.4,.2,.4,.7,2.8,3.4
22101,2023-09-16,1.2,1011.9,90,24.5,23.6,.3,.1,.2,.4,4.4,7.1
22101,2023-09-17,1.5,,90,24,23.7,.2,.1,.2,.3,4.1,5.3
22101,2023-09-18,2.3,1012.7,90,23.8,23.8,.2,.1,.2,.3,4.7,6.4
22101,2023-09-19,3.6,1014.1,89,24.3,23.7,.5,.3,.4,.8,4.1,5.3
22101,2023-09-20,7.6,1010.3,82,22.8,23.6,.9,.5,1,1.8,3.8,5.3
22101,2023-09-21,6.5,1012.2,67,21.6,23.3,1,.6,1.2,2,5,7.1
22101,2023-09-22,3.7,1016.5,65,22.7,23.3,.5,.3,.4,.7,4.2,5.8
22101,2023-09-23,3.1,1019.7,73,23.5,23.3,.5,.3,.4,.6,4.5,5.8
22101,2023-09-24,4.9,1019.6,60,23.1,23.2,.5,.3,.4,.7,2.6,4.9
22101,2023-09-25,4.4,1016.2,70,22.7,23.1,.4,.3,.4,.8,4,8
22101,2023-09-26,5.9,1012.1,90,21.9,22.9,.6,.3,.5,.9,4,8
22101,2023-09-27,4.4,1011.8,82,22.8,22.8,.5,.3,.5,.9,3.7,5.3
22101,2023-09-28,4.7,1014.3,80,23.2,22.9,.7,.4,.7,1.1,3.8,5.3
22101,2023-09-29,2.5,1014.8,57,22.9,22.7,.5,.3,.6,.9,4,5.3
22101,2023-09-30,6.7,1011.5,66,22.2,22.6,1,.6,1.1,1.7,4.2,5.8
22101,2023-10-01,7.2,1015,55,21.6,22.4,1.3,.8,1.2,1.8,4.8,6.4
22101,2023-10-02,3.1,1018.6,53,21.7,22.2,.4,.2,.5,.9,4,4.9
22101,2023-10-03,3.2,1017.2,65,21,22.1,.2,.1,.2,.4,3.6,8
22101,2023-10-04,5.8,1014.7,66,21.4,22.1,.7,.4,1.8,2.8,3.7,10.7
22101,2023-10-05,10,1017.7,48,17.5,21.7,2.3,1.4,2,3.4,4.7,5.8
22101,2023-10-06,6.6,1019.8,51,19,21.5,1.3,.9,1.2,1.9,4.2,5.8
22101,2023-10-07,4.7,1021.8,59,20,21.3,.7,.4,.8,1.4,3.9,9.1
22101,2023-10-08,5.3,1022.4,66,19.8,21.2,.5,.3,.5,.8,2.8,4.3
22101,2023-10-09,4.2,1019.9,67,19.6,21.2,.5,.3,.8,1.3,3.8,8
22101,2023-10-10,4.1,1021.7,68,18.8,21,.9,.6,.9,1.6,4.6,5.3
22101,2023-10-11,2.9,1024.3,70,19.9,21,.4,.2,.4,.6,4.1,4.9
22101,2023-10-12,2.4,1024.6,66,20.5,20.9,.2,.1,.2,.4,3.4,6.4
22101,2023-10-13,2.4,1018.1,67,19.9,20.8,.2,.1,.2,.3,3.4,7.1
22101,2023-10-14,3.1,1010.6,67,18.7,20.7,.4,.2,.4,.6,3.4,4.6
22101,2023-10-15,5.7,1011.3,69,18.9,20.6,1,.6,1.2,1.9,4.6,5.8
22101,2023-10-16,6.3,1016.2,48,17.1,20.4,1.5,.9,1.4,2.3,4.8,5.8
22101,2023-10-17,3.3,1019.7,53,17.9,20.2,.8,.5,.8,1.3,4.4,5.3
22101,2023-10-18,4.9,1019.2,73,18.7,20.1,.6,.4,.9,1.4,4.1,5.8
22101,2023-10-19,5.7,1015.5,73,19.2,19.9,1.2,.7,.9,1.6,5.1,5.8
22101,2023-10-20,9.9,1018.3,50,15,19.7,2.3,1.4,1.8,3.1,4.9,5.8
22101,2023-10-21,8.3,1021,50,15.6,19.4,2.3,1.4,1.9,3.2,5.1,6.4
22101,2023-10-22,3.8,1023,58,17.1,19.2,.9,.5,.9,1.4,4.4,5.8
22101,2023-10-23,4.1,1022.4,62,19,19.1,.8,.5,.6,1.1,4.3,4.9
22101,2023-10-24,5.5,1019.8,75,18.5,19,.9,.6,.9,1.4,4.1,5.3
22101,2023-10-25,4,1018,83,18.5,19,.6,.4,.5,.9,4.6,5.8
22101,2023-10-26,6.6,1014.7,84,18.8,19,.9,.5,1.5,2.4,4.1,4.9
22101,2023-10-27,6.5,,57,16.5,18.9,1.5,.9,1.4,2.7,5,7.1
22101,2023-10-28,2.2,,66,17.3,18.8,.5,.3,.6,1,4.1,5.3
22101,2023-10-29,2.7,,71,17.1,18.6,.3,.2,.3,.4,4.5,7.1
22101,2023-10-30,2.1,,76,17.7,18.6,.3,.2,.3,.5,3.9,5.3
22101,2023-10-31,5.8,,85,17.8,18.6,.7,.5,.9,1.8,4.4,5.8
22101,2023-11-01,7.9,,89,19.5,18.5,1.6,1,1.2,2.1,5.8,7.1
22101,2023-11-02,8.7,,88,19.6,18.5,1.4,.9,1.2,2.2,5.5,6.4
22101,2023-11-03,5.8,,84,19.1,18.5,1.6,1,1.3,2.5,6,7.1
22101,2023-11-04,3.7,1020.6,75,18.1,18.5,.7,.4,.7,1.2,4.7,6.4
22101,2023-11-05,8.6,1014,83,19.5,18.4,.9,.6,1.6,2.6,3,4.3
22101,2023-11-06,13.3,1006.3,73,15.5,18.4,4.1,2.5,3.2,5.1,7.6,9.1
22101,2023-11-07,6.3,,58,8.9,18,2.6,1.6,3.3,4.8,6.2,9.1
22101,2023-11-08,3.3,,55,12.7,17.8,.5,.3,.6,1,3.5,5.8
22101,2023-11-09,7.7,,68,15.4,17.6,1.1,.7,1.4,2.4,4,5.3
22101,2023-11-10,10.2,,59,6.3,17.2,2.3,1.4,2.1,3.4,5,6.4
22101,2023-11-11,6.9,,58,5,16.8,1.5,.9,1.5,2.6,4.4,4.9
22101,2023-11-12,7.3,,59,5.4,16.3,1.7,1,1.4,2.4,4.8,5.3
22101,2023-11-13,7.5,,62,6.1,15.9,1.8,1.1,1.5,2.5,4.7,5.3
22101,2023-11-14,2.9,,64,9.7,15.5,.9,.5,1.1,1.7,4.8,5.8
22101,2023-11-15,2.9,,60,11.5,15.4,.5,.3,.5,1,4.6,5.3
22101,2023-11-16,7.3,,71,11.4,15.2,1.2,.7,1.5,2.5,4.3,5.8
22101,2023-11-17,,,,,,,,2,3.8,,7.1
22101,2023-11-21,,,,,,,,.3,.5,,4.3
22101,2023-11-22,5.5,1015.8,74,13.5,13.7,.9,.5,.9,1.6,4.6,5.3
22101,2023-11-23,7.5,1015,76,11,13.7,1.7,1,2,3.5,5.2,6.4
22101,2023-11-24,9.3,1029.5,62,2,13.4,2.4,1.5,1.9,3.2,5.6,6.4
22101,2023-11-25,4.2,1033.2,49,1.3,13.1,1,.6,1.1,2.3,4.9,6.4
22101,2023-11-26,3.6,1024.5,60,7,12.8,.4,.2,.5,.9,4.3,8
22101,2023-11-27,8.4,1014.4,71,10.2,12.6,1.7,1.1,2,3.4,5.6,7.1
22101,2023-11-28,7.1,1022,62,4.1,12.3,1.7,1.1,2.4,3.5,5.1,6.4
22101,2023-11-29,6,1025.5,72,3.2,12,1.1,.7,1.5,2.5,4.3,5.8
22101,2023-11-30,7.8,1029.4,64,-.7,11.6,1.6,1,1.7,3,5.1,7.1
22101,2023-12-01,5.6,1026.9,65,1.7,11.3,1.3,.8,1,1.8,4.8,7.1
22101,2023-12-02,6.2,1024.7,58,7.1,11.2,1.5,.9,1.4,2.3,5.2,6.4
22101,2023-12-03,3.8,1027.1,56,3.9,11,1.2,.7,1.2,2,5.9,7.1
22101,2023-12-04,3.8,1021.6,62,7.6,10.9,.5,.3,.6,1,4,5.3
22101,2023-12-05,4.7,1017.1,67,9.8,10.8,1,.6,.8,1.6,5.4,6.4
22101,2023-12-06,7.7,1009.9,76,10.4,10.8,1.4,.9,2.4,3.5,4.7,6.4
22101,2023-12-07,7.7,1014.3,64,10.5,10.7,2.1,1.3,2.5,4.5,6.2,7.1
22101,2023-12-08,9.4,1011.7,81,12.7,10.7,2.2,1.4,1.6,2.7,7,8
22101,2023-12-09,4.3,1017.4,86,11.8,10.8,1.1,.7,1,1.7,6.4,8
22101,2023-12-10,7.6,1023.2,60,9.5,10.7,1.3,.8,1,1.7,4,4.9
22101,2023-12-11,8,1016.5,86,9.3,10.7,1,.7,1.2,1.8,4,5.3
22101,2023-12-12,6.6,1021.6,76,7,10.7,1.1,.7,1.1,2,5,7.1
22101,2023-12-13,3.3,1027.6,75,8.5,10.6,.6,.3,.6,1,5.3,6.4
22101,2023-12-14,7.3,1020.4,84,9.8,10.6,.6,.4,.7,1.1,3.4,5.8
22101,2023-12-15,7.2,1012.4,87,7.1,10.5,1.1,.7,1.5,2.3,4.5,6.4
22101,2023-12-16,12.6,1022.7,84,-1.2,10.3,3.5,2.2,2.8,4.2,6.7,8
22101,2023-12-17,7.8,1033.8,76,-5.9,9.7,2.2,1.4,2.1,4,6.3,8
22101,2023-12-18,5.8,1035,60,-4,9.2,.9,.6,1,1.6,5.4,7.1
22101,2023-12-19,4.4,1028.4,68,.2,9,.6,.4,.9,1.4,3.6,5.8
22101,2023-12-20,9.9,1028.1,72,-4.3,8.8,2.6,1.6,2.1,3,5.7,7.1
22101,2023-12-21,9.8,1030.7,75,-7,8.3,2.5,1.6,1.9,3.2,5.1,7.1
22101,2023-12-22,8,1036.5,74,-6.8,8,2,1.3,1.7,2.9,5.6,7.1
22101,2023-12-23,3.7,1036.8,65,-3.4,7.7,.7,.5,.9,1.3,5.9,7.1
22101,2023-12-24,3.3,1030.8,74,.9,7.5,.6,.4,.8,1.4,4.9,6.4
22101,2023-12-25,5,1028.7,69,2.5,7.3,1.6,1,1.4,2.3,5.8,7.1
22101,2023-12-26,4.9,1029.3,63,5.5,7.2,1.2,.7,1,1.9,5.1,6.4
22101,2023-12-27,2.5,1030.8,66,3.6,7.2,.6,.3,.6,1,4.9,6.4
22101,2023-12-28,1.8,1028.9,68,4.3,7.1,.2,.1,.2,.3,4.2,5.3
22101,2023-12-29,1.9,1027.3,67,4.9,7.1,.3,.2,.4,.6,4,4.6
22101,2023-12-30,7.4,1017,82,4.8,7,.6,.4,.6,1,3.2,4.6
22101,2023-12-31,7.2,1017.9,81,5,7,1.9,1.2,1.8,3.2,5.6,8
22101,2024-01-01,1.6,1027.3,78,4.9,7,.9,.6,.9,1.5,5.9,7.1
22101,2024-01-02,2.7,1022.8,64,4.8,7,.7,.4,.7,1,3.9,4.9
22101,2024-01-03,4.9,1020,70,4.7,6.9,.9,.6,1,1.7,4.3,5.8
22101,2024-01-04,4.8,1021.4,67,5.6,6.9,1.2,.7,1.1,1.9,5.1,6.4
22101,2024-01-05,5.6,1020.4,77,6.3,6.9,1.9,1.2,1.7,2.7,6.7,7.1
22101,2024-01-06,5.4,1022.6,62,2.8,6.8,1.2,.7,1.3,2.1,4.4,5.3
22101,2024-01-07,8.2,1027.4,58,-1.2,6.7,2,1.2,1.7,2.8,4.8,5.8
22101,2024-01-08,3.5,1026.9,63,-.8,6.5,.7,.5,.9,1.4,4.5,6.4
22101,2024-01-09,4.7,1019.6,77,3.9,6.5,.9,.6,.8,1.4,4.6,5.8
22101,2024-01-10,3.9,1021.5,69,1.1,6.4,.9,.5,.8,1.3,4.6,6.4
22101,2024-01-11,4.6,1018.3,69,4.9,6.3,1.1,.7,1.1,1.7,5.2,7.1
22101,2024-01-12,4.9,1020,57,3.3,6.2,1.1,.7,1.1,1.7,5.8,7.1
22101,2024-01-13,3.6,1025,57,3.6,6.1,.5,.3,.5,.9,3.9,7.1
22101,2024-01-14,6.5,1022.2,78,3.9,6,1,.6,1.3,2,4.4,5.8
22101,2024-01-15,7.4,1029.3,55,-.8,5.9,1.6,1,1.5,2.6,4.8,6.4
22101,2024-01-16,3.2,1032.8,50,.3,5.8,.6,.4,.8,1.3,4.4,5.3
22101,2024-01-17,3.5,1025.7,76,3.2,5.7,.3,.2,.4,.7,4.2,7.1
22101,2024-01-18,5.9,1023.5,80,3.9,5.7,.8,.5,.7,1.2,3.6,4.9
22101,2024-01-19,6.7,1027,69,6.5,5.8,.7,.5,.7,1.1,3.3,4.6
22101,2024-01-20,8.3,1024.9,77,4.5,5.8,1,.7,.8,1.5,3.7,4.9
22101,2024-01-21,7.8,1026.4,76,1.9,5.7,1.6,1,2.2,3.9,4.4,8
22101,2024-01-22,11.2,1029.4,73,-5.9,5.5,3.2,2.1,2.4,3.8,6.2,7.1
22101,2024-01-23,11.3,1027.6,72,-7.3,5.2,3.2,2,2.2,4.2,5.9,7.1
22101,2024-01-24,10.9,1027.7,61,-4.4,4.7,2.7,1.7,2.1,3.5,5.3,6.4
22101,2024-01-25,7.6,1029.3,56,-1.7,4.3,1.7,1.1,1.8,2.9,4.9,5.8
22101,2024-01-26,2,1029.3,67,1.8,4,.6,.4,.7,1.3,4.7,5.8
22101,2024-01-27,3.1,1028,57,1.5,4,.5,.3,.6,.9,4.3,5.8
22101,2024-01-28,3.1,1029,63,.8,3.9,.9,.5,.9,1.6,4.8,5.8
22101,2024-01-29,1.7,1031.5,63,2,3.9,.4,.2,.4,.7,4.4,5.8
22101,2024-01-30,2.9,1029,66,2.6,4,.2,.1,.2,.3,4.6,7.1
22101,2024-01-31,3,1025.1,77,3.9,4.1,.2,.1,.3,.5,4,9.1
22101,2024-02-01,7,1026.4,66,.8,4,1.4,.9,1.1,2.1,4.3,5.8
22101,2024-02-02,2.6,1027.9,69,.8,4,1,.6,.8,1.3,5.1,6.4
22101,2024-02-03,3.6,1027.8,75,3.4,4,.6,.3,.5,.9,4.8,5.8
22101,2024-02-04,4.1,1025.3,79,4.3,4.1,.5,.3,.4,.7,4.3,6.4
22101,2024-02-05,8.4,1020.7,86,2.9,4.1,1.1,.7,1,1.7,4.1,5.8
22101,2024-02-06,4.4,1025.7,78,1.7,4.1,.9,.6,1.1,1.7,4.9,6.4
22101,2024-02-07,3.1,1024.4,68,1,4.1,1.2,.7,1.1,1.8,6.1,7.1
22101,2024-02-08,2.4,1022.4,64,1.7,4.1,.7,.5,.6,1.1,5.4,6.4
22101,2024-02-09,4.7,1022.6,61,2.8,4.1,.9,.6,.8,1.4,4.7,6.4
22101,2024-02-10,4.6,1023.8,67,3.6,4.1,.7,.5,.8,1.3,4.2,4.9
22101,2024-02-11,4.5,1024.8,68,3.1,4.1,.8,.5,1,1.6,4.4,7.1
22101,2024-02-12,4.6,1028.3,77,4.2,4.1,.8,.5,1,1.6,5.2,6.4
22101,2024-02-13,5.4,1024.5,84,6.7,4.2,1.1,.7,1.1,1.8,5.5,8
22101,2024-02-14,3.8,1020.7,89,6.7,4.4,.8,.5,1,1.5,6.3,8
22101,2024-02-15,7.7,1020.8,73,3.7,4.4,1.8,1.1,2,3.1,5.7,7.1
22101,2024-02-16,3,1025.2,55,2.7,4.5,.9,.6,1.2,2,5.7,7.1
22101,2024-02-17,3.8,1021.6,79,4.4,4.4,.8,.5,.8,1.3,4.8,5.8
22101,2024-02-18,6.8,1016.5,83,6.7,4.5,.9,.6,.7,1.1,5.7,7.1
22101,2024-02-19,6,1012.4,90,5.9,4.5,1.5,.9,1.8,3.4,5.9,7.1
22101,2024-02-20,6.1,1022.2,77,3.4,4.5,1.4,.8,1.4,2.6,5,7.1
22101,2024-02-21,9,1019.9,89,2.9,4.5,1.3,.8,1.1,1.7,4.2,5.3
22101,2024-02-22,8.3,1026.1,86,1.8,4.5,1,.6,.9,1.5,3.8,4.9
22101,2024-02-23,6.1,1029.4,75,2.7,4.5,.7,.4,.8,1.3,4,6.4
22101,2024-02-24,5.9,1028.1,70,2.9,4.5,.6,.4,.6,.9,3.4,4.9
22101,2024-02-25,4.7,1024.6,80,3,4.5,.5,.3,.6,1.1,3.3,5.3
22101,2024-02-26,4.3,1028.2,69,3.5,4.5,.9,.6,.8,1.5,5.2,8
22101,2024-02-27,4.7,1029.2,70,4.8,4.6,.5,.3,.5,.9,4.2,6.4
22101,2024-02-28,1,1028.3,84,5.4,4.6,.3,.2,.2,.3,4.6,5.8
22101,2024-02-29,6,1024.2,71,4.1,4.7,.8,.5,1.7,2.6,3.9,5.8
22101,2024-03-01,10.4,1026,51,-2.4,4.6,2.9,1.8,2.8,4.5,5.7,6.4
22101,2024-03-02,6.9,1020.3,61,2.2,4.5,1.8,1.1,1.8,2.8,5.6,8
22101,2024-03-03,2.8,1018,77,4.4,4.5,1.9,1.2,1.9,3.1,6.5,8
22101,2024-03-04,3.7,1021,60,4.4,4.5,.6,.4,.7,1.1,5.7,7.1
22101,2024-03-05,4.7,1015,66,6.2,4.5,.4,.2,.5,.7,3.1,5.3
22101,2024-03-06,5.3,1017,76,4.6,4.6,.8,.5,1.1,1.9,3.5,6.4
22101,2024-03-07,6.2,1017.6,71,4.1,4.6,1.5,.9,1.3,2.2,4.9,5.8
22101,2024-03-08,9.6,1019.2,56,3.6,4.7,2.2,1.3,1.8,3.4,5.4,6.4
22101,2024-03-09,5.7,1025,56,2.1,4.7,1.3,.8,1.3,2.3,5,7.1
22101,2024-03-10,4.2,1028.3,76,4.6,4.7,.5,.3,.7,1.4,4,5.3
22101,2024-03-11,3.3,1020.6,78,5.5,4.7,.8,.5,.7,1.2,5.1,6.4
22101,2024-03-12,4.2,1016.5,81,5.5,4.8,.9,.6,1.2,1.7,5,6.4
22101,2024-03-13,5.1,1020.8,79,5.9,4.9,.9,.5,.8,1.3,5,6.4
22101,2024-03-14,3.1,1021.7,84,6.1,5,.9,.6,.8,1.2,4.7,6.4
22101,2024-03-15,4.5,1024,89,6.3,5.1,.7,.4,.6,1.1,4.5,5.3
22101,2024-03-16,2.3,1021.9,93,4.8,5.3,.4,.3,.5,.8,4.1,5.3
22101,2024-03-17,7.5,1018.5,71,6.4,5.3,1.5,1,1.9,3,4.3,6.4
22101,2024-03-18,4.1,1022.5,56,5.5,5.7,.9,.6,1.3,2.1,4.5,5.8
22101,2024-03-19,8.9,1016.2,76,6.3,5.4,2.1,1.3,2.7,5,5,7.1
22101,2024-03-20,9.7,1021.3,60,4.7,5.5,2.6,1.6,2.1,3.6,5.4,7.1
22101,2024-03-21,4.3,1018.8,67,5.3,5.6,1,.6,1.1,2.4,4.6,5.3
22101,2024-03-22,9.1,1011.2,72,8.6,5.7,1.5,.9,1.8,2.9,5.3,8
22101,2024-03-23,2.3,1015.3,93,6.8,5.8,1.1,.7,1.4,2.2,7.5,9.1
22101,2024-03-24,3.5,1016.2,72,9,5.9,.3,.2,.3,.7,5.4,7.1
22101,2024-03-25,5.1,1015.1,77,8.8,5.9,.4,.2,.5,.8,5,8
22101,2024-03-26,5.5,1019.8,86,5.7,6.1,.7,.5,1.1,1.8,4.4,7.1
22101,2024-03-27,2.5,1022.9,93,6,6.1,.4,.2,.3,.5,4.6,6.4
22101,2024-03-28,2.9,1010.5,89,7.6,6.2,.5,.3,.4,.6,4.4,5.3
22101,2024-03-29,6,1007.3,86,7.5,6.2,1.2,.7,1.4,2.5,4.7,6.4
22101,2024-03-30,3.2,1012,81,7.2,6.4,.9,.5,1,1.6,5.8,6.4
22101,2024-03-31,3,1013.6,72,7.4,6.5,.4,.3,.5,.8,4.6,6.4
22101,2024-04-01,1.4,1015,79,7.8,6.7,.3,.2,.4,.9,4.3,9.1
22101,2024-04-02,3.2,1012.8,75,9.8,6.7,.2,.1,.2,.4,3.8,7.1
22101,2024-04-03,2.2,1006.9,82,9.2,6.8,.4,.2,.5,.9,5.7,7.1
22101,2024-04-04,2.4,1014,81,8.9,6.9,.7,.4,.5,.9,4.9,7.1
22101,2024-04-05,2.5,1018.9,90,7.8,7,.6,.4,.6,1,4.8,5.3
22101,2024-04-06,1.4,1019.5,84,8,7.1,.3,.2,.4,.6,3.6,4.6
22101,2024-04-07,2.1,1018.1,71,9.2,7.3,.3,.1,.2,.8,3.7,4.9
22101,2024-04-08,1.9,1017.2,84,8.9,7.3,.3,.2,.2,.4,3.7,5.8
22101,2024-04-09,3.8,1020.1,74,10,7.5,.4,.3,.4,.6,4.1,6.4
22101,2024-04-10,3.3,1024.3,82,9.4,7.6,.4,.2,.3,.5,4.4,7.1
22101,2024-04-11,2.2,1021.7,82,10.6,7.7,.3,.2,.2,.4,4,5.3
22101,2024-04-12,2,1018.9,85,10.6,7.8,.2,.2,.2,.3,4.3,7.1
22101,2024-04-13,1.4,1018.2,93,8.7,8,.3,.2,.3,.4,4,5.8
22101,2024-04-14,1.5,1016.7,83,11.6,8.2,.3,.1,.2,.4,5,9.1
22101,2024-04-15,4.7,1010,86,10.8,8.2,.7,.4,.7,1.1,4.1,7.1
22101,2024-04-16,3.2,1012.4,96,8.9,8.3,.8,.5,.6,1,4.8,6.4
22101,2024-04-17,2.3,1012.9,92,9.3,8.6,.5,.3,.4,.7,3.7,4
22101,2024-04-18,,,,,,,,.2,.4,,4.9
22101,2024-04-19,,,,,,,,.2,.3,,4.4
22101,2024-04-20,5.5,1009.7,81,11.8,9.7,,.2,.3,.6,3.7,4.8
22101,2024-04-21,,,,,,,,.3,.4,,3.5
22101,2024-04-22,,,,,,,,.2,.3,,5.3
22101,2024-04-24,,,,,,,,.1,.2,,4.7
22101,2024-04-25,,,,,,,,.3,.6,,6
22101,2024-04-26,1.4,1010.8,88,11.3,10.8,.3,.2,.2,.4,3.9,4.9
22101,2024-04-27,1.9,1012.5,93,9.7,10.8,.2,.2,.2,.4,4.1,7.3
22101,2024-04-28,1.6,1013.3,93,10.6,11,.2,.1,.2,.4,3.7,6
22101,2024-04-29,2.6,1008.3,69,14,11,.2,.1,.2,.5,4.6,6.6
22101,2024-04-30,,,,,,,,1,1.7,,7.8
22101,2024-05-01,3.8,1012.1,82,11.9,11.3,.6,.4,.5,.8,4.8,5.4
22101,2024-05-02,2.2,1018.9,84,11.8,11.6,.3,.2,.2,.4,4,4.9
22101,2024-05-03,1.8,1019.1,85,12.1,12,.2,.2,.2,.3,3.7,6.7
22101,2024-05-04,1.8,1016.2,81,12.7,11.9,.2,.1,.2,.3,3.8,5.7
22101,2024-05-05,6.5,1007.7,91,13.7,11.9,,.3,.9,1.6,,6.4
22101,2024-05-06,5.8,,,,,.7,.4,.8,1.4,5.1,6.6
22101,2024-05-07,4.3,1011.9,89,12,12.3,1.2,.7,1,1.7,6.3,7.3
22101,2024-05-08,3.6,1018.6,78,12.1,12.2,.4,.3,.5,.9,4.7,6
22101,2024-05-09,4.8,1018.2,86,12.4,12.2,.5,.3,.6,1.1,4.2,7.1
22101,2024-05-10,5.5,1017.4,83,12.8,12.4,.9,.5,.9,1.3,5.2,6.1
22101,2024-05-11,8.1,1010.8,87,13.4,12.5,1.4,.9,1.3,2.5,6.6,8.5
22101,2024-05-12,4.3,1012,79,12.9,12.6,.8,.6,.9,1.6,5.7,7.1
22101,2024-05-13,2,1014.9,86,13,12.9,.4,.3,.4,.6,3.9,4.3
22101,2024-05-14,3.5,1015.8,81,13.3,13,.3,.2,.3,.5,3.9,6.2
22101,2024-05-15,6.7,1013.6,77,12.3,13,1.3,.8,1.8,3.1,4.7,5.4
22101,2024-05-16,3.6,,,,,.8,.6,.7,1.1,5.2,6.4
22101,2024-05-17,6.2,1013.7,84,14,13.3,.9,.6,.9,1.4,5.7,6.2
22101,2024-05-18,3.9,1016.8,85,14.7,13.5,.8,.5,.6,.9,6.3,7.3
22101,2024-05-19,1.7,1015.7,86,15.3,13.9,.5,.3,.4,.6,5.7,6.9
22101,2024-05-20,2.6,1016.4,92,13.9,13.9,.3,.2,.3,.5,4.7,5.8
22101,2024-05-21,1.3,1019.2,94,13.4,14.1,.3,.2,.3,.4,4.3,6.7
22101,2024-05-22,.9,1016.9,94,13.3,14.3,.2,.1,.2,.5,5.5,8
22101,2024-05-23,1.4,1012.4,91,13.9,14.3,.2,.1,.3,.4,,6.6
22101,2024-05-24,,1013.7,95,13.8,14.4,,,.3,.5,,4.7
22101,2024-05-25,1.5,1015.5,93,14.1,14.7,.3,.2,.3,.4,5.2,8
22101,2024-05-26,,,,,,,,.6,.9,,5.4
22101,2024-05-27,5.9,1004.8,83,14.8,14.8,1,.6,.9,1.3,4.7,6.4
22101,2024-05-28,,,,,,,,.6,.9,,5.2
22101,2024-05-29,1.8,1013.1,82,15.2,15.1,.3,.2,.4,.7,3.9,8
22101,2024-05-30,2,,,,,.2,.1,.2,.4,,11.6
22101,2024-05-31,3.5,1010.8,92,14.8,15.6,.3,.3,.4,.7,6,12.8
22101,2024-06-01,,,,,,,,.9,1.6,,5.3
22101,2024-06-02,2.2,1010.9,84,16.1,16,.6,.4,.6,.9,4.6,5.6
22101,2024-06-03,2.7,1011.2,79,16.9,16.1,.3,.2,.2,.4,3.7,6.2
22101,2024-06-04,,1015.9,79,16.7,16.1,,,.2,.4,,6.9
22101,2024-06-05,1.5,1018.5,91,16.1,16.5,.2,.1,.1,.2,,6.2
22101,2024-06-06,2.2,1017,95,15.7,16.5,,.1,.2,.3,,7.1
22101,2024-06-07,2,1014.2,92,15.9,16.5,.2,.1,.2,.3,4.5,8.8
22101,2024-06-08,2.9,1009.1,93,16.2,16.8,.3,.2,.4,.5,4.7,5.7
22101,2024-06-09,1.3,1008.7,93,16.8,17,.3,.2,.3,.7,4.4,6.1
22101,2024-06-10,4.1,1007.1,93,17.2,16.9,.4,.3,.4,.8,4.1,5.3
22101,2024-06-11,4,1007.6,96,16.8,17,.5,.3,.4,.8,4.6,5.3
22101,2024-06-12,2.7,1006.5,95,16.7,17.3,.7,.4,.5,1,5,6
22101,2024-06-13,1.5,1005.5,94,16.7,17.4,.5,.3,.4,.6,4.9,8.5
22101,2024-06-14,2.4,1005.9,94,17.8,17.7,.3,.2,.3,.4,4.6,9.1
22101,2024-06-15,1.8,,,,,.4,.2,.3,.4,4.3,5.8
22101,2024-06-16,2.9,1007.4,91,18,17.9,.5,.3,.4,.7,3.6,4.2
22101,2024-06-17,3.6,1008,91,18.8,18,.4,.2,.3,.5,4,6.9
22101,2024-06-18,3.4,1007.2,94,18.8,18.3,.5,.3,.4,.7,4.3,4.9
22101,2024-06-19,2.2,,,,,.4,.3,.4,.6,4.5,5.3
22101,2024-06-20,1.9,1005,91,19.1,18.5,.4,.3,.5,.8,6.1,9.1
22101,2024-06-21,1.4,,,,,.4,.3,.4,.7,6.4,8
22101,2024-06-22,3.6,997.9,94,20,18.6,.4,.3,.3,.6,5.7,8.5
22101,2024-06-23,2.9,999.4,94,19.3,18.8,.5,.3,.5,.7,5.8,8.3
22101,2024-06-24,4.5,1004.3,89,19.1,19,.8,.5,.7,1.2,5,6.2
22101,2024-06-25,3.6,1011.4,88,19.2,19.3,.7,.5,.7,1.1,4.9,5.8
22101,2024-06-26,1.4,1015.4,92,19.3,19.3,.4,.3,.4,.6,4.2,6
22101,2024-06-27,1.3,1011.6,91,19.6,19.7,.3,.2,.4,.4,5.2,9.8
22101,2024-06-28,1.2,1008,84,19.9,19.9,.2,.1,.2,.2,4.8,6.6
22101,2024-06-29,3.8,1002.6,85,20.8,19.9,.3,.2,.4,.7,4.7,5.8
22101,2024-06-30,6.9,998.4,92,20.2,19.9,1.4,.9,1.4,2.3,6.1,8.8
22101,2024-07-01,1.5,,,,,.6,.4,.7,1,7.2,9.1
22101,2024-07-02,7.3,1002.6,90,21.6,20.2,.7,.4,1.1,2.1,4.8,9.1
22101,2024-07-03,6.1,1008.3,91,21.4,20.4,1.6,1.1,1.4,2,8.3,9.8
22101,2024-07-04,5.8,1006.7,95,20.7,20.4,.9,.6,1,1.6,5.4,6.6
22101,2024-07-05,,,,,,,,1.5,2.4,,8.3
22101,2024-07-06,7.2,1002.5,91,21.8,20.5,1,.7,1,1.9,5.6,7.5
22101,2024-07-07,3.1,1004.4,94,21.4,20.9,.9,.6,.8,1.2,5.9,7.8
22101,2024-07-08,3.1,1003,95,20.9,20.8,.5,.3,.4,.7,5.4,7.1
22101,2024-07-09,2.7,1003.8,95,20.8,20.8,.4,.3,.4,.7,6.6,8.3
22101,2024-07-10,3.2,1000.7,92,21.5,21,.5,.3,.4,.7,6.7,8.5
22101,2024-07-11,1.9,1002.8,95,20.4,20.9,.5,.3,.5,.9,5.7,8.3
22101,2024-07-12,,,,,,,,.3,.4,,8
22101,2024-07-13,1.1,1005.9,93,21.7,21.3,.2,.2,.2,.3,5.9,8.5
22101,2024-07-14,2.4,1009.2,84,23.5,21.7,.2,.1,.2,.3,5.4,8.3
22101,2024-07-15,2.8,1011.3,85,23.4,21.7,.3,,.2,.4,5.3,7.3
22101,2024-07-16,4,1010.1,94,22.3,21.7,.4,.2,.3,.6,4.6,5.6
22101,2024-07-17,7.5,1006.6,94,23,21.7,1,.7,.9,1.3,5.4,7.3
22101,2024-07-18,5.8,,,,,1.3,.9,1.2,1.8,6.8,8.3
22101,2024-07-19,3.1,1005.6,95,22.2,22.1,.7,.5,.9,1.2,6.2,7.3
22101,2024-07-20,7.3,1005.5,90,23.2,22.1,1.1,.7,1.2,2.4,5.3,6.4
22101,2024-07-21,6.4,1006.5,93,22.6,22.3,1.7,1.1,2.1,3.4,7.1,8.8
22101,2024-07-22,8.3,1004.3,92,24.1,22.4,1.1,.7,1.2,2,5.4,7.5
22101,2024-07-23,5.9,1004,93,23.4,22.6,1.3,.9,1.3,2.1,7.2,8.3
22101,2024-07-24,,,,,,,,.7,1.2,,7.1
22101,2024-07-25,2.8,1006.2,91,24.4,22.9,.5,.4,.6,.9,9.1,14.2
22101,2024-07-26,4.8,1009.3,89,24.6,23.1,.8,.6,.8,1.2,10.4,12.2
22101,2024-07-27,5.2,1013.5,87,25.2,23.4,1,.7,1,1.3,9.7,12.2
22101,2024-07-28,7.7,1011.9,88,25.4,23.7,1.5,1,1.4,2.2,8,10.2
22101,2024-07-29,6.5,1009.5,91,25.5,23.9,1.3,.9,1.1,1.8,7.3,9.5
22101,2024-07-30,4.1,1007.9,92,24.7,24.2,.7,.5,.7,1.1,5.2,6.7
22101,2024-07-31,3.9,1006.5,92,25.1,24.4,.6,.4,.5,.7,4.9,6.1
22101,2024-08-01,,,,,,,,.6,1,,6.2
22101,2024-08-02,,,,,,,,.5,.8,,7.1
22101,2024-08-03,1.3,1008,91,25.8,25.5,.4,.2,.3,.5,4.8,6
22101,2024-08-04,.9,1008.2,89,25.9,25.6,.2,,.2,.4,5.2,9.1
22101,2024-08-05,2.9,1007.4,92,25.7,25.8,.2,.1,.2,.4,5,7.1
22101,2024-08-06,2.6,1008,91,25.8,25.7,.5,.3,.5,.7,4.9,6
22101,2024-08-07,1.4,1006.7,94,25.7,25.9,.3,.2,.3,.4,4.6,6
22101,2024-08-08,1.6,1005.2,89,25.3,26.1,,.1,.2,.4,4.2,6.9
22101,2024-08-09,1.1,1004.9,93,25.4,26.2,.2,.2,.2,.3,4.6,5.8
22101,2024-08-10,2.7,1003.5,86,26.1,26.3,,.1,.2,.4,4.5,7.3
22101,2024-08-11,4.3,1002.4,85,26.9,26.4,.8,.5,.8,1.3,5.7,6.9
22101,2024-08-12,2.1,1005.1,87,26.9,26.7,.9,.6,.8,1.2,6.3,7.3
22101,2024-08-13,2.1,1008.4,90,27.4,27,.5,.3,.5,.7,5.3,6.4
22101,2024-08-14,2.8,1008.3,89,27.8,27.5,.3,.2,.3,.6,3.9,5.6
22101,2024-08-15,1.4,1007.9,87,27.8,27.7,.2,.2,.2,.4,4.3,7.8
22101,2024-08-16,2.2,1009,86,27.5,27.7,.2,.1,.1,.2,5,7.8
22101,2024-08-17,1.4,1010.6,91,27.1,27.2,.2,.1,.2,.2,,6.7
22101,2024-08-18,1.5,1009.8,89,27,27.2,.2,0,.1,.2,,
22101,2024-08-19,,,,,,,,.1,.2,,
22101,2024-08-20,2.5,1008.7,81,28.2,27,.2,.1,.2,.3,,
22101,2024-08-21,7.6,1005.6,89,26.9,26.9,.9,.6,.9,1.5,,6.7
22101,2024-08-22,7.8,1003.9,88,26.8,26.9,1.6,1,1.7,2.3,7.8,9.8
22101,2024-08-23,4.4,1008.3,85,26.4,27,.9,.6,.9,1.5,5.6,7.8
22101,2024-08-24,1.9,1010.4,88,26.4,27,.4,.3,.4,.5,5.1,7.5
22101,2024-08-25,1.5,1009.7,91,26.5,27,.2,.2,.2,.4,4.5,6.4
22101,2024-08-26,1.9,1007.5,88,26.6,27.2,.2,.1,.2,.3,3.7,5.6
22101,2024-08-27,5.3,1006.7,73,26.9,27.2,.5,.3,.7,1.3,4.6,6.4
22101,2024-08-28,4.3,1008.4,73,27.1,27.4,.3,.2,.3,.6,3.5,6.4
22101,2024-08-29,5.3,1007.2,73,27.1,27.3,.4,.3,.3,.6,,4.1
22101,2024-08-30,5.2,1006.2,74,26.6,27.3,.6,.4,.9,1.3,3.6,6.6
22101,2024-08-31,3.2,1007.4,74,26.1,27.5,.6,.4,.7,1,4.5,5.4
22101,2024-09-01,2.6,1007.7,70,25.8,27.4,.3,.2,.3,.5,3.8,5.2
22101,2024-09-02,5.9,1008.9,84,25.3,27,.4,.3,.6,.9,4.5,8.8
22101,2024-09-03,4.8,1011.5,69,26.5,26.9,.4,.2,.4,.7,4.8,9.1
22101,2024-09-04,,,,,,,,.5,.7,,6.6
22101,2024-09-05,5.4,1007.8,84,26.1,26.9,.8,.5,.7,1.5,5.3,6.4
22101,2024-09-06,4.3,1011.1,81,25.6,26.9,.6,.4,.6,.9,5.4,7.1
22101,2024-09-07,2.4,1013.7,82,25.7,27,.3,.2,.3,.4,4.9,6.1
22101,2024-09-08,2.2,1014.2,79,25.3,26.9,.3,.2,.3,.5,3.5,4.1
22101,2024-09-09,1.5,1013.4,77,25.9,27,.2,.2,.2,.3,,6.7
22101,2024-09-10,1.5,1014,75,26.8,27.1,,,.2,.3,,7.1
22101,2024-09-11,2.3,1016,87,26.6,27.2,.2,.1,.2,.3,,3.8
22101,2024-09-12,2.3,1014.7,89,26.2,27.1,.4,,.4,.6,,
22101,2024-09-13,5.2,1008.9,92,26.3,27.1,.8,.5,.8,1.2,,6.4
22101,2024-09-14,2.4,1006.8,86,26.1,27.2,.6,.4,.5,1,4.7,5.7
22101,2024-09-15,4.5,1009.5,85,26.5,27.1,.6,.4,.6,.8,5,6.6
22101,2024-09-16,5,1015.2,81,26.7,27.1,.6,.4,.6,.9,,4.5
22101,2024-09-17,,,,,,,,.4,.6,,
22101,2024-09-18,1.5,1014.1,91,26.5,27,.3,.2,.3,.5,,
22101,2024-09-19,1.7,1014.2,88,26.7,26.9,.2,.2,.2,.4,,
22101,2024-09-20,4.9,1009.1,90,25.5,27,.6,.4,.7,1.1,,
22101,2024-09-21,10.2,,,,,1.1,.7,1.1,1.8,,
22101,2024-09-22,7.7,1013.3,68,22.2,26.3,1,.7,1.1,2.1,,
22101,2024-09-23,5.5,1017.9,61,21.9,26,.5,.3,.6,.8,,
22101,2024-09-24,4.3,1016.3,60,22.1,25.9,.4,.3,.5,.7,,
22101,2024-09-25,2.4,1014.3,71,24,25.9,.3,.2,.3,.4,,6.2
22101,2024-09-26,3.4,1013.5,72,23.7,26,.4,.3,.6,1,4.1,6.6
22101,2024-09-27,5.1,1014.3,72,23.3,25.9,.6,.4,.6,.9,4.3,7.1
22101,2024-09-28,5.4,1017.8,66,24.1,25.8,.5,.3,.6,1,3.6,7.5
22101,2024-09-29,5.1,1019.4,69,24.1,25.7,.4,.2,.5,.8,3.8,6.2
22101,2024-09-30,4.3,1015.3,68,23.5,25.7,.3,.2,.3,.5,5,8
22101,2024-10-01,8.9,1012.7,65,20.6,25.6,1.6,1,1.6,2.6,5.4,6.6
22101,2024-10-02,8,,,,,1.4,.9,1.4,2.5,5.1,7.8
22101,2024-10-03,3.2,1022.6,52,18.5,24.8,.5,.3,.7,1.2,4.6,6.2
22101,2024-10-04,3.7,1024.5,55,19.6,24.7,.3,.2,.4,.6,3.7,6.6
22101,2024-10-05,3.3,1023.4,51,20.4,24.5,.2,.1,.2,.3,3.7,6.9
22101,2024-10-06,,,,,,,,.3,.5,,6.2
22101,2024-10-07,4.8,1017.9,66,20.1,24.2,.5,.3,.8,1.2,3.7,6
22101,2024-10-08,4.1,1017.4,67,19.4,24.1,.9,.6,.9,1.4,5.9,6.7
22101,2024-10-09,3.8,1016.1,67,20.3,24,.4,.3,.4,.6,4.6,6.2
22101,2024-10-10,4.2,1015,67,20.6,24,.4,.3,.5,.9,3.7,5
22101,2024-10-11,3.3,,,,,.3,.2,.4,.6,4.3,7.3
22101,2024-10-12,2.9,1023.4,60,19.9,23.8,.3,.2,.3,.5,4.1,7.8
22101,2024-10-13,3.7,1022.9,63,20.9,23.8,.2,.2,.2,.4,3.2,5.7
22101,2024-10-14,6.2,1019.1,66,21.2,23.7,.4,.3,.4,.6,3.2,5.3
22101,2024-10-15,3.5,1018.4,82,20.7,23.6,.4,.3,.4,.6,5.1,6.4
22101,2024-10-16,3.8,1023.2,61,18.4,23.5,.7,.4,.8,1.1,5,6.6
22101,2024-10-17,3.2,1021.8,72,20.7,23.4,.2,.2,.2,.4,4.8,8
22101,2024-10-18,6.8,1013,84,19.4,23.2,.5,.3,.6,1.3,4.2,7.1
22101,2024-10-19,10.9,1019.6,71,16.7,23.1,2.1,1.3,1.7,3.3,5.4,6.6
22101,2024-10-20,9.7,1029.4,58,15.6,22.6,.9,.6,.8,1.2,4.3,5.4
22101,2024-10-21,5.5,1023.4,67,17.2,22.4,.5,.3,.5,.7,5.2,8
22101,2024-10-22,,,,,,,,1.8,2.6,,6.7
22101,2024-10-23,10.3,1017.4,65,14.6,22,3,2,2.8,4.5,6.9,8.8
22101,2024-10-24,3.7,1023.2,61,15.8,21.8,.7,.5,.9,1.3,5.8,8.3
22101,2024-10-25,4.8,1024.9,61,17.8,21.6,.4,.3,.3,.6,3.5,6.1
22101,2024-10-26,3.2,1020.8,67,19,21.5,.3,.2,.3,.4,3.1,3.9
22101,2024-10-27,4.6,1014.7,73,17.7,21.5,.8,.5,1,1.7,4,4.8
22101,2024-10-28,4,1015.2,73,17,21.4,.8,.6,.9,1.5,5.6,6.9
22101,2024-10-29,5.6,1018.5,66,17.7,21.3,.6,.4,.6,1.1,4,5.6
22101,2024-10-30,5,1022.9,70,17.3,21.2,.5,.3,.5,.7,3.5,4.1
22101,2024-10-31,2.7,1023.4,67,17.9,21.1,.3,.2,.5,.8,4.5,5.8
22101,2024-11-01,4,1020.1,63,18.4,21.1,.4,.2,.4,.5,4.3,6.4
22101,2024-11-02,6.3,,,,,.7,.5,.7,1,,5.3
22101,2024-11-03,5.3,1021.4,77,19.2,20.9,.5,.3,.6,1.1,4.1,5.4
22101,2024-11-04,8.4,1021.6,60,15.7,20.7,1.4,.9,1.3,2.2,5,6.1
22101,2024-11-05,9.7,1023.6,49,11.8,20.4,1.9,1.2,1.8,2.6,5,6
22101,2024-11-06,8.1,,,,,1.7,1.1,1.4,2.2,5.1,6.4
22101,2024-11-07,4.8,,,,,.6,.4,.8,1.3,3.8,5.2
22101,2024-11-08,4,1028.8,40,13.8,19.5,.3,.2,.3,.5,3.1,4.6
22101,2024-11-09,3.9,1026.8,55,15.8,19.4,.2,.2,.3,.4,,5.1
22101,2024-11-10,3.6,1022.7,66,16.6,19.3,.3,.1,.3,.5,3.3,4.4
22101,2024-11-11,4.2,1020.8,66,15.7,19.3,.5,.3,.4,.7,3.9,7.8
22101,2024-11-12,5.6,1020.3,63,15.8,19.3,.8,.5,.7,1.4,4.1,4.4
22101,2024-11-13,2.1,1022.5,63,15.8,19.2,.3,.2,.6,.8,4.4,5.4
22101,2024-11-14,4.2,1019.8,67,17.3,19.1,.3,.2,.4,.6,4.5,5.8
22101,2024-11-15,4.9,1018.6,71,17.2,19,.4,.2,.4,.5,5.3,6.6
22101,2024-11-16,6.3,1016.6,78,17.1,19,.5,.3,.8,1.3,4.4,6.2
22101,2024-11-17,11.7,1025.4,47,9.5,18.8,2.4,1.5,1.9,2.8,5.4,6.4
22101,2024-11-18,9.1,1033.6,45,5.5,18.2,1.7,1.1,1.7,2.8,4.9,5.7
22101,2024-11-19,3.1,1029.9,51,8.1,17.7,.4,.3,.5,.8,5.4,6.6
22101,2024-11-20,4.1,1025,65,11.1,17.5,.6,.4,.9,1.6,4.3,6.9
22101,2024-11-21,7.3,1020.4,59,13.7,17.3,1.4,.9,1.4,2.5,5.5,6.6
22101,2024-11-22,8.6,1024.5,47,8.9,17,1.8,1.2,1.4,2.7,5,6.2
22101,2024-11-23,4.6,1028.3,43,9.5,16.8,.6,.4,.8,1.2,4.4,6.7
22101,2024-11-24,2.8,1029.8,52,10.5,16.7,.3,.2,.4,.6,3.7,6.2
22101,2024-11-25,7.4,1021.2,62,13.3,16.6,.5,.3,.7,.9,3.3,8
22101,2024-11-26,12.7,1012.4,77,8.7,16.4,3.4,2.2,3.1,5.2,8.2,9.8
22101,2024-11-27,12.1,1011.7,90,2.9,15.9,4,2.7,3.3,5.5,9.4,10.2
22101,2024-11-28,,1011.4,79,4.6,15.2,,,3,5.4,,9.8
22101,2024-11-29,5.9,1013.6,63,5.8,14.7,1.9,1.3,1.9,2.8,7.4,8.3
22101,2024-11-30,5.8,1015.4,61,10.3,14.6,1.7,1.1,1.8,2.8,6.8,8.5
22101,2024-12-01,4.9,1014.8,77,12.1,14.4,.8,.5,.9,1.3,5.1,6
22101,2024-12-02,8.1,1016.6,72,10,14.3,1.5,1,1.4,2.4,5.5,6.6
22101,2024-12-03,5.7,1024.4,55,3.6,14.2,1.1,.7,1.3,2,5.2,6.4
22101,2024-12-04,3.7,1022.3,48,5.9,13.9,,,1.1,1.7,,7.5
22101,2024-12-05,6.2,1017.4,53,7.8,13.8,1.6,1,1.7,2.7,6.2,7.8
22101,2024-12-06,6.7,1021.9,52,5.2,13.7,1.6,1.1,1.7,2.6,6.4,8
22101,2024-12-07,7,1024.9,63,3.3,13.4,1.2,.8,1.4,2.1,5.1,6.6
22101,2024-12-08,7,1027.2,54,3.1,13.2,1.5,1,1.5,2.5,6,6.9
22101,2024-12-09,,1025.2,61,5.1,13,,,.7,1.2,,6.4
22101,2024-12-10,,1024.5,53,5.9,12.9,,,.5,1,,5.8
22101,2024-12-11,7.2,,,,,1.2,.8,1.3,1.8,4.5,5
22101,2024-12-12,6,1025.8,51,3.5,12.5,1.1,.8,1.2,1.7,4.8,6
22101,2024-12-13,6.3,1023.2,52,3.7,12.3,1.1,.7,1.5,3.2,4.8,6.1
22101,2024-12-14,8,1025.5,64,2.4,11.9,1.8,1.1,1.3,2.3,5.2,6.2
22101,2024-12-15,6.7,1021.9,59,4.1,11.7,2.2,1.4,1.8,3.1,7.2,8.5
22101,2024-12-16,,,,,,,,1.1,1.7,,7.5
22101,2024-12-17,6,1026.1,54,2.5,11.3,1,.6,1.1,1.9,4.7,6.2
22101,2024-12-18,7.5,,,,,1.4,.9,1.1,1.8,4.7,6
22101,2024-12-19,2.6,1030.2,57,.2,10.8,.8,.5,.9,1.4,5.9,7.8
22101,2024-12-20,3.9,1021.9,60,5.5,10.7,.6,.4,.9,1.5,4.4,5.7
22101,2024-12-21,11.4,,,,,2.7,1.8,2.2,3.7,6.5,8.5
22101,2024-12-22,,1028.5,57,.4,10.2,,,1.9,3,,6.7
22101,2024-12-23,4.6,1027,59,4.8,10,1.1,.7,1,1.8,5.7,7.3
22101,2024-12-24,4,1028.9,57,2.3,9.9,1,.7,1.1,1.8,5.4,6.6
22101,2024-12-25,3.9,1025.5,62,5.6,9.7,.6,.4,1,1.7,4.1,5.6
22101,2024-12-26,9.6,1025.9,61,2.5,9.6,2.3,1.5,1.8,3.1,6,6.9
22101,2024-12-27,5.7,1027.1,60,0,9.4,1.5,.9,1.6,3,5.5,6.7
22101,2024-12-28,6.2,1025.2,59,.1,9.2,1.8,1.2,1.5,2.5,6.9,8
22101,2024-12-29,4.2,1025,65,4.3,9.2,1.2,.8,1.1,1.6,6.4,8
22101,2024-12-30,6.9,1018.8,64,7.8,9,1.7,1.1,1.3,2.2,6.6,8.3
22101,2024-12-31,7.6,1022.4,50,2.9,8.8,1.6,1,1.6,3,5.5,7.8
22101,2025-01-01,5.1,1022.7,57,6.2,8.7,.9,.6,.7,1.1,4.9,6.1
22101,2025-01-02,5.1,1026.1,44,2.7,8.6,.6,.4,.8,1.1,4.3,6.1
22101,2025-01-03,6,1026.9,52,1.3,8.5,1.1,.7,1.3,2.5,5.1,6.4
22101,2025-01-04,,,,,,,,1.2,1.9,,6.9
22101,2025-01-05,5.2,1019.1,75,6.8,8.3,1.3,.8,1.2,1.7,5.6,7.1
22101,2025-01-06,9.7,1018,67,2.5,8.2,2.1,1.3,2.2,3.6,6,7.1
22101,2025-01-07,6.6,1019.6,60,.3,8.1,1.7,1.1,1.6,3.1,6.6,8
22101,2025-01-08,7.2,1021.7,64,-.9,8,1.7,1.1,1.8,3.1,6.6,8
22101,2025-01-09,11.6,1028.1,62,-6.6,7.7,2.8,1.8,2.3,3.8,5.8,6.7
22101,2025-01-10,6.2,1032.7,62,-4.2,7.4,1.4,1,1.4,2.1,5.6,7.8
22101,2025-01-11,3.6,1029.3,55,-1.9,7.1,1,.6,.9,1.5,6,7.3
22101,2025-01-12,,,,,,,,.5,.9,,5.8
22101,2025-01-13,4.1,1025,65,4.4,6.8,.9,.6,1,1.7,5.3,6.6
22101,2025-01-14,5.8,1025.7,70,3.1,6.8,1.3,.8,1.1,2,5.8,7.1
22101,2025-01-15,8.2,1029.8,55,-1.4,6.6,1.8,1.1,1.5,2.7,5,5.7
22101,2025-01-16,6.4,1025.4,60,2.7,6.5,1.4,.9,1.1,1.9,5.6,6.9
22101,2025-01-17,4.3,1027.9,45,2,6.4,.8,.5,1.1,1.8,5.7,6.7
22101,2025-01-18,2.8,1024.5,61,3.7,6.4,.2,.2,.2,.4,4.8,5.7
22101,2025-01-19,5.6,1017.3,80,5.3,6.4,.7,.4,.6,.9,4.6,6
22101,2025-01-20,3,1017.1,86,3.6,6.5,.6,.4,.4,.8,4.8,5.7
22101,2025-01-21,2.7,1022.5,73,4.7,6.4,.4,.3,.4,.7,4.5,6.9
22101,2025-01-22,3.9,1025,75,3.6,6.4,.6,.4,.5,.9,4.5,5.3
22101,2025-01-23,3.3,1026.1,50,3.1,6.5,.4,.3,.5,.8,4,7.3
22101,2025-01-24,4.9,1027.3,57,3.5,6.4,.4,.2,.4,.6,3.2,5.6
22101,2025-01-25,4.8,1029,66,4.8,6.4,.4,.3,.5,.8,3.4,5.4
22101,2025-01-26,6.1,1024.9,61,4.8,6.4,.4,.3,.5,.7,3.3,4.9
22101,2025-01-27,10.8,,,,,2.8,1.9,3.1,4.4,7,10.2
22101,2025-01-28,12.4,1016.7,81,-1.1,6.2,3.7,2.5,3.1,5,8,9.8
22101,2025-01-29,8.4,1025.4,63,-1.9,5.8,2.2,1.4,2.2,3.6,6.4,7.8
22101,2025-01-30,3.9,1028.8,55,-1.9,5.5,.6,.4,.8,1.4,4.9,6
22101,2025-01-31,6.2,1026.5,77,.6,5.4,.4,.3,.4,.6,4.5,7.1
22101,2025-02-01,5.6,1022.5,65,2,5.3,.5,.3,.4,.6,4.4,6.9
22101,2025-02-02,5.9,1020,70,1.9,5.4,.7,.4,.9,1.3,4.1,5.3
22101,2025-02-03,10.9,1022.2,54,-3.1,5.2,2.2,1.4,1.8,3,5.8,7.8
22101,2025-02-04,10,1020.9,65,-6.1,5.1,2.4,1.4,1.8,3.3,5.4,6.9
22101,2025-02-05,7.6,1020.1,56,-5.7,4.8,1.5,.9,1.3,2.6,4.7,6.6
22101,2025-02-06,5.1,,,,,1.4,1,1.6,2.4,6.6,8
22101,2025-02-07,11.8,1023.1,72,-5.9,4.5,2.9,1.9,2.6,4.4,6.3,7.5
22101,2025-02-08,8.6,1029.7,60,-4.9,4.3,2.2,1.4,1.9,3.2,6.4,8.5
22101,2025-02-09,6.2,1028.3,60,-2.1,4.1,1.2,.8,1.1,1.6,5.4,6.7
22101,2025-02-10,2.6,,,,,.9,.6,.8,1.4,5.5,6.2
22101,2025-02-11,4.1,1028.1,67,2,3.9,.4,.3,.5,.8,4.6,5.4
22101,2025-02-12,,,,,,,,2,3.4,,7.8
22101,2025-02-13,,,,,,,,1.8,2.7,,7.1
22101,2025-02-14,2.7,1022.2,86,3.7,3.9,1.3,.8,1.2,1.9,6.2,7.8
22101,2025-02-15,3.9,1018.1,87,3.5,4,.5,.4,.4,.7,4.7,5.7
22101,2025-02-16,6,1017.3,79,3.5,4.1,.9,.5,1.7,2.8,4.6,6.1
22101,2025-02-17,,,,,,,,1.8,2.5,,5.7
22101,2025-02-18,9.3,1028,46,-.6,4.1,,,1.8,3,,6.2
22101,2025-02-19,,1030.1,48,-1.3,4,,,1.3,2.3,,6
22101,2025-02-20,7.8,1031.4,47,-1.4,4,1.6,1,1.3,2.4,5,6.1
22101,2025-02-21,6.7,1032.1,50,-1.1,4,1.3,.9,1.2,1.8,4.8,6.6
22101,2025-02-22,7,1033.6,51,-1.5,3.9,1.4,.9,1.2,2.3,5.4,6.9
22101,2025-02-23,9,1032.5,50,-1.8,3.8,1.9,1.2,1.8,3.2,5.4,6.7
22101,2025-02-24,5.9,1032.6,55,.4,3.8,1.5,.9,1.3,2.1,5.6,7.1
22101,2025-02-25,4.9,1026.3,76,3.4,3.8,1.2,.7,1.2,2.4,5.7,6.7
22101,2025-02-26,3.6,1025.2,65,2.5,3.7,1.2,.8,1.3,2.1,6.4,7.3
22101,2025-02-27,3,1022.2,71,3.5,3.8,.6,.4,.4,.8,4.8,5.8
22101,2025-02-28,2.2,,,,,.5,.3,.5,.9,5.1,6.6
22101,2025-03-01,3.1,1018,87,4.3,4,.3,.2,.3,.4,5.3,8
22101,2025-03-02,6.5,1015.1,76,6.2,4.1,.4,.3,.9,1.5,5.4,8
22101,2025-03-03,9.2,1022.4,64,3.4,4.2,.9,.6,1.1,1.8,4.3,6.4
22101,2025-03-04,,1021,72,2.3,4.2,,,.8,1.3,,5.7
22101,2025-03-05,6.2,1023.1,75,3.2,4.3,.5,.4,.6,1,4,6.6
22101,2025-03-06,5.4,1027.2,71,3.6,4.3,1.1,.7,1.2,1.9,5.2,6.4
22101,2025-03-07,2.2,1028.2,77,3.3,4.3,.7,.5,.7,1.4,5.2,6.1
22101,2025-03-08,2.1,1026.9,85,3.7,4.5,.3,.2,.3,.4,4.4,6.7
22101,2025-03-09,1.4,1030.5,90,3.9,4.6,.4,.2,.4,.6,4.3,5
22101,2025-03-10,1.5,1026.2,87,4.1,4.6,.2,.1,.2,.2,4.1,6.4
22101,2025-03-11,1.6,1021.4,84,5,4.8,.2,.1,.2,.3,4.4,8
22101,2025-03-12,2.8,1017.6,90,4.5,4.8,,.2,.3,.4,4.6,7.5
22101,2025-03-13,2.5,1023.6,85,3.9,4.9,.4,.2,.4,.6,4.2,5.6
22101,2025-03-14,4,1025.5,71,5.6,5,.2,.1,.2,.5,3.7,8
22101,2025-03-15,3.3,1021.7,68,6.8,5.2,.3,.2,.3,.5,4.2,6.2
22101,2025-03-16,10.3,1016.1,59,3.4,5.3,2.2,1.4,2.5,3.7,5.8,7.8
22101,2025-03-17,6.8,1017.1,59,2.6,5.3,1.6,1,1.8,2.8,5.9,7.5
22101,2025-03-18,11,1016.9,66,2,5.3,2.7,1.7,2.9,5,6.1,7.8
22101,2025-03-19,,,,,,,,1.3,1.9,,7.5
22101,2025-03-20,6.3,1018,86,5.7,5.4,.9,.6,.8,1.4,5.6,7.1
22101,2025-03-21,4.8,1012.7,87,6.1,5.5,1,.6,.9,1.5,5.9,6.9
22101,2025-03-22,5.4,1010.2,80,7,5.7,.7,.5,.6,.9,4.8,6
22101,2025-03-23,5.5,1009.7,83,7,5.8,.7,.5,.6,.9,4.8,5.4
22101,2025-03-24,5.8,1003.3,87,7,6,.7,.5,.7,1,4.7,6
22101,2025-03-25,5.7,1001.4,85,6.4,6,1,.6,1.1,1.7,5.5,6.1
22101,2025-03-26,4.3,1003.6,74,8.3,6.1,1.1,.7,1.4,2,5.7,7.3
22101,2025-03-27,5.8,1003.2,83,7,6.2,1.2,.8,1.3,2.6,5.8,7.8
22101,2025-03-28,9.5,1017.3,51,5,6.4,2.3,1.4,1.7,3.7,5.7,6.7
22101,2025-03-29,,,,,,,,1.8,3,,6.7
22101,2025-03-30,3.5,1028.8,67,3.9,6.5,.8,.5,1,1.5,5.7,7.3
22101,2025-03-31,3.2,1025.9,86,5.9,6.6,.7,.4,.5,1.1,5.7,7.3
22101,2025-04-01,3.4,1023,88,5.7,6.8,.6,.4,.6,.8,5.5,6.9
22101,2025-04-02,3.2,1019.7,86,5.9,6.8,.6,.4,.5,.8,5.4,6.7
22101,2025-04-03,2.4,1021.3,88,6.3,6.9,.6,.4,.7,1.1,5.3,7.1
22101,2025-04-04,2.3,1020.2,91,5.2,7,.2,.1,.2,.3,4.3,6.1
22101,2025-04-05,4.2,1012.6,92,6.5,7.1,.8,.5,1.1,2.1,4.8,5.8
22101,2025-04-06,4.4,1015.8,87,6.5,7.2,.9,.6,.9,1.4,5.3,6
22101,2025-04-07,7.3,1015.9,78,8.2,7.2,.8,.6,1,1.7,4.4,5.4
22101,2025-04-08,3.1,,,,,1,.7,.9,1.6,6.3,7.1
22101,2025-04-09,2.4,1011.6,85,7.1,7.5,.4,.3,.4,.6,5.2,6.7
22101,2025-04-10,1.6,1008.3,85,7.5,7.6,.3,.2,.4,.6,4.7,7.3
22101,2025-04-11,2,1011.3,88,7.1,7.9,.3,.2,.3,.5,3.7,5.1
22101,2025-04-12,7.2,,,,,.8,.5,1.5,2.4,4.5,6.9
22101,2025-04-13,9.5,1000.5,69,6.4,7.9,2.5,1.6,2.5,3.8,7.2,9.1
22101,2025-04-14,7,998.6,79,6.3,7.9,1.9,1.2,1.5,2.7,7.5,9.1
22101,2025-04-15,5.1,1007.5,86,7.3,8,1.2,.8,1.6,2.1,6.3,8.3
22101,2025-04-16,7.1,1006.5,81,9.5,8.1,.6,.4,.9,1.4,4,5.6
22101,2025-04-17,9.2,1004.6,89,11.1,8.3,1.5,1,1.2,2.1,6.1,7.3
22101,2025-04-18,3.5,1010,95,8.6,8.5,.7,.5,.9,1.4,5.3,6.6
22101,2025-04-19,4.4,1009,96,8.8,8.6,.6,.4,.8,1.3,4.5,5.8
22101,2025-04-20,2.2,1013.6,88,9.2,8.7,.4,.3,.4,.6,4.5,6
22101,2025-04-21,2.2,1013.9,92,11.9,9,.2,.2,.2,.3,4.6,7.3
22101,2025-04-22,3.2,1006.4,94,10.6,9.1,.3,.2,.4,.7,5.5,7.1
22101,2025-04-23,2.7,1007.6,84,10.4,9.2,.5,.3,.5,.6,4.5,4.9
22101,2025-04-24,5.4,1010.1,78,9.5,9.2,.7,.5,1.2,1.9,4.4,6.4
22101,2025-04-25,4.1,1016.8,81,9.1,9.3,.7,.4,.7,1.1,4.3,5.3
22101,2025-04-26,5.6,1018.1,79,10,9.6,.6,.4,.6,1.1,4.2,5.7
22101,2025-04-27,7.7,1014.9,70,11,9.7,1.1,.8,1,1.5,5.6,6.6
22101,2025-04-28,4.9,1011.3,79,9.8,9.8,.9,.6,1.1,1.6,4.9,5.8
22101,2025-04-29,3.7,1013.5,79,9.8,10,.5,.3,.8,1.3,4.3,5.6
22101,2025-04-30,7.6,1012.7,65,11.7,10.1,1.2,.8,1.1,2,5.6,7.3
22101,2025-05-01,7,1007.6,85,10.9,10.2,1.5,1,1.3,2.1,7.1,8.5
22101,2025-05-02,4.6,1011.4,78,10.1,10.2,.9,.6,.9,1.5,5.1,6.9
22101,2025-05-03,4.1,1009.9,88,9.3,10.3,.4,.3,.5,.9,4.1,6.1
22101,2025-05-04,5,1012.8,78,10.6,10.5,.9,.6,.8,1.3,4.9,6.1
22101,2025-05-05,3.4,1012.2,81,10.8,10.6,.4,.3,.4,.6,4.2,5.1
22101,2025-05-06,4.3,1008.5,78,10.8,10.6,.4,.2,.6,1,4,7.3
22101,2025-05-07,2.3,1014.9,89,10.3,10.8,.4,.3,.5,.8,3.7,6.7
22101,2025-05-08,2,1017.3,85,11,10.9,.2,.1,.2,.3,5,8
22101,2025-05-09,5.8,1004,84,12.3,11,.5,.3,.7,1.1,3.6,5
22101,2025-05-10,7.6,,,,,1.6,1.1,1.5,2.5,6.2,9.5
22101,2025-05-11,2.8,,,,,1.1,.7,1.3,2.1,6.1,7.1
22101,2025-05-12,5.8,1009.9,87,11.9,11.4,.5,.4,.5,.8,4.4,5.1
22101,2025-05-13,6.8,1013.6,80,13.4,11.6,.9,.6,.8,1.3,5.1,6.6
22101,2025-05-14,5,1015.4,77,14.2,11.7,1,.7,.9,1.4,6.1,7.1
22101,2025-05-15,,,,,,,,.7,1.1,,7.1
22101,2025-05-16,3.4,1011.7,95,13.9,11.9,.3,.2,.3,.5,5,6
22101,2025-05-17,4.6,1006.6,93,12.4,11.9,.5,.3,.8,1.2,4.4,5.8
22101,2025-05-18,2.8,1012.1,82,11.8,12.1,1,.6,1,1.6,5.4,7.3
22101,2025-05-19,5.9,1006,86,12.2,12.2,.6,.4,.9,1.3,4.3,6.1
22101,2025-05-20,6.1,1007.2,96,14.3,12.3,1.2,.8,1,1.6,6.4,7.8
22101,2025-05-21,2.3,1007.8,95,14.8,12.7,.5,.4,.5,.9,5.2,6.1
22101,2025-05-22,2,1007.8,89,14.3,12.9,.4,.2,.3,.5,4.9,6.2
22101,2025-05-23,3.9,1011,78,14.5,12.8,.4,,.5,.8,5.1,6.9
22101,2025-05-24,4.7,1010.2,83,13.6,12.9,.4,.3,.4,.6,3.3,4.4
22101,2025-05-25,2.2,1015.2,88,13,13.1,.2,.2,.2,.3,4.1,6.4
22101,2025-05-26,2,1017.5,88,13.8,13.5,.2,.2,.2,.4,3.8,4.7
22101,2025-05-27,2.3,,,,,.2,.1,.2,.3,4,5
22101,2025-05-28,1.9,1018.4,92,13.4,13.6,.2,.2,.3,.5,4.2,6
22101,2025-05-29,1.8,1015.9,85,14.2,13.8,.2,.1,.2,.3,4.2,6.2
22101,2025-05-30,1.5,,,,,.2,.1,.2,.4,4.8,7.8
22101,2025-05-31,1.7,1012,93,13.3,13.9,.2,.1,.1,.2,4.5,8
22101,2025-06-01,1.4,1010.5,93,13.8,14.1,.2,.1,.1,.2,4.5,7.8
22101,2025-06-02,1.6,1004.1,83,14.9,14.3,.2,.1,.2,.3,4.7,8
22101,2025-06-03,4.4,,,,,.6,.4,.8,1.2,4.8,7.1
22101,2025-06-04,5.2,1006.1,84,15.1,14.7,1,.6,.9,1.6,4.8,5.7
22101,2025-06-05,,1010.5,79,15.6,14.9,,,.5,.6,,5.4
22101,2025-06-06,6.1,1007.9,75,16.7,14.9,.9,.6,.7,1.1,4.9,6.1
22101,2025-06-07,4.4,1008.3,86,16.5,15.1,.9,.6,.8,1.3,5.6,6.4
22101,2025-06-08,1.4,1008.4,94,16.4,15.2,.4,.3,.4,.6,4.8,5.3
22101,2025-06-09,2,1007.8,95,15.9,15.4,.2,.1,.2,.3,5.2,7.1
22101,2025-06-10,3.8,,,,,.5,.3,.7,1.2,4.8,6.4
22101,2025-06-11,2,1012.9,87,16.5,15.7,.6,.4,.7,1,4.3,5.4
22101,2025-06-12,1.3,1014.9,87,16.7,15.8,.3,.2,.3,.4,4,6.2
22101,2025-06-13,2.7,1012.5,88,16.9,16,.2,.1,.3,.6,3.7,5
22101,2025-06-14,2.7,,,,,.3,.2,.4,.6,4.4,6.2
22101,2025-06-15,4.9,999.1,94,17.3,16.3,.6,.4,.8,1.3,5.4,9.8
22101,2025-06-16,,998.6,96,17.2,16.5,,,.7,1,,8.8
22101,2025-06-17,,1004.8,95,17,16.7,,,.6,1,,6.4
22101,2025-06-18,2,1011.6,91,17.1,16.9,.4,.3,.4,.6,5.1,6.2
22101,2025-06-19,,,,,,,,.4,.6,,6.6
22101,2025-06-20,9.6,1003.9,94,19.6,17.1,1.6,1,1.7,2.8,6,8.3
22101,2025-06-21,1.9,1004.8,94,17,17.3,.9,.6,.9,1.3,7.1,9.1
22101,2025-06-22,3.5,1007.2,95,17.1,17.4,.4,.3,.4,.6,5,7.1
22101,2025-06-23,1.7,1008.3,95,16.9,17.5,.3,.2,.3,.4,5.2,7.8
22101,2025-06-24,3.4,1007.6,85,20.1,17.6,.2,.1,.2,.3,5.1,6.4
22101,2025-06-25,3.3,1006.7,94,18.1,17.6,.3,.2,.3,.4,3.7,8
22101,2025-06-26,2,1009.6,94,18,17.8,.2,.1,.2,.3,4.8,6.9
22101,2025-06-27,1.6,1008.9,91,18.9,18.1,.2,.1,.2,.4,4.4,5.6
22101,2025-06-28,2.4,1007.5,96,19.1,18.1,.3,.2,.3,.4,4.4,5.7
22101,2025-06-29,3.9,1008.5,95,19.9,18.3,.3,.2,.4,.6,4,5.2
22101,2025-06-30,4.4,,,,,.6,.4,.5,.8,5.1,5.8
22101,2025-07-01,4.1,1012.4,96,19.8,18.6,.7,.5,.5,.9,5.4,6.1
22101,2025-07-02,4.3,1012.5,96,19.8,18.8,.7,.5,.6,.9,5.3,6.1
22101,2025-07-03,,,,,,,,.6,1.1,,6.2
22101,2025-07-04,,1006.7,95,20.7,19.1,,,1,1.7,,6.9
22101,2025-07-05,4.2,,,,,.9,.6,.7,1.5,5.9,6.6
22101,2025-07-06,3.8,,,,,.7,.5,.7,1,5.3,6.2
22101,2025-07-07,2.8,1006.5,95,21.8,19.9,.5,.3,.4,.6,5,6
22101,2025-07-08,2.3,1008.1,93,21.9,20,.2,.2,.2,.4,5.4,8
22101,2025-07-09,2.6,1009.2,83,23.7,20.3,.5,.3,.5,.7,4.4,8
22101,2025-07-10,4.1,1010.6,69,24.6,20.4,.4,.3,.3,.5,5.4,8
22101,2025-07-11,3.9,1011.9,66,24.2,20.5,.3,.2,.2,.4,5,7.5
22101,2025-07-12,2.9,1009.6,71,23.3,20.9,.2,.2,.2,.3,6.8,8
22101,2025-07-13,1.8,1002.7,90,21,21,.3,.2,.3,.3,6.7,8
22101,2025-07-14,2.4,995.9,91,21.3,21.1,.4,.3,.5,.8,4.8,7.1
22101,2025-07-15,3.7,996.6,91,21,21.2,.5,.3,.4,.6,5.5,7.1
22101,2025-07-16,5.5,1000.2,90,21.9,21.4,.7,.5,.8,1.3,5,7.8
22101,2025-07-17,4.6,1002.7,93,21.8,21.4,.8,.5,.8,1.1,7.3,8.3
22101,2025-07-18,4.4,1006.1,94,21.8,21.4,.6,.4,.6,1,5.3,7.5
22101,2025-07-19,4.8,1007.9,94,21.7,21.6,.5,.3,.4,.6,6,7.1
22101,2025-07-20,4.7,1011.8,92,23,21.8,.7,.5,.6,.9,4.8,5.7
22101,2025-07-21,3.3,1013.6,92,23.3,22.1,.8,.5,.6,1,6.5,10.7
22101,2025-07-22,2.7,1014.7,95,22.8,22.3,.6,.5,.5,.7,5.9,9.1
22101,2025-07-23,1.5,,,,,.5,.4,.5,.7,6,9.5
22101,2025-07-24,1.1,,,,,.4,.3,.3,.5,5.5,7.3
22101,2025-07-25,1.8,1009.1,91,23.7,22.8,.2,.2,.2,.3,6,8
22101,2025-07-26,1.2,1007.7,90,24.5,23,.3,.2,.3,.4,5.5,7.8
22101,2025-07-27,1.5,1005.7,87,25,23.1,.3,.2,.3,.4,6.1,8
22101,2025-07-28,1.2,1003.7,88,24.2,23.3,.4,.3,.4,.5,5.4,8
22101,2025-07-29,.9,1001.1,93,24.1,23.7,.4,.3,.3,.4,5.3,7.8
22101,2025-07-30,1.5,1001.3,90,24.5,23.6,.3,.2,.3,.4,5.9,7.8
22101,2025-07-31,2,1003.2,89,24.7,23.8,.5,.3,.5,.8,5,9.5
22101,2025-08-01,1.4,1003.1,93,24.6,23.9,.5,.3,.4,.6,5.7,9.5
22101,2025-08-02,,,,,,,,.3,.5,,5.9
22101,2025-08-03,3.5,1001,83,25,24.1,.4,.3,.6,.8,3.8,4.1
22101,2025-08-04,3.4,1000.8,90,24.5,24.5,.6,.4,.5,.9,5.9,8.3
22101,2025-08-05,2.3,1004.9,92,24.5,24.7,.5,.3,.4,.7,4.3,6.7
22101,2025-08-06,4.9,1002.1,91,25.4,24.6,.7,.5,.7,1.1,5.2,7.5
22101,2025-08-07,,1003.5,86,24.9,24.9,,,.7,1.2,,9.1
22101,2025-08-08,2,1005,90,24.4,25,.5,.4,.7,1,4.8,8
22101,2025-08-09,2.1,1003.8,90,24.1,24.7,.3,.2,.3,.4,5.7,7.5
22101,2025-08-10,3,1002.8,87,24.3,24.7,.3,.2,.4,.7,4.8,6.6
22101,2025-08-11,2.2,1005.2,89,24.1,24.8,.4,.3,.4,.6,5.7,8
22101,2025-08-12,1.9,1010.2,85,24.7,24.9,.3,.2,.3,.4,7.1,8
22101,2025-08-13,6,,,,,1.1,.7,1.4,2.3,6.7,8.8
22101,2025-08-14,4.1,1014.8,92,24.3,24.7,1.1,.7,1.1,1.7,6.7,8.3
22101,2025-08-15,,1015.8,93,25,24.8,,,.5,.9,,6.6
22101,2025-08-16,3,1013.7,94,24.9,25.2,.6,.4,.6,.9,4.8,6
22101,2025-08-17,3.2,1014.6,93,25,25.2,.9,.6,.7,1.1,5.7,6.4
22101,2025-08-18,4,1013.9,93,25.5,25.3,1,.6,.8,1.3,5.5,6.4
22101,2025-08-19,3.6,1011.6,91,25.9,25.5,.9,.6,.7,1.1,5.6,6.4
22101,2025-08-20,3.3,1009.9,91,25.8,25.5,.9,.6,.8,1.2,5.6,6.9
22101,2025-08-21,2.1,1010.7,93,25.9,25.7,.7,.5,.6,1,5.5,6.4
22101,2025-08-22,2.6,1009.7,94,25.6,25.8,.5,.4,.5,.8,4.8,5.7
22101,2025-08-23,,1010.9,94,25.8,25.9,,,.5,.9,,6.2
22101,2025-08-24,2.7,1011.7,92,26.1,26,.4,.3,.4,.6,5,6.4
22101,2025-08-25,5.8,1009.1,89,26.5,26.1,.7,.5,.8,1.3,5.5,6.7
22101,2025-08-26,4.1,1009,87,25.9,26.4,.9,.6,.8,1.7,5.6,7.5
22101,2025-08-27,1.7,1012,79,25.6,26.3,.6,.4,.8,1.3,5.3,6.6
22101,2025-08-28,4.2,,,,,.3,.2,.5,.8,4.5,5.8
22101,2025-08-29,5.5,,,,,1.2,.8,1,1.7,6.2,7.3
22101,2025-08-30,2.9,1014,90,26.8,26.8,.6,.4,.6,1,5.5,6.7
22101,2025-08-31,5.5,1008.8,88,26.7,26.8,.7,.5,.7,1.1,5.1,6.1
22101,2025-09-01,4.7,1005.8,83,26.2,26.9,1.2,.7,1,1.8,5.9,6.9
22101,2025-09-02,2.4,1009.8,72,25.4,27.3,.6,.4,.7,1.2,4.6,7.3
22101,2025-09-03,1.8,1011.4,78,26.4,27.1,.3,.2,.3,.4,4.9,7.5
22101,2025-09-04,4.3,1010.1,83,25.9,27,.4,.2,.4,.6,3.9,5.8
22101,2025-09-05,3.5,1010.1,83,26.5,27.1,.3,.2,.2,.4,4.7,6.4
22101,2025-09-06,5,1007.7,88,27,27,.8,.5,.9,1.4,5,6.6
22101,2025-09-07,4.3,1009,68,25.6,26.9,.8,.5,.8,1.2,5.5,7.1
22101,2025-09-08,2.2,1011.3,61,25.7,27,.3,.2,.4,.7,5.2,6.4
22101,2025-09-09,1.3,1013,66,25.4,26.9,.2,.1,.2,.3,5,8
22101,2025-09-10,4.1,1013.6,66,25.6,26.8,.2,.1,.3,.4,3.9,6.6
22101,2025-09-11,4,1015.6,64,26.2,26.9,.3,.2,.3,.4,4.3,7.8
22101,2025-09-12,7,1012.7,70,24.3,26.7,.4,.2,.4,.8,3.7,6
22101,2025-09-13,6.1,1006.9,77,24.2,26.6,.8,.5,.8,1.3,5.2,6.9
22101,2025-09-14,1.6,1011.9,71,25.6,26.6,.4,.2,.3,.5,5.9,6.9
22101,2025-09-15,1.9,1015.4,79,25.3,26.6,.2,.2,.2,.3,4.8,6.2
22101,2025-09-16,4.6,1012.1,85,25,26.6,.4,.2,.5,.8,4,5.1
22101,2025-09-17,5.9,1010.7,83,23.3,26.4,1.1,.7,1.3,2,4.3,5.2
22101,2025-09-18,,1015.3,70,23.3,26.4,,,.9,1.4,,6.9
22101,2025-09-19,6.6,1015.1,81,21.1,26.2,.5,.3,.6,1,3.7,5.2
22101,2025-09-20,4.8,1010.7,76,21.4,26.1,.7,.5,.8,1.2,5.8,8
22101,2025-09-21,6.2,1017.3,65,22.7,26,.7,.5,.9,1.4,4.8,6.9
22101,2025-09-22,6.7,1020.1,62,23.2,25.8,.4,.3,.4,.7,3.6,5
22101,2025-09-23,6.3,1018.2,57,23.5,25.5,.4,.2,.3,.5,3.2,3.8
22101,2025-09-24,7.3,,,,,.8,.6,1,1.2,5.7,12.8
22101,2025-09-25,3.2,1018.3,76,22.8,25.3,.7,.4,.6,1,6.1,11.1
22101,2025-09-26,3.5,1019.6,75,22.7,25.2,.4,.3,.4,.6,3.8,6.2
22101,2025-09-27,3.1,1016.8,76,22.8,25.2,.3,.2,.3,.5,4.7,7.5
22101,2025-09-28,4.8,1011.7,79,21,25.1,.5,.4,.6,1,4.2,8
22101,2025-09-29,3.4,1013.5,66,21.4,25.1,.7,.4,.6,1,4.2,4.8
22101,2025-09-30,1.6,1013.6,64,21.9,25,.3,.2,.3,.6,4.5,6.9
22101,2025-10-01,3.5,1014.3,70,22.2,25,.4,.3,.7,1,3.9,6.7
22101,2025-10-02,1.8,1017.8,70,22.6,25,.3,,.3,.6,4.5,5.1
22101,2025-10-03,7.8,1015.6,73,21.7,24.8,.6,.4,.6,1.1,4.1,5.4
22101,2025-10-04,3.6,1014,79,22,24.7,.5,.3,.5,.8,6.9,8.5
22101,2025-10-05,2.3,,,,,.3,.2,.3,.4,5,7.3
22101,2025-10-06,8.1,1014.3,88,20.5,24.5,.6,.4,.9,1.4,4,5.4
22101,2025-10-07,7.8,1015,88,19.9,24.1,.9,.6,1.1,1.5,4.3,6.6
22101,2025-10-08,6.4,1017.3,73,21.5,24,.6,.4,.7,1.2,4,5.6
22101,2025-10-09,6.1,1018.2,79,21.4,23.7,.4,.3,.5,.8,4.3,7.5
22101,2025-10-10,7.7,1016.2,88,20.6,23.7,1,.6,1.2,2,5.3,6.7
22101,2025-10-11,7.4,1012.2,88,22.5,23.5,1.1,.8,1.1,1.6,5.6,6.6
22101,2025-10-12,,1013.6,80,19.6,23.5,,,.7,1.1,,5.1
22101,2025-10-13,5.6,1014.2,87,18.7,23.4,.5,.4,.7,1,4.2,5.8
22101,2025-10-14,6.6,,,,,.5,.3,.5,.8,3.4,4
22101,2025-10-15,5.6,1018.2,78,20.7,23.2,.4,.3,.5,.8,3.3,5.3
22101,2025-10-16,6.4,1018.5,76,20.6,23.1,.7,.5,.8,1.1,3.6,4.3
22101,2025-10-17,6.7,1020.3,77,20.4,23,.6,.4,.7,1.1,3.7,6.6
22101,2025-10-18,9,1020.7,75,16.5,22.8,1.7,1.1,1.9,3.4,4.8,5.7
22101,2025-10-19,7.2,,,,,1.4,.9,1.5,2.4,5.1,6.7
22101,2025-10-20,,,,,,,,1.8,3,,6.2
22101,2025-10-21,7.9,1030.2,49,11.7,21.6,1.4,.9,1.3,2.1,4.7,5.8
22101,2025-10-22,6.2,1028.8,65,14.7,21.3,.8,.5,.9,1.4,4.3,6.1
22101,2025-10-23,5.9,1027.7,70,16.2,21.1,.8,.5,.7,1.3,4.3,5.6
22101,2025-10-24,,,,,,,,.8,1.3,,6
22101,2025-10-25,6.4,1022.7,59,15.7,20.8,1,.6,.8,1.3,4.3,5.2
22101,2025-10-26,5.8,1018.9,64,15.2,20.7,.9,.6,1.3,1.9,4.3,6
22101,2025-10-27,8.6,1023.1,46,10.8,20.3,1.9,1.2,2.1,3.3,5.6,7.5
22101,2025-10-28,3,1027.6,45,12.2,20.1,.8,.5,1.1,1.8,5.4,6.7
22101,2025-10-29,3.6,1028.4,55,15.3,19.9,.8,.5,.7,1.3,4.5,6.4
22101,2025-10-30,2.9,1025.2,63,16.2,19.8,.8,.5,.7,1.2,5.4,6.6
22101,2025-10-31,3,1017.3,71,15.9,19.8,.4,.3,.3,.5,4.5,5.4
22101,2025-11-01,8.3,1013.6,56,15.5,19.7,1.5,1,1.6,2.5,5.1,7.1
22101,2025-11-02,9.9,1020.9,51,10.7,19.4,2.4,1.5,2.1,3.5,6.1,8.3
22101,2025-11-03,2.9,1028.9,55,8.6,18.9,.8,.5,1.4,2.4,5.4,6.7
22101,2025-11-04,2,1026.9,62,12.3,18.8,.3,.2,.3,.5,5,7.5
22101,2025-11-05,4,1024.6,60,14.5,18.6,.2,.2,.2,.4,4.6,7.1
22101,2025-11-06,5.1,1024.7,67,15.3,18.5,.3,.2,.3,.5,3.2,5.1
22101,2025-11-07,3.6,1024.4,69,15.7,18.3,.3,.2,.3,.6,4.1,7.3
22101,2025-11-08,4.8,1022,66,16.3,18.3,.4,.2,.4,.6,4.2,7.5
22101,2025-11-09,7.2,1017.8,66,14.9,18.1,1,.6,1.5,2.3,4.5,6.7
22101,2025-11-10,7.7,1021.4,40,10.5,17.9,1.6,1.1,1.6,2.7,5.7,6.7
22101,2025-11-11,3,1023.3,58,12.5,17.6,.6,.4,.9,1.5,4.5,5.8
22101,2025-11-12,2.2,1023.1,64,13.5,17.5,.3,.2,.3,.4,4.5,6
22101,2025-11-13,6.1,1019.9,64,13.8,17.4,.8,.6,1.1,1.6,4.2,5.7
22101,2025-11-14,5.3,1022,45,12.7,17.3,.9,.6,1,1.6,4.6,6.1
22101,2025-11-15,2.3,1026.7,43,13.1,17.3,.3,.2,.6,.8,4.3,6.6
22101,2025-11-16,6.5,1025.4,65,14.4,17.2,.8,.5,1.5,2.5,4.7,6.1
22101,2025-11-17,9.7,1030.1,53,5.7,16.9,2.3,1.4,2,3.6,5.6,6.9
22101,2025-11-18,5.8,1027.6,57,4.6,16.6,1.4,.9,1.7,2.3,5.8,7.1
22101,2025-11-19,3.1,1026.2,53,6.8,16.3,1,.7,1.2,2,6.3,7.3
22101,2025-11-20,7.5,1024,60,11.1,16.1,1.5,.9,1.4,2.5,5.2,6.7
22101,2025-11-21,6.2,1025.5,52,10.6,15.8,1.1,.7,1.1,1.8,5.4,7.3
22101,2025-11-22,5.2,1024.9,56,13,15.6,.9,.6,1,1.7,5.6,7.8
22101,2025-11-23,7.1,1020.7,69,14.1,15.5,1,.6,.9,1.3,5.1,6.6
22101,2025-11-24,5.3,1016.4,76,13.6,15.4,1,.6,.8,1.3,6.2,7.3
22101,2025-11-25,8.9,1016.7,67,9.4,15.3,2.2,1.4,2.4,4,6.1,7.5
22101,2025-11-26,3.5,1024.1,53,9.2,15.2,.9,.7,1.2,1.8,6.2,8.5
22101,2025-11-27,11,1015.3,66,9.2,15,2.5,1.7,2.9,4.3,6.4,8.5
22101,2025-11-28,5,1021.6,43,5.8,14.7,1.5,1,1.9,3,6.5,7.5
22101,2025-11-29,7.9,1015.6,73,11.2,14.5,1.4,.9,1.6,2.5,6.1,8
22101,2025-11-30,5.5,1014.8,84,12.9,14.5,1.2,.8,1.2,1.8,7,8.3
22101,2025-12-01,7.1,1021.4,53,7.1,14.3,1.5,1,1.4,2.3,5.3,7.3
22101,2025-12-02,8.3,1025.2,55,2,14,1.5,.9,1.3,1.8,4.6,6.2
22101,2025-12-03,7.7,1027.2,63,-2.9,13.6,1.6,1,1.7,2.9,5.6,8.5
22101,2025-12-04,7.1,1026.2,62,.7,13.3,1.6,1,2.2,3.5,6.8,8.5
22101,2025-12-05,5,1027.9,59,2.2,12.9,1.3,.9,2,3.4,6.3,8
22101,2025-12-06,8.6,1019,67,9.8,12.6,1.7,1.1,1.7,2.7,6.1,8.8
22101,2025-12-07,6.1,1020.1,68,11,12.5,1.4,.9,1.5,2.2,6.8,8.5
22101,2025-12-08,6.7,1028.1,47,5.6,12.3,1.4,.9,1.2,2.1,5.6,7.5
22101,2025-12-09,2.6,1027.7,53,7,12.2,.5,.3,.5,.9,4.4,5.8
22101,2025-12-10,5.8,1023.4,66,10.4,12.2,.8,.5,.8,1.4,4.4,5.6
22101,2025-12-11,8.6,1022.7,69,5.6,12.1,1.7,1.1,1.7,2.7,5.4,6.1
22101,2025-12-12,6,1030.7,61,3.4,11.9,1.1,.7,1.2,1.8,4.9,8
22101,2025-12-13,4.7,1022.7,70,5.2,11.8,.6,.4,.7,.9,3.7,6.9
22101,2025-12-14,7.9,1020.9,64,3.9,11.7,1.7,1.1,2,2.8,5.6,7.3
22101,2025-12-15,4.5,1024.1,58,6.6,11.5,1.1,.7,.9,1.6,6.1,7.3
22101,2025-12-16,4.1,1021.4,70,9.3,11.5,1.2,.8,1,1.7,6,7.1
22101,2025-12-17,6.4,1024.7,59,5.8,11.4,1.3,.8,1,1.7,5,6.7
22101,2025-12-18,3.2,1026.5,60,5.5,11.3,.6,.4,.9,1.5,5.2,6.6
22101,2025-12-19,5.1,1020.4,72,8.9,11.2,.7,.5,.8,1.4,5.5,7.8
22101,2025-12-20,7.4,1019.9,75,8.6,11.1,1.3,.9,1.7,2.5,6,7.3
22101,2025-12-21,8.1,1030.4,51,1,10.9,1.7,1.2,1.9,2.6,5.5,7.3
22101,2025-12-22,3.7,1031,47,1.8,10.6,.6,.4,.8,1.3,5.4,6.6
22101,2025-12-23,5.2,1021.9,73,6.5,10.5,.4,.3,.4,.6,3.7,5.4
22101,2025-12-24,6.7,1019.8,70,3.6,10.4,1,.6,.9,1.7,4.6,6.1
22101,2025-12-25,11,1022.9,57,-.6,10.2,2.3,1.5,2.1,3.3,5.8,6.9
22101,2025-12-26,7.6,1028.4,55,-4.4,9.8,1.8,1.1,2.1,3.9,5.3,6.9
22101,2025-12-27,4.1,1024.9,70,2.9,9.5,.7,.5,.9,1.4,4.7,6.1
22101,2025-12-28,5.3,1020.5,65,7.4,9.3,.9,.6,.7,1.1,5,6.7
22101,2025-12-29,6.6,1018.8,68,6.8,9.2,1.4,.9,1.2,1.9,5.8,7.1
22101,2025-12-30,5.6,1026.2,41,1.4,9.1,.8,.6,1.1,1.9,4.3,5.8
22101,2025-12-31,8.9,1029.5,52,-3.1,8.9,1.7,1.1,1.3,2.2,4.8,5.7
22101,2026-01-01,9.1,1027.6,51,-4.4,8.7,1.6,1,1.5,2.8,4.6,5.2
22101,2026-01-02,8.4,1026.7,61,-4.5,8.3,1.9,1.3,1.7,2.9,5.8,7.8
22101,2026-01-03,3.5,1027,69,1.2,8,1.1,.7,1.2,2,6.4,7.5
22101,2026-01-04,4.1,1024.8,65,2.9,7.8,.8,.5,.8,1.3,5.3,6.6
22101,2026-01-05,7.6,1024.2,51,.6,7.6,1.3,.8,1.1,2.2,4.7,6
22101,2026-01-06,5,1022.9,57,3.3,7.5,.8,.5,.9,1.6,5.4,6.4
22101,2026-01-07,8.8,1022.3,54,1.7,7.4,1.9,1.3,1.6,2.6,5.8,6.7
22101,2026-01-08,7.1,1027.9,48,-1.6,7.2,1.4,1,1.6,2.5,5.1,6.2
22101,2026-01-09,7.8,1018.4,63,5.8,7.1,1.4,.9,1.8,2.7,5.3,7.5
22101,2026-01-10,13,1012,63,3.8,7,3.8,2.5,3.1,5.4,8.2,9.8
22101,2026-01-11,8.5,1025.4,51,-3.9,6.8,2.2,1.4,2.5,3.6,5.6,9.1
22101,2026-01-12,6.5,1017,70,2.2,6.4,1.5,1,1.6,2.7,6.1,8
22101,2026-01-13,8.6,1019.7,52,-.8,6.3,2,1.4,1.7,2.8,6.6,8.3
22101,2026-01-14,5.2,1021.4,57,.4,6.1,.6,.4,.9,1.2,4.5,6.4
22101,2026-01-15,4.8,1015.1,86,5.4,6,.7,.5,.9,1.8,5.3,6.2
22101,2026-01-16,4.3,1019.1,86,3.3,6.1,.6,.4,.7,1.3,4.9,7.1
22101,2026-01-17,6.8,1022.8,64,-.6,6.1,1.1,.7,1,1.7,4.3,5.2
22101,2026-01-18,6.1,1022.5,66,1,5.9,.8,.5,.8,1.2,3.8,5.4
22101,2026-01-19,10.3,1026.5,63,-3.6,5.9,2,1.3,2.1,3,5.2,6.6
22101,2026-01-20,7.7,1029.7,63,-6.6,5.6,1.5,1,1.8,2.8,5.2,6.1
22101,2026-01-21,9.2,1029.5,63,-6.5,5.3,1.9,1.3,1.6,2.6,5.7,7.3
22101,2026-01-22,6.6,1029.7,60,-5.9,5,1.5,1,1.5,2.5,5.4,6.7
22101,2026-01-23,4.3,1026.2,65,-1.9,4.8,.9,.6,.8,1.5,5.6,7.1
22101,2026-01-24,7.6,1027.3,51,-2.5,4.7,1.4,.9,1.5,2.8,5.4,7.3
22101,2026-01-25,6.5,1031.1,47,-3.6,4.5,1.2,.8,1.2,1.8,4.8,5.4
22101,2026-01-26,3.1,1027.4,60,-2.5,4.5,.4,.3,.5,.8,4.4,5.3
22101,2026-01-27,8,1027.7,51,-2.5,4.5,1.5,1,1.4,2.1,4.7,5.4
22101,2026-01-28,5.5,1030.9,45,-3.2,4.4,1,.6,1.3,2.1,4.1,5.6
22101,2026-01-29,6.7,1031.5,51,-2.9,4.3,1.1,.7,1.6,2.7,4.2,5.6
22101,2026-01-30,6.7,1032.2,51,-4.5,4.2,1.5,.9,1.5,2.8,5.1,6.6
22101,2026-01-31,4.1,1029.2,57,-2.2,4.1,.7,.5,.7,1,4.2,5.2
22101,2026-02-01,4.7,1026.7,58,-.4,4,.8,.5,.8,1.2,4.8,6.1
22101,2026-02-02,7.4,1028.2,63,-1.2,3.9,1.4,.9,1.2,1.8,5.4,6.4
22101,2026-02-03,3.3,1029.1,70,1,3.9,.7,.4,1,1.6,5.4,6.6
22101,2026-02-04,5.2,1021.8,84,3.5,3.8,.7,.5,.7,1,5.2,6.6
22101,2026-02-05,6,1019.6,75,2.5,3.9,1,.6,1.5,2.7,5.1,6.2
22101,2026-02-06,9,1026.6,56,-6.2,3.9,1.9,1.3,1.8,2.7,5.4,6.9
22101,2026-02-07,9.2,1026.8,55,-6.7,3.8,1.8,1.2,1.8,3.1,5.4,6.9
22101,2026-02-08,8.7,1030.3,56,-5.8,3.6,2.1,1.3,1.9,3,5.6,7.5
22101,2026-02-09,4.5,1028.3,65,-.7,3.5,.8,.5,.9,1.3,6,7.1
22101,2026-02-10,5.2,1020.8,83,2.5,3.5,1,.7,1.1,1.8,5.5,6.9
22101,2026-02-11,4.6,1022.1,83,2.1,3.6,.9,.6,1,1.4,5.3,6.7
22101,2026-02-12,4.2,1022.3,88,2.9,3.6,.7,.5,.7,.9,4.8,5.7
22101,2026-02-13,4.8,1019.2,89,4.1,3.6,.8,.5,.6,1.1,5,5.7
22101,2026-02-14,2.8,1017,87,4.3,3.7,.5,.3,.5,.8,4.8,5.8
22101,2026-02-15,5.7,1021.7,74,2.8,3.8,1,.6,1.4,2.6,4.8,6.1
22101,2026-02-16,7.8,1025.5,56,.7,3.8,1.5,1,1.3,2,5.1,6.1
22101,2026-02-17,4,1023.6,62,1.9,3.8,.7,.5,.9,1.4,4.9,6.1
22101,2026-02-18,6.7,1022.7,65,2.5,3.9,1.3,.8,1.4,2.5,5.6,7.8
22101,2026-02-19,3.3,1024.1,68,2.2,3.9,.6,.4,.8,1.3,5.2,7.5
22101,2026-02-20,7,1016.6,85,4.4,3.9,.9,.6,.8,1.2,5.3,6.9
22101,2026-02-21,10.5,1009.5,79,6.8,4,1.8,1.1,1.6,2.7,6.2,8.3
22101,2026-02-22,9.7,1011.5,68,4.7,4.2,2.1,1.4,2,3.8,6.7,8.5
22101,2026-02-23,3.7,1026.2,39,1.8,4.3,1,.7,1,1.6,6.2,7.8
22101,2026-02-24,4.3,1025.2,54,2.4,4.3,.3,.2,.3,.5,3.7,6
22101,2026-02-25,3.2,1023.3,61,3.7,4.3,.3,.2,.4,.6,4.3,7.1
22101,2026-02-26,3.7,1020,75,4.7,4.4,.2,.1,.2,.4,5.9,8
22101,2026-02-27,4.2,1016.7,77,5.2,4.5,.3,.2,.5,.7,4.3,8
22101,2026-02-28,2.1,1021.9,81,4.3,4.5,.4,.2,.3,.6,4,4.8
22101,2026-03-01,4.5,1023.5,74,5.7,4.6,.3,.2,.3,.5,3.7,5.6
22101,2026-03-02,8.2,1020.1,80,4.7,4.6,.7,.4,.8,1.3,3.7,5.6
22101,2026-03-03,6.2,1023.8,78,3.8,4.7,.7,.4,.8,1.6,4.1,6.7
22101,2026-03-04,3.2,1026.1,81,3.9,4.8,.3,.2,.4,.5,4.4,6
22101,2026-03-05,2.7,1023.2,77,3.5,4.9,.3,.2,.3,.5,3.9,6.1
22101,2026-03-06,7.1,1022.9,68,2.2,4.9,1.3,.8,2.1,3.1,4.8,8.3
22101,2026-03-07,7.2,1028.4,50,.9,4.9,1.6,1,1.3,2.5,5.5,8.5
22101,2026-03-08,3.3,1029.1,55,2,4.9,.5,.4,.7,1.1,4.7,6
22101,2026-03-09,6.2,1028.1,70,3.8,5,1.2,.8,1.6,2.7,4.5,6.1
22101,2026-03-10,2.2,1027.2,68,3.8,5,.7,.5,.7,1.1,5.6,6.4
22101,2026-03-11,2.1,1026.7,76,3.9,5.1,.3,.2,.4,.6,4.6,6.7
22101,2026-03-12,4.2,1027.7,80,4.5,5.2,.5,.3,.4,.6,4.5,5.4
22101,2026-03-13,3.5,1030.2,69,5,5.3,.3,.2,.4,.6,3.4,4.8
22101,2026-03-14,1.3,1029.2,84,4.8,5.4,.2,.1,.2,.4,5,6.7
22101,2026-03-15,3,1026.4,84,4.6,5.4,.4,.3,.8,1.3,4,7.5
22101,2026-03-16,2.4,1024.2,81,4.4,5.5,.6,.4,.8,1.3,4.7,5.4
22101,2026-03-17,1.2,1021.8,91,2.4,5.6,.2,.1,.3,.3,4.4,7.8
22101,2026-03-18,5,1016.1,79,4.8,5.6,.5,.3,.9,1.8,4,5.2
22101,2026-03-19,5.1,1019.7,66,4.7,5.7,1,.6,1.1,1.8,5.2,6.4
22101,2026-03-20,3.4,1021.2,80,5.4,5.8,.8,.5,.7,1,5.4,6.7
22101,2026-03-21,2.2,1024.1,91,3.7,5.9,.4,.2,.5,.7,4.6,6.9
22101,2026-03-22,2,1020.2,83,5.4,6,.2,.1,.2,.3,4.3,5.4
22101,2026-03-23,2.3,1020.4,84,5.7,6.1,.2,.2,.2,.4,4.4,6.2
22101,2026-03-24,1.4,1018.2,86,6.1,6.2,.2,.1,.2,.3,3.9,7.8
22101,2026-03-25,1.3,1015.7,88,6.4,6.3,,.1,.2,.2,4.5,7.5
22101,2026-03-26,2.7,1016.3,95,4.8,6.5,.3,.2,.3,.5,3.8,5.8
22101,2026-03-27,2.9,1014.7,95,4.6,6.7,.4,.2,.4,.6,3.7,4.3
22101,2026-03-28,2.2,1016.6,95,3.3,6.6,.3,.2,.3,.5,3.7,4.3
22101,2026-03-29,2.1,1016.5,91,5.4,6.7,.2,.1,.2,.2,3.8,6.2
22101,2026-03-30,2.1,1013.3,74,8.2,6.7,.1,0,.1,.2,4.1,6.4
22101,2026-03-31,2.9,1011.5,87,7.3,6.9,.2,.1,.2,.4,4.1,7.5
22101,2026-04-01,2.5,1013.8,83,6.7,6.9,.3,.2,.4,.6,4.3,7.8
22101,2026-04-02,3.7,1015.9,91,6.4,7.1,.3,.2,.4,.6,3.7,7.3
22101,2026-04-03,3.9,1013.1,88,8.1,7.2,.6,.4,.6,.9,4.5,5.6
22101,2026-04-04,5.8,1003.3,86,7.6,7.4,1,.7,1.4,2.4,5.2,7.3
22101,2026-04-05,4.9,1009.2,86,6.8,7.5,.8,.5,.9,1.3,5.2,6.6
22101,2026-04-06,4.5,1011.6,78,7.5,7.6,.8,.5,.8,1.3,5.3,6.7
22101,2026-04-07,6.5,1017.8,64,6.8,7.6,1.2,.7,1.3,2.4,4.4,5.7
22101,2026-04-08,2.5,1019.1,73,6.7,7.8,.5,.3,.8,1.3,4.2,5.2
22101,2026-04-09,6,1004.1,85,8.7,7.9,.5,.3,.5,.8,4.7,8.8
22101,2026-04-10,6.1,1003.6,93,7.6,8,1.2,.8,1,1.8,5.4,8.5
22101,2026-04-11,3.1,1013.2,95,6.7,8.1,.8,.5,.8,1.6,5.2,6.1
22101,2026-04-12,2,1016.1,94,6.4,8.4,.3,.2,.3,.4,5.2,8
22101,2026-04-13,1.5,1015.8,72,9.7,8.4,.2,.1,.2,.5,5.9,7.8
22101,2026-04-14,1.5,1012.6,77,10.1,8.4,.2,.1,.2,.3,5.2,8
22101,2026-04-15,2,1013.1,82,9.5,8.6,,.1,.3,.4,5.7,8
22101,2026-04-16,3.1,1017.1,68,12.1,8.8,.3,.2,.3,.5,3.9,6.1
22101,2026-04-17,2.3,1015.6,84,9.9,8.9,.2,.2,.3,.4,4.1,6.6
22101,2026-04-18,1.7,1015.8,91,9.6,9.2,,.1,.2,.3,4.9,7.8
22101,2026-04-19,1.7,1013.2,91,9.8,9.3,,,.1,,6.1,8
22101,2026-04-20,6.8,1013.4,77,9.1,9.3,,.8,2,3,6.4,7.8
22101,2026-04-21,5,1018.4,81,9,9.3,1,.6,.9,1.5,5.4,7.1
22101,2026-04-22,3.4,1015,73,9.9,9.4,.5,.3,.4,.6,4.3,5.1
22101,2026-04-23,4.3,1011.6,72,10.9,9.6,.3,.2,.4,.5,3.5,4.7
22101,2026-04-24,2.1,1016.4,69,11.5,9.9,.3,.2,.3,.4,4.5,7.8
22101,2026-04-25,1.8,1018.8,83,10.5,10,,.1,.2,.2,5,8
22101,2026-04-26,1.3,1014.1,74,11.2,10.4,,.1,.2,.3,3.6,4.3
22101,2026-04-27,4.1,1011.5,79,10.6,10.2,.4,.2,.7,.9,3.9,7.1
22101,2026-04-28,6.4,1015,79,10.1,10.3,1.3,.9,1.2,1.9,5.1,5.8
22101,2026-04-29,1.8,1019.1,85,10.3,10.5,.7,.4,.6,1.1,5,6.2
22101,2026-04-30,2.5,1015.1,84,10.8,10.7,.3,.2,.4,.6,4.1,6
22101,2026-05-01,4.4,1010.5,85,11,10.8,.5,.3,.5,.8,3.4,4.1
22101,2026-05-02,4.6,1011,89,11.3,11,.5,.3,.4,.7,4.6,5.7
22101,2026-05-03,4.7,1004.1,91,10.5,11.1,.5,.3,1.2,1.6,4.4,6.1
22101,2026-05-04,6.1,1013.6,84,10.8,11.1,1.6,1,1.7,2.7,5.8,6.7
22101,2026-05-05,4.8,1017.6,84,11,11.3,.6,.4,.5,.7,4.9,5.7
22101,2026-05-06,6.1,1015.3,78,12.7,11.4,1.1,.7,.8,1.4,5.8,6.7
22101,2026-05-07,5.3,1012.3,87,12,11.5,.9,.6,.8,1.3,5.9,6.9
22101,2026-05-08,5.8,1015.8,77,11.9,11.7,1.2,.8,1,1.7,5.2,6.6
22101,2026-05-09,3.1,1019.4,74,11.9,11.9,.5,.3,.5,.9,4.5,5.1
22101,2026-05-10,4.3,1017.2,73,12.6,12,.6,.4,.6,1,4.6,6.1
22101,2026-05-11,6,1013.4,84,13.8,12.1,1.2,.8,1,1.5,5.8,6.9
22101,2026-05-12,2,1010,92,13.2,12.4,.6,.4,.5,.9,5.5,6.6
22101,2026-05-13,1.5,1010.8,96,11.6,12.5,.3,.2,.2,.4,4.7,6
22101,2026-05-14,2.1,1015.2,93,12.7,12.6,.2,,.2,.3,4.2,5.7
22101,2026-05-15,2,1021.3,86,13.9,12.8,.2,.1,.3,.4,4.1,6
22101,2026-05-16,1,1022.1,86,14.1,13.2,.2,.1,.2,.4,5,6.7
22101,2026-05-17,1.1,1019.9,82,14.3,13.2,,.1,.2,.2,5.1,7.1
22101,2026-05-18,2.2,1016.3,72,15.3,13.3,.2,.2,.3,.4,5.5,7.5
22101,2026-05-19,3.5,1013.5,73,16.3,13.4,.6,.4,.5,1.1,5.6,7.1
22108,2017-01-01,3.4,1027.7,69,8.7,9.7,.9,.5,.7,1.1,4.2,4.9
22108,2017-01-02,5.1,1023.7,79,8.3,9.7,1,.6,.8,2.2,3.8,4.6
22108,2017-01-03,,,,,,,,1,2.5,,5.3
22108,2017-01-04,5.1,1024.5,68,8.1,9.7,1,.6,.8,1.4,4.5,6.4
22108,2017-01-05,5.4,1025.8,61,7.3,9.6,1.2,.8,1.1,1.7,4.4,5.3
22108,2017-01-06,3.8,1026.3,72,8.3,9.6,.8,.5,.8,1.4,4,8
22108,2017-01-07,3.9,1021.2,72,7.9,9.6,.7,.3,.4,.9,4,7.1
22108,2017-01-08,5.1,1015.1,73,7.7,9.5,1,.6,1.4,2.2,4,7.1
22108,2017-01-09,9.9,1019.2,64,4.7,9.4,3.3,2.1,2.7,4.4,6.9,8
22108,2017-01-10,8.7,1024.8,61,2.7,9.3,2.7,1.6,2,3.5,6.4,8
22108,2017-01-11,7.2,1026.2,56,2.4,9.1,2.4,1.5,2.1,4,6.5,7.1
22108,2017-01-12,7.9,1019.4,60,4,8.9,2.5,1.5,1.9,3.3,5.9,7.1
22108,2017-01-13,8.4,1018,67,1.9,8.8,2.8,1.7,3,5.6,6.2,8
22108,2017-01-14,11.2,1026.7,64,-1.6,8.6,4.2,2.6,3.1,4.9,7.3,8
22108,2017-01-15,8.3,1028.9,59,0,8.3,2.7,1.7,2.5,4.1,6.5,8
22108,2017-01-16,5.3,1029.7,54,1.4,8.2,1.6,1,1.4,2.4,5.3,5.8
22108,2017-01-17,1.9,1031.5,59,3.3,8.2,.7,.4,.6,1,4.1,5.3
22108,2017-01-18,4,1030.9,62,4.5,8.2,.7,.4,.7,1.3,4.2,5.3
22108,2017-01-19,4.1,1024.4,65,3,8.2,1,.6,.9,1.5,4.3,5.3
22108,2017-01-20,12.6,1024,68,.9,8.1,5.5,3.3,4.9,8.3,8,9.1
22108,2017-01-21,6.8,1027.2,63,1.8,7.8,2.5,1.5,2.3,4,6.4,8
22108,2017-01-22,10.7,1028.6,73,-1.3,7.4,4.5,2.7,3.7,6.3,7.5,8
22108,2017-01-23,9.5,1032.1,68,-1.2,7.1,3.4,2.2,2.6,4.1,6.8,8
22108,2017-01-24,6.6,1035,62,.3,6.9,2,1.2,1.5,2.5,5.8,6.4
22108,2017-01-25,2.9,1034.9,60,1,6.9,1,.6,1,1.8,4.6,5.8
22108,2017-01-26,5.8,1027.5,73,4.4,6.9,1.3,.8,2.3,4.1,4.1,5.8
22108,2017-01-27,8.9,1028.8,59,1.4,6.8,4,2.4,3.4,5.2,7.5,9.1
22108,2017-01-28,3.9,1026.5,51,2.4,6.7,1,.6,1.1,1.7,4.6,6.4
22108,2017-01-29,,,,,,,,.2,.5,,4.3
22108,2017-01-30,,,,,,,,4,6.3,,9.1
22108,2017-01-31,,,,,,,,2.2,3.8,,8
22108,2017-02-01,,,,,,,,2.3,3.8,,7.1
22108,2017-02-02,,,,,,,,2.3,3.4,,8
22108,2017-02-03,,,,,,,,.8,1.2,,5.8
22108,2017-02-04,2.6,1020.7,70,5,6.4,.6,.3,.4,.7,3.9,5.8
22108,2017-02-05,7,1015,74,5,6.4,1.8,1.1,2.5,3.8,5.3,7.1
22108,2017-02-06,11.1,1023.8,61,1.7,6.2,4.4,2.7,3.4,5.7,7.7,9.1
22108,2017-02-07,5.3,1026,55,1.4,6.1,2,1.3,2,3.3,6.6,8
22108,2017-02-08,7.6,1020.7,60,2,6,2.1,1.3,2.5,4.7,5.9,7.1
22108,2017-02-09,11.9,1018.1,67,-.8,5.8,4.5,2.9,3.4,5.5,7.8,9.1
22108,2017-02-10,11.3,1020.4,70,-2,5.6,4.4,2.9,3.4,5.4,7.8,8
22108,2017-02-11,9.6,1026,64,0,5.4,3.6,2.2,3,4.8,7,8
22108,2017-02-12,4.3,1029.8,59,1.9,5.4,1.6,1,1.9,2.7,5.6,6.4
22108,2017-02-13,3.9,1030.7,72,4.5,5.4,.9,.6,1.2,1.7,4.3,6.4
22108,2017-02-14,5.4,1033.9,54,3.1,5.4,1.4,.9,1.2,1.9,4.9,5.8
22108,2017-02-15,3.3,1030.3,72,4.2,5.6,.8,.5,.7,1.1,3.9,5.3
22108,2017-02-16,6.4,1019.7,86,6.5,5.6,1.6,1,1.3,2.1,5,6.4
22108,2017-02-17,10.8,1023.8,68,1.7,5.5,3.9,2.4,3.8,5.9,7.3,9.1
22108,2017-02-18,6.3,1027.3,51,1.3,5.3,2,1.3,2.2,3.6,6.1,7.1
22108,2017-02-19,7.9,1015.6,72,5.1,5.3,2.4,1.5,2.6,4.3,5.3,8
22108,2017-02-20,12.1,1019.5,69,.5,5.1,5,3.2,3.9,6.5,7.8,9.1
22108,2017-02-21,4.3,1029.5,58,.8,5.2,2.1,1.4,2.9,4.3,6.9,8
22108,2017-02-22,8.6,1015.7,80,3.9,5.1,1.8,1.1,2.3,4,4.7,6.4
22108,2017-02-23,12,1021.4,61,1.4,4.7,4.5,2.9,3.4,5.2,7.6,8
22108,2017-02-24,5.7,1025.6,60,2.5,4.8,2.4,1.5,2.3,4.1,6.4,8
22108,2017-02-25,3.2,1023.2,70,4.7,4.8,1.6,.9,1.3,2.4,5.6,6.4
22108,2017-02-26,3.8,1025.7,74,4.2,4.8,1,.6,.9,1.4,4.4,5.3
22108,2017-02-27,2.6,1028,61,4.2,5,.5,.3,.5,.8,3.9,7.1
22108,2017-02-28,3.4,1025.2,78,5,4.9,.7,.4,.6,1,4.6,5.8
22108,2017-03-01,4.2,1016.3,80,5.1,4.9,.9,.6,.8,1.2,4.6,5.8
22108,2017-03-02,10.2,1018.3,64,2.3,4.9,4,2.5,3.2,5.7,7.2,9.1
22108,2017-03-03,3.6,1020.7,74,5.1,5.2,1.5,.9,1.4,2,5.3,7.1
22108,2017-03-04,1.8,1019.4,84,5.3,5.5,1,.6,.8,1.3,4.9,5.8
22108,2017-03-05,3.7,1017.4,84,5,5.4,.7,.4,1.5,2.2,4.3,5.3
22108,2017-03-06,8.3,1018.9,55,2,5,2.9,1.8,2.9,4.4,6.4,8
22108,2017-03-07,8.6,1018.9,64,.6,4.8,2.3,1.5,1.9,3.4,5.7,6.4
22108,2017-03-08,7.4,1016.5,58,3.2,4.6,2.5,1.6,2,3.3,6.4,7.1
22108,2017-03-09,4.8,1014.9,75,5,4.6,2.3,1.4,1.9,3.1,6.1,7.1
22108,2017-03-10,1.8,1020.3,72,5.4,5.4,1.2,.7,1.1,1.9,5,6.4
22108,2017-03-11,2.2,1023.6,82,5.5,5.2,.5,.3,.4,.8,3.9,5.3
22108,2017-03-12,2.6,1021.8,83,5.8,5.4,.4,.2,.5,.9,4.1,5.3
22108,2017-03-13,7.6,1020.1,70,4.5,5,1.8,1.2,1.7,2.8,5.6,6.4
22108,2017-03-14,9.3,1021.1,62,4.8,5,3,1.9,2.5,4.3,6.5,7.1
22108,2017-03-15,5.5,1024.3,62,4.5,5,1.5,.9,1.8,2.8,5.3,6.4
22108,2017-03-16,2.2,1022.9,74,4.7,5.3,.6,.4,.6,1,3.9,4.9
22108,2017-03-17,1.9,1024.5,84,5.7,5.6,.4,.2,.3,.5,4,6.4
22108,2017-03-18,1.4,1025.4,88,5.9,6,.3,.2,.2,.5,3.7,6.4
22108,2017-03-19,2.4,1026.1,84,6,6.3,.4,.2,.3,.6,3.3,5.8
22108,2017-03-20,1.5,1019.9,78,6.8,6.2,.3,.2,.2,.5,3.7,5.8
22108,2017-03-21,9,1019,68,5.4,5.4,2.8,1.7,2.7,4.2,5.9,8
22108,2017-03-22,2.6,1022.2,80,5.6,5.7,1.4,.8,1.4,2.2,5.4,6.4
22108,2017-03-23,4.1,1021.9,77,5.9,5.8,.7,.4,.8,1.5,4,4.9
22108,2017-03-24,3.2,1021.8,77,5.6,5.8,.9,.6,1,1.7,4.4,5.3
22108,2017-03-25,1.4,1020.5,71,6.2,6.5,.5,,.3,.5,3.3,4.9
22108,2017-03-26,2,1019.8,79,6.1,6.4,.5,.3,.6,.9,4.6,6.4
22108,2017-03-27,3.6,1021.5,86,6.4,6,.9,.5,.7,1.2,4.2,4.9
22108,2017-03-28,2,1024.1,84,6.1,6,.6,.4,.6,1,4.2,4.6
22108,2017-03-29,4.3,1023,83,5.8,6,.7,.4,.8,1.5,5.3,8
22108,2017-03-30,3.4,1022.5,88,6.2,6.1,.6,.3,.5,.8,5.1,7.1
22108,2017-03-31,2.6,1018.9,88,6.7,6.2,.6,.4,.6,1,3.8,4.9
22108,2017-04-01,3.5,1017.4,87,6.6,6.5,1.3,.8,1,1.7,5.4,5.8
22108,2017-04-02,2.5,1020.1,88,7,6.7,.7,.4,.6,1,4.3,5.3
22108,2017-04-03,3.4,1023.7,91,6.9,6.8,.7,.4,.6,1.1,4.4,5.8
22108,2017-04-04,3.3,1023.9,85,8.1,7.2,.7,.4,.5,.9,4.1,4.9
22108,2017-04-05,7.1,1015.5,88,8.8,6.9,1.4,.8,1.6,2.7,4.4,6.4
22108,2017-04-06,2.4,1013.6,93,7.4,7,1.5,.9,1.7,2.5,6.4,7.1
22108,2017-04-07,3,1015.1,91,7.3,7.2,.7,.4,.5,.9,6.7,8
22108,2017-04-08,4.9,1014.1,95,6.2,7.2,.8,.5,.6,1.1,5.4,7.1
22108,2017-04-09,3.9,1013.9,83,8,7.3,1.2,.7,.9,1.5,5.2,6.4
22108,2017-04-10,2.9,1011.8,76,9.2,8.4,.7,.4,.5,1,4.5,6.4
22108,2017-04-11,6.4,1009,79,8.7,7.9,1.4,.8,1.7,2.8,4.2,5.8
22108,2017-04-12,4.5,1016.9,72,8.1,7.5,1.6,1,1.8,3.2,5.5,6.4
22108,2017-04-13,4.4,1017.1,85,8.6,7.5,1.1,.7,1,1.5,4.9,5.8
22108,2017-04-14,8,1012.1,83,8.9,7.2,2.3,1.4,2.2,4.1,5.8,7.1
22108,2017-04-15,3.8,1014.3,89,9.1,7.9,1.3,.8,1.3,2.2,5.8,6.4
22108,2017-04-16,2.3,1014.8,96,8.8,9,.7,.3,.5,.9,4.5,5.3
22108,2017-04-17,4,1002.8,93,9,8.8,.6,.4,.5,.9,3.4,5.8
22108,2017-04-18,6.3,1001.2,90,8.7,8.1,1.4,.9,1.3,2,4.3,5.8
22108,2017-04-19,3.1,1011.9,83,9.5,8.8,1.5,.9,1.2,2,5,5.8
22108,2017-04-20,1.4,1013.1,82,9.3,9.1,.6,.3,.6,1.1,4.6,6.4
22108,2017-04-21,1.9,1012.5,86,9,9.3,.6,.3,.4,.7,4.8,6.4
22108,2017-04-22,3.4,1014.3,85,9.4,9,.8,.5,.7,1.1,4.1,5.8
22108,2017-04-23,2.8,1018,85,10.2,9.8,.6,.3,.4,.7,3.5,5.8
22108,2017-04-24,4.3,1018.8,81,11.1,9.9,1,.6,.8,1.5,4.5,5.3
22108,2017-04-25,2.8,1019.3,91,11.1,10.7,.9,.5,.7,1.3,4.8,5.8
22108,2017-04-26,4.4,1017.8,75,10.6,10.2,.8,.5,.6,1.1,3.6,4.9
22108,2017-04-27,4.8,1013.8,81,10.7,10,1.1,.7,.9,1.6,4.4,5.3
22108,2017-04-28,4.9,1007,86,11.3,10.2,1.3,.8,1,1.8,4.8,5.8
22108,2017-04-29,4.3,1007.6,87,11.6,10.4,1.4,.8,1.1,1.7,5.1,5.8
22108,2017-04-30,4.3,1008.2,89,12.1,10.7,1.3,.8,1,1.7,4.9,5.8
22108,2017-05-01,2.9,1016.5,95,9.7,11.4,.9,.5,.8,1.2,5,5.8
22108,2017-05-02,1.8,1021.9,85,12.7,12.2,.6,.3,.4,.8,4.5,5.3
22108,2017-05-03,2.2,1021.4,81,13.5,12.9,.6,.2,.3,.7,4.3,4.9
22108,2017-05-04,1.7,1016.9,86,14.4,13.7,.5,.2,.3,.6,5.5,7.1
22108,2017-05-05,3.6,1014.8,88,14.9,14.1,.7,.4,1.1,2.2,6.1,8
22108,2017-05-06,4,1017.4,83,12.8,12.1,1.5,.9,1.2,2.1,5.1,6.4
22108,2017-05-07,3.4,1015.3,92,13.3,12.4,1.4,.8,1,2.1,5.1,5.8
22108,2017-05-08,4.6,1014.2,89,13.1,12.4,.8,.5,.6,1,4,4.9
22108,2017-05-09,4.6,1010.5,94,12.4,12.6,.8,.5,.9,1.2,4,7.1
22108,2017-05-10,4.2,1010.9,96,13,12.8,1,.6,.8,1.3,5.1,7.1
22108,2017-05-11,3.6,1011.3,95,13.9,13,1,.6,.8,1.3,4.6,5.3
22108,2017-05-12,5.8,1008.9,94,14.7,12.9,1.2,.7,1,1.5,4.4,5.3
22108,2017-05-13,5.5,1007.1,94,13.9,13,1.5,.9,1.6,2.7,4.5,6.4
22108,2017-05-14,5,1012.3,83,13.8,12.7,1.5,.9,1.2,1.9,5.2,6.4
22108,2017-05-15,3.9,1014.1,85,13.8,13.2,1.2,.8,1,1.7,4.9,5.8
22108,2017-05-16,1.7,1011.6,96,14,14,.6,.4,.6,.9,4.2,4.9
22108,2017-05-17,2.1,1012.3,97,13.5,14.9,.4,.3,.3,.6,4,5.8
22108,2017-05-18,3.3,1016,94,15.9,15.4,.5,.3,.4,.6,3.3,4.3
22108,2017-05-19,3.2,1017.2,92,16.4,16,.7,.4,.5,1,4.1,5.3
22108,2017-05-20,1,1016.6,79,17.8,17.5,.5,.3,.4,.6,4.2,4.9
22108,2017-05-21,.5,1015.7,82,18.2,18.3,.5,.3,.4,.6,4.3,6.4
22108,2017-05-22,1.5,1014.5,84,18.7,18.8,.5,.3,.3,.5,4.4,5.8
22108,2017-05-23,1.7,1011.1,93,18.2,18.3,.5,.3,.4,.6,6.3,7.1
22108,2017-05-24,5,1009,93,17,17.6,1,.6,.8,1.4,5.1,7.1
22108,2017-05-25,7.5,1007.4,79,16.4,16.3,1.9,1.2,2.2,3.8,5,7.1
22108,2017-05-26,6.7,1009.8,77,14.7,14.1,1.9,1.2,2,3.3,5.3,7.1
22108,2017-05-27,2.4,1012.7,89,15.5,15,.7,.5,.8,1.2,4.4,5.3
22108,2017-05-28,6.2,1011.5,91,16.2,15,1.6,1,1.5,2.9,5.1,6.4
22108,2017-05-29,4.5,1012.4,94,16.6,15.4,1.3,.8,1.2,1.9,5.1,5.8
22108,2017-05-30,3.6,1009.8,93,16.9,16.1,.7,.4,.5,.9,4.3,4.9
22108,2017-05-31,3.7,1003.1,99,16.8,16.4,.8,.5,.7,1.2,4.4,5.8
22108,2017-06-01,4.5,1001,96,17,16.6,1.1,.7,1.1,1.8,4.9,5.8
22108,2017-06-02,5.5,1006.1,74,16.2,15.9,1.2,.7,.9,1.6,4.7,5.3
22108,2017-06-03,4.9,1009.7,83,15.9,15.6,1.1,.7,.8,1.4,4.5,4.9
22108,2017-06-04,3.3,1012.6,84,16.4,16.3,.8,.5,.9,1.3,4.4,5.3
22108,2017-06-05,1.9,1015.4,84,17.9,17.7,.4,.2,.3,.5,4,6.4
22108,2017-06-06,5.3,1011.4,90,16.8,16.8,1,.6,1.3,2.3,4.1,7.1
22108,2017-06-07,6.3,1006.3,93,16.5,15.8,2.1,1.3,2,3,5.7,7.1
22108,2017-06-08,3,1011.1,95,17.1,16.6,1.2,.7,1,1.9,5.1,5.8
22108,2017-06-09,5.4,1008.2,94,18.2,17.1,1.3,.8,1.1,1.9,4.2,4.9
22108,2017-06-10,3.4,1007.7,83,17.7,17.5,1.2,.7,.9,1.7,4.6,5.3
22108,2017-06-11,4.6,1009,75,17.9,17.7,.7,.4,.5,.8,3.6,4.6
22108,2017-06-12,2.6,1014,85,18.2,18.4,.7,.4,.6,1,5.8,8
22108,2017-06-13,2.3,1015.4,82,18.6,19.4,.6,.4,.4,.7,6.3,7.1
22108,2017-06-14,3,1012.5,87,18.7,19.2,.6,.3,.4,.9,4.2,5.8
22108,2017-06-15,3.9,1009.4,92,20.1,19.7,.9,.6,.7,1.3,4,4.9
22108,2017-06-16,4.6,1009.7,92,20.3,20,1.1,.7,.8,1.3,4.5,5.8
22108,2017-06-17,4.4,1011,91,20.3,20.5,1.1,.7,.9,1.5,4.2,4.6
22108,2017-06-18,2.5,1011.2,91,20.6,21.2,.5,,.4,.6,3.9,6.4
22108,2017-06-19,2,1010.1,86,21.3,21.9,.6,.4,.4,.8,3.8,4.6
22108,2017-06-20,2.5,1005.6,82,21.2,21.7,.6,.3,.4,.7,4.9,7.1
22108,2017-06-21,2.6,1007,86,21.6,22.1,.6,.4,.5,1,6.4,8
22108,2017-06-22,2.1,1009.6,91,21.5,22.9,.6,.3,.4,.7,6.5,7.1
22108,2017-06-23,3.3,1007.6,96,20.4,22.5,.5,.3,.5,.8,4.8,8
22108,2017-06-24,1.9,1003.5,84,21.6,22.4,.5,.3,.3,.5,5.7,6.4
22108,2017-06-25,1.4,1003.1,82,21.8,23.1,.4,.2,.3,.5,5.2,6.4
22108,2017-06-26,2.9,1006.8,84,21.8,22.8,.5,.3,.4,.9,5.8,7.1
22108,2017-06-27,3.7,1010,90,22.3,23,.5,.3,.4,.6,5.9,8
22108,2017-06-28,3.6,1012.5,87,22.9,23.6,.6,.4,.5,.9,4.3,7.1
22108,2017-06-29,2.7,1011.9,90,23.2,24,.6,.3,.5,.9,4.4,5.3
22108,2017-06-30,1.8,1009.1,86,23.2,24.8,.4,.3,.3,.6,4.4,5.3
22108,2017-07-01,4.1,1007.7,94,23.3,24.2,.7,.4,.7,1.2,3.9,6.4
22108,2017-07-02,8,1006.8,96,24.2,23.9,1.7,1.1,1.8,2.9,4.8,5.8
22108,2017-07-03,6.4,1006.5,97,23.7,23.2,2.1,1.3,1.9,2.8,6.4,7.1
22108,2017-07-04,3.2,1006.7,96,24,23.9,1.1,.7,1,1.7,7.7,12.8
22108,2017-07-05,1.9,1010.2,94,24.4,24.9,.7,.4,.6,1,7.5,9.1
22108,2017-07-06,4.6,1010.1,94,24.8,24.9,.8,.5,.7,1.1,5,7.1
22108,2017-07-07,8.3,1006.9,95,25,24.5,1.9,1.1,1.5,2.9,4.9,6.4
22108,2017-07-08,6.7,1006.3,94,24.4,24,1.8,1.1,1.5,2.5,5.3,6.4
22108,2017-07-09,6,1006,95,24.6,24.4,1.4,.9,1.1,2.1,5.9,8
22108,2017-07-10,8.7,1000.8,95,24.5,24.2,2.2,1.4,1.6,2.6,5.1,7.1
22108,2017-07-11,5.1,1007.7,94,24.7,24.4,1.8,1.1,1.3,2.4,7.1,8
22108,2017-07-12,3.4,1010.6,92,24.4,25,1.1,.7,1,1.6,5.5,8
22108,2017-07-13,4.1,1008.5,93,24.3,25.3,.9,.5,.6,1.1,4.8,6.4
22108,2017-07-14,5.7,1007.6,90,25.3,25.5,1.2,.8,1.1,1.8,4.2,5.3
22108,2017-07-15,5.7,1009.4,92,25,25.3,1.6,.9,1.1,2.1,5.4,6.4
22108,2017-07-16,6,1011.8,95,25.5,25.3,1.7,1,1.2,2.2,5.6,7.1
22108,2017-07-17,5.2,1012.1,92,24.8,25.3,1.4,.9,1,1.9,5.8,6.4
22108,2017-07-18,3.8,1009.9,94,25,25.2,1.4,.9,1.2,2.2,5.2,5.8
22108,2017-07-19,1.7,1007.5,93,25.9,26.2,.8,.5,.6,1.1,5.9,7.1
22108,2017-07-20,4.4,1006.9,94,26.1,26.2,.7,.4,.5,.9,4.8,6.4
22108,2017-07-21,5,1008.4,95,26.8,26.5,1,.5,.7,1.3,3.9,5.8
22108,2017-07-22,5.2,1009.4,96,26.9,27,.9,.6,.7,1.2,3.9,5.8
22108,2017-07-23,4.2,1005.5,95,27.7,27.4,1,.6,.7,1.2,3.7,5.8
22108,2017-07-24,2.3,1002.9,96,27.5,27.8,.7,.4,.5,.9,4.4,5.8
22108,2017-07-25,4.7,1004,88,26,27,.8,.5,.6,.9,3.7,5.3
22108,2017-07-26,3.6,1007,86,26.3,26.8,.9,.5,.8,1.3,4,6.4
22108,2017-07-27,2.9,1008,83,27,27.5,.7,.4,.6,1,4.1,5.8
22108,2017-07-28,4.5,1008.2,91,26.8,27.6,.9,.6,.7,1.3,3.8,4.6
22108,2017-07-29,2.3,1007.6,86,26.1,28.2,.6,.4,.6,.9,4.3,5.3
22108,2017-07-30,2.9,1007.1,87,27.4,28.3,.7,.4,.6,1,9.3,12.8
22108,2017-07-31,5.6,1008.2,89,26.7,27.8,1.4,.9,1.3,2,9.5,12.8
22108,2017-08-01,4.7,1009.7,85,26.9,27.8,1.3,.8,.9,1.7,8,9.1
22108,2017-08-02,1.8,1007.5,82,28.5,29.3,1.2,.7,.9,1.5,7.2,8
22108,2017-08-03,3.7,1004.6,82,28.1,28.7,1.2,.7,.8,1.4,5.9,7.1
22108,2017-08-04,4.3,1004.9,82,28.2,28.9,1.2,.7,1,1.8,5.3,6.4
22108,2017-08-05,3.1,1003.3,83,28.8,29.3,.8,.5,.6,1,4.9,5.8
22108,2017-08-06,3,1000.9,85,28.7,29.3,.6,.3,.4,.8,4.7,8
22108,2017-08-07,3,1000.4,78,28.6,29.6,.9,.5,.8,1.3,4.6,7.1
22108,2017-08-08,3.1,1000,83,27.8,29.3,.7,.4,.5,.9,5.9,7.1
22108,2017-08-09,5.6,997.6,81,26.2,29,.8,.5,.7,1.2,4.2,7.1
22108,2017-08-10,2.3,1000.9,77,27.4,29.1,.9,.5,.7,1.1,7.3,9.1
22108,2017-08-11,1.6,1006.2,80,27.4,29.3,.8,.5,.6,1.1,7.5,9.1
22108,2017-08-12,2.7,1010.1,85,26.7,28.8,.7,.5,.5,1.1,7.4,9.1
22108,2017-08-13,6.3,1008.7,84,25.6,28.3,1.3,.8,1.3,2,5,8
22108,2017-08-14,9.6,1003.6,91,24.1,27.5,1.8,1.1,1.5,2.2,4.3,5.8
22108,2017-08-15,8.1,1001,90,25.6,27.1,1.9,1.2,1.5,2.5,5,7.1
22108,2017-08-16,4.4,1004.6,84,25.6,26.8,1.4,.8,1.2,2.2,5.3,7.1
22108,2017-08-17,2.1,1008,82,25.6,25.7,.9,.5,.6,1.2,4.2,6.4
22108,2017-08-18,2.3,1011.1,89,25.7,25.4,.6,.4,.5,.9,3.9,6.4
22108,2017-08-19,3.9,1011.1,90,25.4,26.1,.7,.4,.5,.9,3.8,4.6
22108,2017-08-20,9.2,1006.4,90,25.4,26,2.3,1.5,2.5,3.6,5.3,6.4
22108,2017-08-21,6.6,1006.7,85,26.4,26.8,2.3,1.4,2.5,4.3,5.8,7.1
22108,2017-08-22,2.6,1012.1,87,27,27.5,.8,.5,.7,1.2,5,5.8
22108,2017-08-23,7,1011.7,93,27.8,27.7,1.3,.8,1.1,1.9,4.1,5.3
22108,2017-08-24,8.3,1007.5,90,27.4,27.7,2.5,1.5,1.8,3.4,5.5,7.1
22108,2017-08-25,4.5,1009.4,73,26.3,27.6,1.5,.9,1.2,2.1,5.8,7.1
22108,2017-08-26,4.3,1014.6,49,26.1,27.2,1.2,.7,1.1,1.8,5,5.8
22108,2017-08-27,2.1,1015.1,64,25.4,27.5,.5,.3,.4,1,4.7,7.1
22108,2017-08-28,6.8,1010.9,85,25.3,27.4,1.2,.8,1.7,2.4,4,7.1
22108,2017-08-29,10.8,1014.9,54,22.3,26.5,3.1,1.9,2.3,4,6,7.1
22108,2017-08-30,8.6,1014.2,65,22.4,25.7,2,1.2,2.1,3.3,4.9,6.4
22108,2017-08-31,6.8,1012.6,73,23.2,25.5,1.8,1.1,1.4,2.2,6.2,7.1
22108,2017-09-01,5.9,1012.6,67,23.3,25.3,1.1,.7,1,1.9,4.1,5.8
22108,2017-09-02,3.1,1012.8,76,23.5,25.5,.6,.4,.6,1,3.3,5.3
22108,2017-09-03,2.2,1014.9,73,23.8,25.4,.5,.2,.4,.7,3.4,6.4
22108,2017-09-04,2.7,1015,74,23.7,25.3,.5,.3,.3,.6,5.3,9.1
22108,2017-09-05,4.3,1011.7,78,22.4,25.3,.5,.3,.4,.7,4.8,8
22108,2017-09-06,4.1,1008.9,78,22.1,24.7,.6,.3,.6,1.1,3.8,8
22108,2017-09-07,3.1,1008.6,81,23.1,24.8,.5,.3,.5,.9,4.6,7.1
22108,2017-09-08,2.3,1012.1,79,24.3,25.6,.7,.4,.5,1,4.3,8
22108,2017-09-09,3.1,1013.5,85,22.9,25.4,.6,.3,.4,.8,5.1,8
22108,2017-09-10,3.2,1013.3,84,23.1,24.4,.5,.3,.4,.7,4.7,6.4
22108,2017-09-11,7.9,1007.3,86,21.2,22.8,1.5,.9,1.3,2.4,4.3,5.8
22108,2017-09-12,5.8,,72,22.9,22.6,1.6,1,1.2,2.4,5.1,6.4
22108,2017-09-13,6.1,1019.4,68,22.4,22.5,1.3,.8,1,1.5,4.5,5.3
22108,2017-09-14,6.3,1019,69,22,22.9,1.2,.8,1,1.9,4.2,4.9
22108,2017-09-15,6.6,1017.4,68,22.6,22.5,1.6,1,1.2,2,10.2,12.8
22108,2017-09-16,7.3,1012.8,70,21.4,22.3,1.6,1,1.3,2,6.4,10.7
22108,2017-09-17,8.8,1007.5,75,21.7,22,1.9,1.1,1.3,2.2,4.4,4.9
22108,2017-09-18,3.9,1009.2,80,22.3,22.7,1,.6,1,1.5,4.2,5.8
22108,2017-09-19,6.6,1009.7,92,23.2,22.6,1.3,.8,1.4,2.2,4.1,5.8
22108,2017-09-20,6,1013.7,62,21,22.2,1.6,1,1.3,2,5.1,5.8
22108,2017-09-21,1.7,1014.5,69,20.5,22.8,.7,.4,.7,1.4,4.4,8
22108,2017-09-22,2.6,1013.4,74,21.3,23.3,.4,.2,.3,.6,3.5,5.3
22108,2017-09-23,4.5,1015.7,87,22.3,23.1,.9,.6,.8,1.3,4.4,5.8
22108,2017-09-24,3.4,1015.8,93,22.4,23.3,.8,.5,.6,1.1,4.3,5.3
22108,2017-09-25,3.1,1014.7,89,21.8,23.3,.6,.4,.5,.8,4.2,5.8
22108,2017-09-26,4.3,1011.5,84,22.7,23.4,.5,.3,.6,1.2,5,6.4
22108,2017-09-27,8.7,1007.5,81,20.6,22.4,1.8,1.1,1.6,2.8,4.9,8
22108,2017-09-28,8.6,1012.1,61,20.4,21.9,2.4,1.5,1.9,3.5,5.7,7.1
22108,2017-09-29,4.3,1018.5,50,19.1,21.8,1.6,1,1.9,2.9,5.8,7.1
22108,2017-09-30,5.3,1021.6,74,20.7,22.3,1.3,.8,1.1,1.8,5.2,5.8
22108,2017-10-01,8.4,1014.6,84,19,21.8,1.8,1.1,1.8,3.2,4.9,7.1
22108,2017-10-02,9.4,1011.1,81,19.6,20.5,2.8,1.7,2.7,5,6.5,8
22108,2017-10-03,10.4,1019.2,61,17.6,19.3,4,2.4,2.9,4.9,7.4,9.1
22108,2017-10-04,8.8,1023.2,64,17.1,19,3.1,1.9,2.4,4.7,6.6,8
22108,2017-10-05,3.6,1022.8,75,18.6,19.5,.9,.6,.8,1.4,4.8,7.1
22108,2017-10-06,3.7,1018.7,77,18.4,19.8,.6,.4,.5,.8,4.1,7.1
22108,2017-10-07,4.1,1020.3,85,18.9,19.9,.6,.4,.4,.7,4.6,7.1
22108,2017-10-08,1.3,1022.8,86,19.9,20.6,.4,.2,.3,.5,3.7,5.8
22108,2017-10-09,1.6,1022,88,20.5,21.2,.3,.2,.2,.4,3.9,5.8
22108,2017-10-10,3.9,1019,94,20.5,21,.4,.3,.5,.8,4.1,7.1
22108,2017-10-11,9.4,1019.5,78,16.3,19.6,2.7,1.6,2.5,3.9,6,8
22108,2017-10-12,7.3,1021.4,62,14.5,18.5,2.5,1.5,2.1,3.7,6.6,8
22108,2017-10-13,6.6,1022.9,56,15.5,17.8,1.5,.9,1.4,2.3,4.7,5.8
22108,2017-10-14,7.4,1025.8,49,16.9,18.1,1.3,.8,1.2,1.8,3.9,4.6
22108,2017-10-15,7.1,1026.4,62,16.9,18.5,1.4,.9,1.1,1.9,4.4,5.3
22108,2017-10-16,7.9,1026.5,64,17.4,18.3,1.3,.8,1.2,1.8,3.8,4.6
22108,2017-10-17,6.4,1024.5,62,16.5,17.7,1.6,1,1.5,2.4,5.4,6.4
22108,2017-10-18,5.2,1022.1,72,17.2,17.7,1,.6,.9,1.8,4.6,6.4
22108,2017-10-19,4.9,1019.2,73,16.8,17.8,.7,.4,.7,1.1,3.8,7.1
22108,2017-10-20,5.3,1019.3,82,17,17.7,.8,.5,.6,1.1,3.5,4
22108,2017-10-21,6.8,1017.7,81,17.1,17.8,1.1,.7,1.1,1.9,3.9,4.6
22108,2017-10-22,8.3,1012.7,70,17.3,17.6,1.8,1.1,1.5,2.4,4.9,5.8
22108,2017-10-23,5.2,1018.1,59,15.1,16.9,1.4,.9,1.3,2.4,5.2,7.1
22108,2017-10-24,2.8,1024.5,66,15.8,17.2,.9,.5,.6,1.1,5.4,5.8
22108,2017-10-25,3.8,1025.8,64,15.2,17.1,.7,.4,.6,1.1,4.3,5.3
22108,2017-10-26,2.7,1021.9,78,15.9,17.1,.5,.3,.4,.9,3.2,4.3
22108,2017-10-27,5,1020.1,74,16.4,17.1,.6,.3,.5,1.1,2.8,4.3
22108,2017-10-28,5.9,1019.8,81,16.8,17.1,.9,.5,.8,1.3,3.3,4
22108,2017-10-29,12.8,1019.5,68,13.4,16.3,4.8,2.9,4.9,9.1,6.9,9.1
22108,2017-10-30,8.9,1026.5,57,11,15.8,3.6,2.3,3.8,6.3,7.3,9.1
22108,2017-10-31,3.8,1025.7,63,13.5,16.4,1,.6,1.1,1.8,4.9,5.8
22108,2017-11-01,5.4,1021.6,75,15.7,15.9,1.6,1,1.3,2.1,5.5,6.4
22108,2017-11-02,3.3,1018.9,84,16,15.8,1,.6,.8,1.4,4.9,5.8
22108,2017-11-03,9.1,1021.6,72,13,15.5,2.7,1.6,3,5,5.5,8
22108,2017-11-04,8.2,1029.6,60,9.5,14.6,3.6,2.2,3.8,7.2,7.2,9.1
22108,2017-11-05,2.6,1029.5,63,11.3,14.6,1,.6,.9,1.5,4.9,5.8
22108,2017-11-06,2.1,1025.4,67,12.2,14.4,.7,.5,.5,1.1,5.4,6.4
22108,2017-11-07,4.8,1020.9,84,14.4,14.3,.9,.5,.7,1.4,4.1,5.3
22108,2017-11-08,8.3,1021.2,74,13,13.9,2.2,1.3,2.2,3.9,5.4,7.1
22108,2017-11-09,4.2,1024.4,60,11.6,13.4,1.4,.8,1.7,3,5.2,6.4
22108,2017-11-10,8,1017.2,78,13.5,13.5,2,1.2,3.6,5.4,4.5,8
22108,2017-11-11,8.4,1022.6,58,9.3,13.3,3.5,2.2,3.7,5.6,7.6,9.1
22108,2017-11-12,2.6,1022.2,59,9.7,13.6,1,.6,1,1.8,4.6,6.4
22108,2017-11-13,5.5,1018,74,12.2,13.6,1.1,.6,1.2,2.3,3.9,4.9
22108,2017-11-14,7.4,1020.5,50,11.4,13.4,2.6,1.5,2.1,3.7,6.3,8
22108,2017-11-15,7.9,1022.6,56,8.6,13.1,2.9,1.8,2.2,3.8,6.4,7.1
22108,2017-11-16,3.9,1025.3,59,6.5,13,1.4,.8,1.5,2.4,5.1,5.8
22108,2017-11-17,7,1019.2,66,9.9,13,1.1,.7,2.3,3.8,3.9,5.3
22108,2017-11-18,12.1,1024.3,62,3.5,12.8,4.8,2.9,3.7,6.4,7.6,9.1
22108,2017-11-19,4.8,1027.6,63,4.4,12.6,2.2,1.4,2.2,3.8,6.6,7.1
22108,2017-11-20,5.7,1026.8,64,7.2,12.6,1.7,1,1.6,2.8,5.3,7.1
22108,2017-11-21,4.1,1026.5,67,7.1,12.5,1.2,.7,1.2,2,5.3,6.4
22108,2017-11-22,8.9,1019.4,66,10,12.4,2.4,1.5,2.7,4.3,5.1,7.1
22108,2017-11-23,8.3,1021.8,59,6.2,12.3,3.6,2.2,3.3,5.3,7,8
22108,2017-11-24,7.3,1025,68,5.5,12.2,3.8,2.3,3.3,5.3,7.4,8
22108,2017-11-25,8.3,1023.5,69,10.5,12.2,2.8,1.8,2.8,4,6.3,8
22108,2017-11-26,6.8,1024.7,66,9.3,12.3,2.6,1.6,2.3,4,6.8,9.1
22108,2017-11-27,3.3,1027,59,5.9,12.2,1.2,.7,1.3,2.2,5.6,6.4
22108,2017-11-28,3.7,1022.7,73,9.6,12.1,.5,.3,.4,.7,3.1,5.8
22108,2017-11-29,9.5,1026.7,64,6.4,12,2.7,1.7,2.6,4,6.1,8
22108,2017-11-30,10.4,1029.2,60,2.9,11.6,3.3,2,2.5,4.5,6.3,7.1
22108,2017-12-01,5.3,1031.1,61,3.5,11.4,1.8,1.1,1.7,3.1,5.4,6.4
22108,2017-12-02,4.9,1028,67,7.2,11.3,1.3,.8,1.1,2.1,5.1,6.4
22108,2017-12-03,4.7,1023.5,71,10,11.3,1.7,1,1.3,2.4,5.2,5.8
22108,2017-12-04,10.2,1024,67,3.9,11.2,3.3,1.9,3,4.7,6.1,8
22108,2017-12-05,4.9,1023.5,66,1.5,11,2.6,1.6,2.4,4.1,6.6,7.1
22108,2017-12-06,6.1,1022.3,66,7,10.9,2.4,1.4,2.1,3.6,6.6,8
22108,2017-12-07,6.9,1022.7,62,6.4,10.8,2.2,1.4,1.9,3,5.7,6.4
22108,2017-12-08,8.6,1024.5,67,2.3,10.7,3.4,2,3,5.2,6.9,8
22108,2017-12-09,4.5,1020.2,64,6.5,10.6,2.1,1.3,1.9,3.1,6.2,8
22108,2017-12-10,9.9,1015.5,65,7.6,10.6,3,1.8,3.7,6.6,5.7,8
22108,2017-12-11,12.1,1024.3,69,.3,10.3,5.1,3.1,3.8,6.4,7.7,8
22108,2017-12-12,7.3,1030.1,70,-1.3,9.9,3,1.8,2.9,4.2,6.9,8
22108,2017-12-13,8.4,1032.4,65,-.1,9.7,2.5,1.5,1.9,3.2,5.8,6.4
22108,2017-12-14,4.3,1031.8,64,.7,9.4,1.2,.8,1.5,2.3,5.1,6.4
22108,2017-12-15,3.9,1027.3,62,4.1,9.3,.8,.4,1.7,3,4,5.3
22108,2017-12-16,10,1027.9,70,.7,9.2,3.6,2.2,3.4,5.8,6.8,8
22108,2017-12-17,4,1031.1,68,-.2,9,3.1,1.9,3.7,6.5,7.2,9.1
22108,2017-12-18,8.1,1027.7,55,6.2,9,2.6,1.6,2,3.7,6.3,7.1
22108,2017-12-19,8.5,1032,65,1.7,8.8,3.5,2.1,2.5,4.6,7.1,8
22108,2017-12-20,6.1,1030.8,69,4.1,8.7,1.8,1.1,1.7,3.1,5.3,7.1
22108,2017-12-21,3.5,1031.6,60,4.3,8.7,1.7,1,1.9,3.3,5.6,7.1
22108,2017-12-22,6,1026.3,69,7.9,8.7,1.3,.8,1,1.6,4.2,5.3
22108,2017-12-23,3.6,1023,89,8.7,8.7,1.3,.8,1.1,1.9,5.3,5.8
22108,2017-12-24,8.6,1014.5,80,6.2,8.6,2.2,1.3,3.6,6.8,4.7,8
22108,2017-12-25,8.9,1024.3,62,3,8.6,3.8,2.3,3.8,6.8,7.3,9.1
22108,2017-12-26,10.5,1026.5,64,2.5,8.4,3.3,2,2.7,4.4,6.2,7.1
22108,2017-12-27,6.8,1030.8,63,-.3,8.1,2.2,1.3,2.2,3.9,6.3,7.1
22108,2017-12-28,2.9,1030.1,67,3,8,.6,.4,.7,1.1,4.3,5.8
22108,2017-12-29,4.6,1027.6,80,7.1,8,1.1,.7,1.1,1.6,4.4,5.3
22108,2017-12-30,5.1,1024.9,80,5.4,8,1,.5,1.3,2.3,4,4.9
22108,2017-12-31,7.4,1024.7,61,4.6,7.9,2,1.2,1.6,2.8,5.2,5.8
22108,2018-01-01,3.8,1027.9,55,4.6,7.9,1.5,.9,1.6,2.3,5.2,5.8
22108,2018-01-02,5.7,1029.6,60,4.3,7.9,1.1,.7,1.4,2,4.4,5.3
22108,2018-01-03,9.4,1031.6,66,.8,7.7,2.8,1.7,2.2,3.4,6.2,7.1
22108,2018-01-04,6.3,1028,67,-.7,7.6,2.3,1.4,1.8,3.3,6.5,7.1
22108,2018-01-05,5.8,1022,66,2.1,7.6,1.5,.9,1.6,3.2,5.3,6.4
22108,2018-01-06,7.2,1024.3,62,2.9,7.5,2.3,1.4,1.9,3,6.2,6.4
22108,2018-01-07,2.4,1021.6,66,2.8,7.5,.8,.5,.9,1.8,4.6,5.3
22108,2018-01-08,6.8,1012.9,71,3.2,7.4,1.5,1,3.6,5.7,4.1,8
22108,2018-01-09,10.8,1014.8,71,1.4,7.2,5.4,3.4,4.8,7.3,8.2,9.1
22108,2018-01-10,11.6,1019.3,75,-1.7,7.1,5.2,3.2,4.4,6.8,7.7,9.1
22108,2018-01-11,10.7,1027.4,81,-4.1,6.7,4.6,2.8,3.5,6.2,7.6,8
22108,2018-01-12,6,1031.6,76,-2.8,6.4,2.8,1.8,2.7,4.1,7,8
22108,2018-01-13,5.2,1031.8,53,3.8,6.2,2,1.2,1.5,2.6,5.8,7.1
22108,2018-01-14,6.5,1028,73,5.6,6.1,1.7,1,1.3,2.5,5,6.4
22108,2018-01-15,2.5,1024.4,82,5.7,6.1,1.9,1.1,1.5,2.8,5.7,6.4
22108,2018-01-16,2.9,1018.1,87,5.8,6.2,.7,.4,.7,1.1,4.2,6.4
22108,2018-01-17,2,1018.7,86,5.6,6.3,.4,.2,.3,.5,4.2,8
22108,2018-01-18,5.1,1024.2,68,4.6,6.2,1,.6,.8,1.4,4.1,4.6
22108,2018-01-19,2.3,1025.1,60,3.3,6.2,.6,.4,.6,1.1,3.9,4.6
22108,2018-01-20,3.5,1023.6,74,5.2,6.2,.8,.4,.7,1.2,4.2,5.8
22108,2018-01-21,3.6,1023.6,54,3.6,6.2,.9,.5,.8,1.3,4.3,4.9
22108,2018-01-22,7.2,1016.6,65,4.2,6.2,1.5,.9,2.8,4.4,4.1,7.1
22108,2018-01-23,9.9,1024.7,77,-4.9,6,4,2.5,3.7,6.2,7.2,8
22108,2018-01-24,9.2,1029.6,74,-7,5.7,3.1,1.9,2.6,4,6.6,7.1
22108,2018-01-25,12.4,1031.2,70,-6.3,5.5,4.4,2.7,3.3,5.5,7.1,8
22108,2018-01-26,11,1030.5,75,-6.7,5.3,4.4,2.7,3.3,5.3,7.7,9.1
22108,2018-01-27,5.2,1029.2,67,-4.3,4.9,1.8,1.1,2,3.2,5.9,8
22108,2018-01-28,6.3,1023.7,67,-1.4,4.5,1.7,1,2,3.3,4.7,5.8
22108,2018-01-29,7.8,1024.8,77,-3.2,4.4,3.2,2,2.2,4,6.9,8
22108,2018-01-30,4.7,1026.8,63,-.3,4.5,2.1,1.3,1.9,3.7,6.2,7.1
22108,2018-01-31,4.9,1027.9,51,2.1,4.5,1.8,1.1,1.7,2.9,6,7.1
22108,2018-02-01,6,1029.7,53,.1,4.6,1,.6,.7,1.4,3.5,4.6
22108,2018-02-02,5,1029.5,56,.7,4.6,.8,.5,.8,1.3,3.5,4.3
22108,2018-02-03,11.5,1029.8,76,-3.1,4.5,4.7,2.8,3.5,5.8,7.5,8
22108,2018-02-04,11,1029.6,78,-4.3,4.3,4.7,2.7,3.6,6.6,7.7,9.1
22108,2018-02-05,9.3,1027.6,70,-4,4.1,3.2,2,2.4,4.1,6.8,7.1
22108,2018-02-06,9.6,1026.9,73,-4.6,3.9,3.4,2.1,2.6,4.5,6.7,7.1
22108,2018-02-07,3.4,1026.9,70,-3.6,3.8,1.6,1,2.2,3.6,5.8,7.1
22108,2018-02-08,5.1,1024.9,58,-.6,3.7,.8,.5,.6,1,4,6.4
22108,2018-02-09,3.3,1022.7,74,3.6,3.8,.8,.5,.6,1,4.4,6.4
22108,2018-02-10,7.5,1023.6,73,1.4,3.8,2.1,1.3,2.5,4.2,5.3,7.1
22108,2018-02-11,10.2,1023.3,61,-1.1,3.8,4.2,2.7,3.7,6,7.3,8
22108,2018-02-12,9.7,1023.1,66,-.9,3.1,4.4,2.7,3.8,6.1,7.5,9.1
22108,2018-02-13,7.4,1022.7,60,2.7,3.2,3.3,2.1,3.2,4.8,6.7,8
22108,2018-02-14,7,1018.8,76,3.7,3.3,3.3,2.1,3,4.4,7.4,8
22108,2018-02-15,8.1,1023.3,57,0,3.3,2.6,1.6,2.1,3.5,6.2,7.1
22108,2018-02-16,4.8,1020.3,60,1,3.3,1.1,.7,1.2,1.9,4.5,5.8
22108,2018-02-17,,,,,,,,1.8,3.4,,6.4
22108,2018-02-18,4.8,1026.7,52,.9,3.3,.7,.5,.7,1.1,3.6,4.9
22108,2018-02-19,4.7,1024.8,74,2.2,3.2,.6,.4,.5,.8,2.9,3.8
22108,2018-02-20,5.9,1024.5,69,2.1,3.1,.9,.6,.7,1.2,3.4,4
22108,2018-02-21,7,1025.6,49,.6,3.1,1.5,.9,1.3,2.3,4.8,5.3
22108,2018-02-22,5.3,1022.6,71,3.7,3.1,1.5,.9,1.4,2.6,4.7,5.8
22108,2018-02-23,5.6,1021.7,90,4.6,3.1,2.3,1.4,1.7,2.8,6,6.4
22108,2018-02-24,6.2,1028.3,72,2.1,3.1,2,1.2,1.5,2.7,6.2,8
22108,2018-02-25,5.7,1026.4,63,1.7,3.1,1.2,.7,1,1.6,4.5,6.4
22108,2018-02-26,2.5,1025.5,72,2.7,3.5,.5,.3,.6,.9,4.2,7.1
22108,2018-02-27,2.9,1023,88,3.9,3.4,.8,.5,.7,1.1,4.8,7.1
22108,2018-02-28,7.5,1008.9,85,4.1,3.2,1.5,.9,1.9,3.3,4.5,5.3
22108,2018-03-01,9.8,1014.6,70,1.7,3.1,4,2.4,3.8,6.9,7.1,9.1
22108,2018-03-02,2.9,1019.2,55,.2,3.4,1.8,1.1,2.2,4.2,6.2,8
22108,2018-03-03,2.9,1014.3,78,3.8,3.5,.6,.3,.4,.9,3.8,5.8
22108,2018-03-04,4.7,1012,95,5.3,3.4,.9,.5,1.6,3.1,4.4,6.4
22108,2018-03-05,10.1,1016.5,86,3.9,3.5,3.4,2.2,3.1,4.9,6.8,8
22108,2018-03-06,6.4,1030,75,3.1,4,1.8,1.1,1.6,2.6,5.8,8
22108,2018-03-07,3.3,1027.2,82,3.8,3.9,.9,.5,.8,1.3,5,5.8
22108,2018-03-08,9.4,1021.4,82,2.6,3.7,2.3,1.5,2.9,4.9,4.9,8
22108,2018-03-09,4.4,1024.6,70,2.8,4,2.6,1.6,2.8,3.8,7.5,8
22108,2018-03-10,3.6,1025,81,4.3,4.1,.9,.6,.8,1.4,4.8,5.8
22108,2018-03-11,1.6,1026.4,90,3.9,4.6,.8,.5,.7,1.2,4.6,5.3
22108,2018-03-12,4.1,1022.7,93,4,4.5,.6,.3,.5,.9,3.4,5.3
22108,2018-03-13,6.2,1018.6,90,6.7,4.5,1.4,.8,1,1.8,4.8,5.8
22108,2018-03-14,6,1018.6,90,7.7,4.8,1.3,.8,.9,1.7,4.8,5.3
22108,2018-03-15,6.3,1014.7,92,6.4,4.9,1.6,1,2.7,4.7,5,8
22108,2018-03-16,7.5,1023.9,81,4.3,4.4,3.2,2,3.8,5.6,7.4,9.1
22108,2018-03-17,2.1,1027.8,87,4.9,5.2,.8,.5,.8,1.4,5.7,7.1
22108,2018-03-18,3.6,1021.3,94,4.3,4.8,.5,.3,.7,1.2,4.5,6.4
22108,2018-03-19,8.3,1014,91,5.3,4.6,1.6,1,1.1,1.9,4.3,5.3
22108,2018-03-20,6.9,1020.2,73,5.6,4.9,1.5,.9,1.4,2.1,4.1,4.6
22108,2018-03-21,8.8,1017.8,89,1.6,4.9,1.8,1.1,1.5,2.6,4.4,4.9
22108,2018-03-22,4.5,1016.6,80,4.3,4.9,.9,.6,.8,1.3,3.9,4.3
22108,2018-03-23,1.6,1020.5,86,5.3,5.6,.6,.4,.5,.7,3.9,7.1
22108,2018-03-24,2.9,1023.3,95,5.2,5.2,.6,.3,.5,.9,3.5,5.8
22108,2018-03-25,3.3,1025.5,98,3.7,5.1,.5,.3,.3,.7,3.1,3.8
22108,2018-03-26,3.7,1022.6,97,4.5,5.2,.6,.3,.4,.8,2.9,3.4
22108,2018-03-27,5.4,1018.5,92,7,5.3,.9,.5,.7,1.3,3.5,4.3
22108,2018-03-28,5.8,1017.1,95,6.3,5.3,1.2,.8,.9,1.6,4.4,5.3
22108,2018-03-29,2.4,1020.1,96,6.5,5.6,1.1,.7,.9,1.6,4.9,5.3
22108,2018-03-30,1.1,1023.7,94,6.2,6.4,.7,.4,.5,.9,4.2,5.8
22108,2018-03-31,2.3,1020.9,91,7.8,6.9,.4,.2,.3,.6,5.6,8
22108,2018-04-01,3.7,1016.6,94,7.8,6.2,.6,.3,.4,.9,3.1,5.8
22108,2018-04-02,4.8,1015.7,94,8.4,6.1,.8,.5,.6,1.1,3.7,4.3
22108,2018-04-03,3.7,1017,97,8.6,6.3,.8,.5,.6,1,3.9,4.6
22108,2018-04-04,6,1017.9,92,7,6.1,1.9,1.2,1.8,2.9,5.7,8
22108,2018-04-05,3.1,1015.1,97,7.2,6.2,1,.6,.8,1.4,5.3,6.4
22108,2018-04-06,9.2,1014.5,75,5.8,6,3,1.9,4.1,6.7,6.1,9.1
22108,2018-04-07,10.1,1017.6,61,4.8,5.8,4.7,2.9,4.1,7.4,7.8,9.1
22108,2018-04-08,7,1015.2,75,6.5,5.9,2.6,1.6,2.5,4.3,6.2,7.1
22108,2018-04-09,2.6,1018.3,91,5.9,6.5,2.2,1.3,2.3,3.9,7.1,8
22108,2018-04-10,9.3,1010.6,86,9.3,6.1,2.6,1.6,2.8,4.3,5.9,7.1
22108,2018-04-11,3.8,1013.1,87,7.5,6.6,2.2,1.3,2.4,4.2,7,8
22108,2018-04-12,2.5,1019.6,79,8.5,7.3,.8,.5,.7,1.1,6,6.4
22108,2018-04-13,3.2,1022.4,76,8.3,7.2,.6,.3,.4,.9,4.8,6.4
22108,2018-04-14,6.8,1010.2,91,7,6.7,1.2,.7,1.2,1.9,4.3,6.4
22108,2018-04-15,6.7,1015.1,81,7.1,6.5,1.7,1.1,1.6,2.6,5.1,6.4
22108,2018-04-16,3.3,1020.8,83,7.3,7.1,1.2,.7,1.4,2.4,5.1,6.4
22108,2018-04-17,1.7,1021.1,86,8,8,.4,.2,.4,.6,3.9,6.4
22108,2018-04-18,1.2,1019,78,9.1,9.1,.3,.2,.2,.4,3.9,5.8
22108,2018-04-19,4,1018.6,89,8.7,8.3,.7,.4,.5,.9,3.6,4.3
22108,2018-04-20,1.7,1020.3,86,10.8,9.8,.6,.4,.5,.8,3.9,4.6
22108,2018-04-21,3.2,1018.4,87,10.7,9.2,.7,.4,.7,1.3,4.3,5.3
22108,2018-04-22,5.4,1015.7,93,11.4,9.4,1,.6,.7,1.1,5.1,5.8
22108,2018-04-23,6.7,1011.5,97,10.2,9,1.8,1.1,1.3,2.4,5,6.4
22108,2018-04-24,6.9,1010.6,89,9.2,8.4,1.4,.9,1.2,2.2,4.5,6.4
22108,2018-04-25,3.8,1014.3,81,9.5,8.9,.8,.5,.8,1.2,4,4.9
22108,2018-04-26,2.4,1015.2,88,10.1,9.5,.5,.3,.3,.5,4.8,8
22108,2018-04-27,2.4,1015.5,90,10.8,10.2,.6,.3,.4,.8,3.5,4.6
22108,2018-04-28,2.1,1017.8,93,9.5,10.6,.6,.3,.5,.8,3.8,4.9
22108,2018-04-29,4.1,1014.3,95,10,10.4,.7,.4,.6,1.2,3.8,4.9
22108,2018-04-30,2.7,1014.7,93,12.1,10.8,.7,.4,.6,1,4.4,4.9
22108,2018-05-01,2.3,1013.9,96,12.1,11.1,.5,.3,.4,.7,4.7,5.3
22108,2018-05-02,6.4,1007.6,90,11.6,10.6,1.7,1.1,3.3,5,5.3,8
22108,2018-05-03,8.2,1011.6,77,10.2,8.9,2.5,1.6,1.9,3,6.2,7.1
22108,2018-05-04,7.3,1014.3,76,10.7,8.9,2.2,1.3,1.6,2.6,5.5,6.4
22108,2018-05-05,7.6,1014.8,89,11.1,9,2,1.2,1.5,2.4,5.2,5.8
22108,2018-05-06,4,1006.4,97,10.8,9.2,1.9,1.2,1.6,2.8,6.6,8
22108,2018-05-07,3.7,1007.1,90,11.1,9.7,1.1,.7,1.1,2.1,6.9,8
22108,2018-05-08,2.4,1012.3,88,12.2,11,.7,.4,.6,1,6.6,7.1
22108,2018-05-09,2.9,1021.3,85,11.9,11.5,.7,.4,.5,.9,6.1,7.1
22108,2018-05-10,3,1023.9,93,11.3,11.5,.5,.3,.4,.7,4.6,7.1
22108,2018-05-11,2.1,1019.3,93,11,11.9,.4,,.3,.6,4.4,8
22108,2018-05-12,5.2,1009.7,94,12.6,11.5,1,.6,1,1.6,4.2,7.1
22108,2018-05-13,3.2,1010,95,11,11.6,.9,.5,.7,1.3,5.5,6.4
22108,2018-05-14,3.5,1011.8,94,11.8,12,.5,.3,.5,.9,4.4,6.4
22108,2018-05-15,4.6,1009.7,88,14.6,12.1,.8,.4,.9,1.7,4.4,5.3
22108,2018-05-16,8.1,1005,97,15.2,11.9,2.1,1.3,1.8,2.8,6,7.1
22108,2018-05-17,5.6,1004,98,14.1,11.9,1.5,1,1.2,1.8,6.2,7.1
22108,2018-05-18,4.6,1005.6,98,,12.3,,.7,.9,1.6,6.5,7.1
22108,2018-05-19,4.1,1014.7,90,12.9,12.4,.8,.5,.8,1.4,4.8,6.4
22108,2018-05-20,5.1,1017.6,75,13.6,12.5,.7,.5,.7,1,3.7,6.4
22108,2018-05-21,3.2,1017.9,82,13.5,13,.7,.4,.7,1.2,5.3,8
22108,2018-05-22,2.5,1012.5,91,13.7,13.3,.5,.3,.3,.6,6.8,8
22108,2018-05-23,5.5,1009.9,93,12.8,12.7,1.2,.8,1,1.6,4.6,7.1
22108,2018-05-24,5.2,1010.3,83,14.2,13.3,1,.6,.9,1.4,3.8,4.9
22108,2018-05-25,2.6,1009,79,15.1,14.2,.8,.5,.7,1,4.6,5.3
22108,2018-05-26,3.1,1009.8,77,15.5,15,.5,.3,.3,.6,4,5.8
22108,2018-05-27,1.6,1011.2,86,15.1,14.6,.5,.3,.4,.7,5.8,8
22108,2018-05-28,1.8,1010.9,85,16.1,15.9,.5,.3,.4,.7,6.4,7.1
22108,2018-05-29,2.5,1011.8,95,16.7,16.4,.5,.3,.4,.6,5.4,6.4
22108,2018-05-30,2.4,1011.5,95,16.6,16.5,.5,.3,.3,.6,3.8,5.8
22108,2018-05-31,4.1,1012.6,89,16.2,16.2,.7,.4,.5,1,3.4,4
22108,2018-06-01,2.2,1016,86,17.1,16.8,.5,.3,.5,.8,3.8,6.4
22108,2018-06-02,1.7,1016.3,79,18.2,17.8,.3,.2,.2,.4,4.3,8
22108,2018-06-03,2,1013.8,77,18.7,18.4,.3,.2,.2,.5,4.2,6.4
22108,2018-06-04,2.6,1013.4,92,18.9,18.8,.4,.2,.3,.7,3.3,5.8
22108,2018-06-05,2.3,1012.4,83,19.6,19.3,.4,,.3,.5,3.9,5.8
22108,2018-06-06,2.3,1012.8,89,19.4,19.5,.6,.4,.5,.8,3.6,5.8
22108,2018-06-07,2.1,1012.7,88,18.9,19.8,.6,.3,.4,.7,4.2,5.8
22108,2018-06-08,2.3,1009.8,88,19.3,20.1,.4,.2,.3,.5,4,5.3
22108,2018-06-09,3.1,1007.2,94,17.6,20,.5,.3,.4,.6,3.2,5.3
22108,2018-06-10,3.8,1004.1,82,19.1,19.9,.5,.3,.4,.7,3.6,8
22108,2018-06-11,2.5,1001,85,18.5,19.6,.6,.3,.5,.8,7.9,10.7
22108,2018-06-12,3.7,1003.9,88,18.5,19.6,.6,.4,.5,.9,5.5,10.7
22108,2018-06-13,4.6,1006.2,88,19.5,19.6,.9,.5,1,1.7,5.2,9.1
22108,2018-06-14,3.4,1007.8,88,19.6,19.5,1.4,.9,1.3,2.1,5.7,6.4
22108,2018-06-15,3.3,1010.2,82,18.9,19.5,.8,.5,.6,1,5.4,6.4
22108,2018-06-16,4,1012.2,85,18.7,19.5,.7,.4,.6,.9,5.3,7.1
22108,2018-06-17,2.4,1011.1,89,18.3,20,.6,.4,.4,.7,6.8,10.7
22108,2018-06-18,2.2,1007.9,84,19,20.4,.6,.3,.4,.7,8,9.1
22108,2018-06-19,2.5,1005.6,85,19.2,19.8,.5,,.3,.6,7.5,9.1
22108,2018-06-20,2.5,1005.6,92,19.7,20.1,.5,.3,.4,.7,6.2,8
22108,2018-06-21,1.8,1008.4,87,20.7,20.7,.8,.5,.5,.9,5.8,9.1
22108,2018-06-22,2.9,1009,89,20.5,20.3,.6,.4,.4,.7,7.3,8
22108,2018-06-23,3.3,1005.5,88,21.4,20.5,1,.6,.8,1.5,4.9,7.1
22108,2018-06-24,2.9,1009.1,92,21.8,21.7,.8,.5,.6,1,4.3,4.9
22108,2018-06-25,2.4,1010.7,87,22.3,22.5,.7,.4,.5,1,5.6,7.1
22108,2018-06-26,8.7,1003.9,92,22.6,21.5,2.1,1.4,2.2,3.2,5.4,6.4
22108,2018-06-27,4.1,1003.2,93,20.8,21.4,2,1.2,1.5,2.4,6.5,8
22108,2018-06-28,5.2,999.3,95,21.9,21.7,1.4,.9,1.1,2,6.2,8
22108,2018-06-29,2,1002.9,91,21.6,22.2,1.2,.7,1.1,1.8,6.4,8
22108,2018-06-30,4,1009.3,91,22,22.1,.8,.5,.7,1.1,6.5,7.1
22108,2018-07-01,7.5,1007.9,94,21.3,21.7,1.7,1,1.5,2.3,5.1,7.1
22108,2018-07-02,5.1,1006.4,94,22.1,21.8,1.3,.8,1.2,1.9,5.4,12.8
22108,2018-07-03,5.5,999.2,91,22.7,22.1,1,.6,.9,1.4,8.6,12.8
22108,2018-07-04,3.4,999.3,92,22.8,21.9,.9,.6,.8,1.3,4.7,9.1
22108,2018-07-05,2,1003.1,93,23.6,23.8,.7,.4,.5,.9,7.7,8
22108,2018-07-06,5,1006.4,88,22.7,23.3,.8,.5,.8,1.3,6.1,9.1
22108,2018-07-07,5,1009.4,75,22.3,23.1,.9,.6,.8,1.3,6.4,9.1
22108,2018-07-08,2.7,1011.7,80,22.7,23.5,.8,.5,.7,1.4,6.8,8
22108,2018-07-09,6,1013.5,89,22.3,23.4,1.1,.7,.9,1.6,5.5,7.1
22108,2018-07-10,5.8,1013.5,91,23.9,23.1,1.6,1.1,1.3,2,5.3,6.4
22108,2018-07-11,3.5,1014.8,90,24.7,23.8,1.2,.7,.9,1.6,6.2,12.8
22108,2018-07-12,4.2,1013.6,93,24.7,24.2,1.4,.8,1.1,1.7,9.5,12.8
22108,2018-07-13,4.3,1012.5,92,24.9,24.6,1.3,.8,1,1.6,6.7,9.1
22108,2018-07-14,5.1,1011.4,91,25.1,24.9,1.3,.8,.9,1.6,5.4,6.4
22108,2018-07-15,3.2,1012.6,91,25.3,25.5,1,.6,.8,1.4,5.1,5.8
22108,2018-07-16,1.6,1013,90,25.1,26.1,.7,.4,.5,.9,4.8,5.8
22108,2018-07-17,1.9,1012.6,,,26.7,.6,.4,.4,.8,4.5,5.8
22108,2018-07-18,1.5,1012.3,,,27.2,.7,.4,.5,.8,4.8,6.4
22108,2018-07-19,2.7,1011.8,,,27.1,.6,.4,.4,.7,4.8,5.8
22108,2018-07-20,3.7,1009.9,82,25.3,27.3,.5,.3,.4,.6,5.2,8
22108,2018-07-21,3.4,1009.3,73,26.6,27.8,.6,.3,.4,.8,4.7,8
22108,2018-07-22,3.3,1008.7,77,27.4,27.2,.8,.5,.8,1.6,9,12.8
22108,2018-07-23,3.7,1009.1,82,27.8,27.4,1.7,1,1.3,2.2,8.1,9.1
22108,2018-07-24,4.9,1007.6,84,28,28.2,1.5,.9,1.4,2.8,6.3,7.1
22108,2018-07-25,7.3,1007.2,88,27.6,27.8,2,1.2,1.7,2.6,5.9,8
22108,2018-07-26,4.4,1007.6,89,27.5,28,1.1,.7,.9,1.6,5.1,6.4
22108,2018-07-27,2.2,1007.7,84,28.1,28.8,.7,.4,.4,.8,4.5,6.4
22108,2018-07-28,3,1006.5,87,28,28.8,.5,.3,.4,.7,3.8,5.3
22108,2018-07-29,5.2,1003.6,81,28.3,28.7,.8,.5,.8,1.3,3.3,4
22108,2018-07-30,5.2,1003.7,78,28,28.3,.8,.5,.7,1.1,3.3,4
22108,2018-07-31,4.3,1004.6,79,28.2,28.7,.6,.3,.6,1.1,3.3,5.8
22108,2018-08-01,4.5,,,,,.8,.4,.6,1,3.5,5.3
22108,2018-08-02,2.3,1005.7,87,28.5,29.2,.5,.2,.4,.7,3.1,5.3
22108,2018-08-03,1.8,1007.6,77,29.5,29.7,.6,.3,.7,1,6.2,9.1
22108,2018-08-04,4.3,1008.6,83,28.7,29.6,1.3,.8,1,1.7,5.9,8
22108,2018-08-05,2.9,1008.4,80,29.1,30,1.1,.7,.8,1.4,6.5,7.1
22108,2018-08-06,2.6,1007.4,80,29.2,30.5,.7,.4,.5,.8,5.1,5.8
22108,2018-08-07,2.3,1007.5,83,28.9,30.6,.5,.3,.3,.7,4.8,8
22108,2018-08-08,2,1007.8,80,29.3,30.2,.5,.3,.5,.7,3.5,4.9
22108,2018-08-09,2.9,1005.2,83,28.8,28.9,.6,.4,.6,.9,3.8,8
22108,2018-08-10,4,1003.8,87,27.5,28.3,.8,.5,.7,1.2,3.9,4.3
22108,2018-08-11,3.3,1004.7,82,28.4,29.4,.7,.4,.6,1,3.8,4.9
22108,2018-08-12,3.2,1007,78,28.9,30.3,.6,.3,.4,.7,3.4,5.8
22108,2018-08-13,3.6,1010,78,29.7,30.1,.9,.5,.7,1.2,5.1,8
22108,2018-08-14,3.3,1010.1,73,29.5,30,1.2,.8,1.1,1.7,7.1,9.1
22108,2018-08-15,3.4,1007.3,78,29.1,30.6,.9,.6,.7,1.2,6.7,8
22108,2018-08-16,5,1007.5,79,28.9,30.1,.9,.5,1,1.7,6,10.7
22108,2018-08-17,6.5,1010.3,62,27.2,29.5,1.8,1.1,1.5,2.4,7.6,10.7
22108,2018-08-18,5.2,1010.6,62,26,29.3,1.6,1,1.3,2.1,7.2,9.1
22108,2018-08-19,2.1,1010.3,65,26.8,29,1,.6,.7,1.3,7,8
22108,2018-08-20,9.4,1004.9,79,27.3,27.8,2.5,1.6,3,4.5,5.9,8
22108,2018-08-21,5.2,1004.1,83,25.7,27.8,3.1,1.9,3.3,5.1,6.9,8
22108,2018-08-22,6.8,1003.7,84,26.4,27.4,1.2,.8,1,1.7,4.4,6.4
22108,2018-08-23,8.9,997.4,84,26.7,26.4,1.7,1.1,1.6,2.7,8.1,12.8
22108,2018-08-24,8.9,998.8,82,25.2,25.4,3,1.8,2.4,4.3,6,7.1
22108,2018-08-25,3.1,1009.9,76,25.3,25.4,1.6,.9,1.2,1.9,5.1,5.8
22108,2018-08-26,4.9,1011.5,82,23.2,25.2,1.1,.6,.8,1.4,4.9,8
22108,2018-08-27,3.5,1010.8,95,23.9,24.5,1.3,.8,1.3,2.1,5.9,8
22108,2018-08-28,5,1011.4,93,25.5,24.6,1.5,.9,1.2,2.2,5.7,8
22108,2018-08-29,7.5,1009.7,89,26.3,25.6,2.1,1.3,1.5,2.6,5.5,7.1
22108,2018-08-30,2.2,1010,91,25.8,26.2,1.2,.8,1.1,1.9,4.9,7.1
22108,2018-08-31,3.8,1011.2,76,24.2,26.4,1.2,.7,.9,1.5,5.8,8
22108,2018-09-01,3.3,1010.7,76,25.3,26.7,1,.6,.8,1.4,6.6,8
22108,2018-09-02,4.2,1008.5,73,25.2,26.6,1,.6,.9,1.5,5.4,7.1
22108,2018-09-03,5.5,1001.5,87,25.7,26.7,1.2,.8,1.1,1.7,4.2,5.8
22108,2018-09-04,7.3,999.2,74,25,26.9,1.5,.9,1.4,2.4,4.4,5.8
22108,2018-09-05,6,1004.4,61,26,26.7,1.6,1,1.2,2.1,5.4,5.8
22108,2018-09-06,6.9,1004.8,70,26.2,26.6,1.6,1,1.5,2.4,4.7,5.3
22108,2018-09-07,7.1,1007.1,61,23.7,26.3,2.5,1.5,1.9,3.2,6.5,7.1
22108,2018-09-08,6.2,1014,55,23.3,26,1.4,.9,1.3,2.1,4.8,6.4
22108,2018-09-09,6.2,1016.9,57,22.6,25.7,1.2,.7,.9,1.5,4.3,4.9
22108,2018-09-10,4.6,1019.7,64,23.4,25.5,.8,.5,.7,1.1,4.1,5.3
22108,2018-09-11,6,1019.9,61,22.5,25.1,1,.6,.9,1.5,3.9,4.9
22108,2018-09-12,3.6,1017.9,65,22.4,25.4,.8,.4,.8,1.3,4.6,7.1
22108,2018-09-13,3.8,1016.2,78,23.7,25.6,.5,.3,.4,.6,3.8,7.1
22108,2018-09-14,5,1014.5,85,22.9,25.6,.8,.5,.7,1.1,3.2,5.3
22108,2018-09-15,4,1014.5,88,22.9,25.5,.7,.4,.6,1.1,,4
22108,2018-09-16,4.9,1016.3,76,23.3,24.8,1,.6,.8,1.5,,4
22108,2018-09-17,4.6,1018.1,63,22.6,23.2,1.4,.9,1.1,1.7,9.2,12.8
22108,2018-09-18,2.2,1017.4,65,23,23.5,1.1,.7,.8,1.4,9.4,10.7
22108,2018-09-19,2.4,1014.1,56,23.4,24.2,.7,.5,.6,1,8.7,9.1
22108,2018-09-20,3.6,1009.3,79,22,23.7,.9,.5,.8,1.3,4.2,7.1
22108,2018-09-21,3.7,1009.8,84,21.6,23.5,.7,.4,.5,.9,3.7,6.4
22108,2018-09-22,3.2,1015.5,51,23.9,23.8,1.3,.8,1.3,1.8,4.8,6.4
22108,2018-09-23,6,1016.2,60,23,23.8,1.4,.9,1.4,2.3,5.1,6.4
22108,2018-09-24,6.6,1019.7,52,20.7,23.1,2,1.2,1.5,2.6,6,7.1
22108,2018-09-25,6.1,1019.4,54,19.7,22.5,1.4,.8,1.3,2.4,4.6,5.3
22108,2018-09-26,4.5,1018.6,65,20.9,22.9,1,.6,.8,1.5,3.6,4.3
22108,2018-09-27,5,1018.5,62,20.3,23.7,.9,.6,.8,1.3,3.5,8
22108,2018-09-28,4,1017.4,66,21.3,23.3,.9,.6,.9,1.4,3.6,4.3
22108,2018-09-29,3.3,1013.8,69,21.4,23.1,.7,.4,.7,1,6.4,12.8
22108,2018-09-30,9,1007.8,62,20,22.4,2.4,1.5,2.5,4.1,5.3,7.1
22108,2018-10-01,7.9,1009.9,68,18.2,21.7,4.2,2.7,3.7,6.8,7.5,9.1
22108,2018-10-02,.3,1018.1,59,18.8,21.7,2.3,1.4,2.8,4.3,6.8,9.1
22108,2018-10-03,2.1,1022.2,54,19.7,21.9,.5,.3,.5,.9,4,5.3
22108,2018-10-04,3.9,1022.6,65,20.6,22.1,.6,.4,.6,.9,5,12.8
22108,2018-10-05,8.1,1015.6,85,19.3,22.2,1.7,1,1.6,2.7,4.2,5.3
22108,2018-10-06,11.7,1006.3,82,20,21.7,3.6,2.4,3.3,4.9,6.4,7.1
22108,2018-10-07,8.1,1018.1,55,19.1,20.9,2.8,1.7,2.3,4.1,6.2,8
22108,2018-10-08,3.4,1019.9,44,18.9,20.5,1.3,.8,1,1.8,5.5,6.4
22108,2018-10-09,4,1015.9,62,18.9,20.4,.9,.6,1.5,2.5,3.9,5.8
22108,2018-10-10,8.2,1018.7,58,15.5,19.9,3,2,2.8,4.2,6.8,8
22108,2018-10-11,6.3,1023.8,54,14.5,19.3,2.1,1.3,1.8,2.9,5.9,6.4
22108,2018-10-12,3.6,1026.5,52,14.8,19.5,1.2,.7,1.4,1.9,5.2,6.4
22108,2018-10-13,1.5,1025.7,52,15.8,19.6,.5,.3,.4,.7,3.8,4.6
22108,2018-10-14,2.1,1023.3,55,16.3,19,.4,.2,.4,.7,3.2,5.8
22108,2018-10-15,3.2,1021.2,69,17.9,19.7,.6,.4,.5,.8,3.3,4.9
22108,2018-10-16,4.3,1017.6,55,17.7,19.4,.8,.5,.7,1.1,3.7,5.3
22108,2018-10-17,6,1017.1,50,16.1,19.1,1.5,.9,1.3,2.1,4.9,6.4
22108,2018-10-18,6.8,1020.1,58,15.1,19.3,1.7,1,1.2,2.5,5.5,6.4
22108,2018-10-19,6.5,1025.5,57,16,19.3,1.4,.9,1.3,1.8,4.1,5.8
22108,2018-10-20,3.3,1026.3,56,16.2,19.5,.9,.5,.9,1.7,4,4.9
22108,2018-10-21,1.2,1023.9,52,17.1,19.4,.5,.3,.5,.7,3.5,4.6
22108,2018-10-22,.4,1020.5,56,16.8,18.8,.3,.2,.2,.4,4,5.8
22108,2018-10-23,5.5,1018.1,67,17.7,18.5,1.3,.8,1.4,2.3,4.3,5.8
22108,2018-10-24,1.7,1021.4,54,16.5,18.5,1.4,.9,1.5,2.4,5.4,6.4
22108,2018-10-25,1.9,1020.6,59,16.6,18.3,.5,.3,.5,.8,4.6,5.8
22108,2018-10-26,9.3,1013,66,16.6,18,2.4,1.5,3.4,4.9,5.1,7.1
22108,2018-10-27,8.8,1016.6,56,13.5,17.2,4.4,2.7,3.7,6.6,7.7,9.1
22108,2018-10-28,8.1,1011.2,56,15.7,16.8,3.7,2.4,3.1,5.1,7,8
22108,2018-10-29,5,1015.3,64,12.5,16.8,2.4,1.5,2.1,3.4,6.2,8
22108,2018-10-30,3.5,1022.3,58,11.2,16.7,1.6,1,1.8,2.7,5.5,6.4
22108,2018-10-31,5.5,1024.1,63,11.6,16.8,1.6,1,1.6,2.5,5.2,6.4
22108,2018-11-01,4.6,1027.1,58,13.2,16.8,1.5,.9,1.4,2.3,4.9,5.8
22108,2018-11-02,2.1,1028.1,62,14.4,16.8,.7,.5,.6,1.1,4.2,4.9
22108,2018-11-03,1.4,1026,66,14.5,16.5,.4,.3,.4,.6,3.3,7.1
22108,2018-11-04,2.5,1023.3,67,14.7,16.5,.4,.3,.4,.7,3.6,6.4
22108,2018-11-05,5.1,1023.9,76,14.8,16.7,.9,.5,.9,1.7,3.6,4.3
22108,2018-11-06,4.8,1025.8,76,14.1,16.5,1.3,.8,1,2,4.9,5.8
22108,2018-11-07,3.7,1024.4,76,14.4,16.1,1.2,.7,1.3,2.1,5,5.8
22108,2018-11-08,8.7,1012.4,89,15,16,2,1.3,3.2,4.9,5,7.1
22108,2018-11-09,7,1019.4,69,14.2,15.6,3.9,2.6,3.7,5.9,7.6,8
22108,2018-11-10,2,1024.8,72,14.9,15.8,1.7,1,1.4,2.4,5.7,6.4
22108,2018-11-11,3.4,1022.6,58,13,15.4,.9,.5,.7,1.2,4.2,5.3
22108,2018-11-12,6.1,1020.5,56,12.1,15.2,1.3,.8,1,1.6,4.6,5.8
22108,2018-11-13,6.9,1020.5,52,12.6,15,1.6,1,1.3,2.1,5,5.8
22108,2018-11-14,3.4,1023.4,58,12.8,14.9,1,.6,.9,1.5,4.4,4.9
22108,2018-11-15,2.1,1024.7,63,13.5,15,.4,.3,.4,.6,3.3,9.1
22108,2018-11-16,6.4,1022.9,67,12.3,14.8,1.6,1,2.2,4.2,5.1,9.1
22108,2018-11-17,5.9,1024.1,53,10,14.6,2.1,1.3,2.1,3.4,6,7.1
22108,2018-11-18,2.5,1022.3,66,10.3,14.5,.8,.5,.8,1.3,4.5,5.8
22108,2018-11-19,5.5,1023.1,53,11.7,14.4,1.2,.7,1.1,1.9,4.6,5.8
22108,2018-11-20,4.7,1025.6,42,11.3,14.3,.9,.6,.9,1.7,4,5.3
22108,2018-11-21,7.4,1023.8,68,10.2,14.2,1.7,1,1.9,3.2,4.5,5.8
22108,2018-11-22,7.5,1026.7,50,8,13.9,2.1,1.3,1.7,3.1,5.3,6.4
22108,2018-11-23,5.5,1028,55,7.6,13.8,1.3,.8,1.4,2.3,4.5,6.4
22108,2018-11-24,7.2,1022.5,65,12,13.8,2.6,1.7,2.3,4,6.1,7.1
22108,2018-11-25,2.7,1024.6,63,11.5,13.9,1.3,.8,1.4,2.4,5.3,6.4
22108,2018-11-26,1.4,1024.8,64,11.5,14,.5,.3,.4,.7,4.4,5.8
22108,2018-11-27,5.3,1023.2,71,12.6,13.9,.9,.6,1.1,1.8,4.8,9.1
22108,2018-11-28,6.9,1025,43,9.4,13.5,1.5,.9,1.3,2.2,4.7,5.8
22108,2018-11-29,3.2,1026.3,53,10.4,13.5,.7,.4,.6,1,3.6,5.8
22108,2018-11-30,2.7,1027.6,59,8.2,13.5,.8,.4,.6,1.2,3.7,4.6
22108,2018-12-01,3.3,1026.9,63,10.2,13.4,.6,.3,.5,.8,3.7,6.4
22108,2018-12-02,5.9,1022,72,12.7,13.4,.9,.6,.8,1.3,3.4,4
22108,2018-12-03,5.6,1016.5,92,13.5,13.4,1.2,.7,1.2,1.9,4.4,7.1
22108,2018-12-04,11.2,1020.7,70,9.4,13.3,3.7,2.4,4.1,5.7,6.8,9.1
22108,2018-12-05,9.1,1027,58,5.2,13.1,3,1.9,3.1,5.6,6.7,8
22108,2018-12-06,8,1024.4,67,5.9,12.9,1.9,1.2,3.3,5,5,7.1
22108,2018-12-07,11.7,,,,,4.7,3.1,4.5,7.1,7.7,9.1
22108,2018-12-09,,,,,,,,2,3.4,,7.1
22108,2018-12-11,,,,,,,,1,1.5,,4.6
22108,2018-12-12,8,1030.3,61,3.7,11.6,2.6,1.6,2.1,3.2,6.2,7.1
22108,2018-12-13,8.6,1030.1,62,4.5,11.5,2.7,1.6,2.4,4,5.8,7.1
22108,2018-12-14,6.9,1035.4,62,2.4,11.3,2.4,1.5,2.2,3.3,6.3,8
22108,2018-12-15,2.7,1032.5,57,3.4,11.2,.9,.6,1.1,1.7,4.6,5.8
22108,2018-12-16,4.5,1021.2,68,6.5,11.1,.9,.5,1.1,1.9,4.2,6.4
22108,2018-12-17,7.6,1019.6,56,7.2,11,2.6,1.7,2.3,3.4,6.2,7.1
22108,2018-12-18,5.6,1021.1,56,8.5,10.9,2.1,1.2,1.6,2.8,5.7,7.1
22108,2018-12-19,3.5,1021.3,68,9.9,11,1.6,1,1.3,2.4,5.4,5.8
22108,2018-12-20,4.9,1023,54,8.9,10.9,.8,.5,.5,.9,4.2,6.4
22108,2018-12-21,2.3,1023.1,65,9.6,10.8,.5,.3,.5,.8,3.9,6.4
22108,2018-12-22,4.2,1023.7,74,9,10.8,.7,.4,.7,1.1,3.6,5.8
22108,2018-12-23,9.1,1026,57,6.5,10.8,2.4,1.6,2.4,4,5.6,7.1
22108,2018-12-24,4.5,1028.3,58,3.3,10.7,2,1.3,2.1,3.3,6.2,7.1
22108,2018-12-25,4.1,1024.4,66,5.8,10.6,.8,.5,.7,1.2,4.2,5.3
22108,2018-12-26,10.2,1026.1,59,3.2,10.5,2.8,1.8,2.4,4,5.9,8
22108,2018-12-27,11.9,1030.5,68,-2.1,10.2,4.2,2.8,3.8,5.5,7.5,8
22108,2018-12-28,11.1,1032.5,73,-1.4,9.8,3.9,2.5,3.2,5.3,7.2,8
22108,2018-12-29,9.2,1035.7,78,-.6,9.5,3.2,2,2.4,3.9,6.6,7.1
22108,2018-12-30,6.8,1037.8,71,-.6,9.2,2.5,1.6,2.4,3.5,6.6,7.1
22108,2018-12-31,5.7,1037.5,61,1.1,9,1.4,.9,1,1.7,5,6.4
22108,2019-01-01,8.7,1034.4,60,1.9,8.9,2.7,1.7,2.9,4.3,5.8,8
22108,2019-01-02,7.3,1034.9,59,2.2,8.8,2.5,1.6,2.1,3.6,6.6,8
22108,2019-01-03,4.4,1035.7,62,2.6,8.6,1.3,.8,1.3,2.1,5.1,5.8
22108,2019-01-04,3,1031.1,65,4.7,8.5,.5,.3,.5,.8,3.8,6.4
22108,2019-01-05,8.1,1027.9,59,2.4,8.5,2.1,1.3,1.9,2.8,5.5,7.1
22108,2019-01-06,5.6,1029.3,63,2.1,8.4,1.5,1,1.4,2.4,5.3,6.4
22108,2019-01-07,4.7,1029,63,4.2,8.3,1.3,.8,1,1.6,5,5.8
22108,2019-01-08,8.1,1029.9,64,2.1,8.2,2,1.3,2.5,3.4,5.1,6.4
22108,2019-01-09,4.3,1033.6,59,-.4,8.1,2.1,1.3,2.5,3.7,6.7,7.1
22108,2019-01-10,3.7,1027.1,66,3.1,8.1,.9,.6,1,2,4.8,5.8
22108,2019-01-11,3.2,1025.4,63,5.4,8.2,1.2,.8,1,1.8,5.7,7.1
22108,2019-01-12,3.6,1023.6,65,5.5,8.1,.5,.3,.5,.8,3.4,5.8
22108,2019-01-13,5.3,1026.3,67,5.2,8.1,.9,.5,.6,1.1,3.6,4.3
22108,2019-01-14,2.4,1026.1,62,5.3,8.1,.6,.4,.5,.8,4.2,4.9
22108,2019-01-15,9.1,1025.3,66,3,8,2.7,1.7,3.3,5.3,5.3,8
22108,2019-01-16,6.2,1027.8,62,-.2,7.8,2.8,1.7,2.7,4.4,7,8
22108,2019-01-17,6.1,1025.7,60,3.8,7.7,2,1.3,1.6,2.7,6.1,7.1
22108,2019-01-18,3.4,1027.9,58,5.5,7.6,1.1,.6,.9,2.1,4.9,5.8
22108,2019-01-19,3.1,1022.9,66,6.2,7.6,.5,.3,.5,.7,3.5,4.6
22108,2019-01-20,10.7,1024.2,64,2.6,7.4,3.3,2.1,3,5.8,6.2,8
22108,2019-01-21,7.5,1023.2,56,4.6,7.4,2.7,1.7,2.3,3.6,6.5,8
22108,2019-01-22,5.3,1020.6,57,6.4,7.4,2.1,1.4,2.1,3.3,6,8
22108,2019-01-23,7.3,1021.7,58,5.9,7.4,2.1,1.3,2.1,3.1,5.5,6.4
22108,2019-01-24,4.7,1025.6,49,3.7,7.4,1.4,.9,1.8,2.9,5.5,6.4
22108,2019-01-25,9.1,1025.9,58,2.6,7.3,2.4,1.6,3,4.5,5.4,8
22108,2019-01-26,10.7,1030.4,64,1.3,7.1,3.9,2.5,3.5,6.3,7.3,8
22108,2019-01-27,4.9,1027.9,61,4.2,7.1,1.6,1,1.8,3,5.3,7.1
22108,2019-01-28,8.4,1023.9,57,4.3,6.9,2.9,1.8,2.2,3.8,6.2,7.1
22108,2019-01-29,2.3,1028.7,51,3.1,7,1.2,.8,1.8,2.6,5.5,7.1
22108,2019-01-30,2.5,1026.3,71,4.9,6.9,.5,.3,.6,1,4,5.8
22108,2019-01-31,10,1023.2,65,1.7,6.6,3.4,2.2,3.3,5.4,6.6,8
22108,2019-02-01,6.6,1024.6,56,2.5,6.4,2.8,1.8,2.5,4.5,6.7,7.1
22108,2019-02-02,6.3,1021.8,67,6,6.5,2.1,1.3,1.4,2.6,6,7.1
22108,2019-02-03,7.3,1013.4,90,6.7,6.4,2.4,1.5,2.2,3.4,6.6,7.1
22108,2019-02-04,6,1026.2,45,3,6.3,2.8,1.7,3,5.2,7,8
22108,2019-02-05,4.9,1021.4,66,5.9,6.3,1.2,.8,1,1.6,5,6.4
22108,2019-02-06,2.8,1016.3,86,6.6,6.5,.9,.6,.9,1.4,4.9,5.8
22108,2019-02-07,11.3,1022.8,68,.7,6.3,3.7,2.4,3.3,5.2,6.6,9.1
22108,2019-02-08,8.3,1026.8,65,-2.6,6.1,2.8,1.7,2.5,4.8,6.5,8
22108,2019-02-09,9.9,1029.6,61,-1.1,6,3.1,2,2.7,4.1,6.3,8
22108,2019-02-10,6.6,1031.3,60,-1.6,5.8,2,1.2,1.6,2.7,5.8,6.4
22108,2019-02-11,6.6,1032.7,62,.9,5.8,1.9,1.2,1.6,2.4,5.4,5.8
22108,2019-02-12,3.5,1034.4,64,2.1,5.7,.9,.6,.7,1.5,4.4,5.3
22108,2019-02-13,7.1,1033.7,54,1,5.6,1.4,.9,1.2,1.9,4.2,5.3
22108,2019-02-14,5.5,1032.1,51,0,5.6,1.3,.9,1.5,2.2,4.9,5.8
22108,2019-02-15,6,1024.9,67,2.4,5.5,1.4,.9,2.2,4.2,4.7,6.4
22108,2019-02-16,9.2,1025.8,64,.5,5.3,3.5,2,2.3,4.4,6.8,7.1
22108,2019-02-17,6.3,1027.6,59,1.8,5.2,2.1,1.3,1.6,3.1,6.2,7.1
22108,2019-02-18,3.7,1025.9,64,2.6,5.2,.8,.5,.8,1.4,4.8,5.8
22108,2019-02-19,5.7,1019.9,86,2.8,5.2,.9,.5,.7,1.3,3.4,4.6
22108,2019-02-20,6.3,1026.6,73,4,5.3,1.5,.9,1.3,2.1,5,6.4
22108,2019-02-21,4.4,1027.8,69,3.8,5.3,1.1,.7,1.1,1.8,4.9,5.3
22108,2019-02-22,5.3,1022.9,74,4.3,5.3,.9,.6,1,1.7,4.3,4.9
22108,2019-02-23,3.5,1023.8,81,4.9,5.5,1.3,.8,1.1,2,5.3,5.8
22108,2019-02-24,1.5,1023.8,93,5.3,5.9,.5,.3,.5,.8,4.4,4.9
22108,2019-02-25,5.3,1023,74,5,5.5,1.1,.7,1.5,2.4,4.4,6.4
22108,2019-02-26,5.4,1025,70,4.8,5.5,1.3,.8,1.3,2.2,5,5.8
22108,2019-02-27,3.3,1022.3,73,5.4,5.7,.7,.4,.6,1,4.1,7.1
22108,2019-02-28,4,1020.3,86,5.5,5.6,.6,.4,.5,.8,3.5,5.8
22108,2019-03-01,2.6,1023.1,92,4.9,5.9,.6,.4,.5,.9,3.8,4.3
22108,2019-03-02,3.2,1019.6,87,4.4,5.8,.5,.3,.5,.8,3.6,5.3
22108,2019-03-03,3.8,1013.9,78,5.9,5.9,.4,.3,.4,.8,2.7,5.8
22108,2019-03-04,4.8,1015.5,85,6.3,5.8,1,.6,.9,1.5,3.9,4.9
22108,2019-03-05,2.9,1020.9,93,5.9,5.9,.8,.5,.6,1,4.7,5.3
22108,2019-03-06,3.7,1017.7,89,6,6,.7,.4,1.2,2.3,3.7,5.3
22108,2019-03-07,8.9,1021.6,70,5,5.7,3.1,1.9,2.4,3.7,6.8,8
22108,2019-03-08,2.5,1026.1,74,5.5,6.1,1.4,.9,1.5,2.7,5.4,6.4
22108,2019-03-09,2.9,1021.9,80,5.5,5.9,.4,.3,.4,.7,4.1,8
22108,2019-03-10,5.8,1014.2,75,6.2,5.8,.8,.5,.8,1.3,3.4,5.8
22108,2019-03-11,4.5,1010.7,91,6.1,5.8,1,.6,.9,1.5,4.3,5.3
22108,2019-03-12,7.6,1013.1,73,5,5.8,2.3,1.5,2.6,4.3,5.7,7.1
22108,2019-03-13,4.9,1022.3,58,5.5,5.9,2.3,1.4,2.2,3.4,6.1,7.1
22108,2019-03-14,5.3,1023.4,78,6,5.9,1.4,.9,1.1,1.8,5.3,6.4
22108,2019-03-15,7,1018.6,84,5.6,5.9,2.8,1.8,4.2,7,6.2,9.1
22108,2019-03-16,4.8,1021.3,74,5.6,6,2.4,1.6,4.1,6.2,6.7,9.1
22108,2019-03-17,2,1024.6,85,6.1,6.3,1.3,.8,1.1,1.9,5.4,6.4
22108,2019-03-18,2.5,1020.7,82,6.1,6.5,.5,.3,.5,.8,3.9,5.8
22108,2019-03-19,3.8,1017.5,90,7,6.5,.5,.3,.5,.7,3.8,4.9
22108,2019-03-20,5.7,1008.7,92,7.7,6.2,1.1,.7,2.2,3.4,4.5,7.1
22108,2019-03-21,9.3,1011.1,85,5.9,6.1,3.5,2.3,3.3,4.8,7.4,8
22108,2019-03-22,9.3,1022,59,4,6.1,3.3,2.1,3.6,5.3,7.1,9.1
22108,2019-03-23,7.5,1022.9,64,5.4,6.1,2,1.3,2.6,4.2,5.2,7.1
22108,2019-03-24,5,1022.9,60,5.7,6.3,1.8,1.1,1.9,3,6.1,7.1
22108,2019-03-25,6.9,1017.4,88,6.9,6.2,1.9,1.2,1.4,2.4,5.6,6.4
22108,2019-03-26,3.5,1018.2,94,6.6,6.9,1.1,.7,1.2,1.9,4.9,5.8
22108,2019-03-27,7,1013.7,89,7.8,6.4,2,1.2,1.5,2.6,5.2,6.4
22108,2019-03-28,6,1015.2,71,6.2,6.5,1.8,1.1,1.5,2.3,5.8,7.1
22108,2019-03-29,4.4,1015.2,70,6.4,6.8,1.1,.7,1,1.8,4.7,5.8
22108,2019-03-30,7.4,1015.1,74,6,6.6,2.2,1.5,4.8,7.4,4.5,9.1
22108,2019-03-31,9.4,1022.3,52,5.8,6.3,4.3,2.7,4.7,7.6,7.7,9.1
22108,2019-04-01,3.6,1024.1,63,6.7,7.1,1.2,.8,1.5,2.2,5.2,6.4
22108,2019-04-02,3.1,1024.8,71,6.6,6.8,.8,.5,.6,1.1,4.7,5.3
22108,2019-04-03,3.6,1025,79,6.9,7.1,.8,.5,.6,1.1,4,4.6
22108,2019-04-04,5.4,1019,87,7.5,7.1,1.1,.7,1.2,1.8,4.2,4.9
22108,2019-04-05,5.3,1012.1,83,7.9,7.1,1.9,1.2,1.4,2.4,5.5,6.4
22108,2019-04-06,2.3,1012.2,87,7.5,7.4,.8,.5,.8,1.3,4.8,8
22108,2019-04-07,4.7,1011.1,80,8,7.4,1,.6,.8,1.4,4.4,5.8
22108,2019-04-08,3.8,1016.5,75,7.8,7.4,.7,.4,.6,1,3.6,4.9
22108,2019-04-09,5.5,1013.6,81,7.8,7.4,.8,.5,1.3,1.8,3.9,4.9
22108,2019-04-10,,,,,,,,1.2,1.9,,4.6
22108,2019-04-11,,,,,,,,.6,.9,,4.6
22108,2019-04-12,2.4,1019.8,88,8.2,7.9,.5,.3,.4,.7,3.2,5.8
22108,2019-04-13,2.2,1020.4,88,8.6,8.5,.3,.2,.3,.5,2.8,5.3
22108,2019-04-14,4.8,1017.1,83,8.9,8.1,.8,.5,1.3,1.9,3.5,5.3
22108,2019-04-15,3.5,1020.2,85,8.9,8.3,1,.6,1.1,1.8,4.8,5.8
22108,2019-04-16,2.6,1017.3,84,9.7,9.1,.6,.3,.4,.7,2.5,4
22108,2019-04-17,,,,,,,,.3,.5,,5.3
22108,2019-04-18,4.6,1012.6,92,10,9.3,.9,.6,.8,1.4,3.8,4.9
22108,2019-04-19,2.7,1016.3,93,9.4,9.5,.9,.5,.7,1.1,4.6,5.3
22108,2019-04-20,1.7,1015.7,91,10.8,10.4,.5,.3,.4,.8,4.4,5.8
22108,2019-04-21,1.4,1014.6,89,11,10.8,.4,,.3,.6,4.3,6.4
22108,2019-04-22,2.2,1015.8,87,11,11.1,.4,.2,.3,.5,5.1,7.1
22108,2019-04-23,2.5,1012.5,89,12,11.3,.4,.2,.3,.5,5.4,6.4
22108,2019-04-24,3.4,1007.8,93,11.8,11.4,.4,.3,.5,.9,5.1,7.1
22108,2019-04-25,3.9,1008.2,86,10.9,10.9,1.2,.7,1.3,2.8,4.2,5.3
22108,2019-04-26,7.3,1013.8,86,8.5,8.4,2.3,1.4,1.7,2.8,5.8,7.1
22108,2019-04-27,3.2,1022.4,83,9,9.1,.8,.5,.9,1.5,4.5,5.3
22108,2019-04-28,2.7,1021.2,83,9.8,9.4,.4,.2,.3,.5,3.5,7.1
22108,2019-04-29,2.9,1014.5,84,9.7,9.3,.4,.2,.3,.6,3.7,6.4
22108,2019-04-30,3.5,1010.1,85,10.3,9.7,.5,.3,.3,.7,4.8,8
22108,2019-05-01,4.3,1009.2,89,10.1,9.9,.8,.5,.9,1.4,4.5,7.1
22108,2019-05-02,4.7,1013.6,78,11.5,10,1.2,.7,1.1,1.9,4.5,4.9
22108,2019-05-03,2,1017.7,85,12.1,11.4,.7,.4,.5,.9,4.1,5.3
22108,2019-05-04,1.9,,,,,.5,.3,.4,.6,3.9,4.3
22108,2019-05-05,2.9,1017.6,80,13.2,12.6,.4,.3,1,1.5,3.6,5.3
22108,2019-05-06,8.3,1018.9,68,10.7,10.3,2.1,1.3,1.7,3,5.5,7.1
22108,2019-05-07,3.4,1017.9,82,11.3,10.6,.8,.5,.7,1.3,4.2,5.3
22108,2019-05-08,4.1,1013.9,83,11.7,10.8,1,.6,.8,1.6,4.5,5.3
22108,2019-05-09,2,1012.3,86,11.8,11.5,.7,.4,.6,1,4.4,4.9
22108,2019-05-10,1.9,1014.4,84,12.5,12.4,.4,.2,.3,.6,3.9,5.8
22108,2019-05-11,2.2,1015.2,86,13,12.8,.3,.2,.4,.7,4.8,9.1
22108,2019-05-12,1.8,1015.8,80,13.9,13.5,.3,.2,.2,.4,4.3,7.1
22108,2019-05-13,2.6,1015.1,85,14,13.3,.4,.3,.4,.7,3.7,6.4
22108,2019-05-14,1.6,1013.9,84,15.2,14.8,.4,.2,.3,.5,4.2,6.4
22108,2019-05-15,1.7,1013.9,84,15.8,15.4,.4,.2,.2,.6,4.6,7.1
22108,2019-05-16,1.6,1012.7,85,16.6,15.7,.4,.2,.3,.4,6,8
22108,2019-05-17,2.2,1012.6,83,16.3,15.3,.4,.2,.3,.4,5.5,7.1
22108,2019-05-18,5.8,1010.4,88,15.5,14.8,.7,.4,.6,1,3.2,6.4
22108,2019-05-19,3.8,1008.1,90,15.7,14.6,.7,.4,.5,.8,6.5,7.1
22108,2019-05-20,6.9,1008,74,14.6,13.8,2.4,1.4,2.3,3.7,6.2,8
22108,2019-05-21,5.7,1007.5,79,15,13.5,1.8,1.1,1.5,2.4,5.4,7.1
22108,2019-05-22,4.7,1006.6,86,15.2,13.8,1.2,.8,1,1.7,4.8,5.8
22108,2019-05-23,3.4,1009.1,88,15.7,14.9,1,.6,.6,1.2,4.2,4.9
22108,2019-05-24,4.8,1011,87,16.4,15.9,1.2,.7,.9,1.5,4.7,5.8
22108,2019-05-25,5.5,1014.9,85,17.2,16.3,1.2,.7,.9,1.4,4.6,5.8
22108,2019-05-26,4.8,1013.8,82,18,16.7,1.8,1.1,1.4,2.4,5.9,6.4
22108,2019-05-27,9.7,1005.8,85,16.3,15.8,3.6,2.1,2.8,4.6,7.3,9.1
22108,2019-05-28,5.5,1012.8,79,15.4,15,2.2,1.3,2.7,4.6,6.3,8
22108,2019-05-29,3.8,1011.6,84,15.9,15.3,1,.7,.9,1.3,4.6,5.3
22108,2019-05-30,4.5,1012.1,80,16.3,15.4,.9,.5,1,1.8,3.9,4.9
22108,2019-05-31,2.6,1011.7,83,15.9,15.9,.7,.5,.8,1.3,4,4.9
22108,2019-06-01,2.8,1011.1,88,16.1,16.3,.5,.3,.4,.7,3.7,4.9
22108,2019-06-02,1.8,1008.5,85,17,17.2,.5,.3,.3,.6,3.7,4.6
22108,2019-06-03,2.8,1008.6,84,17.8,17.7,.4,.3,.4,.7,4,4.9
22108,2019-06-04,2.6,1010.2,84,18.1,17.9,1,.6,.8,1.4,5,5.8
22108,2019-06-05,1.7,1012.9,89,17.8,18.1,.6,.4,.5,.8,5.3,7.1
22108,2019-06-06,4.8,1009.2,93,16.7,17.7,.7,.4,.9,1.3,4.2,6.4
22108,2019-06-07,7.8,1002.7,90,16.5,16.2,2,1.2,1.9,2.9,5.2,8
22108,2019-06-08,2.3,1008.8,87,17.4,16.9,1,.6,1,1.5,5.9,7.1
22108,2019-06-09,2.4,1006.3,90,17.3,17.5,.6,.3,.5,.8,5.7,7.1
22108,2019-06-10,3.5,1007,91,16.4,17.4,.8,.5,.7,1.2,4.2,5.8
22108,2019-06-11,2.1,1009.8,87,17.3,18.1,.5,.3,.4,.6,5.8,8
22108,2019-06-12,2.2,1011.6,86,18,18.8,.4,.3,.3,.6,6.3,7.1
22108,2019-06-13,1.8,1011.1,82,18.9,19.6,.3,.2,.3,.5,5.6,8
22108,2019-06-14,3.7,1006.5,85,18.8,19.2,.4,.3,.4,.7,3.4,7.1
22108,2019-06-15,7.6,1002.6,84,18.7,18.5,1.5,.9,1.4,2.7,4,5.8
22108,2019-06-16,,,,,,,,1.3,2.3,,5.8
22108,2019-06-17,,,,,,,,.5,.7,,5.3
22108,2019-06-18,4.6,1010.9,90,19.2,19.2,.9,.5,.8,1.3,3.7,5.8
22108,2019-06-19,1.8,1008.7,88,19.7,20.2,1.1,.6,.8,1.4,5.3,7.1
22108,2019-06-20,2,1008.4,90,20,20.4,.6,.4,.5,.9,5.7,6.4
22108,2019-06-21,2.7,1007.1,87,20,20.4,.5,.3,.3,.5,5.6,7.1
22108,2019-06-22,2.9,1007.1,86,19,20.8,.5,.3,.5,.8,3.5,5.8
22108,2019-06-23,3,1008.9,83,20.5,21,.5,.3,.4,.6,3.6,8
22108,2019-06-24,2.4,1013.2,82,21.6,21.9,.3,,.3,.7,4.9,5.8
22108,2019-06-25,2.5,1014.9,87,21.3,22.5,.4,.2,.3,.6,4.2,5.8
22108,2019-06-26,3.9,1008.6,82,20.9,21.7,.5,.3,.4,.8,3.3,5.3
22108,2019-06-27,2.9,1001.8,88,20.9,21.8,.5,.3,.4,.6,4.9,7.1
22108,2019-06-28,2.5,1002.6,87,22.3,22.4,.6,.4,.4,.9,6.4,8
22108,2019-06-29,5.3,998.2,88,21.3,22,.8,.5,.8,1.4,3.9,7.1
22108,2019-06-30,4,1001.9,92,21.9,21.8,1.1,.7,.8,1.5,5.8,8
22108,2019-07-01,1.9,1006.6,86,21.8,22.3,.8,.5,.7,1.2,5.9,7.1
22108,2019-07-02,3,,,,,.6,.4,.5,.8,5.8,7.1
22108,2019-07-03,,,,,,,,.4,.6,,6.4
22108,2019-07-04,1.8,1007.7,91,21.4,23.3,.5,.3,.4,.6,6.2,9.1
22108,2019-07-05,2.4,1004,86,21.8,23.7,.7,.4,.5,.8,7.1,9.1
22108,2019-07-06,1.8,1003.9,73,23.7,24.1,.6,.4,.4,.7,6.2,7.1
22108,2019-07-07,3.6,1007,75,23.4,24,.8,.5,.7,1.3,6.2,8
22108,2019-07-08,5,1007.3,71,22.5,23.9,.8,.5,.6,1.3,5.9,8
22108,2019-07-09,3.6,1006.3,74,22.1,23.4,.7,.4,.6,.9,6.2,7.1
22108,2019-07-10,6.1,1005.8,82,21.2,23.2,.8,.5,.9,1.4,4.1,7.1
22108,2019-07-11,7.8,1006.2,86,20.6,22.6,1.3,.8,1,1.7,4,7.1
22108,2019-07-12,3.5,1007.4,87,22.4,23,.8,.5,.6,1,6.1,7.1
22108,2019-07-13,3.9,1002.6,87,22.8,23.3,1,.6,.7,1.3,4.6,7.1
22108,2019-07-14,2.6,1003.3,89,23.5,23.8,.7,.4,.6,1,5.5,7.1
22108,2019-07-15,4.6,1007.2,86,23,23.6,1.2,.7,.8,1.5,5.1,8
22108,2019-07-16,3.8,1010.9,86,23.4,24,.9,.5,.7,1.3,3.9,5.8
22108,2019-07-17,2.3,1011.8,84,22.9,24.2,.5,.3,.4,.7,4.2,5.8
22108,2019-07-18,2.7,1009.4,87,22.8,24.3,.4,.3,.3,.6,4.1,4.9
22108,2019-07-19,4.8,1005.4,84,24.1,24.5,.7,.4,.8,1.5,7.9,12.8
22108,2019-07-20,7.8,997.5,85,23.6,23.4,1.8,1.1,1.4,2.5,8.7,10.7
22108,2019-07-21,5.1,1003.6,90,24.1,23.8,1.4,.9,1.1,1.9,6.9,10.7
22108,2019-07-22,4.8,1007,92,23.8,24.3,1.1,.6,.8,1.4,5.5,7.1
22108,2019-07-23,7.6,1005.1,91,24.1,24.4,1.6,1,1.3,2.1,4.2,5.3
22108,2019-07-24,7.5,1004,92,24.1,24.2,1.7,1.1,1.3,2,4.9,6.4
22108,2019-07-25,8,1004.5,93,24,24.3,1.8,1.1,1.3,2.4,4.6,6.4
22108,2019-07-26,6.6,1003.9,93,24.2,24.3,1.6,1,1.5,2.4,4.6,5.3
22108,2019-07-27,4.1,1005.6,93,24.3,24.6,1,.6,.8,1.5,4.3,5.3
22108,2019-07-28,8.3,1008,90,24.6,24.5,2,1.2,1.8,2.9,4.9,6.4
22108,2019-07-29,8.7,1009,90,24.9,24.3,2.5,1.5,1.7,3,5.7,7.1
22108,2019-07-30,9,1007.1,91,25.1,24.5,2.7,1.6,1.8,3.3,6,7.1
22108,2019-07-31,6.8,1009.4,91,25.2,24.5,2.2,1.3,1.6,2.6,5.7,6.4
22108,2019-08-01,4.3,1012.2,92,25.2,25.1,1.3,.8,1,1.8,5,6.4
22108,2019-08-02,2.3,1012.4,87,26,26.5,.7,.4,.6,.9,4.5,5.3
22108,2019-08-03,2.7,1011.5,85,25.7,26.3,.5,.3,.4,.7,4.7,5.8
22108,2019-08-04,2.1,1011.2,85,26.3,26.4,.5,.3,.4,.7,6,9.1
22108,2019-08-05,3.5,1010.1,81,26.1,26.8,.6,.4,.4,.8,6.2,8
22108,2019-08-06,3,1006.7,79,27,27.1,.5,.3,.4,.6,5,6.4
22108,2019-08-07,2.8,1006,86,27.6,27.5,.5,.3,.4,.7,4.9,7.1
22108,2019-08-08,2.6,1008.6,85,27.5,27.8,.5,.3,.4,.7,3.8,9.1
22108,2019-08-09,2.8,1007.8,82,27.8,28.4,.8,.5,.7,1.2,7.9,10.7
22108,2019-08-10,3.7,1005.1,79,28.4,28.5,1.6,1,1.7,3,9.8,12.8
22108,2019-08-11,9.5,999.3,77,27.6,27.6,3,1.8,2.9,4.3,9,10.7
22108,2019-08-12,9.4,999,88,27.1,27.2,3.5,2.2,2.9,4.5,7,8
22108,2019-08-13,4.8,1002.4,86,27,27.4,2.1,1.2,1.8,2.9,6.3,8
22108,2019-08-14,4,1000.2,82,27.3,27.8,1.2,.7,.9,1.5,4.9,7.1
22108,2019-08-15,4.8,993.8,80,26.8,27.5,1,.6,.8,1.3,4,4.6
22108,2019-08-16,6.7,997.1,77,26.7,27.4,1.8,1.1,1.4,2.1,4.9,5.8
22108,2019-08-17,6.1,1002.3,71,26.8,27.3,1.8,1.1,1.4,2.4,5,6.4
22108,2019-08-18,2.8,1007.5,64,25.9,27.4,1.2,.7,.9,1.5,4.6,5.3
22108,2019-08-19,4.8,1010.1,73,25.3,27.3,.8,.5,.6,1.1,4.1,8
22108,2019-08-20,2.8,1009.7,76,26.3,27.9,.6,.4,.5,.9,4,7.1
22108,2019-08-21,,1008.8,74,27.1,28,.4,.2,.3,.7,4.6,8
22108,2019-08-22,4.4,1007.6,73,26.1,27.6,.7,.4,.6,1.1,4.6,7.1
22108,2019-08-23,4.5,1009.8,62,26.6,27.5,1,.6,.7,1.1,4.3,6.4
22108,2019-08-24,4.7,1011.7,64,26.2,27.3,1,.6,.9,1.4,4,4.6
22108,2019-08-25,1.7,1013.7,65,25.3,27.5,.7,.4,.5,.9,6.7,12.8
22108,2019-08-26,2.1,1012.4,67,25.4,27.4,1,.6,.8,1.2,8.7,10.7
22108,2019-08-27,4.4,1008.1,79,23.8,27.2,1.2,.7,1.1,1.9,6.5,9.1
22108,2019-08-28,2.7,1007.7,75,25.6,27.3,1.1,.6,.8,1.3,6.7,8
22108,2019-08-29,5.6,1006.7,71,25.9,27.1,1.5,.9,1.1,2.2,4.8,6.4
22108,2019-08-30,6,1010.3,61,25,26.9,2,1.2,1.4,2.5,5.3,5.8
22108,2019-08-31,3.7,1014.7,66,24.4,26.7,1.3,.8,1.2,1.9,4.6,5.3
22108,2019-09-01,2.2,1017.3,60,24.4,26.3,.6,.4,.7,1.1,4.5,8
22108,2019-09-02,3.6,1016.9,68,24.1,26.3,.5,.3,.5,.8,4,7.1
22108,2019-09-03,3.1,1014.8,80,23.8,26.4,.5,.3,.4,.7,3.8,6.4
22108,2019-09-04,6.9,1011.7,84,24.8,26.3,1.4,.9,1.7,2.8,4.1,6.4
22108,2019-09-05,4.8,1011.4,83,24.4,26.3,1.3,.8,1.1,1.9,5.8,9.1
22108,2019-09-06,6.2,1007.7,85,24.9,26.2,1.2,.7,1.1,1.9,7.3,10.7
22108,2019-09-07,,,,,,,,7.2,10.2,,12.8
22108,2019-09-10,,,,,,,,1.9,3.3,,7.1
22108,2019-09-11,3.5,1014.1,92,22.1,20.2,1.3,.8,1.6,2.1,4.5,5.8
22108,2019-09-12,3.7,1015,91,22.2,20.1,.8,.5,.7,1.1,4.1,5.8
22108,2019-09-13,1.9,1013.2,85,22.2,20.6,.6,.4,.6,1,3.6,6.4
22108,2019-09-14,2.3,1011.8,91,22,20.5,.5,.3,.5,.8,4.2,7.1
22108,2019-09-15,3.5,1011,90,22.1,20.6,1.3,.8,1.4,2.1,4.8,6.4
22108,2019-09-16,4.9,1009.7,89,22.5,20.6,1.2,.7,.9,1.4,4.4,5.3
22108,2019-09-17,3.1,1013.2,80,22.8,21.3,1.1,.6,1,1.6,4.6,5.3
22108,2019-09-18,8.8,1017.6,66,21.5,21,2.5,1.5,2.5,4.3,5.4,8
22108,2019-09-19,6.1,1018.1,62,21.1,20.5,2.1,1.2,1.8,3.6,5.5,7.1
22108,2019-09-20,5.3,1015.4,68,21.7,20.2,1.2,.7,.9,1.7,4,4.6
22108,2019-09-21,8.5,1017,77,20.8,20.4,1.6,1,1.4,2.4,4,4.9
22108,2019-09-22,12.4,1010.5,80,19.8,20.2,3.1,1.9,2.3,3.8,5.3,6.4
22108,2019-09-23,6.5,1014.9,64,20.8,19.9,1.9,1.2,2,3.3,4.9,5.8
22108,2019-09-24,2.2,1019.3,76,20.7,20.4,.7,.4,.5,.9,4.5,5.3
22108,2019-09-25,2.2,1022.1,81,21.1,20.3,.4,.2,.3,.6,3.8,4.9
22108,2019-09-26,2.4,1023.1,85,21.3,20.3,.4,.2,.3,.5,3.2,5.8
22108,2019-09-27,3.3,1021.7,89,21.8,20.3,.4,.2,.3,.6,3.8,8
22108,2019-09-28,2.7,1016.1,90,22,20.5,.4,.2,.3,.7,3,5.3
22108,2019-09-29,3.3,1017.3,90,21.6,20.5,.4,.3,.4,.6,2.9,5.3
22108,2019-09-30,2.3,1014.8,90,21.1,20.8,.4,.2,.3,.5,3.2,4.9
22108,2019-10-01,3.1,1017.5,94,20.2,20.2,.5,.3,.5,.8,9.8,12.8
22108,2019-10-02,7.8,1008.7,91,21.6,19.9,1.8,1.1,2,3.3,9.3,12.8
22108,2019-10-03,6.6,1005.1,88,21.7,19.7,2.1,1.2,1.8,3.6,5.3,9.1
22108,2019-10-04,3.1,1012,89,20.9,19.8,1.1,.7,1,1.5,5.2,6.4
22108,2019-10-05,8.3,1017.1,77,18.8,19.4,3,1.9,2.3,3.8,6.4,7.1
22108,2019-10-06,3.1,1021.5,78,19.5,19.7,1.4,.8,1.4,2.6,5.2,6.4
22108,2019-10-07,4.4,1018.4,82,17.3,19.5,.8,.5,.7,1.4,3.9,6.4
22108,2019-10-08,8.5,1019.5,63,18.5,19.5,2.5,1.5,2.3,3.9,5.3,7.1
22108,2019-10-09,3.3,1020,55,17.9,19.4,1.2,.7,1.4,2.4,4.9,6.4
22108,2019-10-10,1.9,1016.3,65,18.7,19.3,.4,.2,.3,.5,3.9,5.3
22108,2019-10-11,6.1,1014.7,77,20.3,19.3,1,.6,.9,1.4,3.4,4.6
22108,2019-10-12,8.3,1014.9,68,20.3,19.3,1.7,1,1.3,2.2,4.2,4.9
22108,2019-10-13,4.1,1021.7,66,18.7,19.3,1,.6,1.3,2.2,4.3,5.8
22108,2019-10-14,9.8,1026,67,16.9,18.9,2.9,1.7,2.6,4.8,5.6,8
22108,2019-10-15,3.7,1028,58,16,18.7,2,1.2,2.1,3.7,6.3,7.1
22108,2019-10-16,3.4,1026,69,17.9,18.6,.8,.5,.6,1.1,4.3,5.3
22108,2019-10-17,3.7,1023.8,63,18.2,18.5,.6,.4,.5,.8,3.4,4.3
22108,2019-10-18,3.7,1021.1,73,18.6,18.6,.5,.3,.4,.7,3,4.6
22108,2019-10-19,4.7,1021,77,18.7,18.4,.9,.6,.8,1.4,3.7,4.3
22108,2019-10-20,3.9,1021.8,74,18.2,18.5,.7,.4,.6,1.1,3.5,4.3
22108,2019-10-21,5.8,1018.3,74,19.1,18.3,.8,.5,.7,1.2,2.9,3.6
22108,2019-10-22,3.8,1017.1,76,19.3,18.4,.6,.4,.6,.9,3.1,3.8
22108,2019-10-23,3.6,1017.6,73,19.5,18.3,.6,.4,.5,.9,2.8,3.6
22108,2019-10-24,5.4,1018.3,72,19.5,18.4,.8,.5,.6,1.2,3.3,3.8
22108,2019-10-25,6.1,1018.4,71,18.2,18.3,1.4,.8,2.4,4.3,4.1,7.1
22108,2019-10-26,9.1,1020,64,14.2,17.7,3.4,2,2.5,4.7,6.8,8
22108,2019-10-27,3.6,1019.8,53,15.5,17.6,1.4,.9,1.4,2.5,5.1,6.4
22108,2019-10-28,6.6,1015.6,64,17.3,17.5,1.6,1,2.2,3.4,4.6,7.1
22108,2019-10-29,7,1016.9,56,16.1,17.2,2.8,1.7,2.4,3.4,6.2,7.1
22108,2019-10-30,3,1021.9,57,16,17.3,1.2,.7,1.3,2.2,5,5.8
22108,2019-10-31,3.8,1020.9,77,18.6,17.3,1.2,.8,1,1.7,4.6,5.8
22108,2019-11-01,4.6,1022.1,66,17.6,17.2,1.2,.7,.9,1.4,4.8,5.8
22108,2019-11-02,2.2,1020.4,64,17.3,17.3,.8,.5,.7,1.4,4.4,5.3
22108,2019-11-03,4.7,1019.8,60,17.5,17.1,.8,.5,.6,1.1,3.5,4.3
22108,2019-11-04,3.2,1021.4,71,17.1,17.3,1.1,.7,1,1.7,5.3,6.4
22108,2019-11-05,4.5,1020,67,16.2,17.2,.9,.5,.7,1.4,4.3,5.3
22108,2019-11-06,4.7,1017.4,58,15.9,16.9,1.1,.7,.9,1.5,4.3,5.3
22108,2019-11-07,9.5,1018.8,61,13.8,16.7,2.8,1.6,2.3,4,5.4,7.1
22108,2019-11-08,8.2,1022,54,12.6,16.4,2.5,1.5,2,3.2,5.9,7.1
22108,2019-11-09,4.1,1021.7,62,15,16.6,1.1,.7,1.2,1.9,4.8,5.8
22108,2019-11-10,7.7,1009.7,66,15.4,16.6,2.2,1.4,3.3,5.5,4.9,7.1
22108,2019-11-11,9.1,1012.6,67,15.3,16.3,4.1,2.5,3.5,5.3,7.2,8
22108,2019-11-12,2.2,1021,55,15.4,16.3,1.4,.8,1.6,2.7,5,6.4
22108,2019-11-13,7.5,1018.3,69,14.4,16.1,1.9,1.1,3,5.3,4.4,7.1
22108,2019-11-14,7.5,1024.1,53,8.5,15.9,2.8,1.7,2.9,4.8,6.2,8
22108,2019-11-15,8.4,1017.7,71,16.3,15.8,3,1.9,2.6,4,6,7.1
22108,2019-11-16,3.3,1019.4,76,15.6,15.8,2,1.2,1.8,3,6,7.1
22108,2019-11-17,7,1015.6,88,16.3,15.7,1.6,1,1.4,2.6,4.7,6.4
22108,2019-11-18,11.7,1020.3,66,10.3,15.6,4.3,2.7,3.7,5.6,7,8
22108,2019-11-19,10.4,1025.5,58,8.6,15.4,4.1,2.5,3.1,5,7.2,8
22108,2019-11-20,5.7,1031.3,53,7.8,15.1,1.9,1.1,2,3.3,5.7,8
22108,2019-11-21,6,1030.8,47,11.2,15,1,.6,.8,1.4,3.6,4.6
22108,2019-11-22,4.2,1026.4,55,14.9,14.9,.8,.5,.8,1.1,3.7,5.8
22108,2019-11-23,4.1,1023.2,75,15.6,14.9,.8,.5,.8,1.2,5.1,8
22108,2019-11-24,7.7,1020.9,81,13.9,14.8,2.3,1.5,4,6.3,6.6,9.1
22108,2019-11-25,9.8,1030,70,6.9,14.5,4.5,2.7,4.3,7.5,7.7,9.1
22108,2019-11-26,4.8,1029.1,71,10.5,14.3,1.4,.9,1.2,2,5.1,8
22108,2019-11-27,9.4,1028.5,63,8.8,14.3,2.7,1.6,2.4,4.4,5.4,7.1
22108,2019-11-28,8.6,1030,64,8.4,14.1,3.1,1.8,2.3,4.1,6.7,8
22108,2019-11-29,6.3,1031.7,50,8.2,13.9,1.9,1.2,1.8,2.8,5.5,6.4
22108,2019-11-30,2.3,1028.8,54,9.6,13.9,.7,.4,.7,1.2,4.7,5.8
22108,2019-12-01,4.9,1022,74,9.7,13.9,.9,.6,1.5,2.6,3.9,5.8
22108,2019-12-02,10.5,1023.1,61,7,13.7,3.6,2.1,2.6,4.9,6.4,7.1
22108,2019-12-03,7,1025.8,59,8.2,13.3,2.9,1.7,2.3,4.4,6.4,7.1
22108,2019-12-04,5.7,1029,55,9.7,13.2,1.9,1.2,1.7,2.6,5.2,6.4
22108,2019-12-05,9.5,1036.3,66,3.4,12.9,2.9,1.8,2.7,4.3,5.6,7.1
22108,2019-12-06,6.4,1035.8,61,2.7,12.6,2.2,1.3,2.2,3.5,5.7,7.1
22108,2019-12-07,6.4,1029.9,57,7.4,12.4,1.7,1,1.5,2.5,4.9,6.4
22108,2019-12-08,3,1028.4,59,7.4,12.2,1.2,.7,1.3,2.2,5,6.4
22108,2019-12-09,8.3,1022.2,75,11.3,12,1.9,1.2,1.8,3.4,4.4,6.4
22108,2019-12-10,5,1018.9,82,12.8,12.1,1.8,1.1,1.8,2.7,5.5,7.1
22108,2019-12-11,8.8,1019.1,69,10,12,2.6,1.6,2.6,5,5.6,7.1
22108,2019-12-12,5.4,1028.8,58,5.9,11.9,2.4,1.5,2.5,4.2,6.3,7.1
22108,2019-12-13,4.6,1026.3,66,8,11.9,.8,.5,1.2,1.9,3.9,4.9
22108,2019-12-14,8.5,1028.3,60,7.3,11.9,3,1.8,2.7,4.5,6.2,7.1
22108,2019-12-15,2.6,1028.2,60,9.7,11.8,.9,.5,.9,1.7,4.8,5.8
22108,2019-12-16,4.6,1021,75,12.2,11.8,.7,.4,.8,1.2,3.4,4.3
22108,2019-12-17,9.5,1016.8,80,10.8,11.8,2.5,1.6,3,4.4,5.3,7.1
22108,2019-12-18,9.5,1023.5,69,5.6,11.7,3.8,2.3,3.2,5,7.3,8
22108,2019-12-19,6.9,1026.6,62,5.5,11.5,2.1,1.3,1.7,3,6,6.4
22108,2019-12-20,5.3,1029.4,64,4.8,11.2,1.9,1.2,1.8,2.8,5.5,6.4
22108,2019-12-21,3.3,1027.2,65,6.9,11.1,.9,.5,.7,1.3,4.1,5.3
22108,2019-12-22,3.9,1020.3,66,9.6,11.1,.8,.5,.7,1.2,4.6,5.8
22108,2019-12-23,7.6,1022.7,66,8.2,11,2.3,1.4,1.9,3.3,5.4,7.1
22108,2019-12-24,4.4,1026.9,60,7,10.9,1.2,.7,1.1,2.1,5,5.8
22108,2019-12-25,4.4,1023.5,62,8.5,10.8,.7,.4,.7,1.3,3.5,4.9
22108,2019-12-26,9.9,1018.4,70,6.7,10.8,2.5,1.5,3.3,5.3,4.8,7.1
22108,2019-12-27,6.5,1025.2,56,4.9,10.6,3.1,1.9,3.6,5.5,6.8,8
22108,2019-12-28,5,1027.7,62,7.6,10.5,1,.6,.7,1.3,4.2,5.3
22108,2019-12-29,7.8,1024.3,77,8.5,10.4,1.4,.9,1.4,2.1,4.1,5.3
22108,2019-12-30,8.3,1024.8,79,7.1,10.5,2.7,1.6,4.2,6.3,6,9.1
22108,2019-12-31,10,1035.1,66,0,10.1,4.2,2.6,4.4,7.1,7.5,9.1
22108,2020-01-01,5.1,1032.2,55,4.7,9.9,1.8,1.1,1.3,2.2,6,7.1
22108,2020-01-02,4.5,1029.8,57,6.8,9.9,1,.6,.9,1.7,4.7,6.4
22108,2020-01-03,4,1027.5,65,6.9,9.8,.9,.5,.7,1.2,3.9,4.3
22108,2020-01-04,4.9,1026.5,63,7.8,9.7,.9,.5,.7,1.2,3.6,4.9
22108,2020-01-05,3.6,1030,55,6.9,9.7,.8,.5,.7,1.2,4.2,5.3
22108,2020-01-06,7.2,1023.2,81,8.5,9.6,1.2,.7,1.2,1.9,3.4,4.6
22108,2020-01-07,5.7,1008.8,94,10.1,9.6,1.6,1,1.6,2.7,5.2,5.8
22108,2020-01-08,12.8,1017,76,6,9.6,6,3.7,5,7.7,8,10.7
22108,2020-01-09,8.6,1024.4,69,4.8,9.5,3.5,2,3.1,5.3,7,8
22108,2020-01-10,4.5,1024.3,67,4.9,9.4,1.1,.7,1.2,2.1,4.5,5.3
22108,2020-01-11,6.6,1020.5,62,5.9,9.3,1.4,.9,1.3,2.2,4.4,5.3
22108,2020-01-12,8.4,1019.4,63,4.6,9.2,2.2,1.4,1.8,2.8,5.3,6.4
22108,2020-01-13,6.7,1023.6,59,3.5,9.1,2.5,1.5,2,3.6,5.9,7.1
22108,2020-01-14,4,1025.9,72,3.1,9,.9,.5,.7,1.3,3.8,5.3
22108,2020-01-15,4.8,1028.4,59,3.5,9,1.2,.7,1,1.7,4.4,5.3
22108,2020-01-16,6.2,1027.3,56,3.7,8.9,1.3,.8,1,1.8,4.3,5.3
22108,2020-01-17,5.9,1023.6,55,4.6,8.9,1.3,.8,.9,1.8,4.3,4.9
22108,2020-01-18,6,1022.2,59,5.5,8.8,1.5,.9,1.1,1.8,4.8,5.3
22108,2020-01-19,7.4,1020,60,6.8,8.7,2.1,1.3,2,3.3,5.2,6.4
22108,2020-01-20,7.8,1023.9,55,5.9,8.5,2.5,1.5,2,3,5.8,7.1
22108,2020-01-21,3.5,1029.6,56,3.8,8.4,1.4,.9,1.6,2.6,5.8,6.4
22108,2020-01-22,5,1023.7,74,6.6,8.3,.7,.4,.7,1.1,3,4.9
22108,2020-01-23,8.5,1024.4,71,7.6,8.2,1.6,.9,1.2,2.5,4.1,4.9
22108,2020-01-24,8.2,1030.4,67,5.8,8.1,2.1,1.3,1.6,2.8,5.1,7.1
22108,2020-01-25,6,1029.3,70,6.2,8.1,1.4,.9,1.2,1.9,5.2,7.1
22108,2020-01-26,7.2,1025.7,73,7.8,8.1,1.5,.9,1.1,1.8,4.4,5.3
22108,2020-01-27,9.5,1019.1,73,7.3,8.1,1.9,1.1,1.4,2.3,4.4,5.3
22108,2020-01-28,7.6,1017.6,75,8.1,8,1.6,1,1.4,2.4,4.3,5.3
22108,2020-01-29,5.4,1016.2,71,7.8,8,.9,.5,1.1,1.7,3.3,4.9
22108,2020-01-30,6.8,1015.7,74,6.9,8,2.2,1.3,1.5,2.7,5.7,6.4
22108,2020-01-31,6,1021.1,63,5.5,8,2.1,1.3,1.5,2.6,6.1,7.1
22108,2020-02-01,6,1024.7,67,7.1,7.9,1.6,1,1.3,2.1,5,5.8
22108,2020-02-02,4.2,1026.1,61,5.4,7.9,1.3,.8,1.3,2.1,5.2,5.8
22108,2020-02-03,6,1027.7,66,3.4,7.9,1.7,1,1.3,2.3,5,6.4
22108,2020-02-04,4.7,1027.2,62,3.6,7.9,1.2,.7,1.7,3.1,4.6,5.8
22108,2020-02-05,10.2,1032.5,66,-1.9,7.6,3.5,2.1,2.6,5.4,6.6,8
22108,2020-02-06,5.6,1033.9,59,-1.3,7.2,1.5,1,1.5,2.6,5.2,6.4
22108,2020-02-07,3.9,1029.8,62,3.3,7.1,.7,.4,.8,1.2,4,5.3
22108,2020-02-08,8.3,1028.3,64,4.4,7,2.1,1.3,1.7,2.7,5.4,5.8
22108,2020-02-09,4.5,1026.1,59,4.5,7.1,1.2,.7,1.1,1.7,4.6,5.3
22108,2020-02-10,2.6,1024.2,77,7.7,7.1,1.5,.9,1.2,1.9,5.2,6.4
22108,2020-02-11,4.2,1026.3,76,8.5,7.1,.8,.5,.7,1,4.4,5.3
22108,2020-02-12,4.5,1016,93,8,7.2,1.2,.7,1,1.7,4.8,8
22108,2020-02-13,2.5,1019.6,85,8.6,7.4,1.1,.7,.9,1.5,5.7,7.1
22108,2020-02-14,4.4,1020.8,87,7.4,7.4,.8,.5,.8,1.4,5.9,7.1
22108,2020-02-15,5.3,1018,89,7.7,7.4,1.1,.6,2.4,4.4,5.2,7.1
22108,2020-02-16,12.7,1016.1,80,1.9,7.1,5.8,3.7,4.8,7.8,8.5,9.1
22108,2020-02-17,13.4,1019.8,73,0,6.9,6.2,4,4.5,7.4,9,9.1
22108,2020-02-18,6.8,1028,62,2.5,6.8,3.4,2.1,3.8,5.7,7.5,9.1
22108,2020-02-19,3.6,1029.3,80,6.7,6.6,1.1,.7,.9,1.7,4.9,5.8
22108,2020-02-20,1.3,1033.3,82,8,7.2,.7,.4,.6,1,4.5,5.3
22108,2020-02-21,3.5,1029.2,85,8.1,6.8,.6,.3,.5,.9,3.3,4.3
22108,2020-02-22,8.6,1027.9,67,6.9,6.6,2.7,1.6,2.4,3.8,5.7,7.1
22108,2020-02-23,4.6,1029.8,57,5.9,6.7,1.8,1.2,2.2,3.6,5.8,7.1
22108,2020-02-24,5.2,1023.5,85,7.9,6.7,1.3,.8,1,1.7,4.9,5.8
22108,2020-02-25,7.6,1015.1,90,7.9,6.7,1.5,1,1.2,2,4.2,7.1
22108,2020-02-26,7.7,1023.9,79,6.9,6.8,1.7,1,1.9,3.2,4.7,7.1
22108,2020-02-27,4.7,1028.1,76,6.7,7,1.9,1.2,2,3.3,6.5,7.1
22108,2020-02-28,4.4,1022,82,7.2,6.9,.8,.5,.8,1.3,4.4,5.8
22108,2020-02-29,5.1,1018.4,86,7.1,7,.8,.5,.7,1.1,3.8,5.8
22108,2020-03-01,6.4,1019.8,74,6.7,6.8,1.3,.8,1.4,2.1,4.4,5.8
22108,2020-03-02,8.6,1025,62,5.1,6.7,2.9,1.8,2.6,4.1,6.9,8
22108,2020-03-03,3.2,1024.5,69,6.2,7,.9,.6,1.1,1.7,4.4,6.4
22108,2020-03-04,10.5,1024.5,62,4.8,6.7,3.5,2.2,4,6.1,6.3,8
22108,2020-03-05,7.1,1026.5,60,3.7,6.3,3,1.8,2.9,5.6,7,8
22108,2020-03-06,2,1022.8,58,4.8,6.7,.6,.4,.7,1,4.8,7.1
22108,2020-03-07,2.5,1018.1,73,7.2,6.5,.5,.3,.4,.8,4.5,5.3
22108,2020-03-08,2.8,1019.1,80,7.5,6.6,.4,.2,.3,.5,4.4,5.8
22108,2020-03-09,3.3,1014.2,83,7.7,6.4,.4,.3,.8,1.4,4.2,6.4
22108,2020-03-10,10.5,1010.5,75,7.2,6.4,3.2,1.9,3.6,6.5,6,9.1
22108,2020-03-11,6.9,1019.4,57,6.4,6.4,3,1.8,3.2,5.9,6.7,8
22108,2020-03-12,5.9,1021.6,80,7.9,6.5,1.4,.9,1.2,2,4.6,6.4
22108,2020-03-13,8.1,1023.2,64,5.7,6.5,2.3,1.4,1.8,3.5,5.6,7.1
22108,2020-03-14,6.6,1017.4,62,6.7,6.6,1.8,1.1,1.7,2.7,5.4,6.4
22108,2020-03-15,9.4,1014.2,63,6.7,6.5,3.1,2,4,6.4,6.3,9.1
22108,2020-03-16,5.7,1022.9,63,5.1,6.7,2.6,1.6,3.5,6,6.7,9.1
22108,2020-03-17,5.1,1016.6,88,8.3,6.7,1.9,1.2,1.4,2.4,5.5,6.4
22108,2020-03-18,5.5,1013.6,92,7.6,6.8,1.3,.8,1.4,2.1,4.9,5.8
22108,2020-03-19,10.3,1009.4,73,8.5,6.7,3.8,2.3,3.3,5.1,6.3,8
22108,2020-03-20,5.9,1014.6,80,8.7,6.8,2.2,1.4,2.3,3.9,6,7.1
22108,2020-03-21,5.7,1011.4,90,9.2,6.9,2.3,1.4,1.9,3.1,6.5,7.1
22108,2020-03-22,6.6,1015.8,73,8.1,7,1.6,1,1.2,1.9,5.2,6.4
22108,2020-03-23,4.1,1019,82,8.6,7,.9,.6,.9,1.5,4.1,5.3
22108,2020-03-24,2.8,1021,83,8.9,7.6,.8,.5,.9,1.5,4.2,5.3
22108,2020-03-25,3,1019.9,85,9.6,7.7,.3,.2,.3,.6,3.5,7.1
22108,2020-03-26,4.9,1014.2,91,10.2,7.5,.7,.4,.6,1.1,4,5.8
22108,2020-03-27,10.6,1015.8,74,7.7,7.1,3.8,2.4,3.8,7.7,7.2,9.1
22108,2020-03-28,10.7,1022.5,51,7.2,7,3.4,2.1,2.7,5.2,6.7,8
22108,2020-03-29,4.1,1022.3,60,7.3,7.5,1.4,.9,1.5,2.8,5.3,5.8
22108,2020-03-30,2.9,1021.4,64,7.8,7.7,.5,.3,.5,.8,3.8,5.3
22108,2020-03-31,4.1,1018.4,76,8.3,7.7,.5,.3,.5,.9,3.1,6.4
22108,2020-04-01,8.7,1017,69,8.8,7.4,2.4,1.5,2.6,4.6,5.3,8
22108,2020-04-02,3.7,1023.2,83,8.4,7.5,1.6,1,2.2,3.3,5.9,7.1
22108,2020-04-03,2.7,1022.5,86,9.2,7.8,.6,.4,.5,.8,4.3,5.3
22108,2020-04-04,9.8,1021.3,66,8.4,7.4,2.7,1.7,3.3,5.1,5.4,8
22108,2020-04-05,8.3,1024.1,56,7.2,7.2,2.7,1.7,2.6,4.5,6.1,7.1
22108,2020-04-06,2.9,1021.3,80,8.6,7.7,1,.6,1.2,2.2,4.7,8
22108,2020-04-07,3.3,1017.3,85,9.4,7.7,.7,.4,.6,.9,3.9,4.9
22108,2020-04-08,6.2,1020.3,65,8.9,7.5,1.3,.8,1,1.8,4.4,5.3
22108,2020-04-09,5.3,1023.6,71,8.7,7.5,1,.6,.8,1.4,4.4,5.3
22108,2020-04-10,3.8,1025.5,79,8.5,7.7,1,.6,.9,1.5,4.5,5.3
22108,2020-04-11,1.9,1021.1,78,8.4,7.7,.5,.3,.5,.7,3.7,4.3
22108,2020-04-12,3.6,1013.9,84,9,7.8,.5,.3,.6,1,3.5,4.3
22108,2020-04-13,5.9,1015.3,77,9.3,7.9,1,.6,.9,1.5,3.8,4.9
22108,2020-04-14,2.6,1017.6,89,9.8,8.5,.7,.4,.7,1.1,4.2,7.1
22108,2020-04-15,2.1,1015.5,89,10.6,9.2,.5,.3,.4,.7,4,5.8
22108,2020-04-16,4.2,1015.9,83,11.4,9.3,.7,.4,.9,1.7,3.8,4.9
22108,2020-04-17,5.8,1012.8,87,11.2,8.7,2,1.2,1.6,2.8,6.3,8
22108,2020-04-18,4,1017.6,92,9.2,8.9,1.6,1,1.2,2.2,5.9,7.1
22108,2020-04-19,4.4,1013.4,94,10,9.1,.6,.4,.5,.8,4.3,6.4
22108,2020-04-20,5,1012.6,86,10.3,8.9,.9,.6,1.3,2.2,4.5,7.1
22108,2020-04-21,8.6,1017.3,61,9.2,8.4,2.8,1.9,3,4.5,6.2,8
22108,2020-04-22,8.7,1018.7,52,8.6,8.1,3.3,2.1,2.8,4.7,6.9,8
22108,2020-04-23,6.7,1018.5,67,9.4,8.3,2.3,1.4,2,3.3,6.1,7.1
22108,2020-04-24,7.6,1015,75,10.2,8.2,2.3,1.5,1.9,3.2,5.7,7.1
22108,2020-04-25,7.8,1011,79,10.7,8.3,3.4,2.1,2.8,4.5,6.7,7.1
22108,2020-04-26,3.6,1018.9,84,10.5,9,1.6,1,1.6,2.7,5.5,6.4
22108,2020-04-27,3.1,1021.2,82,11,9.4,.6,.4,.6,.9,4.6,5.8
22108,2020-04-28,4.1,1020.8,86,11.3,9.4,.8,.5,.6,1.1,3.6,4
22108,2020-04-29,4.2,1019.2,83,11.7,9.6,1.2,.7,.9,1.6,4.9,5.3
22108,2020-04-30,6,1015.5,87,12.7,9.7,1.4,.9,1.1,1.7,5.2,6.4
22108,2020-05-01,7.5,1012.8,95,12.9,9.7,1.8,1.1,1.2,2.1,5.1,5.8
22108,2020-05-02,4.5,1011,94,13.3,9.9,1.2,.7,1.1,1.7,5.4,6.4
22108,2020-05-03,3.6,1005.2,92,13.9,10.7,1,.6,.9,1.5,5.6,7.1
22108,2020-05-04,5,1009.9,87,12.1,10.6,1.5,.9,1.6,2.5,5.6,7.1
22108,2020-05-05,2.8,1011.9,90,11.6,10.5,1.2,.7,1.2,2.2,5.3,7.1
22108,2020-05-06,4.4,1013.8,87,12.6,10.7,.6,.3,.5,.7,4.3,8
22108,2020-05-07,3.1,1016.5,78,14.2,11.2,.4,.2,.4,.6,4.7,8
22108,2020-05-08,3.5,1013.4,82,14,11.4,.6,.4,.6,.9,5.3,6.4
22108,2020-05-09,7.1,1003.7,95,13.8,11.1,2.1,1.3,1.7,3,6,8
22108,2020-05-10,4.1,1008.4,95,12.7,10.9,1.8,1.1,1.7,2.6,5.7,6.4
22108,2020-05-11,3.3,1008.8,90,13.5,11.4,1.2,.7,.8,1.4,4.8,5.8
22108,2020-05-12,5.4,1006.7,86,13.2,11.3,1.4,.9,1.3,2.1,4.6,5.8
22108,2020-05-13,4.4,1016,83,13.8,11.6,1.3,.8,1.2,2,5.1,5.8
22108,2020-05-14,4.1,1015.5,78,14.8,11.8,.9,.6,.6,1.1,4.4,5.3
22108,2020-05-15,6,1006.6,92,14.5,11.8,1.6,1,1.5,2.3,6.1,7.1
22108,2020-05-16,2.5,1007.1,96,13.7,12.4,1.2,.7,1.1,1.8,6.2,7.1
22108,2020-05-17,3,1005.4,97,13.7,12.9,.7,.4,.5,.9,5.6,7.1
22108,2020-05-18,5.3,999.1,91,14.6,12.9,1.2,.8,1.3,2.1,4.7,5.8
22108,2020-05-19,8.2,1000.3,86,13.4,12.1,3.4,2.1,4,6,7.3,8
22108,2020-05-20,2.6,1011.8,79,13.9,12.9,1.1,.7,1.3,2.2,5.6,6.4
22108,2020-05-21,2.1,1014.4,89,14.7,13,.5,.3,.4,.7,6.5,8
22108,2020-05-22,3.2,1012.6,89,15.1,13.3,.7,.4,.6,1,4.8,7.1
22108,2020-05-23,3.4,1011,89,15.8,13.6,.8,.5,.7,1.1,4.9,5.8
22108,2020-05-24,4.4,1010.9,94,14.5,13.5,1.1,.7,.8,1.4,4.6,5.3
22108,2020-05-25,1.7,1013,95,13.5,13.7,.7,.5,.6,1.1,5.5,8
22108,2020-05-26,2.7,1009.9,95,14.3,14.2,.5,.3,.3,.6,6.4,8
22108,2020-05-27,3.3,1010.5,89,15.4,14.4,.5,.3,.4,.7,3.6,7.1
22108,2020-05-28,4.4,1010.2,93,15.5,14.8,.5,.3,.5,.9,3.8,6.4
22108,2020-05-29,1.9,1015.5,91,15.8,15.3,.6,.4,.6,.9,4.2,8
22108,2020-05-30,1.5,1016.4,90,17.8,16.1,.3,.2,.2,.4,4.5,7.1
22108,2020-05-31,1.9,1012.2,86,18,16.4,.5,.3,.4,.7,5.6,7.1
22108,2020-06-01,4.1,1011.4,93,16.5,16.1,.9,.5,.7,1.1,5.7,7.1
22108,2020-06-02,5.5,1007.4,90,17.2,16,.9,.6,.8,1.4,3.8,7.1
22108,2020-06-03,3.5,1004,96,17.8,16,1.2,.7,.9,1.8,5.3,5.8
22108,2020-06-04,4.3,1004.3,97,18,16.4,.9,.6,.6,1.1,4.2,4.9
22108,2020-06-05,2.2,1007.6,96,17.8,16.9,.7,.4,.5,1,5.2,7.1
22108,2020-06-06,2.2,1008.7,96,17.2,17,.5,.3,.3,.6,6,7.1
22108,2020-06-07,2.8,1011.8,95,18.7,17.4,.5,.3,.4,.7,4.6,6.4
22108,2020-06-08,2.7,1014.6,86,20,18.2,.5,.3,.3,.5,4.7,6.4
22108,2020-06-09,2.1,1014.6,82,21,18.9,.4,.2,.3,.5,5.3,6.4
22108,2020-06-10,2.8,1008.8,89,21.1,19.3,.6,.4,.7,1.1,5.2,7.1
22108,2020-06-11,5.1,1003.9,94,20.5,19.4,.9,.5,.7,1.2,4.9,7.1
22108,2020-06-12,2.5,1005.3,93,19.4,19.5,.9,.5,.7,1.2,6,7.1
22108,2020-06-13,2.6,1004.4,91,21.2,20.6,.6,.4,.5,.9,6.5,7.1
22108,2020-06-14,4.5,1005.5,91,21.9,20.5,1,.6,.9,1.5,6.3,7.1
22108,2020-06-15,5.2,1007.5,87,21.3,20.5,1.2,.8,.9,1.6,5.9,8
22108,2020-06-16,3.7,1006.3,87,21.2,20.9,1.2,.7,1,1.8,4.6,6.4
22108,2020-06-17,3,1005.6,88,21.5,20.7,.7,.4,.7,1.2,6.1,7.1
22108,2020-06-18,4.4,1002.9,88,20.9,20.7,.8,.5,.7,1.3,4.3,7.1
22108,2020-06-19,4.1,1006.7,85,21.6,20.7,.9,.5,.7,1.3,6.1,8
22108,2020-06-20,2.6,1010.5,88,22.1,21.6,.7,.4,.7,1,7,8
22108,2020-06-21,3.4,1008.4,87,21.5,21.7,.6,.4,.6,.9,6,8
22108,2020-06-22,2.7,1008.8,84,22.5,22,.5,.3,.4,.6,4.7,6.4
22108,2020-06-23,3.3,1008.1,86,23.2,22.4,.5,.3,.4,.6,5.5,7.1
22108,2020-06-24,9.1,1000.8,88,22.3,20.5,2.4,1.5,2.6,4.7,5.8,7.1
22108,2020-06-25,5.9,1001.8,91,20.6,19.6,1.4,.9,1,1.8,5.1,6.4
22108,2020-06-26,3.5,1007.2,91,21.2,20.3,1.1,.6,1,1.7,4.7,5.8
22108,2020-06-27,2.2,1005.6,86,21.9,21,.6,.4,.5,.8,5.4,7.1
22108,2020-06-28,3.7,1005.7,91,21.1,20.9,.6,.4,.5,.9,6.7,8
22108,2020-06-29,6.4,998,92,20.4,20.4,1.2,.8,1.8,2.8,6.1,8
22108,2020-06-30,10.4,994.6,90,19.6,19.5,3.3,2.1,2.7,4.5,6.2,7.1
22108,2020-07-01,3.8,1005.2,89,21,19.8,1.2,.8,1.2,2.3,6,8
22108,2020-07-02,2.9,1010.5,94,21,20.3,.7,.5,.6,1.1,6.9,8
22108,2020-07-03,2.6,1010.1,89,21.3,20.5,.5,.3,.4,.6,6.8,8
22108,2020-07-04,3.4,1007.6,87,20.9,19.9,.6,.3,.4,.8,6,8
22108,2020-07-05,1.6,1004.6,86,21.4,21,.7,.4,.5,.9,6.8,8
22108,2020-07-06,2.4,1001.2,87,22.3,21.5,.5,.3,.5,.7,6,7.1
22108,2020-07-07,2.5,1004.6,87,23,22.2,.7,.5,.7,1.1,6.6,8
22108,2020-07-08,,,,,,,,.6,.9,,7.1
22108,2020-07-16,,,,,,,,.3,.5,,5.8
22108,2020-07-17,1.9,1008.9,83,23.3,22.3,.3,,.3,.4,6.9,8
22108,2020-07-18,2.3,1008.3,86,23.3,22.4,.6,.4,.6,1,6.6,8
22108,2020-07-19,9,1002.8,91,23.6,21.7,1.9,1.2,2,3.2,4.6,5.8
22108,2020-07-20,6.2,1006.5,91,22.8,21.6,2.6,1.6,2.3,4,6.3,8
22108,2020-07-21,1.9,1011.9,88,23.4,22.6,1.3,.8,1.2,2,6.2,7.1
22108,2020-07-22,2.4,1010,87,23.1,22.5,.6,.4,.5,.9,6.3,7.1
22108,2020-07-23,8.8,1001.1,92,22.2,21.4,2.1,1.2,2.1,4.7,4.9,8
22108,2020-07-24,8.5,996.6,87,21.7,20.6,2.9,1.8,2.6,4.2,6.3,8
22108,2020-07-25,5.5,1002.6,84,22.1,20.2,1.5,.9,1.3,2.4,5.1,6.4
22108,2020-07-26,3.2,1007,91,21.9,20.9,.7,.4,.6,1,3.8,4.9
22108,2020-07-27,2.5,1008.1,90,22.2,21.4,.4,.2,.3,.5,5.6,9.1
22108,2020-07-28,2.3,1009.7,92,22.7,21.8,.4,.3,.3,.6,5.7,6.4
22108,2020-07-29,3,1011.1,95,23.4,22.2,.7,.4,.5,1,5.7,7.1
22108,2020-07-30,2.3,1013.4,95,23.6,22.7,.6,.4,.5,.8,5.5,6.4
22108,2020-07-31,3,1013.8,96,23.9,22.8,.5,.3,.4,1,4.7,5.8
22108,2020-08-01,7.1,1009.9,94,24.3,22.5,1.3,.8,1.3,2.6,3.8,5.3
22108,2020-08-02,,,,,,,,1,1.8,,5.3
22108,2020-08-03,,,,,,,,1.5,2.4,,5.8
22108,2020-08-04,6.4,1010.5,91,25.1,22.4,1.8,1.1,1.4,2.4,6.1,10.7
22108,2020-08-05,7.4,1009.4,89,25.5,22.9,2.1,1.3,2.8,4.6,8,10.7
22108,2020-08-06,6.8,1006.6,91,24.1,22.7,3.3,2,3.6,5.6,7.4,9.1
22108,2020-08-07,4.5,1005.7,92,23.3,22.5,1.2,.7,1,1.7,6.4,7.1
22108,2020-08-08,5,1001.6,94,23.7,22.4,1.3,.8,1.4,2.1,5.9,7.1
22108,2020-08-09,9.5,1001.7,92,24.8,22.4,2.9,1.8,2.3,4.1,6,7.1
22108,2020-08-10,5,1003.1,93,25,22.7,1.8,1.1,1.6,2.7,6.5,8
22108,2020-08-11,4.1,1008.8,94,24.7,23.2,1.3,.8,1,1.6,6.4,10.7
22108,2020-08-12,3.7,1011.7,95,25,23.8,1.2,.7,.9,1.6,7.9,9.1
22108,2020-08-13,7.8,1008.7,94,25.5,23.8,1.9,1.2,1.4,2.3,5.8,9.1
22108,2020-08-14,7,1005.7,92,25.8,23.9,1.9,1.1,1.5,2.7,5.2,7.1
22108,2020-08-15,5.2,1008.3,93,25.8,24.3,1.4,.8,1.1,1.8,4.7,6.4
22108,2020-08-16,6.3,1010.5,94,26.1,24.6,1.5,.9,1.1,1.9,5.3,6.4
22108,2020-08-17,3.7,1013.4,94,26.3,25.1,1.1,.6,.9,1.6,5.3,5.8
22108,2020-08-18,2.6,1013.1,90,26.3,25.7,.7,.5,.6,1,5.2,5.8
22108,2020-08-19,2.9,1011.3,90,26.7,25.9,.7,.4,.6,.9,4.6,5.8
22108,2020-08-20,2.9,1012.2,90,27,26,.6,.4,.5,.8,4.4,5.3
22108,2020-08-21,3.3,1013.6,90,27.3,26.5,.6,.4,.5,.9,4.3,5.8
22108,2020-08-22,2.7,1011.8,87,26.7,26.1,.5,.3,.5,.8,3.5,4.6
22108,2020-08-23,2,1008.4,82,26.7,26.5,.4,.2,.3,.6,3.4,5.3
22108,2020-08-24,4.4,1004.5,85,27.3,26.7,.7,.4,.8,1.6,8.1,12.8
22108,2020-08-25,4.4,1003.8,82,28.5,27.2,1.4,.9,1.2,2,8.4,12.8
22108,2020-08-26,8.5,997.6,82,28,26.8,2.4,1.4,3.4,7,10.6,12.8
22108,2020-08-27,10.5,999.3,92,23.5,21.1,4.7,2.8,6.4,12.6,7.3,10.7
22108,2020-08-28,3.7,1006.7,95,23.4,21.4,1.2,.8,1.4,2.3,6,8
22108,2020-08-29,2.4,1008.7,95,23.8,22.2,.8,.5,.8,1.1,6.3,8
22108,2020-08-30,1.2,1011.3,93,24.4,22.9,.7,.5,.7,1,5.9,8
22108,2020-08-31,1.9,1011.2,92,25.6,24,.5,.3,.4,.7,5.5,8
22108,2020-09-01,3.1,1008.6,89,25,23.5,.4,.3,.5,.7,5.8,16
22108,2020-09-02,7,1001.7,92,24.4,22.6,1.4,.8,1.7,3,9.4,16
22108,2020-09-03,8.1,1000.7,85,23.1,21.8,2.8,1.8,2.3,3.6,6.3,8
22108,2020-09-04,3.9,1012.1,84,23.4,22.1,1.9,1.1,2,2.9,6.1,8
22108,2020-09-05,2.6,1012.6,86,23.6,22.2,.8,.5,.9,1.2,4.8,6.4
22108,2020-09-06,6.1,1007.5,80,22.9,21.9,1,.6,1.3,1.9,3.8,4.9
22108,2020-09-07,12.9,996,86,22.2,21.3,4,2.2,3,5.6,6.3,8
22108,2020-09-08,4.2,1010.2,89,23.2,21.5,2.2,1.3,1.8,2.8,6.7,8
22108,2020-09-09,5,1009.6,84,22.5,21.6,1.3,.8,1.2,1.9,4.4,5.8
22108,2020-09-10,3.3,1009,91,22.7,21.6,.9,.6,.8,1.1,5.3,7.1
22108,2020-09-11,3.3,1013.1,89,22.5,21.7,.6,.3,.6,1.1,4.1,6.4
22108,2020-09-12,8.5,1014.6,82,21.4,21,1.6,1,1.7,2.6,4.3,5.3
22108,2020-09-13,5.1,1015.6,77,21.9,21.6,.9,.6,1.1,1.5,3.7,6.4
22108,2020-09-14,2.3,1014.9,80,22.7,22,.6,.3,.5,.8,3.6,5.3
22108,2020-09-15,1.8,1012.6,81,22.7,22.1,.4,.2,.3,.6,3.6,5.8
22108,2020-09-16,4.5,1009.2,87,22.6,21.9,.8,.5,.7,1.3,3.7,5.8
22108,2020-09-17,2,1010.8,77,22.7,21.7,1,.6,1.1,1.6,5.5,7.1
22108,2020-09-18,4.2,1014,70,23.1,21.8,1.3,.7,1,1.8,5.3,6.4
22108,2020-09-19,4.8,1016.1,76,23.1,21.7,1.5,.9,1.6,2.1,5.2,6.4
22108,2020-09-20,1.9,1017.6,67,22.6,22.1,.8,.5,.9,1.5,4.1,5.3
22108,2020-09-21,2.8,1017.8,65,21.7,22.1,.5,.3,.4,.8,3.7,8
22108,2020-09-22,5.4,1017.4,66,21.7,21.9,.7,.4,.6,1.3,3.1,4.3
22108,2020-09-23,6.4,1016.4,66,21.4,21.7,1,.6,.9,1.5,3.6,4
22108,2020-09-24,5.6,1013.9,71,21.6,21.7,1,.6,.9,1.3,3.9,4.9
22108,2020-09-25,7.3,1012.6,74,21.8,21.5,1.2,.7,.9,1.5,3.8,4.3
22108,2020-09-26,8.4,1015.4,66,21.5,21.4,1.5,1,1.3,2,4.2,5.3
22108,2020-09-27,5.4,1018,72,21.1,21.5,.9,.6,.9,1.5,3.6,5.3
22108,2020-09-28,3.2,1016.7,79,21.5,21.6,.5,.3,.4,.7,3.5,7.1
22108,2020-09-29,4.2,1012,73,21.3,21.1,.5,.3,.7,1,3.7,6.4
22108,2020-09-30,6.3,1011.1,72,20.3,20.5,1.4,.8,1.3,1.9,4.4,5.8
22108,2020-10-01,2.9,1013.4,64,20.8,20.4,1,.6,1.1,1.6,5,6.4
22108,2020-10-02,5.7,1014.7,77,21.7,20.7,1.1,.7,1,1.6,3.9,5.3
22108,2020-10-03,2.3,1015.4,77,20.5,20.8,.7,.4,.6,1.2,4.3,5.8
22108,2020-10-04,6.3,1013.6,65,19.8,20.5,1.5,1,2.8,4.6,4.6,7.1
22108,2020-10-05,8.7,1018.9,57,17.6,19.5,3,1.9,2.9,4.1,6.8,9.1
22108,2020-10-06,7.1,1022.6,52,18,18.9,1.7,1,1.9,2.4,4.8,6.4
22108,2020-10-07,7.6,1024.9,53,18.8,18.8,1.4,.9,1.3,1.9,4.4,5.3
22108,2020-10-08,7.6,1025.1,65,19.5,18.8,1.3,.8,1.2,2,4.1,4.9
22108,2020-10-09,6.9,1021.9,65,19.2,18.9,1.2,.8,1.5,2.1,3.9,5.3
22108,2020-10-10,6.8,1019,66,18.9,18.9,1.2,.7,.9,1.6,3.8,4.6
22108,2020-10-11,2.9,1015.8,72,19.1,19.1,.6,.4,.5,1,3.6,6.4
22108,2020-10-12,7,1016.4,70,18.6,19.5,1.6,1,2.4,3.7,4.4,7.1
22108,2020-10-13,6.9,1021.6,49,18,19.1,1.9,1.2,2.3,3.3,5.2,6.4
22108,2020-10-14,6.8,1025.4,53,17.6,18.7,1.5,.9,2.2,2.4,4.5,7.1
22108,2020-10-15,6.5,1026,48,15.8,18,1.5,.9,1.7,2.6,4.4,6.4
22108,2020-10-16,4,1023.7,57,17.2,17.5,.6,.4,.5,.9,3.3,8
22108,2020-10-17,3.5,1023.5,62,16.7,17.6,.7,.4,.6,1,3.7,4.9
22108,2020-10-18,,,,,,,,.5,.7,,5.8
22108,2020-10-19,,1025.4,71,18.1,17.7,,,.5,.8,,6.4
22108,2020-10-20,,,,,,,,.5,.7,,5.8
22108,2020-10-21,,,,,,,,.6,.9,,7.1
22108,2020-10-22,8.3,1015,65,16.7,17.4,2.3,1.4,2.9,4.9,5.2,8
22108,2020-10-23,11,1016.6,57,13,16.3,4.2,2.5,3.4,5.3,7,9.1
22108,2020-10-24,8.4,1020.2,56,14.3,15.8,3,1.8,2.7,4.8,6.5,8
22108,2020-10-25,3.4,1020.9,63,16.8,16,1.4,.9,1.2,2,5.3,7.1
22108,2020-10-26,1.5,1020.5,62,17.1,17,.6,.3,.6,.9,4.1,5.8
22108,2020-10-27,2.5,1021.5,75,17.3,16.9,.4,.2,.3,.5,3.6,7.1
22108,2020-10-28,7.5,1023.6,59,16.3,16.4,1.7,1,1.9,3.4,4.8,7.1
22108,2020-10-29,7.3,1024.6,49,15.2,16.3,1.8,1.1,2.1,2.9,5.1,7.1
22108,2020-10-30,6.3,1025.2,54,15.9,16.2,1.7,1,1.9,2.8,5,7.1
22108,2020-10-31,5.6,1024.1,67,16.8,16,1.1,.7,1.3,1.9,4.3,5.3
22108,2020-11-01,6,1020,82,16.5,15.9,1.8,1,1.6,2.6,4.7,6.4
22108,2020-11-02,4.6,1021,48,15.7,15.9,1,.6,.8,1.3,4.6,6.4
22108,2020-11-03,10.5,1022.7,54,11.3,15.6,3.3,2.1,3.3,4.7,6.2,7.1
22108,2020-11-04,4.1,1026,52,10.5,15.2,2,1.2,1.9,3,5.8,7.1
22108,2020-11-05,2.5,1026.8,57,13,15.3,.6,.4,.5,.9,4.6,7.1
22108,2020-11-06,5.1,1021.1,74,16.3,15.3,.8,.5,.7,1.1,3.4,5.8
22108,2020-11-07,3.8,1019.2,73,16.8,15.4,1,.6,1,1.4,4.5,6.4
22108,2020-11-08,9.9,1024.1,55,12.9,15.1,3,1.8,2.4,3.9,6.4,8
22108,2020-11-09,6.6,1025.9,50,12.4,14.9,2.1,1.3,1.8,3,5.6,8
22108,2020-11-10,5,1028.9,51,13.1,14.9,1.4,.8,1.9,2.7,5.1,7.1
22108,2020-11-11,2.9,1031.8,62,14.3,15.1,.6,.4,.5,.7,4.1,6.4
22108,2020-11-12,2.1,1030.3,67,14.8,15.5,.4,.2,.4,.5,3.6,5.3
22108,2020-11-13,,,,,,,,.4,.6,,9.1
22108,2020-11-14,,,,,,,,.5,.9,,10.7
22108,2020-11-15,1.8,1027.5,74,14.7,15.3,.4,.3,.3,.5,6.2,9.1
22108,2020-11-16,4.5,1025.9,77,14.6,15,.6,.3,.5,.9,3.4,8
22108,2020-11-17,5,1022.5,81,16,14.8,.6,.4,.5,.8,3.2,7.1
22108,2020-11-18,7.7,1014.2,87,17.5,14.8,1.6,1,1.7,2.7,4.5,6.4
22108,2020-11-19,10,1009.4,82,15.4,14.8,3.8,2.3,2.8,4.8,6.9,8
22108,2020-11-20,9.3,1020.3,71,8.5,14.6,3.7,2.3,2.8,5.5,7.5,8
22108,2020-11-21,4.2,1022.8,73,9.1,14.4,1.3,.9,1.8,2.9,5.8,7.1
22108,2020-11-22,8.7,1023.6,68,10.1,14.4,2.4,1.4,2.7,4.7,5.3,8
22108,2020-11-23,8,1028.4,61,7.8,14.4,3.2,1.9,2.6,4.8,7.3,8
22108,2020-11-24,4.6,1028.4,57,9.1,14.2,1.1,.6,1.1,1.6,4.5,5.8
22108,2020-11-25,2.6,1027.5,61,10.2,13.9,.6,.4,.5,.9,3.6,5.8
22108,2020-11-26,5.3,1027,61,10.6,13.7,1,.6,.8,1.5,4.3,5.8
22108,2020-11-27,9.8,1027.5,59,8.8,13.5,3.1,2,3.5,5.2,6.2,9.1
22108,2020-11-28,9.7,1029.5,60,5.9,13.2,3.8,2.4,3.1,5.5,7.4,8
22108,2020-11-29,7.9,1029.9,58,6.8,13.1,2.3,1.5,1.7,3,6,7.1
22108,2020-11-30,7.8,1034.7,55,7,12.9,2.2,1.4,1.6,2.6,5.7,6.4
22108,2020-12-01,6.3,1035.4,48,6.6,12.7,1.4,.9,1.3,2.2,4.6,5.8
22108,2020-12-02,7.1,1031,54,7.3,12.6,1.4,.9,1.3,1.9,4.3,4.9
22108,2020-12-03,8.5,1030.1,61,6.7,12.6,2.2,1.4,2.1,3.3,5.5,7.1
22108,2020-12-04,5.2,1030.4,61,6.1,12.5,1.6,1,1.5,2.5,5.5,6.4
22108,2020-12-05,5.2,1029.9,52,8.3,12.4,1.7,1.1,1.3,2.1,5.9,7.1
22108,2020-12-06,3,1028.6,49,8.9,12.3,1,.6,.8,1.4,5.3,6.4
22108,2020-12-07,6,1028.3,61,8.6,12.2,1.3,.8,1.4,2.3,4.8,5.8
22108,2020-12-08,5.9,1029,60,5.3,12,1.8,1.1,1.6,2.6,5.6,6.4
22108,2020-12-09,2.1,1026.6,57,6.6,12,.6,.4,.6,1,4.2,5.3
22108,2020-12-10,1.8,1022.6,67,9.6,11.8,.7,.4,.6,1,4.7,5.8
22108,2020-12-11,2.9,1020.2,61,10.1,11.8,.8,.5,.6,1,5.1,5.8
22108,2020-12-12,5.5,1019.8,50,7.8,11.7,1.6,1,1.3,2.3,4.9,5.8
22108,2020-12-13,10.7,1019.1,66,6.6,11.6,3.3,2.1,3.4,6.1,5.9,8
22108,2020-12-14,10.8,1028.8,78,-.1,11.3,4.4,2.6,3.5,6.5,7.4,8
22108,2020-12-15,8.2,1030.7,72,.1,11,2.8,1.8,2.4,3.9,6.4,7.1
22108,2020-12-16,8.7,1031.3,77,.7,10.8,3,1.9,2.1,3.9,6.4,7.1
22108,2020-12-17,4.3,1030.5,73,2.6,10.6,1.5,.9,1.6,2.3,5.3,5.8
22108,2020-12-18,9,1029,59,5.1,10.6,2.5,1.6,2.3,3.5,5.6,7.1
22108,2020-12-19,7.3,1033.4,59,2,10.4,2.7,1.6,2.1,4.9,6.2,7.1
22108,2020-12-20,3.7,1032.6,61,3.1,10.2,1.6,1,1.6,2.7,6,6.4
22108,2020-12-21,5.8,1028.8,58,6.5,10.1,1.4,.9,1.1,1.9,5.1,5.8
22108,2020-12-22,4.1,1026.3,49,7.9,10,1,.6,.7,1.3,4.9,5.8
22108,2020-12-23,5.9,1022.4,62,10.3,9.9,1.4,.9,1.1,1.9,4.6,5.3
22108,2020-12-24,,,,,,,,1.8,2.9,,6.4
22108,2020-12-25,,,,,,,,1.7,2.5,,7.1
22108,2020-12-26,,,,,,,,1.3,1.9,,5.8
22108,2020-12-27,,,,,,,,.6,1.1,,4
22108,2020-12-28,,,,,,,,.5,.7,,5.8
22108,2020-12-29,9.5,1022.3,72,4.6,9.6,2.6,1.7,3.6,5.2,5.4,8
22108,2020-12-30,13.7,1024,81,-2.5,9.4,6.4,3.9,4.5,7.6,8.6,9.1
22108,2020-12-31,8.3,1026.1,81,.1,9.2,4.1,2.6,3.4,5.1,7.8,9.1
22108,2021-01-01,7.5,1025.4,58,3.7,9,2.8,1.7,2.5,4.2,6.6,7.1
22108,2021-01-02,6.7,1029.4,63,1.8,8.8,1.8,1.1,1.3,2,4.9,5.3
22108,2021-01-03,3.4,1033.9,67,1.6,8.7,1.1,.6,1.1,1.8,4.7,5.3
22108,2021-01-04,5.2,1030.4,69,3.9,8.6,.8,.5,.7,1.2,3.6,4.9
22108,2021-01-05,8.9,1030.3,70,.7,8.5,2.5,1.6,1.9,3.3,5.8,6.4
22108,2021-01-06,6.9,1024.9,72,-.3,8.4,2.5,1.6,4.4,6.6,6.1,8
22108,2021-01-07,12.1,1026.5,82,-5.1,7.9,6,3.8,5,8.9,8.6,10.7
22108,2021-01-08,6.4,1025,80,-6,7.5,4,2.5,3.5,5.9,7.6,8
22108,2021-01-09,5.4,1024.8,81,-4.4,7.6,3,1.9,2.5,3.9,7.2,8
22108,2021-01-10,5.6,1027.2,73,-.6,7.7,2.3,1.4,2.3,3.8,6.5,8
22108,2021-01-11,4.8,1026,63,.2,7.7,1.4,.9,2,3.2,5.7,7.1
22108,2021-01-12,7.1,1017.7,61,4.1,7.6,2.2,1.4,2,3.7,5.7,6.4
22108,2021-01-13,6.2,1015.5,68,8.5,7.6,2.7,1.7,2.3,3.8,6.7,8
22108,2021-01-14,5.7,1020.9,59,6.3,7.6,1.5,.9,1.5,2.5,6,7.1
22108,2021-01-15,7.8,1016.9,81,7.7,7.6,2,1.3,2.4,4.1,5.2,7.1
22108,2021-01-16,10.7,1026.6,68,.5,7.4,4.1,2.6,3,4.9,7.7,8
22108,2021-01-17,7.3,1027.9,62,.9,7.3,2.9,1.8,2.6,3.7,6.7,8
22108,2021-01-18,10.1,1022.2,53,3.8,7.2,3.7,2.4,3.5,5.4,6.8,8
22108,2021-01-19,4.8,1032,53,-1.4,7,2.2,1.4,2.7,5,6.9,8
22108,2021-01-20,5.4,1028.9,60,5.1,7,.8,.5,.8,1.1,3.6,5.8
22108,2021-01-21,4.6,1022.4,82,7.8,6.9,.9,.5,.6,1.2,3.6,4.9
22108,2021-01-22,4.4,1019.6,93,6.9,7,.8,.5,.7,1.2,4.2,5.3
22108,2021-01-23,4.8,1018.4,85,7.8,7,1,.6,.7,1.6,4.1,4.9
22108,2021-01-24,4,1025,79,8.1,7.1,.7,.4,.6,1,4,8
22108,2021-01-25,2.9,1025.4,83,7.9,7.1,.5,.3,.4,.7,4.7,8
22108,2021-01-26,5.1,1020.7,83,7,7,.9,.6,1.4,2.5,5.5,8
22108,2021-01-27,6.9,1024.3,45,4.8,6.9,1.7,1.1,1.4,2.6,5.4,6.4
22108,2021-01-28,10.7,1019.4,65,2.7,6.7,3.9,2.4,4.9,7.7,6.4,9.1
22108,2021-01-29,6.5,1026.8,72,-1.7,6.3,3.5,2.2,4.7,7.1,7.3,9.1
22108,2021-01-30,5.9,1025.6,70,6.2,6.3,2.5,1.6,2.3,4.1,6.1,7.1
22108,2021-01-31,6.5,1025,74,7.1,6.3,1.6,1,1.3,2.3,5.2,7.1
22108,2021-02-01,6.4,1017.7,84,6.9,6.4,2,1.2,2.2,3.9,5.9,7.1
22108,2021-02-02,9.2,1027.2,58,-.1,6.3,3.5,2.1,3.2,6.1,7.1,9.1
22108,2021-02-03,6.6,1025.8,66,2.3,6.1,1.9,1.2,2.1,3.5,5.4,7.1
22108,2021-02-04,6.2,1028,59,1.5,6,2.5,1.5,2.5,3.9,6.4,7.1
22108,2021-02-05,6.7,1021.2,73,6.4,5.9,1.8,1.1,1.4,2.6,5,6.4
22108,2021-02-06,4.6,1015.8,89,7.9,5.9,2,1.3,1.6,2.6,6,7.1
22108,2021-02-07,6.3,1022.4,77,4.5,6,2.1,1.3,2.3,3.9,5.8,6.4
22108,2021-02-08,10,1029.8,57,1.1,5.8,3.6,2.2,2.7,4.7,6.8,8
22108,2021-02-09,3.1,1029,60,3.8,6,1.3,.8,1.5,2.4,5.4,6.4
22108,2021-02-10,2.6,1025.5,78,6.8,5.8,1,.6,.8,1.3,4.8,5.3
22108,2021-02-11,1.9,1025.2,89,6.2,5.9,.7,.4,.8,1.3,4.5,4.9
22108,2021-02-12,2.1,1025.2,90,4.7,6,.3,.2,.3,.5,4.3,8
22108,2021-02-13,4,1024.6,92,4.4,5.9,.5,.3,.5,.7,5.3,9.1
22108,2021-02-14,1.7,1015.6,87,6.7,6,.4,.3,.3,.6,7.6,9.1
22108,2021-02-15,10.7,1014.7,72,3,5.9,4.2,2.5,4.7,7.8,7.4,9.1
22108,2021-02-16,8.2,1017.7,65,.4,5.7,3.4,2.1,3.2,4.8,6.7,8
22108,2021-02-17,13.4,1021.4,78,-2.8,5.5,5.7,3.6,4.1,6.7,8.1,9.1
22108,2021-02-18,11.3,1024.1,67,0,5.3,4.9,2.9,4,6.9,7.8,9.1
22108,2021-02-19,6.8,1017.5,74,6.3,5.2,2.2,1.4,2,3.6,5.9,7.1
22108,2021-02-20,5,1010.8,86,7.8,5.6,2.8,1.7,2.4,4.1,6.8,7.1
22108,2021-02-21,7,1009.7,83,8.7,5.4,2.2,1.3,1.7,3.1,6,6.4
22108,2021-02-22,9.3,1016.1,78,5.7,5.5,3.1,2,3.5,5.4,6.5,9.1
22108,2021-02-23,8.8,1027,57,2.3,5.5,3.1,1.9,3.3,5,6.8,9.1
22108,2021-02-24,5.7,1025.6,56,3.1,5.4,1.4,.8,1.3,2.2,4.8,6.4
22108,2021-02-25,4.4,1023.6,72,4.8,5.2,.5,.3,.5,.7,2.9,5.8
22108,2021-02-26,6.9,1022.5,68,6.4,5.2,1.1,.7,.9,1.5,3.9,4.9
22108,2021-02-27,4.2,1026.9,76,6.9,5.3,.8,.5,.8,1.3,5.1,8
22108,2021-02-28,3.3,1025.4,79,6.4,5.1,.7,.4,.5,.8,7.3,9.1
22108,2021-03-01,8.6,1014.4,90,5.4,5.3,2,1.3,2.6,4,5.3,8
22108,2021-03-02,7.2,1025.7,70,4,5.5,2.6,1.6,2.3,3.9,6.5,8
22108,2021-03-03,3,1029,71,5.3,5.7,.9,.6,1.1,1.8,5.1,5.8
22108,2021-03-04,4.1,1023.5,81,7,5.5,.8,.5,.7,1.2,3.7,4.9
22108,2021-03-05,4.5,1021.9,88,6.3,5.7,.6,.4,.8,1.2,3.9,5.8
22108,2021-03-06,7.4,1026.4,84,5.7,5.5,2.3,1.4,1.9,3.1,6.2,8
22108,2021-03-07,3.5,1028.2,82,6.3,5.9,1.3,.8,1.4,2.4,5.5,7.1
22108,2021-03-08,3.9,1027.7,79,5.3,5.8,.9,.5,.7,1.2,4,4.9
22108,2021-03-09,2.6,1026.9,73,6.5,6.1,.4,.3,.3,.5,3.4,4.6
22108,2021-03-10,2.3,1028.7,86,6.9,6.5,.4,.3,.4,.6,3.7,5.3
22108,2021-03-11,2.6,1026.3,83,7.6,6.8,.3,.2,.3,.5,4.1,8
22108,2021-03-12,5,1021.9,81,7.5,6.3,.6,.4,.6,1,3.4,4.6
22108,2021-03-13,2.9,1022.3,84,7.5,6.7,.7,.4,.7,1.1,4.2,5.3
22108,2021-03-14,1.8,1021.2,93,6.4,6.7,.3,.2,.3,.4,3.8,5.8
22108,2021-03-15,4,1016.6,89,7.3,6.6,.5,.3,.4,.7,3.5,7.1
22108,2021-03-16,8.1,1017.5,66,6.7,6.2,1.9,1.2,2,3.3,4.9,6.4
22108,2021-03-17,5.3,1020.1,68,6.4,6.1,1.3,.8,1.5,2.2,5,6.4
22108,2021-03-18,1.6,1020.1,82,7.2,6.6,.7,.4,.7,1.1,4.4,5.3
22108,2021-03-19,1.8,1018.5,85,8,7.2,.5,.3,.4,.6,3.9,4.3
22108,2021-03-20,4.7,1014.4,80,7.4,6.7,.8,.5,1.3,2.1,4.1,6.4
22108,2021-03-21,9.5,1017.7,70,6.4,6.2,3.2,2.1,3.2,5.1,6.5,8
22108,2021-03-22,6.1,1022.3,70,7.4,6.3,2.8,1.7,2.6,4.6,6.9,8
22108,2021-03-23,5.2,1021.1,86,8.5,6.5,1.7,1.1,1.3,2.1,5.8,6.4
22108,2021-03-24,4.9,1020.2,84,8.7,6.7,1.7,1.1,1.3,2.1,5.6,6.4
22108,2021-03-25,2.3,1021.9,94,7.1,7,.8,.5,.8,1.2,5.1,5.8
22108,2021-03-26,2,1020.9,94,5.7,7.2,.4,.2,.3,.5,5.5,7.1
22108,2021-03-27,6.4,1008.6,86,9.9,6.9,1.1,.7,1.1,2,4.7,6.4
22108,2021-03-28,6.3,1005,92,8.4,6.8,1.9,1.2,1.8,2.8,5.4,6.4
22108,2021-03-29,2.6,1010.1,92,7.9,7.2,1.2,.8,1,1.6,4.7,5.3
22108,2021-03-30,2.6,1013.4,77,8.3,7.2,.6,.4,.6,.9,4.4,6.4
22108,2021-03-31,3,1014.6,77,8.8,7.5,.3,.2,.3,.4,4.1,8
22108,2021-04-01,3.6,1016.5,71,10.5,7.6,.3,.2,.4,.6,4,7.1
22108,2021-04-02,4,1017.7,75,10.5,7.7,.6,.3,.5,.9,5.3,8
22108,2021-04-03,3.5,1011.7,90,10.2,7.9,.9,.6,1.1,1.8,6,8
22108,2021-04-04,8.6,1015.6,83,8.7,7.4,2.6,1.6,1.9,3.7,6.5,7.1
22108,2021-04-05,4.3,1022.3,76,9.1,7.9,1.3,.8,1.6,2.4,5.3,6.4
22108,2021-04-06,3.3,1021.8,81,9.7,8.4,.5,.3,.4,.6,3.9,5.3
22108,2021-04-07,3.1,1020.9,82,9.8,8.5,.7,.4,.5,.8,3.7,4.3
22108,2021-04-08,5.9,1020.2,73,9.6,8.5,1,.6,.9,1.5,4.1,5.3
22108,2021-04-09,3.2,1024.6,78,9.8,8.8,.8,.5,.9,1.6,4.3,5.3
22108,2021-04-10,2,1030.4,83,10.4,9.3,.4,.2,.3,.5,4,5.8
22108,2021-04-11,2.2,1029.3,80,10.9,9.8,.4,.2,.3,.5,5.2,8
22108,2021-04-12,6.4,1016.7,85,11.4,9.3,1.1,.7,1.5,2.6,4.5,8
22108,2021-04-13,9.8,1015.8,74,8.3,8.2,3.3,2.1,3,5.1,6.6,8
22108,2021-04-14,5.4,1020.6,67,8.7,8.2,2.1,1.3,2.2,3.8,6,7.1
22108,2021-04-15,3.2,1019,83,9.5,8.6,.9,.6,.8,1.4,4.8,5.3
22108,2021-04-16,3.7,1016.3,86,10.5,8.7,1,.7,.8,1.4,4.4,5.8
22108,2021-04-17,5.7,1016.8,75,9.8,8.4,1.5,.9,1.7,2.8,4.8,6.4
22108,2021-04-18,6,1018.6,78,9.6,8.4,1.9,1.2,2.1,3.3,5.7,6.4
22108,2021-04-19,3.6,1018.1,87,10.5,8.9,.9,.6,.8,1.3,4.6,5.3
22108,2021-04-20,2.5,1021.3,88,11.1,9.7,.7,.4,.6,1,5.4,12.8
22108,2021-04-21,1.5,1021.6,79,12.5,10.6,.5,,.3,1,12.1,12.8
22108,2021-04-22,2.9,1018.3,75,13.5,11.1,.5,.3,.4,.6,12.1,12.8
22108,2021-04-23,4.2,1016.7,67,14.3,10.4,.9,.6,.7,1.3,10.2,12.8
22108,2021-04-24,4.1,1019.6,75,12.8,10.4,1,.6,.8,1.2,7.8,12.8
22108,2021-04-25,3.1,1019.5,85,12,10.5,.8,.5,.5,.9,7.1,8
22108,2021-04-26,2.1,1021.1,86,12.9,11.5,.7,.5,.5,.9,5.7,9.1
22108,2021-04-27,4.2,1018.1,87,12.8,10.7,.8,.5,.8,1.4,4.2,5.8
22108,2021-04-28,2.9,1016.9,94,11,10.7,.8,.5,.8,1.1,4,4.6
22108,2021-04-29,3.5,1005.8,89,12,10.8,.7,.4,1.2,1.8,4.3,5.3
22108,2021-04-30,5.8,1006,82,10.8,9.6,2.4,1.5,2,3.3,6,7.1
22108,2021-05-01,6.6,1007.9,80,10.7,9.4,1.9,1.2,1.6,3,5.4,6.4
22108,2021-05-02,4,1017.7,86,10.9,10,1.5,.9,1.4,2,5.2,5.8
22108,2021-05-03,2.6,1018.4,92,10.6,10.6,.8,.5,.8,1.6,4.7,5.8
22108,2021-05-04,7,1008.8,88,12.9,10.4,1.8,1.1,1.7,3.1,5.2,7.1
22108,2021-05-05,5.6,1014.5,83,11.9,10.2,2,1.2,1.7,2.8,5.8,8
22108,2021-05-06,6.6,1015.3,76,12.9,10.6,1.3,.8,1.1,1.7,4.5,8
22108,2021-05-07,6.3,1008,77,12.9,10.6,2.4,1.5,2.1,3.5,6,7.1
22108,2021-05-08,6.7,1005.5,80,12.8,10.7,1.8,1.2,1.4,2.3,5.2,7.1
22108,2021-05-09,2.1,1011.1,77,13.6,12.1,1.1,.7,1.1,2.1,5,5.8
22108,2021-05-10,5.2,1012.9,84,12.8,11.4,.8,.5,.8,1.4,3.5,5.3
22108,2021-05-11,4.3,1011.6,86,13.7,11.3,.7,.4,.6,1,4.4,5.8
22108,2021-05-12,3.5,1011.5,76,14.5,11.9,.6,.4,.5,.9,5.3,7.1
22108,2021-05-13,3.1,1012,85,14.3,12.4,.5,.3,.4,.6,6.3,8
22108,2021-05-14,2,1011.3,89,15,13.4,.5,.3,.4,.6,6,7.1
22108,2021-05-15,3.6,1005.8,93,15.3,13,.5,.3,.5,.7,4.8,6.4
22108,2021-05-16,4.9,1000.8,94,14.8,13,1,.6,.7,1.3,4.7,7.1
22108,2021-05-17,3,1007.7,92,14.1,13.2,1.3,.8,1,1.6,5.6,7.1
22108,2021-05-18,2,1011.1,90,14.9,13.9,.7,.4,.6,1,5.4,8
22108,2021-05-19,2.2,1012,86,16.1,15,.4,.2,.3,.5,5.9,6.4
22108,2021-05-20,4.9,1004.8,82,15.9,14.3,.6,.4,1.1,1.5,4,5.8
22108,2021-05-21,5.8,1007.6,86,14.9,13.7,1.6,1,1.4,2.2,5,5.8
22108,2021-05-22,1.8,1011.6,88,15.8,14.8,.6,.4,.6,.9,5.2,7.1
22108,2021-05-23,1.9,1011.2,88,16.3,15.2,.4,.2,.3,.5,5.4,5.8
22108,2021-05-24,4,1009.3,86,16,15.1,.6,.4,.6,1,3.8,5.8
22108,2021-05-25,5.2,1008.5,81,15.7,14.9,1.3,.8,1.3,1.9,4.7,6.4
22108,2021-05-26,6.9,1007.2,81,16.5,14.7,1.6,1,1.4,2.2,5,5.8
22108,2021-05-27,5.7,1002.7,88,15.8,14.7,1.8,1.1,1.6,2.5,5.3,6.4
22108,2021-05-28,7.7,1001,87,16.1,14.4,2.3,1.4,2.1,3.1,5.6,7.1
22108,2021-05-29,3.5,1007,86,16.2,14.8,1.7,1,1.7,2.8,5.7,7.1
22108,2021-05-30,4.8,1008,81,16.9,15.1,1,.6,1.1,1.7,4.7,5.8
22108,2021-05-31,3.7,1010.1,84,17.4,15.7,1.2,.7,1.1,1.7,4.8,5.8
22108,2021-06-01,3.2,1013.6,81,17.8,16.1,.7,.4,.5,.9,4.3,6.4
22108,2021-06-02,3,1012.4,83,18.5,16.6,.6,.3,.5,.8,4,5.3
22108,2021-06-03,4,1004.5,90,17.8,16.8,.8,.5,.8,1.2,5.8,8
22108,2021-06-04,5,1003.1,84,17.5,16.6,.9,.6,.8,1.4,4.3,7.1
22108,2021-06-05,5.7,1001.5,89,18.7,16.7,1.9,1.2,1.5,2.3,5.2,6.4
22108,2021-06-06,5.2,1006.3,90,18.8,17.2,1.7,1,1.1,2,5.4,6.4
22108,2021-06-07,5.1,1012.9,89,18.9,17.5,1.4,.9,1.1,2,5.2,5.8
22108,2021-06-08,3.1,1015.1,92,19.2,18.2,1.2,.7,.9,1.5,5.3,5.8
22108,2021-06-09,2,1014.7,88,21,19.4,.5,.3,.5,.8,4.8,7.1
22108,2021-06-10,6.2,1010,84,21.3,19.1,1.1,.7,2,3.2,5.1,7.1
22108,2021-06-11,2.9,1010.4,91,19.6,18.7,1.4,.9,2,2.8,6.3,8
22108,2021-06-12,4.7,1012.1,94,17.4,18.3,.7,.4,.5,.9,3.6,5.3
22108,2021-06-13,3,1009.7,91,17.9,18.7,.6,.4,.4,.8,3.6,6.4
22108,2021-06-14,1.5,1006.3,91,18.2,18.9,.3,.2,.3,.5,5.1,6.4
22108,2021-06-15,4.7,1003.1,87,19.9,18.7,.5,.3,.5,.8,3.2,5.3
22108,2021-06-16,4.1,1003.9,81,20.8,19.1,.7,.4,.6,1,3.6,7.1
22108,2021-06-17,3.8,1005.5,88,20.6,19.2,.6,.4,.5,.8,6.4,8
22108,2021-06-18,3.2,1002.3,92,20.1,19.2,.7,.4,.6,1,5.9,8
22108,2021-06-19,3.6,1001.6,89,20.3,19.5,.7,.4,.5,1,6.9,8
22108,2021-06-20,5.7,1001.4,92,20.2,19.6,1.2,.7,1.1,2.1,4.5,8
22108,2021-06-21,2,1005.2,89,19.8,20.6,.7,.4,.8,1.1,4.9,8
22108,2021-06-22,3.2,1008,84,21.4,20.4,.6,.4,.7,1.1,5,7.1
22108,2021-06-23,4.2,1009.8,87,21.1,20.5,.9,.5,.9,1.5,4.5,8
22108,2021-06-24,1.9,1011.4,86,21.2,21.1,.4,.2,.3,.5,5.6,8
22108,2021-06-25,2.6,1010.9,87,22,21.4,.3,,,.4,6.3,8
22108,2021-06-26,3.8,1010,86,22,21.3,.5,.3,.4,.6,4.5,7.1
22108,2021-06-27,2.5,1007.2,86,22.3,22,.5,.3,.4,.7,5.7,7.1
22108,2021-06-28,2.5,1005.3,82,22.6,22.4,.6,.3,.4,.7,5.8,8
22108,2021-06-29,1.9,1005.9,84,23,22.8,.5,.3,.4,.6,6.7,7.1
22108,2021-06-30,2.2,1007,87,23.4,23.1,.6,,.4,.7,7.2,8
22108,2021-07-01,3.3,1007,83,22.9,23,.6,.3,.4,.7,6.4,8
22108,2021-07-02,1.9,1008.1,82,24.1,23.6,.5,.3,.4,.6,6.9,8
22108,2021-07-03,7.5,1002.9,89,23.3,22.4,1.5,1,2.2,3.3,5.7,8
22108,2021-07-04,6.3,1004.7,89,22,20.7,3.2,2,2.5,4.9,7,8
22108,2021-07-05,3.6,1009.5,90,21.5,20.9,1.3,.8,1,1.7,6,7.1
22108,2021-07-06,2.9,1006.9,91,21.9,21.3,1.1,.7,.9,1.3,6.7,7.1
22108,2021-07-07,1.7,1006.9,95,22.5,21.6,1.1,.7,1,1.5,6.3,7.1
22108,2021-07-08,1.7,1005.8,92,22.9,22.2,1,.7,1,1.5,7.4,9.1
22108,2021-07-09,2.1,1005.6,91,23.4,22.8,1,.6,.7,1.2,7.1,8
22108,2021-07-10,3.9,1007.5,93,24.1,23.1,.8,.5,.6,1,6.5,7.1
22108,2021-07-11,4.5,1009.3,92,24.4,23.2,1.1,.7,.8,1.4,6.2,7.1
22108,2021-07-12,4.5,1009.3,92,25.3,23.7,.9,.5,.7,1.1,5.6,6.4
22108,2021-07-13,7.1,1008.6,87,25.6,23.7,1.8,1.1,1.3,2.4,5.6,7.1
22108,2021-07-14,6.5,1011,88,25.9,23.8,2.1,1.3,1.5,2.5,6.6,7.1
22108,2021-07-15,3.5,1014.1,88,25.9,24.6,1.5,.9,1.3,1.9,6.1,7.1
22108,2021-07-16,2.7,1014.3,86,26.2,25.4,.9,.5,.6,1.1,5.4,6.4
22108,2021-07-17,2.3,1011.7,84,25.8,25.9,.5,.3,.4,.7,4.9,5.8
22108,2021-07-18,3.4,1011,82,26.1,26.2,.4,.2,.3,.6,4,5.8
22108,2021-07-19,3.9,1012.6,83,26.8,26.2,.6,.4,.5,.8,3.5,6.4
22108,2021-07-20,3.2,1014,83,27.2,26.8,.5,.3,.4,.7,5.8,7.1
22108,2021-07-21,4,1012.3,82,27,26.8,.5,.3,.4,.7,6,8
22108,2021-07-22,3.2,1010.5,76,27.7,26.9,.5,.3,.4,.6,7.1,9.1
22108,2021-07-23,3,1009,79,27.5,27.3,.6,.3,.4,.6,7.4,10.7
22108,2021-07-24,3.9,1007.9,79,27.5,27.3,.7,.4,.6,1.3,8.9,10.7
22108,2021-07-25,4.4,1005.8,78,27.5,27.1,1.3,.8,1.1,1.8,11.4,12.8
22108,2021-07-26,4.4,1003.9,76,27.5,27,1.7,1,1.3,2.4,9.7,12.8
22108,2021-07-27,2.7,1002.9,75,27.9,27.5,1.3,.8,1.1,1.8,7.9,9.1
22108,2021-07-28,1.8,1002.9,76,28.2,27.8,1.1,.6,.8,1.4,7.1,9.1
22108,2021-07-29,3.5,1002.3,79,28.2,27.9,.9,.6,.8,1.3,6.3,9.1
22108,2021-07-30,8.1,1000,82,27.9,27.4,2,1.2,1.6,2.7,5.5,6.4
22108,2021-07-31,3.6,1000.6,79,28.1,27.6,1.4,.9,1.2,2,5.6,6.4
22108,2021-08-01,4.5,1000,82,26.8,27.6,.9,.6,.9,1.4,3.9,7.1
22108,2021-08-02,2.5,1003.3,79,27.1,27.4,.7,.4,.5,1,5.4,8
22108,2021-08-03,3.5,1007.4,83,27.5,27.5,.6,.4,.5,1,4.5,8
22108,2021-08-04,4.2,1008.7,81,28,27.7,.9,.6,.7,1.2,5.3,7.1
22108,2021-08-05,2.7,1006,80,28.5,28.1,.7,.4,.5,.9,6.8,8
22108,2021-08-06,3.4,1004,78,27.3,28.1,.9,,1.1,1.7,6.1,8
22108,2021-08-07,5.9,1003.8,79,26.6,27.7,.9,.6,.7,1.2,3.6,8
22108,2021-08-08,6.6,1002.7,82,26.9,27.5,1.1,.7,.9,1.4,3.8,4.6
22108,2021-08-09,4.7,1003.6,78,26.9,27.3,.8,.5,.8,1.1,6.3,9.1
22108,2021-08-10,2.2,1007.6,76,27.9,27.7,.5,.3,.4,.7,7.5,9.1
22108,2021-08-11,3.1,1009.9,76,27.7,27.6,.6,.4,.5,.9,6.5,8
22108,2021-08-12,4,1009.4,83,26.2,26.8,.7,.4,.5,.8,6.1,7.1
22108,2021-08-13,4.4,1005.7,86,25.7,26.7,.8,.5,.6,1,4.4,5.8
22108,2021-08-14,4,1007.2,79,26.1,27.3,.8,.5,.6,1,6.4,8
22108,2021-08-15,3.4,1012.9,71,26.9,27.6,.8,.5,.7,1.1,7.2,8
22108,2021-08-16,4.2,1013.3,72,26.9,27.8,.8,.5,.7,1.3,6.6,8
22108,2021-08-17,7,1009.5,69,26.5,27.5,1,.6,.8,1.3,3.3,4.3
22108,2021-08-18,4.9,1009.3,72,25.9,27.3,.9,.5,.8,1.6,3.5,6.4
22108,2021-08-19,4.6,1010.9,73,26.2,27,.7,.4,.6,1,3.6,7.1
22108,2021-08-20,7.4,1010.4,77,27,26.8,1.6,1,1.4,2.3,4.6,5.8
22108,2021-08-21,9.5,1003,81,26.5,26.5,3.1,1.8,2.8,5.5,6.3,8
22108,2021-08-22,3.3,1008.7,76,26.9,25.9,2,1.2,1.9,3.3,6,7.1
22108,2021-08-23,7.7,1006.8,89,24.3,25.2,1.6,1,1.6,2.7,4.9,6.4
22108,2021-08-24,8.4,999.4,85,26.4,25.1,2.7,1.6,2.3,4,6.1,10.7
22108,2021-08-25,3.4,1006.1,87,25.1,25,1.7,1,1.6,2.6,6.5,8
22108,2021-08-26,5.1,1011.8,88,27,25.6,1.4,.9,1.2,1.8,6,8
22108,2021-08-27,5,1012.9,80,24.1,25.9,1.1,.7,1.1,1.9,4.9,7.1
22108,2021-08-28,1.7,1014.5,77,24.3,26.2,.8,.5,.6,1,6,7.1
22108,2021-08-29,6.5,1014,79,23.5,26.2,.9,.6,.9,1.6,3.4,4.6
22108,2021-08-30,3.3,1015.9,79,24.9,26.2,.6,.4,.5,.8,4.7,5.8
22108,2021-08-31,5.9,1013.1,83,25.9,26.1,.9,.6,1.5,2.2,3.7,6.4
22108,2021-09-01,6.4,1009.1,82,24.1,26,1.9,1.2,1.8,2.9,5.8,6.4
22108,2021-09-02,3.7,1008.9,80,24.6,25.9,.9,.6,.8,1.3,5.3,6.4
22108,2021-09-03,4.1,1008.9,74,25,25.8,.6,.4,.6,1,3.7,6.4
22108,2021-09-04,4.1,1014,72,25.2,25.1,.7,.4,.6,.9,3.3,3.8
22108,2021-09-05,6.5,1016.8,74,24,24.8,1.1,.6,1,1.5,3.6,4
22108,2021-09-06,10.1,1014.1,81,23.1,24.8,1.9,1.2,1.7,3,4.6,6.4
22108,2021-09-07,9.6,1008.1,81,24.1,24.3,3.2,2,2.8,4.1,6.4,8
22108,2021-09-08,5.4,1011.3,72,23.8,24,1.8,1.1,1.9,3.4,5.5,7.1
22108,2021-09-09,1.8,1013.7,75,24,24.5,.5,.3,.5,.9,4.1,5.3
22108,2021-09-10,3,1013.1,80,24.7,24.4,.6,.3,.5,.8,3.7,6.4
22108,2021-09-11,2.4,1012.7,81,24.7,24.6,.6,.3,.4,.8,4.8,5.8
22108,2021-09-12,3.6,1013.1,79,24.7,24.9,.5,.3,.5,.8,9.1,12.8
22108,2021-09-13,4.5,1015,77,25.3,25,1.1,.7,.9,1.5,11,12.8
22108,2021-09-14,7.7,1013.4,71,24.6,24.8,1.9,1.2,1.6,2.5,9.9,12.8
22108,2021-09-15,7.9,1013.9,67,24.8,24.7,1.7,1,1.5,2.7,5.2,10.7
22108,2021-09-16,5.3,1011.4,68,23.5,24.6,1.2,.8,1.1,1.7,5.5,9.1
22108,2021-09-17,7.2,1008.5,78,23.7,24.4,1.5,.9,1.3,2.3,4.1,4.9
22108,2021-09-18,4.8,1014.2,68,24,24.5,.9,.5,.8,1.4,4,5.3
22108,2021-09-19,3,1015.4,75,24.4,24.4,.5,.3,.4,.6,3.3,5.3
22108,2021-09-20,7.8,1009.5,77,24.6,24.3,1.4,.8,1.9,3.4,4.1,5.3
22108,2021-09-21,8,1005.4,79,24.3,24.2,2.6,1.6,2.3,3.5,6.7,7.1
22108,2021-09-22,5.5,1009.6,70,24.3,24.1,2,1.2,1.8,2.7,5.8,7.1
22108,2021-09-23,5.7,1017.9,59,23.9,24,1.3,.8,.9,1.8,4.9,5.8
22108,2021-09-24,3.4,1021.8,70,22.9,23.8,.8,.5,1,1.6,4.1,5.3
22108,2021-09-25,5.9,1021.8,72,23.3,23.3,.9,.6,.8,1.3,3.5,4.3
22108,2021-09-26,4,1019.4,71,23.1,23.1,.7,.4,.7,1.2,3.9,6.4
22108,2021-09-27,4.7,1015.1,74,22.9,23,.7,.4,.6,1.1,3.9,5.8
22108,2021-09-28,7.3,1011.6,84,22.3,22.5,1.3,.8,1.4,2.1,4,5.3
22108,2021-09-29,5.1,1008.4,83,22.9,22.5,1.3,.8,1.1,1.7,4.5,5.3
22108,2021-09-30,4.5,1009.3,79,22.4,22.1,.9,.6,.8,1.4,4.1,4.9
22108,2021-10-01,4.8,1009.3,76,22.6,22.4,1,.6,.9,1.5,4.3,7.1
22108,2021-10-02,2.9,1013.8,76,23.4,22.9,.9,.6,.8,1.3,4.1,4.9
22108,2021-10-03,7.5,1017.6,83,23.9,22.9,1.6,1,1.8,2.5,4.4,5.8
22108,2021-10-04,7.9,1019.2,86,24.7,23.3,2.8,1.7,1.9,3.2,6.8,8
22108,2021-10-05,4.7,1020.8,84,24.1,23.5,1.7,1.1,1.4,2.4,6,7.1
22108,2021-10-06,2,1019,81,23.1,23.5,1.1,.7,1,1.7,5.4,6.4
22108,2021-10-07,4.8,1017.1,79,22.2,23,1.1,.7,1,1.6,4.5,6.4
22108,2021-10-08,3.5,1020.3,77,21.6,22.6,.9,.6,1,1.6,4.7,6.4
22108,2021-10-09,3.3,1020.9,82,23.5,23,.5,.3,.4,.8,4.7,7.1
22108,2021-10-10,6.7,1018.4,83,23,22.9,1.3,.8,2.1,2.8,4.9,6.4
22108,2021-10-11,7.2,1021.2,60,18.5,22.2,2.4,1.5,2.2,3.4,6.6,7.1
22108,2021-10-12,5,1023.1,80,19.4,22.1,1.3,.8,1,1.7,4.7,6.4
22108,2021-10-13,2.9,1023.2,76,20.5,22.4,.9,.6,.7,1.2,7.4,10.7
22108,2021-10-14,2.4,1019.8,76,21.4,22.6,.8,.5,.6,1.1,9.7,10.7
22108,2021-10-15,6.5,1018.4,72,20.3,22.3,1.4,.9,1.2,2.2,5.1,9.1
22108,2021-10-16,13.6,1023.4,62,15,21.6,5.1,3,4,7.5,7.5,9.1
22108,2021-10-17,10.1,1028.3,56,10.4,20.3,3.6,2.3,3.4,5.6,6.8,9.1
22108,2021-10-18,4.7,1023.2,59,14.6,20.1,1,.6,.9,1.7,4.2,5.8
22108,2021-10-19,8.1,1020.2,61,14.9,19.9,2.7,1.6,2.6,4.3,5.8,8
22108,2021-10-20,5.7,1021.7,56,12.8,19.6,2.1,1.3,2.1,3.5,6.2,8
22108,2021-10-21,5.9,1020.1,49,14.2,19.5,1.3,.8,1.1,1.8,4.5,5.8
22108,2021-10-22,7.7,1022.9,46,15.5,19.2,1.8,1.1,1.6,2.9,5,6.4
22108,2021-10-23,2.9,1028.2,46,16.4,19.2,1.1,.7,1.6,2.7,5.3,6.4
22108,2021-10-24,1.9,1026.3,53,16,19.5,.4,.3,.4,.7,3.9,5.3
22108,2021-10-25,3.1,1023.2,57,15.9,19.4,.4,.2,.3,.5,2.8,5.3
22108,2021-10-26,2.4,1020.6,62,17.5,19.4,.4,.2,.3,.5,3.6,7.1
22108,2021-10-27,8.2,1020.4,60,16.9,19.5,1.8,1.1,1.6,2.8,5.1,6.4
22108,2021-10-28,5.9,1023.1,52,17.3,19.3,1.4,.9,1.4,2.1,5.4,5.8
22108,2021-10-29,4.3,1023.9,62,17.5,19.6,.8,.4,.7,1.2,3.7,4.9
22108,2021-10-30,4,1023.4,70,17.9,19.6,.6,.4,.5,.9,3.3,5.3
22108,2021-10-31,3.1,1023.8,71,18,19.7,.6,.4,.5,.8,3.9,5.8
22108,2021-11-01,6.5,1024.2,66,16.1,19.4,1.2,.7,1,1.9,4.5,5.8
22108,2021-11-02,5.3,1022.6,59,14.5,19,1.3,.8,1.1,1.8,5.3,6.4
22108,2021-11-03,3.5,1019.9,63,15.5,18.9,.8,.5,.7,1.2,4.4,5.3
22108,2021-11-04,2.8,1019.7,70,17.3,18.9,.9,.6,.7,1.1,4.5,5.3
22108,2021-11-05,3.2,1020.2,70,17.2,19,.6,.3,.5,.7,3.5,4.9
22108,2021-11-06,5,1019.7,67,17.5,18.8,.6,.4,.6,.9,2.9,3.6
22108,2021-11-07,5.1,1018.4,67,18,18.6,.9,.6,.9,1.6,5.1,8
22108,2021-11-08,12.1,1012.6,69,12,18.1,4.7,3.1,4.6,7.4,7.4,9.1
22108,2021-11-09,11.9,1011.2,62,10.7,17.2,5.3,3.3,3.7,6.6,7.9,8
22108,2021-11-10,11,1008.8,68,10.8,16.7,4.6,2.8,3.4,6.6,7.6,8
22108,2021-11-11,10.2,1012.3,59,11,16.6,4.1,2.6,3.5,5.6,7.4,8
22108,2021-11-12,9.7,1017.7,56,10.3,16.4,3.8,2.3,3.5,5.5,7.1,8
22108,2021-11-13,5.3,1018.5,55,13.8,16.3,1.5,.9,1.3,3,5.3,6.4
22108,2021-11-14,6,1018.2,59,15.5,16.3,1.5,.9,1.1,2,5.1,5.8
22108,2021-11-15,2.6,1021.7,63,14.5,16.2,.9,.5,.8,1.4,4.4,5.3
22108,2021-11-16,4.4,1024.8,57,12.9,16.1,.8,.5,.7,1.2,3.8,5.3
22108,2021-11-17,3,1023.9,61,12.8,16,.7,.4,.6,1.1,3.9,4.9
22108,2021-11-18,7.1,1018.3,71,15.5,16,1.6,1,1.3,2.1,4.8,5.8
22108,2021-11-19,4.6,1018.2,80,15.4,15.9,1.6,1,1.3,2.3,5.4,6.4
22108,2021-11-20,3.4,1020.7,68,14,15.9,.9,.5,.8,1.5,4.7,6.4
22108,2021-11-21,4.1,1016.6,78,14,15.8,.6,.4,1.5,2.3,3.6,7.1
22108,2021-11-22,12.8,1016.8,65,8.1,15.6,5.5,3.4,4.2,7.7,8.1,9.1
22108,2021-11-23,10.5,1018.5,70,6.9,15.3,4.1,2.5,3.1,5.2,7.5,8
22108,2021-11-24,8.8,1017.7,54,11.2,15.1,3.2,2,3,4.5,6.7,8
22108,2021-11-25,6.4,1018.8,59,12.1,15,2.3,1.5,1.9,3.2,6.3,7.1
22108,2021-11-26,4.3,1026.8,57,9.9,15,1,.6,1.1,1.7,4.7,6.4
22108,2021-11-27,5.6,1034.2,58,8.7,14.9,1.4,.8,1.2,2.3,4.7,5.8
22108,2021-11-28,2.3,1033.2,62,10.6,14.8,.4,.3,.4,.7,3.9,4.9
22108,2021-11-29,4.5,1026.6,71,12.5,14.8,.6,.4,.7,1.1,3.5,5.3
22108,2021-11-30,12.1,1013,75,10.5,14.5,4.4,2.7,5.4,9.5,6.4,9.1
22108,2021-12-01,12.5,1022.2,66,5.2,,6,3.8,5.5,9,8.7,10.7
22108,2021-12-02,6.9,1019.5,53,8,,2.5,1.5,2.6,4.1,6.3,8
22108,2021-12-03,10.3,1018.7,55,8.3,,3.9,2.4,2.9,5.2,7.2,8
22108,2021-12-04,6.1,1025.9,58,8.4,9.8,2.3,1.3,2.2,3.7,5.9,7.1
22108,2021-12-05,3.7,1028.7,54,8,11,.9,.6,1.2,1.7,4.8,5.8
22108,2021-12-06,1.8,1026.7,52,10.6,10.9,.4,.2,.3,.5,4.1,5.3
22108,2021-12-07,6.2,1029.2,68,10.8,11.2,1.2,.7,1,1.8,4.2,6.4
22108,2021-12-08,3.3,1031.7,66,10.9,11.1,.8,.5,.9,1.5,4.4,5.3
22108,2021-12-09,5.2,1028.2,71,12.1,11,.7,.5,.8,1.2,3.2,4
22108,2021-12-10,5.8,1025.1,78,11.6,,1.1,.7,.9,1.6,4,4.9
22108,2021-12-11,4,1026.3,69,10.3,,1,.6,.8,1.3,4.6,5.3
22108,2021-12-12,10,1026.5,64,6.8,,3,1.9,3.3,5.4,5.9,8
22108,2021-12-13,6,1028.3,61,3.5,,2.4,1.6,2.7,4.2,6.6,8
22108,2021-12-14,6.8,1021.5,60,9,,1.7,1,1.6,2.9,4.8,5.8
22108,2021-12-15,5,1020.3,71,11.1,,2.1,1.3,1.7,2.8,5.9,6.4
22108,2021-12-16,4.2,1019.3,66,10.3,,1.1,.7,1.9,3.3,4.7,5.8
22108,2021-12-17,14,1024.6,76,1.2,11.3,5.5,3.3,4.3,6.4,7.9,9.1
22108,2021-12-18,7.8,1025.8,65,2.7,10.7,3.4,2.1,3.2,6,7.1,9.1
22108,2021-12-19,8.5,1022.3,54,7,10.9,3.4,2.1,3.1,5,6.9,8
22108,2021-12-20,6.8,1017.4,69,11.1,11.2,2.7,1.7,2,3.1,6.6,7.1
22108,2021-12-21,6.2,1017.9,69,9.4,11.2,2.3,1.4,1.7,2.8,6.1,7.1
22108,2021-12-22,4.8,1023.3,56,6.8,10.7,1.4,.8,1.3,2.2,5,6.4
22108,2021-12-23,2.4,1024.3,50,8.2,10.7,.5,.3,.5,.8,4.7,5.8
22108,2021-12-24,8.6,1023.5,70,4.8,10.5,2.9,1.8,4,6.2,5.9,9.1
22108,2021-12-25,13.1,1032,81,-3,9.8,5.5,3.4,4.2,6.7,8.1,9.1
22108,2021-12-26,9.2,1033.8,85,-3.5,9.3,3.6,2.3,3.5,5.7,7.4,9.1
22108,2021-12-27,6.1,1030.9,69,1.8,9.2,2.7,1.7,2.1,3.7,6.6,7.1
22108,2021-12-28,5.1,1027.1,59,6.1,9.6,1.9,1.2,2,3.9,5.8,8
22108,2021-12-29,9.3,1020.7,63,6.4,9.8,2.7,1.7,3.4,5.5,5.6,7.1
22108,2021-12-30,10.4,1025.6,71,2.3,9.4,4.2,2.5,3.5,6.4,7.2,8
22108,2021-12-31,9.6,1031.7,66,.1,9,3.6,2.2,3.6,5.5,7,8
22108,2022-01-01,3.4,1030.7,57,1.2,8.4,.9,.6,1.2,1.8,4.6,5.8
22108,2022-01-02,7.5,1027.1,63,4.2,8.7,1.9,1.2,1.9,3.1,4.9,6.4
22108,2022-01-03,3.8,1026.4,57,4,8.6,1,.6,1.1,1.7,4.7,6.4
22108,2022-01-04,8,1028.2,61,2.7,8.6,2.2,1.3,1.5,3.2,5.5,7.1
22108,2022-01-05,5.9,1027.3,59,2,8.2,1.3,.8,1.2,2.1,4.7,5.8
22108,2022-01-06,8.2,1029.2,59,3.6,8.4,2.1,1.3,1.7,2.9,5.2,6.4
22108,2022-01-07,4.5,1030.1,59,3.1,8.2,1.2,.8,1.3,2,5,6.4
22108,2022-01-08,4.5,1025.1,61,5.8,8.4,.8,.5,1,1.8,4.2,6.4
22108,2022-01-09,5,1022.8,68,4.7,8.4,1.6,1,1.4,2.4,5.9,6.4
22108,2022-01-10,4.1,1021,67,4.4,8.3,.8,.5,1.3,2.1,4.3,5.8
22108,2022-01-11,12.6,1021.4,74,-1,8,4.7,2.9,3.3,5.9,7.4,9.1
22108,2022-01-12,7,1023.2,67,-.4,7.5,2.4,1.5,2.4,3.7,6.4,8
22108,2022-01-13,9.5,1022.3,73,-.1,7.3,3.6,2.2,3.6,6,6.4,8
22108,2022-01-14,5.8,1026.1,56,.5,6.9,2.1,1.3,2.4,3.6,6.4,8
22108,2022-01-15,5.3,1022.6,62,4.5,6.9,1,.6,1.1,1.7,4,5.3
22108,2022-01-16,9.1,1026.3,64,1.9,7,3,1.9,2.5,4.1,6.2,8
22108,2022-01-17,8.5,1027.6,63,1.8,6.7,2.8,1.7,2.7,4.6,6,7.1
22108,2022-01-18,6.4,1028.9,58,-.5,6.3,2.1,1.3,2.4,4.4,6.6,8
22108,2022-01-19,7.2,1025.2,66,1.4,6.4,1.7,1,2.4,3.9,4.8,7.1
22108,2022-01-20,5.1,1029,64,-1.2,6.2,2.2,1.3,2.5,4.1,6.6,8
22108,2022-01-21,3,1030,55,1.1,6.3,.8,.5,.7,1.2,5,5.8
22108,2022-01-22,4.7,1026,63,2.9,6.5,.6,.4,.8,1.3,3.3,4.6
22108,2022-01-23,7.8,1022,69,3.9,6.6,1.5,.9,1.1,1.9,4.4,4.9
22108,2022-01-24,3.7,1020.8,73,5.5,6.9,1.1,.7,.9,1.5,5.4,6.4
22108,2022-01-25,5.6,1021.3,70,5.5,6.8,1.1,.7,1,1.6,4.9,5.8
22108,2022-01-26,7.2,1025.2,62,4.4,6.6,1.9,1.2,1.4,2.3,5.4,5.8
22108,2022-01-27,8,1025.8,67,2.2,6.4,2,1.2,2,3.1,5.3,7.1
22108,2022-01-28,8.8,1025.7,66,1.2,6.3,2.8,1.7,1.9,3.8,6.4,7.1
22108,2022-01-29,7.9,1023.1,63,.7,6.1,2.3,1.5,1.8,3.6,6,7.1
22108,2022-01-30,7.6,1023.1,57,1.2,5.9,1.8,1.1,1.4,2.2,5.2,5.8
22108,2022-01-31,5.7,1024.3,65,3.6,6.2,1.4,.9,1.7,2.9,4.8,5.3
22108,2022-02-01,9.8,1026.3,63,2.3,6,4,2.5,3.6,5.7,7.4,8
22108,2022-02-02,6.7,1028.9,59,1.4,5.8,2.2,1.4,1.9,3,6.2,7.1
22108,2022-02-03,6.8,1027.7,57,1,5.6,1.9,1.2,1.7,3.2,5.7,7.1
22108,2022-02-04,7.5,1025.9,73,.3,5.5,1.9,1.2,2.2,4.1,5.2,7.1
22108,2022-02-05,10.2,1027.2,70,-.9,5.4,3.9,2.3,2.7,4.8,7,8
22108,2022-02-06,8.3,1028.7,63,1.4,5.4,3.1,1.9,2.7,4.8,6.8,8
22108,2022-02-07,3.6,,56,1.1,5.2,1.4,.8,1.4,2.4,5.6,6.4
22108,2022-02-08,3.1,1027.9,63,3.1,5.4,.6,.4,.5,.8,3.9,4.9
22108,2022-02-09,2.9,1025.9,60,3,5.5,.7,.4,.6,1,4,4.9
22108,2022-02-10,2.7,1024.1,64,4.3,5.7,.6,.4,.5,.8,3.5,4.6
22108,2022-02-11,2.8,1026.6,72,5,5.8,.4,.2,.4,.6,3.6,5.3
22108,2022-02-12,4.5,1025.1,75,4.7,5.5,.6,.4,.7,1.2,3.3,5.3
22108,2022-02-13,6.1,1021.6,71,5,5.4,1.1,.6,.9,1.6,3.9,4.6
22108,2022-02-14,5.9,1021.4,75,4.3,5.5,1.4,.9,2.4,3.7,4.9,7.1
22108,2022-02-15,10,1023.5,72,-1.3,5.1,3.8,2.3,2.9,4.5,7.4,8
22108,2022-02-16,11.3,1024.7,71,-2.7,4.8,4,2.5,3,4.7,6.9,8
22108,2022-02-17,8.9,1028.7,63,-2.8,4.5,3.2,2,2.7,4.5,7,8
22108,2022-02-18,3.4,1029.7,59,.1,4.8,.9,.6,1.1,1.9,4.9,6.4
22108,2022-02-19,7,1025.1,72,1,4.8,1.9,1.2,3.1,5,4.5,7.1
22108,2022-02-20,8.9,1027.8,67,-1.5,4.6,3.9,2.4,3.6,5.9,7.4,8
22108,2022-02-21,8.2,1028.8,52,2.4,4.7,2.7,1.6,2,4,6.1,6.4
22108,2022-02-22,5.2,1032.9,61,-.9,4.7,2.1,1.3,2.1,3.5,5.9,7.1
22108,2022-02-23,8.1,1034,60,-1.7,4.2,2.3,1.4,1.8,2.9,5.8,6.4
22108,2022-02-24,3.1,1031.6,70,1.4,4.6,1.3,.8,1.1,1.9,4.9,5.3
22108,2022-02-25,4.1,1027.2,82,5.6,5,1.5,.9,1.1,1.8,5.1,5.8
22108,2022-02-26,8.1,1019.2,82,5.8,5,2.6,1.6,2.5,4,6.2,7.1
22108,2022-02-27,4.4,1023.1,74,5.4,5,2.5,1.5,2.9,4.7,6.4,8
22108,2022-02-28,3.5,1020.8,83,5.3,5.1,1.2,.7,1.1,1.8,5,5.8
22108,2022-03-01,6.7,1016.3,82,4.9,4.9,1.9,1.2,2.6,3.9,5.5,8
22108,2022-03-02,4.8,1019.3,68,5,4.9,2,1.3,2.1,3.9,6.3,7.1
22108,2022-03-03,2.6,1018.5,91,5.5,5.3,1.3,.8,1.2,1.9,5.3,5.8
22108,2022-03-04,7.9,1012.4,89,6.5,5.2,2,1.2,2.2,3.6,5.2,7.1
22108,2022-03-05,8.9,1018.3,55,3.9,4.9,3.3,2.1,2.5,4.6,6.9,8
22108,2022-03-06,8.2,1023.2,52,2.8,4.7,2.8,1.7,2.4,4.1,6.8,8
22108,2022-03-07,2.3,1021.3,60,3.3,5.3,.9,.5,1.1,1.8,4.4,5.8
22108,2022-03-08,3.6,1019.4,87,5.3,5.3,.8,.5,.6,1.1,4.5,5.3
22108,2022-03-09,1.6,1022.4,86,5.2,6,.4,.3,.4,.5,4,4.9
22108,2022-03-10,3.3,1020.7,91,5.6,5.7,.5,.3,.4,.7,3,4.9
22108,2022-03-11,3.2,1017.8,85,7.1,5.9,.8,.5,.6,.9,4.8,5.8
22108,2022-03-12,4,1014.8,96,7.5,6.2,.7,.4,.8,1.2,4.7,5.8
22108,2022-03-13,3.5,1011.5,99,6.8,6,1.4,.8,1,1.9,5.2,5.8
22108,2022-03-14,5.1,1013,93,6.1,5.9,1.5,.9,1.7,3.4,5.9,7.1
22108,2022-03-15,2.3,1015.1,83,5.4,6.3,1.9,1.2,2,3.3,6.2,7.1
22108,2022-03-16,4.4,1016.9,89,5.9,6.1,.6,.4,.7,1.2,4.7,7.1
22108,2022-03-17,6.8,1018.3,85,5.6,5.5,2,1.2,1.7,2.9,6.5,8
22108,2022-03-18,4.4,1009.8,89,6.1,5.7,1,.6,.9,1.5,5.4,8
22108,2022-03-19,7.9,1009.8,85,4.9,5.5,2.9,1.8,2.9,5,6.6,8
22108,2022-03-20,5.7,1020.3,69,4.6,5.6,1.8,1.1,2,3.4,6.1,8
22108,2022-03-21,5.6,1024.4,64,4.6,5.7,1.1,.7,1.1,1.7,4.3,5.3
22108,2022-03-22,6.7,1023,78,5.2,5.6,1.2,.8,1.1,1.8,4.3,5.8
22108,2022-03-23,3.4,1019.2,74,5.4,6,.9,.5,.9,1.6,4.2,5.8
22108,2022-03-24,4.8,1019.4,88,6.6,5.9,1.2,.7,.9,1.5,5.1,5.8
22108,2022-03-25,7.3,1012.7,85,8.3,6,1.4,.9,1.3,2,5,6.4
22108,2022-03-26,8.9,1004.1,87,7.5,5.9,3.5,2.2,3.3,5.2,7.2,9.1
22108,2022-03-27,5.7,1017.6,77,6.4,6,2.1,1.3,1.9,3.3,6.2,7.1
22108,2022-03-28,3.7,1026.3,79,5.8,6.3,1.3,.8,1.1,1.9,5.3,5.8
22108,2022-03-29,2.9,1024.7,80,7.3,6.7,.4,.3,.4,.6,3.5,5.3
22108,2022-03-30,4,1020.5,92,7.2,6.8,.5,.3,.6,.9,3.2,4.6
22108,2022-03-31,7,1025,86,6.3,6.2,1.7,1.1,1.7,2.6,5.3,6.4
22108,2022-04-01,5.1,1029.5,82,6.3,6.4,1.7,1,1.7,2.7,5.9,6.4
22108,2022-04-02,3.6,1028.9,77,6.4,6.6,.9,.6,.9,1.4,4.4,5.3
22108,2022-04-03,2.7,1029,88,6.8,6.9,.5,.3,.5,.8,3.6,4.3
22108,2022-04-04,1.6,1029,92,7,7.3,.3,.2,.5,1.1,3.7,8
22108,2022-04-05,3.2,1023.1,88,7.2,7,.5,.3,.5,.9,3.9,7.1
22108,2022-04-06,2.7,1022.2,93,6.8,7.1,.7,.5,.6,1,4.5,5.8
22108,2022-04-07,2.3,1019.5,87,7.8,7.9,.7,.4,.6,1.1,4.2,5.3
22108,2022-04-08,3.8,1019.4,85,9.1,8.3,.5,.3,.6,1,3.6,5.8
22108,2022-04-09,7.9,1014.4,87,9.7,7.3,1.9,1.2,1.5,2.7,4.9,6.4
22108,2022-04-10,5.5,1015.9,86,9.8,7.5,1.7,1,1.4,2.7,5.6,6.4
22108,2022-04-11,4.3,1012.9,93,10.8,8.5,.9,.6,.7,1.2,5,5.3
22108,2022-04-12,3.7,1011.1,99,10.1,8.7,.9,.6,.6,1.1,4.2,4.9
22108,2022-04-13,3.5,1012.8,97,9,8.6,1.1,.6,.8,1.4,5.2,6.4
22108,2022-04-14,4.9,1016.6,93,8.9,8.6,.9,.5,.6,1,3.6,5.3
22108,2022-04-15,5.3,1018.7,82,9.3,8.7,1,.6,1.4,2.5,3.9,5.8
22108,2022-04-16,3.4,1019.1,84,8.9,8.6,1.5,1,1.5,2.2,5.6,6.4
22108,2022-04-17,2.3,1019.3,87,10.1,9.4,.8,.5,.6,1.1,4.3,5.3
22108,2022-04-18,2,1019,89,10.1,9.6,.6,.4,.5,.8,4.4,4.9
22108,2022-04-19,2.5,1018.4,91,10.6,10.1,.4,.3,.3,.5,3.6,4.3
22108,2022-04-20,4,1016.5,87,10.5,9.9,.4,.2,.3,.6,3,4.6
22108,2022-04-21,6.5,1012,84,10.7,9.3,1.2,.8,1.4,2.3,4.1,5.8
22108,2022-04-22,6.2,1011.1,94,10.3,9.1,2.3,1.4,1.8,2.9,6,6.4
22108,2022-04-23,2.4,1012.7,98,8.8,9.3,1,.6,1.1,1.8,5.6,6.4
22108,2022-04-24,2.8,1011.9,99,10.7,10.1,.4,.2,.3,.5,4.6,5.8
22108,2022-04-25,2.8,1010.6,95,12.2,10.8,.5,,.3,.5,4.5,6.4
22108,2022-04-26,5.8,1004.3,96,11.5,10.3,1,.7,1.5,2.4,5.1,7.1
22108,2022-04-27,6.4,1015.9,76,10.9,9.8,1.6,1,1.3,2.2,5.2,5.8
22108,2022-04-28,4,1016.5,84,10.8,10.5,1,.7,1,1.5,4.6,5.8
22108,2022-04-29,5.5,1016.1,91,10.4,10.5,1.3,.8,1.4,2.5,4.9,5.8
22108,2022-04-30,3.9,1018.7,91,10.7,10.7,.7,.4,.6,.9,4,5.3
22108,2022-05-01,5.2,1014.8,80,11.6,10.7,1.2,.7,1.3,1.9,4.3,4.9
22108,2022-05-02,4.1,1015.2,83,11.3,10.9,1.5,.9,1.2,1.9,5.2,5.8
22108,2022-05-03,3.7,1019.7,83,11.5,11.1,.9,.6,.9,1.4,4.5,5.3
22108,2022-05-04,6.5,1018.8,85,12.5,11.2,1.5,.9,1.1,2.1,4.6,5.3
22108,2022-05-05,4,1018.5,87,12.9,11.9,1,.6,.9,1.4,4.8,5.3
22108,2022-05-06,2.2,1016.8,88,14.7,13.3,.6,.4,.5,.8,4.2,8
22108,2022-05-07,5.1,1018.8,83,12.8,12.7,1.2,.7,1.4,2.4,5.1,8
22108,2022-05-08,2.4,1018.4,83,12.5,12.7,1,.7,1.2,2,4.9,5.8
22108,2022-05-09,4.7,1018,84,12.8,12.9,.8,.5,.6,1.1,4.1,5.8
22108,2022-05-10,1.7,1016.6,84,14.5,14.2,.5,.3,.4,.7,3.4,5.8
22108,2022-05-11,3.2,1016,84,14,14.2,.4,.2,.5,.8,4,6.4
22108,2022-05-12,4.6,1012,87,13.7,13.6,.7,.5,.6,1,3.4,4
22108,2022-05-13,5.8,1009.2,83,13.9,13.6,1.2,.7,1.1,1.7,4.4,4.9
22108,2022-05-14,5.4,1014.5,73,13.5,13,1.4,.9,1.1,1.8,5,5.3
22108,2022-05-15,3.8,1015.6,81,13.3,13.2,1,.6,1,1.7,4.4,4.9
22108,2022-05-16,5.5,1012.1,88,14.5,13.4,1.1,.7,1,1.7,4.1,4.9
22108,2022-05-17,6.3,1013,91,14.9,13.8,1.3,.8,1,1.6,4.4,5.3
22108,2022-05-18,6.9,1015.4,79,15.9,13.8,2,1.2,1.6,3,5.4,7.1
22108,2022-05-19,5.2,1016.4,82,15.5,13.7,1.9,1.2,1.4,2.7,5.7,6.4
22108,2022-05-20,2.6,1014.1,88,15.6,14.7,.9,.5,.9,1.6,4.5,5.3
22108,2022-05-21,2.7,1010.6,93,15.8,15.6,.6,.3,.6,1,3.9,4.6
22108,2022-05-22,4.6,1008.5,93,16,15.6,1.1,.7,.8,1.4,4.3,4.9
22108,2022-05-23,3,1012.9,94,16.9,16.4,.7,.4,.6,.9,4,4.6
22108,2022-05-24,2.2,1014.7,91,17.6,17.7,.4,.3,.4,.6,3.8,5.8
22108,2022-05-25,2.9,1010.2,90,17.5,17.9,.6,.4,.7,1.3,4.7,8
22108,2022-05-26,5.5,1006.4,81,17.1,17.1,1.3,.8,1,1.9,4.8,5.3
22108,2022-05-27,5.1,1002.8,88,17.5,17.1,1.8,1.1,1.5,2.3,5.5,5.8
22108,2022-05-28,6.7,1005.4,91,17.9,17.1,1.4,.9,1.1,2,5.1,5.8
22108,2022-05-29,3.8,1005.2,90,18.4,17.9,1.3,.8,1.2,1.9,5.1,6.4
22108,2022-05-30,4.4,1003.6,87,17.8,18.1,.9,.6,.9,1.4,5.2,6.4
22108,2022-05-31,3.9,1008.5,83,18.1,18,.9,.6,.8,1.2,4.2,5.8
22108,2022-06-01,4.6,1006.4,84,18.5,18.4,1.2,.8,1.1,1.6,5.4,6.4
22108,2022-06-02,3,1007.9,91,19,18.8,.7,.4,.6,1,4.3,5.3
22108,2022-06-03,2.6,1010,94,18.9,19.4,.7,.4,.5,.8,4.4,5.3
22108,2022-06-04,3.1,1009.6,92,19.1,19.9,.7,.4,.5,.7,4.5,5.8
22108,2022-06-05,5.3,1002.3,84,19.1,19.3,1.1,.7,1.3,2.3,4.9,7.1
22108,2022-06-06,4.5,1001.2,87,18.4,19.4,.7,.4,.5,.8,5.3,7.1
22108,2022-06-07,4.6,1006.7,87,18.2,19.5,.7,.5,.6,.9,5.7,8
22108,2022-06-08,4.1,1011.2,88,19.1,19.8,.7,.4,.5,1,4.9,8
22108,2022-06-09,2.8,1013.4,85,19.5,20.2,.7,.4,.6,1,4.9,8
22108,2022-06-10,3.1,1013.7,84,19.9,20.6,.6,.4,.4,.8,3.9,4.9
22108,2022-06-11,5,1012.2,82,20.3,20.6,.6,.4,.5,1,3.5,7.1
22108,2022-06-12,3.7,1012,88,20.5,20.8,.7,.4,.8,1.1,5.1,9.1
22108,2022-06-13,2.5,1008.5,87,20.8,21.4,.6,.3,.6,.9,5.5,8
22108,2022-06-14,6.8,1007.3,84,18.6,20.5,1,.6,.8,1.3,3.8,6.4
22108,2022-06-15,6.3,1005.9,92,19.7,20.3,1.2,.7,1.1,1.7,4.5,5.8
22108,2022-06-16,2.7,1008.7,78,19.7,21.2,.9,.6,.8,1.3,5.1,8
22108,2022-06-17,6,1007.6,92,21.1,20.9,1.1,.7,1,1.7,4.7,7.1
22108,2022-06-18,5,1007,92,21.2,21.1,1.2,.8,1.1,1.7,5.4,7.1
22108,2022-06-19,3.3,1007.6,96,21.5,21.5,1.1,.6,.9,1.6,5.6,6.4
22108,2022-06-20,2.2,1005.2,95,20.9,22.1,.7,.4,.6,.9,5.9,7.1
22108,2022-06-21,3.8,1004.7,94,21.5,22.3,.6,.3,.4,.8,5.1,6.4
22108,2022-06-22,3.2,1007.4,92,22.2,22.7,.6,.4,.5,.9,5.6,6.4
22108,2022-06-23,8.5,1000.2,96,22.5,21.5,2,1.2,1.8,2.9,5.3,6.4
22108,2022-06-24,5.3,999.2,94,22.1,21.7,1.9,1.2,1.6,2.6,6.2,8
22108,2022-06-25,7.1,1004.1,95,22.9,21.9,1.7,1,1.4,2.5,5.3,7.1
22108,2022-06-26,9.3,1007.6,95,23.3,21.8,2.2,1.4,1.8,2.7,5.3,6.4
22108,2022-06-27,11.7,1005.2,93,23.8,21.9,3.5,2.2,3,4.7,6.9,8
22108,2022-06-28,12.7,1001.9,93,23.8,21.7,4.4,2.8,3.2,5.4,7.6,9.1
22108,2022-06-29,8.4,1004.3,96,23.2,21.8,3.3,2,2.9,4.8,6.9,8
22108,2022-06-30,8.6,1009.4,95,23.2,22,2.3,1.4,1.7,3,5.9,7.1
22108,2022-07-01,4.6,1013.7,93,24,22.8,1.4,.9,1.4,2.3,5.6,6.4
22108,2022-07-02,2.4,1012.8,94,23.9,23.8,.9,.6,.8,1.2,5.2,7.1
22108,2022-07-03,2.7,1009,91,23.8,23.9,.6,.4,.4,.7,4.6,6.4
22108,2022-07-04,1.6,1005.7,91,25,24.8,.6,.3,.4,.7,4.5,9.1
22108,2022-07-05,1.1,1005.5,88,26,25.1,.6,.4,.5,.8,4.5,8
22108,2022-07-06,5.7,1006,88,26.4,25.1,1.1,.7,1.6,2.9,4.6,8
22108,2022-07-07,8.9,1004.6,92,26.1,24.9,2.7,1.7,2.1,3.5,7.1,8
22108,2022-07-08,3.8,1003.4,90,25.2,25.1,1.6,1,1.4,2.2,6.4,8
22108,2022-07-09,2.5,1003.4,89,25.3,25.6,.9,.5,.7,1.2,6.2,7.1
22108,2022-07-10,2.6,1004.9,86,26.3,26.6,.6,.4,.7,1.1,4,7.1
22108,2022-07-11,2.8,1005.5,89,25.7,25.9,.9,.6,.7,1.1,4.4,6.4
22108,2022-07-12,2.7,1007.1,92,26.1,25.9,.6,.4,.5,.7,4.8,6.4
22108,2022-07-13,9.5,1001.4,91,25.9,25.3,2.4,1.5,2.5,3.6,5.4,7.1
22108,2022-07-14,4.7,1001.2,88,24.8,25,1.6,1,1.5,2.2,5.3,6.4
22108,2022-07-15,2,1000.5,86,25.4,26.1,.8,.5,.7,1.2,6,6.4
22108,2022-07-16,5.1,999.2,85,25.8,25.9,.9,.6,.7,1.1,4.2,6.4
22108,2022-07-17,2.7,1000.9,85,26.1,26.2,.8,.5,.6,1,5.4,7.1
22108,2022-07-18,6.6,998.2,90,24.8,25.8,1.2,.7,1.1,1.9,5.1,7.1
22108,2022-07-19,5,1003.2,85,25.9,25.8,1.3,.8,1.2,1.8,6.8,9.1
22108,2022-07-20,1.9,1006.3,84,26.2,26.7,.9,.6,.8,1.2,7.1,8
22108,2022-07-21,9.7,1002.3,86,24.7,25.3,2.7,1.6,2.4,4.9,5.8,8
22108,2022-07-22,3.3,1006.5,80,25.4,25.7,1.5,.9,1.6,2.6,5.3,7.1
22108,2022-07-23,6.7,1003.4,89,25.2,24.9,1.6,1,1.9,3.2,5.4,7.1
22108,2022-07-24,6.3,1002,89,25.2,25.5,2.1,1.3,1.8,3,5.7,7.1
22108,2022-07-25,3.8,1009.2,85,25.2,26,.9,.6,1.1,1.8,4.5,5.8
22108,2022-07-26,3.3,1009.5,89,26,26.2,.5,.3,.4,.6,3.7,5.8
22108,2022-07-27,3.3,1009,86,26.6,26.4,.6,.4,.6,1,4.7,7.1
22108,2022-07-28,4.2,1010,85,27,26.6,1.1,.7,1,1.7,5.3,5.8
22108,2022-07-29,4,1011.1,86,27.5,26.9,.7,.4,.6,.9,5,5.8
22108,2022-07-30,3.8,1008.1,88,27.5,26.7,.5,.3,.4,.7,4.8,7.1
22108,2022-07-31,6.7,1004,90,27.1,26.8,1,.6,1,1.6,3.5,5.8
22108,2022-08-01,6.1,1003.5,92,27.3,26.9,1.5,.9,1.3,2.1,5.7,10.7
22108,2022-08-02,8.6,1007.8,93,27.3,26.8,2.2,1.4,1.9,3.3,5.3,6.4
22108,2022-08-03,4.1,1010.6,94,27.6,27.3,1,.6,.9,1.5,4.6,7.1
22108,2022-08-04,3.5,1009.7,93,28.2,28.1,.7,.5,.5,.9,6.3,7.1
22108,2022-08-05,4.8,1006.3,92,28.4,28.1,1.2,.7,.8,1.5,5.1,6.4
22108,2022-08-06,4.6,1005.8,93,28.8,28.4,1.1,.7,.8,1.3,6,6.4
22108,2022-08-07,7.2,1005.8,92,28.9,28.4,1.5,.9,1.3,2.4,4.5,5.8
22108,2022-08-08,9.1,1006.2,90,28.6,28.1,2.8,1.7,2,3.4,6.1,7.1
22108,2022-08-09,8.8,1006.1,89,28.7,27.8,3,1.8,2.1,3.5,6.5,7.1
22108,2022-08-10,5.2,1005.9,92,25.1,27.3,2.1,1.3,1.7,3.1,6.2,7.1
22108,2022-08-11,6.9,1004.2,91,26.7,27.3,1.9,1.2,2,3.3,5.7,6.4
22108,2022-08-12,1.9,1006.6,79,26.8,28.1,.9,.6,.8,1.4,5.9,6.4
22108,2022-08-13,5.1,1005.2,90,27.1,27.6,.9,.6,.9,1.4,4.5,5.8
22108,2022-08-14,4.6,1005.2,91,28.1,27.7,1.4,.9,1.4,2.4,5,5.8
22108,2022-08-15,10.7,1002.5,89,28.2,27.1,3.7,2.4,3.1,5,6.9,8
22108,2022-08-16,4,1004,81,26.5,27.2,2.3,1.4,2.1,3.4,6.7,8
22108,2022-08-17,3.2,1006.5,77,26.1,27.6,1.2,.7,1,1.8,7.2,9.1
22108,2022-08-18,2.9,1007.4,74,27.1,27.8,.8,.5,.7,1.1,6.6,7.1
22108,2022-08-19,7.6,1002.1,89,27.9,27.5,1.8,1.1,1.6,3,4.8,6.4
22108,2022-08-20,4.7,1002.9,83,26.8,27.6,1.8,1.1,1.3,2.6,6.1,7.1
22108,2022-08-21,1.1,1005,77,27.4,28.4,1.3,.8,1.4,2.4,4.4,7.1
22108,2022-08-22,6.5,1004,78,27.6,27.8,1.3,.8,1,1.7,4.3,7.1
22108,2022-08-23,7.6,1005.6,73,26.7,27.5,2.1,1.3,2,3.4,5.4,7.1
22108,2022-08-24,3.3,1007.4,75,26.2,27.6,1.9,1.2,1.9,3.3,6.5,8
22108,2022-08-25,5.2,1008,70,25.3,27.1,1.3,.8,1.2,2.2,4.9,5.8
22108,2022-08-26,4.1,1007.9,68,25.4,27.1,1.2,.7,.9,1.3,4.9,6.4
22108,2022-08-27,7.9,1010.9,60,23.7,26.6,2.1,1.3,1.9,3.2,5.5,6.4
22108,2022-08-28,3.8,1014.4,59,23.6,26.3,1.2,.7,1.3,2.5,4.8,6.4
22108,2022-08-29,6.1,1013.9,72,24,25.9,.9,.6,1,2,3.7,5.3
22108,2022-08-30,8,1009,90,22.5,25.5,1.5,.9,1.5,2.6,4,5.3
22108,2022-08-31,7.1,1008.9,80,23.6,25.1,1.4,.8,1,1.7,4.1,5.3
22108,2022-09-01,5.3,1013.3,82,24.2,24.8,1,.6,.9,1.4,4.3,4.9
22108,2022-09-02,5.1,1014.3,78,24.8,24.3,1,.7,1,1.6,4,5.8
22108,2022-09-03,6.1,1012.1,78,24.8,25.3,1.1,.7,.9,1.6,4.2,9.1
22108,2022-09-04,7.8,1008,86,25.2,25.1,1.7,1.1,1.4,2.3,6.3,12.8
22108,2022-09-05,13.2,1003.9,90,21.6,24.3,3.4,2.1,3.5,5.6,8,12.8
22108,2022-09-06,10.4,1006,82,22.4,22.4,3.2,2,3.3,5.9,6.2,8
22108,2022-09-07,2.6,1017.3,89,23,23.6,1.2,.7,1,1.6,4.4,7.1
22108,2022-09-08,4,1017.9,86,23,23.7,.6,.3,.4,.8,4.5,8
22108,2022-09-09,3.8,1016.9,85,23.2,23.9,.4,.3,.3,.5,2.9,5.8
22108,2022-09-10,4.3,1016.5,74,23.2,23.5,.7,.4,.6,1.2,3.3,4.3
22108,2022-09-11,3,1014.7,76,22.9,23.5,.3,,.2,.5,4.5,7.1
22108,2022-09-12,4,1014,86,22.7,23.2,.4,,.4,.6,6.2,10.7
22108,2022-09-13,6,1014.5,89,23.1,22.7,.8,.5,.6,1.1,3.1,4
22108,2022-09-14,7.3,1013.1,79,22.9,22.2,1.3,.8,1.3,2.1,5.9,10.7
22108,2022-09-15,5,1008.8,83,23.1,21.9,1.8,1.2,2.4,3,8.7,12.8
22108,2022-09-16,5.6,1006.7,92,23.3,22.1,2,1.2,1.5,2.6,7.7,9.1
22108,2022-09-17,3.3,1008.2,94,22.8,22.7,1.5,.9,1.2,2,5.2,7.1
22108,2022-09-18,8.8,1002.9,89,23,22.4,1.6,1,1.7,3.1,4.6,6.4
22108,2022-09-19,13,1002,71,21.8,20.6,5.1,3,4,7,7.5,9.1
22108,2022-09-20,7.7,1013.3,71,20.1,19.9,2.7,1.7,2.9,4.5,6,9.1
22108,2022-09-21,3.7,1016.9,63,20,20.9,1,.6,1.1,1.8,4.2,6.4
22108,2022-09-22,2.8,,,,,.6,.3,.4,.8,3.5,6.4
22108,2022-09-23,7.9,1014,72,19.8,21.1,2,1.2,2.3,3.9,5.1,8
22108,2022-09-24,5.6,1017.5,73,20.3,20.9,2.1,1.3,2.1,3.9,6.2,8
22108,2022-09-25,3,1016.7,81,20.3,21.1,.9,.5,.7,1.4,4.2,5.8
22108,2022-09-26,4,1017,79,20.6,21,.5,.3,.4,.7,2.9,6.4
22108,2022-09-27,4.4,1015.9,83,20.4,21,.5,.3,.4,.8,3.2,5.8
22108,2022-09-28,2.1,1014,80,20.5,21,.4,.2,.3,.6,3.8,5.8
22108,2022-09-29,2.7,1015.2,82,19.5,21.1,.3,.2,.3,.5,4.8,9.1
22108,2022-09-30,2.7,1016.5,90,18.9,21.2,.3,.2,.3,.4,2.8,6.4
22108,2022-10-01,2,1017.7,92,18.4,21.2,.4,,.2,.5,3.4,7.1
22108,2022-10-02,6,1014.8,86,22.2,21.1,1,.7,1.5,2.7,3.7,7.1
22108,2022-10-03,8.8,1012,96,22.1,21,2.3,1.4,1.6,2.7,5.8,7.1
22108,2022-10-04,11.7,1014.7,79,17.7,20.4,4.8,2.9,3.8,7.3,7.5,9.1
22108,2022-10-05,6.7,1020.5,67,16.3,19.5,3,1.9,2.8,5,7.3,8
22108,2022-10-06,6.6,1019.8,72,17,19.6,1.8,1.1,1.5,2.6,5.8,6.4
22108,2022-10-07,10.4,1020.9,53,16.5,19.2,3.1,1.9,2.7,4.6,6,7.1
22108,2022-10-08,2.7,1023.2,63,17.5,19.3,.9,.5,1.2,2,3.7,5.8
22108,2022-10-09,6.5,1018.1,75,16.4,19,1.3,.8,2.8,4.5,3.8,7.1
22108,2022-10-10,12.6,1016.2,68,13.6,18.2,5.4,3.4,4.4,6.4,7.9,9.1
22108,2022-10-11,9,1022.5,63,14.6,17.7,3.8,2.4,3.6,6.3,5.3,9.1
22108,2022-10-12,4.3,1026.4,63,15.8,17.6,1,.6,1.1,1.6,2.8,5.8
22108,2022-10-13,3.4,1024.7,78,17.2,18.1,.4,.3,.4,.7,3.1,6.4
22108,2022-10-14,3.8,1020.1,83,17.9,18.3,.5,.3,.4,.7,3.2,8
22108,2022-10-15,4.3,1019.2,81,17.8,18.2,.6,.4,.5,.9,3.2,3.8
22108,2022-10-16,4.4,1018.8,81,17.4,18.1,.7,.5,1.5,2.2,3.2,4.6
22108,2022-10-17,12,1021.2,53,13.9,17.3,4.1,2.5,2.9,4.9,6.9,8
22108,2022-10-18,9,1023.8,53,13.3,16.6,2.7,1.7,2.3,3.8,6.3,7.1
22108,2022-10-19,5.3,1026.7,55,14.4,16.2,1.2,.7,1,2,4.2,4.9
22108,2022-10-20,2.8,1027.9,63,15.5,16.3,.4,.3,.4,.6,4.2,5.3
22108,2022-10-21,1.8,1024.7,75,16.3,16.7,.4,.2,.3,.5,4.2,5.3
22108,2022-10-22,2,1021.6,88,17.2,17.5,.4,.2,.3,.5,4.2,7.1
22108,2022-10-23,9.4,1020.3,65,15.2,16.7,2.8,1.7,2.4,3.9,5.9,8
22108,2022-10-24,10.6,1022.5,54,13.4,16.2,3.1,2,2.6,4.2,6.2,7.1
22108,2022-10-25,5.1,1027.8,57,13.6,15.8,1.1,.7,1.4,2.4,4.2,6.4
22108,2022-10-26,4.4,1027.3,67,15.1,15.9,.6,.4,.5,.8,3.1,4
22108,2022-10-27,5.5,1026.3,74,15,15.8,.8,.5,1.1,1.6,3.2,4.6
22108,2022-10-28,4.6,1026.3,70,14.4,15.8,1.4,.9,1.4,2.2,5.5,7.1
22108,2022-10-29,1.6,1026.1,78,15,16.1,.8,.5,.7,1.3,4.5,5.8
22108,2022-10-30,1.9,1025.1,86,15,16.1,.5,.3,.3,.6,5,9.1
22108,2022-10-31,.7,1024.2,80,15.8,16.5,.4,.3,.3,.6,7.7,10.7
22108,2022-11-01,4.1,1022.7,76,15.3,16.1,.9,.5,1.2,2.4,6.2,10.7
22108,2022-11-02,5.3,1021.5,61,13.2,15.7,1.3,.8,1.4,2.5,4.5,5.8
22108,2022-11-03,6.7,1020.4,64,13.3,15.3,1.4,.8,2,4,3.8,5.8
22108,2022-11-04,10.8,1024.3,62,9.6,14.8,3.6,2.3,2.8,4.6,7,8
22108,2022-11-05,4.7,1025.7,57,12,14.6,1.5,.9,1.5,2.7,5.4,6.4
22108,2022-11-06,3.5,1024.8,52,13.8,14.6,1,.6,.8,1.4,5.2,6.4
22108,2022-11-07,3.1,1023.4,64,14.2,14.5,.5,.3,.6,1.2,4.1,5.3
22108,2022-11-08,3.2,1024.8,89,14,14.7,.7,.4,.7,1.1,4.5,5.3
22108,2022-11-09,2.8,1025.5,81,13.5,14.6,.4,.2,.4,.6,3.2,6.4
22108,2022-11-10,3.5,1024.4,80,14.7,14.8,.4,.3,.4,.7,2.7,5.3
22108,2022-11-11,2.7,1024.6,84,15.4,14.9,.4,.2,.3,.5,4.4,9.1
22108,2022-11-12,6.7,1015.6,88,16.1,14.9,1.1,.7,1.5,2.7,4.5,6.4
22108,2022-11-13,9.4,1016.8,77,11.2,14.2,4.3,2.7,3.7,6.1,7.9,9.1
22108,2022-11-14,6.5,1019.3,69,11.1,14,2,1.2,1.6,3.3,6,8
22108,2022-11-15,5,1017.7,63,13.2,13.8,1.5,.9,1.2,2.4,5.4,5.8
22108,2022-11-16,3.8,1021,62,13,13.8,1.7,1.1,1.4,2.3,5.7,6.4
22108,2022-11-17,2.4,1023.8,65,13.4,13.9,.6,.4,.5,.9,4.4,5.8
22108,2022-11-18,5.1,1025.5,76,13.6,13.7,.6,.4,.5,.8,3.2,6.4
22108,2022-11-19,3.6,1021.8,74,14.1,13.9,.7,.4,.6,1.1,4.5,8
22108,2022-11-20,3,1019.9,85,14.6,14.1,.5,.3,.4,.7,6.9,8
22108,2022-11-21,1.8,1021.7,85,14.2,14.3,.4,.3,.4,.7,6.4,8
22108,2022-11-22,5.4,1020.5,78,13.3,14,.9,.6,.8,1.2,4.3,5.8
22108,2022-11-23,7.2,1018.7,71,12.2,13.9,1.4,.8,1.1,1.9,4.1,4.9
22108,2022-11-24,3.5,1021.4,76,12.5,13.9,.7,.4,.7,1.3,4,4.9
22108,2022-11-25,6,1017.9,84,13.9,13.9,1.3,.8,1.3,2.1,4.8,6.4
22108,2022-11-26,7.2,1019.1,63,10.3,13.5,2.1,1.3,1.7,2.7,6.2,7.1
22108,2022-11-27,4.2,1019.7,63,10.2,13.3,.9,.6,1,1.6,4.7,7.1
22108,2022-11-28,6.6,1013.2,86,14.9,13.5,1.4,.9,1,1.7,4.7,6.4
22108,2022-11-29,13.1,1018.4,75,8.2,13,4.6,2.9,3.8,6.6,7.5,9.1
22108,2022-11-30,11.1,1031.8,76,1.1,12.1,4.6,2.8,3.6,7,7.8,9.1
22108,2022-12-01,5.7,1031.4,72,.9,11.6,2.1,1.3,1.8,3.5,6.1,8
22108,2022-12-02,5.8,1029.3,75,2.9,11.3,1.5,.9,1.3,2.1,5.7,6.4
22108,2022-12-03,7.6,1025.4,62,8.9,11.4,2.1,1.3,1.7,3.3,5.2,6.4
22108,2022-12-04,10.1,1031.8,65,2.1,11,3,1.9,2.4,4.1,6.1,7.1
22108,2022-12-05,7,1029.8,61,2.8,10.8,1.8,1.1,1.5,2.5,5.2,5.8
22108,2022-12-06,8.1,1024.2,56,7.4,10.8,2.4,1.5,2.1,3.3,5.9,7.1
22108,2022-12-07,8,1024.8,56,9,10.8,3,1.8,2.1,3.9,6.5,8
22108,2022-12-08,3.7,1026,65,8.9,10.9,1.3,.8,1.6,2.5,5.7,7.1
22108,2022-12-09,4.4,1022.9,68,9.6,10.8,.7,.4,.5,.9,3.6,4.9
22108,2022-12-10,4.4,1020.8,50,7.5,10.6,.8,.5,.7,1.2,3.7,4.3
22108,2022-12-11,7.7,1024.2,63,6.1,10.6,2.3,1.4,1.9,3.2,5.9,7.1
22108,2022-12-12,5.2,1020.6,65,6.9,10.6,1.6,1,1.9,3.4,5.2,7.1
22108,2022-12-13,12.3,1018.6,64,5.4,10.4,4.7,2.9,4.6,8.4,7.5,9.1
22108,2022-12-14,8.7,1027.4,77,-.4,9.9,4.6,2.7,4.4,7.2,8,9.1
22108,2022-12-15,7.4,1025.4,69,4.4,9.8,2.3,1.4,2.1,3.3,5.8,7.1
22108,2022-12-16,7.4,1029.1,61,0,9.4,2.5,1.5,2,3.4,6.2,7.1
22108,2022-12-17,9.8,1023.9,86,-.6,9.2,4.1,2.4,3.5,6.5,7,9.1
22108,2022-12-18,6.6,1023.1,90,-3.5,9,4.7,2.8,3.7,6.1,8.2,9.1
22108,2022-12-19,5.7,1028.1,83,.4,9,2.2,1.4,3,4.8,6.2,8
22108,2022-12-20,5.9,1028.7,74,3,9.1,1.1,.7,.8,1.5,3.9,5.3
22108,2022-12-21,8.5,1017.5,69,6.7,9.2,2.4,1.5,2.5,4.1,5.6,7.1
22108,2022-12-22,13.9,1010.4,80,-1.1,8.8,5.5,3.4,4.6,7.7,7.9,9.1
22108,2022-12-23,14.5,1013,86,-2.2,8.4,7,4.2,5,8.9,8.9,9.1
22108,2022-12-24,6.8,1012,81,-2,8.1,3.7,2.2,3.8,7.1,8.1,9.1
22108,2022-12-25,8.3,1019.5,72,3.5,8.2,2.7,1.6,2,3.5,6.9,8
22108,2022-12-26,4.6,1020.8,73,3.2,8.1,1.5,.9,1.6,2.6,5.4,6.4
22108,2022-12-27,4,1025.7,63,4.2,8.1,1.1,.7,.8,1.3,4.8,5.3
22108,2022-12-28,6,1030.8,68,2.9,8,1.8,1.1,1.6,2.8,5.6,7.1
22108,2022-12-29,3.3,1034.5,77,2.2,7.9,1.4,.9,1.2,2.2,5.4,6.4
22108,2022-12-30,4.6,1034.1,67,3.3,8,1.7,1,1.7,3,5.6,6.4
22108,2022-12-31,5.5,1031.5,55,5.1,7.9,1.3,.8,1,1.8,4.7,5.3
22108,2023-01-01,7.5,1032.3,59,4.2,7.9,1.8,1.1,1.4,2.4,5.4,5.8
22108,2023-01-02,9,1033.3,62,1.6,7.8,2.5,1.5,1.8,2.9,5.8,6.4
22108,2023-01-03,4.1,1031.1,68,1.9,7.8,1.5,.9,1.7,2.7,5.3,5.8
22108,2023-01-04,3.9,1030.6,68,4.6,7.9,1.2,.8,1.3,1.9,4.8,5.8
22108,2023-01-05,3.5,1032.8,78,5.6,8,.6,.4,.5,.8,3.7,4.6
22108,2023-01-06,6.4,1030,80,6.6,8.1,1,.7,2,3.3,3.8,5.8
22108,2023-01-07,9.3,1019,61,5.9,7.9,3.8,2.3,3.5,5.5,6.7,8
22108,2023-01-08,4.4,1024.3,72,6.4,7.9,1.1,.7,1.2,1.8,4.3,6.4
22108,2023-01-09,8.1,1022.4,77,5.9,7.8,2.1,1.3,2.3,3.4,5.4,7.1
22108,2023-01-10,3.6,1027.4,66,3.7,7.7,1.7,1,2,3.5,6,7.1
22108,2023-01-11,1.9,1026.5,72,5.2,7.7,.5,.3,.5,.8,4.8,6.4
22108,2023-01-12,4.6,1021.3,80,8.2,7.8,.6,.3,.6,1,3.2,7.1
22108,2023-01-13,5.3,1014.2,98,8.8,8.1,1.4,.9,1.1,1.9,5.6,8
22108,2023-01-14,8.8,1007.2,90,5.5,7.8,3.4,2,2.9,5,7,9.1
22108,2023-01-15,11.3,1007.7,74,1.3,7.8,5,3.1,3.5,6.1,7.9,9.1
22108,2023-01-16,9.2,1015.9,66,-.4,7.4,3.5,2.2,3.3,5.2,7.2,9.1
22108,2023-01-17,4.4,1022.1,66,1.5,6.9,1.2,.8,1.2,2.1,5,6.4
22108,2023-01-18,4.7,1022.8,65,2.5,6.6,1.4,.9,1.5,2.7,5.4,6.4
22108,2023-01-19,5,1023.8,60,5.2,6.7,1.2,.7,1.9,3.2,4.6,5.8
22108,2023-01-20,9.6,1028.2,62,1.1,6.5,3.7,2.3,2.8,5.2,7,8
22108,2023-01-21,3.9,1030.6,70,.2,6.4,1.1,.7,1.3,1.9,5.5,7.1
22108,2023-01-22,4.8,1025.6,60,4,6.5,.7,.4,.7,1.2,3.4,4.3
22108,2023-01-23,7.7,1023,75,3,6.5,1.8,1.1,3,5.2,4.9,8
22108,2023-01-24,13.7,1021.8,85,-7.1,5.8,6.4,3.8,4.5,8,8.4,9.1
22108,2023-01-25,6.4,1021.6,75,-6,5.5,2.9,1.6,3.1,5.9,7,8
22108,2023-01-26,5.8,1028.7,81,1.2,5.8,1.7,1.1,1.3,2.2,5,6.4
22108,2023-01-27,10.5,1024.3,73,-1.9,5.6,3.5,2.2,3,5.1,6.7,8
22108,2023-01-28,7.5,1023.1,73,-.8,5.6,3.5,2.2,3,4.7,7.2,8
22108,2023-01-29,7.8,1020.2,57,3.9,5.8,2.7,1.6,2.4,3.6,6.1,7.1
22108,2023-01-30,4.8,1024.3,53,3.1,5.8,2,1.2,2.2,3.4,6,7.1
22108,2023-01-31,7.6,1018,82,5.8,6,2,1.2,1.9,2.8,4.9,6.4
22108,2023-02-01,7.8,1020.4,75,3.7,5.7,2.7,1.6,2.9,5.1,6.3,8
22108,2023-02-02,8.1,1028,60,-.1,5.3,2.7,1.6,2.4,4.4,6.8,8
22108,2023-02-03,4.3,1024.7,65,.6,5.4,1.2,.7,1.1,1.8,4.8,5.8
22108,2023-02-04,3.2,1025.7,61,3.7,5.8,.9,.6,.7,1.1,4.3,4.9
22108,2023-02-05,3,1025.1,70,4.9,6,.6,.3,.5,.8,3.9,8
22108,2023-02-06,4.1,1022.4,79,4.7,6,.6,.3,.6,1,3.5,7.1
22108,2023-02-07,6.5,1022,84,4.7,6,1,.6,.8,1.3,3.6,4.6
22108,2023-02-08,7.2,1027.7,64,4,5.9,1.7,1,1.3,2.1,5.1,6.4
22108,2023-02-09,4.5,1026.1,65,4.1,5.9,1.1,.7,1.2,2.2,5.1,7.1
22108,2023-02-10,6,1021.4,84,4.5,6,.9,.6,.8,1.5,3.7,4.3
22108,2023-02-11,4.5,1023.8,76,4.2,6,.8,.5,.7,1.1,3.5,4.6
22108,2023-02-12,7.2,1021.5,81,4.3,6,1.1,.7,1.1,2,3.6,4.6
22108,2023-02-13,9.7,1018.8,79,4.3,6,2.9,1.7,2.8,4.9,5.9,8
22108,2023-02-14,9.6,1024.1,62,2,5.9,3.5,2.1,2.6,4.1,7.3,8
22108,2023-02-15,4.2,1028.8,69,3,6.3,1.8,1.1,2,3.4,6.4,7.1
22108,2023-02-16,2.9,1031.1,62,3.6,6.2,.8,.5,.6,1,4.4,5.8
22108,2023-02-17,2.8,1027.6,72,4.6,6.4,.5,.3,.4,.7,3.6,5.3
22108,2023-02-18,2.3,1020.5,81,5.5,6.2,.3,.2,.3,.6,4.2,6.4
22108,2023-02-19,8.9,1021.6,71,4.5,5.9,2.9,1.8,3.2,5.9,6.2,9.1
22108,2023-02-20,9.7,1028.3,59,2,5.7,2.9,1.8,2.7,4.5,6.3,7.1
22108,2023-02-21,7.3,1035.4,58,-.3,5.4,2.6,1.6,2.4,4,6.5,8
22108,2023-02-22,2.2,1031.2,62,1.7,5.7,.8,.5,.8,1.3,4.8,8
22108,2023-02-23,2.5,1025.3,71,4.5,5.9,.5,.3,.4,.6,3.8,7.1
22108,2023-02-24,8.1,1026.2,72,3.9,5.7,1.7,1.1,2.2,3.5,4.7,7.1
22108,2023-02-25,10.6,1033.8,57,1.9,5.5,3.6,2.2,2.8,4.5,6.8,8
22108,2023-02-26,5.1,1037.6,58,3.9,5.7,1.8,1.1,2,2.9,5.8,6.4
22108,2023-02-27,1.7,1035,74,4.8,6.3,.6,.3,.6,.9,4.2,4.6
22108,2023-02-28,3.5,1027.6,86,5.8,6.1,.8,.5,.6,1,4.1,5.3
22108,2023-03-01,4.3,1023.9,84,5.8,5.9,1.2,.7,1.2,2.4,4.6,5.3
22108,2023-03-02,8.6,1029.5,52,3.3,5.4,2.7,1.7,2.4,4.2,6.2,7.1
22108,2023-03-03,4.2,1028.2,78,5.7,5.5,1.4,.9,1.1,1.8,5,5.8
22108,2023-03-04,2.4,1029,94,6.2,6,1,.6,1,1.5,5.1,5.8
22108,2023-03-05,1.3,1027.9,85,6.5,6.7,.4,.3,.4,.6,4.1,4.6
22108,2023-03-06,4.5,1023.5,88,7,6.2,.5,.4,.7,1,3.2,4.3
22108,2023-03-07,6.4,1019.8,93,7.8,6.3,1.7,1.1,1.3,2.1,5.1,6.4
22108,2023-03-08,7.9,1018,90,8.6,6.4,2,1.2,1.4,2.5,5.2,5.8
22108,2023-03-09,3.3,1016.2,97,6.5,6.5,1.3,.8,1.2,2.1,5.2,5.8
22108,2023-03-10,5.5,1024.2,95,6,6.4,1.1,.6,.9,1.8,4.4,5.3
22108,2023-03-11,5.4,1027.1,92,8,6.5,1.2,.7,1,1.5,4.4,4.9
22108,2023-03-12,8.6,1020.2,77,5.5,6.3,2.9,1.8,4.7,8.5,5.9,9.1
22108,2023-03-13,7.3,1023.9,56,4.8,6.4,3,1.9,4.1,6.8,7,9.1
22108,2023-03-14,9.2,1017.7,83,7.4,6.6,3.1,1.9,2.1,3.6,6.7,7.1
22108,2023-03-15,7.6,1020,81,7.3,6.6,2.6,1.6,2,3.5,6.7,8
22108,2023-03-16,7.5,1029.8,50,5.2,6.3,2,1.2,2.1,3.8,5.7,7.1
22108,2023-03-17,,1024.4,65,5.1,6.1,1.4,.9,1.2,2.1,4.3,4.9
22108,2023-03-18,,1021.1,74,6.3,6.3,1.3,.8,1.1,1.8,4.5,5.3
22108,2023-03-19,,1021.3,92,6.8,6.9,.8,.5,.6,1.1,4.4,4.9
22108,2023-03-20,,1016.9,92,5.5,7,.4,.2,.3,.5,3.8,5.8
22108,2023-03-21,0,1012.4,83,7.1,6.9,.3,.2,.3,.4,4.1,7.1
22108,2023-03-22,0,1010.4,81,8.3,7.1,.4,.2,.4,.6,5,8
22108,2023-03-23,4,1008.1,81,7.8,6.7,2.2,1.4,2.8,5.3,5.2,8
22108,2023-03-24,9.9,1016.8,68,5.9,6.6,3.9,2.4,2.8,5.2,7.6,8
22108,2023-03-25,3.6,1019.8,78,6.9,7.4,1.7,1.1,1.9,2.9,6,7.1
22108,2023-03-26,7.6,1019.7,64,6.8,6.8,1.7,1.1,1.4,2.1,5.2,5.8
22108,2023-03-27,2.9,1023,76,7,7.3,.8,.5,1,1.7,4.3,5.8
22108,2023-03-28,3.1,1024.2,87,7.6,7.5,.7,.4,.5,1,3.8,4.9
22108,2023-03-29,1.8,1023.5,96,6.5,8.1,.4,.3,.4,.6,4.2,5.3
22108,2023-03-30,1.9,1021.3,90,8.1,8.4,.3,.2,.2,.6,4.8,7.1
22108,2023-03-31,2.8,1019.7,81,9.6,9.2,.3,.2,.2,.4,4.7,9.1
22108,2023-04-01,2.2,1017.5,88,9.8,9.5,.4,.3,.3,.5,7.3,8
22108,2023-04-02,2.8,1018.6,77,11.2,9.8,.4,.2,.3,.5,6.4,8
22108,2023-04-03,3,1021.6,74,11.5,10,.4,.3,.4,.6,5.4,8
22108,2023-04-04,5.7,1017.8,84,11.3,9.5,.9,.5,1.2,2.4,4.8,7.1
22108,2023-04-05,7.9,1008.8,95,9.5,7.6,2.8,1.6,2.4,5,6.3,8
22108,2023-04-06,4.1,1007.4,93,8.1,7.6,2.3,1.4,1.9,3.2,6.4,8
22108,2023-04-07,6.7,1015.8,78,7.9,7.6,1.9,1.2,2.3,3.8,5.1,7.1
22108,2023-04-08,4.9,1020.1,81,8.3,7.5,2.2,1.3,2,4,6.1,7.1
22108,2023-04-09,.2,1019.7,87,8.4,7.7,1.1,.7,1,1.7,4.8,5.8
22108,2023-04-10,6.5,1016.6,87,9.4,7.5,2,1.3,1.8,3.4,5.3,7.1
22108,2023-04-11,7.2,1014.1,88,10,7.6,2.7,1.7,2.2,3.6,6.3,7.1
22108,2023-04-12,2.9,1017.7,85,8.5,8.2,1.1,.7,1.2,2,5.3,7.1
22108,2023-04-13,3.1,1017.7,86,9.5,8.8,.5,.3,.4,.9,4.3,8
22108,2023-04-14,3.9,1015,84,10.4,8.9,.7,.5,.6,.9,4.1,5.3
22108,2023-04-15,4,1007.7,94,9.4,8.9,.6,.4,.6,1,4,6.4
22108,2023-04-16,3.6,1007.3,91,9.4,9.2,.8,.5,.7,1.1,4.2,5.8
22108,2023-04-17,,,,,,,,.8,1.3,,6.4
22108,2023-04-18,,,,,,,,.8,1.3,,7.1
22108,2023-04-19,,,,,,,,.5,.8,,6.4
22108,2023-04-20,2.4,1008,99,11,10.5,.8,.5,.6,1,6.2,9.1
22108,2023-04-21,7.3,1013.2,74,10.2,9.1,2,1.2,1.9,3.1,6.4,8
22108,2023-04-22,5,1018.8,74,10.7,9.4,1.3,.8,1.5,2.3,5.3,6.4
22108,2023-04-23,3.4,1022.8,79,10.4,9.6,.6,.4,.5,.8,4.7,7.1
22108,2023-04-24,3,1023.8,84,10.1,9.6,.8,.5,.7,1.2,4.2,4.9
22108,2023-04-25,2.5,1018.8,89,9.4,9.6,.5,.3,.4,.7,5.1,8
22108,2023-04-26,5.9,1014.7,79,8.5,8.9,1.8,1.1,1.9,2.9,5.8,7.1
22108,2023-04-27,2.2,1020.9,83,8.9,9.6,1.1,.6,1.4,2.6,5.4,7.1
22108,2023-04-28,3.7,1019.8,89,10.9,9.5,.7,.4,.6,1,3.8,5.3
22108,2023-04-29,5,1012.7,92,10.5,9.6,1.2,.7,2.2,3.7,4.8,6.4
22108,2023-04-30,4.8,1013,90,10,9.4,2,1.2,2.1,3.3,5.9,8
22108,2023-05-01,2,1015.9,87,11.1,10.4,1,.6,.8,1.2,4.8,5.3
22108,2023-05-02,3.2,1021.7,86,12,10.8,.5,,.4,.8,4.1,4.6
22108,2023-05-03,4,1018.4,86,12.5,10.9,.9,.5,.8,1.2,4.5,6.4
22108,2023-05-04,5.4,1013.4,89,13.3,10.8,1.3,.8,1.2,1.8,5.2,6.4
22108,2023-05-05,6.3,1007.7,98,12.9,10.6,2,1.2,1.7,2.9,5.7,7.1
22108,2023-05-06,5.1,1006.9,97,11.6,10.7,1.7,1,1.3,2.3,5.9,8
22108,2023-05-07,6.3,1009.5,85,11.2,10.6,1.3,.8,1,1.6,4.3,8
22108,2023-05-08,2.4,1017.5,88,11.5,11.2,.6,.4,.5,.8,4.5,7.1
22108,2023-05-09,2.1,1018.2,91,12.1,11.8,.4,.3,.4,.6,4.2,7.1
22108,2023-05-10,,1017.8,91,13,12.7,.4,.2,.3,.4,3.6,5.8
22108,2023-05-11,,1018.5,84,13.8,13.1,.3,,.2,.5,4.1,6.4
22108,2023-05-12,,1017.8,88,14.1,13.5,.3,,.3,.4,4.3,8
22108,2023-05-13,,1014.1,95,13.4,14.1,.4,.2,.3,.4,3.5,5.3
22108,2023-05-14,,1011,87,14.9,14.6,.4,.3,.3,.5,3.8,5.3
22108,2023-05-15,3.7,1008.1,89,15.3,14.4,.9,.5,.9,1.6,3.8,5.3
22108,2023-05-16,7.1,1010.4,90,15.5,14.1,1.4,.9,1.3,2,4.5,5.3
22108,2023-05-17,6.7,1015.3,95,16.1,14.3,1.9,1.2,1.4,2.5,5.6,6.4
22108,2023-05-18,2.1,1010.9,94,16,15.2,1.2,.7,1.1,1.8,6.2,8
22108,2023-05-19,3.7,1009.3,89,15.9,15.3,.8,.5,.8,1.2,7.3,9.1
22108,2023-05-20,2,1011.2,96,15.1,15.5,.9,.6,1,1.7,5.8,9.1
22108,2023-05-21,0,1011.7,94,15.4,15.4,1.2,.8,1,1.9,4.8,5.3
22108,2023-05-22,0,1009.6,81,15.8,15.8,.8,.5,.6,.9,3.9,4.6
22108,2023-05-23,0,1011,82,16.2,16.1,.8,.5,.7,1.2,4.3,4.9
22108,2023-05-24,1.8,1014.7,90,16.7,16.5,.4,.3,.3,.6,3.8,9.1
22108,2023-05-25,2.8,1017,86,17.4,17.1,.4,.2,.4,.6,3.3,6.4
22108,2023-05-26,2.8,1018.3,86,18.1,17.7,.4,.3,.3,.5,3.7,4.9
22108,2023-05-27,4.9,1016.3,94,18.2,17.5,.7,.4,.8,1.5,3.7,5.8
22108,2023-05-28,6.2,1012,96,18.1,16.9,1.7,1,1.3,2.1,5.5,6.4
22108,2023-05-29,2.7,1010.9,99,17.9,17.4,1.1,.7,.9,1.7,5.4,5.8
22108,2023-05-30,2.7,1010.3,96,19.1,18.5,.6,.4,.4,.8,7.8,12.8
22108,2023-05-31,2.6,1010.8,92,19.8,19.7,.7,.4,.6,.9,10.8,12.8
22108,2023-06-01,2.2,1006.8,90,19.6,19.4,.8,.5,.7,1.1,12,12.8
22108,2023-06-02,4.6,1003.6,88,19.1,19.1,1.1,.7,1.2,2.5,10.2,12.8
22108,2023-06-03,4.9,1009.9,85,18.9,18.1,1.2,.8,1.3,2.3,4.6,5.3
22108,2023-06-04,3.2,1011.8,88,19.8,19.1,.8,.5,.5,1,4.3,4.9
22108,2023-06-05,3.8,1012.1,87,20,19,1,.6,.9,1.5,4.4,5.8
22108,2023-06-06,3.6,1008.7,84,19.6,19.7,.9,.6,.8,1.1,4.5,5.3
22108,2023-06-07,6.8,1008.6,90,19.5,19,1.7,1.1,1.6,2.6,5,6.4
22108,2023-06-08,7.2,1004.8,92,19.5,18.7,2.1,1.3,1.6,2.8,5.4,5.8
22108,2023-06-09,4.3,1004.2,92,19.2,19.2,1.1,.7,1.2,1.8,4.7,5.8
22108,2023-06-10,5.4,1004.5,89,19.8,19.2,1.8,1.1,1.7,2.6,5.6,7.1
22108,2023-06-11,2.5,1005.4,88,20.4,20.4,.8,.5,.8,1.1,5.2,5.8
22108,2023-06-12,1.8,1006.2,90,20.5,21,.6,.4,.4,.7,6.3,9.1
22108,2023-06-13,2.6,1005.1,89,20.6,20.9,.6,.3,.5,.8,6.3,9.1
22108,2023-06-14,2.2,1007.1,86,20.5,21.5,.5,.3,.4,.6,4.6,8
22108,2023-06-15,3,1009.7,83,21.2,21.7,.4,.2,.4,.6,5.8,8
22108,2023-06-16,1.9,1014,85,21.9,22.7,.4,.3,.3,.5,6.8,8
22108,2023-06-17,2,1013.9,88,22.2,22.7,.5,.3,.3,.6,5.6,8
22108,2023-06-18,3.6,1008.9,91,21.8,22.6,.5,.3,.5,.9,4.4,7.1
22108,2023-06-19,2.8,1006.9,90,22.2,23,.5,.3,.4,.7,5.9,6.4
22108,2023-06-20,3.2,1003.6,86,22,22.7,.9,.5,.8,1.3,5.6,7.1
22108,2023-06-21,5.8,1001.7,92,21.4,22.3,1.2,.7,1,1.6,4.6,6.4
22108,2023-06-22,4.3,1005.6,88,22.3,22.3,1,.6,.9,1.7,4.2,4.9
22108,2023-06-23,2.2,1009.8,90,23.1,23.3,.5,.3,.5,.8,4.7,7.1
22108,2023-06-24,2.2,1014.4,88,23.8,24,.5,.3,.4,.7,4.5,7.1
22108,2023-06-25,3.5,1012.2,84,23.9,24.1,.7,.4,.8,1.4,5.4,8
22108,2023-06-26,9,1005.7,95,23.3,22.8,2.3,1.4,1.7,2.9,5.3,6.4
22108,2023-06-27,5.4,1008.8,95,22.7,22.5,1.8,1.1,1.5,2.6,5.7,6.4
22108,2023-06-28,6.9,1010.1,97,22.6,22.2,1.5,1,1.2,2,4.9,7.1
22108,2023-06-29,7.8,1007.2,97,23.3,21.9,1.9,1.2,1.5,2.5,5.1,6.4
22108,2023-06-30,3,1000.5,96,23.1,22.5,1.5,.9,1.2,1.8,6.4,8
22108,2023-07-01,2.7,1006.3,96,23,23.2,1.1,.7,1,1.4,7.1,8
22108,2023-07-02,2.6,1009.1,91,23.8,23.9,.9,.6,.7,1.3,6.8,8
22108,2023-07-03,2.8,1006.1,93,24.9,24.6,.7,.4,.6,.9,6.7,8
22108,2023-07-04,8.3,999.7,97,24.2,23.6,1.8,1.1,2.1,3.2,5.1,7.1
22108,2023-07-05,6.5,996.4,91,24.1,23.1,2.4,1.5,1.8,3.1,6.2,8
22108,2023-07-06,7.8,1001.4,93,24.2,23.3,2,1.3,1.5,2.7,5.1,5.8
22108,2023-07-07,6.4,1001.1,93,23.2,23.3,1.5,.9,1.1,1.9,4.5,5.3
22108,2023-07-08,2.7,1002.3,96,23.9,23.5,1,.6,.8,1.2,6.1,9.1
22108,2023-07-09,6.4,1002.3,96,24.8,23.7,1.4,.9,1.2,2,5.9,8
22108,2023-07-10,4.8,1004,91,25,24.1,1.6,1,1.3,2.2,5.7,8
22108,2023-07-11,6.9,1004.9,95,24.7,24.1,2,1.2,1.6,2.6,5,5.3
22108,2023-07-12,3,1005.4,98,24.5,24.3,1.2,.8,1.1,1.8,6.4,7.1
22108,2023-07-13,8.9,1004.5,97,25,24,2,1.2,2,3.5,5.7,7.1
22108,2023-07-14,9,1003.3,96,25,23.6,3.2,2,2.4,4,6.6,8
22108,2023-07-15,7.9,1002.9,94,24.8,23.6,2.7,1.6,2.2,3.5,6.5,8
22108,2023-07-16,5.1,1007,95,24.5,23.7,1.4,.9,1.2,2,5.1,7.1
22108,2023-07-17,3.4,1011.3,95,24.5,24.2,.9,.5,.7,1.1,5.9,8
22108,2023-07-18,4.7,1010.4,95,24.3,24.3,.9,.6,.8,1.3,7.2,9.1
22108,2023-07-19,4.3,1008.8,89,25.1,24.8,.9,.6,.7,1.2,7.4,9.1
22108,2023-07-20,1.5,1010.4,89,25.6,25.5,.7,.4,.5,.9,6.5,8
22108,2023-07-21,2,1011.6,87,26.5,26.2,.4,.3,.3,.6,6,7.1
22108,2023-07-22,8.8,1010,90,25.5,25.3,1.9,1.2,2.1,3.5,4.7,7.1
22108,2023-07-23,6.7,1009.4,96,25.4,24.7,2.3,1.4,2.1,3.4,6.2,7.1
22108,2023-07-24,4.2,1010,92,25.4,25,1.1,.7,.9,1.5,6.1,7.1
22108,2023-07-25,6.1,1012.2,91,25.7,25,1.4,.8,1.4,2.3,4.4,6.4
22108,2023-07-26,4.2,1014.9,91,26.4,25.7,1,.6,.7,1.2,4.7,5.8
22108,2023-07-27,3.3,1014.7,90,26.9,26.4,1,.6,.7,1.3,10.4,12.8
22108,2023-07-28,3.2,1013.8,90,27.5,26.8,1.2,.8,.9,1.5,10.5,10.7
22108,2023-07-29,2.2,1014.3,91,27.2,26.4,1.4,.9,1.1,1.6,9.8,10.7
22108,2023-07-30,2.4,1014.6,83,28.3,27.6,1.2,.7,.9,1.8,7.6,9.1
22108,2023-07-31,3.1,1013.2,86,27.9,27.6,.9,.5,.7,1.1,6.5,8
22108,2023-08-01,2.7,1011.9,89,27.8,27.7,.6,.3,.4,.7,6.2,8
22108,2023-08-02,1.3,1009.4,87,28.1,27.8,.5,.3,.4,.6,8.1,12.8
22108,2023-08-03,1.7,1007,85,28,27.3,.8,.5,.6,1,9.1,12.8
22108,2023-08-04,1.7,1005.1,86,28.2,28.1,1.4,.8,1.2,1.9,9.4,12.8
22108,2023-08-05,2.2,1002,82,28.7,28.7,1.3,.8,1.2,2.1,9.2,10.7
22108,2023-08-06,4.2,999.2,90,27.4,28.2,.8,.5,.6,1.1,8.5,10.7
22108,2023-08-07,4.2,999.8,89,27.8,28.6,1,.6,.7,1.3,5,9.1
22108,2023-08-08,4.7,1001.7,85,28.6,29.1,.8,.5,.7,1.2,4.6,5.8
22108,2023-08-09,6.6,1001.7,82,28.1,27.3,1,.6,.8,1.4,3.6,4.3
22108,2023-08-10,9.4,997.7,84,26.1,25.9,1.8,1.2,1.5,2.6,4.6,5.8
22108,2023-08-11,4.7,1000,82,26.8,25.1,2.2,1.4,1.5,2.6,6.6,7.1
22108,2023-08-12,4.4,1003.4,91,26.5,25.7,1.7,1,1.4,2.5,5.8,7.1
22108,2023-08-13,4.6,1004.4,91,27.1,26.6,1.1,.7,.8,1.5,4.5,5.3
22108,2023-08-14,2.9,1006.3,88,27.7,27.5,1,.6,.7,1.4,5.1,5.8
22108,2023-08-15,3.4,1005.9,89,27.5,28,.6,.3,.4,.7,5.4,7.1
22108,2023-08-16,2.4,1005.2,78,28.2,28.5,.5,.3,.4,.6,5.1,8
22108,2023-08-17,3,1005.9,84,27.2,28.6,.5,.3,.4,.6,5.6,7.1
22108,2023-08-18,1.7,1007.6,77,27.8,28.5,.4,.2,.5,.8,5.9,8
22108,2023-08-19,2.4,1010.3,81,28,27.8,.3,.2,.3,.5,4.6,6.4
22108,2023-08-20,1.6,1011.7,82,28,28.1,.3,,.3,.4,4.5,8
22108,2023-08-21,7,1007.3,83,28.5,27.8,1.2,.8,1.6,2.8,4.1,5.8
22108,2023-08-22,9.5,1003.7,87,27.9,27.7,2.6,1.7,1.9,3.4,5.8,7.1
22108,2023-08-23,5.5,1004.3,89,25.8,27.8,1.5,.9,1.6,2.7,5.6,7.1
22108,2023-08-24,3.2,1006.2,87,26.5,27.9,.7,.4,.6,1.1,4.9,6.4
22108,2023-08-25,3.8,1008.9,73,27.7,27.1,.8,.5,.7,1.1,4,5.8
22108,2023-08-26,2.9,1010,77,26.8,27.2,.7,.5,.6,.9,4.7,5.3
22108,2023-08-27,4.2,1008.4,80,26.4,27.5,.7,.4,.7,1.1,4.1,4.9
22108,2023-08-28,8.1,1005.1,87,26.9,26.8,1.4,.9,1.6,2.7,4,4.6
22108,2023-08-29,6.6,1004.6,87,25.7,26.1,2.3,1.4,1.8,3.1,6.1,7.1
22108,2023-08-30,2.4,1009.3,81,24.2,25.1,1.2,.8,1.2,1.9,5.6,6.4
22108,2023-08-31,4.9,1011.3,74,24.6,24.1,1.1,.7,.9,1.7,5,6.4
22108,2023-09-01,4.5,1012.4,83,24.5,24.2,.7,.4,.6,1,4,10.7
22108,2023-09-02,4.7,1012,85,23.9,23.8,.7,.4,.5,.9,3.3,3.8
22108,2023-09-03,2.5,1012.3,93,25.2,24.3,.5,.3,.4,.7,6.8,8
22108,2023-09-04,2.4,1012.1,92,25.6,25.1,.7,.4,.5,.8,8.3,10.7
22108,2023-09-05,4.4,1012,91,25.5,25.3,.7,.5,.6,.9,8.8,10.7
22108,2023-09-06,4.5,1011.8,89,25.6,25.8,.7,.5,.6,.8,3.9,8
22108,2023-09-07,4.6,1014.6,78,25.8,25.9,.6,.4,.5,.7,3.6,8
22108,2023-09-08,4.2,1013.4,70,25.7,26,.5,.3,.5,.8,3,4
22108,2023-09-09,2.8,1011.6,75,25.9,26.3,.4,.3,.4,.6,3.3,7.1
22108,2023-09-10,2.3,1010.8,74,25.5,26.3,.4,.2,.3,.6,3.9,7.1
22108,2023-09-11,1.3,1010,74,26,26.6,.3,.2,.2,.4,4,7.1
22108,2023-09-12,2.3,1011.2,76,26,26.7,.3,.2,.3,.4,3.8,5.8
22108,2023-09-13,4.1,1011.7,82,23.3,25.6,.5,.3,.6,.9,3.1,4.9
22108,2023-09-14,5.2,1012.3,84,24.1,25.5,.8,.5,.7,1.2,3.6,5.3
22108,2023-09-15,4.2,1013,91,24.2,25.4,.6,.3,.4,.8,2.7,3.2
22108,2023-09-16,2.4,1011.8,92,24.9,25.3,.4,.2,.3,.5,4.6,5.8
22108,2023-09-17,2.2,1010.8,89,25.6,25.5,.4,.2,.3,.7,5,7.1
22108,2023-09-18,2.6,1012.4,83,25.4,25.7,.5,.3,.4,.8,4.9,6.4
22108,2023-09-19,2.4,1014.8,83,25.4,25.5,.5,.3,.4,.7,3.9,5.3
22108,2023-09-20,9.1,1008.2,90,23.1,24.5,2,1.2,2.7,4.8,4.3,7.1
22108,2023-09-21,8.3,1009.6,75,21.9,22.5,2.3,1.4,2.4,4.1,5.6,6.4
22108,2023-09-22,4.5,1016.7,70,22.4,22.4,1,.6,.9,1.6,5,6.4
22108,2023-09-23,3.1,1019,80,23.1,22.9,.6,.4,.5,.8,4.2,5.8
22108,2023-09-24,5,1019,70,23,22.8,.9,.5,.8,1.3,3.5,5.8
22108,2023-09-25,4.8,1015.8,78,22,22.5,.8,.5,.7,1.3,3.8,6.4
22108,2023-09-26,5.5,1012.2,93,22.8,22.7,1.2,.8,1.2,2,4.5,6.4
22108,2023-09-27,3,1012.1,88,22.9,22.8,.9,.5,.9,1.5,4,5.3
22108,2023-09-28,4,1014.7,83,23.4,23,.8,.5,.7,1,4.2,5.3
22108,2023-09-29,3.1,1014.9,60,22.9,22.7,.8,.5,.7,1.4,4.3,4.9
22108,2023-09-30,5.2,1012.1,72,21.4,22.5,.9,.6,1.2,2.1,3.7,5.3
22108,2023-10-01,7.6,1015.6,56,21.7,22.1,2,1.2,1.7,3.1,5.5,6.4
22108,2023-10-02,4.1,1018.5,54,21.7,22.2,.7,.5,.8,1.3,4.2,4.9
22108,2023-10-03,3.8,1017.1,72,21.3,22,.6,.4,.4,.8,3.2,4.9
22108,2023-10-04,4.9,1014.6,68,21.5,22.3,.9,.6,2.6,3.9,5.1,12.8
22108,2023-10-05,11.4,1017.3,55,18,20.9,4,2.5,3.5,5.4,7,8
22108,2023-10-06,7.6,1021.8,56,19.6,20.7,2.2,1.3,2.2,3.3,5.8,7.1
22108,2023-10-07,4,1024.9,63,19.8,20.8,.9,.6,1,1.6,4.4,5.3
22108,2023-10-08,4.6,1023,76,19.3,20.8,.7,.4,.6,1,3.3,4.6
22108,2023-10-09,3.7,1022.5,71,20,20.9,.6,.4,.7,1.5,3.8,7.1
22108,2023-10-10,6.1,1022.5,72,19.2,20.5,1.6,.9,1.3,2.3,5,5.3
22108,2023-10-11,2.5,1025.3,75,19.9,21.1,.6,.4,.5,1,4.9,6.4
22108,2023-10-12,3.5,1024.4,74,20.3,21.2,.4,.3,.3,.6,2.9,5.3
22108,2023-10-13,1.9,1019,71,20,21.1,.4,.2,.3,.6,3.2,4.9
22108,2023-10-14,4.5,1010.9,68,18.7,20.7,.8,.6,1,1.6,4,5.3
22108,2023-10-15,6.6,1012,68,20,20.5,1.8,1,1.2,2.2,5.3,6.4
22108,2023-10-16,8.4,1016.8,59,17.5,20.1,2.5,1.6,2,3.4,6.1,7.1
22108,2023-10-17,3.8,1020,57,18,20.1,1.4,.9,1.6,2.5,5.5,6.4
22108,2023-10-18,4.3,1019.6,73,19.4,20.2,.9,.5,.9,1.3,4.2,5.3
22108,2023-10-19,6.3,1015.8,79,19.7,20.2,1.5,.9,1.1,2,4.9,5.8
22108,2023-10-20,10.4,1018.2,55,15.6,19.5,3.4,2.1,2.8,4.6,6.2,8
22108,2023-10-21,8.6,1022.1,55,16.3,19,3.3,2,2.6,4.4,6.8,8
22108,2023-10-22,3.8,1023.4,62,17.8,18.8,1.3,.8,1.5,2.5,4.9,7.1
22108,2023-10-23,3.9,1022.7,66,19,18.7,.9,.6,.6,1,4.4,4.9
22108,2023-10-24,5.8,1019.8,74,18.9,18.6,1.3,.8,1,1.9,4.3,5.3
22108,2023-10-25,3.7,1020.1,90,19.3,18.9,.9,.5,.8,1.5,4.8,5.8
22108,2023-10-26,6.2,1017.1,89,18.9,19,1,.6,1.5,2.3,3.9,5.3
22108,2023-10-27,8.5,1015.3,61,16.6,18.4,3.1,1.9,2.7,4.4,6.5,8
22108,2023-10-28,4,1018.6,79,18.2,18.7,1,.6,1.1,1.7,4.4,5.3
22108,2023-10-29,2.6,1021.3,79,17.4,18.7,.5,.3,.4,.7,4.5,5.3
22108,2023-10-30,2.3,1022.5,80,18.2,18.8,.4,,.4,.6,4,4.6
22108,2023-10-31,5.6,1020.7,88,18.7,18.7,1.1,.6,1,1.8,4.3,4.9
22108,2023-11-01,7.5,1020.7,92,19.8,18.6,2.2,1.4,1.8,2.6,5.7,6.4
22108,2023-11-02,8.2,1023.3,93,19.8,18.9,2.2,1.4,1.6,3,5.8,6.4
22108,2023-11-03,5.6,1018.6,91,19.4,19,2.1,1.3,1.6,3,6,7.1
22108,2023-11-04,4.1,1018.3,80,18.6,18.8,1.2,.8,1.2,1.8,5.2,6.4
22108,2023-11-05,8,1018.6,90,19.7,18.6,1.6,.9,2.1,3.6,4.2,5.8
22108,2023-11-06,12.5,1010,68,16.5,18.4,6,3.7,5.1,7.7,8.3,9.1
22108,2023-11-07,7.2,1021.5,68,11.6,17.6,4.3,2.7,5.5,7.8,7.7,9.1
22108,2023-11-08,3.3,1022.8,61,13.5,17.4,.8,.5,.9,1.7,4.6,6.4
22108,2023-11-09,7.6,,76,16.4,17.6,1.5,.9,2.3,4,4.1,6.4
22108,2023-11-10,12,,66,8.6,16.8,4.4,2.7,3.1,5,7.2,8
22108,2023-11-11,9,1029.4,66,7.6,16.3,2.9,1.8,2.1,3.7,6.4,7.1
22108,2023-11-12,10.4,1028.1,59,7.7,15.9,3.3,2,2.4,4,6.4,7.1
22108,2023-11-13,8.5,1029.1,66,8,15.4,3.3,1.9,2.5,4.2,6.7,8
22108,2023-11-14,3.8,1026.9,59,11.2,15.2,1.5,.9,1.3,2.2,5.3,6.4
22108,2023-11-15,2.5,1027.9,61,12.1,15.6,.8,.5,.7,1.2,4.1,5.8
22108,2023-11-16,7.7,1019.2,68,11.8,15.9,1.7,1.1,2.5,4.4,3.8,5.3
22108,2023-11-17,12.1,1015.3,64,7.2,15.4,4.8,3,4.2,7.2,6,6.7
22108,2023-11-18,11.5,1019.8,71,6.2,14.8,5.3,3.2,4.7,8.1,6.2,7.1
22108,2023-11-19,7.6,1018.7,67,12.3,14.4,2.4,1.5,1.9,3,4.6,5.1
22108,2023-11-20,4.1,,,,,1.8,1.1,1.8,3.2,4.5,4.9
22108,2023-11-21,1.9,1021.8,63,11.5,14,.5,.3,.4,.7,3.4,3.9
22108,2023-11-22,5.8,1016.1,82,13.5,13.9,1.1,.7,1.1,1.7,3.5,3.9
22108,2023-11-23,7.4,1016.7,71,10.9,13.8,2.1,1.3,2.9,4.6,4.3,5.7
22108,2023-11-24,,1030.4,64,4.2,13.7,,,3.4,6,,6.3
22108,2023-11-25,5.8,,,,,2,1.2,2,3.6,4.4,5.3
22108,2023-11-26,,,,,,,,.7,1.1,,3.9
22108,2023-11-27,8.4,,,,,2,1.2,2.3,4.5,4.1,4.9
22108,2023-11-28,6,1022.4,64,5.9,13.2,2.6,1.7,2.6,4.2,5.1,5.7
22108,2023-11-29,7.4,1025.7,67,5.9,13.1,2,1.2,2.7,4.5,4.2,5.5
22108,2023-11-30,8.6,1029.4,70,2.4,13,3,1.8,2.5,4.4,5,5.6
22108,2023-12-01,7.1,,,,,2.2,1.4,1.8,2.8,4.5,5.1
22108,2023-12-02,,,,,,,,1.6,3.3,,4.8
22108,2023-12-03,4.5,1027.3,63,6.1,12.7,1.9,1.2,1.7,2.8,4.6,5
22108,2023-12-04,,,,,,,,.5,.8,,3.9
22108,2023-12-05,5.8,1017.1,68,10.6,12.6,1.1,.7,1,1.6,3.5,3.7
22108,2023-12-06,8.2,,,,,2,1.3,3,4.8,4,5.9
22108,2023-12-07,7.8,1015.6,61,10.7,12.5,3.2,1.9,3.1,5.7,5.1,6.2
22108,2023-12-08,,,,,,,,2.8,4.6,,5.8
22108,2023-12-09,4.2,1017.3,95,12.6,12.7,2.2,1.4,2,4.4,5.1,5.4
22108,2023-12-10,,1022.5,74,11.3,12.9,,,1.8,2.8,,5.4
22108,2023-12-11,7.1,,,,,2,1.3,1.7,3.1,4.6,5.6
22108,2023-12-12,8.8,1021.8,80,8.5,12.9,2.7,1.7,2.1,3.7,4.7,5.2
22108,2023-12-13,5.1,1026.8,79,10.1,12.9,1.1,.7,1.1,1.7,3.7,4.7
22108,2023-12-14,6.2,1021.1,87,11.2,12.8,1.1,.7,1,1.6,3.4,4.2
22108,2023-12-15,9.3,1013.9,88,8.5,12.7,2.5,1.6,2.6,4.5,4.5,5.6
22108,2023-12-16,,1024.1,80,.9,12.5,,,4.9,7.3,,7.4
22108,2023-12-17,9.9,1034,75,-1.2,12,4.2,2.7,4.3,6.8,5.8,6.6
22108,2023-12-18,5.6,1034.6,77,-1.4,11.7,1.5,1,1.4,2.3,4,4.8
22108,2023-12-19,6.3,1028.2,63,3,11.5,,,1.6,3,,4.5
22108,2023-12-20,11.7,1028.3,76,-1.3,11.3,4.6,2.8,3.3,6.3,5.7,6.3
22108,2023-12-21,11.6,,,,,5,3.1,3.8,6.1,6,6.6
22108,2023-12-22,7.5,1036.4,84,-3,10.6,3.8,2.4,3.3,5.5,5.7,6.3
22108,2023-12-23,5.5,1036,77,.7,10.5,1.5,1,1.6,2.3,4,5.1
22108,2023-12-24,6.2,1031,58,3.2,10.4,1.6,1,1.2,2,3.9,4.2
22108,2023-12-25,6.6,1029.7,60,3.9,10.3,2.2,1.4,1.9,3.2,4.6,5.5
22108,2023-12-26,5,,,,,1.4,.9,1,2,4,4.5
22108,2023-12-27,2.6,1030.9,68,5.5,10.3,.8,.6,.8,1.1,3.9,4.2
22108,2023-12-28,2.6,1029.2,66,6.2,10.3,.5,.3,.4,.8,3.4,3.9
22108,2023-12-29,2.2,1026.8,65,6.8,10.2,.6,.4,.5,.8,3.4,3.7
22108,2023-12-30,6.6,1015.8,82,7.5,10.3,1,.6,1,1.7,3.2,3.9
22108,2023-12-31,,,,,,,,3.3,6.2,,6.7
22108,2024-01-01,2.3,1027.4,68,6.3,10.2,1.8,1.2,2,2.9,5.3,6
22108,2024-01-02,3.8,1023.2,66,6.3,10.1,.9,.6,.8,1.3,3.5,3.9
22108,2024-01-03,6.1,1020.6,62,5.9,10,1.3,.9,1.7,2.6,3.6,4.9
22108,2024-01-04,5.5,1022.2,63,6.7,9.9,1.8,1.1,1.5,2.7,4.3,4.9
22108,2024-01-05,5.7,1021.3,73,8,9.9,2.5,1.6,2.2,3.5,5,5.4
22108,2024-01-06,6.5,1023.5,57,5.1,9.8,1.6,1,1.8,3,3.9,4.8
22108,2024-01-07,8.9,1027.8,68,1,9.7,3,1.9,2.3,3.7,4.9,5.3
22108,2024-01-08,3,1027.3,63,1.1,9.6,1.3,.8,1.4,2.6,4.1,4.7
22108,2024-01-09,6.9,1019.9,76,5.9,9.4,1.3,.8,1.2,1.9,3.5,3.9
22108,2024-01-10,6.7,1021.8,63,2.6,9.3,2,1.3,1.5,2.5,4.4,5
22108,2024-01-11,6.2,1018.9,66,6.3,9.3,1.7,1.1,1.7,2.7,4.2,5.1
22108,2024-01-12,5.4,1020.9,60,5.2,9.2,1.6,1.1,1.6,2.5,4.3,4.9
22108,2024-01-13,3.4,1025.2,64,5.4,9.3,.7,.4,.7,1,3.2,3.7
22108,2024-01-14,8.7,1022.6,75,5.7,9.2,2.2,1.3,2.7,4.5,4.1,5.6
22108,2024-01-15,9.8,1029.5,59,1.9,9,3.6,2.2,3,5,5.4,6.1
22108,2024-01-16,4.9,1032.5,54,2.8,8.9,1.2,.8,1.5,2.2,3.8,4.5
22108,2024-01-17,4.5,1024.1,87,6.8,8.9,.6,.4,.8,1.3,3,3.7
22108,2024-01-18,7.5,1023.2,83,5.7,8.9,1.7,1.1,1.2,2,4.1,4.5
22108,2024-01-19,5.8,1025.8,76,7.6,9,1.3,.8,1.1,1.7,3.7,4.1
22108,2024-01-20,8.5,1023.2,81,6.4,9,1.7,1.1,1.4,2.5,3.8,4.3
22108,2024-01-21,9.6,1026.5,76,3.7,8.8,2.7,1.7,3,4.8,4.6,6.1
22108,2024-01-22,13,1030.3,81,-2.9,8.6,5.7,3.6,4.3,7.1,6.5,6.9
22108,2024-01-23,13.4,1027.9,82,-3.4,8.2,5.9,3.6,4.2,8.8,6.5,6.9
22108,2024-01-24,12.5,1028,71,-.9,7.9,4.8,3.1,3.5,5.6,5.9,6.5
22108,2024-01-25,9,1030.1,66,1.2,7.5,2.9,1.8,2.5,4.2,4.7,5.4
22108,2024-01-26,4.3,1029.6,61,4.3,6.9,1.2,.8,1.1,1.7,3.8,4.1
22108,2024-01-27,3.6,1028.2,59,3.6,,.8,.5,.7,1.2,3.4,3.7
22108,2024-01-28,5.6,1029.7,58,2.7,,1.6,1,1.3,2,4.1,4.8
22108,2024-01-29,2.3,1031.8,57,3.1,,.7,.4,.8,1.2,3.7,4.3
22108,2024-01-30,3.2,1028.6,61,3.8,,.5,.3,.5,.9,2.9,3.3
22108,2024-01-31,4.6,1024.9,73,5.8,,.6,.4,.9,1.6,3.1,3.7
22108,2024-02-01,9.1,1026.3,71,2.2,,3,1.9,2.3,3.9,5,5.8
22108,2024-02-02,5.2,1028.3,67,1.8,,1.9,1.3,1.8,2.6,4.7,5
22108,2024-02-03,4.4,1027.5,80,4.1,,1.2,.8,1,1.5,4,4.6
22108,2024-02-04,5.1,1024.1,85,5.8,,1,.7,.8,1.3,3.7,4.2
22108,2024-02-05,7.7,1019.4,90,4.5,,1.8,1.1,1.4,2.5,4,4.4
22108,2024-02-06,5.5,1025.6,78,3.6,,1.5,.9,1.3,2.1,4.2,4.8
22108,2024-02-07,5.6,1024.5,60,2.2,,2.1,1.3,1.6,2.8,4.8,5.1
22108,2024-02-08,4.3,,,,,1.3,.8,1.1,1.8,4.2,4.9
22108,2024-02-09,4.9,1023.4,60,4.1,7.1,1.3,.8,1,1.6,3.9,4.4
22108,2024-02-10,4.3,,,,,1,.7,.8,1.4,3.6,4
22108,2024-02-11,6.3,1025.4,59,5.4,7.2,1.6,1,1.7,3.1,4,5
22108,2024-02-12,5.2,1028.8,76,6.4,7.4,1.6,1,1.6,2.5,4.2,5
22108,2024-02-13,6.8,1024.9,86,8.4,7.5,2.1,1.3,1.8,3.2,4.7,5.8
22108,2024-02-14,4.5,1020.9,94,8.8,7.8,1.5,1,1.3,2,4.6,5.3
22108,2024-02-15,10.1,,,,,3.8,2.3,3.8,6.7,5.3,6.8
22108,2024-02-16,2.6,1025.2,56,3.9,7.9,1.8,1.2,2.4,3.7,5,5.6
22108,2024-02-17,4.4,1021.6,75,6.6,7.5,1,.6,.8,1.4,3.7,4.1
22108,2024-02-18,7.1,1016.4,89,8.3,7.4,1.7,1.1,1.3,2.4,4.2,4.4
22108,2024-02-19,8.1,1014.1,89,6.3,7.5,3.1,2,3.7,6.3,5.3,6.7
22108,2024-02-20,7.1,1021.9,86,4.7,7.6,3.2,2.1,3.1,5.1,5.9,6.5
22108,2024-02-21,7.4,1018.4,95,5.7,7.9,1.8,1.2,1.5,2.3,4.4,5.2
22108,2024-02-22,7.3,1024.8,91,3.4,8,2,1.3,1.7,2.5,4.5,5
22108,2024-02-23,6.7,1028.6,77,4.1,8.2,1.5,1,1.1,1.9,4,4.4
22108,2024-02-24,6.3,1027.4,79,4,8.2,1.1,.7,1,1.5,3.4,3.9
22108,2024-02-25,5.8,1024.7,79,4.2,8.2,1.2,.8,1.3,2,3.7,4.3
22108,2024-02-26,6.3,1028.5,68,4.7,8.2,1.9,1.2,1.4,2.5,4.6,5.4
22108,2024-02-27,4.9,1029,68,6.5,8.3,1.1,.7,1,1.6,3.8,4.3
22108,2024-02-28,3.2,1028.3,75,6.9,8.2,.6,.4,.5,1,3.6,4.7
22108,2024-02-29,9.3,,,,,2.1,1.3,3.1,5.2,3.9,5.8
22108,2024-03-01,12.1,1026.9,62,-.9,8.1,5,3.1,4.2,7,5.9,6.9
22108,2024-03-02,,,,,,,,2.5,4.7,,5.8
22108,2024-03-03,,,,,,,,2.7,4,,6
22108,2024-03-04,3.9,1020.7,91,5.8,7.8,1.1,.7,1.2,2,4.1,5.3
22108,2024-03-05,6.4,,,,,1,.6,1,1.6,3.1,3.6
22108,2024-03-06,7,1017.5,75,5.4,7.8,1.5,1,1.7,2.7,3.8,4.8
22108,2024-03-07,7.2,1019.1,62,5.1,7.8,2.2,1.3,1.9,2.9,4.4,5.1
22108,2024-03-08,,,,,,,,2.1,3.9,,4.9
22108,2024-03-09,,,,,,,,2,2.9,,5.2
22108,2024-03-10,3.4,1029,65,6,7.7,.7,.4,.7,1.2,3.4,3.8
22108,2024-03-11,4.3,1020.3,80,7.1,7.7,1.1,.7,.9,1.5,3.7,4.5
22108,2024-03-12,6.8,1017,81,6.3,7.7,2,1.2,2.8,4.5,4.3,5.7
22108,2024-03-13,5,1022.3,73,7.3,7.9,1.6,1,1.8,3.8,4.2,4.8
22108,2024-03-14,2.6,1022.9,84,8.1,8.2,1.1,.7,.9,1.6,3.9,4.4
22108,2024-03-15,3.2,1024.9,93,8,8.2,.7,.5,.5,.8,3.4,3.8
22108,2024-03-16,2.1,1021.2,92,6.9,8.6,.4,.3,.4,.7,3.2,3.9
22108,2024-03-17,9.8,1019.3,77,7.1,8.2,3,1.8,3.2,5.9,4.6,6.3
22108,2024-03-18,3.8,1022.8,57,6.4,8.2,1.7,1.1,2.6,4.5,4.5,5.7
22108,2024-03-19,8.5,,,,,2.6,1.6,3.9,5.7,4.3,6.5
22108,2024-03-20,9.6,1023,61,5.1,7.5,3.4,2.1,3.2,6.2,5.1,6.2
22108,2024-03-21,4.2,1019.4,59,6.1,7.8,1.3,.8,1.4,2.3,4.1,4.8
22108,2024-03-22,8.7,1011.3,82,8.8,7.5,2.7,1.6,2.5,4.9,4.6,6.1
22108,2024-03-23,3.9,1015.2,95,6.5,7.6,1.8,1.1,2.1,3.3,5.1,6
22108,2024-03-24,2.6,1016,87,8.5,7.9,.6,.4,.6,.8,4.1,4.9
22108,2024-03-25,3.7,1014.1,93,8,7.9,.8,.5,.8,1.2,4.5,5.5
22108,2024-03-26,7,,,,,1.6,1,1.7,3.2,3.9,4.4
22108,2024-03-27,3.4,,,,,.7,.4,.5,.9,3.7,4.5
22108,2024-03-28,3.9,,,,,.6,.4,.5,.7,3.4,4.2
22108,2024-03-29,5.7,,,,,1.9,1.2,1.9,3.4,4.5,5.9
22108,2024-03-30,3.7,1012.3,85,8.1,8.2,1.4,.9,1.5,2.4,4.5,5.8
22108,2024-03-31,4.4,1013.1,72,7.7,8.2,.7,.5,.9,1.2,3.4,4.1
22108,2024-04-01,2.2,1015.2,74,9.3,9.5,.4,.3,.5,.7,3.4,4.2
22108,2024-04-02,3.8,1012.2,89,10.2,9,.6,.4,.7,1.1,3.6,4.9
22108,2024-04-03,,1006.8,88,9.6,8.8,,,.8,1.5,,4.7
22108,2024-04-04,2.4,1015.4,88,9,9.4,1.7,1,1.2,2.3,4.9,5.2
22108,2024-04-05,2,,,,,1,.7,1.1,1.9,4.3,5.1
22108,2024-04-06,1.6,,,,,.4,.3,.4,.7,3.6,4
22108,2024-04-07,2,1018.5,84,10.5,10.6,.3,.2,.3,.3,3.5,4
22108,2024-04-08,3.2,,,,,.4,.2,.3,.5,3.1,3.8
22108,2024-04-09,4.1,1020.1,81,9.8,9.6,1.3,.8,1,1.9,4.1,5.1
22108,2024-04-10,,,,,,,,.6,1,,4.2
22108,2024-04-11,2.2,1021.9,87,11.1,10.6,.4,.3,.4,.6,3.5,4.1
22108,2024-04-12,2.2,1018.8,90,12.4,11.1,.4,.2,.3,.6,3.7,4.1
22108,2024-04-13,2.9,1018.4,95,10.7,11.4,.4,.3,.4,.6,3.3,4
22108,2024-04-14,2.4,1015.8,83,13.3,12.5,.4,.2,.3,.7,3.5,4.1
22108,2024-04-15,5.4,1010.5,93,12.1,11,1.4,.8,1.5,2.2,3.9,4.8
22108,2024-04-16,3.2,1013.7,95,10.7,11.1,1,.6,.7,1.2,3.9,4.8
22108,2024-04-17,2.7,1012.7,93,10.3,11.4,.5,.3,.5,.9,3.7,4
22108,2024-04-18,3.1,1011.7,87,11.9,11.6,.4,.2,.3,.4,3,3.2
22108,2024-04-19,2.6,1012.9,91,12.8,12.6,.3,.2,.3,.5,2.9,3.1
22108,2024-04-20,6,1008.2,91,12.3,12,.8,.5,1,1.5,3.1,4.4
22108,2024-04-21,2.8,1010,94,12,11.7,1.1,.7,.9,1.6,4.6,5.1
22108,2024-04-22,,1013,92,13,12.7,,,.4,.7,,4.8
22108,2024-04-23,2.1,1011,91,12.5,12.7,.4,.2,.3,.5,3.8,4.4
22108,2024-04-24,5.9,1008.8,93,11.6,12.3,1.2,.8,1.2,1.9,3.6,4.3
22108,2024-04-25,2.2,,,,,,.4,.8,1.3,3.6,3.9
22108,2024-04-26,1.9,1010.9,92,12.6,13.3,.3,.2,.3,.4,3.4,3.8
22108,2024-04-27,3,1012.5,94,12,13.5,.4,.2,.3,.4,2.9,3.4
22108,2024-04-28,2.8,1013.2,94,12,13.7,.3,.2,.3,.5,2.9,3.4
22108,2024-04-29,3,,,,,.3,.2,.3,.5,3.2,3.6
22108,2024-04-30,6.5,,,,,2.1,1.3,1.6,3.3,4.5,5.6
22108,2024-05-01,3.9,1012.3,85,12.5,13.1,1.3,.8,1.3,2.3,4.1,4.9
22108,2024-05-02,2.5,1019.2,89,13.4,13.9,.4,.3,.4,.7,3.5,3.7
22108,2024-05-03,2.5,1019.3,86,14.1,14.8,.3,,.3,.4,3.2,3.9
22108,2024-05-04,2,,,,,.3,.2,.2,.6,3.2,3.5
22108,2024-05-05,,1007.7,97,15,14.4,,,1.7,2.6,,4.9
22108,2024-05-06,6.3,1008.2,91,13.9,13.9,1.7,1.1,1.4,2.1,4.2,4.5
22108,2024-05-07,8.1,1010.3,94,12.6,13.6,2.4,1.5,1.7,3.1,4.6,5.2
22108,2024-05-08,5.4,1018.3,82,12.7,13.4,1,.7,1.2,1.9,3.5,4.5
22108,2024-05-09,5.1,1019.2,92,13.4,13.5,.7,.5,.9,1.5,3.2,4
22108,2024-05-10,6,1017.8,90,14,13.8,1.2,.7,1.1,1.7,3.6,4.3
22108,2024-05-11,7.3,1011.6,93,14.5,13.5,2.5,1.6,2,3.4,4.8,5.7
22108,2024-05-12,3.8,1012.2,85,13.5,13.7,1.3,.8,1.2,1.8,4.1,5.3
22108,2024-05-13,2.3,1015.4,89,14.2,14.5,.7,.4,.7,1.3,3.4,3.6
22108,2024-05-14,3.2,1016.1,89,15,15,.4,.3,.3,.6,3.1,3.5
22108,2024-05-15,7.5,1014.2,83,13.5,14.3,1.9,1.2,2.1,3.5,4.1,5
22108,2024-05-16,4.4,1011.7,85,13.8,14.1,1.7,1.1,1.7,2.9,4.3,4.9
22108,2024-05-17,6.5,1013.7,90,14.9,14.3,2,1.2,1.5,2.3,4.4,5.1
22108,2024-05-18,4.5,1016.7,90,15.4,14.9,1.7,1.1,1.4,2.2,4.7,5
22108,2024-05-19,1.8,1015.6,91,16.6,16.5,.8,.5,.7,1.2,4.3,4.8
22108,2024-05-20,2.2,1016.2,94,16.4,17.1,.5,.3,.4,.6,3.8,4.3
22108,2024-05-21,2.6,1019,95,15.1,16.8,.5,.3,.3,.7,3.4,4.2
22108,2024-05-22,2.6,1017.2,98,14,16.8,.4,.2,.3,.5,3.2,3.6
22108,2024-05-23,1.9,1012.2,91,15.8,17.1,.3,.2,.3,.5,3.8,4.3
22108,2024-05-24,2.5,1013.8,92,15.6,17.4,.5,.3,.4,.6,3.6,3.9
22108,2024-05-25,1.8,1015.3,97,16.3,17.7,.4,.3,.3,.6,3.5,4
22108,2024-05-26,6,1006.7,90,17.7,17.5,1.3,.8,1.3,2.6,3.8,4.7
22108,2024-05-27,5.5,1005.9,80,16.8,16.7,1.2,.8,1,1.6,3.7,4.1
22108,2024-05-28,6.2,1007.1,82,16.5,16.9,1.2,.8,1,1.5,3.6,3.9
22108,2024-05-29,1.5,1013.2,86,17.4,18.2,.5,.3,.6,1,3.4,3.6
22108,2024-05-30,2.5,1011.5,92,18,18.2,.3,.2,.3,.4,3.8,4.2
22108,2024-05-31,3.2,1011.2,89,17.8,18.5,.6,.4,.6,1,3.4,4
22108,2024-06-01,6.6,1012.5,85,17.2,17.7,,,1.1,1.8,,4.2
22108,2024-06-02,2.8,1011.3,82,18.5,18.4,.8,.5,.8,1.4,3.6,3.9
22108,2024-06-03,2.8,1011.1,84,18.6,19.3,.4,.3,.4,.6,3.3,4.8
22108,2024-06-04,2.3,1016.1,88,18.7,19.4,.4,.3,.3,.6,3.2,3.4
22108,2024-06-05,1.9,1018.6,96,18.8,19.9,.3,.2,.2,.5,3.1,3.5
22108,2024-06-06,1.5,1017.3,94,18.8,20.4,.3,.2,.2,.4,3.5,3.8
22108,2024-06-07,1.9,1014.2,83,19.9,20.7,.3,.2,.3,.4,3.6,4.1
22108,2024-06-08,2.9,1009.1,91,20.1,21,.7,.5,.7,1.2,3.4,3.9
22108,2024-06-09,2,1008.8,91,20.3,21.6,.4,.3,.3,.5,3.8,4.4
22108,2024-06-10,5.7,1007.6,93,21.4,21.5,1,.7,.9,1.6,3.3,4
22108,2024-06-11,5.3,1007.7,95,20.9,21.4,1,.6,.8,1.2,3.4,3.9
22108,2024-06-12,3.8,1006.3,91,20.4,21.9,.7,.5,.6,1,3.5,3.9
22108,2024-06-13,2.1,1005.6,92,20.2,22.5,.5,.3,.4,.6,3.8,4.5
22108,2024-06-14,2.8,1005.9,92,21.8,22.8,.5,.3,.4,.7,4,5.1
22108,2024-06-15,3.1,,,,,.5,.3,.3,.6,4,4.9
22108,2024-06-16,,1008.3,87,22.2,23.4,,,.5,.8,,3.9
22108,2024-06-17,2.7,1008.3,83,22.9,23.8,.5,.3,.4,1,3.8,4.5
22108,2024-06-18,3.3,1007.6,85,23.7,24,.7,.4,.5,.8,3.5,3.8
22108,2024-06-19,2.3,1008.5,89,23.6,24.8,.6,.4,.5,.8,3.9,4.4
22108,2024-06-20,3.2,1004.8,83,23.4,24.6,1.3,.9,1.3,2,4.5,5.6
22108,2024-06-21,3.1,1003.1,75,24.2,25.1,.8,.5,.9,1.3,4.5,5.2
22108,2024-06-22,6.2,996.9,96,23.1,24.4,1.5,1,1.7,2.4,4,4.8
22108,2024-06-23,5.9,999.7,91,23.8,24.4,1.6,1,1.7,3.2,4.3,4.8
22108,2024-06-24,5.3,1005,83,23.1,24.3,1.5,.9,1.2,2,4.1,4.8
22108,2024-06-25,5.1,1012.5,80,23.2,24.4,1.4,.9,1.1,2,4.1,4.7
22108,2024-06-26,2.8,1015.5,84,23.1,24.8,.7,.5,.7,1.1,3.7,4.3
22108,2024-06-27,,1012.4,83,22.5,24.4,,,.4,.5,,4.2
22108,2024-06-28,2.1,1008.2,73,24,25.3,.4,.3,.3,.6,4.1,4.5
22108,2024-06-29,8.4,1002.7,90,24,24.4,1.6,1,2.5,3.8,3.7,5.3
22108,2024-06-30,5.5,,,,,2.9,1.9,2.6,4.2,5.5,5.9
22108,2024-07-01,,1004.2,91,24,25.1,,,1.2,2,,5.8
22108,2024-07-02,8.9,,,,,2.4,1.5,3,5.3,4.5,5.7
22108,2024-07-03,5.6,1009,94,24.1,24.2,3,1.8,2.7,4.8,5.7,6.1
22108,2024-07-04,7.3,1006.9,94,24,24.4,1.9,1.2,2,3.3,4.5,5.3
22108,2024-07-05,5.4,1005.7,88,23.5,24.2,2.3,1.4,2.2,3.5,4.8,5.5
22108,2024-07-06,8.8,1003.1,94,24.6,24.3,2.5,1.6,2.1,3.9,4.7,5.9
22108,2024-07-07,4.6,1004.4,98,23.9,24.4,1.8,1.2,1.6,2.8,4.8,5.2
22108,2024-07-08,5.1,1003.4,97,24,24.4,1.3,.9,1,1.8,4.1,4.5
22108,2024-07-09,6.3,1003.2,96,23.5,24.4,1.4,.9,1.2,2.1,4,5.3
22108,2024-07-10,,1000.8,92,23.8,24.5,,,2.1,3.4,,5.1
22108,2024-07-11,2.5,,,,,1,.7,.9,1.5,4.5,5.3
22108,2024-07-12,1.9,1003.3,83,24.3,25.6,.7,.4,.5,.8,4.7,5.2
22108,2024-07-13,,1006.1,86,25,26.3,,,.5,.9,,5.5
22108,2024-07-14,3.2,1008.4,89,25.7,26.4,.6,.4,.5,.7,4.5,5.6
22108,2024-07-15,4.3,1011,91,25.4,26.5,.9,.6,.7,1.2,3.9,4.7
22108,2024-07-16,6.1,1009.9,94,25.1,26.2,1.1,.7,.9,1.5,3.6,4
22108,2024-07-17,9.7,1007.1,96,25.3,25.2,2.5,1.6,1.8,3.3,4.4,5.1
22108,2024-07-18,8.6,1002.7,95,25.1,24.7,3.1,2,2.5,3.9,5.1,5.7
22108,2024-07-19,4.4,1005.9,96,24.6,25,1.5,.9,1.3,2.5,4.2,4.7
22108,2024-07-20,8.5,1006.2,94,25.1,25.1,2,1.2,2,3.3,4.1,4.9
22108,2024-07-21,6.4,1007.6,96,25.2,25.1,2.5,1.6,2.1,3.6,5,6.1
22108,2024-07-22,8.7,1005.6,96,25.5,25.1,2.5,1.6,2.1,3.2,4.5,5.4
22108,2024-07-23,6.2,1004.8,98,25.3,25.1,2.1,1.4,1.9,3.3,4.7,5.4
22108,2024-07-24,4.4,1004.8,98,25.6,25.7,1.2,.8,1.1,1.9,4.1,4.8
22108,2024-07-25,4,1005.8,93,26.5,26.4,1.2,.8,1,1.8,5.3,6.7
22108,2024-07-26,6.4,1008.9,91,26.8,26.2,1.8,1.2,1.5,2.3,5.2,6
22108,2024-07-27,7.1,1013.3,90,27.3,26.4,2.1,1.4,1.8,3.1,5,5.3
22108,2024-07-28,9.5,1012,92,27.1,26.6,3,1.9,2.2,3.6,5.1,5.6
22108,2024-07-29,6.8,1009.8,95,26.7,26.8,2.2,1.4,1.8,3.2,4.7,5.1
22108,2024-07-30,4.9,1008.1,94,27,27.1,1.3,.8,1.1,1.8,4.1,4.5
22108,2024-07-31,6.7,1006.8,95,27.3,27.4,1.3,.9,1.2,2,3.7,4
22108,2024-08-01,6.2,1004.7,96,,27.6,1.6,1,1.2,2.1,4.1,4.4
22108,2024-08-02,4.4,1004.7,95,28,28.1,1.1,.8,1.1,1.6,4.1,4.7
22108,2024-08-03,1.9,1008,92,28.6,29.1,.6,.4,.5,1,4.2,4.4
22108,2024-08-04,1.7,1008.2,86,28.7,29.3,.4,.3,.4,.6,4.1,4.7
22108,2024-08-05,4.1,1007.2,93,29.1,29.8,.5,.4,.5,.9,3,3.7
22108,2024-08-06,,1008.1,86,29.1,30.2,,,.7,1.1,,3.9
22108,2024-08-07,2.1,1006.9,85,29.1,30.6,.4,.2,.3,.5,3.5,4
22108,2024-08-08,2.5,1005.3,84,28.4,30,.4,.3,.4,.6,3,3.4
22108,2024-08-09,1.7,1004.7,86,28.6,30.5,.4,.3,.3,.5,3.4,3.7
22108,2024-08-10,4.6,1003.3,84,29.1,30.3,.6,.4,.7,1,3.1,3.7
22108,2024-08-11,7.4,1002.3,84,29.5,29.9,2,1.2,1.4,2.4,4.2,4.9
22108,2024-08-12,5.2,,,,,1.7,1.1,1.4,2.2,4.3,4.8
22108,2024-08-13,3.4,1008.2,85,29.4,30.3,.9,.6,.8,1.4,4,4.7
22108,2024-08-14,4,1008.2,87,29.2,30.5,.6,.4,.6,.9,3,3.1
22108,2024-08-15,2,1007.8,81,29.5,30.9,.4,.3,.4,.6,3.2,3.4
22108,2024-08-16,1.7,,,,,.3,.2,.2,.4,3.1,3.3
22108,2024-08-17,1.6,1010.6,79,29.7,31.3,.3,.2,.2,.4,3.3,3.8
22108,2024-08-18,2.1,1009.8,78,29.4,31.3,.3,.2,.3,.4,3.2,3.8
22108,2024-08-19,3.3,1008.3,78,29.3,31.1,.4,.3,.4,.8,3.1,3.6
22108,2024-08-20,,,,,,,,.5,.9,,3.1
22108,2024-08-21,9.8,1006.1,90,29.5,30.4,2.8,1.7,2.3,4.5,4.7,5.6
22108,2024-08-22,9.2,,,,,3.3,2.1,2.8,4.6,5.3,6.2
22108,2024-08-23,4.4,1008.9,83,29.3,29.8,1.6,1.1,1.5,2.4,4.6,5.4
22108,2024-08-24,3.3,1010.3,83,29.3,30,.8,.5,.7,1.1,3.6,4.2
22108,2024-08-25,2.1,1009.3,80,28.9,30.7,.5,.3,.4,.7,3.5,3.7
22108,2024-08-26,2.5,1007.4,80,28.3,30.3,.3,.2,.3,.5,3.3,3.6
22108,2024-08-27,7.4,1005.9,81,27.8,29.7,1.2,.8,1.3,2.2,3.5,4.1
22108,2024-08-28,5.7,1007.4,78,27.9,29.6,1,.6,.9,1.5,3.3,3.5
22108,2024-08-29,,,,,,,,1,1.8,,3.8
22108,2024-08-30,5.9,,,,,1,.6,.8,1.4,3.3,3.9
22108,2024-08-31,4.4,1007.7,77,26.8,29.3,1.1,.8,1.1,1.7,3.8,4
22108,2024-09-01,2.6,1008,69,27.4,29.4,.6,.4,.6,.8,3.5,4.3
22108,2024-09-02,4.3,,,,,1.1,.7,1.2,2.1,3.6,4.9
22108,2024-09-03,4.2,1011.1,79,27.4,29,.8,.5,.8,1.2,3.5,4.5
22108,2024-09-04,4.5,1009.6,77,27.3,28.4,.9,.6,.9,1.3,3.6,3.9
22108,2024-09-05,6,1008.2,81,27.4,28.6,1.4,.9,1.1,1.7,3.8,4.1
22108,2024-09-06,2.7,1011.6,80,26.3,28.8,1.2,.8,1.2,1.7,4.5,5.2
22108,2024-09-07,2,1013.8,73,26.8,29,.7,.4,.6,1.1,4.1,4.5
22108,2024-09-08,3.1,1014.3,76,25.9,29.1,.5,.3,.3,.6,3.2,3.5
22108,2024-09-09,1.5,1013.3,78,27.1,29.5,.4,.2,.3,.6,3.4,3.8
22108,2024-09-10,3.5,1013.6,76,28.2,29.4,.4,,.5,.8,3.3,4
22108,2024-09-11,3.6,1015.6,86,28,29.1,.5,.4,.5,.8,3.5,4.4
22108,2024-09-12,4.2,1014.4,89,28,29.1,1,.7,.8,1.3,4.2,4.8
22108,2024-09-13,5.9,1009.6,89,28.4,29.1,1.4,.9,1.1,1.8,3.9,4.4
22108,2024-09-14,3.1,1006.7,86,28,29.4,.8,.5,.8,1.1,3.8,4.1
22108,2024-09-15,5.5,1009,87,27.5,29.2,1.3,.8,1.1,1.7,3.9,4.9
22108,2024-09-16,4.5,1014.7,81,28.6,29.2,1.1,.7,.8,1.4,4.9,6.7
22108,2024-09-17,2.7,1015.1,88,28.6,29.7,1.1,.7,.9,1.4,5.8,6.9
22108,2024-09-18,3,1014.1,86,28.3,29.5,.7,.4,.6,.9,4.3,5.2
22108,2024-09-19,3.2,1013.9,88,28.1,29.4,.6,.4,.4,.7,4.3,5.1
22108,2024-09-20,7.4,1008.6,91,27.6,28.7,1.8,1.2,1.7,3,4.3,5.1
22108,2024-09-21,8.5,1006,87,24,27.7,2.2,1.5,2,2.9,4.7,5.1
22108,2024-09-22,9.3,1012,75,23.1,26,2.7,1.7,2.2,3.7,4.9,5.5
22108,2024-09-23,5.2,1016.9,70,23,25.8,1.3,.9,1.3,2.2,4,4.6
22108,2024-09-24,4.1,1015.9,67,23,25.4,.9,.6,.8,1.3,3.8,4.7
22108,2024-09-25,2.3,1014.3,76,24.4,25.4,.6,.4,.4,.7,3.8,4.6
22108,2024-09-26,3.6,1013.5,79,24.4,25.9,.6,.4,.6,.9,3.6,4.2
22108,2024-09-27,5.7,1014.3,77,23.8,26.2,.9,.6,.7,1.3,3.3,3.4
22108,2024-09-28,,,,,,,,.7,1.1,,3.5
22108,2024-09-29,5.2,1019,72,24.7,26.2,.8,.6,.9,1.4,3.2,3.5
22108,2024-09-30,3.5,1015.8,71,24.1,25.9,.7,.5,.7,1.1,3.6,4.2
22108,2024-10-01,9.7,1013.1,69,21.7,25.4,2.7,1.7,2.9,4.7,4.6,6.1
22108,2024-10-02,9.1,1019.8,50,18.5,24.3,2.8,1.8,2.3,3.8,4.9,5.6
22108,2024-10-03,4.2,1022.3,57,18.6,23.9,1.1,.7,1.3,2.1,3.7,4.5
22108,2024-10-04,4.4,1024.1,59,20.1,24.1,.7,.5,.6,1,3.1,3.5
22108,2024-10-05,3.4,1023.2,58,20.6,23.8,.5,.3,.4,.7,2.9,3.3
22108,2024-10-06,3.9,1020.6,56,20.8,23.7,.5,.3,.5,.7,2.9,3.4
22108,2024-10-07,4.6,1018,67,20.9,23.6,.8,.5,.9,1.4,3.3,3.9
22108,2024-10-08,5.5,1017.4,66,20,23.6,1.6,1,1.6,2.5,4.3,4.9
22108,2024-10-09,1.9,1016.2,71,20.5,23.5,.7,.5,.7,1.2,3.6,4
22108,2024-10-10,3.3,1015.7,62,21,23.4,.6,.4,.5,.9,3.2,3.7
22108,2024-10-11,1.9,1018.8,61,21.3,23.6,.4,.3,.4,.6,3.4,3.8
22108,2024-10-12,3.7,,,,,.4,.3,.4,.5,2.9,3.7
22108,2024-10-13,3.7,1022.6,68,21.2,23,.5,.3,.4,.7,2.7,2.9
22108,2024-10-14,5.9,1018.7,79,20.9,23,.8,.5,.8,1.2,3,3.4
22108,2024-10-15,4.5,1018.2,88,21.4,23,.8,.5,.7,1.2,3.4,3.8
22108,2024-10-16,5.7,1022.8,67,19.7,22.8,1.5,1,1.3,2.2,4.2,4.7
22108,2024-10-17,3.3,1021.2,80,21.1,22.8,.5,.4,.6,.8,3.3,4
22108,2024-10-18,6.8,1012.5,89,22.1,22.8,1.2,.8,1.5,2.3,3.5,4.6
22108,2024-10-19,11.2,1017.7,81,18.4,22.5,4.1,2.6,3.5,5.7,5.7,7.1
22108,2024-10-20,8.7,1028.2,65,16.6,21.8,2.3,1.5,2.2,3.6,4.5,5.6
22108,2024-10-21,4.9,1023.7,67,18.3,21.8,1,.6,.9,1.4,3.6,3.8
22108,2024-10-22,5.7,1014.7,83,18.9,21.9,1.1,.7,2.3,3.8,3.5,5.1
22108,2024-10-23,10.5,1011.1,67,15.8,21.4,4.9,3,4.1,6.4,6.3,6.9
22108,2024-10-24,6.5,1012,64,17,21.1,1.7,1.1,2,3.1,4.1,5.2
22108,2024-10-25,4.3,1016.5,65,18.2,20.9,.8,.6,.8,1.4,3.3,3.5
22108,2024-10-26,2.2,1018.3,73,19.1,21.2,.7,.4,.5,.9,4.2,6.7
22108,2024-10-27,4.8,,,,,1.1,.7,1.3,2.1,4.5,7.1
22108,2024-10-28,3.9,1015,70,17.3,20.9,1.6,1,1.6,2.7,4.8,5.2
22108,2024-10-29,4.5,1016.8,74,18.3,20.6,.8,.5,.8,1.2,3.6,4.5
22108,2024-10-30,6,1018.5,68,18.1,20.6,.9,.6,.8,1.2,3.2,3.6
22108,2024-10-31,3.2,1021.3,68,18.7,20.6,.7,.4,.6,1.1,3.7,4.8
22108,2024-11-01,5.2,1018.7,65,18.1,20.4,.9,.6,1.3,1.9,4.5,6.1
22108,2024-11-02,7.7,1018.7,71,19.4,20.1,1.7,1.2,1.4,2.1,4.3,4.8
22108,2024-11-03,5,1021.3,80,19.5,20.1,.9,.7,.8,1.3,3.9,4.8
22108,2024-11-04,8.7,,,,,2.2,1.4,2.4,4,4.4,5.6
22108,2024-11-05,10,1012.3,55,13.3,19.6,3.1,2,2.8,3.8,5.2,5.9
22108,2024-11-06,9.7,1011.9,54,12.7,19.1,3.2,2,2.6,4.8,5.1,5.8
22108,2024-11-07,5.5,1014.7,54,12.5,19,1.4,.9,1.7,2.5,3.9,4.8
22108,2024-11-08,4.8,1020.4,50,14.6,18.8,.7,.5,.6,.8,3.1,3.4
22108,2024-11-09,4.2,,,,,.5,.3,.4,.8,2.9,3.2
22108,2024-11-10,3.7,1029.1,71,,18.8,.5,.4,.5,.8,3.4,4.7
22108,2024-11-11,5,1023.3,73,16.9,18.4,.9,.6,.8,1.5,3.5,4
22108,2024-11-12,6,,,,,1.1,.7,.9,1.3,3.5,3.9
22108,2024-11-13,2.5,1023.6,62,16.8,18.4,.8,.5,.9,1.8,3.8,4.2
22108,2024-11-14,5.1,1021.4,77,17.5,18.4,1,.6,.9,1.4,3.7,4.2
22108,2024-11-15,5.4,1019.9,82,17.1,18.3,.9,.6,.8,1.3,3.3,3.8
22108,2024-11-16,5.6,1019,81,17.6,18.3,.9,.6,1.2,2,3.4,4
22108,2024-11-17,13.1,1024.9,55,11.4,17.8,4.3,2.8,3.3,4.9,5.6,6.2
22108,2024-11-18,10.9,1032.6,56,7.9,17.3,3.8,2.5,3.4,5.3,5.4,6.3
22108,2024-11-19,3.2,1029.7,52,9.3,16.9,1.1,.7,1.2,1.8,4.2,4.9
22108,2024-11-20,4.5,1025.2,61,12.1,16.9,.9,.6,1.1,1.5,3.3,4.2
22108,2024-11-21,6.5,,,,,1.7,1.1,1.5,2.5,4.1,4.5
22108,2024-11-22,,,,,,,,2.1,3.4,,5.4
22108,2024-11-23,3.9,1027.8,48,10.2,16.4,1.3,.8,1.7,2.4,4.2,4.9
22108,2024-11-24,3,1029.5,55,11.6,16.2,.5,.4,.5,.7,3.2,3.6
22108,2024-11-25,7.9,1020.9,73,13.8,16,1.6,1,2.1,3.7,3.5,4.9
22108,2024-11-26,12.3,,,,,5.6,3.3,4.3,7.5,6.2,7
22108,2024-11-27,14.4,,,,,7,4.5,5.1,9.1,7.1,7.5
22108,2024-11-28,12.2,1012.3,65,8.1,15.5,5.7,3.7,4.6,7.7,6.6,7
22108,2024-11-29,9.6,1013.8,72,8.2,15.3,4.2,2.6,3.4,5.8,5.7,6.3
22108,2024-11-30,7.7,1016.2,55,11.7,15.3,2.6,1.7,2.9,4.7,4.8,6.1
22108,2024-12-01,5.6,1015.4,68,,15.2,1.5,.9,1.1,2,3.9,4.3
22108,2024-12-02,8.5,1017.4,77,11.7,15.2,2.4,1.5,2.4,3.8,4.3,5.3
22108,2024-12-03,6.8,1024.4,59,6,15.1,2.3,1.5,2.3,3.7,4.7,5.7
22108,2024-12-04,7.3,1021.9,59,8.6,15,2,1.3,1.8,2.9,4.3,5
22108,2024-12-05,9.3,1018.4,61,9.3,14.9,3.3,2.1,3,4.8,5.1,5.9
22108,2024-12-06,7.8,1021.8,55,8,14.8,2.9,1.9,2.7,4.3,5,5.7
22108,2024-12-07,8.3,1024.8,62,6.3,14.7,2.3,1.4,2.3,4.1,4.3,5.3
22108,2024-12-08,7.8,1027.1,61,6,14.4,3,2,2.8,4.5,5.2,5.9
22108,2024-12-09,5.5,1024.9,58,7.8,14.3,1.5,1,1.2,2.2,4,4.4
22108,2024-12-10,4.9,1024.3,59,8.3,14.2,1.2,.8,1.1,1.9,3.6,3.9
22108,2024-12-11,,1023.7,59,7.1,14.1,,,2.3,3.8,,5.6
22108,2024-12-12,7.5,1025.7,56,6.2,14,2.5,1.6,2.2,3.4,4.7,5.5
22108,2024-12-13,7.5,1023.1,63,6,13.8,2.2,1.3,2.3,4.8,4.2,5.1
22108,2024-12-14,9.8,1026.1,62,5.2,13.6,3.3,2.1,2.7,4.5,5.3,5.8
22108,2024-12-15,10,1022.6,57,6.7,13.4,3.5,2.4,2.7,4.5,5.5,6
22108,2024-12-16,,1022.6,58,7,13.4,,,1.9,2.8,,4.9
22108,2024-12-17,5.9,,,,,1.4,.9,1.5,2.6,3.9,4.3
22108,2024-12-18,9.7,1027.3,68,2.8,13.1,3.1,1.9,2.4,4.4,5,5.6
22108,2024-12-19,3.2,1029.8,63,3,12.9,1.9,1.2,2.3,3.4,5.1,5.7
22108,2024-12-20,4.9,1022.4,65,6.9,12.8,1,.6,1.2,1.8,5,25
22108,2024-12-21,12.9,1021.5,67,4.2,12.7,4.5,3,4,6,7.6,9.1
22108,2024-12-22,8.7,1028.6,65,3.4,12.3,3.3,2.1,3.2,5.8,7.9,9.1
22108,2024-12-23,7.4,1027.4,60,7,12,1.8,1.2,1.3,2.2,6,7.1
22108,2024-12-24,4.8,1028.9,62,4.9,11.8,1.7,1.1,1.4,2.3,5.9,6.7
22108,2024-12-25,5,1026,61,7,11.7,.9,.5,1.2,1.8,4.5,6.3
22108,2024-12-26,10.5,1026.7,63,4.9,11.6,3.5,2.3,2.7,4.6,6.9,7.7
22108,2024-12-27,7.3,1026.8,74,2.8,11.4,2.8,1.8,2.5,4.2,6.9,7.7
22108,2024-12-28,9.2,1025.3,69,3.1,11.1,3.6,2.4,3,4.9,7.5,8.3
22108,2024-12-29,7.5,1025,58,7.1,10.9,2.4,1.5,2.3,4,6.5,7.7
22108,2024-12-30,8.4,1019.7,63,9.2,10.8,2.4,1.6,1.8,2.9,6.8,7.7
22108,2024-12-31,8.1,1022.6,60,5,10.6,2.7,1.8,2.2,3.9,7,7.7
22108,2025-01-01,5.2,1023.3,54,7.8,10.6,1.3,.9,1,1.6,5.6,6.7
22108,2025-01-02,5.9,1025.9,53,5,10.5,1.1,.7,.9,1.4,4.7,6.3
22108,2025-01-03,8,1027.2,57,3.7,10.4,2.1,1.4,1.9,3,6,6.7
22108,2025-01-04,4,1026.8,59,5,10.4,1.3,.9,1.7,2.4,5.8,6.7
22108,2025-01-05,5.7,1019.1,73,8.5,10.4,2,1.3,1.8,3.3,5.3,6.7
22108,2025-01-06,10.9,1018.7,64,5,10.2,3.7,2.3,3.5,5.3,7.1,8.3
22108,2025-01-07,7.4,1020.2,82,1.6,10.1,3.2,2.1,2.8,4.4,7.5,8.3
22108,2025-01-08,9.7,1021.7,78,1.6,10,3.1,2,3.3,5.3,6.9,8.3
22108,2025-01-09,11.8,1027.5,80,-3,9.7,5.1,3.1,3.9,6.4,8.7,9.1
22108,2025-01-10,7.6,1032.2,79,-.4,9.4,3.4,2.1,3.2,5.2,7.6,8.3
22108,2025-01-11,3.4,1029.3,79,.4,9.3,1.8,1.1,1.7,2.6,6.3,6.7
22108,2025-01-12,4.6,1025.2,59,2.9,9.3,1.2,.8,1.2,1.7,4.9,5.9
22108,2025-01-13,6.1,1025.7,56,5.9,9.3,1.5,.9,1.4,2.2,5.4,5.9
22108,2025-01-14,7.1,1025.6,62,6.5,9.3,1.9,1.2,1.7,2.5,5.7,6.7
22108,2025-01-15,9.5,1030,62,1.3,9.1,3.4,2.1,2.8,4.4,7.2,8.3
22108,2025-01-16,7.3,1026.1,56,4.2,9,2.2,1.4,1.6,2.8,6.2,7.1
22108,2025-01-17,4.8,1027.7,49,3.5,8.9,1.5,1,1.7,2.8,5.8,6.7
22108,2025-01-18,2.1,1024.5,59,4.8,8.9,.4,.3,.5,.8,4.6,5.9
22108,2025-01-19,5.1,1017.5,80,7,8.9,1,.6,.9,1.6,4.1,5.6
22108,2025-01-20,5,1017.6,67,6,8.9,1,.6,.8,1.3,4.8,5.3
22108,2025-01-21,2.7,1022.9,67,6.4,9,.7,.5,.7,1.1,4.6,5.6
22108,2025-01-22,4.2,1025.1,74,6.2,8.9,.8,.5,.7,1.1,4.3,5.6
22108,2025-01-23,5.4,1025.9,56,4.9,8.9,.9,.6,.8,1.2,4.1,5.6
22108,2025-01-24,6,1026.8,59,5.6,8.8,.9,.6,.9,1.5,3.5,4.2
22108,2025-01-25,6.3,1028.1,66,6.9,8.7,1.2,.8,1,1.5,4.5,5.3
22108,2025-01-26,7.4,1024.6,66,5.9,8.7,1.1,.7,1.2,2.1,3.8,4.8
22108,2025-01-27,11.1,1017.4,68,2,8.5,4.2,2.7,3.7,6,7.8,10.5
22108,2025-01-28,12.9,1019.2,82,.7,8.4,6.3,4,4.5,7.4,9.7,10
22108,2025-01-29,8.9,1026.4,67,.5,8.1,4.1,2.6,3.6,6.7,8.1,9.1
22108,2025-01-30,4.7,1027.9,78,1.9,7.9,1.1,.7,1.2,1.9,5.3,6.7
22108,2025-01-31,5.4,1025.2,79,5.9,8,1.3,.8,1.1,1.8,4.7,6.7
22108,2025-02-01,7.3,1021.6,76,4.6,8.1,1.4,.9,1.2,2.2,4.5,6.3
22108,2025-02-02,6.6,1020.1,66,4.2,8.1,1.3,.9,1.2,1.8,5,5.6
22108,2025-02-03,11.4,1022.4,75,-.3,7.9,3.9,2.5,3.3,6.1,7.3,8.3
22108,2025-02-04,11.2,1021.1,78,-2.6,7.4,4.2,2.7,3.4,5.7,7.9,9.1
22108,2025-02-05,7.6,1019.8,78,-3.2,7.2,2.9,1.8,2.8,4.4,6.9,7.7
22108,2025-02-06,5.2,1021.7,73,-.5,7.1,2.4,1.5,2.3,4.3,6.8,7.7
22108,2025-02-07,12.6,1023.3,83,-2.3,6.9,5.5,3.5,5.3,7.6,8.6,10.5
22108,2025-02-08,10,1029.9,77,-1.9,6.5,4.1,2.6,3.7,5.9,8.3,9.1
22108,2025-02-09,4.9,1028.5,77,-.6,6.3,1.8,1.2,2,2.9,6.1,7.1
22108,2025-02-10,4,1028.1,61,1.3,5.9,1.6,1,1.3,2.5,5.5,6.3
22108,2025-02-11,4.3,1027.6,62,3.9,5.9,.8,.5,.7,1.2,4.1,5.9
22108,2025-02-12,8.7,1017.9,80,3.8,5.9,2.4,1.5,3.8,5.8,5.4,9.1
22108,2025-02-13,6.3,1019.7,55,4.2,5.8,2.6,1.7,3.6,5.4,7.3,9.1
22108,2025-02-14,3,1023.3,81,6,6.1,1.6,1.1,1.4,2.2,6.2,6.7
22108,2025-02-15,3.7,1018.3,84,5.6,5.9,.8,.5,.6,1,4.3,5.3
22108,2025-02-16,6.2,1018,84,5.5,6,1.3,.8,2.4,3.9,4.5,6.7
22108,2025-02-17,10,1026.2,55,2.3,5.9,3.2,2.1,3.1,4.5,7.2,8.3
22108,2025-02-18,9.6,1028.6,57,1.4,5.8,2.9,1.9,2.3,3.8,6.8,7.7
22108,2025-02-19,9.5,1030.4,59,.4,5.5,2.8,1.9,2.4,3.4,6.8,7.7
22108,2025-02-20,8.6,1031.8,58,.5,5.2,2.5,1.6,2,3.1,6.6,7.1
22108,2025-02-21,7.2,1032.6,58,.4,5.1,2.1,1.4,1.7,2.5,6.5,7.1
22108,2025-02-22,8.1,1034,63,-.1,5,2.3,1.5,2,3.1,6.2,7.1
22108,2025-02-23,10.4,1033.2,58,-.1,4.9,2.9,2,2.6,3.7,6.8,7.7
22108,2025-02-24,7,1033.2,58,1.7,4.8,2.5,1.6,2.3,3.5,6.9,7.7
22108,2025-02-25,4.7,1027.8,72,4.3,4.9,1.4,.9,1.4,2.2,5.7,6.7
22108,2025-02-26,4,1025.9,69,3.9,5,1.6,1.1,1.4,2.4,6.1,7.1
22108,2025-02-27,3.3,1022.2,82,4.8,5,.6,.4,.6,.9,4.2,5
22108,2025-02-28,2.4,1020.9,94,5.2,5,.8,.5,.6,1.2,4.9,5.9
22108,2025-03-01,3.6,1017.4,98,4.6,5,.5,.3,.4,.7,6.6,9.1
22108,2025-03-02,6,1013,97,5.6,5.1,.9,.6,1.9,2.6,5.9,7.1
22108,2025-03-03,10.7,1018.7,79,4,5.3,2.2,1.5,2.3,3.5,5.6,6.7
22108,2025-03-04,7.7,1019.7,85,3.1,5.5,1.5,1,1.2,1.9,4.6,5.3
22108,2025-03-05,6.5,1022.9,77,3.9,5.5,1.1,.7,1,1.5,4.3,5
22108,2025-03-06,8.3,1027.7,74,4.2,5.4,2.2,1.4,1.9,3,6.2,7.1
22108,2025-03-07,2.9,1028.2,74,4.6,5.7,1.3,.8,1.5,2.3,5.7,6.7
22108,2025-03-08,2.7,1027,87,5.4,5.8,.5,.3,.4,.7,3.9,5
22108,2025-03-09,1.6,1030.5,91,5.6,6.3,.4,,.3,.5,4.2,6.7
22108,2025-03-10,2,1026.5,91,5.5,6.4,.3,.2,.2,.4,4,6.7
22108,2025-03-11,1.9,1021.4,87,6.3,6.8,.3,.2,.2,.4,4.5,7.7
22108,2025-03-12,2.4,1018.1,94,6.1,6.5,.4,.3,.4,.7,6.8,9.1
22108,2025-03-13,3.7,1023.6,81,5.9,6.4,.5,.4,.5,.7,4.1,5.6
22108,2025-03-14,6.2,1024.8,73,6.4,6,.7,.5,.8,1.3,3.3,4
22108,2025-03-15,3.3,1021.6,81,6.6,6.5,1,.6,.8,1.3,5,5.9
22108,2025-03-16,11.7,1017.8,62,3.1,5.7,3.8,2.5,3.8,6.5,7.5,9.1
22108,2025-03-17,7.2,1018.5,59,3.6,5.9,3,1.9,3.3,5.2,7.5,9.1
22108,2025-03-18,12.9,1018.8,64,2.9,5.8,5.1,3.3,4.1,6.6,8.2,9.1
22108,2025-03-19,5,1025.5,57,4.6,6,1.8,1.2,2,3.2,6.5,7.7
22108,2025-03-20,6.1,1019,90,7.3,6,1.8,1.1,1.4,2.7,6.2,7.1
22108,2025-03-21,5.1,1013.4,89,7.8,6.2,2,1.2,1.5,2.4,6.6,7.1
22108,2025-03-22,5,1011.3,86,8.4,6.5,1.4,.9,1,1.8,5.4,6.7
22108,2025-03-23,4.8,1010.2,90,8.3,6.8,1.1,.7,.8,1.4,5,5.6
22108,2025-03-24,6.1,1004.4,90,8.8,6.7,1.5,.9,1.2,1.9,4.9,5.9
22108,2025-03-25,5.7,1002.7,86,8.4,6.7,1.6,1,1.5,2.5,5.4,5.9
22108,2025-03-26,4.5,1003.6,85,8.9,6.9,1.6,1,1.5,2.7,6,7.7
22108,2025-03-27,8.4,1004.2,84,7.6,6.7,2.6,1.7,2.8,4.6,6.2,7.7
22108,2025-03-28,11,1017.7,62,5.3,6.3,4.2,2.7,3.2,5.9,7.8,9.1
22108,2025-03-29,7.5,1025.2,62,4.5,6.3,2.2,1.4,1.9,3.6,6.1,6.7
22108,2025-03-30,3.2,1029.5,66,5.5,6.4,1.3,.9,1.3,2.2,5.9,6.3
22108,2025-03-31,3.1,1026.3,91,7.4,6.8,1.1,.7,.9,1.6,5.6,6.7
22108,2025-04-01,2.7,1023.2,93,7.3,6.9,.9,.5,.8,1.2,5.3,5.6
22108,2025-04-02,3.1,1020.1,93,7.1,6.7,.8,.5,.6,1.1,5.1,5.9
22108,2025-04-03,3.3,1021.4,93,6.7,7,1.2,.7,1.1,2.3,5.5,6.7
22108,2025-04-04,2.1,1020.4,94,7.4,7.7,.4,.3,.4,.6,4.3,5.6
22108,2025-04-05,5.5,1013.2,92,8.2,7.1,1.4,.9,1.3,2,4.9,6.3
22108,2025-04-06,4.4,1016.8,89,7.4,7.1,1.4,.9,1.2,2.1,5.4,6.3
22108,2025-04-07,7.2,1016.4,86,8.3,7.2,1.4,.8,1.7,2.6,4.3,5.6
22108,2025-04-08,3.6,1015.7,89,7.4,7.6,1.9,1.2,1.8,3.2,6.4,6.7
22108,2025-04-09,2.4,1011.7,91,7,8.2,.7,.5,.7,1.1,5.5,5.9
22108,2025-04-10,2.8,1008.7,91,6.9,8.6,.6,.4,.5,.8,4.1,5.3
22108,2025-04-11,2.7,1011.4,94,7.1,9.2,.4,.3,.4,.7,3.6,5.3
22108,2025-04-12,7.1,1006.7,87,7.4,8.4,1.5,.9,2.2,4,4,6.7
22108,2025-04-13,6.6,1002.6,71,5.9,7.5,3.6,2.3,3,4.9,7.8,9.1
22108,2025-04-14,8.4,999.4,80,5.8,7.4,3.5,2.2,3.1,5.2,7.5,9.1
22108,2025-04-15,5.1,1008.4,90,6.9,7.9,1.9,1.3,2.5,4.5,6.4,9.1
22108,2025-04-16,7.4,1007,89,8.7,7.8,1.4,.9,1.6,3.2,4.3,5.9
22108,2025-04-17,9.9,1005.1,95,9.8,7.8,2.7,1.8,2,3.2,6.5,7.1
22108,2025-04-18,4,1010.2,98,8,8.6,1.4,1,1.7,2.4,6.1,7.1
22108,2025-04-19,6.2,1009.3,98,8.7,8.2,1.6,1,1.3,2.2,5.2,7.1
22108,2025-04-20,4.2,1013.4,93,7.6,8.6,.8,.6,.9,1.3,5.8,6.7
22108,2025-04-21,2.4,1013.9,94,10.1,9.7,.4,.3,.4,.6,5.9,7.1
22108,2025-04-22,5.5,1005.8,94,9.9,9.5,.9,.6,.8,1.5,4.1,5.6
22108,2025-04-23,3.8,1007.7,91,9.1,10,1.1,.7,1.1,1.9,5,5.6
22108,2025-04-24,4.4,1011.5,83,9.1,9.9,.7,.5,1.1,1.8,4.4,6.7
22108,2025-04-25,4.5,1018,81,8.9,10,1,.7,1,1.7,5.2,5.6
22108,2025-04-26,5.4,1019.1,86,9.5,10.1,.9,.5,.9,1.4,4,5.3
22108,2025-04-27,4.4,1015.7,83,9.8,10.2,1.2,.8,.9,1.8,5.1,6.3
22108,2025-04-28,4.9,1012.3,81,9.2,10.4,1.1,.7,1.5,2.4,4.5,5.9
22108,2025-04-29,3.8,1013.9,80,9.9,10.5,.9,.6,1.3,1.9,4.6,5.9
22108,2025-04-30,8,1012.9,77,11.1,10.3,1.8,1.1,1.4,2.7,5.2,6.3
22108,2025-05-01,7.2,1008.1,91,10,9.8,2.3,1.5,2,3.1,6.6,7.7
22108,2025-05-02,3.6,1012.3,87,9.3,10.2,1.3,.8,1.2,1.9,5.5,7.1
22108,2025-05-03,5.8,1010.2,91,8.5,10.5,.9,.5,.8,1.4,4.3,7.1
22108,2025-05-04,4.5,1014.4,87,10,10.7,1.2,.7,.9,1.9,5.5,7.1
22108,2025-05-05,2.4,1011.5,84,10.1,10.9,.6,.4,.5,.8,4.6,5.9
22108,2025-05-06,4.2,1008.6,82,9.7,10.8,.6,.4,.5,.9,3.6,5.6
22108,2025-05-07,2.2,1014.9,89,10.1,11.9,.5,.3,.5,.9,4.6,6.3
22108,2025-05-08,2.2,1017.1,86,11.1,12.6,.3,,.2,.5,5.4,8.3
22108,2025-05-09,7.2,1003.1,95,10.9,11.5,1.3,,1.5,2.3,4.4,6.7
22108,2025-05-10,7.5,1003.8,93,9.9,10.5,2.8,1.8,2.1,4.1,6.9,8.3
22108,2025-05-11,2.9,1007.1,92,10.2,11.3,1.6,1.1,1.7,2.3,6.2,7.7
22108,2025-05-12,6.3,1010.2,95,10.8,11.4,1.1,.7,1,1.7,4.3,5.3
22108,2025-05-13,7,1014.4,91,11.7,11.4,1.5,.9,1.1,1.8,4.9,5.6
22108,2025-05-14,5.3,1015.3,88,12.1,11.8,1.5,.9,1.1,1.8,5.9,7.1
22108,2025-05-15,3.1,1015,98,11.5,12.4,1.3,.8,1.2,1.8,5.9,6.7
22108,2025-05-16,4.7,1010.9,99,12.5,12.5,.8,.5,.7,1.1,4.9,5.9
22108,2025-05-17,4.7,1007.6,96,11.4,12.7,.8,.5,.8,1.4,4.9,7.7
22108,2025-05-18,3.5,1012.4,82,10.9,13.2,1.6,1,1.5,2.5,5.8,6.7
22108,2025-05-19,6.5,1005.8,91,11.9,13,1.5,.9,2.1,3.4,5,6.7
22108,2025-05-20,6.4,1007.7,99,12.9,13,2.1,1.4,2,3.3,6.4,7.1
22108,2025-05-21,2.8,1007.2,99,13.3,14.1,.9,.6,.7,1.1,5.2,5.9
22108,2025-05-22,3,1008.1,96,12.5,14.2,.7,.5,.6,1,5.3,6.7
22108,2025-05-23,2.7,1010.9,95,12.5,14.4,.8,.5,.8,1.2,6.1,6.7
22108,2025-05-24,5.3,1009.7,88,12,14.2,.8,.5,.7,1.3,4.2,6.3
22108,2025-05-25,3,1015.5,90,12.5,14.9,.7,.4,.6,1,4.4,7.7
22108,2025-05-26,3,1017.3,94,13.1,15.3,.6,.4,.4,.6,3.9,8.3
22108,2025-05-27,3.1,1018.5,94,13.6,15.9,.5,.3,.4,.7,3.6,4.2
22108,2025-05-28,1.9,1018.4,95,13.8,16.5,.4,.3,.3,.8,4.1,7.7
22108,2025-05-29,2.7,1015.6,85,14.4,16.4,.3,.2,.3,.4,4,5
22108,2025-05-30,2.5,1013.6,90,14.2,16.7,.3,.2,.2,.4,4.3,6.3
22108,2025-05-31,1.3,1012.2,98,13.7,17,.3,.2,.2,.4,5.5,6.7
22108,2025-06-01,1.5,1010.4,90,13.8,17.8,.3,,.1,.4,4.8,9.1
22108,2025-06-02,2,1004.7,83,14.6,17.5,.4,.3,.4,.7,5.6,8.3
22108,2025-06-03,4.4,1002.3,88,15.1,17.5,1.1,.7,1,1.8,6.3,8.3
22108,2025-06-04,4.4,1006.7,86,15.4,17.6,1.1,.7,.8,1.5,4.9,5.9
22108,2025-06-05,3.8,1011.2,85,16,18.3,.7,.5,.6,1.1,4.5,10
22108,2025-06-06,6.8,1008.5,82,16.7,18.2,1.5,1,1.2,2,4.8,5.6
22108,2025-06-07,5.1,1008.3,88,16.6,18.4,1.2,.8,1,1.7,5.2,5.9
22108,2025-06-08,2.3,1008.4,99,16.4,19.2,.7,.4,.6,1,4.9,5.6
22108,2025-06-09,2.2,1007.9,99,16.6,19.8,.4,.2,.3,.5,5.1,6.7
22108,2025-06-10,4,1008.8,93,16.6,19.8,.6,.4,.5,.9,3.8,6.3
22108,2025-06-11,2.4,1013.2,85,17.4,20.3,.8,.5,.7,1.1,4.6,5.3
22108,2025-06-12,1.4,1015,85,17.9,20.9,.4,.2,.4,.5,3.8,5.6
22108,2025-06-13,4.3,1012.3,94,17.4,20.4,.5,.3,.8,1.2,3,4
22108,2025-06-14,5.3,1002.5,94,17.6,20.4,.8,.5,.8,1.2,3.5,8.3
22108,2025-06-15,5.7,999.4,97,18,20.6,1.4,.9,1.3,2,7.1,10
22108,2025-06-16,6.8,998.8,96,18.7,20.5,1.7,1.1,1.5,2.5,6.6,10
22108,2025-06-17,4.5,1005.1,97,18,20.6,1.7,1.2,1.6,2.3,6.4,7.7
22108,2025-06-18,3.1,1011.6,94,17.9,21.3,.9,.6,.8,1.2,6.8,8.3
22108,2025-06-19,6.1,1011.5,94,19.8,21.6,1.3,.8,1.4,2.5,5.3,6.7
22108,2025-06-20,9.9,1004.8,96,19.6,21,3.2,2,3,5,6.7,8.3
22108,2025-06-21,3,1005,97,18,20.6,1.8,1.2,1.9,3.5,7.2,8.3
22108,2025-06-22,4,1007.8,93,18,21.1,.8,.6,.7,1,7,7.7
22108,2025-06-23,2.6,1008.1,89,18.4,22,.5,.4,.4,.7,5.9,6.7
22108,2025-06-24,3.6,1006.9,91,18.7,21.3,.4,.3,.4,.8,4.5,6.7
22108,2025-06-25,4,1006.9,94,18.4,21,.8,.5,.9,1.3,3.9,5
22108,2025-06-26,2.5,1009.7,94,18.9,21.7,.6,.4,.5,.7,4.1,5.6
22108,2025-06-27,3.5,1008.6,95,19.7,22.2,.4,.3,.4,.7,3.6,5
22108,2025-06-28,3.7,1007.6,99,20.2,22.5,.6,.4,.5,.9,3.6,4.3
22108,2025-06-29,5.9,1008.1,98,20.9,22.8,.9,.6,.9,1.6,3.9,5.3
22108,2025-06-30,5.9,1010.7,96,21.6,23.2,1.1,.7,.8,1.5,5,5.6
22108,2025-07-01,6,1012.5,98,21.7,23.6,1.2,.8,.9,1.5,5,5.6
22108,2025-07-02,5.3,1012.6,98,21.9,24,1.2,.8,.9,1.5,5,5.6
22108,2025-07-03,5.4,1010.5,98,22.3,24.4,1,.7,.8,1.2,4.7,5.3
22108,2025-07-04,7.5,1007.3,95,22.8,24.4,1.8,1.1,1.3,2.2,5.3,5.9
22108,2025-07-05,5.8,1006.1,96,23,24.6,1.4,.9,1.2,2,5.5,5.9
22108,2025-07-06,5.1,1005.4,96,23.3,25.2,1.2,.8,.9,1.5,5.8,6.3
22108,2025-07-07,3.1,1006.5,95,23.6,26,.9,.6,.8,1.3,5.6,6.3
22108,2025-07-08,3.1,1008,93,24.3,26.9,.6,.4,.6,1,7,11.1
22108,2025-07-09,2.6,1008.9,87,25.4,27.8,1,.6,.7,1.4,8.8,10.5
22108,2025-07-10,4,1010,78,25.4,27.2,.9,.6,.8,1.4,7.9,10
22108,2025-07-11,4.6,1010.9,73,25.3,27.3,.7,.5,.7,1.4,5.6,7.7
22108,2025-07-12,2.7,1009.1,70,24.9,27.4,.6,.4,.5,.8,7,7.7
22108,2025-07-13,2.1,1002.8,74,23.8,26.9,.5,.3,.4,.8,7,8.3
22108,2025-07-14,6.5,995.9,85,23,26.1,1.3,,1.3,2.2,5.4,7.7
22108,2025-07-15,4.3,997.1,87,22.5,25.4,1,.7,1.1,1.7,5.7,7.1
22108,2025-07-16,8.8,1000.4,92,23.2,25.6,2.3,1.4,2.4,4.1,5.2,7.7
22108,2025-07-17,5.1,1002.8,95,23.5,25.4,2.5,1.6,2.4,4,7.1,7.7
22108,2025-07-18,6.5,1005.6,92,22.7,24.8,2,1.3,1.8,3.3,6.2,7.7
22108,2025-07-19,7.5,1008,95,23.2,24.2,1.9,1.2,1.5,2.5,5.8,7.7
22108,2025-07-20,4,1012.1,94,23.6,24,1.4,.9,1.1,2,6.2,10
22108,2025-07-21,4,1013.9,95,24.5,25.1,1.3,.9,1,1.7,9.5,11.8
22108,2025-07-22,2.7,1014.7,93,25.2,26.5,1.3,.8,.9,1.8,8.5,10
22108,2025-07-23,2.4,1013.5,88,25.3,27.4,1,.6,.9,1.3,7.4,9.1
22108,2025-07-24,3.7,1011.3,84,25,27.2,.6,.4,.5,.9,6.9,7.7
22108,2025-07-25,3.3,1009,85,25.3,27.5,.5,,.4,.5,7.2,10
22108,2025-07-26,3.4,1007.4,86,25.8,27.8,.7,.4,.5,1,8.8,10.5
22108,2025-07-27,2.8,1005.7,85,26.5,28.2,.6,.4,.5,.8,8.7,13.3
22108,2025-07-28,2.1,1004,84,26.6,29,.7,.5,.6,1,9.6,11.8
22108,2025-07-29,2.1,1001.3,85,26.6,29,.7,.4,.5,.9,8.8,10
22108,2025-07-30,2.8,1001,83,26.7,29.2,.7,.5,.6,1.1,8.6,10
22108,2025-07-31,3.3,1003.1,75,27,29.2,1.4,.8,1.1,1.8,9.3,10.5
22108,2025-08-01,3,1003.5,81,26.6,29.4,1,.7,.9,1.5,7.7,9.1
22108,2025-08-02,1.6,1003.2,77,27.6,30,.7,.5,.5,.9,8.9,10.5
22108,2025-08-03,6.7,999.8,89,25.9,29.3,1.4,.9,2.3,3.8,6.9,9.1
22108,2025-08-04,4.9,1001.5,86,25.3,28.2,1.4,.9,1.5,2.6,7,7.7
22108,2025-08-05,4,1004.9,84,26.7,29.1,1,.6,.7,1.5,7.4,8.3
22108,2025-08-06,5.8,1002.6,88,26.9,29,2,1.2,1.5,2.7,6.3,7.7
22108,2025-08-07,6,1003.9,76,26,29,1.6,1.1,1.3,2,7.1,9.1
22108,2025-08-08,3,1005.2,76,25.9,29.1,1.2,.8,1.2,2.3,7.5,9.1
22108,2025-08-09,4.4,1003.4,75,25.6,28.8,.8,.5,.5,1,6.7,7.7
22108,2025-08-10,5.9,1002.7,74,25.1,28.7,.9,.6,.8,1.2,5.1,9.1
22108,2025-08-11,2.8,1005.2,81,25.2,28.4,1.1,.7,1,1.5,7.3,9.1
22108,2025-08-12,4.3,1009.8,80,24.9,28,.8,.5,.6,1.1,7.2,8.3
22108,2025-08-13,9.4,1011.8,90,25.9,28,2.6,1.7,2.3,4.5,6.3,7.7
22108,2025-08-14,4.3,1015.3,88,25.3,28.1,1.9,1.2,1.9,3,6.4,7.7
22108,2025-08-15,2.9,1015.6,87,26.7,28.8,1.1,.7,.9,1.5,8.8,11.8
22108,2025-08-16,4.4,1014,82,26.9,29,.9,.6,.7,1.2,6.3,9.1
22108,2025-08-17,4.8,1014.8,82,27.2,29.1,1.1,.8,.8,1.7,5.2,5.6
22108,2025-08-18,6.1,1014.3,85,27.3,29.2,1.1,.8,.9,1.6,5.1,5.6
22108,2025-08-19,6.3,1011.8,84,27.4,29.3,1.3,.9,.9,1.7,4.9,5.6
22108,2025-08-20,6.1,1010,83,27.4,29.4,1.4,.9,1.1,1.8,5.3,5.9
22108,2025-08-21,3.2,1010.7,83,27.8,29.7,.9,.6,.7,1.2,5.2,5.9
22108,2025-08-22,3.5,1009.8,81,28,29.9,.7,.4,.6,1,5.1,7.1
22108,2025-08-23,3.9,1010.8,84,28.2,30,.7,.5,.6,.8,5.3,6.7
22108,2025-08-24,5.5,1011.6,86,28.4,30,.9,.6,.9,1.4,5.6,6.7
22108,2025-08-25,7.9,1009.8,87,28.5,30.1,1.6,1,1.4,2.4,5.1,6.7
22108,2025-08-26,6.1,1009.4,83,27.3,29.9,1.8,1.2,1.6,2.6,6.1,7.1
22108,2025-08-27,2.2,1011.9,73,26.8,29.9,1.1,.7,1,1.6,5.4,6.3
22108,2025-08-28,6.4,1012.2,82,28.1,29.7,1,.7,1.2,1.9,4.4,5.3
22108,2025-08-29,6.8,1013.9,84,29.1,29.6,1.7,1.2,1.5,3,6.1,6.7
22108,2025-08-30,4.1,1014.2,83,28.6,29.7,1,.6,.9,1.6,5.1,5.9
22108,2025-08-31,6.9,1009.6,83,28.2,29.6,1.3,.9,1.4,2.4,4.7,5.3
22108,2025-09-01,6.7,1006.3,81,27.7,29.6,2.2,1.4,1.8,2.9,5.9,6.3
22108,2025-09-02,3,1010.3,73,26.6,29.5,1.1,.7,1.2,2.2,4.8,5.9
22108,2025-09-03,2.1,1011.1,69,27,29.5,.4,.3,.4,.6,4.8,8.3
22108,2025-09-04,4.1,1009.5,82,27,29.4,.8,.5,.9,1.3,4.3,5.6
22108,2025-09-05,3.4,1010.1,83,28,29.6,.6,.4,.6,.9,3.8,4.5
22108,2025-09-06,8.1,1008.1,84,28.6,29.6,1.9,1.2,1.6,3.3,5.2,6.3
22108,2025-09-07,4.1,1009,74,26.3,29.6,1.4,.9,1.2,1.8,5.7,6.7
22108,2025-09-08,2.2,1011.4,66,25.7,29.4,.5,.4,.5,.8,5.3,5.9
22108,2025-09-09,4.9,1012.8,62,24.8,29.1,.5,.4,.4,.8,3.3,5
22108,2025-09-10,6.5,1013.2,70,25.6,28.8,.8,.6,.8,1.3,3.5,4.3
22108,2025-09-11,5.1,1015,70,26.6,28.5,.7,.5,.7,1.1,3.9,5.3
22108,2025-09-12,7.3,1011.5,82,24.8,28.3,1,.6,1,1.6,3.8,4.8
22108,2025-09-13,5.7,1007,83,24.6,27.6,2.1,1.4,2.1,3.1,6.2,7.1
22108,2025-09-14,1.6,1012.2,78,25.4,27.2,.9,.6,.9,1.5,6.5,7.7
22108,2025-09-15,3.1,1015.3,81,25.5,27.2,.5,.3,.4,.7,5.6,6.3
22108,2025-09-16,5.2,1012.2,90,26.6,27.4,1,.6,.9,1.5,3.9,5
22108,2025-09-17,6.2,1011,85,24.1,27.4,1.7,1.1,1.8,2.9,5.4,7.1
22108,2025-09-18,4.3,1015.7,71,23.2,27.4,1.9,1.2,1.6,2.8,6.7,7.7
22108,2025-09-19,5.8,1014.3,81,22.9,27.7,1.2,.8,1.2,1.9,4.5,6.7
22108,2025-09-20,7.6,1010.2,79,22.7,27.3,2.4,1.5,2.2,3.8,6.4,7.7
22108,2025-09-21,7.3,1017,75,23.1,27.1,1.7,1.1,1.5,2.3,5.9,7.7
22108,2025-09-22,5.7,1019.4,68,23.3,26.9,.9,.6,.9,1.5,4.1,11.8
22108,2025-09-23,4.5,1017.7,67,23.6,26.3,.8,.5,.6,.9,8.5,15.4
22108,2025-09-24,,,,,,,,1.5,2.3,,15.4
22108,2025-10-31,4.6,1017.4,72,16.6,17.9,.7,.4,.9,1.7,,5.6
22108,2025-11-01,8.7,1015.1,65,15.8,17.7,2.5,1.6,1.9,3.2,6.1,6.7
22108,2025-11-02,10.4,1021.6,60,12.3,17.4,3.8,2.4,3.2,5.1,7.4,9.1
22108,2025-11-03,2.8,1028.9,57,9.3,17.2,2,1.3,2.7,4,6.9,8.3
22108,2025-11-04,2.5,1026.9,61,12.8,17.3,.5,.3,.4,.7,6.4,22.2
22108,2025-11-05,4.6,1024.4,65,15,17.3,.6,.4,.6,.9,4.1,25
22108,2025-11-06,6.2,1024.5,79,15.8,17.1,.8,.6,.9,1.4,3.7,4.3
22108,2025-11-07,3.5,1024.3,77,15.7,17,.7,.4,.6,1.1,3.7,4.2
22108,2025-11-08,4.7,1022,78,16.2,16.8,.6,.4,.7,1.2,4.7,25
22108,2025-11-09,7,1018.6,73,15.4,16.7,1.4,.8,1.6,2.9,4.6,6.7
22108,2025-11-10,8.5,1021.6,55,11.7,16.2,2.8,1.7,2.2,4.1,6.9,7.1
22108,2025-11-11,3.4,1023.6,65,12.5,15.9,1,.7,1.1,1.8,9.2,16.7
22108,2025-11-12,1.9,1023.6,70,13.9,16.1,.5,.3,.4,.6,12.4,15.4
22108,2025-11-13,6.5,1020.4,70,14.5,16.1,1.2,.7,1.5,2.5,6.1,12.5
22108,2025-11-14,6.1,1022.5,58,13.1,16.1,1.6,1,1.6,2.9,5.4,6.3
22108,2025-11-15,2.1,1026.9,53,13.7,16.2,.6,.4,.7,1.3,4.6,5.6
22108,2025-11-16,5.8,1026.1,75,14.8,16.2,.9,.6,1.4,3.4,4.3,7.1
22108,2025-11-17,,1030.2,62,8.2,15.6,3.9,2.5,3,5.5,7.6,8.3
22108,2025-11-18,,1027.4,65,7.5,15.2,2.8,1.8,2.6,4.6,7.1,7.7
22108,2025-11-19,,1026.4,62,8.7,14.9,1.9,1.3,1.7,3.8,6.4,7.1
22108,2025-11-20,,1025.1,64,12.2,14.7,1.9,1.2,1.7,2.5,5.7,7.1
22108,2025-11-21,,1026.5,57,10.9,14.5,1.7,1.1,1.7,2.9,5.9,6.7
22108,2025-11-22,,1025.7,55,13.5,14.4,1.2,.8,1,1.8,5.7,6.7
22108,2025-11-23,6.7,1021.4,73,14.3,14.3,1.6,1,1.4,2.2,5.1,6.3
22108,2025-11-24,4.2,1017.2,85,14.4,14.4,1.5,1,1.4,2.1,6.1,6.7
22108,2025-11-25,10,1018.1,70,10.2,14,4,2.5,3.7,6,7.5,9.1
22108,2025-11-26,3.1,1024.6,58,9.9,13.9,1.8,1.1,2.2,3.9,6.6,8.3
22108,2025-11-27,3.9,1017.1,66,10.1,13.7,4.2,2.6,4,6.9,7.1,10
22108,2025-11-28,,1021.9,60,7.3,13.5,2.7,1.7,3.5,5.6,7.2,9.1
22108,2025-11-29,,1016.2,84,12,13.3,2.3,1.4,2.4,4.2,5.8,7.7
22108,2025-11-30,,1015.7,94,13.5,13.4,1.8,1.2,1.6,2.4,6.7,7.7
22108,2025-12-01,,1021.6,61,8.7,13.4,2.5,1.6,2,3.9,6.5,8.3
22108,2025-12-02,,1024.7,67,4.9,13.2,2.8,1.7,2.3,4.2,6.1,7.7
22108,2025-12-03,,1026.5,75,1.4,12.9,3.2,2,2.8,4.8,7,8.3
22108,2025-12-04,,1026.3,77,3.9,12.6,2.4,1.5,2.7,4.9,6.8,8.3
22108,2025-12-05,,1028.1,63,4.5,12.5,2.5,1.6,2.8,5.3,7.2,8.3
22108,2025-12-06,,1020.4,73,10.1,12.4,2.3,1.5,2.3,3.8,5.8,8.3
22108,2025-12-07,,1021,80,12,12.5,2.2,1.4,2.2,3.4,6.6,7.7
22108,2025-12-08,,1028.3,54,7.5,12.4,2.5,1.6,2.2,3.8,6.7,7.7
22108,2025-12-09,,1028.2,56,8.1,12.4,.9,.6,1,1.5,4.9,5.9
22108,2025-12-10,,1024,69,10.7,12.3,1,.6,.9,1.7,3.6,4.5
22108,2025-12-11,,1022.8,78,8.1,12.3,3.3,2.1,3.1,5,6.6,9.1
22108,2025-12-12,,1030,67,5.4,12.1,2.3,1.5,2.3,3.8,7.6,10
22108,2025-12-13,,1022.8,78,6.8,12,1.1,.7,1.1,2,5.1,6.7
22108,2025-12-14,,1021.6,71,5.6,11.8,3.3,2.1,3.1,5.4,7.2,8.3
22108,2025-12-15,,1024.5,62,8,11.6,1.7,1.1,1.7,2.7,6,7.1
22108,2025-12-16,,1021.9,76,10.7,11.5,1.8,1.1,1.3,2.5,6,6.7
22108,2025-12-17,,1025.1,67,7.6,11.4,2.2,1.4,1.9,3.2,5.7,7.1
22108,2025-12-18,,1026.6,66,7.1,11.4,1.2,.7,1.7,2.2,5.7,7.1
22108,2025-12-19,5.3,1020.6,83,10.7,11.3,1.1,.7,.9,1.5,4.5,6.7
22108,2025-12-20,8.2,1020.5,83,9.8,11.4,2,1.3,2.8,4,6,7.7
22108,2025-12-21,9.3,1030.2,61,3.4,11.2,3.2,2.1,2.9,4.8,7.4,8.3
22108,2025-12-22,4.5,1030.6,57,4.1,11,1.1,.7,1.2,2.2,5.1,6.7
22108,2025-12-23,6.5,1021.3,83,8.7,10.9,1.1,.7,1.3,2,4.1,5.9
22108,2025-12-24,9.1,1019.6,71,5.9,10.8,2.4,1.5,2,3.7,5.9,7.1
22108,2025-12-25,12.9,1023,70,1.8,10.6,4.7,2.9,4,7.4,7.8,9.1
22108,2025-12-26,8.9,1028.3,70,-1.1,10.4,3.5,2.2,3.7,5.9,8.1,9.1
22108,2025-12-27,4.3,1025.4,71,5.1,10.3,1.4,.9,1.2,2.1,5.2,6.3
22108,2025-12-28,5.1,1021.3,74,8.2,10.2,1.5,.9,1.4,2.3,5,5.9
22108,2025-12-29,6.6,1019.4,75,8.6,10.2,2.1,1.3,1.4,3.1,5.7,6.7
22108,2025-12-30,6.1,1025.9,53,3.8,10.1,1.6,1.1,1.7,2.8,5.4,6.3
22108,2025-12-31,10.2,1029.2,66,-.1,10,2.8,1.8,2.4,3.8,6.2,7.7
22108,2026-01-01,9,1027.5,69,-1.7,9.6,2.6,1.7,2.2,4.3,6.3,7.7
22108,2026-01-02,12,1026.4,76,.2,9.3,4.7,2.9,3.4,5.6,8,9.1
22108,2026-01-03,5.9,1027.4,67,4.1,9.1,2.3,1.5,2.8,4.7,6.6,8.3
22108,2026-01-04,4.7,1025.1,64,5.8,9,1.3,.8,1.1,1.7,5.5,6.7
22108,2026-01-05,8.7,1024.3,64,3.3,9,2.3,1.4,2.2,4,5.6,7.7
22108,2026-01-06,4.1,1023.7,66,4.8,8.9,1.5,1,1.8,2.8,5.9,7.1
22108,2026-01-07,9.7,1022.9,64,4.2,8.9,3.1,2,2.3,4.1,6.6,7.1
22108,2026-01-08,7.4,1028.3,61,1,8.8,2.8,1.8,2.7,4.4,6.8,7.7
22108,2026-01-09,8.3,1019.8,64,6.8,8.7,2.3,1.4,3.2,6,5.6,7.7
22108,2026-01-10,13.2,1015.2,69,4.9,8.8,6.2,4,5.7,8.8,9.2,10
22108,2026-01-11,8.7,1025.3,65,-.9,8.6,4,2.5,4,6.3,8.1,10
22108,2026-01-12,7.6,1017.9,66,4.9,8.4,2.6,1.7,2.5,4.5,6.6,7.7
22108,2026-01-13,7.8,1019.9,66,2.4,8.5,3.1,2,2.9,4.5,7.3,8.3
22108,2026-01-14,6.1,1021.2,65,3.7,8.3,1.3,.8,1.2,2.1,5.1,6.7
22108,2026-01-15,5.5,1015.9,89,7.9,8.3,1.9,1.2,1.4,2.2,6.3,7.7
22108,2026-01-16,2.8,1019.2,88,6.1,8.3,1,.6,1,1.8,5.7,6.7
22108,2026-01-17,8.3,1022.5,71,2.1,8.2,2.5,1.7,2.3,3.6,6.9,8.3
22108,2026-01-18,6.9,1021.8,70,3.9,8.1,1.6,1,1.3,2.3,5.3,6.7
22108,2026-01-19,12.3,1026.3,80,-.7,7.9,4.2,2.7,4,6.1,7.4,9.1
22108,2026-01-20,10.5,1029.2,72,-2.8,7.5,3.5,2.3,3.3,5,7.6,9.1
22108,2026-01-21,11.3,1029.2,77,-2.8,7,3.9,2.6,3,4.9,7.6,8.3
22108,2026-01-22,7.6,1029.5,68,-2.3,6.8,3.1,2,2.7,4.7,7.4,7.7
22108,2026-01-23,6.1,1026.3,79,1.1,6.8,2,1.2,1.9,3.1,6.2,6.7
22108,2026-01-24,5.8,1027.3,68,.3,6.7,2.6,1.6,2.5,4,6.5,7.1
22108,2026-01-25,7.6,1031.3,65,-.8,6.6,2.1,1.3,1.5,2.5,5.7,6.3
22108,2026-01-26,3.4,1027.4,72,.2,6.6,.9,.6,1.2,1.7,5.2,6.3
22108,2026-01-27,9.3,1027.9,68,.1,6.5,2.6,1.7,2.1,3.4,6.2,7.1
22108,2026-01-28,7.3,1031,60,-1.1,6.4,2,1.3,2.1,3.1,5.6,7.1
22108,2026-01-29,6.6,1031.7,71,.1,6.1,1.4,.9,2.1,3.3,4.5,7.1
22108,2026-01-30,8.2,1032.1,66,-1.3,6,2.7,1.8,2.1,3.6,6.9,7.7
22108,2026-01-31,4,1029.5,67,0,6,1.2,.8,1.3,2.1,5.4,6.7
22108,2026-02-01,5.3,1027.2,68,2.1,6,1.6,1,1.4,2.1,5.5,6.3
22108,2026-02-02,8.1,1028.6,69,1.3,6,2.5,1.6,1.9,3.2,6.1,7.1
22108,2026-02-03,4.4,1029.5,68,3.5,5.9,1.5,.9,1.5,2.6,5.8,6.7
22108,2026-02-04,4.6,1022.3,83,5.8,6,1.2,.8,1,1.8,4.8,5.6
22108,2026-02-05,5.9,1020,86,5,6.1,1.5,1,2.7,4.4,5.2,7.1
22108,2026-02-06,10.8,1026.3,69,-3.3,5.9,4.3,2.7,3.5,6.7,8.3,10
22108,2026-02-07,11.1,1026.8,76,-3.7,5.8,3.8,2.4,3.2,5,7.4,8.3
22108,2026-02-08,11.6,1030.4,69,-2.3,5.6,4.5,2.9,4.1,7.3,8,9.1
22108,2026-02-09,4.4,1028.5,77,1.5,5.4,1.5,1,1.7,2.8,6.1,7.1
22108,2026-02-10,5.4,1021.2,85,4.3,5.3,1.3,.9,1.1,1.8,5,6.3
22108,2026-02-11,4.7,1022.9,82,4.5,5.3,1.3,.8,1,1.9,5.3,6.3
22108,2026-02-12,3.6,1022.9,82,5.5,5.5,1,.7,.9,1.5,4.8,5.6
22108,2026-02-13,4.7,1019.7,95,5.9,5.5,1.1,.7,.9,1.7,5,5.6
22108,2026-02-14,2.9,1017,93,6.1,5.6,.8,.5,.6,.9,4.7,5.6
22108,2026-02-15,7.3,1022,83,4.3,5.5,1.8,1.1,2.7,4.5,5.8,7.7
22108,2026-02-16,9.1,1025.9,66,1.8,5.5,3.2,2.1,2.7,4.2,7.6,8.3
22108,2026-02-17,5,1024.3,64,3.5,5.5,1.5,1,1.6,2.7,5.8,7.1
22108,2026-02-18,8.3,1023.7,66,4.1,5.4,2.3,1.5,2,3.1,5.9,7.1
22108,2026-02-19,3.7,1024.6,72,3.9,5.4,1.1,.7,1.3,2.1,5.3,6.3
22108,2026-02-20,6.9,1017.4,92,6.3,5.4,1.5,.9,1.1,2.1,4.6,6.3
22108,2026-02-21,9.8,1010.8,91,7.8,5.5,2.7,1.7,2.1,3.6,6,7.7
22108,2026-02-22,9,1013,78,6.3,5.6,3.3,2.1,2.7,4.3,7.3,8.3
22108,2026-02-23,4.9,1026.3,54,3.2,5.6,2,1.3,2.1,3.3,6.8,8.3
22108,2026-02-24,7.4,1024.3,77,3.2,5.5,1.2,.8,1.2,1.9,4.3,5.6
22108,2026-02-25,5.3,1022.7,77,5.1,5.9,1,.7,1,1.6,4.1,8.3
22108,2026-02-26,2.7,1019.8,85,5.9,6.3,.4,.3,.3,.6,6.7,8.3
22108,2026-02-27,4.5,1016.3,86,6.3,6.3,.6,.4,.7,1.2,3,3.7
22108,2026-02-28,3.3,1021.9,88,6,6.4,.8,.5,.6,1.2,4.4,5
22108,2026-03-01,3.5,1023,85,6.6,6.5,.5,.4,.5,.7,4.5,6.3
22108,2026-03-02,7.4,1018,92,5.9,6.4,1.2,.8,1.3,2,3.8,5.3
22108,2026-03-03,8.7,1022.8,86,5,6.4,1.8,1.1,1.3,2.2,4.9,5.9
22108,2026-03-04,5.7,1026,84,5.2,6.5,1.1,.7,.9,1.7,4.6,5
22108,2026-03-05,3.7,1023.3,83,4.7,6.6,.7,.5,.6,.9,4.3,6.3
22108,2026-03-06,6.7,1024,77,3.4,6.5,2,1.3,2.8,4.7,5.2,9.1
22108,2026-03-07,8.7,1029,62,2.1,6.4,3.1,2,2.4,4.1,7.6,8.3
22108,2026-03-08,3.6,1029.4,60,2.7,6.5,1.1,.7,1.4,2.2,5,5.9
22108,2026-03-09,8.5,1028.8,72,4.7,6.3,2.3,1.4,2.6,4.5,5.3,8.3
22108,2026-03-10,2.8,1027.6,60,4.9,6.6,1.4,.9,1.8,2.8,6.3,7.7
22108,2026-03-11,2.4,1026.8,74,5.1,6.9,.6,.4,.5,.9,4.5,5.3
22108,2026-03-12,5.7,1027.7,85,5.4,6.6,.8,.6,.8,1.3,3.8,5.3
22108,2026-03-13,4.6,1029.9,74,6.1,6.8,.8,.5,.8,1.3,4.1,5.6
22108,2026-03-14,1.7,1029.5,81,6.4,7,.3,,.2,.4,4.8,7.1
22108,2026-03-15,3.8,1027.1,86,5.9,6.8,.5,,.7,1,5,8.3
22108,2026-03-16,3.6,1024.4,77,5.2,6.8,1,.6,.9,1.7,4.8,5
22108,2026-03-17,2.3,1022.1,81,6.2,7.2,.4,.3,.4,.6,3.9,4.8
22108,2026-03-18,6.4,1016.1,87,5.4,6.5,1.1,.7,1.6,2.9,4.3,8.3
22108,2026-03-19,6,1020.2,69,5.6,6.2,2.1,1.3,2,3.5,6.3,7.7
22108,2026-03-20,3.2,1022.2,90,6.4,6.5,1,.7,.9,1.3,5,5.6
22108,2026-03-21,1.5,1024.5,91,4.3,6.8,.6,.4,.6,.9,4.4,5.3
22108,2026-03-22,2.2,1020.3,90,6.6,6.9,.3,.2,.2,.4,3.7,5.9
22108,2026-03-23,3.7,1020.8,89,6.7,6.7,.4,.3,.5,.7,3.6,5.9
22108,2026-03-24,1.8,1018.3,91,7.5,7.4,.5,.3,.4,.7,4.3,7.7
22108,2026-03-25,2.3,1016,92,8.4,8.1,.3,,.4,.6,5,6.7
22108,2026-03-26,3.1,1016.7,99,6.1,7.6,.5,.3,.5,.7,3.5,7.7
22108,2026-03-27,4.5,1015.1,97,7.1,7.7,.6,.4,.6,.8,3.3,4.2
22108,2026-03-28,2.3,1017.1,99,5,7.7,.6,.4,.6,.9,3.9,4.3
22108,2026-03-29,2.4,1016.5,94,7.2,8,.3,.2,.3,.4,3.1,4.2
22108,2026-03-30,3.7,1012.9,91,8.7,7.9,.3,.2,.6,.8,4.9,8.3
22108,2026-03-31,4.8,1011.5,94,8.4,7.8,1,.6,1,1.4,4.3,7.7
22108,2026-04-01,2.6,1014.6,92,8.4,8,.6,.4,.5,.7,4.2,7.7
22108,2026-04-02,3.3,1016.9,98,8.2,8.1,.5,.3,.5,.8,3.7,6.7
22108,2026-04-03,5.4,1013.1,95,8.8,8.1,.9,.6,.7,1.2,4.1,5
22108,2026-04-04,6.7,1004,93,8.1,7.7,1.5,1,1.8,3.2,4.4,7.1
22108,2026-04-05,5.2,1009.5,88,8,7.7,1.6,1,1.5,2.1,5.5,7.1
22108,2026-04-06,5.9,1011.9,82,8.3,7.7,1.2,.8,1.1,1.7,4.9,7.7
22108,2026-04-07,6.6,1018.8,65,7.4,7.7,1.3,.9,1.1,1.6,4.6,5.3
22108,2026-04-08,2.3,1019.5,71,7.7,8.3,.8,.5,.9,1.5,5.3,7.7
22108,2026-04-09,7.1,1003.6,95,9.5,8.3,1.4,.9,1.8,2.7,4.3,6.7
22108,2026-04-10,5,1005.3,96,8.8,8.2,1.9,1.2,1.6,2.4,6.6,8.3
22108,2026-04-11,3.7,1013.8,99,7.5,8.5,1.3,.8,1,1.7,6.2,9.1
22108,2026-04-12,2,1016.3,98,7.1,8.8,.6,.4,.5,.8,7.1,8.3
22108,2026-04-13,2.8,1015.8,86,9.9,9.2,.4,.2,.3,.5,5.3,7.1
22108,2026-04-14,1.2,1012.8,88,11.5,10,.4,,.3,.5,6.5,7.1
22108,2026-04-15,2.3,1013.6,92,11.2,10.3,.4,.3,.3,.5,5.8,7.7
22108,2026-04-16,2.5,1017.1,91,11.5,10.5,.4,.2,.3,.5,4.1,6.7
22108,2026-04-17,2,1015.9,89,11.6,10.8,.4,.3,.4,.6,5.5,7.1
22108,2026-04-18,4.1,1015.5,92,11,10.1,.4,.3,.4,.6,4.1,9.1
22108,2026-04-19,2.1,1013.5,95,11.4,10.9,.4,.3,.3,.5,6,8.3
22108,2026-04-20,6.3,1014.6,82,10.3,9.6,1.8,1.1,2.3,4.3,6.8,8.3
22108,2026-04-21,3.2,1019.3,88,9.4,9,1.4,.9,1.7,3.1,6.1,7.7
22108,2026-04-22,3.4,1014.9,78,10.5,9.4,.7,.4,.7,1.1,4.2,5.3
22108,2026-04-23,5.6,1011.2,81,10.4,9.4,.8,.5,.6,1.1,3.5,4.5
22108,2026-04-24,1.8,1016.5,83,11.7,10.7,.5,.3,.6,.7,5.2,7.7
22108,2026-04-25,2.2,1018.9,92,11.4,11,.3,,.3,.4,6.8,9.1
22108,2026-04-26,1.9,1014.3,89,11.9,11.7,.3,,,.4,5.8,8.3
22108,2026-04-27,2.9,1012.6,91,12.3,11.7,.3,,.4,.7,5.2,8.3
22108,2026-04-28,6.3,1016.5,84,10.7,10.4,1.6,1,1.3,2.2,5.3,6.3
22108,2026-04-29,3.5,1019.6,92,10.7,10.7,1,.7,.9,1.6,5.3,5.9
22108,2026-04-30,3.3,1015.6,91,11.5,11.1,.5,.3,.5,.8,4.1,5
22108,2026-05-01,4.3,1011.8,96,11.6,11.3,.6,.4,.5,.9,3.6,5
22108,2026-05-02,4.4,1011.5,92,12.7,11.5,.9,.6,.7,1,4.8,5.6
22108,2026-05-03,6.3,1004.7,95,11.1,11.3,1.1,.7,2,3.6,4.3,5.9
22108,2026-05-04,5.9,1015.1,91,11.2,10.4,2.4,1.5,2.2,3.3,6.6,7.1
22108,2026-05-05,4.5,1018,94,10.8,10.9,.9,.6,.9,1.5,4.9,6.3
22108,2026-05-06,5.5,1015.8,94,12.4,11.2,1.5,.9,1,1.8,5.6,6.3
22108,2026-05-07,5.4,1012.9,95,12.4,11.5,1.3,.8,1,2,5.3,6.7
22108,2026-05-08,5.7,1017.1,87,12.2,11.6,1.5,1,1.4,2.2,5.6,6.3
22108,2026-05-09,2.8,1019.9,90,12.5,12.2,.7,.5,.7,1.1,4.7,5.6
22108,2026-05-10,4.6,1017.5,89,13.4,12.6,.7,.5,.9,1.4,3.8,4.3
22108,2026-05-11,5.5,1013.6,94,14.2,12.8,1.6,1,1.3,2.5,5.4,5.9
22108,2026-05-12,2.4,1010.2,95,14.4,13.7,.8,.5,.8,1.2,4.8,5.6
22108,2026-05-13,2.1,1010.8,98,13.4,14.4,.5,.3,.4,.6,5.4,7.1
22108,2026-05-14,2.5,1015.3,97,13.8,14.5,.4,.3,.3,.5,6.5,9.1
22108,2026-05-15,2.4,1021.4,92,15.7,15.4,.4,,.3,.5,5.5,8.3
22108,2026-05-16,1.4,1022.4,91,16.4,16,.4,.3,.3,.5,5.1,7.7
22108,2026-05-17,1.5,1020.1,89,17.2,16.9,.4,.2,.3,.5,5.5,7.7
22108,2026-05-18,3.4,1016.3,87,17.5,16.8,.5,,.5,1.1,5.9,7.1
22108,2026-05-19,4.3,1013.3,86,17.4,16.6,1.1,.7,.8,1.4,5.4,6.7
